# https://github.com/mikedh/trimesh
v -0.06399381 -0.06079071 0.05889976
v -0.06380164 -0.06093287 0.05869990
v -0.06398433 -0.06070584 0.05869990
v -0.06340110 -0.06070947 0.05889976
v -0.06341695 -0.06061094 0.05869990
v -0.06355428 -0.06087929 0.05869990
v -0.06399381 -0.06079071 0.05889976
v -0.06398433 -0.06070584 0.05869990
v -0.06398832 -0.06050264 0.05869990
v -0.06399381 -0.06079071 0.05889976
v -0.06366068 -0.06092751 0.05889976
v -0.06380164 -0.06093287 0.05869990
v -0.06366068 -0.06092751 0.05889976
v -0.06340110 -0.06070947 0.05889976
v -0.06355428 -0.06087929 0.05869990
v -0.06366068 -0.06092751 0.05889976
v -0.06355428 -0.06087929 0.05869990
v -0.06380164 -0.06093287 0.05869990
v -0.06380164 -0.06093287 0.05869990
v -0.06355428 -0.06087929 0.05869990
v -0.06398433 -0.06070584 0.05869990
v -0.06379473 -0.06033807 0.05869990
v -0.06341695 -0.06061094 0.05869990
v -0.06353825 -0.06035727 0.05869990
v -0.06357949 -0.06038767 0.05889976
v -0.06379473 -0.06033807 0.05869990
v -0.06398832 -0.06050264 0.05869990
v -0.06393164 -0.06047672 0.05889976
v -0.06357949 -0.06038767 0.05889976
v -0.06398832 -0.06050264 0.05869990
v -0.06357949 -0.06038767 0.05889976
v -0.06341695 -0.06061094 0.05869990
v -0.06379473 -0.06033807 0.05869990
v -0.06393164 -0.06047672 0.05889976
v -0.06398832 -0.06050264 0.05869990
v -0.06398433 -0.06070584 0.05869990
v -0.06357949 -0.06038767 0.05889976
v -0.06347465 -0.06068593 0.05889976
v -0.06341695 -0.06061094 0.05869990
v -0.06373208 -0.06088835 0.05889976
v -0.06373089 -0.06075382 0.05889976
v -0.06392306 -0.06072705 0.05889976
v -0.06347465 -0.06068593 0.05889976
v -0.06366539 -0.06070750 0.05869990
v -0.06356638 -0.06073838 0.05869990
v -0.06354856 -0.06056398 0.05869990
v -0.06379795 -0.06070303 0.05869990
v -0.06378984 -0.06055814 0.05869990
v -0.06392306 -0.06072705 0.05889976
v -0.06379795 -0.06070303 0.05869990
v -0.06378984 -0.06055814 0.05869990
v -0.06347465 -0.06068593 0.05889976
v -0.06354856 -0.06056398 0.05869990
v -0.06356638 -0.06073838 0.05869990
v -0.06347465 -0.06068593 0.05889976
v -0.06357949 -0.06038767 0.05889976
v -0.06354856 -0.06056398 0.05869990
v -0.06373089 -0.06075382 0.05889976
v -0.06347465 -0.06068593 0.05889976
v -0.06356638 -0.06073838 0.05869990
v -0.06373089 -0.06075382 0.05889976
v -0.06356638 -0.06073838 0.05869990
v -0.06379795 -0.06070303 0.05869990
v -0.06366306 -0.06069248 0.05889976
v -0.06354856 -0.06056398 0.05869990
v -0.06378984 -0.06055814 0.05869990
v -0.06366306 -0.06069248 0.05889976
v -0.06378984 -0.06055814 0.05869990
v -0.06366539 -0.06070750 0.05869990
v -0.06366306 -0.06069248 0.05889976
v -0.06366539 -0.06070750 0.05869990
v -0.06354856 -0.06056398 0.05869990
v -0.06354856 -0.06056398 0.05869990
v -0.06393164 -0.06047672 0.05889976
v -0.06378984 -0.06055814 0.05869990
v -0.06357949 -0.06038767 0.05889976
v -0.06393164 -0.06047672 0.05889976
v -0.06354856 -0.06056398 0.05869990
v -0.06393164 -0.06047672 0.05889976
v -0.06392306 -0.06072705 0.05889976
v -0.06378984 -0.06055814 0.05869990
v -0.06392306 -0.06072705 0.05889976
v -0.06373089 -0.06075382 0.05889976
v -0.06379795 -0.06070303 0.05869990
v -0.06373208 -0.06088835 0.05889976
v -0.06392306 -0.06072705 0.05889976
v -0.06398433 -0.06070584 0.05869990
v -0.06392306 -0.06072705 0.05889976
v -0.06393164 -0.06047672 0.05889976
v -0.06398433 -0.06070584 0.05869990
v -0.06373208 -0.06088835 0.05889976
v -0.06398433 -0.06070584 0.05869990
v -0.06355428 -0.06087929 0.05869990
v -0.06347465 -0.06068593 0.05889976
v -0.06355428 -0.06087929 0.05869990
v -0.06341695 -0.06061094 0.05869990
v -0.06347465 -0.06068593 0.05889976
v -0.06373208 -0.06088835 0.05889976
v -0.06355428 -0.06087929 0.05869990
v -0.06359267 -0.06031239 0.05889976
v -0.06353825 -0.06035727 0.05869990
v -0.06341695 -0.06061094 0.05869990
v -0.06359267 -0.06031239 0.05889976
v -0.06379473 -0.06033807 0.05869990
v -0.06353825 -0.06035727 0.05869990
v -0.06394958 -0.06042397 0.05889976
v -0.06399381 -0.06079071 0.05889976
v -0.06398832 -0.06050264 0.05869990
v -0.06340110 -0.06070947 0.05889976
v -0.06359267 -0.06031239 0.05889976
v -0.06341695 -0.06061094 0.05869990
v -0.06394958 -0.06042397 0.05889976
v -0.06398832 -0.06050264 0.05869990
v -0.06379473 -0.06033807 0.05869990
v -0.06359267 -0.06031239 0.05889976
v -0.06394958 -0.06042397 0.05889976
v -0.06379473 -0.06033807 0.05869990
v -0.06359267 -0.06031239 0.05889976
v -0.06337451 -0.06009924 0.05889976
v -0.06391769 -0.06018900 0.05889976
v -0.06399047 -0.05684727 0.05881404
v -0.06633561 -0.05592370 0.05902791
v -0.06645971 -0.05703049 0.05889976
v -0.06401580 -0.05759835 0.05889976
v -0.06399047 -0.05684727 0.05881404
v -0.06645971 -0.05703049 0.05889976
v -0.06415706 -0.05787605 0.05889976
v -0.06401580 -0.05759835 0.05889976
v -0.06645971 -0.05703049 0.05889976
v -0.06284832 -0.05703204 0.05881083
v -0.06633561 -0.05592370 0.05902791
v -0.06399047 -0.05684727 0.05881404
v -0.06353914 -0.05761027 0.05889976
v -0.06348156 -0.05715548 0.05872195
v -0.06383848 -0.05709797 0.05877995
v -0.06353914 -0.05761027 0.05889976
v -0.06383848 -0.05709797 0.05877995
v -0.06401580 -0.05759835 0.05889976
v -0.06457173 -0.06176966 0.05889976
v -0.06444472 -0.05995810 0.05889976
v -0.06353914 -0.05761027 0.05889976
v -0.06307166 -0.05722188 0.05877995
v -0.06334084 -0.05717831 0.05889976
v -0.06399381 -0.06079071 0.05889976
v -0.06307131 -0.05781537 0.05889976
v -0.06307166 -0.05722188 0.05877995
v -0.06353914 -0.05761027 0.05889976
v -0.06374335 -0.05860871 0.05889976
v -0.06365519 -0.05806994 0.05873996
v -0.06415706 -0.05787605 0.05889976
v -0.06431376 -0.05884355 0.05889976
v -0.06374335 -0.05860871 0.05889976
v -0.06340110 -0.06070947 0.05889976
v -0.06387239 -0.05921876 0.05889976
v -0.06438541 -0.05939692 0.05889976
v -0.06055790 -0.05797511 0.05889976
v -0.06035959 -0.05689162 0.05896198
v -0.06633561 -0.05592370 0.05902791
v -0.06284832 -0.05703204 0.05881083
v -0.06315380 -0.05891817 0.05889976
v -0.06314915 -0.05861932 0.05889976
v -0.06364756 -0.06174737 0.05889976
v -0.06366068 -0.06092751 0.05889976
v -0.06307131 -0.05781537 0.05889976
v -0.06353914 -0.05761027 0.05889976
v -0.06318950 -0.05913853 0.05889976
v -0.06330311 -0.05951488 0.05889976
v -0.06353688 -0.05995947 0.05889976
v -0.06418514 -0.05948299 0.05889976
v -0.06423133 -0.05987823 0.05889976
v -0.06350731 -0.05960500 0.05889976
v -0.06055790 -0.05797511 0.05889976
v -0.06035959 -0.05689162 0.05896198
v -0.06284832 -0.05703204 0.05881083
v -0.06394958 -0.06042397 0.05889976
v -0.06055790 -0.05797511 0.05889976
v -0.06284832 -0.05703204 0.05881083
v -0.06307131 -0.05781537 0.05889976
v -0.06391769 -0.06018900 0.05889976
v -0.06373691 -0.06018906 0.05869990
v -0.06356453 -0.05997437 0.05869990
v -0.06391769 -0.06018900 0.05889976
v -0.06356453 -0.05997437 0.05869990
v -0.06353688 -0.05995947 0.05889976
v -0.06352728 -0.05955046 0.05870002
v -0.06347125 -0.05932062 0.05869990
v -0.06424415 -0.05928623 0.05869990
v -0.06428253 -0.05958127 0.05870002
v -0.06449866 -0.05990064 0.05869990
v -0.06409019 -0.05998492 0.05870008
v -0.06330037 -0.06003350 0.05869990
v -0.06373691 -0.06018906 0.05869990
v -0.06356453 -0.05997437 0.05869990
v -0.06391769 -0.06018900 0.05889976
v -0.06409019 -0.05998492 0.05870008
v -0.06449866 -0.05990064 0.05869990
v -0.06330311 -0.05951488 0.05889976
v -0.06347125 -0.05932062 0.05869990
v -0.06330037 -0.06003350 0.05869990
v -0.06444472 -0.05995810 0.05889976
v -0.06391769 -0.06018900 0.05889976
v -0.06449866 -0.05990064 0.05869990
v -0.06337451 -0.06009924 0.05889976
v -0.06330311 -0.05951488 0.05889976
v -0.06330037 -0.06003350 0.05869990
v -0.06438541 -0.05939692 0.05889976
v -0.06444472 -0.05995810 0.05889976
v -0.06449866 -0.05990064 0.05869990
v -0.06438541 -0.05939692 0.05889976
v -0.06449866 -0.05990064 0.05869990
v -0.06424415 -0.05928623 0.05869990
v -0.06337451 -0.06009924 0.05889976
v -0.06330037 -0.06003350 0.05869990
v -0.06373691 -0.06018906 0.05869990
v -0.06391769 -0.06018900 0.05889976
v -0.06337451 -0.06009924 0.05889976
v -0.06373691 -0.06018906 0.05869990
v -0.06387239 -0.05921876 0.05889976
v -0.06438541 -0.05939692 0.05889976
v -0.06424415 -0.05928623 0.05869990
v -0.06387239 -0.05921876 0.05889976
v -0.06424415 -0.05928623 0.05869990
v -0.06347125 -0.05932062 0.05869990
v -0.06330311 -0.05951488 0.05889976
v -0.06387239 -0.05921876 0.05889976
v -0.06347125 -0.05932062 0.05869990
v -0.06409019 -0.05998492 0.05870008
v -0.06391769 -0.06018900 0.05889976
v -0.06423133 -0.05987823 0.05889976
v -0.06418514 -0.05948299 0.05889976
v -0.06350731 -0.05960500 0.05889976
v -0.06352728 -0.05955046 0.05870002
v -0.06418514 -0.05948299 0.05889976
v -0.06352728 -0.05955046 0.05870002
v -0.06428253 -0.05958127 0.05870002
v -0.06423133 -0.05987823 0.05889976
v -0.06418514 -0.05948299 0.05889976
v -0.06428253 -0.05958127 0.05870002
v -0.06353688 -0.05995947 0.05889976
v -0.06356453 -0.05997437 0.05869990
v -0.06352728 -0.05955046 0.05870002
v -0.06350731 -0.05960500 0.05889976
v -0.06353688 -0.05995947 0.05889976
v -0.06352728 -0.05955046 0.05870002
v -0.06423133 -0.05987823 0.05889976
v -0.06428253 -0.05958127 0.05870002
v -0.06409019 -0.05998492 0.05870008
v -0.06332427 -0.05847191 0.05869990
v -0.06316179 -0.05863434 0.05869990
v -0.06307613 -0.05804920 0.05869990
v -0.06375598 -0.05859154 0.05869990
v -0.06358134 -0.05840373 0.05869990
v -0.06365519 -0.05806994 0.05873996
v -0.06375598 -0.05859154 0.05869990
v -0.06415706 -0.05787605 0.05869990
v -0.06365519 -0.05806994 0.05873996
v -0.06307613 -0.05804920 0.05869990
v -0.06358134 -0.05840373 0.05869990
v -0.06322044 -0.05814075 0.05889976
v -0.06332427 -0.05847191 0.05869990
v -0.06307613 -0.05804920 0.05869990
v -0.06322044 -0.05814075 0.05889976
v -0.06333321 -0.05847716 0.05889976
v -0.06332427 -0.05847191 0.05869990
v -0.06358516 -0.05839496 0.05889976
v -0.06365519 -0.05806994 0.05873996
v -0.06358134 -0.05840373 0.05869990
v -0.06333321 -0.05847716 0.05889976
v -0.06358134 -0.05840373 0.05869990
v -0.06332427 -0.05847191 0.05869990
v -0.06333321 -0.05847716 0.05889976
v -0.06358516 -0.05839496 0.05889976
v -0.06358134 -0.05840373 0.05869990
v -0.06322044 -0.05814075 0.05889976
v -0.06365519 -0.05806994 0.05873996
v -0.06358516 -0.05839496 0.05889976
v -0.06333321 -0.05847716 0.05889976
v -0.06322044 -0.05814075 0.05889976
v -0.06358516 -0.05839496 0.05889976
v -0.06365519 -0.05806994 0.05873996
v -0.06322044 -0.05814075 0.05889976
v -0.06307613 -0.05804920 0.05869990
v -0.06307131 -0.05781537 0.05889976
v -0.06415706 -0.05787605 0.05869990
v -0.06307613 -0.05804920 0.05869990
v -0.06307131 -0.05781537 0.05889976
v -0.06415706 -0.05787605 0.05889976
v -0.06415706 -0.05787605 0.05869990
v -0.06415706 -0.05787605 0.05889976
v -0.06365519 -0.05806994 0.05873996
v -0.06415706 -0.05787605 0.05869990
v -0.06314915 -0.05861932 0.05889976
v -0.06307613 -0.05804920 0.05869990
v -0.06316179 -0.05863434 0.05869990
v -0.06314915 -0.05861932 0.05889976
v -0.06307131 -0.05781537 0.05889976
v -0.06307613 -0.05804920 0.05869990
v -0.06374335 -0.05860871 0.05889976
v -0.06316179 -0.05863434 0.05869990
v -0.06375598 -0.05859154 0.05869990
v -0.06374335 -0.05860871 0.05889976
v -0.06314915 -0.05861932 0.05889976
v -0.06316179 -0.05863434 0.05869990
v -0.06365519 -0.05806994 0.05873996
v -0.06374335 -0.05860871 0.05889976
v -0.06375598 -0.05859154 0.05869990
v -0.06422251 -0.05626595 0.03718334
v -0.06843280 -0.06162852 0.03724753
v -0.06728941 -0.05576926 0.03720623
v -0.05937767 -0.05705070 0.03720623
v -0.06036967 -0.06266427 0.03717213
v -0.06422251 -0.05626595 0.03718334
v -0.06422251 -0.05626595 0.03718334
v -0.06036967 -0.06266427 0.03717213
v -0.06843280 -0.06162852 0.03724753
v -0.07371753 -0.05472815 0.05270445
v -0.07337170 -0.05478394 0.05175137
v -0.07450008 -0.05460143 0.05019581
v -0.06842023 -0.05558604 0.05830723
v -0.06633561 -0.05592370 0.05902791
v -0.06811529 -0.05563551 0.05771625
v -0.05561631 -0.05765986 0.04051363
v -0.05359929 -0.05798631 0.04203677
v -0.05521756 -0.05772423 0.03992509
v -0.05807173 -0.05726224 0.03854870
v -0.07216334 -0.05497986 0.05407476
v -0.05727207 -0.05739170 0.03824836
v -0.05424124 -0.05788236 0.04233634
v -0.07239335 -0.05494236 0.05496805
v -0.07059633 -0.05523341 0.05686897
v -0.07072359 -0.05521309 0.05581766
v -0.06035959 -0.05689162 0.05896198
v -0.06471955 -0.05618548 0.05874747
v -0.06181645 -0.05665570 0.05871433
v -0.05326330 -0.05804073 0.04438138
v -0.05228775 -0.05819875 0.04511255
v -0.05937767 -0.05705070 0.03720623
v -0.06100147 -0.05678761 0.03743684
v -0.05274796 -0.05812448 0.04661542
v -0.06422251 -0.05626595 0.03718334
v -0.05196762 -0.05825084 0.04865097
v -0.05270069 -0.05813211 0.04920876
v -0.05248743 -0.05816668 0.05147272
v -0.05342721 -0.05801445 0.05205643
v -0.06728941 -0.05576926 0.03720623
v -0.06704288 -0.05580914 0.03786104
v -0.05354768 -0.05799496 0.05387485
v -0.06939494 -0.05542802 0.03824836
v -0.06905794 -0.05548286 0.03886032
v -0.05503672 -0.05775380 0.05487221
v -0.05511868 -0.05774039 0.05597060
v -0.07144963 -0.05509549 0.03992515
v -0.07105058 -0.05516010 0.04051357
v -0.05752968 -0.05734992 0.05709326
v -0.05711805 -0.05741637 0.05765134
v -0.07306760 -0.05483341 0.04203677
v -0.07242566 -0.05493736 0.04233604
v -0.07351917 -0.05476003 0.04468137
v -0.05922526 -0.05707538 0.05873721
v -0.05962425 -0.05701071 0.05813843
v -0.07416194 -0.05465590 0.04446887
v -0.07469862 -0.05456924 0.04732298
v -0.07404845 -0.05467450 0.04822599
v -0.07450008 -0.05460143 0.05019581
v -0.07469862 -0.05456924 0.04732298
v -0.07562983 -0.06049638 0.04899466
v -0.07450008 -0.05460143 0.05019581
v -0.07562983 -0.06049638 0.04899466
v -0.07506960 -0.06058710 0.05168884
v -0.07371753 -0.05472815 0.05270445
v -0.07450008 -0.05460143 0.05019581
v -0.07506960 -0.06058710 0.05168884
v -0.07371753 -0.05472815 0.05270445
v -0.07506960 -0.06058710 0.05168884
v -0.07394832 -0.06076896 0.05409288
v -0.07239335 -0.05494236 0.05496805
v -0.07371753 -0.05472815 0.05270445
v -0.07394832 -0.06076896 0.05409288
v -0.07239335 -0.05494236 0.05496805
v -0.07394832 -0.06076896 0.05409288
v -0.07231342 -0.06103348 0.05617201
v -0.07059633 -0.05523341 0.05686897
v -0.07239335 -0.05494236 0.05496805
v -0.07231342 -0.06103348 0.05617201
v -0.07059633 -0.05523341 0.05686897
v -0.07231342 -0.06103348 0.05617201
v -0.07025188 -0.06136763 0.05781602
v -0.06842023 -0.05558604 0.05830723
v -0.07059633 -0.05523341 0.05686897
v -0.07025188 -0.06136763 0.05781602
v -0.06842023 -0.05558604 0.05830723
v -0.07025188 -0.06136763 0.05781602
v -0.06809151 -0.06171751 0.05885440
v -0.06633561 -0.05592370 0.05902791
v -0.06842023 -0.05558604 0.05830723
v -0.06809151 -0.06171751 0.05885440
v -0.06645911 -0.05703979 0.05912137
v -0.06633561 -0.05592370 0.05902791
v -0.06809151 -0.06171751 0.05885440
v -0.06645911 -0.05703979 0.05912137
v -0.06809151 -0.06171751 0.05885440
v -0.06552594 -0.06213313 0.05947309
v -0.06469118 -0.06161689 0.05949378
v -0.06645911 -0.05703979 0.05912137
v -0.06552594 -0.06213313 0.05947309
v -0.06400585 -0.06186825 0.05949938
v -0.06469118 -0.06161689 0.05949378
v -0.06552594 -0.06213313 0.05947309
v -0.06240636 -0.06263840 0.05938541
v -0.06400585 -0.06186825 0.05949938
v -0.06552594 -0.06213313 0.05947309
v -0.06345623 -0.06155705 0.05951488
v -0.06400585 -0.06186825 0.05949938
v -0.06240636 -0.06263840 0.05938541
v -0.06055957 -0.05797421 0.05910491
v -0.06345623 -0.06155705 0.05951488
v -0.06240636 -0.06263840 0.05938541
v -0.05922526 -0.05707538 0.05873721
v -0.06240636 -0.06263840 0.05938541
v -0.05949085 -0.06311053 0.05844694
v -0.05922526 -0.05707538 0.05873721
v -0.06035959 -0.05689162 0.05896198
v -0.06055957 -0.05797421 0.05910491
v -0.06055957 -0.05797421 0.05910491
v -0.05711805 -0.05741637 0.05765134
v -0.05922526 -0.05707538 0.05873721
v -0.05949085 -0.06311053 0.05844694
v -0.05711805 -0.05741637 0.05765134
v -0.05949085 -0.06311053 0.05844694
v -0.05725610 -0.06347250 0.05705446
v -0.05511868 -0.05774039 0.05597060
v -0.05711805 -0.05741637 0.05765134
v -0.05725610 -0.06347250 0.05705446
v -0.05511868 -0.05774039 0.05597060
v -0.05725610 -0.06347250 0.05705446
v -0.05539542 -0.06377387 0.05518031
v -0.05354768 -0.05799496 0.05387485
v -0.05511868 -0.05774039 0.05597060
v -0.05539542 -0.06377387 0.05518031
v -0.05354768 -0.05799496 0.05387485
v -0.05539542 -0.06377387 0.05518031
v -0.05400782 -0.06399857 0.05292356
v -0.05248743 -0.05816668 0.05147272
v -0.05354768 -0.05799496 0.05387485
v -0.05400782 -0.06399857 0.05292356
v -0.05248743 -0.05816668 0.05147272
v -0.05400782 -0.06399857 0.05292356
v -0.05299782 -0.06416219 0.04965990
v -0.05196762 -0.05825084 0.04865097
v -0.05248743 -0.05816668 0.05147272
v -0.05299782 -0.06416219 0.04965990
v -0.05250442 -0.05634021 0.04614281
v -0.05243659 -0.05635148 0.04940402
v -0.05270069 -0.05813211 0.04920876
v -0.05274796 -0.05812448 0.04661542
v -0.05250442 -0.05634021 0.04614281
v -0.05274796 -0.05812448 0.04661542
v -0.05326330 -0.05804073 0.04438138
v -0.05339950 -0.05619525 0.04334503
v -0.05250442 -0.05634021 0.04614281
v -0.05326330 -0.05804073 0.04438138
v -0.05339950 -0.05619525 0.04334503
v -0.05326330 -0.05804073 0.04438138
v -0.05424124 -0.05788236 0.04233634
v -0.05497318 -0.05594038 0.04088640
v -0.05339950 -0.05619525 0.04334503
v -0.05424124 -0.05788236 0.04233634
v -0.05497318 -0.05594038 0.04088640
v -0.05424124 -0.05788236 0.04233634
v -0.05561631 -0.05765986 0.04051363
v -0.05777776 -0.05548638 0.03853774
v -0.05561631 -0.05765986 0.04051363
v -0.05807173 -0.05726224 0.03854870
v -0.05777776 -0.05548638 0.03853774
v -0.05497318 -0.05594038 0.04088640
v -0.05561631 -0.05765986 0.04051363
v -0.05777776 -0.05548638 0.03853774
v -0.05807173 -0.05726224 0.03854870
v -0.06100147 -0.05678761 0.03743684
v -0.06089282 -0.05498158 0.03739792
v -0.05777776 -0.05548638 0.03853774
v -0.06100147 -0.05678761 0.03743684
v -0.06089282 -0.05498158 0.03739792
v -0.06100147 -0.05678761 0.03743684
v -0.06422251 -0.05626595 0.03718334
v -0.06378877 -0.05451256 0.03718709
v -0.06089282 -0.05498158 0.03739792
v -0.06422251 -0.05626595 0.03718334
v -0.06661760 -0.05405437 0.03779858
v -0.06378877 -0.05451256 0.03718709
v -0.06422251 -0.05626595 0.03718334
v -0.06661760 -0.05405437 0.03779858
v -0.06422251 -0.05626595 0.03718334
v -0.06704288 -0.05580914 0.03786104
v -0.06661760 -0.05405437 0.03779858
v -0.06704288 -0.05580914 0.03786104
v -0.06905794 -0.05548286 0.03886032
v -0.06863659 -0.05372738 0.03878933
v -0.07067972 -0.05339670 0.04040563
v -0.06905794 -0.05548286 0.03886032
v -0.07105058 -0.05516010 0.04051357
v -0.07067972 -0.05339670 0.04040563
v -0.06863659 -0.05372738 0.03878933
v -0.06905794 -0.05548286 0.03886032
v -0.07067972 -0.05339670 0.04040563
v -0.07105058 -0.05516010 0.04051357
v -0.07242566 -0.05493736 0.04233604
v -0.07256436 -0.05309122 0.04305011
v -0.07067972 -0.05339670 0.04040563
v -0.07242566 -0.05493736 0.04233604
v -0.07256436 -0.05309122 0.04305011
v -0.07242566 -0.05493736 0.04233604
v -0.07351917 -0.05476003 0.04468137
v -0.07358700 -0.05292582 0.04614311
v -0.07256436 -0.05309122 0.04305011
v -0.07351917 -0.05476003 0.04468137
v -0.07358700 -0.05292582 0.04614311
v -0.07351917 -0.05476003 0.04468137
v -0.07404845 -0.05467450 0.04822599
v -0.07367813 -0.05291110 0.04907155
v -0.07358700 -0.05292582 0.04614311
v -0.07404845 -0.05467450 0.04822599
v -0.07367813 -0.05291110 0.04907155
v -0.07404845 -0.05467450 0.04822599
v -0.07337170 -0.05478394 0.05175137
v -0.07321178 -0.05298662 0.05129462
v -0.07367813 -0.05291110 0.04907155
v -0.07337170 -0.05478394 0.05175137
v -0.07230716 -0.05313313 0.05339789
v -0.07321178 -0.05298662 0.05129462
v -0.07337170 -0.05478394 0.05175137
v -0.07230716 -0.05313313 0.05339789
v -0.07337170 -0.05478394 0.05175137
v -0.07216334 -0.05497986 0.05407476
v -0.07098132 -0.05334764 0.05523103
v -0.07216334 -0.05497986 0.05407476
v -0.07072359 -0.05521309 0.05581766
v -0.07098132 -0.05334764 0.05523103
v -0.07230716 -0.05313313 0.05339789
v -0.07216334 -0.05497986 0.05407476
v -0.06930434 -0.05361944 0.05677258
v -0.07098132 -0.05334764 0.05523103
v -0.07072359 -0.05521309 0.05581766
v -0.06930434 -0.05361944 0.05677258
v -0.07072359 -0.05521309 0.05581766
v -0.06811529 -0.05563551 0.05771625
v -0.06674891 -0.05403316 0.05816864
v -0.06930434 -0.05361944 0.05677258
v -0.06811529 -0.05563551 0.05771625
v -0.06674891 -0.05403316 0.05816864
v -0.06811529 -0.05563551 0.05771625
v -0.06471955 -0.05618548 0.05874747
v -0.06392168 -0.05449128 0.05878764
v -0.06674891 -0.05403316 0.05816864
v -0.06471955 -0.05618548 0.05874747
v -0.06392168 -0.05449128 0.05878764
v -0.06471955 -0.05618548 0.05874747
v -0.06181645 -0.05665570 0.05871433
v -0.06167912 -0.05485451 0.05872339
v -0.06392168 -0.05449128 0.05878764
v -0.06181645 -0.05665570 0.05871433
v -0.05947399 -0.05521166 0.05820137
v -0.06167912 -0.05485451 0.05872339
v -0.06181645 -0.05665570 0.05871433
v -0.05947399 -0.05521166 0.05820137
v -0.06181645 -0.05665570 0.05871433
v -0.05962425 -0.05701071 0.05813843
v -0.05947399 -0.05521166 0.05820137
v -0.05962425 -0.05701071 0.05813843
v -0.05752968 -0.05734992 0.05709326
v -0.05669748 -0.05566132 0.05673938
v -0.05947399 -0.05521166 0.05820137
v -0.05752968 -0.05734992 0.05709326
v -0.05669748 -0.05566132 0.05673938
v -0.05752968 -0.05734992 0.05709326
v -0.05503672 -0.05775380 0.05487221
v -0.05449420 -0.05601817 0.05448943
v -0.05669748 -0.05566132 0.05673938
v -0.05503672 -0.05775380 0.05487221
v -0.05320966 -0.05622625 0.05222737
v -0.05503672 -0.05775380 0.05487221
v -0.05342721 -0.05801445 0.05205643
v -0.05320966 -0.05622625 0.05222737
v -0.05449420 -0.05601817 0.05448943
v -0.05503672 -0.05775380 0.05487221
v -0.05243659 -0.05635148 0.04940402
v -0.05320966 -0.05622625 0.05222737
v -0.05342721 -0.05801445 0.05205643
v -0.05243659 -0.05635148 0.04940402
v -0.05342721 -0.05801445 0.05205643
v -0.05270069 -0.05813211 0.04920876
v -0.06240636 -0.06263840 0.05938541
v -0.06567233 -0.06210935 0.05846428
v -0.06216108 -0.06267803 0.05831563
v -0.06552594 -0.06213313 0.05947309
v -0.05299782 -0.06416219 0.04965990
v -0.05408442 -0.06398618 0.05003201
v -0.05393040 -0.06401115 0.04743367
v -0.07098823 -0.06124836 0.03993332
v -0.07315939 -0.06089675 0.04078054
v -0.07127767 -0.06120151 0.03890419
v -0.07290267 -0.06093806 0.04211026
v -0.07456350 -0.06066930 0.04304558
v -0.06825929 -0.06169039 0.03825676
v -0.06825929 -0.06169039 0.03825676
v -0.07127767 -0.06120151 0.03890419
v -0.06843280 -0.06162852 0.03724753
v -0.05949085 -0.06311053 0.05844694
v -0.05889153 -0.06320762 0.05702883
v -0.05400782 -0.06399857 0.05292356
v -0.05503386 -0.06383246 0.05277293
v -0.07394039 -0.06077027 0.04412662
v -0.06825929 -0.06169039 0.03825676
v -0.06843280 -0.06162852 0.03724753
v -0.06714910 -0.06186997 0.03684502
v -0.07549220 -0.06051892 0.04589802
v -0.05725610 -0.06347250 0.05705446
v -0.05539542 -0.06377387 0.05518031
v -0.07454460 -0.06067240 0.04629480
v -0.05646276 -0.06360101 0.05491662
v -0.06580561 -0.06208777 0.03759950
v -0.06714910 -0.06186997 0.03684502
v -0.06429290 -0.06233263 0.03646636
v -0.06323713 -0.06250381 0.03751516
v -0.07464545 -0.06065607 0.04887950
v -0.07562983 -0.06049638 0.04899466
v -0.06143659 -0.06279546 0.03684502
v -0.07506960 -0.06058710 0.05168884
v -0.07392859 -0.06077218 0.05202198
v -0.06045550 -0.06295430 0.03821969
v -0.05809772 -0.06333619 0.03827106
v -0.07394832 -0.06076896 0.05409288
v -0.05821669 -0.06331694 0.03946340
v -0.07204580 -0.06107687 0.05502778
v -0.07231342 -0.06103348 0.05617201
v -0.05634456 -0.06362015 0.04122269
v -0.05542618 -0.06376886 0.04078060
v -0.06931078 -0.06152004 0.05725306
v -0.07025188 -0.06136763 0.05781602
v -0.05511260 -0.06381970 0.04309797
v -0.05402225 -0.06399631 0.04304558
v -0.06809151 -0.06171751 0.05885440
v -0.05427587 -0.06395518 0.04520791
v -0.05309355 -0.06414669 0.04589802
v -0.05427587 -0.06395518 0.04520791
v -0.05414527 -0.06559717 0.04790240
v -0.05458158 -0.06552654 0.04503124
v -0.05427587 -0.06395518 0.04520791
v -0.05393040 -0.06401115 0.04743367
v -0.05414527 -0.06559717 0.04790240
v -0.05511260 -0.06381970 0.04309797
v -0.05458158 -0.06552654 0.04503124
v -0.05544412 -0.06538683 0.04295516
v -0.05511260 -0.06381970 0.04309797
v -0.05427587 -0.06395518 0.04520791
v -0.05458158 -0.06552654 0.04503124
v -0.05634456 -0.06362015 0.04122269
v -0.05544412 -0.06538683 0.04295516
v -0.05671834 -0.06518042 0.04108291
v -0.05634456 -0.06362015 0.04122269
v -0.05511260 -0.06381970 0.04309797
v -0.05544412 -0.06538683 0.04295516
v -0.05821669 -0.06331694 0.03946340
v -0.05671834 -0.06518042 0.04108291
v -0.05835872 -0.06491476 0.03956174
v -0.05821669 -0.06331694 0.03946340
v -0.05634456 -0.06362015 0.04122269
v -0.05671834 -0.06518042 0.04108291
v -0.05821669 -0.06331694 0.03946340
v -0.05835872 -0.06491476 0.03956174
v -0.06058228 -0.06455463 0.03825676
v -0.06045550 -0.06295430 0.03821969
v -0.05821669 -0.06331694 0.03946340
v -0.06058228 -0.06455463 0.03825676
v -0.06323713 -0.06250381 0.03751516
v -0.06058228 -0.06455463 0.03825676
v -0.06303596 -0.06415724 0.03759950
v -0.06323713 -0.06250381 0.03751516
v -0.06045550 -0.06295430 0.03821969
v -0.06058228 -0.06455463 0.03825676
v -0.06323713 -0.06250381 0.03751516
v -0.06303596 -0.06415724 0.03759950
v -0.06560444 -0.06374120 0.03751516
v -0.06580561 -0.06208777 0.03759950
v -0.06323713 -0.06250381 0.03751516
v -0.06560444 -0.06374120 0.03751516
v -0.06825929 -0.06169039 0.03825676
v -0.06580561 -0.06208777 0.03759950
v -0.06560444 -0.06374120 0.03751516
v -0.06825929 -0.06169039 0.03825676
v -0.06560444 -0.06374120 0.03751516
v -0.06838607 -0.06329071 0.03821969
v -0.06825929 -0.06169039 0.03825676
v -0.06838607 -0.06329071 0.03821969
v -0.07062494 -0.06292808 0.03946346
v -0.07098823 -0.06124836 0.03993332
v -0.06825929 -0.06169039 0.03825676
v -0.07062494 -0.06292808 0.03946346
v -0.07098823 -0.06124836 0.03993332
v -0.07062494 -0.06292808 0.03946346
v -0.07292497 -0.06255555 0.04171848
v -0.07290267 -0.06093806 0.04211026
v -0.07098823 -0.06124836 0.03993332
v -0.07292497 -0.06255555 0.04171848
v -0.07394039 -0.06077027 0.04412662
v -0.07292497 -0.06255555 0.04171848
v -0.07449150 -0.06230181 0.04489803
v -0.07394039 -0.06077027 0.04412662
v -0.07290267 -0.06093806 0.04211026
v -0.07292497 -0.06255555 0.04171848
v -0.07454460 -0.06067240 0.04629480
v -0.07394039 -0.06077027 0.04412662
v -0.07449150 -0.06230181 0.04489803
v -0.07454460 -0.06067240 0.04629480
v -0.07449150 -0.06230181 0.04489803
v -0.07491111 -0.06223380 0.04743373
v -0.07464545 -0.06065607 0.04887950
v -0.07454460 -0.06067240 0.04629480
v -0.07491111 -0.06223380 0.04743373
v -0.07464545 -0.06065607 0.04887950
v -0.07491111 -0.06223380 0.04743373
v -0.07470726 -0.06226664 0.05035704
v -0.07392859 -0.06077218 0.05202198
v -0.07464545 -0.06065607 0.04887950
v -0.07470726 -0.06226664 0.05035704
v -0.07392859 -0.06077218 0.05202198
v -0.07470726 -0.06226664 0.05035704
v -0.07350003 -0.06246227 0.05334132
v -0.07204580 -0.06107687 0.05502778
v -0.07392859 -0.06077218 0.05202198
v -0.07350003 -0.06246227 0.05334132
v -0.07204580 -0.06107687 0.05502778
v -0.07350003 -0.06246227 0.05334132
v -0.07216370 -0.06267887 0.05514180
v -0.07204580 -0.06107687 0.05502778
v -0.07216370 -0.06267887 0.05514180
v -0.06995004 -0.06303739 0.05702877
v -0.06931078 -0.06152004 0.05725306
v -0.07204580 -0.06107687 0.05502778
v -0.06995004 -0.06303739 0.05702877
v -0.06931078 -0.06152004 0.05725306
v -0.06995004 -0.06303739 0.05702877
v -0.06668019 -0.06356698 0.05831563
v -0.06567233 -0.06210935 0.05846428
v -0.06931078 -0.06152004 0.05725306
v -0.06668019 -0.06356698 0.05831563
v -0.06567233 -0.06210935 0.05846428
v -0.06668019 -0.06356698 0.05831563
v -0.06349289 -0.06408321 0.05848479
v -0.06216108 -0.06267803 0.05831563
v -0.06567233 -0.06210935 0.05846428
v -0.06349289 -0.06408321 0.05848479
v -0.06216108 -0.06267803 0.05831563
v -0.06349289 -0.06408321 0.05848479
v -0.06040471 -0.06458336 0.05766689
v -0.05889153 -0.06320762 0.05702883
v -0.06216108 -0.06267803 0.05831563
v -0.06040471 -0.06458336 0.05766689
v -0.05889153 -0.06320762 0.05702883
v -0.06040471 -0.06458336 0.05766689
v -0.05745416 -0.06506127 0.05573374
v -0.05646276 -0.06360101 0.05491662
v -0.05889153 -0.06320762 0.05702883
v -0.05745416 -0.06506127 0.05573374
v -0.05646276 -0.06360101 0.05491662
v -0.05745416 -0.06506127 0.05573374
v -0.05568367 -0.06534802 0.05346488
v -0.05503386 -0.06383246 0.05277293
v -0.05646276 -0.06360101 0.05491662
v -0.05568367 -0.06534802 0.05346488
v -0.05503386 -0.06383246 0.05277293
v -0.05568367 -0.06534802 0.05346488
v -0.05460590 -0.06552261 0.05110198
v -0.05408442 -0.06398618 0.05003201
v -0.05503386 -0.06383246 0.05277293
v -0.05460590 -0.06552261 0.05110198
v -0.05408442 -0.06398618 0.05003201
v -0.05460590 -0.06552261 0.05110198
v -0.05414527 -0.06559717 0.04790240
v -0.05393040 -0.06401115 0.04743367
v -0.05408442 -0.06398618 0.05003201
v -0.05414527 -0.06559717 0.04790240
v -0.06843280 -0.06162852 0.03724753
v -0.06036967 -0.06266427 0.03717213
v -0.06664443 -0.06164801 0.03673505
v -0.06664443 -0.06164801 0.03673505
v -0.06036967 -0.06266427 0.03717213
v -0.06358039 -0.06214416 0.03647536
v -0.07581728 -0.06208688 0.04957610
v -0.07470726 -0.06226664 0.05035704
v -0.07491111 -0.06223380 0.04743373
v -0.07584959 -0.06208187 0.04656016
v -0.06398588 -0.06400334 0.05952399
v -0.06349289 -0.06408321 0.05848479
v -0.06668019 -0.06356698 0.05831563
v -0.06792694 -0.06336504 0.05905956
v -0.05835872 -0.06491476 0.03956174
v -0.05671834 -0.06518042 0.04108291
v -0.05616432 -0.06527018 0.04013288
v -0.07504612 -0.06221199 0.05247724
v -0.05934792 -0.06475454 0.03773432
v -0.05544412 -0.06538683 0.04295516
v -0.05377393 -0.06565731 0.04414039
v -0.06058228 -0.06455463 0.03825676
v -0.06995004 -0.06303739 0.05702877
v -0.07350003 -0.06246227 0.05334132
v -0.05458158 -0.06552654 0.04503124
v -0.06311762 -0.06414401 0.03651392
v -0.07142990 -0.06279772 0.05719453
v -0.07352972 -0.06245762 0.05507236
v -0.07216370 -0.06267887 0.05514180
v -0.06303596 -0.06415724 0.03759950
v -0.05414527 -0.06559717 0.04790240
v -0.05314946 -0.06575846 0.04844003
v -0.06560444 -0.06374120 0.03751516
v -0.06707847 -0.06350249 0.03674978
v -0.05460590 -0.06552261 0.05110198
v -0.05378019 -0.06565630 0.05171453
v -0.06838607 -0.06329071 0.03821969
v -0.06957489 -0.06309819 0.03767472
v -0.05491632 -0.06547230 0.05413007
v -0.05568367 -0.06534802 0.05346488
v -0.07062494 -0.06292808 0.03946346
v -0.07179349 -0.06273883 0.03909665
v -0.05745416 -0.06506127 0.05573374
v -0.05728352 -0.06508892 0.05693662
v -0.07292497 -0.06255555 0.04171848
v -0.07400977 -0.06237959 0.04157561
v -0.06040471 -0.06458336 0.05766689
v -0.06074661 -0.06452798 0.05887651
v -0.07449150 -0.06230181 0.04489803
v -0.07519912 -0.06218719 0.04398369
v -0.05596989 -0.07816720 0.04856830
v -0.05720371 -0.07796728 0.04853874
v -0.05607897 -0.07814949 0.04628783
v -0.06585752 -0.07656574 0.05873769
v -0.06808930 -0.07620429 0.05866456
v -0.06634289 -0.07648712 0.05821621
v -0.06576204 -0.07658118 0.05748963
v -0.07395946 -0.07525348 0.04203736
v -0.07453376 -0.07516050 0.04086107
v -0.07262617 -0.07546949 0.03912532
v -0.06331861 -0.07697695 0.05827051
v -0.06303656 -0.07702261 0.05685782
v -0.07112640 -0.07571238 0.03962719
v -0.07621359 -0.07488840 0.04336041
v -0.05654937 -0.07807332 0.05174267
v -0.05754786 -0.07791155 0.05064785
v -0.06983971 -0.07592076 0.03772938
v -0.07574796 -0.07496380 0.04566442
v -0.06778466 -0.07625359 0.03852826
v -0.05851668 -0.07775467 0.05289924
v -0.06072843 -0.07739645 0.05699712
v -0.07710677 -0.07474374 0.04647016
v -0.06022876 -0.07747739 0.05504328
v -0.06730085 -0.07633197 0.03726226
v -0.05854386 -0.07775032 0.05508059
v -0.07592791 -0.07493472 0.04900950
v -0.07716226 -0.07473474 0.04906678
v -0.06506901 -0.07669347 0.03733497
v -0.06478124 -0.07674008 0.03864753
v -0.07628363 -0.07487708 0.05253773
v -0.07526117 -0.07504266 0.05169320
v -0.06288689 -0.07704687 0.03790807
v -0.06168162 -0.07724201 0.03981620
v -0.06060910 -0.07741582 0.03906565
v -0.07421630 -0.07521194 0.05352061
v -0.07426053 -0.07520473 0.05545163
v -0.07279336 -0.07544237 0.05516690
v -0.05825573 -0.07779699 0.04126960
v -0.05908787 -0.07766216 0.04222130
v -0.07227700 -0.07552599 0.05709701
v -0.07050186 -0.07581353 0.05665546
v -0.05678856 -0.07803457 0.04379189
v -0.05745875 -0.07792603 0.04547685
v -0.07027143 -0.07585084 0.05809164
v -0.06737041 -0.07632070 0.05753660
v -0.06714630 -0.07635700 0.05798733
v -0.06436133 -0.06789338 0.05748260
v -0.06576204 -0.07658118 0.05748963
v -0.06467831 -0.06784206 0.05803865
v -0.06576204 -0.07658118 0.05748963
v -0.06634289 -0.07648712 0.05821621
v -0.06467831 -0.06784206 0.05803865
v -0.06467831 -0.06784206 0.05803865
v -0.06634289 -0.07648712 0.05821621
v -0.06531983 -0.06773817 0.05822122
v -0.06634289 -0.07648712 0.05821621
v -0.06714630 -0.07635700 0.05798733
v -0.06531983 -0.06773817 0.05822122
v -0.06531983 -0.06773817 0.05822122
v -0.06714630 -0.07635700 0.05798733
v -0.06599402 -0.06762897 0.05755949
v -0.06714630 -0.07635700 0.05798733
v -0.06737041 -0.07632070 0.05753660
v -0.06599402 -0.06762897 0.05755949
v -0.06238389 -0.06821370 0.05709546
v -0.06576204 -0.07658118 0.05748963
v -0.06436133 -0.06789338 0.05748260
v -0.06303656 -0.07702261 0.05685782
v -0.06576204 -0.07658118 0.05748963
v -0.06238389 -0.06821370 0.05709546
v -0.05578207 -0.06928288 0.04807966
v -0.05720371 -0.07796728 0.04853874
v -0.05602955 -0.06924277 0.05022138
v -0.05720371 -0.07796728 0.04853874
v -0.05754786 -0.07791155 0.05064785
v -0.05602955 -0.06924277 0.05022138
v -0.05602955 -0.06924277 0.05022138
v -0.05754786 -0.07791155 0.05064785
v -0.05703276 -0.06908035 0.05279636
v -0.05754786 -0.07791155 0.05064785
v -0.05851668 -0.07775467 0.05289924
v -0.05703276 -0.06908035 0.05279636
v -0.05703276 -0.06908035 0.05279636
v -0.06022876 -0.07747739 0.05504328
v -0.05852150 -0.06883919 0.05471581
v -0.05851668 -0.07775467 0.05289924
v -0.06022876 -0.07747739 0.05504328
v -0.05703276 -0.06908035 0.05279636
v -0.05852150 -0.06883919 0.05471581
v -0.06022876 -0.07747739 0.05504328
v -0.06018084 -0.06857049 0.05607110
v -0.06022876 -0.07747739 0.05504328
v -0.06303656 -0.07702261 0.05685782
v -0.06018084 -0.06857049 0.05607110
v -0.06018084 -0.06857049 0.05607110
v -0.06303656 -0.07702261 0.05685782
v -0.06238389 -0.06821370 0.05709546
v -0.07657617 -0.07310754 0.05080395
v -0.07691663 -0.07305240 0.04856836
v -0.07716226 -0.07473474 0.04906678
v -0.07657617 -0.07310754 0.05080395
v -0.07716226 -0.07473474 0.04906678
v -0.07628363 -0.07487708 0.05253773
v -0.07547098 -0.07328653 0.05349731
v -0.07657617 -0.07310754 0.05080395
v -0.07628363 -0.07487708 0.05253773
v -0.07547098 -0.07328653 0.05349731
v -0.07628363 -0.07487708 0.05253773
v -0.07426053 -0.07520473 0.05545163
v -0.07344156 -0.07361525 0.05600988
v -0.07547098 -0.07328653 0.05349731
v -0.07426053 -0.07520473 0.05545163
v -0.07344156 -0.07361525 0.05600988
v -0.07426053 -0.07520473 0.05545163
v -0.07227700 -0.07552599 0.05709701
v -0.07019281 -0.07414144 0.05808699
v -0.07344156 -0.07361525 0.05600988
v -0.07227700 -0.07552599 0.05709701
v -0.07019281 -0.07414144 0.05808699
v -0.07227700 -0.07552599 0.05709701
v -0.07027143 -0.07585084 0.05809164
v -0.07019281 -0.07414144 0.05808699
v -0.07027143 -0.07585084 0.05809164
v -0.06808930 -0.07620429 0.05866456
v -0.06608515 -0.07480674 0.05880421
v -0.07019281 -0.07414144 0.05808699
v -0.06808930 -0.07620429 0.05866456
v -0.06608515 -0.07480674 0.05880421
v -0.06808930 -0.07620429 0.05866456
v -0.06585752 -0.07656574 0.05873769
v -0.06608515 -0.07480674 0.05880421
v -0.06585752 -0.07656574 0.05873769
v -0.06331861 -0.07697695 0.05827051
v -0.06292426 -0.07531869 0.05821406
v -0.06060940 -0.07569360 0.05709701
v -0.06331861 -0.07697695 0.05827051
v -0.06072843 -0.07739645 0.05699712
v -0.06060940 -0.07569360 0.05709701
v -0.06292426 -0.07531869 0.05821406
v -0.06331861 -0.07697695 0.05827051
v -0.05862575 -0.07601481 0.05545163
v -0.06072843 -0.07739645 0.05699712
v -0.05854386 -0.07775032 0.05508059
v -0.05862575 -0.07601481 0.05545163
v -0.06060940 -0.07569360 0.05709701
v -0.06072843 -0.07739645 0.05699712
v -0.05676043 -0.07631701 0.05282127
v -0.05862575 -0.07601481 0.05545163
v -0.05854386 -0.07775032 0.05508059
v -0.05676043 -0.07631701 0.05282127
v -0.05854386 -0.07775032 0.05508059
v -0.05654937 -0.07807332 0.05174267
v -0.05578887 -0.07647436 0.04962164
v -0.05676043 -0.07631701 0.05282127
v -0.05654937 -0.07807332 0.05174267
v -0.05578887 -0.07647436 0.04962164
v -0.05654937 -0.07807332 0.05174267
v -0.05596989 -0.07816720 0.04856830
v -0.05571949 -0.07648557 0.04702532
v -0.05578887 -0.07647436 0.04962164
v -0.05596989 -0.07816720 0.04856830
v -0.07526117 -0.07504266 0.05169320
v -0.07592791 -0.07493472 0.04900950
v -0.07454109 -0.06624460 0.04923588
v -0.06599402 -0.06762897 0.05755949
v -0.07050186 -0.07581353 0.05665546
v -0.06925070 -0.06710147 0.05658113
v -0.06737041 -0.07632070 0.05753660
v -0.07050186 -0.07581353 0.05665546
v -0.06599402 -0.06762897 0.05755949
v -0.06925070 -0.06710147 0.05658113
v -0.07279336 -0.07544237 0.05516690
v -0.07103216 -0.06681299 0.05543315
v -0.07050186 -0.07581353 0.05665546
v -0.07103216 -0.06681299 0.05543315
v -0.07279336 -0.07544237 0.05516690
v -0.07254391 -0.06656807 0.05391103
v -0.07279336 -0.07544237 0.05516690
v -0.07421630 -0.07521194 0.05352061
v -0.07254391 -0.06656807 0.05391103
v -0.07421630 -0.07521194 0.05352061
v -0.07526117 -0.07504266 0.05169320
v -0.07254391 -0.06656807 0.05391103
v -0.07254391 -0.06656807 0.05391103
v -0.07526117 -0.07504266 0.05169320
v -0.07365041 -0.06638890 0.05208969
v -0.07365041 -0.06638890 0.05208969
v -0.07526117 -0.07504266 0.05169320
v -0.07454109 -0.06624460 0.04923588
v -0.05570322 -0.07648819 0.05234724
v -0.05676043 -0.07631701 0.05282127
v -0.05578887 -0.07647436 0.04962164
v -0.07286131 -0.07370924 0.03952533
v -0.07489466 -0.07337987 0.04159873
v -0.07468301 -0.07341414 0.04012376
v -0.06202596 -0.07546412 0.05867630
v -0.06292426 -0.07531869 0.05821406
v -0.06060940 -0.07569360 0.05709701
v -0.05971384 -0.07583862 0.05739045
v -0.07178181 -0.07388406 0.03789848
v -0.07694411 -0.07304793 0.04382193
v -0.05775600 -0.07615572 0.05559957
v -0.05862575 -0.07601481 0.05545163
v -0.07058990 -0.07407712 0.03812181
v -0.07696843 -0.07304400 0.05195093
v -0.07691663 -0.07305240 0.04856836
v -0.07684403 -0.07306414 0.04662179
v -0.05564934 -0.07649695 0.04399871
v -0.05571949 -0.07648557 0.04702532
v -0.07633095 -0.07314723 0.04439830
v -0.06902724 -0.07433021 0.03679531
v -0.06814342 -0.07447338 0.03739935
v -0.06524246 -0.07494318 0.03724730
v -0.06541687 -0.07491493 0.03647929
v -0.06189328 -0.07548564 0.03736335
v -0.06184864 -0.07549285 0.03820240
v -0.07657617 -0.07310754 0.05080395
v -0.07611298 -0.07318258 0.05387008
v -0.07547098 -0.07328653 0.05349731
v -0.05880928 -0.07598513 0.03929114
v -0.05950099 -0.07587313 0.03972619
v -0.07404255 -0.07351791 0.05646926
v -0.07344156 -0.07361525 0.05600988
v -0.05773746 -0.07615870 0.04161185
v -0.05668330 -0.07632946 0.04185622
v -0.07191085 -0.07386314 0.05801564
v -0.07019281 -0.07414144 0.05808699
v -0.05631572 -0.07638901 0.04426568
v -0.06947439 -0.07425779 0.05908322
v -0.06608515 -0.07480674 0.05880421
v -0.06553900 -0.07489520 0.05955070
v -0.06554251 -0.06648641 0.03647559
v -0.06226027 -0.06701803 0.03679531
v -0.06541687 -0.07491493 0.03647929
v -0.07564145 -0.06485074 0.04404902
v -0.07478600 -0.06498932 0.04212987
v -0.07694411 -0.07304793 0.04382193
v -0.05528450 -0.06814783 0.04192286
v -0.05431926 -0.06830424 0.04404902
v -0.05564934 -0.07649695 0.04399871
v -0.05528450 -0.06814783 0.04192286
v -0.05564934 -0.07649695 0.04399871
v -0.05668330 -0.07632946 0.04185622
v -0.06554251 -0.06648641 0.03647559
v -0.06541687 -0.07491493 0.03647929
v -0.06902724 -0.07433021 0.03679531
v -0.06846475 -0.06601315 0.03703016
v -0.06554251 -0.06648641 0.03647559
v -0.06902724 -0.07433021 0.03679531
v -0.05528450 -0.06814783 0.04192286
v -0.05668330 -0.07632946 0.04185622
v -0.05880928 -0.07598513 0.03929114
v -0.05735623 -0.06781226 0.03944706
v -0.05528450 -0.06814783 0.04192286
v -0.05880928 -0.07598513 0.03929114
v -0.06846475 -0.06601315 0.03703016
v -0.06902724 -0.07433021 0.03679531
v -0.07178181 -0.07388406 0.03789848
v -0.07086503 -0.06562441 0.03813803
v -0.06846475 -0.06601315 0.03703016
v -0.07178181 -0.07388406 0.03789848
v -0.05950582 -0.06746417 0.03789848
v -0.05735623 -0.06781226 0.03944706
v -0.05880928 -0.07598513 0.03929114
v -0.07086503 -0.06562441 0.03813803
v -0.07178181 -0.07388406 0.03789848
v -0.07468301 -0.07341414 0.04012376
v -0.05950582 -0.06746417 0.03789848
v -0.05880928 -0.07598513 0.03929114
v -0.06189328 -0.07548564 0.03736335
v -0.07294899 -0.06528687 0.03977590
v -0.07086503 -0.06562441 0.03813803
v -0.07468301 -0.07341414 0.04012376
v -0.06226027 -0.06701803 0.03679531
v -0.05950582 -0.06746417 0.03789848
v -0.06189328 -0.07548564 0.03736335
v -0.07478600 -0.06498932 0.04212987
v -0.07294899 -0.06528687 0.03977590
v -0.07468301 -0.07341414 0.04012376
v -0.06226027 -0.06701803 0.03679531
v -0.06189328 -0.07548564 0.03736335
v -0.06541687 -0.07491493 0.03647929
v -0.07478600 -0.06498932 0.04212987
v -0.07468301 -0.07341414 0.04012376
v -0.07694411 -0.07304793 0.04382193
v -0.07694411 -0.07304793 0.04382193
v -0.07563292 -0.06485217 0.04573166
v -0.07564145 -0.06485074 0.04404902
v -0.07696843 -0.07304400 0.05195093
v -0.07563292 -0.06485217 0.05026829
v -0.07694411 -0.07304793 0.04382193
v -0.07563292 -0.06485217 0.04573166
v -0.07563292 -0.06485217 0.04573166
v -0.07542413 -0.06387293 0.05059736
v -0.07544094 -0.06387019 0.04558169
v -0.07563292 -0.06485217 0.05026829
v -0.07542413 -0.06387293 0.05059736
v -0.07563292 -0.06485217 0.04573166
v -0.07696843 -0.07304400 0.05195093
v -0.07561957 -0.06485432 0.05208843
v -0.07563292 -0.06485217 0.05026829
v -0.05496126 -0.06718719 0.05270159
v -0.05677258 -0.06689381 0.05544281
v -0.05549561 -0.06811368 0.05340510
v -0.06557190 -0.06546866 0.05901271
v -0.06841868 -0.06602060 0.05845940
v -0.06553572 -0.06648755 0.05902463
v -0.06557190 -0.06546866 0.05901271
v -0.06843382 -0.06500512 0.05839872
v -0.06841868 -0.06602060 0.05845940
v -0.07542413 -0.06387293 0.05059736
v -0.07563292 -0.06485217 0.05026829
v -0.07473075 -0.06499826 0.05290544
v -0.05496126 -0.06718719 0.05270159
v -0.05549561 -0.06811368 0.05340510
v -0.05434376 -0.06830018 0.05045086
v -0.07377237 -0.06414049 0.05435061
v -0.07542413 -0.06387293 0.05059736
v -0.07473075 -0.06499826 0.05290544
v -0.05416882 -0.06731551 0.05020016
v -0.05496126 -0.06718719 0.05270159
v -0.05434376 -0.06830018 0.05045086
v -0.06200730 -0.06604593 0.05868357
v -0.06553572 -0.06648755 0.05902463
v -0.06262177 -0.06695950 0.05876213
v -0.06200730 -0.06604593 0.05868357
v -0.06557190 -0.06546866 0.05901271
v -0.06553572 -0.06648755 0.05902463
v -0.07377237 -0.06414049 0.05435061
v -0.07473075 -0.06499826 0.05290544
v -0.07323724 -0.06524014 0.05518084
v -0.06200730 -0.06604593 0.05868357
v -0.06262177 -0.06695950 0.05876213
v -0.06016433 -0.06735754 0.05788558
v -0.05902665 -0.06652873 0.05733186
v -0.06200730 -0.06604593 0.05868357
v -0.06016433 -0.06735754 0.05788558
v -0.07105338 -0.06458085 0.05705457
v -0.07323724 -0.06524014 0.05518084
v -0.07105118 -0.06559425 0.05716717
v -0.07105338 -0.06458085 0.05705457
v -0.07377237 -0.06414049 0.05435061
v -0.07323724 -0.06524014 0.05518084
v -0.05902665 -0.06652873 0.05733186
v -0.06016433 -0.06735754 0.05788558
v -0.05746716 -0.06779438 0.05602031
v -0.05677258 -0.06689381 0.05544281
v -0.05902665 -0.06652873 0.05733186
v -0.05746716 -0.06779438 0.05602031
v -0.06843382 -0.06500512 0.05839872
v -0.07105118 -0.06559425 0.05716717
v -0.06841868 -0.06602060 0.05845940
v -0.06843382 -0.06500512 0.05839872
v -0.07105338 -0.06458085 0.05705457
v -0.07105118 -0.06559425 0.05716717
v -0.05677258 -0.06689381 0.05544281
v -0.05746716 -0.06779438 0.05602031
v -0.05549561 -0.06811368 0.05340510
v -0.07452559 -0.06401848 0.04301244
v -0.07265478 -0.06432145 0.04030108
v -0.07449752 -0.06503605 0.04258620
v -0.06406909 -0.06571203 0.03698724
v -0.06153041 -0.06612324 0.03750360
v -0.06280273 -0.06693017 0.03719878
v -0.06406909 -0.06571203 0.03698724
v -0.06280273 -0.06693017 0.03719878
v -0.06573176 -0.06645578 0.03698724
v -0.05530309 -0.06713181 0.04258620
v -0.05417573 -0.06731444 0.04570311
v -0.05433112 -0.06830227 0.04568266
v -0.05530309 -0.06713181 0.04258620
v -0.05433112 -0.06830227 0.04568266
v -0.05556428 -0.06810259 0.04240787
v -0.07544094 -0.06387019 0.04558169
v -0.07452559 -0.06401848 0.04301244
v -0.07449752 -0.06503605 0.04258620
v -0.07544094 -0.06387019 0.04558169
v -0.07449752 -0.06503605 0.04258620
v -0.07563292 -0.06485217 0.04573166
v -0.06731486 -0.06518638 0.03725409
v -0.06406909 -0.06571203 0.03698724
v -0.06573176 -0.06645578 0.03698724
v -0.06731486 -0.06518638 0.03725409
v -0.06573176 -0.06645578 0.03698724
v -0.06827050 -0.06604462 0.03750360
v -0.05733597 -0.06680256 0.03999716
v -0.05530309 -0.06713181 0.04258620
v -0.05556428 -0.06810259 0.04240787
v -0.05733597 -0.06680256 0.03999716
v -0.05556428 -0.06810259 0.04240787
v -0.05763131 -0.06776779 0.03986912
v -0.07005143 -0.06474310 0.03833276
v -0.06731486 -0.06518638 0.03725409
v -0.06827050 -0.06604462 0.03750360
v -0.07005143 -0.06474310 0.03833276
v -0.06827050 -0.06604462 0.03750360
v -0.07037276 -0.06570410 0.03842443
v -0.05942779 -0.06646376 0.03842443
v -0.05733597 -0.06680256 0.03999716
v -0.05763131 -0.06776779 0.03986912
v -0.05942779 -0.06646376 0.03842443
v -0.05763131 -0.06776779 0.03986912
v -0.06003624 -0.06737828 0.03816241
v -0.07265478 -0.06432145 0.04030108
v -0.07005143 -0.06474310 0.03833276
v -0.07037276 -0.06570410 0.03842443
v -0.07265478 -0.06432145 0.04030108
v -0.07037276 -0.06570410 0.03842443
v -0.07246482 -0.06536525 0.03999710
v -0.06153041 -0.06612324 0.03750360
v -0.05942779 -0.06646376 0.03842443
v -0.06003624 -0.06737828 0.03816241
v -0.07265478 -0.06432145 0.04030108
v -0.07246482 -0.06536525 0.03999710
v -0.07449752 -0.06503605 0.04258620
v -0.06153041 -0.06612324 0.03750360
v -0.06003624 -0.06737828 0.03816241
v -0.06280273 -0.06693017 0.03719878
v -0.05443871 -0.06727182 0.05278915
v -0.05416882 -0.06731551 0.05020016
v -0.05349642 -0.06742447 0.04923903
v -0.05496126 -0.06718719 0.05270159
v -0.05901563 -0.06653052 0.05797249
v -0.06242817 -0.06597781 0.05926609
v -0.06200730 -0.06604593 0.05868357
v -0.07265478 -0.06432145 0.04030108
v -0.07507985 -0.06392872 0.04289937
v -0.07248073 -0.06434965 0.03943675
v -0.05902665 -0.06652873 0.05733186
v -0.07005143 -0.06474310 0.03833276
v -0.07452559 -0.06401848 0.04301244
v -0.06999456 -0.06475234 0.03774970
v -0.05677258 -0.06689381 0.05544281
v -0.05626046 -0.06697672 0.05558955
v -0.06731486 -0.06518638 0.03725409
v -0.06754392 -0.06514924 0.03679633
v -0.07544094 -0.06387019 0.04558169
v -0.07614451 -0.06375628 0.04676038
v -0.06406909 -0.06571203 0.03698724
v -0.06425768 -0.06568151 0.03647547
v -0.07542413 -0.06387293 0.05059736
v -0.07606196 -0.06376963 0.04976379
v -0.06070441 -0.06625699 0.03722202
v -0.06153041 -0.06612324 0.03750360
v -0.07511520 -0.06392300 0.05297791
v -0.05942779 -0.06646376 0.03842443
v -0.07377237 -0.06414049 0.05435061
v -0.05810070 -0.06667870 0.03871572
v -0.07325559 -0.06422418 0.05573171
v -0.05733597 -0.06680256 0.03999716
v -0.05615967 -0.06699311 0.04050624
v -0.07105338 -0.06458085 0.05705457
v -0.07126826 -0.06454604 0.05749356
v -0.05530309 -0.06713181 0.04258620
v -0.05455052 -0.06725370 0.04304385
v -0.06862241 -0.06497460 0.05887651
v -0.06843382 -0.06500512 0.05839872
v -0.05417573 -0.06731444 0.04570311
v -0.05362135 -0.06740421 0.04589688
v -0.06557190 -0.06546866 0.05901271
v -0.06538325 -0.06549918 0.05952399
v -0.06738471 -0.06618809 0.05929625
v -0.06947439 -0.07425779 0.05908322
v -0.06553900 -0.07489520 0.05955070
v -0.05432552 -0.06830322 0.05200833
v -0.05535632 -0.06813627 0.05414330
v -0.05570322 -0.07648819 0.05234724
v -0.06440311 -0.06667101 0.05949735
v -0.06738471 -0.06618809 0.05929625
v -0.06553900 -0.07489520 0.05955070
v -0.07561957 -0.06485432 0.05208843
v -0.07696843 -0.07304400 0.05195093
v -0.07611298 -0.07318258 0.05387008
v -0.07451206 -0.06503367 0.05426865
v -0.07561957 -0.06485432 0.05208843
v -0.07611298 -0.07318258 0.05387008
v -0.06181335 -0.06709045 0.05908322
v -0.06440311 -0.06667101 0.05949735
v -0.06553900 -0.07489520 0.05955070
v -0.06181335 -0.06709045 0.05908322
v -0.06553900 -0.07489520 0.05955070
v -0.06202596 -0.07546412 0.05867630
v -0.07286018 -0.06530123 0.05633103
v -0.07451206 -0.06503367 0.05426865
v -0.07611298 -0.07318258 0.05387008
v -0.07404255 -0.07351791 0.05646926
v -0.05937671 -0.06748503 0.05801564
v -0.06181335 -0.06709045 0.05908322
v -0.06202596 -0.07546412 0.05867630
v -0.05937671 -0.06748503 0.05801564
v -0.06202596 -0.07546412 0.05867630
v -0.05971384 -0.07583862 0.05739045
v -0.07045483 -0.06569081 0.05810117
v -0.07404255 -0.07351791 0.05646926
v -0.07191085 -0.07386314 0.05801564
v -0.07045483 -0.06569081 0.05810117
v -0.07286018 -0.06530123 0.05633103
v -0.07404255 -0.07351791 0.05646926
v -0.05724525 -0.06783032 0.05646926
v -0.05937671 -0.06748503 0.05801564
v -0.05971384 -0.07583862 0.05739045
v -0.05724525 -0.06783032 0.05646926
v -0.05971384 -0.07583862 0.05739045
v -0.05775600 -0.07615572 0.05559957
v -0.07045483 -0.06569081 0.05810117
v -0.07191085 -0.07386314 0.05801564
v -0.06947439 -0.07425779 0.05908322
v -0.06738471 -0.06618809 0.05929625
v -0.07045483 -0.06569081 0.05810117
v -0.06947439 -0.07425779 0.05908322
v -0.05535632 -0.06813627 0.05414330
v -0.05724525 -0.06783032 0.05646926
v -0.05775600 -0.07615572 0.05559957
v -0.05535632 -0.06813627 0.05414330
v -0.05775600 -0.07615572 0.05559957
v -0.05570322 -0.07648819 0.05234724
v -0.07086503 -0.06562441 0.03813803
v -0.07037276 -0.06570410 0.03842443
v -0.06846475 -0.06601315 0.03703016
v -0.06003624 -0.06737828 0.03816241
v -0.05950582 -0.06746417 0.03789848
v -0.06226027 -0.06701803 0.03679531
v -0.05433112 -0.06830227 0.04568266
v -0.05431926 -0.06830424 0.04404902
v -0.05556428 -0.06810259 0.04240787
v -0.06280273 -0.06693017 0.03719878
v -0.07246482 -0.06536525 0.03999710
v -0.07294899 -0.06528687 0.03977590
v -0.05763131 -0.06776779 0.03986912
v -0.05528450 -0.06814783 0.04192286
v -0.05735623 -0.06781226 0.03944706
v -0.07449752 -0.06503605 0.04258620
v -0.07478600 -0.06498932 0.04212987
v -0.06573176 -0.06645578 0.03698724
v -0.06554251 -0.06648641 0.03647559
v -0.07564145 -0.06485074 0.04404902
v -0.07563292 -0.06485217 0.04573166
v -0.06827050 -0.06604462 0.03750360
v -0.05417573 -0.06731444 0.04570311
v -0.05434376 -0.06830018 0.05045086
v -0.05433112 -0.06830227 0.04568266
v -0.05416882 -0.06731551 0.05020016
v -0.05434376 -0.06830018 0.05045086
v -0.05417573 -0.06731444 0.04570311
v -0.05433112 -0.06830227 0.04568266
v -0.05564934 -0.07649695 0.04399871
v -0.05431926 -0.06830424 0.04404902
v -0.05432552 -0.06830322 0.05200833
v -0.05570322 -0.07648819 0.05234724
v -0.05434376 -0.06830018 0.05045086
v -0.05570322 -0.07648819 0.05234724
v -0.05570322 -0.07648819 0.05234724
v -0.05571949 -0.07648557 0.04702532
v -0.05596989 -0.07816720 0.04856830
v -0.05607897 -0.07814949 0.04628783
v -0.05631572 -0.07638901 0.04426568
v -0.05571949 -0.07648557 0.04702532
v -0.05607897 -0.07814949 0.04628783
v -0.05631572 -0.07638901 0.04426568
v -0.05607897 -0.07814949 0.04628783
v -0.05678856 -0.07803457 0.04379189
v -0.05773746 -0.07615870 0.04161185
v -0.05678856 -0.07803457 0.04379189
v -0.05825573 -0.07779699 0.04126960
v -0.05773746 -0.07615870 0.04161185
v -0.05631572 -0.07638901 0.04426568
v -0.05678856 -0.07803457 0.04379189
v -0.05950099 -0.07587313 0.03972619
v -0.05773746 -0.07615870 0.04161185
v -0.05825573 -0.07779699 0.04126960
v -0.05950099 -0.07587313 0.03972619
v -0.05825573 -0.07779699 0.04126960
v -0.06060910 -0.07741582 0.03906565
v -0.06184864 -0.07549285 0.03820240
v -0.05950099 -0.07587313 0.03972619
v -0.06060910 -0.07741582 0.03906565
v -0.06184864 -0.07549285 0.03820240
v -0.06060910 -0.07741582 0.03906565
v -0.06288689 -0.07704687 0.03790807
v -0.06524246 -0.07494318 0.03724730
v -0.06288689 -0.07704687 0.03790807
v -0.06506901 -0.07669347 0.03733497
v -0.06524246 -0.07494318 0.03724730
v -0.06184864 -0.07549285 0.03820240
v -0.06288689 -0.07704687 0.03790807
v -0.06524246 -0.07494318 0.03724730
v -0.06506901 -0.07669347 0.03733497
v -0.06730085 -0.07633197 0.03726226
v -0.06814342 -0.07447338 0.03739935
v -0.06524246 -0.07494318 0.03724730
v -0.06730085 -0.07633197 0.03726226
v -0.06814342 -0.07447338 0.03739935
v -0.06730085 -0.07633197 0.03726226
v -0.06983971 -0.07592076 0.03772938
v -0.07058990 -0.07407712 0.03812181
v -0.06814342 -0.07447338 0.03739935
v -0.06983971 -0.07592076 0.03772938
v -0.07058990 -0.07407712 0.03812181
v -0.06983971 -0.07592076 0.03772938
v -0.07262617 -0.07546949 0.03912532
v -0.07286131 -0.07370924 0.03952533
v -0.07058990 -0.07407712 0.03812181
v -0.07262617 -0.07546949 0.03912532
v -0.07286131 -0.07370924 0.03952533
v -0.07262617 -0.07546949 0.03912532
v -0.07453376 -0.07516050 0.04086107
v -0.07489466 -0.07337987 0.04159873
v -0.07286131 -0.07370924 0.03952533
v -0.07453376 -0.07516050 0.04086107
v -0.07489466 -0.07337987 0.04159873
v -0.07453376 -0.07516050 0.04086107
v -0.07621359 -0.07488840 0.04336041
v -0.07633095 -0.07314723 0.04439830
v -0.07489466 -0.07337987 0.04159873
v -0.07621359 -0.07488840 0.04336041
v -0.07633095 -0.07314723 0.04439830
v -0.07621359 -0.07488840 0.04336041
v -0.07710677 -0.07474374 0.04647016
v -0.07684403 -0.07306414 0.04662179
v -0.07633095 -0.07314723 0.04439830
v -0.07710677 -0.07474374 0.04647016
v -0.07691663 -0.07305240 0.04856836
v -0.07710677 -0.07474374 0.04647016
v -0.07716226 -0.07473474 0.04906678
v -0.07691663 -0.07305240 0.04856836
v -0.07684403 -0.07306414 0.04662179
v -0.07710677 -0.07474374 0.04647016
v -0.05549561 -0.06811368 0.05340510
v -0.05432552 -0.06830322 0.05200833
v -0.05434376 -0.06830018 0.05045086
v -0.06440311 -0.06667101 0.05949735
v -0.06181335 -0.06709045 0.05908322
v -0.06262177 -0.06695950 0.05876213
v -0.07045483 -0.06569081 0.05810117
v -0.06841868 -0.06602060 0.05845940
v -0.07105118 -0.06559425 0.05716717
v -0.06553572 -0.06648755 0.05902463
v -0.05535632 -0.06813627 0.05414330
v -0.06738471 -0.06618809 0.05929625
v -0.07451206 -0.06503367 0.05426865
v -0.07473075 -0.06499826 0.05290544
v -0.07561957 -0.06485432 0.05208843
v -0.05746716 -0.06779438 0.05602031
v -0.05724525 -0.06783032 0.05646926
v -0.07323724 -0.06524014 0.05518084
v -0.07286018 -0.06530123 0.05633103
v -0.05937671 -0.06748503 0.05801564
v -0.06016433 -0.06735754 0.05788558
v -0.07563292 -0.06485217 0.05026829
v -0.07112640 -0.07571238 0.03962719
v -0.06778466 -0.07625359 0.03852826
v -0.06862515 -0.06720280 0.03910690
v -0.07592791 -0.07493472 0.04900950
v -0.07574796 -0.07496380 0.04566442
v -0.07454109 -0.06624460 0.04923588
v -0.07454109 -0.06624460 0.04923588
v -0.07574796 -0.07496380 0.04566442
v -0.07428520 -0.06628608 0.04557895
v -0.05908787 -0.07766216 0.04222130
v -0.05745875 -0.07792603 0.04547685
v -0.05708879 -0.06907129 0.04313707
v -0.06862515 -0.06720280 0.03910690
v -0.06778466 -0.07625359 0.03852826
v -0.06568932 -0.06767827 0.03849053
v -0.05708879 -0.06907129 0.04313707
v -0.05745875 -0.07792603 0.04547685
v -0.05604159 -0.06924086 0.04566925
v -0.06778466 -0.07625359 0.03852826
v -0.06478124 -0.07674008 0.03864753
v -0.06568932 -0.06767827 0.03849053
v -0.06568932 -0.06767827 0.03849053
v -0.06478124 -0.07674008 0.03864753
v -0.06298869 -0.06811571 0.03872156
v -0.05604159 -0.06924086 0.04566925
v -0.05745875 -0.07792603 0.04547685
v -0.05578207 -0.06928288 0.04807966
v -0.07428520 -0.06628608 0.04557895
v -0.07574796 -0.07496380 0.04566442
v -0.07320833 -0.06646049 0.04306489
v -0.05745875 -0.07792603 0.04547685
v -0.05720371 -0.07796728 0.04853874
v -0.05578207 -0.06928288 0.04807966
v -0.07574796 -0.07496380 0.04566442
v -0.07395946 -0.07525348 0.04203736
v -0.07320833 -0.06646049 0.04306489
v -0.06478124 -0.07674008 0.03864753
v -0.06168162 -0.07724201 0.03981620
v -0.06298869 -0.06811571 0.03872156
v -0.07320833 -0.06646049 0.04306489
v -0.07395946 -0.07525348 0.04203736
v -0.07150602 -0.06673622 0.04093486
v -0.06298869 -0.06811571 0.03872156
v -0.06168162 -0.07724201 0.03981620
v -0.06076204 -0.06847631 0.03960180
v -0.06076204 -0.06847631 0.03960180
v -0.06168162 -0.07724201 0.03981620
v -0.05877494 -0.06879818 0.04100096
v -0.07395946 -0.07525348 0.04203736
v -0.07112640 -0.07571238 0.03962719
v -0.07150602 -0.06673622 0.04093486
v -0.07150602 -0.06673622 0.04093486
v -0.07112640 -0.07571238 0.03962719
v -0.06862515 -0.06720280 0.03910690
v -0.06168162 -0.07724201 0.03981620
v -0.05908787 -0.07766216 0.04222130
v -0.05877494 -0.06879818 0.04100096
v -0.05877494 -0.06879818 0.04100096
v -0.05908787 -0.07766216 0.04222130
v -0.05708879 -0.06907129 0.04313707
v -0.05779129 -0.06895750 0.04716140
v -0.05578207 -0.06928288 0.04807966
v -0.05785834 -0.06894659 0.04931086
v -0.06334590 -0.06805783 0.05529302
v -0.06436133 -0.06789338 0.05748260
v -0.06517225 -0.06776213 0.05551207
v -0.07150602 -0.06673622 0.04093486
v -0.06935864 -0.06708401 0.04178524
v -0.07092285 -0.06683063 0.04323858
v -0.06599402 -0.06762897 0.05755949
v -0.07320833 -0.06646049 0.04306489
v -0.06467831 -0.06784206 0.05803865
v -0.06531983 -0.06773817 0.05822122
v -0.06862515 -0.06720280 0.03910690
v -0.05602955 -0.06924277 0.05022138
v -0.07201755 -0.06665337 0.04508072
v -0.07428520 -0.06628608 0.04557895
v -0.06745284 -0.06739270 0.04083979
v -0.06238389 -0.06821370 0.05709546
v -0.05852311 -0.06883895 0.05135303
v -0.06568932 -0.06767827 0.03849053
v -0.05703276 -0.06908035 0.05279636
v -0.07255315 -0.06656658 0.04716140
v -0.06138384 -0.06837564 0.05447173
v -0.06018084 -0.06857049 0.05607110
v -0.06517225 -0.06776207 0.04046702
v -0.07454109 -0.06624460 0.04923588
v -0.05973130 -0.06864327 0.05312144
v -0.05852150 -0.06883919 0.05471581
v -0.06298869 -0.06811571 0.03872156
v -0.07248586 -0.06657749 0.04931080
v -0.06289160 -0.06813144 0.04083979
v -0.06076204 -0.06847631 0.03960180
v -0.07182109 -0.06668519 0.05135297
v -0.07365041 -0.06638890 0.05208969
v -0.06098574 -0.06844013 0.04178524
v -0.05877494 -0.06879818 0.04100096
v -0.07254391 -0.06656807 0.05391103
v -0.07061308 -0.06688082 0.05312144
v -0.05942142 -0.06869345 0.04323858
v -0.07103216 -0.06681299 0.05543315
v -0.06896054 -0.06714850 0.05447173
v -0.05708879 -0.06907129 0.04313707
v -0.06925070 -0.06710147 0.05658113
v -0.05832690 -0.06887078 0.04508072
v -0.06699854 -0.06746625 0.05529302
v -0.05604159 -0.06924086 0.04566925
v -0.07288861 -0.06585383 0.05086672
v -0.07333147 -0.06578207 0.04778945
v -0.07094115 -0.05082178 0.04818540
v -0.06339836 -0.05204319 0.05634671
v -0.06581771 -0.06699901 0.05635732
v -0.06607335 -0.05161023 0.05564039
v -0.06581771 -0.06699901 0.05635732
v -0.06875008 -0.06652408 0.05552476
v -0.06607335 -0.05161023 0.05564039
v -0.06607335 -0.05161023 0.05564039
v -0.06875008 -0.06652408 0.05552476
v -0.06884461 -0.05116117 0.05361694
v -0.06875008 -0.06652408 0.05552476
v -0.07112318 -0.06613975 0.05372011
v -0.06884461 -0.05116117 0.05361694
v -0.07112318 -0.06613975 0.05372011
v -0.07288861 -0.06585383 0.05086672
v -0.06884461 -0.05116117 0.05361694
v -0.06884461 -0.05116117 0.05361694
v -0.07288861 -0.06585383 0.05086672
v -0.07037967 -0.05091249 0.05095458
v -0.07037967 -0.05091249 0.05095458
v -0.07288861 -0.06585383 0.05086672
v -0.07094115 -0.05082178 0.04818540
v -0.06581771 -0.06699901 0.05635732
v -0.06339836 -0.05204319 0.05634671
v -0.06338632 -0.05204540 0.05546408
v -0.06580865 -0.06700050 0.05546236
v -0.06745284 -0.06739270 0.04083979
v -0.06517225 -0.06776207 0.04046702
v -0.06640547 -0.06690382 0.04055953
v -0.06713867 -0.06678509 0.05522584
v -0.06580865 -0.06700050 0.05546236
v -0.06699854 -0.06746625 0.05529302
v -0.07248586 -0.06657749 0.04931080
v -0.07255315 -0.06656658 0.04716140
v -0.07242882 -0.06592828 0.04900801
v -0.06191283 -0.05228406 0.05549049
v -0.06517225 -0.06776213 0.05551207
v -0.06338632 -0.05204540 0.05546408
v -0.07255315 -0.06656658 0.04716140
v -0.07240766 -0.06593167 0.04684484
v -0.07242882 -0.06592828 0.04900801
v -0.06517225 -0.06776213 0.05551207
v -0.06580865 -0.06700050 0.05546236
v -0.06338632 -0.05204540 0.05546408
v -0.06517225 -0.06776213 0.05551207
v -0.06699854 -0.06746625 0.05529302
v -0.06580865 -0.06700050 0.05546236
v -0.07255315 -0.06656658 0.04716140
v -0.07201755 -0.06665337 0.04508072
v -0.07240766 -0.06593167 0.04684484
v -0.07201755 -0.06665337 0.04508072
v -0.07177984 -0.06603336 0.04477715
v -0.07240766 -0.06593167 0.04684484
v -0.06699854 -0.06746625 0.05529302
v -0.06896054 -0.06714850 0.05447173
v -0.06713867 -0.06678509 0.05522584
v -0.06896054 -0.06714850 0.05447173
v -0.06908243 -0.06647026 0.05433058
v -0.06713867 -0.06678509 0.05522584
v -0.07201755 -0.06665337 0.04508072
v -0.07092285 -0.06683063 0.04323858
v -0.07177984 -0.06603336 0.04477715
v -0.07092285 -0.06683063 0.04323858
v -0.07059711 -0.06622493 0.04297584
v -0.07177984 -0.06603336 0.04477715
v -0.06896054 -0.06714850 0.05447173
v -0.07061308 -0.06688082 0.05312144
v -0.06908243 -0.06647026 0.05433058
v -0.07061308 -0.06688082 0.05312144
v -0.07069450 -0.06620919 0.05291229
v -0.06908243 -0.06647026 0.05433058
v -0.07092285 -0.06683063 0.04323858
v -0.06935864 -0.06708401 0.04178524
v -0.07059711 -0.06622493 0.04297584
v -0.06935864 -0.06708401 0.04178524
v -0.06895720 -0.06649053 0.04158955
v -0.07059711 -0.06622493 0.04297584
v -0.07061308 -0.06688082 0.05312144
v -0.07182109 -0.06668519 0.05135297
v -0.07069450 -0.06620919 0.05291229
v -0.07182109 -0.06668519 0.05135297
v -0.07184153 -0.06602340 0.05108749
v -0.07069450 -0.06620919 0.05291229
v -0.06935864 -0.06708401 0.04178524
v -0.06745284 -0.06739270 0.04083979
v -0.06895720 -0.06649053 0.04158955
v -0.06745284 -0.06739270 0.04083979
v -0.06640547 -0.06690382 0.04055953
v -0.06895720 -0.06649053 0.04158955
v -0.07182109 -0.06668519 0.05135297
v -0.07248586 -0.06657749 0.04931080
v -0.07184153 -0.06602340 0.05108749
v -0.07248586 -0.06657749 0.04931080
v -0.07242882 -0.06592828 0.04900801
v -0.07184153 -0.06602340 0.05108749
v -0.06875008 -0.06652408 0.05552476
v -0.06581771 -0.06699901 0.05635732
v -0.06713867 -0.06678509 0.05522584
v -0.06908243 -0.06647026 0.05433058
v -0.07288861 -0.06585383 0.05086672
v -0.07069450 -0.06620919 0.05291229
v -0.07184153 -0.06602340 0.05108749
v -0.07112318 -0.06613975 0.05372011
v -0.06117928 -0.06775027 0.04158961
v -0.05953919 -0.06801587 0.04297590
v -0.05887216 -0.06812399 0.04240840
v -0.06158387 -0.06768476 0.04037076
v -0.05835676 -0.06820744 0.04477721
v -0.05729466 -0.06837946 0.04510962
v -0.06339383 -0.06739163 0.04065465
v -0.05772864 -0.06830912 0.04684484
v -0.06487292 -0.06715208 0.03959614
v -0.05676937 -0.06846457 0.04827380
v -0.06640547 -0.06690382 0.04055953
v -0.05770754 -0.06831258 0.04900801
v -0.06764501 -0.06670308 0.04004347
v -0.05739182 -0.06836372 0.05110383
v -0.05829507 -0.06821745 0.05108755
v -0.06895720 -0.06649053 0.04158955
v -0.06991261 -0.06633579 0.04119694
v -0.05848342 -0.06818693 0.05306065
v -0.05944204 -0.06803166 0.05291223
v -0.07059711 -0.06622493 0.04297584
v -0.06026881 -0.06789773 0.05483412
v -0.07188183 -0.06601685 0.04323291
v -0.06105417 -0.06777060 0.05433058
v -0.07177984 -0.06603336 0.04477715
v -0.06249982 -0.06753641 0.05595839
v -0.06299793 -0.06745576 0.05522584
v -0.07297086 -0.06584048 0.04554384
v -0.07240766 -0.06593167 0.04684484
v -0.06432700 -0.06724047 0.05632555
v -0.06432795 -0.06724035 0.05546236
v -0.07333147 -0.06578207 0.04778945
v -0.07242882 -0.06592828 0.04900801
v -0.06580865 -0.06700050 0.05546236
v -0.05779129 -0.06895750 0.04716140
v -0.05770754 -0.06831258 0.04900801
v -0.05772864 -0.06830912 0.04684484
v -0.05779129 -0.06895750 0.04716140
v -0.05785834 -0.06894659 0.04931086
v -0.05770754 -0.06831258 0.04900801
v -0.06640547 -0.06690382 0.04055953
v -0.06517225 -0.06776207 0.04046702
v -0.06339383 -0.06739163 0.04065465
v -0.06334590 -0.06805783 0.05529302
v -0.06517225 -0.06776213 0.05551207
v -0.06432795 -0.06724035 0.05546236
v -0.06432795 -0.06724035 0.05546236
v -0.06517225 -0.06776213 0.05551207
v -0.06191283 -0.05228406 0.05549049
v -0.06432795 -0.06724035 0.05546236
v -0.06299793 -0.06745576 0.05522584
v -0.06334590 -0.06805783 0.05529302
v -0.06517225 -0.06776207 0.04046702
v -0.06289160 -0.06813144 0.04083979
v -0.06339383 -0.06739163 0.04065465
v -0.05785834 -0.06894659 0.04931086
v -0.05829507 -0.06821745 0.05108755
v -0.05770754 -0.06831258 0.04900801
v -0.05785834 -0.06894659 0.04931086
v -0.05852311 -0.06883895 0.05135303
v -0.05829507 -0.06821745 0.05108755
v -0.06289160 -0.06813144 0.04083979
v -0.06117928 -0.06775027 0.04158961
v -0.06339383 -0.06739163 0.04065465
v -0.06289160 -0.06813144 0.04083979
v -0.06098574 -0.06844013 0.04178524
v -0.06117928 -0.06775027 0.04158961
v -0.05852311 -0.06883895 0.05135303
v -0.05944204 -0.06803166 0.05291223
v -0.05829507 -0.06821745 0.05108755
v -0.05852311 -0.06883895 0.05135303
v -0.05973130 -0.06864327 0.05312144
v -0.05944204 -0.06803166 0.05291223
v -0.06098574 -0.06844013 0.04178524
v -0.05953919 -0.06801587 0.04297590
v -0.06117928 -0.06775027 0.04158961
v -0.06098574 -0.06844013 0.04178524
v -0.05942142 -0.06869345 0.04323858
v -0.05953919 -0.06801587 0.04297590
v -0.05973130 -0.06864327 0.05312144
v -0.06105417 -0.06777060 0.05433058
v -0.05944204 -0.06803166 0.05291223
v -0.05973130 -0.06864327 0.05312144
v -0.06138384 -0.06837564 0.05447173
v -0.06105417 -0.06777060 0.05433058
v -0.05942142 -0.06869345 0.04323858
v -0.05835676 -0.06820744 0.04477721
v -0.05953919 -0.06801587 0.04297590
v -0.06138384 -0.06837564 0.05447173
v -0.06299793 -0.06745576 0.05522584
v -0.06105417 -0.06777060 0.05433058
v -0.05942142 -0.06869345 0.04323858
v -0.05832690 -0.06887078 0.04508072
v -0.05835676 -0.06820744 0.04477721
v -0.06138384 -0.06837564 0.05447173
v -0.06334590 -0.06805783 0.05529302
v -0.06299793 -0.06745576 0.05522584
v -0.05832690 -0.06887078 0.04508072
v -0.05772864 -0.06830912 0.04684484
v -0.05835676 -0.06820744 0.04477721
v -0.05832690 -0.06887078 0.04508072
v -0.05779129 -0.06895750 0.04716140
v -0.05772864 -0.06830912 0.04684484
v -0.05676937 -0.06846457 0.04827380
v -0.05739182 -0.06836372 0.05110383
v -0.05450505 -0.05348384 0.04968756
v -0.05450505 -0.05348384 0.04968756
v -0.05739182 -0.06836372 0.05110383
v -0.05593734 -0.05325186 0.05294466
v -0.05739182 -0.06836372 0.05110383
v -0.05848342 -0.06818693 0.05306065
v -0.05593734 -0.05325186 0.05294466
v -0.05593734 -0.05325186 0.05294466
v -0.06026881 -0.06789773 0.05483412
v -0.05794966 -0.05292594 0.05488985
v -0.05848342 -0.06818693 0.05306065
v -0.06026881 -0.06789773 0.05483412
v -0.05593734 -0.05325186 0.05294466
v -0.05794966 -0.05292594 0.05488985
v -0.06026881 -0.06789773 0.05483412
v -0.05992794 -0.05260545 0.05590718
v -0.06026881 -0.06789773 0.05483412
v -0.06249982 -0.06753641 0.05595839
v -0.05992794 -0.05260545 0.05590718
v -0.05992794 -0.05260545 0.05590718
v -0.06249982 -0.06753641 0.05595839
v -0.06190270 -0.05228567 0.05633080
v -0.06249982 -0.06753641 0.05595839
v -0.06432700 -0.06724047 0.05632555
v -0.06190270 -0.05228567 0.05633080
v -0.06613028 -0.05160099 0.04037076
v -0.06764501 -0.06670308 0.04004347
v -0.06284147 -0.05213356 0.03959614
v -0.06764501 -0.06670308 0.04004347
v -0.06487292 -0.06715208 0.03959614
v -0.06284147 -0.05213356 0.03959614
v -0.05537039 -0.05334371 0.04395771
v -0.05729466 -0.06837946 0.04510962
v -0.05448693 -0.05348676 0.04665720
v -0.07333147 -0.06578207 0.04778945
v -0.07297086 -0.06584048 0.04554384
v -0.07094115 -0.05082178 0.04818540
v -0.07094115 -0.05082178 0.04818540
v -0.07297086 -0.06584048 0.04554384
v -0.07023990 -0.05093514 0.04455924
v -0.05729466 -0.06837946 0.04510962
v -0.05676937 -0.06846457 0.04827380
v -0.05448693 -0.05348676 0.04665720
v -0.05448693 -0.05348676 0.04665720
v -0.05676937 -0.06846457 0.04827380
v -0.05450505 -0.05348384 0.04968756
v -0.06284147 -0.05213356 0.03959614
v -0.06487292 -0.06715208 0.03959614
v -0.05979323 -0.05262738 0.04012525
v -0.06487292 -0.06715208 0.03959614
v -0.06158387 -0.06768476 0.04037076
v -0.05979323 -0.05262738 0.04012525
v -0.07297086 -0.06584048 0.04554384
v -0.07188183 -0.06601685 0.04323291
v -0.07023990 -0.05093514 0.04455924
v -0.07023990 -0.05093514 0.04455924
v -0.07188183 -0.06601685 0.04323291
v -0.06843417 -0.05122756 0.04202175
v -0.05979323 -0.05262738 0.04012525
v -0.06158387 -0.06768476 0.04037076
v -0.05735450 -0.05302232 0.04154747
v -0.07188183 -0.06601685 0.04323291
v -0.06991261 -0.06633579 0.04119694
v -0.06843417 -0.05122756 0.04202175
v -0.06158387 -0.06768476 0.04037076
v -0.05887216 -0.06812399 0.04240840
v -0.05735450 -0.05302232 0.04154747
v -0.06843417 -0.05122756 0.04202175
v -0.06991261 -0.06633579 0.04119694
v -0.06613028 -0.05160099 0.04037076
v -0.05735450 -0.05302232 0.04154747
v -0.05887216 -0.06812399 0.04240840
v -0.05537039 -0.05334371 0.04395771
v -0.06991261 -0.06633579 0.04119694
v -0.06764501 -0.06670308 0.04004347
v -0.06613028 -0.05160099 0.04037076
v -0.05887216 -0.06812399 0.04240840
v -0.05729466 -0.06837946 0.04510962
v -0.05537039 -0.05334371 0.04395771
v -0.07581728 -0.06208688 0.04957610
v -0.07614451 -0.06375628 0.04676038
v -0.07606196 -0.06376963 0.04976379
v -0.07581728 -0.06208688 0.04957610
v -0.07584959 -0.06208187 0.04656016
v -0.07614451 -0.06375628 0.04676038
v -0.07504612 -0.06221199 0.05247724
v -0.07606196 -0.06376963 0.04976379
v -0.07511520 -0.06392300 0.05297791
v -0.07504612 -0.06221199 0.05247724
v -0.07581728 -0.06208688 0.04957610
v -0.07606196 -0.06376963 0.04976379
v -0.07352972 -0.06245762 0.05507236
v -0.07504612 -0.06221199 0.05247724
v -0.07511520 -0.06392300 0.05297791
v -0.07352972 -0.06245762 0.05507236
v -0.07511520 -0.06392300 0.05297791
v -0.07325559 -0.06422418 0.05573171
v -0.07142990 -0.06279772 0.05719453
v -0.07352972 -0.06245762 0.05507236
v -0.07325559 -0.06422418 0.05573171
v -0.07142990 -0.06279772 0.05719453
v -0.07325559 -0.06422418 0.05573171
v -0.07126826 -0.06454604 0.05749356
v -0.06792694 -0.06336504 0.05905956
v -0.07126826 -0.06454604 0.05749356
v -0.06862241 -0.06497460 0.05887651
v -0.06792694 -0.06336504 0.05905956
v -0.07142990 -0.06279772 0.05719453
v -0.07126826 -0.06454604 0.05749356
v -0.06792694 -0.06336504 0.05905956
v -0.06862241 -0.06497460 0.05887651
v -0.06538325 -0.06549918 0.05952399
v -0.06398588 -0.06400334 0.05952399
v -0.06792694 -0.06336504 0.05905956
v -0.06538325 -0.06549918 0.05952399
v -0.06398588 -0.06400334 0.05952399
v -0.06538325 -0.06549918 0.05952399
v -0.06242817 -0.06597781 0.05926609
v -0.06074661 -0.06452798 0.05887651
v -0.06398588 -0.06400334 0.05952399
v -0.06242817 -0.06597781 0.05926609
v -0.06074661 -0.06452798 0.05887651
v -0.06242817 -0.06597781 0.05926609
v -0.05901563 -0.06653052 0.05797249
v -0.05728352 -0.06508892 0.05693662
v -0.06074661 -0.06452798 0.05887651
v -0.05901563 -0.06653052 0.05797249
v -0.05728352 -0.06508892 0.05693662
v -0.05901563 -0.06653052 0.05797249
v -0.05626046 -0.06697672 0.05558955
v -0.05491632 -0.06547230 0.05413007
v -0.05728352 -0.06508892 0.05693662
v -0.05626046 -0.06697672 0.05558955
v -0.05491632 -0.06547230 0.05413007
v -0.05626046 -0.06697672 0.05558955
v -0.05443871 -0.06727182 0.05278915
v -0.05378019 -0.06565630 0.05171453
v -0.05491632 -0.06547230 0.05413007
v -0.05443871 -0.06727182 0.05278915
v -0.05378019 -0.06565630 0.05171453
v -0.05443871 -0.06727182 0.05278915
v -0.05349642 -0.06742447 0.04923903
v -0.05314946 -0.06575846 0.04844003
v -0.05378019 -0.06565630 0.05171453
v -0.05349642 -0.06742447 0.04923903
v -0.06432700 -0.06724047 0.05632555
v -0.06191283 -0.05228406 0.05549049
v -0.06190270 -0.05228567 0.05633080
v -0.06432700 -0.06724047 0.05632555
v -0.06432795 -0.06724035 0.05546236
v -0.06191283 -0.05228406 0.05549049
v -0.05314946 -0.06575846 0.04844003
v -0.05349642 -0.06742447 0.04923903
v -0.05362135 -0.06740421 0.04589688
v -0.05377393 -0.06565731 0.04414039
v -0.05314946 -0.06575846 0.04844003
v -0.05362135 -0.06740421 0.04589688
v -0.05377393 -0.06565731 0.04414039
v -0.05362135 -0.06740421 0.04589688
v -0.05455052 -0.06725370 0.04304385
v -0.05616432 -0.06527018 0.04013288
v -0.05455052 -0.06725370 0.04304385
v -0.05615967 -0.06699311 0.04050624
v -0.05616432 -0.06527018 0.04013288
v -0.05377393 -0.06565731 0.04414039
v -0.05455052 -0.06725370 0.04304385
v -0.05616432 -0.06527018 0.04013288
v -0.05615967 -0.06699311 0.04050624
v -0.05810070 -0.06667870 0.03871572
v -0.05934792 -0.06475454 0.03773432
v -0.05616432 -0.06527018 0.04013288
v -0.05810070 -0.06667870 0.03871572
v -0.05934792 -0.06475454 0.03773432
v -0.05810070 -0.06667870 0.03871572
v -0.06070441 -0.06625699 0.03722202
v -0.06311762 -0.06414401 0.03651392
v -0.05934792 -0.06475454 0.03773432
v -0.06070441 -0.06625699 0.03722202
v -0.06311762 -0.06414401 0.03651392
v -0.06070441 -0.06625699 0.03722202
v -0.06425768 -0.06568151 0.03647547
v -0.06707847 -0.06350249 0.03674978
v -0.06425768 -0.06568151 0.03647547
v -0.06754392 -0.06514924 0.03679633
v -0.06707847 -0.06350249 0.03674978
v -0.06311762 -0.06414401 0.03651392
v -0.06425768 -0.06568151 0.03647547
v -0.06957489 -0.06309819 0.03767472
v -0.06754392 -0.06514924 0.03679633
v -0.06999456 -0.06475234 0.03774970
v -0.06957489 -0.06309819 0.03767472
v -0.06707847 -0.06350249 0.03674978
v -0.06754392 -0.06514924 0.03679633
v -0.07179349 -0.06273883 0.03909665
v -0.06999456 -0.06475234 0.03774970
v -0.07248073 -0.06434965 0.03943675
v -0.07179349 -0.06273883 0.03909665
v -0.06957489 -0.06309819 0.03767472
v -0.06999456 -0.06475234 0.03774970
v -0.07400977 -0.06237959 0.04157561
v -0.07179349 -0.06273883 0.03909665
v -0.07248073 -0.06434965 0.03943675
v -0.07400977 -0.06237959 0.04157561
v -0.07248073 -0.06434965 0.03943675
v -0.07507985 -0.06392872 0.04289937
v -0.07519912 -0.06218719 0.04398369
v -0.07400977 -0.06237959 0.04157561
v -0.07507985 -0.06392872 0.04289937
v -0.07584959 -0.06208187 0.04656016
v -0.07519912 -0.06218719 0.04398369
v -0.07507985 -0.06392872 0.04289937
v -0.07584959 -0.06208187 0.04656016
v -0.07507985 -0.06392872 0.04289937
v -0.07614451 -0.06375628 0.04676038
v -0.06345623 -0.06155705 0.05951488
v -0.06364756 -0.06174737 0.05889976
v -0.06400585 -0.06186825 0.05949938
v -0.06364756 -0.06174737 0.05889976
v -0.06457173 -0.06176966 0.05889976
v -0.06400585 -0.06186825 0.05949938
v -0.06400585 -0.06186825 0.05949938
v -0.06457173 -0.06176966 0.05889976
v -0.06469118 -0.06161689 0.05949378
v -0.06645911 -0.05703979 0.05912137
v -0.06469118 -0.06161689 0.05949378
v -0.06457173 -0.06176966 0.05889976
v -0.06645971 -0.05703049 0.05889976
v -0.06645911 -0.05703979 0.05912137
v -0.06457173 -0.06176966 0.05889976
v -0.06345623 -0.06155705 0.05951488
v -0.06055957 -0.05797421 0.05910491
v -0.06055790 -0.05797511 0.05889976
v -0.06364756 -0.06174737 0.05889976
v -0.06345623 -0.06155705 0.05951488
v -0.06055790 -0.05797511 0.05889976
v -0.06401580 -0.05759835 0.05889976
v -0.06401580 -0.05759835 0.05869990
v -0.06399047 -0.05684727 0.05881404
v -0.06401580 -0.05759835 0.05869990
v -0.06401580 -0.05759835 0.05889976
v -0.06383848 -0.05709797 0.05877995
v -0.06383848 -0.05709797 0.05877995
v -0.06348156 -0.05715548 0.05872195
v -0.06399047 -0.05684727 0.05881404
v -0.06399047 -0.05684727 0.05881404
v -0.06401580 -0.05759835 0.05869990
v -0.06383848 -0.05709797 0.05877995
v -0.06348156 -0.05715548 0.05872195
v -0.06284832 -0.05703204 0.05881083
v -0.06399047 -0.05684727 0.05881404
v -0.06348156 -0.05715548 0.05872195
v -0.06307166 -0.05722188 0.05877995
v -0.06284832 -0.05703204 0.05881083
v -0.06307166 -0.05722188 0.05877995
v -0.06302714 -0.05774003 0.05869990
v -0.06284832 -0.05703204 0.05881083
v -0.06353914 -0.05761027 0.05889976
v -0.06347662 -0.05762016 0.05869990
v -0.06348156 -0.05715548 0.05872195
v -0.06347662 -0.05762016 0.05869990
v -0.06353914 -0.05761027 0.05889976
v -0.06334084 -0.05717831 0.05889976
v -0.06347662 -0.05762016 0.05869990
v -0.06334084 -0.05717831 0.05889976
v -0.06348156 -0.05715548 0.05872195
v -0.06334084 -0.05717831 0.05889976
v -0.06307166 -0.05722188 0.05877995
v -0.06348156 -0.05715548 0.05872195
v -0.06307131 -0.05781537 0.05889976
v -0.06302714 -0.05774003 0.05869990
v -0.06307166 -0.05722188 0.05877995
v -0.06302714 -0.05774003 0.05869990
v -0.06307131 -0.05781537 0.05889976
v -0.06284832 -0.05703204 0.05881083
v -0.06431376 -0.05884355 0.05869990
v -0.06318950 -0.05913853 0.05889976
v -0.06317162 -0.05902832 0.05869990
v -0.06431376 -0.05884355 0.05889976
v -0.06318950 -0.05913853 0.05889976
v -0.06431376 -0.05884355 0.05869990
v -0.06317162 -0.05902832 0.05869990
v -0.06318950 -0.05913853 0.05889976
v -0.06315380 -0.05891817 0.05889976
v -0.06315380 -0.05891817 0.05889976
v -0.06431376 -0.05884355 0.05869990
v -0.06317162 -0.05902832 0.05869990
v -0.06315380 -0.05891817 0.05889976
v -0.06431376 -0.05884355 0.05889976
v -0.06431376 -0.05884355 0.05869990
v -0.05196762 -0.05825084 0.04865097
v -0.05299782 -0.06416219 0.04965990
v -0.05309355 -0.06414669 0.04589802
v -0.05228775 -0.05819875 0.04511255
v -0.05196762 -0.05825084 0.04865097
v -0.05309355 -0.06414669 0.04589802
v -0.05228775 -0.05819875 0.04511255
v -0.05309355 -0.06414669 0.04589802
v -0.05402225 -0.06399631 0.04304558
v -0.05359929 -0.05798631 0.04203677
v -0.05228775 -0.05819875 0.04511255
v -0.05402225 -0.06399631 0.04304558
v -0.05359929 -0.05798631 0.04203677
v -0.05402225 -0.06399631 0.04304558
v -0.05542618 -0.06376886 0.04078060
v -0.05521756 -0.05772423 0.03992509
v -0.05359929 -0.05798631 0.04203677
v -0.05542618 -0.06376886 0.04078060
v -0.05521756 -0.05772423 0.03992509
v -0.05542618 -0.06376886 0.04078060
v -0.05809772 -0.06333619 0.03827106
v -0.05727207 -0.05739170 0.03824836
v -0.05521756 -0.05772423 0.03992509
v -0.05809772 -0.06333619 0.03827106
v -0.06036967 -0.06266427 0.03717213
v -0.05809772 -0.06333619 0.03827106
v -0.06143659 -0.06279546 0.03684502
v -0.05937767 -0.05705070 0.03720623
v -0.05809772 -0.06333619 0.03827106
v -0.06036967 -0.06266427 0.03717213
v -0.05937767 -0.05705070 0.03720623
v -0.05727207 -0.05739170 0.03824836
v -0.05809772 -0.06333619 0.03827106
v -0.06358039 -0.06214416 0.03647536
v -0.06036967 -0.06266427 0.03717213
v -0.06143659 -0.06279546 0.03684502
v -0.06358039 -0.06214416 0.03647536
v -0.06143659 -0.06279546 0.03684502
v -0.06429290 -0.06233263 0.03646636
v -0.06664443 -0.06164801 0.03673505
v -0.06358039 -0.06214416 0.03647536
v -0.06429290 -0.06233263 0.03646636
v -0.06714910 -0.06186997 0.03684502
v -0.06664443 -0.06164801 0.03673505
v -0.06429290 -0.06233263 0.03646636
v -0.06843280 -0.06162852 0.03724753
v -0.06664443 -0.06164801 0.03673505
v -0.06714910 -0.06186997 0.03684502
v -0.06939494 -0.05542802 0.03824836
v -0.06728941 -0.05576926 0.03720623
v -0.06843280 -0.06162852 0.03724753
v -0.06939494 -0.05542802 0.03824836
v -0.06843280 -0.06162852 0.03724753
v -0.07127767 -0.06120151 0.03890419
v -0.07144963 -0.05509549 0.03992515
v -0.06939494 -0.05542802 0.03824836
v -0.07127767 -0.06120151 0.03890419
v -0.07144963 -0.05509549 0.03992515
v -0.07127767 -0.06120151 0.03890419
v -0.07315939 -0.06089675 0.04078054
v -0.07306760 -0.05483341 0.04203677
v -0.07144963 -0.05509549 0.03992515
v -0.07315939 -0.06089675 0.04078054
v -0.07306760 -0.05483341 0.04203677
v -0.07315939 -0.06089675 0.04078054
v -0.07456350 -0.06066930 0.04304558
v -0.07416194 -0.05465590 0.04446887
v -0.07306760 -0.05483341 0.04203677
v -0.07456350 -0.06066930 0.04304558
v -0.07416194 -0.05465590 0.04446887
v -0.07456350 -0.06066930 0.04304558
v -0.07549220 -0.06051892 0.04589802
v -0.07469862 -0.05456924 0.04732298
v -0.07416194 -0.05465590 0.04446887
v -0.07549220 -0.06051892 0.04589802
v -0.07469862 -0.05456924 0.04732298
v -0.07549220 -0.06051892 0.04589802
v -0.07562983 -0.06049638 0.04899466
v -0.06055957 -0.05797421 0.05910491
v -0.06035959 -0.05689162 0.05896198
v -0.06055790 -0.05797511 0.05889976
v -0.06633561 -0.05592370 0.05902791
v -0.06645911 -0.05703979 0.05912137
v -0.06645971 -0.05703049 0.05889976
vn 0.74557046 0.59995037 0.29014523
vn 0.74557046 0.59995037 0.29014523
vn 0.74557046 0.59995037 0.29014523
vn -0.85378602 0.43692605 0.28309903
vn -0.85378602 0.43692605 0.28309903
vn -0.85378602 0.43692605 0.28309903
vn 0.99825457 0.01961883 0.05570387
vn 0.99825457 0.01961883 0.05570387
vn 0.99825457 0.01961883 0.05570387
vn 0.36456985 0.88778647 -0.28093418
vn 0.36456985 0.88778647 -0.28093418
vn 0.36456985 0.88778647 -0.28093418
vn -0.63533518 0.75636691 -0.15575079
vn -0.63533518 0.75636691 -0.15575079
vn -0.63533518 0.75636691 -0.15575079
vn -0.21011593 0.97001306 0.12217181
vn -0.21011593 0.97001306 0.12217181
vn -0.21011593 0.97001306 0.12217181
vn 0.00000000 0.00000000 1.00000000
vn 0.00000000 0.00000000 1.00000000
vn 0.00000000 0.00000000 1.00000000
vn 0.00000000 0.00000000 1.00000000
vn 0.00000000 0.00000000 1.00000000
vn 0.00000000 0.00000000 1.00000000
vn -0.48464062 0.57008928 0.66341667
vn -0.48464062 0.57008928 0.66341667
vn -0.48464062 0.57008928 0.66341667
vn -0.24477399 0.96795498 -0.05611463
vn -0.24477399 0.96795498 -0.05611463
vn -0.24477399 0.96795498 -0.05611463
vn 0.53802658 0.74488416 -0.39455670
vn 0.53802658 0.74488416 -0.39455670
vn 0.53802658 0.74488416 -0.39455670
vn -0.96123786 -0.01889134 0.27507253
vn -0.96123786 -0.01889134 0.27507253
vn -0.96123786 -0.01889134 0.27507253
vn 0.87690398 0.30825207 0.36880900
vn 0.87690398 0.30825207 0.36880900
vn 0.87690398 0.30825207 0.36880900
vn 0.00000000 0.00000000 1.00000000
vn 0.00000000 0.00000000 1.00000000
vn 0.00000000 0.00000000 1.00000000
vn 0.00000000 0.00000000 1.00000000
vn 0.00000000 0.00000000 1.00000000
vn 0.00000000 0.00000000 1.00000000
vn 0.00000000 0.00000000 1.00000000
vn 0.00000000 0.00000000 1.00000000
vn 0.00000000 0.00000000 1.00000000
vn 0.84922471 -0.04755519 0.52588582
vn 0.84922471 -0.04755519 0.52588582
vn 0.84922471 -0.04755519 0.52588582
vn -0.91393722 0.09339476 0.39496350
vn -0.91393722 0.09339476 0.39496350
vn -0.91393722 0.09339476 0.39496350
vn -0.93344169 -0.32812639 0.14498166
vn -0.93344169 -0.32812639 0.14498166
vn -0.93344169 -0.32812639 0.14498166
vn -0.25376794 0.95781244 -0.13489688
vn -0.25376794 0.95781244 -0.13489688
vn -0.25376794 0.95781244 -0.13489688
vn 0.14795498 0.96924624 0.19664955
vn 0.14795498 0.96924624 0.19664955
vn 0.14795498 0.96924624 0.19664955
vn 0.02023091 0.83566032 0.54887389
vn 0.02023091 0.83566032 0.54887389
vn 0.02023091 0.83566032 0.54887389
vn -0.76701917 -0.63909018 0.05696788
vn -0.76701917 -0.63909018 0.05696788
vn -0.76701917 -0.63909018 0.05696788
vn 0.77494750 -0.63086057 0.03835754
vn 0.77494750 -0.63086057 0.03835754
vn 0.77494750 -0.63086057 0.03835754
vn -0.02254758 -0.93135310 0.36341850
vn -0.02254758 -0.93135310 0.36341850
vn -0.02254758 -0.93135310 0.36341850
vn 0.18284432 -0.72305506 0.66615264
vn 0.18284432 -0.72305506 0.66615264
vn 0.18284432 -0.72305506 0.66615264
vn 0.82062714 0.02811262 0.57077208
vn 0.82062714 0.02811262 0.57077208
vn 0.82062714 0.02811262 0.57077208
vn 0.13514812 0.97018524 0.20118544
vn 0.13514812 0.97018524 0.20118544
vn 0.13514812 0.97018524 0.20118544
vn -0.64089644 -0.75882115 0.11594062
vn -0.64089644 -0.75882115 0.11594062
vn -0.64089644 -0.75882115 0.11594062
vn -0.95654312 -0.03276876 0.28974381
vn -0.95654312 -0.03276876 0.28974381
vn -0.95654312 -0.03276876 0.28974381
vn -0.35025556 -0.86841714 -0.35095970
vn -0.35025556 -0.86841714 -0.35095970
vn -0.35025556 -0.86841714 -0.35095970
vn 0.88692545 -0.45388519 0.08574077
vn 0.88692545 -0.45388519 0.08574077
vn 0.88692545 -0.45388519 0.08574077
vn 0.54968614 -0.69907266 0.45732107
vn 0.54968614 -0.69907266 0.45732107
vn 0.54968614 -0.69907266 0.45732107
vn -0.89233743 -0.42670854 -0.14715205
vn -0.89233743 -0.42670854 -0.14715205
vn -0.89233743 -0.42670854 -0.14715205
vn -0.07315098 -0.97716314 0.19950223
vn -0.07315098 -0.97716314 0.19950223
vn -0.07315098 -0.97716314 0.19950223
vn 0.98248484 -0.11850177 -0.14380843
vn 0.98248484 -0.11850177 -0.14380843
vn 0.98248484 -0.11850177 -0.14380843
vn -0.89161656 -0.43015752 -0.14136625
vn -0.89161656 -0.43015752 -0.14136625
vn -0.89161656 -0.43015752 -0.14136625
vn 0.63807361 -0.75057458 0.17175524
vn 0.63807361 -0.75057458 0.17175524
vn 0.63807361 -0.75057458 0.17175524
vn 0.29371892 -0.93950436 -0.17624064
vn 0.29371892 -0.93950436 -0.17624064
vn 0.29371892 -0.93950436 -0.17624064
vn 0.00000000 0.00000000 1.00000000
vn 0.00000000 0.00000000 1.00000000
vn 0.00000000 0.00000000 1.00000000
vn 0.04331415 -0.11969974 0.99186484
vn 0.04331415 -0.11969974 0.99186484
vn 0.04331415 -0.11969974 0.99186484
vn 0.02613606 0.11248281 0.99330988
vn 0.02613606 0.11248281 0.99330988
vn 0.02613606 0.11248281 0.99330988
vn 0.00000000 0.00000000 1.00000000
vn 0.00000000 0.00000000 1.00000000
vn 0.00000000 0.00000000 1.00000000
vn -0.05487308 -0.35540997 0.93309844
vn -0.05487308 -0.35540997 0.93309844
vn -0.05487308 -0.35540997 0.93309844
vn 0.20339063 0.33407938 0.92033865
vn 0.20339063 0.33407938 0.92033865
vn 0.20339063 0.33407938 0.92033865
vn 0.00577506 0.23091578 0.97295660
vn 0.00577506 0.23091578 0.97295660
vn 0.00577506 0.23091578 0.97295660
vn 0.00000000 0.00000000 1.00000000
vn 0.00000000 0.00000000 1.00000000
vn 0.37697880 -0.17305789 0.90991096
vn 0.37697880 -0.17305789 0.90991096
vn 0.37697880 -0.17305789 0.90991096
vn 0.00000000 0.00000000 1.00000000
vn 0.08644865 0.19718822 0.97654669
vn 0.08644865 0.19718822 0.97654669
vn 0.08644865 0.19718822 0.97654669
vn 0.36889838 0.20830439 0.90582739
vn 0.36889838 0.20830439 0.90582739
vn 0.36889838 0.20830439 0.90582739
vn 0.00000000 0.00000000 1.00000000
vn 0.00000000 0.00000000 1.00000000
vn 0.00000000 0.00000000 1.00000000
vn 0.00000000 0.00000000 1.00000000
vn 0.00000000 0.00000000 1.00000000
vn 0.00000000 0.00000000 1.00000000
vn -0.04005141 -0.31193987 0.94925729
vn -0.04005141 -0.31193987 0.94925729
vn -0.04005141 -0.31193987 0.94925729
vn 0.00000000 0.00000000 1.00000000
vn 0.00000000 0.00000000 1.00000000
vn 0.00000000 0.00000000 1.00000000
vn 0.00000000 0.00000000 1.00000000
vn 0.00000000 0.00000000 1.00000000
vn 0.00000000 0.00000000 1.00000000
vn 0.00000000 0.00000000 1.00000000
vn 0.00000000 0.00000000 1.00000000
vn 0.00000000 0.00000000 1.00000000
vn 0.00000000 0.00000000 1.00000000
vn 0.00000000 0.00000000 1.00000000
vn 0.00000000 0.00000000 1.00000000
vn -0.05793259 -0.04666282 0.99722936
vn -0.05793259 -0.04666282 0.99722936
vn -0.05793259 -0.04666282 0.99722936
vn 0.00000000 0.00000000 1.00000000
vn 0.00704329 0.11082147 0.99381537
vn 0.00704329 0.11082147 0.99381537
vn 0.00704329 0.11082147 0.99381537
vn 0.63715507 -0.51157258 0.57647803
vn 0.63715507 -0.51157258 0.57647803
vn 0.63715507 -0.51157258 0.57647803
vn 0.51620978 -0.85642867 -0.00757597
vn 0.51620978 -0.85642867 -0.00757597
vn 0.51620978 -0.85642867 -0.00757597
vn 0.00056173 0.00029731 0.99999980
vn 0.00030111 0.00046147 0.99999985
vn -0.00020944 0.00046250 0.99999987
vn -0.00086546 0.00041767 0.99999954
vn -0.00060886 0.00002712 0.99999981
vn -0.00046182 -0.00007239 0.99999989
vn 0.00009985 -0.00012227 0.99999999
vn 0.00000000 0.00000000 1.00000000
vn -0.00002907 -0.00012986 0.99999999
vn 0.15546014 0.75485641 0.63720008
vn 0.15546014 0.75485641 0.63720008
vn 0.15546014 0.75485641 0.63720008
vn -0.83698352 -0.20062726 0.50912404
vn -0.83698352 -0.20062726 0.50912404
vn -0.83698352 -0.20062726 0.50912404
vn 0.39655558 0.90513865 0.15319168
vn 0.39655558 0.90513865 0.15319168
vn 0.39655558 0.90513865 0.15319168
vn -0.94308664 0.11522920 -0.31194521
vn -0.94308664 0.11522920 -0.31194521
vn -0.94308664 0.11522920 -0.31194521
vn 0.95288153 -0.10071481 -0.28613513
vn 0.95288153 -0.10071481 -0.28613513
vn 0.95288153 -0.10071481 -0.28613513
vn 0.84531905 -0.35016187 0.40351254
vn 0.84531905 -0.35016187 0.40351254
vn 0.84531905 -0.35016187 0.40351254
vn -0.33005548 0.92620724 0.18221836
vn -0.33005548 0.92620724 0.18221836
vn -0.33005548 0.92620724 0.18221836
vn -0.16128898 0.97602089 -0.14618169
vn -0.16128898 0.97602089 -0.14618169
vn -0.16128898 0.97602089 -0.14618169
vn 0.31496356 -0.90695596 -0.27969421
vn 0.31496356 -0.90695596 -0.27969421
vn 0.31496356 -0.90695596 -0.27969421
vn -0.04098603 -0.92109365 0.38717777
vn -0.04098603 -0.92109365 0.38717777
vn -0.04098603 -0.92109365 0.38717777
vn -0.41698659 -0.80163782 -0.42836781
vn -0.41698659 -0.80163782 -0.42836781
vn -0.41698659 -0.80163782 -0.42836781
vn -0.69900510 -0.70545704 -0.11714190
vn -0.69900510 -0.70545704 -0.11714190
vn -0.69900510 -0.70545704 -0.11714190
vn 0.17181868 0.95456922 0.24346653
vn 0.17181868 0.95456922 0.24346653
vn 0.17181868 0.95456922 0.24346653
vn -0.03686221 0.90366351 -0.42665377
vn -0.03686221 0.90366351 -0.42665377
vn -0.03686221 0.90366351 -0.42665377
vn -0.91339705 0.10673632 0.39282718
vn -0.91339705 0.10673632 0.39282718
vn -0.91339705 0.10673632 0.39282718
vn 0.98768833 -0.08675995 -0.13017092
vn 0.98768833 -0.08675995 -0.13017092
vn 0.98768833 -0.08675995 -0.13017092
vn 0.98916551 -0.08251969 -0.12141700
vn 0.98916551 -0.08251969 -0.12141700
vn 0.98916551 -0.08251969 -0.12141700
vn -0.83577901 -0.39829925 -0.37793010
vn -0.83577901 -0.39829925 -0.37793010
vn -0.83577901 -0.39829925 -0.37793010
vn 0.00000000 0.00000000 1.00000000
vn 0.00000000 0.00000000 1.00000000
vn 0.00000000 0.00000000 1.00000000
vn 0.10322271 -0.09598494 0.99001614
vn 0.10322271 -0.09598494 0.99001614
vn 0.10322271 -0.09598494 0.99001614
vn 0.00000000 0.00000000 1.00000000
vn 0.05324099 0.33237388 0.94164378
vn 0.05324099 0.33237388 0.94164378
vn 0.05324099 0.33237388 0.94164378
vn 0.00000000 0.00000000 1.00000000
vn 0.80323555 -0.47151713 0.36398386
vn 0.80323555 -0.47151713 0.36398386
vn 0.80323555 -0.47151713 0.36398386
vn 0.94759463 -0.31765575 0.03404753
vn 0.94759463 -0.31765575 0.03404753
vn 0.94759463 -0.31765575 0.03404753
vn -0.97657990 -0.21495637 -0.00924443
vn -0.97657990 -0.21495637 -0.00924443
vn -0.97657990 -0.21495637 -0.00924443
vn -0.25618601 -0.96592567 -0.03682825
vn -0.25618601 -0.96592567 -0.03682825
vn -0.25618601 -0.96592567 -0.03682825
vn -0.30996310 -0.95007589 0.03575874
vn -0.30996310 -0.95007589 0.03575874
vn -0.30996310 -0.95007589 0.03575874
vn -0.26422695 0.37909224 0.88683324
vn -0.26422695 0.37909224 0.88683324
vn -0.26422695 0.37909224 0.88683324
vn 0.00000000 0.00000000 1.00000000
vn 0.00000000 0.00000000 1.00000000
vn 0.00000000 0.00000000 1.00000000
vn -0.00395589 0.91022331 0.41409888
vn -0.00395589 0.91022331 0.41409888
vn -0.00395589 0.91022331 0.41409888
vn -0.10332293 -0.64502638 0.75714288
vn -0.10332293 -0.64502638 0.75714288
vn -0.10332293 -0.64502638 0.75714288
vn 0.05580167 -0.99844187 0.00000000
vn 0.05580167 -0.99844187 0.00000000
vn 0.05580167 -0.99844187 0.00000000
vn 0.36037573 0.93280723 0.00000000
vn 0.36037573 0.93280723 0.00000000
vn 0.36037573 0.93280723 0.00000000
vn -0.98813394 0.14465345 0.05163996
vn -0.98813394 0.14465345 0.05163996
vn -0.98813394 0.14465345 0.05163996
vn -0.99145008 0.09598931 -0.08838995
vn -0.99145008 0.09598931 -0.08838995
vn -0.99145008 0.09598931 -0.08838995
vn 0.07160893 0.99414808 0.08088116
vn 0.07160893 0.99414808 0.08088116
vn 0.07160893 0.99414808 0.08088116
vn 0.01780058 0.99694508 -0.07605028
vn 0.01780058 0.99694508 -0.07605028
vn 0.01780058 0.99694508 -0.07605028
vn 0.97996512 -0.18339761 -0.07767682
vn 0.97996512 -0.18339761 -0.07767682
vn 0.97996512 -0.18339761 -0.07767682
vn -0.00834055 -0.00542112 -0.99995052
vn -0.00834055 -0.00542112 -0.99995052
vn -0.00834055 -0.00542112 -0.99995052
vn 0.00554911 0.00509335 -0.99997163
vn 0.00554911 0.00509335 -0.99997163
vn 0.00554911 0.00509335 -0.99997163
vn -0.00989067 -0.00420398 -0.99994225
vn -0.00989067 -0.00420398 -0.99994225
vn -0.00989067 -0.00420398 -0.99994225
vn 0.15972029 0.98716230 0.00011201
vn 0.15960017 0.98718173 0.00010409
vn 0.15967499 0.98716964 0.00000730
vn 0.15996596 0.98712253 -0.00008514
vn 0.15989596 0.98713387 -0.00006423
vn 0.15996786 0.98712222 -0.00010084
vn 0.15966894 0.98717060 0.00018075
vn 0.15982161 0.98714591 -0.00000507
vn 0.15966928 0.98717055 0.00018542
vn 0.15982826 0.98714484 0.00004068
vn 0.16005350 0.98710833 -0.00017633
vn 0.15980871 0.98714800 -0.00000398
vn 0.15983227 0.98714419 -0.00003301
vn 0.16013390 0.98709528 -0.00022329
vn 0.16009988 0.98710078 -0.00028084
vn 0.16016676 0.98708993 -0.00029619
vn 0.15987280 0.98713762 -0.00000798
vn 0.15988388 0.98713582 -0.00010949
vn 0.15988242 0.98713605 -0.00017084
vn 0.15987040 0.98713801 0.00002949
vn 0.15978517 0.98715180 0.00011108
vn 0.15991757 0.98713037 -0.00003506
vn 0.15989971 0.98713323 -0.00026532
vn 0.15967048 0.98717036 0.00008981
vn 0.15987428 0.98713738 -0.00012784
vn 0.15985406 0.98714066 0.00000559
vn 0.15988851 0.98713508 0.00000575
vn 0.15990640 0.98713218 0.00001171
vn 0.15990601 0.98713224 0.00001427
vn 0.15990467 0.98713246 -0.00008487
vn 0.15990715 0.98713206 -0.00004472
vn 0.15987536 0.98713721 -0.00000256
vn 0.16000884 0.98711554 0.00029605
vn 0.16000411 0.98711630 0.00031091
vn 0.15980689 0.98714829 -0.00011013
vn 0.15980146 0.98714916 -0.00014237
vn 0.15988253 0.98713605 0.00000650
vn 0.15986761 0.98713846 -0.00002630
vn 0.15971700 0.98716282 -0.00020687
vn 0.15969120 0.98716699 -0.00024792
vn 0.15988336 0.98713591 -0.00005887
vn 0.15987621 0.98713707 -0.00005572
vn 0.15990431 0.98713252 0.00000376
vn 0.15988231 0.98713608 0.00003322
vn 0.15990140 0.98713299 0.00004751
vn 0.15991935 0.98713008 0.00000776
vn 0.15977977 0.98715268 0.00003703
vn 0.15977022 0.98715423 0.00001888
vn -0.98226293 0.17401909 0.06983474
vn -0.98226293 0.17401909 0.06983474
vn -0.98226293 0.17401909 0.06983474
vn -0.96794851 0.14350863 0.20610909
vn -0.96794851 0.14350863 0.20610909
vn -0.96794851 0.14350863 0.20610909
vn -0.93923080 0.16451895 0.30129558
vn -0.93923080 0.16451895 0.30129558
vn -0.93923080 0.16451895 0.30129558
vn -0.89442393 0.13235663 0.42718563
vn -0.89442393 0.13235663 0.42718563
vn -0.89442393 0.13235663 0.42718563
vn -0.84722000 0.14953291 0.50976287
vn -0.84722000 0.14953291 0.50976287
vn -0.84722000 0.14953291 0.50976287
vn -0.77401179 0.11298572 0.62300880
vn -0.77401179 0.11298572 0.62300880
vn -0.77401179 0.11298572 0.62300880
vn -0.71095910 0.12737116 0.69160231
vn -0.71095910 0.12737116 0.69160231
vn -0.71095910 0.12737116 0.69160231
vn -0.61247932 0.08691005 0.78569442
vn -0.61247932 0.08691005 0.78569442
vn -0.61247932 0.08691005 0.78569442
vn -0.53744262 0.09911480 0.83745549
vn -0.53744262 0.09911480 0.83745549
vn -0.53744262 0.09911480 0.83745549
vn -0.42485587 0.05784283 0.90341114
vn -0.42485587 0.05784283 0.90341114
vn -0.42485587 0.05784283 0.90341114
vn -0.31621042 0.06749358 0.94628515
vn -0.31621042 0.06749358 0.94628515
vn -0.31621042 0.06749358 0.94628515
vn -0.50455295 0.12733913 0.85393856
vn -0.50455295 0.12733913 0.85393856
vn -0.50455295 0.12733913 0.85393856
vn -0.23053831 0.02493481 0.97274372
vn -0.23053831 0.02493481 0.97274372
vn -0.23053831 0.02493481 0.97274372
vn -0.06041027 0.05774524 0.99650192
vn -0.06041027 0.05774524 0.99650192
vn -0.06041027 0.05774524 0.99650192
vn -0.01435226 -0.01686126 0.99975483
vn -0.01435226 -0.01686126 0.99975483
vn -0.01435226 -0.01686126 0.99975483
vn 0.00617881 -0.13381480 0.99098710
vn 0.00617881 -0.13381480 0.99098710
vn 0.00617881 -0.13381480 0.99098710
vn 0.02542285 -0.09447162 0.99520289
vn 0.02542285 -0.09447162 0.99520289
vn 0.02542285 -0.09447162 0.99520289
vn 0.13046566 0.00796579 0.99142083
vn 0.13046566 0.00796579 0.99142083
vn 0.13046566 0.00796579 0.99142083
vn 0.30082247 -0.06112532 0.95171925
vn 0.29803870 -0.05941889 0.95270265
vn 0.29721665 -0.05891526 0.95299069
vn 0.20762637 0.09024300 0.97403670
vn 0.20762637 0.09024300 0.97403670
vn 0.20762637 0.09024300 0.97403670
vn 0.30464421 -0.06347035 0.95034910
vn 0.44914262 -0.06263208 0.89126210
vn 0.44914262 -0.06263208 0.89126210
vn 0.44914262 -0.06263208 0.89126210
vn 0.51520416 -0.09568679 0.85170929
vn 0.51520416 -0.09568679 0.85170929
vn 0.51520416 -0.09568679 0.85170929
vn 0.63223990 -0.09025201 0.76949808
vn 0.63223990 -0.09025201 0.76949808
vn 0.63223990 -0.09025201 0.76949808
vn 0.69401328 -0.12471077 0.70907883
vn 0.69401328 -0.12471077 0.70907883
vn 0.69401328 -0.12471077 0.70907883
vn 0.78803208 -0.11535516 0.60473021
vn 0.78803208 -0.11535516 0.60473021
vn 0.78803208 -0.11535516 0.60473021
vn 0.83586040 -0.14783167 0.52866170
vn 0.83586040 -0.14783167 0.52866170
vn 0.83586040 -0.14783167 0.52866170
vn 0.90304157 -0.13388604 0.40815493
vn 0.90304157 -0.13388604 0.40815493
vn 0.90304157 -0.13388604 0.40815493
vn 0.93889123 -0.17036295 0.29909818
vn 0.93889123 -0.17036295 0.29909818
vn 0.93889123 -0.17036295 0.29909818
vn 0.97325733 -0.13830979 0.18341368
vn 0.97325733 -0.13830979 0.18341368
vn 0.97325733 -0.13830979 0.18341368
vn 0.98970375 -0.14179445 -0.01951480
vn 0.98929209 -0.14441950 -0.02107536
vn 0.98951170 -0.14302671 -0.02024729
vn 0.98997747 -0.14001414 -0.01845677
vn 0.95496170 -0.19058719 -0.22743059
vn 0.95496170 -0.19058719 -0.22743059
vn 0.95496170 -0.19058719 -0.22743059
vn 0.94580448 -0.10311875 -0.30792924
vn 0.94580448 -0.10311875 -0.30792924
vn 0.94580448 -0.10311875 -0.30792924
vn 0.88200655 -0.17956866 -0.43568285
vn 0.88200655 -0.17956866 -0.43568285
vn 0.88200655 -0.17956866 -0.43568285
vn 0.83440090 -0.09133260 -0.54353794
vn 0.83440090 -0.09133260 -0.54353794
vn 0.83440090 -0.09133260 -0.54353794
vn 0.77859940 -0.15965191 -0.60687251
vn 0.77859940 -0.15965191 -0.60687251
vn 0.77859940 -0.15965191 -0.60687251
vn 0.61077864 -0.10594896 -0.78468100
vn 0.61077864 -0.10594896 -0.78468100
vn 0.61077864 -0.10594896 -0.78468100
vn 0.63377344 -0.07004491 -0.77034079
vn 0.63377344 -0.07004491 -0.77034079
vn 0.63377344 -0.07004491 -0.77034079
vn 0.34518696 -0.06292028 -0.93642245
vn 0.34518696 -0.06292028 -0.93642245
vn 0.34518696 -0.06292028 -0.93642245
vn 0.33753704 -0.04057116 -0.94043752
vn 0.33753704 -0.04057116 -0.94043752
vn 0.33753704 -0.04057116 -0.94043752
vn 0.07425445 -0.02594923 -0.99690166
vn 0.07425445 -0.02594923 -0.99690166
vn 0.07425445 -0.02594923 -0.99690166
vn 0.07014966 -0.01522104 -0.99742035
vn 0.07014966 -0.01522104 -0.99742035
vn 0.07014966 -0.01522104 -0.99742035
vn -0.20289800 0.05228075 -0.97780321
vn -0.20289800 0.05228075 -0.97780321
vn -0.20289800 0.05228075 -0.97780321
vn -0.23033842 0.02119373 -0.97287977
vn -0.23033842 0.02119373 -0.97287977
vn -0.23033842 0.02119373 -0.97287977
vn -0.43236777 0.07048321 -0.89893839
vn -0.43356158 0.07310596 -0.89815359
vn -0.43197589 0.06962397 -0.89919371
vn -0.43077692 0.06700033 -0.89996789
vn -0.62806187 0.08473825 -0.77353585
vn -0.62806187 0.08473825 -0.77353585
vn -0.62806187 0.08473825 -0.77353585
vn -0.60507688 0.11336188 -0.78805523
vn -0.60507688 0.11336188 -0.78805523
vn -0.60507688 0.11336188 -0.78805523
vn -0.78415597 0.12774353 -0.60727341
vn -0.78415597 0.12774353 -0.60727341
vn -0.78415597 0.12774353 -0.60727341
vn -0.79377318 0.16661666 -0.58494703
vn -0.79377318 0.16661666 -0.58494703
vn -0.79377318 0.16661666 -0.58494703
vn -0.89917206 0.09745300 -0.42660582
vn -0.89917206 0.09745300 -0.42660582
vn -0.89917206 0.09745300 -0.42660582
vn -0.92299582 0.21837269 -0.31684710
vn -0.92299582 0.21837269 -0.31684710
vn -0.92299582 0.21837269 -0.31684710
vn -0.98537891 0.08240254 -0.14912489
vn -0.98537891 0.08240254 -0.14912489
vn -0.98537891 0.08240254 -0.14912489
vn -0.97502893 0.21984018 -0.03144646
vn -0.97502893 0.21984018 -0.03144646
vn -0.97502893 0.21984018 -0.03144646
vn -0.97508425 0.11333112 0.19070072
vn -0.97508425 0.11333112 0.19070072
vn -0.97508425 0.11333112 0.19070072
vn -0.96824202 0.13896771 0.20783493
vn -0.96824202 0.13896771 0.20783493
vn -0.96824202 0.13896771 0.20783493
vn -0.89874295 0.18141215 0.39918760
vn -0.89874295 0.18141215 0.39918760
vn -0.89874295 0.18141215 0.39918760
vn -0.87897915 0.10226172 0.46576625
vn -0.87897915 0.10226172 0.46576625
vn -0.87897915 0.10226172 0.46576625
vn -0.76097694 0.09661052 0.64154540
vn -0.76097694 0.09661052 0.64154540
vn -0.76097694 0.09661052 0.64154540
vn -0.79180756 0.15488074 0.59080686
vn -0.79180756 0.15488074 0.59080686
vn -0.79180756 0.15488074 0.59080686
vn -0.65733628 0.14192585 0.74011220
vn -0.65733628 0.14192585 0.74011220
vn -0.65733628 0.14192585 0.74011220
vn -0.58446434 0.03474695 0.81067508
vn -0.58446434 0.03474695 0.81067508
vn -0.58446434 0.03474695 0.81067508
vn -0.45684250 0.14162419 0.87820130
vn -0.45684250 0.14162419 0.87820130
vn -0.45684250 0.14162419 0.87820130
vn -0.29343027 -0.01962538 0.95577901
vn -0.29343027 -0.01962538 0.95577901
vn -0.29343027 -0.01962538 0.95577901
vn -0.20216606 0.07205060 0.97669729
vn -0.20216606 0.07205060 0.97669729
vn -0.20216606 0.07205060 0.97669729
vn 0.00703544 -0.02701425 0.99961029
vn 0.00703544 -0.02701425 0.99961029
vn 0.00703544 -0.02701425 0.99961029
vn 0.02748497 -0.00712347 0.99959683
vn 0.02748497 -0.00712347 0.99959683
vn 0.02748497 -0.00712347 0.99959683
vn 0.22690092 -0.02219719 0.97366486
vn 0.22690092 -0.02219719 0.97366486
vn 0.22690092 -0.02219719 0.97366486
vn 0.24546282 -0.05436220 0.96788055
vn 0.24546282 -0.05436220 0.96788055
vn 0.24546282 -0.05436220 0.96788055
vn 0.43664237 -0.06785265 0.89707272
vn 0.43664237 -0.06785265 0.89707272
vn 0.43664237 -0.06785265 0.89707272
vn 0.46031342 -0.04100958 0.88680876
vn 0.46031342 -0.04100958 0.88680876
vn 0.46031342 -0.04100958 0.88680876
vn 0.64219424 -0.15936099 0.74979373
vn 0.64219424 -0.15936099 0.74979373
vn 0.64219424 -0.15936099 0.74979373
vn 0.70765972 -0.06605661 0.70345878
vn 0.70765972 -0.06605661 0.70345878
vn 0.70765972 -0.06605661 0.70345878
vn 0.85203955 -0.15155531 0.50105848
vn 0.85203955 -0.15155531 0.50105848
vn 0.85203955 -0.15155531 0.50105848
vn 0.85260108 -0.15655090 0.49856114
vn 0.85260108 -0.15655090 0.49856114
vn 0.85260108 -0.15655090 0.49856114
vn 0.95317499 -0.14151064 0.26726800
vn 0.95317499 -0.14151064 0.26726800
vn 0.95317499 -0.14151064 0.26726800
vn 0.95335833 -0.16883785 0.25020326
vn 0.95335833 -0.16883785 0.25020326
vn 0.95335833 -0.16883785 0.25020326
vn -0.15988152 -0.98713621 -0.00008717
vn -0.15989147 -0.98713460 -0.00005735
vn -0.15988211 -0.98713611 -0.00007747
vn -0.15989149 -0.98713459 -0.00006567
vn -0.15988975 -0.98713488 0.00000617
vn -0.15988348 -0.98713589 0.00000615
vn -0.15988250 -0.98713605 0.00000127
vn -0.15985493 -0.98714052 0.00004582
vn -0.15976682 -0.98715477 0.00015283
vn -0.15986844 -0.98713833 0.00002493
vn -0.15971926 -0.98716247 0.00012027
vn -0.15980715 -0.98714825 -0.00003005
vn -0.15990546 -0.98713233 -0.00011607
vn -0.16644683 -0.98553748 -0.03180128
vn -0.16644683 -0.98553748 -0.03180128
vn -0.16644683 -0.98553748 -0.03180128
vn -0.15988557 -0.98713556 -0.00000049
vn -0.15988310 -0.98713596 0.00001180
vn -0.15982484 -0.98714539 0.00001149
vn -0.15982404 -0.98714552 0.00001376
vn -0.15987451 -0.98713735 -0.00004130
vn -0.19293946 -0.98084025 -0.02695864
vn -0.19293946 -0.98084025 -0.02695864
vn -0.19293946 -0.98084025 -0.02695864
vn -0.15991404 -0.98713094 0.00000534
vn -0.15988065 -0.98713635 0.00000850
vn -0.15986668 -0.98713862 0.00001351
vn -0.15988151 -0.98713621 0.00000033
vn -0.15987553 -0.98713718 0.00001064
vn -0.15991819 -0.98713025 -0.00018018
vn -0.15992063 -0.98712986 -0.00018986
vn -0.15991177 -0.98713130 -0.00014796
vn -0.15991818 -0.98713027 -0.00009349
vn -0.16010313 -0.98710029 0.00005678
vn -0.16012562 -0.98709664 0.00006334
vn -0.15989168 -0.98713457 0.00001962
vn -0.16012602 -0.98709658 0.00004380
vn -0.16006409 -0.98710662 0.00002541
vn -0.15988729 -0.98713528 0.00004042
vn -0.15987960 -0.98713652 -0.00000546
vn -0.15982853 -0.98714479 0.00002031
vn -0.15987281 -0.98713762 -0.00001303
vn -0.15984518 -0.98714210 0.00003850
vn -0.15990610 -0.98713223 0.00001758
vn -0.15985801 -0.98714002 -0.00001933
vn -0.15986247 -0.98713930 -0.00001999
vn -0.15989383 -0.98713422 -0.00002449
vn -0.15990403 -0.98713256 -0.00006848
vn -0.15988597 -0.98713549 -0.00000422
vn -0.15989220 -0.98713448 0.00000674
vn -0.15988567 -0.98713554 -0.00000287
vn -0.15989886 -0.98713340 0.00001342
vn -0.15989210 -0.98713450 0.00000253
vn 0.97323652 -0.17223905 -0.15213279
vn 0.97323652 -0.17223905 -0.15213279
vn 0.97323652 -0.17223905 -0.15213279
vn 0.97178113 -0.17754955 -0.15529840
vn 0.97178113 -0.17754955 -0.15529840
vn 0.97178113 -0.17754955 -0.15529840
vn 0.90826530 -0.15679122 -0.38790548
vn 0.90826530 -0.15679122 -0.38790548
vn 0.90826530 -0.15679122 -0.38790548
vn 0.91781517 -0.13665239 -0.37274848
vn 0.91781517 -0.13665239 -0.37274848
vn 0.91781517 -0.13665239 -0.37274848
vn 0.81073892 -0.14337194 -0.56757985
vn 0.81073892 -0.14337194 -0.56757985
vn 0.81073892 -0.14337194 -0.56757985
vn 0.82327337 -0.12367493 -0.55400855
vn 0.82327337 -0.12367493 -0.55400855
vn 0.82327337 -0.12367493 -0.55400855
vn 0.66705538 -0.10469217 -0.73761553
vn 0.66705538 -0.10469217 -0.73761553
vn 0.66705538 -0.10469217 -0.73761553
vn 0.67339499 -0.09564417 -0.73306983
vn 0.67339499 -0.09564417 -0.73306983
vn 0.67339499 -0.09564417 -0.73306983
vn 0.49204046 -0.09698458 -0.86515327
vn 0.49204046 -0.09698458 -0.86515327
vn 0.49204046 -0.09698458 -0.86515327
vn 0.47758640 -0.05814168 -0.87665887
vn 0.47758640 -0.05814168 -0.87665887
vn 0.47758640 -0.05814168 -0.87665887
vn 0.25595761 -0.01815909 -0.96651743
vn 0.25595761 -0.01815909 -0.96651743
vn 0.25595761 -0.01815909 -0.96651743
vn 0.23900943 -0.04140678 -0.97013400
vn 0.23900943 -0.04140678 -0.97013400
vn 0.23900943 -0.04140678 -0.97013400
vn 0.02503169 -0.04788924 -0.99853895
vn 0.02503169 -0.04788924 -0.99853895
vn 0.02503169 -0.04788924 -0.99853895
vn -0.02503180 0.04788945 -0.99853894
vn -0.02503180 0.04788945 -0.99853894
vn -0.02503180 0.04788945 -0.99853894
vn -0.25595675 0.01816040 -0.96651764
vn -0.25595675 0.01816040 -0.96651764
vn -0.25595675 0.01816040 -0.96651764
vn -0.23900937 0.04140716 -0.97013400
vn -0.23900937 0.04140716 -0.97013400
vn -0.23900937 0.04140716 -0.97013400
vn -0.47759469 0.05814277 -0.87665428
vn -0.47759469 0.05814277 -0.87665428
vn -0.47759469 0.05814277 -0.87665428
vn -0.50365651 0.12997382 -0.85407080
vn -0.50365651 0.12997382 -0.85407080
vn -0.50365651 0.12997382 -0.85407080
vn -0.69503283 0.05030136 -0.71721624
vn -0.69503283 0.05030136 -0.71721624
vn -0.69503283 0.05030136 -0.71721624
vn -0.72766835 0.17093320 -0.66428955
vn -0.72766835 0.17093320 -0.66428955
vn -0.72766835 0.17093320 -0.66428955
vn -0.88988736 0.09554439 -0.44606250
vn -0.88988736 0.09554439 -0.44606250
vn -0.88988736 0.09554439 -0.44606250
vn -0.87804915 0.12405984 -0.46221082
vn -0.87804915 0.12405984 -0.46221082
vn -0.87804915 0.12405984 -0.46221082
vn -0.94105232 0.20194971 -0.27136111
vn -0.94105232 0.20194971 -0.27136111
vn -0.94105232 0.20194971 -0.27136111
vn -0.98015993 0.10961790 -0.16513761
vn -0.98015993 0.10961790 -0.16513761
vn -0.98015993 0.10961790 -0.16513761
vn -0.97880201 0.20097130 -0.03946094
vn -0.97880201 0.20097130 -0.03946094
vn -0.97880201 0.20097130 -0.03946094
vn -0.99223111 0.10261233 0.07034295
vn -0.99223111 0.10261233 0.07034295
vn -0.99223111 0.10261233 0.07034295
vn -0.94400002 0.24199009 0.22428722
vn -0.94400002 0.24199009 0.22428722
vn -0.94400002 0.24199009 0.22428722
vn -0.92393144 0.06058680 0.37772998
vn -0.92393144 0.06058680 0.37772998
vn -0.92393144 0.06058680 0.37772998
vn -0.81900116 0.20936464 0.53423174
vn -0.81900116 0.20936464 0.53423174
vn -0.81900116 0.20936464 0.53423174
vn -0.79301718 0.10111856 0.60074853
vn -0.79301718 0.10111856 0.60074853
vn -0.79301718 0.10111856 0.60074853
vn -0.63583485 0.10125222 0.76515490
vn -0.63583485 0.10125222 0.76515490
vn -0.63583485 0.10125222 0.76515490
vn -0.61074477 0.14216420 0.77896095
vn -0.61074477 0.14216420 0.77896095
vn -0.61074477 0.14216420 0.77896095
vn -0.36396881 0.01568222 0.93127911
vn -0.36396881 0.01568222 0.93127911
vn -0.36396881 0.01568222 0.93127911
vn -0.29797534 0.10932405 0.94829265
vn -0.29797534 0.10932405 0.94829265
vn -0.29797534 0.10932405 0.94829265
vn -0.06235210 -0.05849465 0.99633859
vn -0.06235210 -0.05849465 0.99633859
vn -0.06235210 -0.05849465 0.99633859
vn 0.05339847 0.06930990 0.99616502
vn 0.05339847 0.06930990 0.99616502
vn 0.05339847 0.06930990 0.99616502
vn 0.23790777 -0.10930249 0.96511805
vn 0.23790777 -0.10930249 0.96511805
vn 0.23790777 -0.10930249 0.96511805
vn 0.36953416 0.02436590 0.92889763
vn 0.36953416 0.02436590 0.92889763
vn 0.36953416 0.02436590 0.92889763
vn 0.51804318 -0.18219176 0.83572569
vn 0.51804318 -0.18219176 0.83572569
vn 0.51804318 -0.18219176 0.83572569
vn 0.65413465 -0.02102109 0.75608596
vn 0.65413465 -0.02102109 0.75608596
vn 0.65413465 -0.02102109 0.75608596
vn 0.76570992 -0.17324980 0.61941329
vn 0.76570992 -0.17324980 0.61941329
vn 0.76570992 -0.17324980 0.61941329
vn 0.82321927 -0.09762261 0.55926725
vn 0.82321927 -0.09762261 0.55926725
vn 0.82321927 -0.09762261 0.55926725
vn 0.88799430 -0.18942305 0.41902867
vn 0.88799430 -0.18942305 0.41902867
vn 0.88799430 -0.18942305 0.41902867
vn 0.93963354 -0.08878756 0.33046268
vn 0.93963354 -0.08878756 0.33046268
vn 0.93963354 -0.08878756 0.33046268
vn 0.96326894 -0.22668965 0.14396094
vn 0.96326894 -0.22668965 0.14396094
vn 0.96326894 -0.22668965 0.14396094
vn 0.99137091 -0.11660847 0.05988471
vn 0.99137091 -0.11660847 0.05988471
vn 0.99137091 -0.11660847 0.05988471
vn 0.12101569 0.91387356 0.38754395
vn 0.12101569 0.91387356 0.38754395
vn 0.12101569 0.91387356 0.38754395
vn 0.15986197 0.98713935 0.00021498
vn 0.15986197 0.98713935 0.00021498
vn 0.15986197 0.98713935 0.00021498
vn 0.15987225 0.98713771 -0.00002451
vn 0.15981632 0.98714677 0.00005350
vn 0.15986516 0.98713886 -0.00005794
vn 0.15985120 0.98714112 -0.00003463
vn 0.15987895 0.98713663 -0.00002261
vn 0.15987644 0.98713703 -0.00002208
vn 0.15988088 0.98713631 -0.00001601
vn 0.15988148 0.98713622 -0.00001051
vn 0.15987948 0.98713654 0.00000239
vn 0.15990379 0.98713260 -0.00001334
vn 0.15989066 0.98713473 -0.00001098
vn 0.15975771 0.98715625 0.00008867
vn 0.15987345 0.98713752 0.00000867
vn 0.15986100 0.98713954 0.00000847
vn 0.15985030 0.98714127 0.00000823
vn 0.15987204 0.98713775 0.00000787
vn 0.15987286 0.98713761 0.00000062
vn 0.15977599 0.98715329 0.00008891
vn 0.15983794 0.98714327 0.00000212
vn 0.15988355 0.98713588 0.00000000
vn 0.15987349 0.98713751 0.00000050
vn 0.15985696 0.98714019 0.00006641
vn 0.15988192 0.98713615 0.00002140
vn 0.15988248 0.98713606 0.00000468
vn 0.15987855 0.98713669 0.00000548
vn 0.15987513 0.98713725 0.00000705
vn 0.15987833 0.98713673 -0.00002659
vn 0.15986821 0.98713837 -0.00001717
vn 0.15984217 0.98714258 -0.00001066
vn 0.15983356 0.98714398 -0.00001496
vn 0.15986502 0.98713888 -0.00001887
vn 0.15986892 0.98713825 -0.00002520
vn 0.15987257 0.98713766 -0.00000640
vn 0.15987797 0.98713679 -0.00000796
vn 0.15987609 0.98713709 -0.00002026
vn 0.15990152 0.98713297 -0.00000231
vn 0.15988482 0.98713568 0.00000746
vn 0.15989009 0.98713482 0.00000721
vn 0.16007540 0.98710479 0.00008482
vn 0.16006887 0.98710584 0.00009557
vn 0.15988636 0.98713543 -0.00000144
vn 0.15987771 0.98713683 -0.00000702
vn 0.15987812 0.98713676 0.00002643
vn 0.15983644 0.98714351 0.00004685
vn -0.15994815 -0.98712542 -0.00001064
vn -0.15993416 -0.98712768 -0.00000537
vn -0.15988922 -0.98713496 0.00000845
vn -0.15988011 -0.98713644 -0.00002475
vn -0.15987965 -0.98713651 -0.00002468
vn -0.15987679 -0.98713698 -0.00002720
vn -0.15988308 -0.98713596 -0.00001940
vn -0.15986784 -0.98713843 0.00002163
vn -0.15986599 -0.98713873 0.00002614
vn -0.15987558 -0.98713717 0.00001550
vn -0.15988317 -0.98713594 -0.00001406
vn -0.15988318 -0.98713594 -0.00000977
vn -0.15987391 -0.98713744 0.00000323
vn -0.15987057 -0.98713798 0.00000804
vn -0.15991431 -0.98713090 -0.00001998
vn -0.15991608 -0.98713061 -0.00001643
vn -0.15987427 -0.98713739 -0.00000106
vn -0.15987119 -0.98713788 -0.00000247
vn -0.15988277 -0.98713601 0.00000898
vn -0.15990361 -0.98713263 -0.00002391
vn -0.15988697 -0.98713533 -0.00000081
vn -0.15988377 -0.98713585 -0.00000970
vn -0.15989732 -0.98713365 -0.00000647
vn -0.15988591 -0.98713550 0.00001362
vn -0.15990156 -0.98713297 -0.00001775
vn -0.15991301 -0.98713111 0.00000022
vn -0.15992840 -0.98712862 0.00000277
vn -0.15988371 -0.98713586 0.00000090
vn -0.15987645 -0.98713703 0.00000359
vn -0.15988007 -0.98713645 -0.00000463
vn -0.15985907 -0.98713985 -0.00000645
vn -0.15987318 -0.98713756 0.00002497
vn -0.15991367 -0.98713100 0.00004889
vn -0.15992897 -0.98712852 0.00005677
vn -0.15989360 -0.98713425 0.00001418
vn -0.15988656 -0.98713540 0.00001805
vn -0.15988540 -0.98713558 0.00001079
vn -0.15991303 -0.98713111 0.00002743
vn -0.15990623 -0.98713221 0.00001972
vn -0.15989270 -0.98713440 0.00000769
vn -0.15988946 -0.98713492 0.00001059
vn -0.15988103 -0.98713629 0.00000260
vn -0.15987472 -0.98713731 0.00000479
vn -0.15988507 -0.98713564 0.00000553
vn -0.15987503 -0.98713726 -0.00001324
vn -0.15986629 -0.98713868 -0.00001543
vn -0.85499602 0.13744463 -0.50009077
vn -0.85499602 0.13744463 -0.50009077
vn -0.85499602 0.13744463 -0.50009077
vn -0.76543232 0.13445604 -0.62931307
vn -0.76543232 0.13445604 -0.62931307
vn -0.76543232 0.13445604 -0.62931307
vn -0.26879108 0.03198250 -0.96266737
vn -0.26879108 0.03198250 -0.96266737
vn -0.26879108 0.03198250 -0.96266737
vn 0.26921850 -0.03092990 -0.96258233
vn 0.26921850 -0.03092990 -0.96258233
vn 0.26921850 -0.03092990 -0.96258233
vn 0.68450500 -0.12557023 -0.71811212
vn 0.68450500 -0.12557023 -0.71811212
vn 0.68450500 -0.12557023 -0.71811212
vn 0.88229893 -0.13853288 -0.44984134
vn 0.88229893 -0.13853288 -0.44984134
vn 0.88229893 -0.13853288 -0.44984134
vn -0.18745463 0.02942849 -0.98183233
vn -0.18745463 0.02942849 -0.98183233
vn -0.18745463 0.02942849 -0.98183233
vn -0.21908087 0.04252901 -0.97477939
vn -0.21908087 0.04252901 -0.97477939
vn -0.21908087 0.04252901 -0.97477939
vn -0.98113326 0.15446602 -0.11626594
vn -0.98113326 0.15446602 -0.11626594
vn -0.98113326 0.15446602 -0.11626594
vn -0.97315110 0.16242120 -0.16308370
vn -0.97315110 0.16242120 -0.16308370
vn -0.97315110 0.16242120 -0.16308370
vn -0.91913268 0.14292283 -0.36710786
vn -0.91913268 0.14292283 -0.36710786
vn -0.91913268 0.14292283 -0.36710786
vn -0.90433717 0.14996605 -0.39960540
vn -0.90433717 0.14996605 -0.39960540
vn -0.90433717 0.14996605 -0.39960540
vn -0.77552440 0.12985390 -0.61781863
vn -0.77552440 0.12985390 -0.61781863
vn -0.77552440 0.12985390 -0.61781863
vn -0.76754158 0.12384454 -0.62892166
vn -0.76754158 0.12384454 -0.62892166
vn -0.76754158 0.12384454 -0.62892166
vn -0.62073545 0.09317126 -0.77846427
vn -0.62073545 0.09317126 -0.77846427
vn -0.62073545 0.09317126 -0.77846427
vn -0.52855564 0.10011944 -0.84297392
vn -0.52855564 0.10011944 -0.84297392
vn -0.52855564 0.10011944 -0.84297392
vn -0.41362344 0.05516248 -0.90877541
vn -0.41362344 0.05516248 -0.90877541
vn -0.41362344 0.05516248 -0.90877541
vn -0.97049492 0.18684927 0.15240393
vn -0.97049492 0.18684927 0.15240393
vn -0.97049492 0.18684927 0.15240393
vn -0.96524752 0.08316941 0.24775003
vn -0.96524752 0.08316941 0.24775003
vn -0.96524752 0.08316941 0.24775003
vn -0.89564885 0.22679384 0.38259338
vn -0.89564885 0.22679384 0.38259338
vn -0.89564885 0.22679384 0.38259338
vn -0.81567298 0.07032151 0.57422337
vn -0.81567298 0.07032151 0.57422337
vn -0.81567298 0.07032151 0.57422337
vn -0.75613738 0.16740571 0.63263860
vn -0.75613738 0.16740571 0.63263860
vn -0.75613738 0.16740571 0.63263860
vn -0.63227794 0.05434885 0.77283298
vn -0.63227794 0.05434885 0.77283298
vn -0.63227794 0.05434885 0.77283298
vn -0.51163183 0.16762826 0.84269427
vn -0.51163183 0.16762826 0.84269427
vn -0.51163183 0.16762826 0.84269427
vn -0.44122438 0.02273466 0.89710879
vn -0.44122438 0.02273466 0.89710879
vn -0.44122438 0.02273466 0.89710879
vn -0.25176380 0.01421211 0.96768435
vn -0.25176380 0.01421211 0.96768435
vn -0.25176380 0.01421211 0.96768435
vn -0.15190354 0.11979909 0.98110830
vn -0.15190354 0.11979909 0.98110830
vn -0.15190354 0.11979909 0.98110830
vn -0.03965748 -0.04288371 0.99829268
vn -0.03965748 -0.04288371 0.99829268
vn -0.03965748 -0.04288371 0.99829268
vn 0.18001037 -0.01241071 0.98358642
vn 0.17874735 -0.01407193 0.98379437
vn 0.18100863 -0.01109695 0.98341890
vn 0.18198792 -0.00980748 0.98325185
vn 0.42885082 -0.08274649 0.89957768
vn 0.42885082 -0.08274649 0.89957768
vn 0.42885082 -0.08274649 0.89957768
vn 0.42428978 -0.07016795 0.90280377
vn 0.42428978 -0.07016795 0.90280377
vn 0.42428978 -0.07016795 0.90280377
vn 0.64167602 -0.13127833 0.75565726
vn 0.64167602 -0.13127833 0.75565726
vn 0.64167602 -0.13127833 0.75565726
vn 0.62728191 -0.08923078 0.77366354
vn 0.62728191 -0.08923078 0.77366354
vn 0.62728191 -0.08923078 0.77366354
vn 0.80793708 -0.08649578 0.58288605
vn 0.80793708 -0.08649578 0.58288605
vn 0.80793708 -0.08649578 0.58288605
vn 0.82849580 -0.21737906 0.51608241
vn 0.82849580 -0.21737906 0.51608241
vn 0.82849580 -0.21737906 0.51608241
vn 0.95392681 -0.06522126 0.29286487
vn 0.95392681 -0.06522126 0.29286487
vn 0.95392681 -0.06522126 0.29286487
vn 0.95947198 -0.21555010 0.18152593
vn 0.95947198 -0.21555010 0.18152593
vn 0.95947198 -0.21555010 0.18152593
vn 0.99204966 -0.12290764 0.02704035
vn 0.99204966 -0.12290764 0.02704035
vn 0.99204966 -0.12290764 0.02704035
vn 0.95861246 -0.14662332 -0.24405686
vn 0.95861246 -0.14662332 -0.24405686
vn 0.95861246 -0.14662332 -0.24405686
vn 0.28017513 -0.04841622 -0.95872716
vn 0.28017513 -0.04841622 -0.95872716
vn 0.28017513 -0.04841622 -0.95872716
vn 0.26473884 -0.03938541 -0.96351551
vn 0.26473884 -0.03938541 -0.96351551
vn 0.26473884 -0.03938541 -0.96351551
vn 0.53095152 -0.08251544 -0.84337518
vn 0.53281962 -0.08352567 -0.84209662
vn 0.53040202 -0.08221852 -0.84374985
vn 0.53326122 -0.08376466 -0.84179330
vn 0.69468760 -0.11989802 -0.70924862
vn 0.69468760 -0.11989802 -0.70924862
vn 0.69468760 -0.11989802 -0.70924862
vn 0.74366108 -0.11412725 -0.65874363
vn 0.74366108 -0.11412725 -0.65874363
vn 0.74366108 -0.11412725 -0.65874363
vn 0.85350858 -0.14249526 -0.50121673
vn 0.85350858 -0.14249526 -0.50121673
vn 0.85350858 -0.14249526 -0.50121673
vn 0.84125991 -0.13257293 -0.52412420
vn 0.84125991 -0.13257293 -0.52412420
vn 0.84125991 -0.13257293 -0.52412420
vn 0.93977157 -0.16111152 -0.30145063
vn 0.93977157 -0.16111152 -0.30145063
vn 0.93977157 -0.16111152 -0.30145063
vn -0.15981978 -0.98714621 0.00001985
vn -0.15982672 -0.98714508 0.00003010
vn -0.15945223 -0.98720565 0.00000221
vn -0.15991514 -0.98713077 -0.00003217
vn -0.15989004 -0.98713483 -0.00000512
vn -0.15990851 -0.98713184 -0.00001213
vn -0.15985038 -0.98714125 0.00005614
vn -0.15985114 -0.98714113 0.00005171
vn -0.15985651 -0.98714026 0.00003305
vn -0.15985993 -0.98713971 0.00000700
vn -0.15989211 -0.98713450 -0.00001923
vn -0.15987201 -0.98713775 0.00000330
vn -0.15991838 -0.98713024 -0.00001235
vn -0.15991657 -0.98713053 -0.00002606
vn -0.15988919 -0.98713497 -0.00001580
vn -0.15990532 -0.98713236 -0.00000241
vn -0.16012956 -0.98709601 -0.00000214
vn -0.15978927 -0.98715115 -0.00000424
vn -0.15990149 -0.98713298 0.00000248
vn -0.16004751 -0.98710931 0.00000323
vn -0.15986874 -0.98713828 0.00000179
vn -0.15988661 -0.98713539 -0.00002460
vn -0.15987278 -0.98713762 -0.00005042
vn -0.15987988 -0.98713648 0.00000192
vn -0.15987773 -0.98713683 0.00000332
vn -0.15988808 -0.98713515 0.00002031
vn -0.15988878 -0.98713504 0.00001721
vn -0.15989081 -0.98713471 -0.00000002
vn -0.15985102 -0.98714115 -0.00001738
vn -0.15984778 -0.98714167 -0.00001717
vn -0.15986263 -0.98713927 -0.00001260
vn -0.15986006 -0.98713969 -0.00002838
vn -0.15987946 -0.98713654 0.00000112
vn -0.15988407 -0.98713580 0.00000679
vn -0.15990058 -0.98713312 0.00001559
vn -0.15990336 -0.98713267 0.00000478
vn -0.15990157 -0.98713296 0.00003086
vn -0.15989987 -0.98713324 0.00002437
vn -0.15990027 -0.98713317 0.00000300
vn -0.15988809 -0.98713515 0.00001356
vn -0.15988348 -0.98713589 -0.00000221
vn -0.15987878 -0.98713666 0.00000023
vn 0.09711209 0.00101078 -0.99527294
vn 0.09711209 0.00101078 -0.99527294
vn 0.09711209 0.00101078 -0.99527294
vn -0.89826593 0.15414905 -0.41152933
vn -0.89826593 0.15414905 -0.41152933
vn -0.89826593 0.15414905 -0.41152933
vn 0.89718462 -0.14309151 -0.41783319
vn 0.89718462 -0.14309151 -0.41783319
vn 0.89718462 -0.14309151 -0.41783319
vn 0.88612534 -0.14792193 -0.43920494
vn 0.88612534 -0.14792193 -0.43920494
vn 0.88612534 -0.14792193 -0.43920494
vn -0.08747765 -0.00174119 -0.99616496
vn -0.08747765 -0.00174119 -0.99616496
vn -0.08747765 -0.00174119 -0.99616496
vn -0.18005343 0.03992988 -0.98284606
vn -0.18005343 0.03992988 -0.98284606
vn -0.18005343 0.03992988 -0.98284606
vn 0.75574951 -0.12397178 -0.64301918
vn 0.75574951 -0.12397178 -0.64301918
vn 0.75574951 -0.12397178 -0.64301918
vn 0.75305827 -0.12154927 -0.64662897
vn 0.75305827 -0.12154927 -0.64662897
vn 0.75305827 -0.12154927 -0.64662897
vn -0.36418507 0.05088879 -0.92993525
vn -0.36418507 0.05088879 -0.92993525
vn -0.36418507 0.05088879 -0.92993525
vn -0.40839440 0.07172111 -0.90998357
vn -0.40839440 0.07172111 -0.90998357
vn -0.40839440 0.07172111 -0.90998357
vn 0.57309734 -0.08634339 -0.81492592
vn 0.57309734 -0.08634339 -0.81492592
vn 0.57309734 -0.08634339 -0.81492592
vn -0.59701560 0.08938712 -0.79723416
vn -0.59701560 0.08938712 -0.79723416
vn -0.59701560 0.08938712 -0.79723416
vn 0.51623323 -0.09687961 -0.85095099
vn 0.51623323 -0.09687961 -0.85095099
vn 0.51623323 -0.09687961 -0.85095099
vn -0.60551952 0.09537511 -0.79009474
vn -0.60551952 0.09537511 -0.79009474
vn -0.60551952 0.09537511 -0.79009474
vn 0.36488232 -0.04656635 -0.92988842
vn 0.36488232 -0.04656635 -0.92988842
vn 0.36488232 -0.04656635 -0.92988842
vn -0.77223783 0.13822116 -0.62011583
vn -0.77223783 0.13822116 -0.62011583
vn -0.77223783 0.13822116 -0.62011583
vn 0.23460667 -0.05493939 -0.97053664
vn 0.23460667 -0.05493939 -0.97053664
vn 0.23460667 -0.05493939 -0.97053664
vn -0.84239068 0.11505771 -0.52644057
vn -0.84239068 0.11505771 -0.52644057
vn -0.84239068 0.11505771 -0.52644057
vn -0.98761620 0.15680502 0.00514048
vn -0.98761620 0.15680502 0.00514048
vn -0.98761620 0.15680502 0.00514048
vn -0.98706402 0.16029798 -0.00303032
vn -0.98726073 0.15910401 -0.00147233
vn -0.98718801 0.15954816 -0.00205180
vn -0.98744309 0.15797513 0.00000000
vn -0.98131695 0.19236818 0.00339521
vn -0.98131695 0.19236818 0.00339521
vn -0.98131695 0.19236818 0.00339521
vn -0.97801502 0.20853446 0.00000000
vn -0.97801502 0.20853446 0.00000000
vn -0.97801502 0.20853446 0.00000000
vn -0.98669919 0.16238696 0.00742927
vn -0.98669919 0.16238696 0.00742927
vn -0.98669919 0.16238696 0.00742927
vn 0.83008408 -0.05757969 0.55465756
vn 0.83008408 -0.05757969 0.55465756
vn 0.83008408 -0.05757969 0.55465756
vn -0.19166367 0.00467346 0.98144954
vn -0.19166367 0.00467346 0.98144954
vn -0.19166367 0.00467346 0.98144954
vn -0.20084799 0.05545046 0.97805180
vn -0.20084799 0.05545046 0.97805180
vn -0.20084799 0.05545046 0.97805180
vn -0.94071081 0.09074460 0.32684643
vn -0.94071081 0.09074460 0.32684643
vn -0.94071081 0.09074460 0.32684643
vn 0.89903017 -0.24080161 0.36573124
vn 0.89903017 -0.24080161 0.36573124
vn 0.89903017 -0.24080161 0.36573124
vn -0.86780118 0.29117396 0.40266466
vn -0.86780118 0.29117396 0.40266466
vn -0.86780118 0.29117396 0.40266466
vn 0.94802078 -0.09077812 0.30498513
vn 0.94802078 -0.09077812 0.30498513
vn 0.94802078 -0.09077812 0.30498513
vn 0.09335934 0.02279921 0.99537140
vn 0.09335934 0.02279921 0.99537140
vn 0.09335934 0.02279921 0.99537140
vn 0.09434177 0.01499279 0.99542697
vn 0.09434177 0.01499279 0.99542697
vn 0.09434177 0.01499279 0.99542697
vn -0.83557877 0.00810292 0.54931089
vn -0.83557877 0.00810292 0.54931089
vn -0.83557877 0.00810292 0.54931089
vn 0.31426437 -0.13051684 0.94032083
vn 0.31426437 -0.13051684 0.94032083
vn 0.31426437 -0.13051684 0.94032083
vn 0.41731875 0.03387331 0.90812866
vn 0.41731875 0.03387331 0.90812866
vn 0.41731875 0.03387331 0.90812866
vn -0.66302351 0.08124616 0.74417665
vn -0.66302351 0.08124616 0.74417665
vn -0.66302351 0.08124616 0.74417665
vn -0.67235808 0.20894592 0.71012409
vn -0.67235808 0.20894592 0.71012409
vn -0.67235808 0.20894592 0.71012409
vn 0.53764736 -0.18903548 0.82170609
vn 0.53764736 -0.18903548 0.82170609
vn 0.53764736 -0.18903548 0.82170609
vn 0.64198494 -0.00348318 0.76670934
vn 0.64198494 -0.00348318 0.76670934
vn 0.64198494 -0.00348318 0.76670934
vn -0.43397430 0.04729178 0.89968316
vn -0.43397430 0.04729178 0.89968316
vn -0.43397430 0.04729178 0.89968316
vn -0.44169824 0.09812628 0.89178131
vn -0.44169824 0.09812628 0.89178131
vn -0.44169824 0.09812628 0.89178131
vn 0.76927888 -0.20534843 0.60501407
vn 0.76927888 -0.20534843 0.60501407
vn 0.76927888 -0.20534843 0.60501407
vn -0.79191958 0.21720732 -0.57068762
vn -0.79191958 0.21720732 -0.57068762
vn -0.79191958 0.21720732 -0.57068762
vn 0.20602355 0.04442402 -0.97753813
vn 0.20602355 0.04442402 -0.97753813
vn 0.20602355 0.04442402 -0.97753813
vn 0.05258175 -0.11754662 -0.99167432
vn 0.05258175 -0.11754662 -0.99167432
vn 0.05258175 -0.11754662 -0.99167432
vn 0.92862462 -0.13895523 -0.34401708
vn 0.92862462 -0.13895523 -0.34401708
vn 0.92862462 -0.13895523 -0.34401708
vn 0.91666289 -0.18119263 -0.35622799
vn 0.91666289 -0.18119263 -0.35622799
vn 0.91666289 -0.18119263 -0.35622799
vn -0.93345829 0.11637264 -0.33928311
vn -0.93345829 0.11637264 -0.33928311
vn -0.93345829 0.11637264 -0.33928311
vn -0.93024589 0.12942795 -0.34335256
vn -0.93024589 0.12942795 -0.34335256
vn -0.93024589 0.12942795 -0.34335256
vn -0.05971275 0.13348798 -0.98924989
vn -0.05971275 0.13348798 -0.98924989
vn -0.05971275 0.13348798 -0.98924989
vn -0.20729115 -0.05317164 -0.97683323
vn -0.20729115 -0.05317164 -0.97683323
vn -0.20729115 -0.05317164 -0.97683323
vn 0.77708916 -0.09477921 -0.62221326
vn 0.77708916 -0.09477921 -0.62221326
vn 0.77708916 -0.09477921 -0.62221326
vn 0.75740059 -0.14736752 -0.63610310
vn 0.75740059 -0.14736752 -0.63610310
vn 0.75740059 -0.14736752 -0.63610310
vn -0.34776953 0.11678283 -0.93027852
vn -0.34776953 0.11678283 -0.93027852
vn -0.34776953 0.11678283 -0.93027852
vn -0.39476897 0.04446031 -0.91770406
vn -0.39476897 0.04446031 -0.91770406
vn -0.39476897 0.04446031 -0.91770406
vn 0.59153814 -0.07450020 -0.80282772
vn 0.59153814 -0.07450020 -0.80282772
vn 0.59153814 -0.07450020 -0.80282772
vn 0.55841256 -0.13711410 -0.81815349
vn 0.55841256 -0.13711410 -0.81815349
vn 0.55841256 -0.13711410 -0.81815349
vn -0.58636239 0.11963982 -0.80116506
vn -0.58636239 0.11963982 -0.80116506
vn -0.58636239 0.11963982 -0.80116506
vn -0.58266691 0.12770660 -0.80261466
vn -0.58266691 0.12770660 -0.80261466
vn -0.58266691 0.12770660 -0.80261466
vn 0.40060963 -0.00402228 -0.91624001
vn 0.40060963 -0.00402228 -0.91624001
vn 0.40060963 -0.00402228 -0.91624001
vn -0.78363598 0.03796891 -0.62005888
vn -0.78363598 0.03796891 -0.62005888
vn -0.78363598 0.03796891 -0.62005888
vn 0.30753580 -0.12876370 -0.94278398
vn 0.30753580 -0.12876370 -0.94278398
vn 0.30753580 -0.12876370 -0.94278398
vn -0.15987819 -0.98713675 0.00000016
vn -0.15996909 -0.98712202 -0.00001342
vn -0.15994167 -0.98712647 0.00000556
vn -0.15987493 -0.98713728 0.00000137
vn -0.15989050 -0.98713476 -0.00000712
vn -0.15987967 -0.98713651 -0.00006696
vn -0.15990519 -0.98713237 -0.00008979
vn -0.15984674 -0.98714184 0.00001934
vn -0.15985455 -0.98714058 0.00001495
vn -0.15986457 -0.98713896 0.00001813
vn -0.15988841 -0.98713509 -0.00000509
vn -0.15986466 -0.98713894 0.00004650
vn -0.15985909 -0.98713984 0.00001077
vn -0.15987504 -0.98713726 0.00003964
vn -0.15983277 -0.98714411 0.00004384
vn -0.15982875 -0.98714476 0.00004886
vn -0.15988512 -0.98713563 -0.00008220
vn -0.15989166 -0.98713457 -0.00007897
vn -0.15978682 -0.98715155 0.00002613
vn -0.15982875 -0.98714476 0.00000028
vn -0.15988364 -0.98713587 0.00004224
vn -0.15988280 -0.98713600 0.00005306
vn -0.15985809 -0.98714001 -0.00001296
vn -0.15988022 -0.98713642 0.00000339
vn -0.15986212 -0.98713935 -0.00003133
vn -0.15987199 -0.98713775 -0.00007808
vn -0.15986652 -0.98713864 -0.00001390
vn -0.15987852 -0.98713670 -0.00000372
vn -0.15988564 -0.98713554 0.00000567
vn -0.15988471 -0.98713569 0.00000273
vn -0.15987880 -0.98713665 0.00000498
vn -0.15991160 -0.98713134 0.00002070
vn -0.15991785 -0.98713033 0.00003143
vn -0.15988549 -0.98713557 0.00000740
vn -0.15988829 -0.98713511 0.00000945
vn -0.15989551 -0.98713395 0.00001759
vn -0.15987740 -0.98713688 -0.00000781
vn -0.15987127 -0.98713787 -0.00002795
vn -0.15986969 -0.98713813 -0.00003613
vn -0.15985240 -0.98714093 -0.00001334
vn -0.15984646 -0.98714189 -0.00001144
vn -0.15987939 -0.98713655 0.00005868
vn -0.15988003 -0.98713645 0.00007070
vn -0.11729419 0.00415739 0.99308851
vn -0.11729419 0.00415739 0.99308851
vn -0.11729419 0.00415739 0.99308851
vn 0.88866241 -0.13138887 0.43933596
vn 0.88866241 -0.13138887 0.43933596
vn 0.88866241 -0.13138887 0.43933596
vn -0.06479881 0.01542229 0.99777917
vn -0.06479881 0.01542229 0.99777917
vn -0.06479881 0.01542229 0.99777917
vn -0.90035840 0.14138179 0.41154093
vn -0.90035840 0.14138179 0.41154093
vn -0.90035840 0.14138179 0.41154093
vn -0.87647038 0.14981025 0.45755499
vn -0.87647038 0.14981025 0.45755499
vn -0.87647038 0.14981025 0.45755499
vn 0.15550584 -0.01507056 0.98772001
vn 0.15550584 -0.01507056 0.98772001
vn 0.15550584 -0.01507056 0.98772001
vn 0.23308439 -0.05310436 0.97100545
vn 0.23308439 -0.05310436 0.97100545
vn 0.23308439 -0.05310436 0.97100545
vn -0.76759020 0.12021845 0.62956557
vn -0.76722463 0.11991014 0.63006977
vn -0.76843147 0.12092894 0.62840216
vn -0.76873367 0.12118449 0.62798317
vn 0.39327993 -0.05458609 0.91779696
vn 0.39327993 -0.05458609 0.91779696
vn 0.39327993 -0.05458609 0.91779696
vn 0.47376520 -0.08472297 0.87656634
vn 0.47376520 -0.08472297 0.87656634
vn 0.47376520 -0.08472297 0.87656634
vn -0.57459364 0.09386338 0.81303863
vn -0.57459364 0.09386338 0.81303863
vn -0.57459364 0.09386338 0.81303863
vn -0.57967774 0.09702567 0.80904867
vn -0.57967774 0.09702567 0.80904867
vn -0.57967774 0.09702567 0.80904867
vn 0.57619270 -0.08409754 0.81297575
vn 0.57619270 -0.08409754 0.81297575
vn 0.57619270 -0.08409754 0.81297575
vn 0.65975572 -0.11800233 0.74215755
vn 0.65975572 -0.11800233 0.74215755
vn 0.65975572 -0.11800233 0.74215755
vn -0.39239127 0.06030472 0.91781939
vn -0.39239127 0.06030472 0.91781939
vn -0.39239127 0.06030472 0.91781939
vn -0.35254806 0.06665251 0.93341700
vn -0.35254806 0.06665251 0.93341700
vn -0.35254806 0.06665251 0.93341700
vn 0.76393035 -0.11322930 0.63528698
vn 0.76393035 -0.11322930 0.63528698
vn 0.76393035 -0.11322930 0.63528698
vn 0.82903733 -0.15026435 0.53862578
vn 0.82903733 -0.15026435 0.53862578
vn 0.82903733 -0.15026435 0.53862578
vn 0.15984163 0.98714267 -0.00006393
vn 0.15984642 0.98714189 -0.00006000
vn 0.15988452 0.98713572 0.00001225
vn 0.15986093 0.98713954 0.00003592
vn 0.15985391 0.98714068 0.00001360
vn 0.15988852 0.98713508 0.00000498
vn 0.15992248 0.98712958 -0.00003189
vn 0.15990988 0.98713162 -0.00002208
vn 0.15978609 0.98715166 0.00007812
vn 0.15988263 0.98713603 -0.00001035
vn 0.15983056 0.98714446 -0.00005509
vn 0.15983105 0.98714438 -0.00004589
vn 0.15976787 0.98715460 0.00012784
vn 0.15977448 0.98715354 0.00009110
vn 0.15977359 0.98715368 0.00012281
vn 0.15990301 0.98713273 0.00000110
vn 0.15989960 0.98713328 0.00000241
vn 0.15987786 0.98713680 0.00003740
vn 0.15987942 0.98713655 0.00004105
vn 0.15994177 0.98712645 0.00002552
vn 0.15994523 0.98712589 0.00002830
vn 0.15988694 0.98713533 0.00001711
vn 0.98784059 -0.15544694 0.00268665
vn 0.98672449 -0.16238093 0.00268673
vn 0.98739099 -0.15827768 0.00268670
vn 0.98451247 -0.17530770 -0.00155468
vn 0.98451247 -0.17530770 -0.00155468
vn 0.98451247 -0.17530770 -0.00155468
vn 0.98705508 -0.16022705 0.00703965
vn 0.98707076 -0.16014751 0.00664031
vn 0.98704238 -0.16029090 0.00736032
vn 0.98597812 -0.16645186 -0.01187135
vn 0.98597812 -0.16645186 -0.01187135
vn 0.98597812 -0.16645186 -0.01187135
vn 0.98707473 -0.16012720 0.00653834
vn 0.98659230 -0.16318212 0.00268673
vn 0.98051553 -0.19039110 -0.04837893
vn 0.98051553 -0.19039110 -0.04837893
vn 0.98051553 -0.19039110 -0.04837893
vn 0.97013491 -0.11490923 -0.21362145
vn 0.97013491 -0.11490923 -0.21362145
vn 0.97013491 -0.11490923 -0.21362145
vn 0.94182640 -0.19100136 -0.27655289
vn 0.94182640 -0.19100136 -0.27655289
vn 0.94182640 -0.19100136 -0.27655289
vn 0.84632690 -0.16170900 -0.50752437
vn 0.84632690 -0.16170900 -0.50752437
vn 0.84632690 -0.16170900 -0.50752437
vn 0.87168702 -0.11318881 -0.47681237
vn 0.87168702 -0.11318881 -0.47681237
vn 0.87168702 -0.11318881 -0.47681237
vn 0.72132309 -0.08458384 -0.68741441
vn 0.72132309 -0.08458384 -0.68741441
vn 0.72132309 -0.08458384 -0.68741441
vn 0.66069751 -0.16061144 -0.73326855
vn 0.66069751 -0.16061144 -0.73326855
vn 0.66069751 -0.16061144 -0.73326855
vn 0.54094652 -0.02865130 -0.84056883
vn 0.54094652 -0.02865130 -0.84056883
vn 0.54094652 -0.02865130 -0.84056883
vn 0.43409209 -0.12093833 -0.89271383
vn 0.43409209 -0.12093833 -0.89271383
vn 0.43409209 -0.12093833 -0.89271383
vn 0.25035966 -0.02366966 -0.96786352
vn 0.25035966 -0.02366966 -0.96786352
vn 0.25035966 -0.02366966 -0.96786352
vn 0.27108004 0.00119870 -0.96255606
vn 0.27108004 0.00119870 -0.96255606
vn 0.27108004 0.00119870 -0.96255606
vn 0.02482887 -0.04755678 -0.99855990
vn 0.02482887 -0.04755678 -0.99855990
vn 0.02482887 -0.04755678 -0.99855990
vn -0.04357068 0.05383114 -0.99759902
vn -0.04357068 0.05383114 -0.99759902
vn -0.04357068 0.05383114 -0.99759902
vn -0.18254411 -0.01023704 -0.98314437
vn -0.18254411 -0.01023704 -0.98314437
vn -0.18254411 -0.01023704 -0.98314437
vn -0.26772336 0.09514466 -0.95878658
vn -0.26772336 0.09514466 -0.95878658
vn -0.26772336 0.09514466 -0.95878658
vn -0.44677496 0.00862564 -0.89460479
vn -0.44677496 0.00862564 -0.89460479
vn -0.44677496 0.00862564 -0.89460479
vn -0.50658838 0.12615126 -0.85290918
vn -0.50658838 0.12615126 -0.85290918
vn -0.50658838 0.12615126 -0.85290918
vn -0.66368159 0.08034650 -0.74368756
vn -0.66368159 0.08034650 -0.74368756
vn -0.66368159 0.08034650 -0.74368756
vn -0.69365263 0.15116642 -0.70426894
vn -0.69365263 0.15116642 -0.70426894
vn -0.69365263 0.15116642 -0.70426894
vn -0.82486753 0.06543808 -0.56152596
vn -0.82486753 0.06543808 -0.56152596
vn -0.82486753 0.06543808 -0.56152596
vn -0.86131631 0.21605141 -0.45984346
vn -0.86131631 0.21605141 -0.45984346
vn -0.86131631 0.21605141 -0.45984346
vn -0.95486555 0.10194499 -0.27899643
vn -0.95486555 0.10194499 -0.27899643
vn -0.95486555 0.10194499 -0.27899643
vn -0.95870946 0.17051599 -0.22759716
vn -0.95870946 0.17051599 -0.22759716
vn -0.95870946 0.17051599 -0.22759716
vn -0.99017356 0.13815952 -0.02163974
vn -0.99017356 0.13815952 -0.02163974
vn -0.99017356 0.13815952 -0.02163974
vn -0.98675476 0.15776481 -0.03775322
vn -0.98675476 0.15776481 -0.03775322
vn -0.98675476 0.15776481 -0.03775322
vn 0.15993578 0.98712742 0.00003281
vn 0.15996520 0.98712265 0.00005107
vn 0.15996781 0.98712223 0.00005331
vn 0.15988160 0.98713620 0.00002827
vn 0.15988590 0.98713550 0.00000891
vn 0.15988698 0.98713533 0.00003146
vn 0.15989412 0.98713417 -0.00003464
vn 0.15988136 0.98713624 0.00002228
vn 0.15991012 0.98713158 -0.00004438
vn 0.15988015 0.98713643 0.00002997
vn 0.15991643 0.98713056 0.00003075
vn 0.15987979 0.98713649 0.00002859
vn 0.15988191 0.98713615 -0.00000749
vn 0.15987711 0.98713692 -0.00000994
vn 0.15987536 0.98713721 -0.00000912
vn 0.15987925 0.98713658 -0.00001900
vn 0.15988668 0.98713538 -0.00001844
vn 0.15986446 0.98713897 0.00002331
vn 0.15988290 0.98713599 0.00001613
vn 0.15980816 0.98714808 -0.00010938
vn 0.15981013 0.98714777 -0.00010449
vn 0.15987526 0.98713722 -0.00000901
vn 0.30751331 -0.03224295 0.95099735
vn 0.30751331 -0.03224295 0.95099735
vn 0.30751331 -0.03224295 0.95099735
vn 0.98581976 -0.15874053 0.05441371
vn 0.98581976 -0.15874053 0.05441371
vn 0.98581976 -0.15874053 0.05441371
vn 0.98373447 -0.16512649 0.07070874
vn 0.98373447 -0.16512649 0.07070874
vn 0.98373447 -0.16512649 0.07070874
vn -0.87818536 0.15615796 0.45211190
vn -0.87818536 0.15615796 0.45211190
vn -0.87818536 0.15615796 0.45211190
vn 0.19841062 -0.04417281 0.97912307
vn 0.19841062 -0.04417281 0.97912307
vn 0.19841062 -0.04417281 0.97912307
vn -0.91161817 0.14018915 0.38639270
vn -0.91161817 0.14018915 0.38639270
vn -0.91161817 0.14018915 0.38639270
vn -0.03748384 0.01355532 0.99920529
vn -0.03748384 0.01355532 0.99920529
vn -0.03748384 0.01355532 0.99920529
vn -0.08380697 0.00886545 0.99644257
vn -0.08380697 0.00886545 0.99644257
vn -0.08380697 0.00886545 0.99644257
vn -0.98150821 0.15775082 0.10842654
vn -0.98150821 0.15775082 0.10842654
vn -0.98150821 0.15775082 0.10842654
vn 0.90523236 -0.14866963 0.39805995
vn 0.90523236 -0.14866963 0.39805995
vn 0.90523236 -0.14866963 0.39805995
vn -0.98265212 0.16530537 0.08407703
vn -0.98265212 0.16530537 0.08407703
vn -0.98265212 0.16530537 0.08407703
vn 0.88544071 -0.12785209 0.44682053
vn 0.88544071 -0.12785209 0.44682053
vn 0.88544071 -0.12785209 0.44682053
vn -0.34310100 0.06326781 0.93716535
vn -0.34310100 0.06326781 0.93716535
vn -0.34310100 0.06326781 0.93716535
vn 0.76476429 -0.13885245 0.62917055
vn 0.76476429 -0.13885245 0.62917055
vn 0.76476429 -0.13885245 0.62917055
vn -0.35849001 0.06039363 0.93157797
vn -0.35849001 0.06039363 0.93157797
vn -0.35849001 0.06039363 0.93157797
vn -0.56527655 0.07938406 0.82107283
vn -0.56527655 0.07938406 0.82107283
vn -0.56527655 0.07938406 0.82107283
vn 0.63766663 -0.08457430 0.76565557
vn 0.63766663 -0.08457430 0.76565557
vn 0.63766663 -0.08457430 0.76565557
vn 0.52124263 -0.10140146 0.84736289
vn 0.52124263 -0.10140146 0.84736289
vn 0.52124263 -0.10140146 0.84736289
vn -0.66364697 0.12496824 0.73753348
vn -0.66364697 0.12496824 0.73753348
vn -0.66364697 0.12496824 0.73753348
vn -0.77278387 0.11325689 0.62448216
vn -0.77278387 0.11325689 0.62448216
vn -0.77278387 0.11325689 0.62448216
vn -0.15986412 -0.98713903 0.00001167
vn -0.15986980 -0.98713811 0.00001298
vn -0.15987030 -0.98713803 0.00000822
vn -0.15988098 -0.98713630 -0.00000819
vn -0.15986482 -0.98713892 0.00000463
vn -0.15987153 -0.98713783 0.00002064
vn -0.15987566 -0.98713716 0.00001237
vn -0.15988198 -0.98713614 0.00000481
vn -0.15987312 -0.98713757 0.00000747
vn -0.15988303 -0.98713597 0.00000758
vn -0.15987483 -0.98713730 -0.00000102
vn -0.15986456 -0.98713896 -0.00002383
vn -0.15986730 -0.98713851 -0.00001610
vn -0.15988138 -0.98713623 -0.00001022
vn -0.15987206 -0.98713774 -0.00000186
vn -0.15987925 -0.98713658 -0.00000006
vn -0.15988044 -0.98713639 0.00000851
vn -0.15988519 -0.98713562 -0.00001498
vn -0.15989717 -0.98713368 -0.00001726
vn -0.15987703 -0.98713694 -0.00001336
vn -0.15988456 -0.98713572 -0.00002210
vn -0.15988035 -0.98713640 -0.00000789
vn -0.15987822 -0.98713675 0.00000984
vn -0.15988086 -0.98713632 -0.00001131
vn -0.15986891 -0.98713825 -0.00000753
vn -0.15988363 -0.98713587 -0.00001822
vn -0.15988287 -0.98713599 -0.00000472
vn -0.15987613 -0.98713708 0.00000026
vn -0.15986874 -0.98713828 0.00000532
vn -0.15987469 -0.98713732 -0.00000739
vn -0.15988502 -0.98713565 -0.00001113
vn -0.15987155 -0.98713783 -0.00000790
vn -0.15987266 -0.98713765 -0.00001650
vn -0.15988517 -0.98713562 0.00000445
vn -0.15988431 -0.98713576 0.00000506
vn -0.15987294 -0.98713760 -0.00001155
vn -0.15987987 -0.98713648 -0.00000206
vn -0.15989118 -0.98713465 0.00000219
vn -0.15988965 -0.98713489 -0.00000583
vn -0.15988667 -0.98713538 -0.00000104
vn -0.15988206 -0.98713612 -0.00000834
vn -0.15987371 -0.98713748 0.00000483
vn -0.15988336 -0.98713591 -0.00000386
vn -0.15987472 -0.98713731 0.00001015
vn -0.15987027 -0.98713803 -0.00000185
vn -0.15989686 -0.98713373 0.00000437
vn -0.15985915 -0.98713983 0.00000596
vn 0.97773334 -0.15240167 -0.14426104
vn 0.97773334 -0.15240167 -0.14426104
vn 0.97773334 -0.15240167 -0.14426104
vn 0.24888218 -0.04094716 -0.96766781
vn 0.24888218 -0.04094716 -0.96766781
vn 0.24888218 -0.04094716 -0.96766781
vn 0.26683746 -0.04042644 -0.96289328
vn 0.26683746 -0.04042644 -0.96289328
vn 0.26683746 -0.04042644 -0.96289328
vn 0.57658018 -0.09719477 -0.81123885
vn 0.57658018 -0.09719477 -0.81123885
vn 0.57658018 -0.09719477 -0.81123885
vn 0.59267661 -0.09566761 -0.79973879
vn 0.59267661 -0.09566761 -0.79973879
vn 0.59267661 -0.09566761 -0.79973879
vn 0.83713643 -0.13100488 -0.53107469
vn 0.83713643 -0.13100488 -0.53107469
vn 0.83713643 -0.13100488 -0.53107469
vn 0.85205026 -0.14011023 -0.50436046
vn 0.85205026 -0.14011023 -0.50436046
vn 0.85205026 -0.14011023 -0.50436046
vn 0.96622026 -0.16106440 -0.20118815
vn 0.96622026 -0.16106440 -0.20118815
vn 0.96622026 -0.16106440 -0.20118815
vn -0.98708270 0.15987414 -0.01039237
vn -0.98707384 0.15966525 -0.01386518
vn -0.98707441 0.15967343 -0.01372974
vn -0.98708280 0.15988214 -0.01025869
vn 0.18449828 0.16059116 0.96962408
vn 0.18449828 0.16059116 0.96962408
vn 0.18449828 0.16059116 0.96962408
vn 0.16480738 -0.06316997 -0.98430081
vn 0.16480738 -0.06316997 -0.98430081
vn 0.16480738 -0.06316997 -0.98430081
vn 0.99426972 -0.10210878 -0.03164689
vn 0.99426972 -0.10210878 -0.03164689
vn 0.99426972 -0.10210878 -0.03164689
vn 0.01711024 -0.00499717 -0.99984112
vn 0.01711024 -0.00499717 -0.99984112
vn 0.01711024 -0.00499717 -0.99984112
vn 0.97575084 -0.21866078 0.00988724
vn 0.97575084 -0.21866078 0.00988724
vn 0.97575084 -0.21866078 0.00988724
vn 0.06540017 -0.01047824 -0.99780410
vn 0.06540017 -0.01047824 -0.99780410
vn 0.06540017 -0.01047824 -0.99780410
vn 0.12539135 0.04007365 -0.99129769
vn 0.12539135 0.04007365 -0.99129769
vn 0.12539135 0.04007365 -0.99129769
vn 0.96307490 -0.09510162 0.25187781
vn 0.96307490 -0.09510162 0.25187781
vn 0.96307490 -0.09510162 0.25187781
vn 0.93181389 -0.21358415 0.29343601
vn 0.93181389 -0.21358415 0.29343601
vn 0.93181389 -0.21358415 0.29343601
vn 0.38445882 -0.01194339 -0.92306488
vn 0.38445882 -0.01194339 -0.92306488
vn 0.38445882 -0.01194339 -0.92306488
vn 0.39970603 -0.11736195 -0.90909915
vn 0.39970603 -0.11736195 -0.90909915
vn 0.39970603 -0.11736195 -0.90909915
vn 0.85401527 -0.07539267 0.51475612
vn 0.85401527 -0.07539267 0.51475612
vn 0.85401527 -0.07539267 0.51475612
vn 0.81003583 -0.19588219 0.55269532
vn 0.81003583 -0.19588219 0.55269532
vn 0.81003583 -0.19588219 0.55269532
vn 0.62719832 -0.04905132 -0.77731348
vn 0.62719832 -0.04905132 -0.77731348
vn 0.62719832 -0.04905132 -0.77731348
vn 0.63780498 -0.15745786 -0.75393092
vn 0.63780498 -0.15745786 -0.75393092
vn 0.63780498 -0.15745786 -0.75393092
vn 0.67610523 -0.04457659 0.73545540
vn 0.67610523 -0.04457659 0.73545540
vn 0.67610523 -0.04457659 0.73545540
vn 0.62057159 -0.16714618 0.76612861
vn 0.62057159 -0.16714618 0.76612861
vn 0.62057159 -0.16714618 0.76612861
vn 0.81922854 -0.07762381 -0.56818936
vn 0.81922854 -0.07762381 -0.56818936
vn 0.81922854 -0.07762381 -0.56818936
vn 0.82243596 -0.18973383 -0.53628366
vn 0.82243596 -0.18973383 -0.53628366
vn 0.82243596 -0.18973383 -0.53628366
vn 0.44379265 -0.00470820 0.89611713
vn 0.44379265 -0.00470820 0.89611713
vn 0.44379265 -0.00470820 0.89611713
vn 0.33893772 -0.19900340 0.91952100
vn 0.33893772 -0.19900340 0.91952100
vn 0.33893772 -0.19900340 0.91952100
vn 0.94496907 -0.09625089 -0.31268072
vn 0.94496907 -0.09625089 -0.31268072
vn 0.94496907 -0.09625089 -0.31268072
vn 0.93823240 -0.21050165 -0.27460702
vn 0.93823240 -0.21050165 -0.27460702
vn 0.93823240 -0.21050165 -0.27460702
vn 0.15988498 0.98713565 -0.00000978
vn 0.15988274 0.98713601 -0.00002687
vn 0.15988586 0.98713551 -0.00002552
vn 0.15987657 0.98713701 -0.00000462
vn 0.15987019 0.98713805 0.00000644
vn 0.15987945 0.98713655 -0.00000778
vn 0.15986476 0.98713893 0.00001243
vn 0.15987825 0.98713674 -0.00000941
vn 0.15990366 0.98713262 -0.00003144
vn 0.15995016 0.98712509 -0.00005559
vn 0.15993867 0.98712695 -0.00004653
vn 0.15988052 0.98713637 -0.00001713
vn 0.15989229 0.98713447 -0.00001685
vn 0.15989771 0.98713359 -0.00001968
vn 0.15987563 0.98713717 -0.00000976
vn 0.15995194 0.98712480 -0.00000548
vn 0.15988663 0.98713538 -0.00002706
vn 0.15993836 0.98712700 0.00000847
vn 0.15988123 0.98713626 -0.00003559
vn 0.15991688 0.98713048 0.00000323
vn 0.15987624 0.98713707 -0.00002392
vn 0.15986302 0.98713921 -0.00000044
vn 0.15985926 0.98713982 -0.00000219
vn 0.15988079 0.98713633 -0.00000824
vn 0.15988074 0.98713634 -0.00000106
vn 0.15988486 0.98713567 -0.00000653
vn 0.15988089 0.98713631 -0.00001135
vn 0.15988164 0.98713619 0.00000222
vn 0.15983446 0.98714383 -0.00004569
vn 0.15987749 0.98713686 -0.00000295
vn 0.15983421 0.98714387 -0.00005257
vn 0.15986336 0.98713915 -0.00000584
vn 0.15987238 0.98713769 -0.00003430
vn 0.15987694 0.98713695 -0.00003080
vn 0.15985514 0.98714048 -0.00000952
vn 0.15985549 0.98714043 -0.00000341
vn 0.15987367 0.98713748 -0.00003564
vn 0.15987102 0.98713791 -0.00003892
vn 0.15986975 0.98713812 0.00000998
vn 0.15987902 0.98713662 0.00000996
vn 0.15988124 0.98713626 -0.00002507
vn -0.99484349 0.10094107 0.00986524
vn -0.99484349 0.10094107 0.00986524
vn -0.99484349 0.10094107 0.00986524
vn -0.97566284 0.21699648 -0.03153658
vn -0.97566284 0.21699648 -0.03153658
vn -0.97566284 0.21699648 -0.03153658
vn -0.06256088 -0.19539077 0.97872804
vn -0.06256088 -0.19539077 0.97872804
vn -0.06256088 -0.19539077 0.97872804
vn -0.10632961 0.07761217 -0.99129731
vn -0.10632961 0.07761217 -0.99129731
vn -0.10632961 0.07761217 -0.99129731
vn -0.06654252 0.01262165 -0.99770376
vn -0.06654252 0.01262165 -0.99770376
vn -0.06654252 0.01262165 -0.99770376
vn -0.17632208 -0.00792001 -0.98430066
vn -0.17632208 -0.00792001 -0.98430066
vn -0.17632208 -0.00792001 -0.98430066
vn -0.13519019 0.15319750 0.97890456
vn -0.13519019 0.15319750 0.97890456
vn -0.13519019 0.15319750 0.97890456
vn -0.95669207 0.09633321 -0.27470020
vn -0.95669207 0.09633321 -0.27470020
vn -0.95669207 0.09633321 -0.27470020
vn -0.92711372 0.20660945 -0.31268623
vn -0.92711372 0.20660945 -0.31268623
vn -0.92711372 0.20660945 -0.31268623
vn -0.39382213 -0.03751331 0.91842086
vn -0.39382213 -0.03751331 0.91842086
vn -0.39382213 -0.03751331 0.91842086
vn -0.42258746 0.13556505 0.89612608
vn -0.42258746 0.13556505 0.89612608
vn -0.42258746 0.13556505 0.89612608
vn -0.84031263 0.07925092 -0.53627789
vn -0.84031263 0.07925092 -0.53627789
vn -0.84031263 0.07925092 -0.53627789
vn -0.80181905 0.18484016 -0.56826079
vn -0.80181905 0.18484016 -0.56826079
vn -0.80181905 0.18484016 -0.56826079
vn -0.64156411 0.03727703 0.76616311
vn -0.64156411 0.03727703 0.76616311
vn -0.64156411 0.03727703 0.76616311
vn -0.65557462 0.17117883 0.73547245
vn -0.65557462 0.17117883 0.73547245
vn -0.65557462 0.17117883 0.73547245
vn -0.65490781 0.05184884 -0.75392802
vn -0.65490781 0.05184884 -0.75392802
vn -0.65490781 0.05184884 -0.75392802
vn -0.61062924 0.15137356 -0.77731459
vn -0.61062924 0.15137356 -0.77731459
vn -0.61062924 0.15137356 -0.77731459
vn -0.83051034 0.06987844 0.55260255
vn -0.83051034 0.06987844 0.55260255
vn -0.83051034 0.06987844 0.55260255
vn -0.41632367 0.01475790 -0.90909670
vn -0.41632367 0.01475790 -0.90909670
vn -0.41632367 0.01475790 -0.90909670
vn -0.83420349 0.19795277 0.51470306
vn -0.83420349 0.19795277 0.51470306
vn -0.83420349 0.19795277 0.51470306
vn -0.36856188 0.11001950 -0.92306980
vn -0.36856188 0.11001950 -0.92306980
vn -0.36856188 0.11001950 -0.92306980
vn -0.95155026 0.09149023 0.29356709
vn -0.95155026 0.09149023 0.29356709
vn -0.95155026 0.09149023 0.29356709
vn -0.94376679 0.21416130 0.25187136
vn -0.94376679 0.21416130 0.25187136
vn -0.94376679 0.21416130 0.25187136
vn -0.96186390 0.16590757 -0.21746841
vn -0.96186390 0.16590757 -0.21746841
vn -0.96186390 0.16590757 -0.21746841
vn -0.90321464 0.13649874 -0.40690468
vn -0.90321464 0.13649874 -0.40690468
vn -0.90321464 0.13649874 -0.40690468
vn -0.85884647 0.14259246 -0.49198590
vn -0.85884647 0.14259246 -0.49198590
vn -0.85884647 0.14259246 -0.49198590
vn -0.68180050 0.10830483 -0.72347643
vn -0.68180050 0.10830483 -0.72347643
vn -0.68180050 0.10830483 -0.72347643
vn -0.69106737 0.11226564 -0.71401843
vn -0.69106737 0.11226564 -0.71401843
vn -0.69106737 0.11226564 -0.71401843
vn -0.44679972 0.07252905 -0.89168915
vn -0.44679972 0.07252905 -0.89168915
vn -0.44679972 0.07252905 -0.89168915
vn -0.43942538 0.07262077 -0.89533880
vn -0.43942538 0.07262077 -0.89533880
vn -0.43942538 0.07262077 -0.89533880
vn -0.20469752 0.03190398 -0.97830520
vn -0.20469752 0.03190398 -0.97830520
vn -0.20469752 0.03190398 -0.97830520
vn -0.19200656 0.03147017 -0.98088894
vn -0.19200656 0.03147017 -0.98088894
vn -0.19200656 0.03147017 -0.98088894
vn 0.22237607 -0.04341239 0.97399397
vn 0.22237607 -0.04341239 0.97399397
vn 0.22237607 -0.04341239 0.97399397
vn 0.15594175 -0.02109317 0.98754101
vn 0.15594175 -0.02109317 0.98754101
vn 0.15594175 -0.02109317 0.98754101
vn -0.93818455 0.14417641 0.31467906
vn -0.93818455 0.14417641 0.31467906
vn -0.93818455 0.14417641 0.31467906
vn 0.97399169 -0.15987160 0.16056546
vn 0.97399169 -0.15987160 0.16056546
vn 0.97399169 -0.15987160 0.16056546
vn 0.96745322 -0.16455838 0.19223631
vn 0.96745322 -0.16455838 0.19223631
vn 0.96745322 -0.16455838 0.19223631
vn -0.97207515 0.16603243 0.16584070
vn -0.97207515 0.16603243 0.16584070
vn -0.97207515 0.16603243 0.16584070
vn -0.98866633 0.15000737 -0.00605623
vn -0.98866633 0.15000737 -0.00605623
vn -0.98866633 0.15000737 -0.00605623
vn -0.16741560 0.02264516 0.98562630
vn -0.16741560 0.02264516 0.98562630
vn -0.16741560 0.02264516 0.98562630
vn -0.22253398 0.04234494 0.97400489
vn -0.22253398 0.04234494 0.97400489
vn -0.22253398 0.04234494 0.97400489
vn 0.89228930 -0.13502822 0.43079832
vn 0.89228930 -0.13502822 0.43079832
vn 0.89228930 -0.13502822 0.43079832
vn 0.79930686 -0.13844496 0.58475767
vn 0.79930686 -0.13844496 0.58475767
vn 0.79930686 -0.13844496 0.58475767
vn -0.49360677 0.07283046 0.86663030
vn -0.49360677 0.07283046 0.86663030
vn -0.49360677 0.07283046 0.86663030
vn 0.70618797 -0.10731224 0.69984473
vn 0.70618797 -0.10731224 0.69984473
vn 0.70618797 -0.10731224 0.69984473
vn -0.58652691 0.10472932 0.80313010
vn -0.58652691 0.10472932 0.80313010
vn -0.58652691 0.10472932 0.80313010
vn 0.56877135 -0.10022644 0.81636622
vn 0.56877135 -0.10022644 0.81636622
vn 0.56877135 -0.10022644 0.81636622
vn -0.75968648 0.11285539 0.64042182
vn -0.75968648 0.11285539 0.64042182
vn -0.75968648 0.11285539 0.64042182
vn 0.44421618 -0.06392136 0.89363641
vn 0.44421618 -0.06392136 0.89363641
vn 0.44421618 -0.06392136 0.89363641
vn -0.84794197 0.14752563 0.50914694
vn -0.84794197 0.14752563 0.50914694
vn -0.84794197 0.14752563 0.50914694
vn -0.98876372 0.14687338 0.02783030
vn -0.98876372 0.14687338 0.02783030
vn -0.98876372 0.14687338 0.02783030
vn -0.98456059 0.17470821 0.01083896
vn -0.98456059 0.17470821 0.01083896
vn -0.98456059 0.17470821 0.01083896
vn -0.95049108 0.12200156 0.28580119
vn -0.95049108 0.12200156 0.28580119
vn -0.95049108 0.12200156 0.28580119
vn -0.95100786 0.16727973 0.26000297
vn -0.95100786 0.16727973 0.26000297
vn -0.95100786 0.16727973 0.26000297
vn -0.84121001 0.18285746 0.50885053
vn -0.84121001 0.18285746 0.50885053
vn -0.84121001 0.18285746 0.50885053
vn -0.82164800 0.08297762 0.56392311
vn -0.82164800 0.08297762 0.56392311
vn -0.82164800 0.08297762 0.56392311
vn -0.68933054 0.15699814 0.70723051
vn -0.68933054 0.15699814 0.70723051
vn -0.68933054 0.15699814 0.70723051
vn -0.65565729 0.06800017 0.75199035
vn -0.65565729 0.06800017 0.75199035
vn -0.65565729 0.06800017 0.75199035
vn -0.44932822 0.09310204 0.88850220
vn -0.44932822 0.09310204 0.88850220
vn -0.44932822 0.09310204 0.88850220
vn -0.45327441 0.10939814 0.88463233
vn -0.45327441 0.10939814 0.88463233
vn -0.45327441 0.10939814 0.88463233
vn -0.19984986 -0.02504371 0.97950643
vn -0.19984986 -0.02504371 0.97950643
vn -0.19984986 -0.02504371 0.97950643
vn -0.10136718 0.09469446 0.99033209
vn -0.10136718 0.09469446 0.99033209
vn -0.10136718 0.09469446 0.99033209
vn 0.07539865 -0.07043537 0.99466271
vn 0.07539865 -0.07043537 0.99466271
vn 0.07539865 -0.07043537 0.99466271
vn 0.20064812 0.03039773 0.97919166
vn 0.20064812 0.03039773 0.97919166
vn 0.20064812 0.03039773 0.97919166
vn 0.33214392 -0.13436339 0.93360961
vn 0.33214392 -0.13436339 0.93360961
vn 0.33214392 -0.13436339 0.93360961
vn 0.49252164 0.03313094 0.86966935
vn 0.49252164 0.03313094 0.86966935
vn 0.49252164 0.03313094 0.86966935
vn 0.62151236 -0.20308389 0.75662363
vn 0.62151236 -0.20308389 0.75662363
vn 0.62151236 -0.20308389 0.75662363
vn 0.76002013 -0.05046664 0.64793712
vn 0.76002013 -0.05046664 0.64793712
vn 0.76002013 -0.05046664 0.64793712
vn 0.81295083 -0.19350486 0.54924204
vn 0.81295083 -0.19350486 0.54924204
vn 0.81295083 -0.19350486 0.54924204
vn 0.89952812 -0.08112498 0.42926437
vn 0.89952812 -0.08112498 0.42926437
vn 0.89952812 -0.08112498 0.42926437
vn 0.94233455 -0.21168433 0.25922066
vn 0.94233455 -0.21168433 0.25922066
vn 0.94233455 -0.21168433 0.25922066
vn 0.97519354 -0.11133941 0.19131412
vn 0.97519354 -0.11133941 0.19131412
vn 0.97519354 -0.11133941 0.19131412
vn 0.98704100 -0.16000344 -0.01220490
vn 0.98704100 -0.16000344 -0.01220490
vn 0.98704100 -0.16000344 -0.01220490
vn 0.98721165 -0.15941120 -0.00110419
vn 0.98721165 -0.15941120 -0.00110419
vn 0.98721165 -0.15941120 -0.00110419
vn 0.97452734 -0.22106565 -0.03776834
vn 0.97452734 -0.22106565 -0.03776834
vn 0.97452734 -0.22106565 -0.03776834
vn 0.98767162 -0.05937362 -0.14484318
vn 0.98767162 -0.05937362 -0.14484318
vn 0.98767162 -0.05937362 -0.14484318
vn 0.92086383 -0.23350816 -0.31222386
vn 0.92086383 -0.23350816 -0.31222386
vn 0.92086383 -0.23350816 -0.31222386
vn 0.83355436 -0.11484849 -0.54036743
vn 0.83355436 -0.11484849 -0.54036743
vn 0.83355436 -0.11484849 -0.54036743
vn 0.85457279 -0.06151125 -0.51567597
vn 0.85457279 -0.06151125 -0.51567597
vn 0.85457279 -0.06151125 -0.51567597
vn 0.65552125 -0.15824494 -0.73841075
vn 0.65552125 -0.15824494 -0.73841075
vn 0.65552125 -0.15824494 -0.73841075
vn 0.59962456 -0.01938683 -0.80004659
vn 0.59962456 -0.01938683 -0.80004659
vn 0.59962456 -0.01938683 -0.80004659
vn 0.47667924 -0.13413690 -0.86878317
vn 0.47667924 -0.13413690 -0.86878317
vn 0.47667924 -0.13413690 -0.86878317
vn 0.31365134 0.04029646 -0.94868279
vn 0.31365134 0.04029646 -0.94868279
vn 0.31365134 0.04029646 -0.94868279
vn 0.18656811 -0.11393553 -0.97581301
vn 0.18656811 -0.11393553 -0.97581301
vn 0.18656811 -0.11393553 -0.97581301
vn -0.09727889 -0.00063910 -0.99525696
vn -0.09727889 -0.00063910 -0.99525696
vn -0.09727889 -0.00063910 -0.99525696
vn -0.04939206 0.06155591 -0.99688078
vn -0.04939206 0.06155591 -0.99688078
vn -0.04939206 0.06155591 -0.99688078
vn -0.35540212 0.04785503 -0.93348767
vn -0.35540212 0.04785503 -0.93348767
vn -0.35540212 0.04785503 -0.93348767
vn -0.33681200 0.06865213 -0.93906579
vn -0.33681200 0.06865213 -0.93906579
vn -0.33681200 0.06865213 -0.93906579
vn -0.55369066 0.06088063 -0.83049395
vn -0.55369066 0.06088063 -0.83049395
vn -0.55369066 0.06088063 -0.83049395
vn -0.52617388 0.09519049 -0.84503244
vn -0.52617388 0.09519049 -0.84503244
vn -0.52617388 0.09519049 -0.84503244
vn -0.72291197 0.16685969 -0.67048947
vn -0.72291197 0.16685969 -0.67048947
vn -0.72291197 0.16685969 -0.67048947
vn -0.79716862 0.03563310 -0.60270429
vn -0.79716862 0.03563310 -0.60270429
vn -0.79716862 0.03563310 -0.60270429
vn -0.86793672 0.21832298 -0.44611762
vn -0.86793672 0.21832298 -0.44611762
vn -0.86793672 0.21832298 -0.44611762
vn -0.96497168 0.08783516 -0.24721374
vn -0.96497168 0.08783516 -0.24721374
vn -0.96497168 0.08783516 -0.24721374
vn -0.95352281 0.13578009 -0.26899445
vn -0.95352281 0.13578009 -0.26899445
vn -0.95352281 0.13578009 -0.26899445
vn -0.48687230 0.86568242 -0.11640154
vn -0.48687230 0.86568242 -0.11640154
vn -0.48687230 0.86568242 -0.11640154
vn -0.02370280 0.98265212 0.18393747
vn -0.02370280 0.98265212 0.18393747
vn -0.02370280 0.98265212 0.18393747
vn 0.34058861 0.92483285 -0.16936232
vn 0.34058861 0.92483285 -0.16936232
vn 0.34058861 0.92483285 -0.16936232
vn 0.92630086 0.36530060 0.09231574
vn 0.92630086 0.36530060 0.09231574
vn 0.92630086 0.36530060 0.09231574
vn 0.92891677 0.37005931 0.01302853
vn 0.92891677 0.37005931 0.01302853
vn 0.92891677 0.37005931 0.01302853
vn -0.77811757 0.62805287 -0.00909015
vn -0.77811757 0.62805287 -0.00909015
vn -0.77811757 0.62805287 -0.00909015
vn -0.77286114 0.63300994 0.04454297
vn -0.77286114 0.63300994 0.04454297
vn -0.77286114 0.63300994 0.04454297
vn 0.99943171 -0.03370832 0.00000000
vn 0.99943171 -0.03370832 0.00000000
vn 0.99943171 -0.03370832 0.00000000
vn -0.94256828 0.33401354 0.00000000
vn -0.94256828 0.33401354 0.00000000
vn -0.94256828 0.33401354 0.00000000
vn 0.15383291 -0.04098574 0.98724648
vn 0.15383291 -0.04098574 0.98724648
vn 0.15383291 -0.04098574 0.98724648
vn -0.02470189 -0.14938673 0.98847024
vn -0.02470189 -0.14938673 0.98847024
vn -0.02470189 -0.14938673 0.98847024
vn -0.05755466 -0.37187123 0.92649838
vn -0.05755466 -0.37187123 0.92649838
vn -0.05755466 -0.37187123 0.92649838
vn -0.13960375 0.00317386 0.99020236
vn -0.13960375 0.00317386 0.99020236
vn -0.13960375 0.00317386 0.99020236
vn -0.00638989 -0.15321863 0.98817165
vn -0.00638989 -0.15321863 0.98817165
vn -0.00638989 -0.15321863 0.98817165
vn 0.95433242 -0.00402989 0.29871959
vn 0.95433242 -0.00402989 0.29871959
vn 0.95433242 -0.00402989 0.29871959
vn -0.86929682 0.39906402 -0.29166923
vn -0.86929682 0.39906402 -0.29166923
vn -0.86929682 0.39906402 -0.29166923
vn -0.78594073 -0.03763998 0.61715509
vn -0.78594073 -0.03763998 0.61715509
vn -0.78594073 -0.03763998 0.61715509
vn 0.15987266 0.98713762 0.00023332
vn 0.15987266 0.98713762 0.00023332
vn 0.15987266 0.98713762 0.00023332
vn 0.97141393 0.04752573 0.23258609
vn 0.97141393 0.04752573 0.23258609
vn 0.97141393 0.04752573 0.23258609
vn -0.95886238 0.26002929 -0.11387586
vn -0.95886238 0.26002929 -0.11387586
vn -0.95886238 0.26002929 -0.11387586
vn 0.13941928 0.86180841 0.48769716
vn 0.13941928 0.86180841 0.48769716
vn 0.13941928 0.86180841 0.48769716
vn 0.25378598 0.96726040 0.00000000
vn 0.25378598 0.96726040 0.00000000
vn 0.25378598 0.96726040 0.00000000
vn -0.98713239 0.15990503 -0.00014175
vn -0.98713239 0.15990503 -0.00014175
vn -0.98713239 0.15990503 -0.00014175
vn -0.13943993 -0.86193609 0.48746557
vn -0.13943993 -0.86193609 0.48746557
vn -0.13943993 -0.86193609 0.48746557
vn -0.06419829 -0.99793716 0.00000000
vn -0.06419829 -0.99793716 0.00000000
vn -0.06419829 -0.99793716 0.00000000
vn 0.98407137 -0.17589665 -0.02576634
vn 0.98407137 -0.17589665 -0.02576634
vn 0.98407137 -0.17589665 -0.02576634
vn 0.98513720 -0.14551462 -0.09126988
vn 0.98513720 -0.14551462 -0.09126988
vn 0.98513720 -0.14551462 -0.09126988
vn 0.93471723 -0.16798919 -0.31318259
vn 0.93471723 -0.16798919 -0.31318259
vn 0.93471723 -0.16798919 -0.31318259
vn 0.90871243 -0.13050546 -0.39649722
vn 0.90871243 -0.13050546 -0.39649722
vn 0.90871243 -0.13050546 -0.39649722
vn 0.83388893 -0.14794018 -0.53173579
vn 0.83388893 -0.14794018 -0.53173579
vn 0.83388893 -0.14794018 -0.53173579
vn 0.78171076 -0.11376357 -0.61317708
vn 0.78171076 -0.11376357 -0.61317708
vn 0.78171076 -0.11376357 -0.61317708
vn 0.66814576 -0.12682295 -0.73314199
vn 0.66814576 -0.12682295 -0.73314199
vn 0.66814576 -0.12682295 -0.73314199
vn 0.62105074 -0.08923310 -0.77867415
vn 0.62105074 -0.08923310 -0.77867415
vn 0.62105074 -0.08923310 -0.77867415
vn 0.31361170 -0.36990184 -0.87454007
vn 0.31361170 -0.36990184 -0.87454007
vn 0.31361170 -0.36990184 -0.87454007
vn 0.41795726 -0.06835668 -0.90589133
vn 0.41795726 -0.06835668 -0.90589133
vn 0.41795726 -0.06835668 -0.90589133
vn 0.43436108 -0.06376060 -0.89847929
vn 0.43436108 -0.06376060 -0.89847929
vn 0.43436108 -0.06376060 -0.89847929
vn 0.24764417 0.29055326 -0.92425709
vn 0.24764417 0.29055326 -0.92425709
vn 0.24764417 0.29055326 -0.92425709
vn 0.08346758 -0.26973933 -0.95930905
vn 0.08346758 -0.26973933 -0.95930905
vn 0.08346758 -0.26973933 -0.95930905
vn -0.04652553 0.22239624 -0.97384562
vn -0.04652553 0.22239624 -0.97384562
vn -0.04652553 0.22239624 -0.97384562
vn -0.15220824 -0.13875244 -0.97856038
vn -0.15220824 -0.13875244 -0.97856038
vn -0.15220824 -0.13875244 -0.97856038
vn -0.27110551 0.14495650 -0.95157207
vn -0.27110551 0.14495650 -0.95157207
vn -0.27110551 0.14495650 -0.95157207
vn -0.43205894 0.07797955 -0.89846773
vn -0.43205894 0.07797955 -0.89846773
vn -0.43205894 0.07797955 -0.89846773
vn -0.49514225 0.06303449 -0.86652225
vn -0.49514225 0.06303449 -0.86652225
vn -0.49514225 0.06303449 -0.86652225
vn -0.61720180 0.11281695 -0.77867469
vn -0.61720180 0.11281695 -0.77867469
vn -0.61720180 0.11281695 -0.77867469
vn -0.69445081 0.09959573 -0.71261403
vn -0.69445081 0.09959573 -0.71261403
vn -0.69445081 0.09959573 -0.71261403
vn -0.77770160 0.13880210 -0.61311842
vn -0.77770160 0.13880210 -0.61311842
vn -0.77770160 0.13880210 -0.61311842
vn -0.83792690 0.12286056 -0.53177420
vn -0.83792690 0.12286056 -0.53177420
vn -0.83792690 0.12286056 -0.53177420
vn -0.89611393 0.15800541 -0.41474584
vn -0.89611393 0.15800541 -0.41474584
vn -0.89611393 0.15800541 -0.41474584
vn -0.93977417 0.13688386 -0.31318896
vn -0.93977417 0.13688386 -0.31318896
vn -0.93977417 0.13688386 -0.31318896
vn -0.96685346 0.17376764 -0.18708072
vn -0.96685346 0.17376764 -0.18708072
vn -0.96685346 0.17376764 -0.18708072
vn -0.98874972 0.14265539 -0.04498246
vn -0.98874972 0.14265539 -0.04498246
vn -0.98874972 0.14265539 -0.04498246
vn -0.98353167 0.18052176 -0.00879458
vn -0.98353167 0.18052176 -0.00879458
vn -0.98353167 0.18052176 -0.00879458
vn 0.99383969 -0.11058566 -0.00731301
vn 0.99383969 -0.11058566 -0.00731301
vn 0.99383969 -0.11058566 -0.00731301
f 1//1 2//2 3//3
f 4//4 5//5 6//6
f 7//7 8//8 9//9
f 10//10 11//11 12//12
f 13//13 14//14 15//15
f 16//16 17//17 18//18
f 19//19 20//20 21//21
f 22//22 23//23 24//24
f 25//25 26//26 27//27
f 28//28 29//29 30//30
f 31//31 32//32 33//33
f 34//34 35//35 36//36
f 37//37 38//38 39//39
f 40//40 41//41 42//42
f 40//40 43//43 41//41
f 44//44 45//45 46//46
f 47//47 45//45 44//44
f 47//47 44//44 48//48
f 49//49 50//50 51//51
f 52//52 53//53 54//54
f 55//55 56//56 57//57
f 58//58 59//59 60//60
f 61//61 62//62 63//63
f 64//64 65//65 66//66
f 67//67 68//68 69//69
f 70//70 71//71 72//72
f 73//73 74//74 75//75
f 76//76 77//77 78//78
f 79//79 80//80 81//81
f 82//82 83//83 84//84
f 85//85 86//86 87//87
f 88//88 89//89 90//90
f 91//91 92//92 93//93
f 94//94 95//95 96//96
f 97//97 98//98 99//99
f 100//100 101//101 102//102
f 103//103 104//104 105//105
f 106//106 107//107 108//108
f 109//109 110//110 111//111
f 112//112 113//113 114//114
f 115//115 116//116 117//117
f 118//118 119//119 120//120
f 121//121 122//122 123//123
f 124//124 125//125 126//126
f 127//127 128//128 129//129
f 130//130 131//131 132//132
f 133//133 134//134 135//135
f 136//136 137//137 138//138
f 139//139 140//140 129//129
f 141//141 142//142 143//143
f 139//139 144//144 140//140
f 145//145 146//146 147//147
f 148//148 149//149 150//150
f 151//151 127//127 129//129
f 151//151 152//152 127//127
f 153//153 119//119 118//118
f 154//154 151//151 155//155
f 155//155 151//151 129//129
f 153//153 156//156 119//119
f 140//140 155//155 129//129
f 157//157 158//158 159//159
f 160//160 161//161 152//152
f 162//162 144//144 139//139
f 162//162 153//153 163//163
f 162//162 156//156 153//153
f 162//162 163//163 144//144
f 127//127 164//164 128//128
f 128//128 164//164 165//165
f 151//151 160//160 152//152
f 166//166 151//151 154//154
f 166//166 154//154 167//167
f 168//168 169//169 170//170
f 168//168 171//171 169//169
f 172//172 173//173 174//174
f 120//120 168//168 170//170
f 118//118 120//120 175//175
f 175//175 120//120 140//140
f 156//156 167//167 119//119
f 156//156 164//164 161//161
f 156//156 161//161 160//160
f 176//176 177//177 178//178
f 156//156 160//160 166//166
f 156//156 166//166 167//167
f 144//144 175//175 140//140
f 179//179 180//180 181//181
f 182//182 183//183 184//184
f 185//185 186//186 187//187
f 188//188 185//185 187//187
f 189//189 190//190 188//188
f 185//185 191//191 186//186
f 192//192 191//191 193//193
f 193//193 191//191 185//185
f 189//189 188//188 187//187
f 194//194 195//195 196//196
f 197//197 198//198 199//199
f 200//200 201//201 202//202
f 203//203 204//204 205//205
f 206//206 207//207 208//208
f 209//209 210//210 211//211
f 212//212 213//213 214//214
f 215//215 216//216 217//217
f 218//218 219//219 220//220
f 221//221 222//222 223//223
f 224//224 225//225 226//226
f 227//227 228//228 229//229
f 230//230 231//231 232//232
f 233//233 234//234 235//235
f 236//236 237//237 238//238
f 239//239 240//240 241//241
f 242//242 243//243 244//244
f 245//245 246//246 247//247
f 248//248 249//249 250//250
f 251//251 252//252 253//253
f 254//254 249//249 248//248
f 255//255 256//256 257//257
f 254//254 248//248 258//258
f 259//259 260//260 261//261
f 262//262 263//263 264//264
f 265//265 266//266 267//267
f 268//268 269//269 270//270
f 271//271 272//272 273//273
f 274//274 275//275 276//276
f 277//277 278//278 279//279
f 280//280 281//281 282//282
f 283//283 284//284 285//285
f 286//286 287//287 288//288
f 289//289 290//290 291//291
f 292//292 293//293 294//294
f 295//295 296//296 297//297
f 298//298 299//299 300//300
f 301//301 302//302 303//303
f 304//304 305//305 306//306
f 307//307 308//308 309//309
f 310//310 311//311 312//312
f 313//313 314//314 315//315
f 316//316 317//317 318//318
f 319//319 320//320 321//321
f 322//322 323//323 324//324
f 325//325 322//322 324//324
f 316//316 326//326 317//317
f 325//325 324//324 327//327
f 328//328 323//323 322//322
f 329//329 326//326 316//316
f 330//330 319//319 321//321
f 330//330 321//321 331//331
f 329//329 331//331 326//326
f 330//330 331//331 329//329
f 320//320 332//332 333//333
f 333//333 332//332 334//334
f 335//335 323//323 328//328
f 335//335 336//336 323//323
f 325//325 327//327 337//337
f 338//338 325//325 337//337
f 339//339 336//336 335//335
f 340//340 338//338 337//337
f 339//339 341//341 336//336
f 342//342 341//341 339//339
f 343//343 341//341 342//342
f 344//344 343//343 342//342
f 345//345 346//346 340//340
f 347//347 343//343 344//344
f 348//348 346//346 345//345
f 349//349 346//346 348//348
f 350//350 347//347 344//344
f 351//351 347//347 350//350
f 352//352 349//349 348//348
f 353//353 349//349 352//352
f 354//354 351//351 350//350
f 355//355 351//351 354//354
f 356//356 353//353 352//352
f 357//357 353//353 356//356
f 358//358 357//357 356//356
f 359//359 355//355 354//354
f 359//359 354//354 360//360
f 361//361 358//358 356//356
f 332//332 359//359 360//360
f 334//334 332//332 360//360
f 362//362 358//358 361//361
f 363//363 358//358 362//362
f 318//318 363//363 362//362
f 318//318 317//317 363//363
f 320//320 333//333 321//321
f 364//364 365//365 366//366
f 367//367 368//368 369//369
f 370//370 371//371 372//372
f 373//373 374//374 375//375
f 376//376 377//377 378//378
f 379//379 380//380 381//381
f 382//382 383//383 384//384
f 385//385 386//386 387//387
f 388//388 389//389 390//390
f 391//391 392//392 393//393
f 394//394 395//395 396//396
f 397//397 398//398 399//399
f 400//400 401//401 402//402
f 403//403 404//404 405//405
f 406//406 407//407 408//408
f 409//409 410//410 411//411
f 412//412 413//413 414//414
f 415//415 416//416 417//417
f 418//418 419//419 420//420
f 421//421 422//422 423//423
f 418//418 424//424 419//419
f 425//425 426//426 427//427
f 428//428 429//429 430//430
f 431//431 432//432 433//433
f 434//434 435//435 436//436
f 437//437 438//438 439//439
f 440//440 441//441 442//442
f 443//443 444//444 445//445
f 446//446 447//447 448//448
f 449//449 450//450 451//451
f 452//452 453//453 454//454
f 452//452 454//454 455//455
f 456//456 457//457 458//458
f 459//459 460//460 461//461
f 462//462 463//463 464//464
f 465//465 466//466 467//467
f 468//468 469//469 470//470
f 471//471 472//472 473//473
f 474//474 475//475 476//476
f 477//477 478//478 479//479
f 480//480 481//481 482//482
f 483//483 484//484 485//485
f 486//486 487//487 488//488
f 489//489 490//490 491//491
f 492//492 493//493 494//494
f 495//495 496//496 497//497
f 498//498 495//495 497//497
f 499//499 500//500 501//501
f 502//502 503//503 504//504
f 505//505 506//506 507//507
f 508//508 509//509 510//510
f 511//511 512//512 513//513
f 514//514 515//515 516//516
f 517//517 518//518 519//519
f 520//520 521//521 522//522
f 523//523 524//524 525//525
f 526//526 527//527 528//528
f 529//529 530//530 531//531
f 532//532 533//533 534//534
f 535//535 536//536 537//537
f 538//538 539//539 540//540
f 541//541 542//542 543//543
f 544//544 545//545 546//546
f 547//547 548//548 549//549
f 550//550 551//551 552//552
f 553//553 554//554 555//555
f 556//556 557//557 558//558
f 559//559 560//560 561//561
f 562//562 563//563 564//564
f 565//565 566//566 567//567
f 568//568 569//569 570//570
f 571//571 572//572 573//573
f 574//574 575//575 576//576
f 577//577 578//578 579//579
f 580//580 581//581 582//582
f 583//583 584//584 585//585
f 586//586 587//587 588//588
f 589//589 590//590 591//591
f 592//592 593//593 594//594
f 592//592 595//595 593//593
f 596//596 597//597 598//598
f 599//599 600//600 601//601
f 602//602 600//600 599//599
f 602//602 603//603 600//600
f 604//604 599//599 601//601
f 605//605 606//606 607//607
f 608//608 594//594 609//609
f 608//608 592//592 594//594
f 610//610 611//611 597//597
f 610//610 597//597 596//596
f 612//612 603//603 602//602
f 613//613 614//614 615//615
f 612//612 616//616 603//603
f 617//617 608//608 609//609
f 618//618 611//611 610//610
f 619//619 616//616 612//612
f 618//618 620//620 611//611
f 621//621 604//604 622//622
f 621//621 622//622 623//623
f 617//617 609//609 620//620
f 618//618 617//617 620//620
f 624//624 621//621 623//623
f 625//625 626//626 616//616
f 625//625 616//616 619//619
f 624//624 623//623 627//627
f 625//625 628//628 626//626
f 629//629 628//628 625//625
f 630//630 624//624 627//627
f 630//630 627//627 631//631
f 632//632 628//628 629//629
f 633//633 630//630 631//631
f 634//634 632//632 629//629
f 635//635 632//632 634//634
f 636//636 633//633 631//631
f 637//637 636//636 631//631
f 638//638 635//635 634//634
f 639//639 635//635 638//638
f 640//640 636//636 637//637
f 641//641 640//640 637//637
f 642//642 639//639 638//638
f 641//641 643//643 640//640
f 642//642 638//638 593//593
f 644//644 643//643 641//641
f 595//595 642//642 593//593
f 644//644 598//598 643//643
f 596//596 598//598 644//644
f 645//645 646//646 647//647
f 648//648 649//649 650//650
f 651//651 652//652 653//653
f 654//654 655//655 656//656
f 657//657 658//658 659//659
f 660//660 661//661 662//662
f 663//663 664//664 665//665
f 666//666 667//667 668//668
f 669//669 670//670 671//671
f 672//672 673//673 674//674
f 675//675 676//676 677//677
f 678//678 679//679 680//680
f 681//681 682//682 683//683
f 684//684 685//685 686//686
f 687//687 688//688 689//689
f 690//690 691//691 692//692
f 693//693 694//694 695//695
f 696//696 697//697 698//698
f 699//699 700//700 701//701
f 702//702 703//703 704//704
f 705//705 706//706 707//707
f 708//708 709//709 710//710
f 711//711 712//712 713//713
f 714//714 715//715 716//716
f 717//717 718//718 719//719
f 720//720 721//721 722//722
f 723//723 724//724 725//725
f 726//726 727//727 728//728
f 729//729 730//730 731//731
f 732//732 733//733 734//734
f 735//735 736//736 737//737
f 738//738 739//739 740//740
f 741//741 742//742 743//743
f 744//744 745//745 746//746
f 747//747 748//748 749//749
f 750//750 751//751 752//752
f 753//753 754//754 755//755
f 756//756 757//757 758//758
f 759//759 760//760 761//761
f 762//762 763//763 764//764
f 765//765 766//766 767//767
f 768//768 769//769 770//770
f 771//771 772//772 773//773
f 774//774 775//775 776//776
f 777//777 778//778 779//779
f 780//780 781//781 782//782
f 783//783 784//784 785//785
f 786//786 787//787 788//788
f 789//789 790//790 791//791
f 789//789 791//791 792//792
f 793//793 794//794 795//795
f 796//796 793//793 795//795
f 797//797 798//798 799//799
f 800//800 790//790 789//789
f 797//797 799//799 801//801
f 802//802 799//799 798//798
f 802//802 803//803 799//799
f 804//804 797//797 801//801
f 796//796 795//795 805//805
f 800//800 806//806 790//790
f 807//807 803//803 802//802
f 804//804 801//801 808//808
f 809//809 796//796 805//805
f 810//810 806//806 800//800
f 810//810 811//811 806//806
f 812//812 804//804 808//808
f 809//809 805//805 811//811
f 809//809 811//811 810//810
f 813//813 814//814 803//803
f 813//813 803//803 807//807
f 815//815 812//812 808//808
f 815//815 808//808 816//816
f 817//817 814//814 813//813
f 817//817 818//818 814//814
f 819//819 815//815 816//816
f 819//819 816//816 820//820
f 821//821 818//818 817//817
f 822//822 821//821 817//817
f 823//823 819//819 820//820
f 824//824 823//823 820//820
f 825//825 821//821 822//822
f 826//826 821//821 825//825
f 827//827 823//823 824//824
f 828//828 827//827 824//824
f 829//829 826//826 825//825
f 830//830 826//826 829//829
f 831//831 827//827 828//828
f 832//832 831//831 828//828
f 830//830 829//829 794//794
f 792//792 831//831 832//832
f 793//793 830//830 794//794
f 792//792 791//791 831//831
f 833//833 834//834 835//835
f 836//836 837//837 838//838
f 836//836 838//838 839//839
f 840//840 841//841 842//842
f 843//843 839//839 844//844
f 845//845 840//840 842//842
f 843//843 836//836 839//839
f 840//840 846//846 841//841
f 847//847 848//848 834//834
f 847//847 834//834 833//833
f 845//845 842//842 849//849
f 850//850 846//846 840//840
f 851//851 845//845 849//849
f 847//847 852//852 848//848
f 853//853 843//843 844//844
f 850//850 854//854 846//846
f 853//853 844//844 855//855
f 851//851 849//849 856//856
f 857//857 852//852 847//847
f 857//857 855//855 852//852
f 857//857 853//853 855//855
f 858//858 859//859 854//854
f 858//858 854//854 850//850
f 851//851 856//856 860//860
f 861//861 851//851 860//860
f 858//858 862//862 859//859
f 863//863 862//862 858//858
f 861//861 860//860 864//864
f 865//865 861//861 864//864
f 865//865 864//864 866//866
f 867//867 862//862 863//863
f 868//868 862//862 867//867
f 869//869 868//868 867//867
f 870//870 865//865 866//866
f 871//871 865//865 870//870
f 872//872 868//868 869//869
f 872//872 869//869 873//873
f 874//874 875//875 871//871
f 874//874 871//871 870//870
f 876//876 872//872 873//873
f 876//876 873//873 877//877
f 835//835 875//875 874//874
f 837//837 876//876 877//877
f 837//837 877//877 878//878
f 837//837 878//878 838//838
f 835//835 834//834 875//875
f 879//879 880//880 881//881
f 882//882 883//883 884//884
f 885//885 886//886 887//887
f 888//888 889//889 890//890
f 891//891 892//892 893//893
f 894//894 895//895 896//896
f 897//897 898//898 899//899
f 900//900 901//901 902//902
f 903//903 904//904 905//905
f 906//906 907//907 908//908
f 909//909 910//910 911//911
f 912//912 913//913 914//914
f 915//915 916//916 917//917
f 918//918 919//919 920//920
f 921//921 922//922 923//923
f 924//924 925//925 926//926
f 927//927 928//928 929//929
f 930//930 931//931 932//932
f 933//933 934//934 935//935
f 936//936 937//937 938//938
f 939//939 940//940 941//941
f 942//942 943//943 944//944
f 945//945 946//946 947//947
f 948//948 949//949 950//950
f 951//951 952//952 953//953
f 954//954 955//955 956//956
f 957//957 958//958 959//959
f 960//960 961//961 962//962
f 963//963 964//964 965//965
f 966//966 963//963 965//965
f 967//967 968//968 969//969
f 970//970 971//971 972//972
f 973//973 974//974 975//975
f 976//976 977//977 978//978
f 979//979 980//980 981//981
f 982//982 983//983 984//984
f 985//985 986//986 987//987
f 988//988 989//989 990//990
f 991//991 992//992 993//993
f 994//994 995//995 996//996
f 997//997 998//998 999//999
f 1000//1000 1001//1001 1002//1002
f 1003//1003 1004//1004 1005//1005
f 1006//1006 1004//1004 1003//1003
f 1007//1007 1008//1008 1009//1009
f 1010//1010 1011//1011 1012//1012
f 1013//1013 1014//1014 1015//1015
f 1016//1016 1017//1017 1018//1018
f 1019//1019 1020//1020 1021//1021
f 1022//1022 1023//1023 1024//1024
f 1025//1025 1026//1026 1027//1027
f 1028//1028 1029//1029 1030//1030
f 1031//1031 1028//1028 1030//1030
f 1025//1025 1027//1027 1032//1032
f 1026//1026 1033//1033 1027//1027
f 1034//1034 1023//1023 1022//1022
f 1034//1034 1035//1035 1023//1023
f 1031//1031 1030//1030 1035//1035
f 1036//1036 1025//1025 1032//1032
f 1034//1034 1031//1031 1035//1035
f 1037//1037 1033//1033 1038//1038
f 1038//1038 1033//1033 1039//1039
f 1040//1040 1022//1022 1041//1041
f 1041//1041 1022//1022 1024//1024
f 1042//1042 1033//1033 1026//1026
f 1036//1036 1032//1032 1043//1043
f 1044//1044 1036//1036 1043//1043
f 1039//1039 1033//1033 1042//1042
f 1045//1045 1043//1043 1046//1046
f 1045//1045 1044//1044 1043//1043
f 1047//1047 1045//1045 1046//1046
f 1048//1048 1045//1045 1047//1047
f 1037//1037 1038//1038 1049//1049
f 1050//1050 1037//1037 1049//1049
f 1051//1051 1050//1050 1049//1049
f 1052//1052 1048//1048 1047//1047
f 1053//1053 1048//1048 1052//1052
f 1054//1054 1050//1050 1051//1051
f 1055//1055 1054//1054 1051//1051
f 1056//1056 1053//1053 1052//1052
f 1057//1057 1056//1056 1052//1052
f 1058//1058 1054//1054 1055//1055
f 1059//1059 1058//1058 1055//1055
f 1060//1060 1056//1056 1057//1057
f 1040//1040 1060//1060 1057//1057
f 1061//1061 1058//1058 1059//1059
f 1041//1041 1060//1060 1040//1040
f 1062//1062 1061//1061 1059//1059
f 1063//1063 1061//1061 1062//1062
f 1063//1063 1062//1062 1029//1029
f 1028//1028 1063//1063 1029//1029
f 1064//1064 1065//1065 1066//1066
f 1067//1067 1068//1068 1069//1069
f 1070//1070 1071//1071 1072//1072
f 1073//1073 1074//1074 1075//1075
f 1076//1076 1077//1077 1078//1078
f 1079//1079 1080//1080 1081//1081
f 1082//1082 1083//1083 1084//1084
f 1085//1085 1086//1086 1087//1087
f 1088//1088 1089//1089 1090//1090
f 1091//1091 1092//1092 1093//1093
f 1094//1094 1095//1095 1096//1096
f 1097//1097 1098//1098 1099//1099
f 1100//1100 1101//1101 1102//1102
f 1103//1103 1104//1104 1105//1105
f 1106//1106 1107//1107 1108//1108
f 1109//1109 1110//1110 1111//1111
f 1112//1112 1113//1113 1114//1114
f 1115//1115 1116//1116 1117//1117
f 1118//1118 1119//1119 1120//1120
f 1121//1121 1122//1122 1123//1123
f 1123//1123 1122//1122 1124//1124
f 1125//1125 1126//1126 1127//1127
f 1128//1128 1129//1129 1130//1130
f 1131//1131 1132//1132 1133//1133
f 1134//1134 1135//1135 1136//1136
f 1137//1137 1138//1138 1139//1139
f 1140//1140 1141//1141 1142//1142
f 1143//1143 1144//1144 1145//1145
f 1146//1146 1147//1147 1148//1148
f 1149//1149 1150//1150 1151//1151
f 1152//1152 1153//1153 1154//1154
f 1155//1155 1156//1156 1157//1157
f 1158//1158 1159//1159 1160//1160
f 1161//1161 1162//1162 1163//1163
f 1164//1164 1165//1165 1166//1166
f 1167//1167 1168//1168 1169//1169
f 1170//1170 1171//1171 1172//1172
f 1173//1173 1174//1174 1175//1175
f 1176//1176 1177//1177 1178//1178
f 1179//1179 1180//1180 1181//1181
f 1182//1182 1183//1183 1184//1184
f 1185//1185 1186//1186 1187//1187
f 1188//1188 1189//1189 1190//1190
f 1191//1191 1192//1192 1193//1193
f 1194//1194 1195//1195 1196//1196
f 1197//1197 1198//1198 1199//1199
f 1200//1200 1201//1201 1202//1202
f 1203//1203 1204//1204 1205//1205
f 1206//1206 1207//1207 1208//1208
f 1209//1209 1210//1210 1211//1211
f 1212//1212 1213//1213 1214//1214
f 1215//1215 1216//1216 1217//1217
f 1218//1218 1219//1219 1220//1220
f 1221//1221 1222//1222 1223//1223
f 1224//1224 1225//1225 1226//1226
f 1227//1227 1228//1228 1229//1229
f 1230//1230 1231//1231 1232//1232
f 1233//1233 1234//1234 1235//1235
f 1236//1236 1237//1237 1238//1238
f 1239//1239 1240//1240 1241//1241
f 1242//1242 1243//1243 1244//1244
f 1245//1245 1246//1246 1247//1247
f 1248//1248 1249//1249 1250//1250
f 1251//1251 1252//1252 1253//1253
f 1251//1251 1254//1254 1252//1252
f 1255//1255 1256//1256 1257//1257
f 1258//1258 1259//1259 1260//1260
f 1255//1255 1257//1257 1261//1261
f 1262//1262 1258//1258 1260//1260
f 1263//1263 1259//1259 1258//1258
f 1262//1262 1260//1260 1264//1264
f 1251//1251 1265//1265 1254//1254
f 1266//1266 1265//1265 1251//1251
f 1255//1255 1261//1261 1265//1265
f 1267//1267 1262//1262 1264//1264
f 1267//1267 1264//1264 1268//1268
f 1266//1266 1255//1255 1265//1265
f 1269//1269 1259//1259 1263//1263
f 1269//1269 1270//1270 1259//1259
f 1271//1271 1268//1268 1272//1272
f 1271//1271 1267//1267 1268//1268
f 1273//1273 1274//1274 1270//1270
f 1273//1273 1270//1270 1269//1269
f 1275//1275 1271//1271 1272//1272
f 1276//1276 1271//1271 1275//1275
f 1277//1277 1274//1274 1273//1273
f 1278//1278 1276//1276 1275//1275
f 1279//1279 1277//1277 1273//1273
f 1280//1280 1278//1278 1275//1275
f 1281//1281 1277//1277 1279//1279
f 1282//1282 1278//1278 1280//1280
f 1283//1283 1282//1282 1280//1280
f 1284//1284 1281//1281 1279//1279
f 1285//1285 1281//1281 1284//1284
f 1286//1286 1282//1282 1283//1283
f 1287//1287 1286//1286 1283//1283
f 1288//1288 1285//1285 1284//1284
f 1289//1289 1288//1288 1284//1284
f 1290//1290 1286//1286 1287//1287
f 1291//1291 1290//1290 1287//1287
f 1292//1292 1288//1288 1289//1289
f 1293//1293 1288//1288 1292//1292
f 1253//1253 1290//1290 1291//1291
f 1256//1256 1293//1293 1292//1292
f 1256//1256 1292//1292 1257//1257
f 1252//1252 1290//1290 1253//1253
f 1294//1294 1295//1295 1296//1296
f 1297//1297 1298//1298 1299//1299
f 1300//1300 1301//1301 1302//1302
f 1303//1303 1304//1304 1305//1305
f 1306//1306 1307//1307 1308//1308
f 1309//1309 1310//1310 1311//1311
f 1312//1312 1313//1313 1314//1314
f 1315//1315 1316//1316 1317//1317
f 1315//1315 1317//1317 1318//1318
f 1319//1319 1320//1320 1321//1321
f 1322//1322 1323//1323 1324//1324
f 1325//1325 1326//1326 1327//1327
f 1328//1328 1329//1329 1330//1330
f 1331//1331 1332//1332 1333//1333
f 1334//1334 1335//1335 1336//1336
f 1337//1337 1338//1338 1339//1339
f 1340//1340 1341//1341 1342//1342
f 1343//1343 1344//1344 1345//1345
f 1346//1346 1347//1347 1348//1348
f 1349//1349 1350//1350 1351//1351
f 1352//1352 1353//1353 1354//1354
f 1355//1355 1356//1356 1357//1357
f 1358//1358 1352//1352 1354//1354
f 1359//1359 1350//1350 1349//1349
f 1360//1360 1359//1359 1349//1349
f 1361//1361 1362//1362 1363//1363
f 1364//1364 1359//1359 1360//1360
f 1357//1357 1362//1362 1361//1361
f 1365//1365 1364//1364 1360//1360
f 1366//1366 1354//1354 1367//1367
f 1366//1366 1358//1358 1354//1354
f 1352//1352 1361//1361 1363//1363
f 1352//1352 1363//1363 1353//1353
f 1368//1368 1364//1364 1365//1365
f 1351//1351 1366//1366 1367//1367
f 1369//1369 1364//1364 1368//1368
f 1370//1370 1366//1366 1351//1351
f 1350//1350 1370//1370 1351//1351
f 1357//1357 1356//1356 1362//1362
f 1371//1371 1372//1372 1373//1373
f 1374//1374 1375//1375 1376//1376
f 1377//1377 1378//1378 1379//1379
f 1380//1380 1381//1381 1382//1382
f 1377//1377 1383//1383 1378//1378
f 1372//1372 1384//1384 1373//1373
f 1385//1385 1386//1386 1387//1387
f 1388//1388 1389//1389 1390//1390
f 1391//1391 1392//1392 1393//1393
f 1394//1394 1395//1395 1396//1396
f 1397//1397 1398//1398 1399//1399
f 1400//1400 1401//1401 1402//1402
f 1403//1403 1404//1404 1405//1405
f 1406//1406 1407//1407 1408//1408
f 1409//1409 1410//1410 1411//1411
f 1412//1412 1413//1413 1414//1414
f 1415//1415 1416//1416 1417//1417
f 1418//1418 1419//1419 1420//1420
f 1421//1421 1422//1422 1423//1423
f 1424//1424 1425//1425 1426//1426
f 1427//1427 1428//1428 1429//1429
f 1430//1430 1431//1431 1432//1432
f 1433//1433 1434//1434 1435//1435
f 1436//1436 1437//1437 1438//1438
f 1439//1439 1440//1440 1441//1441
f 1442//1442 1443//1443 1444//1444
f 1445//1445 1446//1446 1447//1447
f 1448//1448 1449//1449 1450//1450
f 1451//1451 1452//1452 1453//1453
f 1454//1454 1455//1455 1456//1456
f 1457//1457 1458//1458 1459//1459
f 1460//1460 1461//1461 1462//1462
f 1463//1463 1464//1464 1465//1465
f 1466//1466 1467//1467 1468//1468
f 1469//1469 1463//1463 1465//1465
f 1470//1470 1461//1461 1460//1460
f 1471//1471 1463//1463 1469//1469
f 1472//1472 1473//1473 1474//1474
f 1475//1475 1470//1470 1460//1460
f 1476//1476 1470//1470 1475//1475
f 1472//1472 1477//1477 1473//1473
f 1478//1478 1466//1466 1468//1468
f 1478//1478 1477//1477 1472//1472
f 1471//1471 1469//1469 1467//1467
f 1478//1478 1468//1468 1477//1477
f 1479//1479 1476//1476 1475//1475
f 1480//1480 1479//1479 1475//1475
f 1474//1474 1473//1473 1481//1481
f 1464//1464 1479//1479 1480//1480
f 1465//1465 1464//1464 1480//1480
f 1466//1466 1471//1471 1467//1467
f 1482//1482 1483//1483 1484//1484
f 1485//1485 1486//1486 1487//1487
f 1488//1488 1489//1489 1490//1490
f 1491//1491 1492//1492 1493//1493
f 1494//1494 1495//1495 1496//1496
f 1497//1497 1498//1498 1499//1499
f 1500//1500 1501//1501 1502//1502
f 1503//1503 1504//1504 1505//1505
f 1506//1506 1507//1507 1508//1508
f 1509//1509 1510//1510 1511//1511
f 1512//1512 1513//1513 1514//1514
f 1515//1515 1516//1516 1517//1517
f 1518//1518 1519//1519 1520//1520
f 1521//1521 1522//1522 1523//1523
f 1524//1524 1525//1525 1526//1526
f 1527//1527 1528//1528 1529//1529
f 1530//1530 1531//1531 1532//1532
f 1533//1533 1534//1534 1535//1535
f 1536//1536 1537//1537 1538//1538
f 1539//1539 1540//1540 1541//1541
f 1542//1542 1543//1543 1544//1544
f 1545//1545 1546//1546 1547//1547
f 1548//1548 1549//1549 1550//1550
f 1547//1547 1546//1546 1551//1551
f 1548//1548 1550//1550 1552//1552
f 1551//1551 1553//1553 1554//1554
f 1546//1546 1553//1553 1551//1551
f 1555//1555 1549//1549 1548//1548
f 1543//1543 1556//1556 1544//1544
f 1550//1550 1557//1557 1552//1552
f 1552//1552 1557//1557 1558//1558
f 1555//1555 1559//1559 1549//1549
f 1545//1545 1560//1560 1546//1546
f 1544//1544 1556//1556 1561//1561
f 1562//1562 1559//1559 1555//1555
f 1556//1556 1563//1563 1561//1561
f 1557//1557 1564//1564 1558//1558
f 1565//1565 1560//1560 1545//1545
f 1565//1565 1566//1566 1560//1560
f 1562//1562 1567//1567 1559//1559
f 1558//1558 1564//1564 1568//1568
f 1561//1561 1563//1563 1569//1569
f 1569//1569 1566//1566 1565//1565
f 1563//1563 1570//1570 1569//1569
f 1569//1569 1570//1570 1566//1566
f 1571//1571 1567//1567 1562//1562
f 1564//1564 1572//1572 1568//1568
f 1571//1571 1573//1573 1567//1567
f 1574//1574 1573//1573 1571//1571
f 1572//1572 1575//1575 1568//1568
f 1568//1568 1575//1575 1576//1576
f 1574//1574 1577//1577 1573//1573
f 1578//1578 1577//1577 1574//1574
f 1576//1576 1575//1575 1579//1579
f 1575//1575 1580//1580 1579//1579
f 1578//1578 1581//1581 1577//1577
f 1580//1580 1582//1582 1579//1579
f 1583//1583 1582//1582 1580//1580
f 1578//1578 1584//1584 1581//1581
f 1583//1583 1585//1585 1582//1582
f 1581//1581 1584//1584 1586//1586
f 1587//1587 1585//1585 1583//1583
f 1584//1584 1588//1588 1586//1586
f 1587//1587 1551//1551 1585//1585
f 1586//1586 1588//1588 1542//1542
f 1547//1547 1551//1551 1587//1587
f 1588//1588 1543//1543 1542//1542
f 1589//1589 1590//1590 1591//1591
f 1592//1592 1593//1593 1594//1594
f 1595//1595 1596//1596 1597//1597
f 1598//1598 1599//1599 1600//1600
f 1601//1601 1602//1602 1603//1603
f 1604//1604 1605//1605 1606//1606
f 1607//1607 1608//1608 1609//1609
f 1610//1610 1611//1611 1612//1612
f 1613//1613 1614//1614 1615//1615
f 1616//1616 1613//1613 1615//1615
f 1617//1617 1618//1618 1619//1619
f 1620//1620 1621//1621 1622//1622
f 1623//1623 1624//1624 1625//1625
f 1626//1626 1627//1627 1628//1628
f 1629//1629 1630//1630 1631//1631
f 1632//1632 1633//1633 1634//1634
f 1635//1635 1636//1636 1637//1637
f 1638//1638 1639//1639 1640//1640
f 1641//1641 1642//1642 1643//1643
f 1644//1644 1645//1645 1646//1646
f 1647//1647 1648//1648 1649//1649
f 1650//1650 1651//1651 1652//1652
f 1653//1653 1654//1654 1655//1655
f 1656//1656 1657//1657 1658//1658
f 1659//1659 1660//1660 1661//1661
f 1662//1662 1663//1663 1664//1664
f 1665//1665 1666//1666 1667//1667
f 1668//1668 1669//1669 1670//1670
f 1671//1671 1672//1672 1673//1673
f 1674//1674 1675//1675 1676//1676
f 1677//1677 1678//1678 1679//1679
f 1680//1680 1681//1681 1682//1682
f 1683//1683 1684//1684 1685//1685
f 1686//1686 1687//1687 1688//1688
f 1686//1686 1688//1688 1689//1689
f 1690//1690 1691//1691 1692//1692
f 1693//1693 1691//1691 1690//1690
f 1694//1694 1695//1695 1696//1696
f 1694//1694 1696//1696 1697//1697
f 1693//1693 1686//1686 1689//1689
f 1693//1693 1689//1689 1691//1691
f 1698//1698 1696//1696 1695//1695
f 1698//1698 1699//1699 1696//1696
f 1700//1700 1694//1694 1697//1697
f 1701//1701 1699//1699 1698//1698
f 1700//1700 1697//1697 1702//1702
f 1701//1701 1703//1703 1699//1699
f 1704//1704 1700//1700 1702//1702
f 1705//1705 1703//1703 1701//1701
f 1704//1704 1702//1702 1706//1706
f 1705//1705 1707//1707 1703//1703
f 1708//1708 1707//1707 1705//1705
f 1709//1709 1704//1704 1706//1706
f 1710//1710 1709//1709 1706//1706
f 1708//1708 1711//1711 1707//1707
f 1712//1712 1711//1711 1708//1708
f 1713//1713 1709//1709 1710//1710
f 1714//1714 1711//1711 1712//1712
f 1715//1715 1713//1713 1710//1710
f 1716//1716 1714//1714 1712//1712
f 1717//1717 1713//1713 1715//1715
f 1718//1718 1716//1716 1719//1719
f 1718//1718 1714//1714 1716//1716
f 1720//1720 1717//1717 1715//1715
f 1720//1720 1721//1721 1717//1717
f 1722//1722 1718//1718 1719//1719
f 1722//1722 1719//1719 1723//1723
f 1724//1724 1721//1721 1720//1720
f 1724//1724 1725//1725 1721//1721
f 1690//1690 1725//1725 1724//1724
f 1687//1687 1726//1726 1688//1688
f 1690//1690 1692//1692 1725//1725
f 1727//1727 1728//1728 1729//1729
f 1730//1730 1731//1731 1732//1732
f 1733//1733 1734//1734 1735//1735
f 1736//1736 1737//1737 1738//1738
f 1739//1739 1740//1740 1741//1741
f 1742//1742 1743//1743 1744//1744
f 1745//1745 1746//1746 1747//1747
f 1748//1748 1749//1749 1750//1750
f 1751//1751 1752//1752 1753//1753
f 1754//1754 1755//1755 1756//1756
f 1757//1757 1758//1758 1759//1759
f 1760//1760 1761//1761 1762//1762
f 1763//1763 1764//1764 1765//1765
f 1766//1766 1767//1767 1768//1768
f 1769//1769 1770//1770 1771//1771
f 1772//1772 1773//1773 1774//1774
f 1775//1775 1776//1776 1777//1777
f 1778//1778 1779//1779 1780//1780
f 1781//1781 1782//1782 1783//1783
f 1784//1784 1785//1785 1786//1786
f 1787//1787 1788//1788 1789//1789
f 1790//1790 1791//1791 1792//1792
f 1793//1793 1794//1794 1795//1795
f 1796//1796 1797//1797 1798//1798
f 1799//1799 1800//1800 1801//1801
f 1802//1802 1803//1803 1804//1804
f 1805//1805 1806//1806 1807//1807
f 1808//1808 1809//1809 1810//1810
f 1811//1811 1812//1812 1813//1813
f 1814//1814 1815//1815 1816//1816
f 1817//1817 1818//1818 1819//1819
f 1820//1820 1821//1821 1822//1822
f 1823//1823 1824//1824 1825//1825
f 1826//1826 1827//1827 1828//1828
f 1829//1829 1830//1830 1831//1831
f 1832//1832 1833//1833 1834//1834
f 1835//1835 1836//1836 1837//1837
f 1838//1838 1839//1839 1840//1840
f 1841//1841 1842//1842 1843//1843
f 1844//1844 1845//1845 1846//1846
f 1847//1847 1848//1848 1849//1849
f 1850//1850 1851//1851 1852//1852
f 1853//1853 1854//1854 1855//1855
f 1856//1856 1857//1857 1858//1858
f 1859//1859 1860//1860 1861//1861
f 1862//1862 1863//1863 1864//1864
f 1865//1865 1866//1866 1867//1867
f 1868//1868 1869//1869 1870//1870
f 1871//1871 1872//1872 1873//1873
f 1874//1874 1875//1875 1876//1876
f 1877//1877 1878//1878 1879//1879
f 1880//1880 1881//1881 1882//1882
f 1883//1883 1884//1884 1885//1885
f 1886//1886 1887//1887 1888//1888
f 1889//1889 1890//1890 1891//1891
f 1892//1892 1893//1893 1894//1894
f 1895//1895 1896//1896 1897//1897
f 1898//1898 1899//1899 1900//1900
f 1901//1901 1902//1902 1903//1903
f 1904//1904 1905//1905 1906//1906
f 1907//1907 1908//1908 1909//1909
f 1910//1910 1911//1911 1912//1912
f 1913//1913 1914//1914 1915//1915
f 1916//1916 1917//1917 1918//1918
f 1919//1919 1920//1920 1921//1921
f 1922//1922 1923//1923 1924//1924
f 1925//1925 1926//1926 1927//1927
f 1928//1928 1929//1929 1930//1930
f 1931//1931 1932//1932 1933//1933
f 1934//1934 1935//1935 1936//1936
f 1937//1937 1938//1938 1939//1939
f 1940//1940 1941//1941 1942//1942
f 1943//1943 1944//1944 1945//1945
f 1946//1946 1947//1947 1948//1948
f 1949//1949 1950//1950 1951//1951
f 1952//1952 1953//1953 1954//1954
f 1955//1955 1956//1956 1957//1957
f 1958//1958 1959//1959 1960//1960
f 1961//1961 1962//1962 1963//1963
f 1964//1964 1965//1965 1966//1966
f 1967//1967 1968//1968 1969//1969
f 1970//1970 1971//1971 1972//1972
f 1973//1973 1974//1974 1975//1975
f 1976//1976 1977//1977 1978//1978
f 1979//1979 1980//1980 1981//1981
f 1982//1982 1983//1983 1984//1984
f 1985//1985 1986//1986 1987//1987
f 1988//1988 1989//1989 1990//1990
f 1991//1991 1992//1992 1993//1993
f 1994//1994 1995//1995 1996//1996
f 1997//1997 1998//1998 1999//1999
f 2000//2000 2001//2001 2002//2002
f 2003//2003 2004//2004 2005//2005
f 2006//2006 2007//2007 2008//2008
f 2009//2009 2010//2010 2011//2011
f 2012//2012 2013//2013 2014//2014
f 2015//2015 2016//2016 2017//2017
f 2018//2018 2019//2019 2020//2020
f 2021//2021 2022//2022 2023//2023
f 2024//2024 2025//2025 2026//2026
f 2027//2027 2028//2028 2029//2029
f 2030//2030 2031//2031 2032//2032
f 2033//2033 2034//2034 2035//2035
f 2036//2036 2037//2037 2038//2038
f 2039//2039 2040//2040 2041//2041
f 2042//2042 2043//2043 2044//2044
f 2045//2045 2046//2046 2047//2047
f 2048//2048 2049//2049 2050//2050
f 2051//2051 2052//2052 2053//2053
f 2054//2054 2055//2055 2056//2056
f 2057//2057 2058//2058 2059//2059
f 2060//2060 2061//2061 2062//2062
f 2063//2063 2064//2064 2065//2065
f 2066//2066 2067//2067 2068//2068
f 2069//2069 2070//2070 2071//2071
f 2072//2072 2073//2073 2074//2074
f 2075//2075 2076//2076 2077//2077
f 2078//2078 2079//2079 2080//2080
f 2081//2081 2082//2082 2083//2083
f 2084//2084 2085//2085 2086//2086
f 2087//2087 2088//2088 2089//2089
f 2090//2090 2091//2091 2092//2092
f 2093//2093 2094//2094 2095//2095
f 2096//2096 2097//2097 2098//2098
f 2099//2099 2100//2100 2101//2101
f 2102//2102 2103//2103 2104//2104
f 2105//2105 2106//2106 2107//2107
f 2108//2108 2109//2109 2110//2110
f 2111//2111 2112//2112 2113//2113
f 2114//2114 2115//2115 2116//2116
f 2117//2117 2118//2118 2119//2119
f 2120//2120 2121//2121 2122//2122
f 2123//2123 2124//2124 2125//2125
f 2126//2126 2127//2127 2128//2128
f 2129//2129 2130//2130 2131//2131
f 2132//2132 2133//2133 2134//2134
f 2135//2135 2136//2136 2137//2137
f 2138//2138 2139//2139 2140//2140
f 2141//2141 2142//2142 2143//2143
f 2144//2144 2145//2145 2146//2146
f 2147//2147 2148//2148 2149//2149
f 2150//2150 2151//2151 2152//2152
f 2153//2153 2154//2154 2155//2155
f 2156//2156 2157//2157 2158//2158
f 2159//2159 2160//2160 2161//2161
f 2162//2162 2163//2163 2164//2164
f 2165//2165 2166//2166 2167//2167
f 2168//2168 2169//2169 2170//2170
