# https://github.com/mikedh/trimesh
v 0.01490157 0.01746544 0.10632683
v 0.01441784 0.01767756 0.10679979
v 0.01469804 0.01631327 0.10679925
v 0.01490157 0.01746544 0.10632683
v 0.01469804 0.01631327 0.10679925
v 0.01517327 0.01638822 0.10633464
v 0.02093724 0.01767752 0.10679967
v 0.02043654 0.01814931 0.10632999
v 0.02037501 0.01691652 0.10633166
v 0.02037501 0.01691652 0.10633166
v 0.02065836 0.01631875 0.10679937
v 0.02093724 0.01767752 0.10679967
v 0.02065836 0.01631875 0.10679937
v 0.02037501 0.01691652 0.10633166
v 0.01984451 0.01591701 0.10632993
v 0.01972299 0.01512435 0.10679925
v 0.02065836 0.01631875 0.10679937
v 0.01984451 0.01591701 0.10632993
v 0.01972299 0.01512435 0.10679925
v 0.01984451 0.01591701 0.10632993
v 0.01919081 0.01533942 0.10633166
v 0.01818581 0.01441923 0.10679902
v 0.01972299 0.01512435 0.10679925
v 0.01919081 0.01533942 0.10633166
v 0.01818581 0.01441923 0.10679902
v 0.01919081 0.01533942 0.10633166
v 0.01821018 0.01491185 0.10633923
v 0.01818581 0.01441923 0.10679902
v 0.01821018 0.01491185 0.10633923
v 0.01690160 0.01499555 0.10633136
v 0.01690160 0.01499555 0.10633136
v 0.01674161 0.01455242 0.10679979
v 0.01818581 0.01441923 0.10679902
v 0.01605325 0.01540700 0.10632945
v 0.01563214 0.01512452 0.10679925
v 0.01674161 0.01455242 0.10679979
v 0.01605325 0.01540700 0.10632945
v 0.01674161 0.01455242 0.10679979
v 0.01690160 0.01499555 0.10633136
v 0.01563214 0.01512452 0.10679925
v 0.01605325 0.01540700 0.10632945
v 0.01517327 0.01638822 0.10633464
v 0.01517327 0.01638822 0.10633464
v 0.01469804 0.01631327 0.10679925
v 0.01563214 0.01512452 0.10679925
v 0.01490161 -0.01788974 0.10632683
v 0.01441784 -0.01767757 0.10679979
v 0.01469812 -0.01904178 0.10679931
v 0.01490161 -0.01788974 0.10632683
v 0.01469812 -0.01904178 0.10679931
v 0.01517345 -0.01896684 0.10633464
v 0.02045374 -0.01788986 0.10632683
v 0.02065709 -0.01904186 0.10679925
v 0.02093724 -0.01767752 0.10679967
v 0.02065709 -0.01904186 0.10679925
v 0.02045374 -0.01788986 0.10632683
v 0.02018186 -0.01896691 0.10633464
v 0.01972299 -0.02023060 0.10679925
v 0.02018186 -0.01896691 0.10633464
v 0.01930187 -0.01994813 0.10632945
v 0.01972299 -0.02023060 0.10679925
v 0.02065709 -0.01904186 0.10679925
v 0.02018186 -0.01896691 0.10633464
v 0.01831403 -0.02090168 0.10679913
v 0.01972299 -0.02023060 0.10679925
v 0.01930187 -0.01994813 0.10632945
v 0.01831403 -0.02090168 0.10679913
v 0.01930187 -0.01994813 0.10632945
v 0.01845353 -0.02035958 0.10633136
v 0.01831403 -0.02090168 0.10679913
v 0.01845353 -0.02035958 0.10633136
v 0.01717791 -0.02044464 0.10633720
v 0.01717791 -0.02044464 0.10633720
v 0.01674148 -0.02080267 0.10679979
v 0.01831403 -0.02090168 0.10679913
v 0.01605327 -0.01994831 0.10632945
v 0.01563213 -0.02023078 0.10679925
v 0.01674148 -0.02080267 0.10679979
v 0.01605327 -0.01994831 0.10632945
v 0.01674148 -0.02080267 0.10679979
v 0.01717791 -0.02044464 0.10633720
v 0.01563213 -0.02023078 0.10679925
v 0.01605327 -0.01994831 0.10632945
v 0.01517345 -0.01896684 0.10633464
v 0.01517345 -0.01896684 0.10633464
v 0.01469812 -0.01904178 0.10679931
v 0.01563213 -0.02023078 0.10679925
v -0.02045374 -0.01788986 0.10632683
v -0.02093724 -0.01767752 0.10679967
v -0.02065710 -0.01904186 0.10679925
v -0.02045374 -0.01788986 0.10632683
v -0.02065710 -0.01904186 0.10679925
v -0.02018187 -0.01896690 0.10633464
v -0.01490161 -0.01788973 0.10632683
v -0.01469812 -0.01904177 0.10679931
v -0.01441784 -0.01767756 0.10679979
v -0.01469812 -0.01904177 0.10679931
v -0.01490161 -0.01788973 0.10632683
v -0.01517345 -0.01896684 0.10633464
v -0.01563214 -0.02023078 0.10679925
v -0.01517345 -0.01896684 0.10633464
v -0.01605327 -0.01994831 0.10632945
v -0.01563214 -0.02023078 0.10679925
v -0.01469812 -0.01904177 0.10679931
v -0.01517345 -0.01896684 0.10633464
v -0.01704111 -0.02090167 0.10679913
v -0.01563214 -0.02023078 0.10679925
v -0.01605327 -0.01994831 0.10632945
v -0.01704111 -0.02090167 0.10679913
v -0.01605327 -0.01994831 0.10632945
v -0.01690177 -0.02035975 0.10633136
v -0.01704111 -0.02090167 0.10679913
v -0.01690177 -0.02035975 0.10633136
v -0.01817739 -0.02044463 0.10633720
v -0.01817739 -0.02044463 0.10633720
v -0.01861352 -0.02080271 0.10679979
v -0.01704111 -0.02090167 0.10679913
v -0.01930187 -0.01994813 0.10632945
v -0.01972300 -0.02023060 0.10679925
v -0.01861352 -0.02080271 0.10679979
v -0.01930187 -0.01994813 0.10632945
v -0.01861352 -0.02080271 0.10679979
v -0.01817739 -0.02044463 0.10633720
v -0.01972300 -0.02023060 0.10679925
v -0.01930187 -0.01994813 0.10632945
v -0.02018187 -0.01896690 0.10633464
v -0.02018187 -0.01896690 0.10633464
v -0.02065710 -0.01904186 0.10679925
v -0.01972300 -0.02023060 0.10679925
v -0.02045370 0.01746557 0.10632683
v -0.02093724 0.01767752 0.10679967
v -0.02065710 0.01631345 0.10679937
v -0.02045370 0.01746557 0.10632683
v -0.02065710 0.01631345 0.10679937
v -0.02018167 0.01638829 0.10633464
v -0.01490156 0.01746544 0.10632683
v -0.01469804 0.01631328 0.10679925
v -0.01441784 0.01767757 0.10679979
v -0.01469804 0.01631328 0.10679925
v -0.01490156 0.01746544 0.10632683
v -0.01517326 0.01638822 0.10633464
v -0.01563213 0.01512452 0.10679925
v -0.01517326 0.01638822 0.10633464
v -0.01605325 0.01540700 0.10632945
v -0.01563213 0.01512452 0.10679925
v -0.01469804 0.01631328 0.10679925
v -0.01517326 0.01638822 0.10633464
v -0.01704110 0.01445346 0.10679919
v -0.01563213 0.01512452 0.10679925
v -0.01605325 0.01540700 0.10632945
v -0.01704110 0.01445346 0.10679919
v -0.01605325 0.01540700 0.10632945
v -0.01690160 0.01499555 0.10633136
v -0.01704110 0.01445346 0.10679919
v -0.01690160 0.01499555 0.10633136
v -0.01817739 0.01491067 0.10633720
v -0.01817739 0.01491067 0.10633720
v -0.01861360 0.01455242 0.10679979
v -0.01704110 0.01445346 0.10679919
v -0.01930186 0.01540682 0.10632945
v -0.01972299 0.01512435 0.10679925
v -0.01861360 0.01455242 0.10679979
v -0.01930186 0.01540682 0.10632945
v -0.01861360 0.01455242 0.10679979
v -0.01817739 0.01491067 0.10633720
v -0.01972299 0.01512435 0.10679925
v -0.01930186 0.01540682 0.10632945
v -0.02018167 0.01638829 0.10633464
v -0.02018167 0.01638829 0.10633464
v -0.02065710 0.01631345 0.10679937
v -0.01972299 0.01512435 0.10679925
v 0.02435666 0.01234186 0.10679991
v 0.02232004 0.01259743 0.10679985
v 0.02275985 0.01210849 0.10629345
v 0.02435666 0.01234186 0.10679991
v 0.02275985 0.01210849 0.10629345
v 0.02478082 0.01165705 0.10629995
v 0.01683905 0.00858552 0.10679991
v 0.01699538 0.00696198 0.10630078
v 0.01723700 0.00813943 0.10629989
v 0.01683905 0.00858552 0.10679991
v 0.01648304 0.00676027 0.10679991
v 0.01699538 0.00696198 0.10630078
v 0.02613062 0.01147507 0.10679991
v 0.02435666 0.01234186 0.10679991
v 0.02478082 0.01165705 0.10629995
v 0.02613062 0.01147507 0.10679991
v 0.02478082 0.01165705 0.10629995
v 0.02636238 0.01064853 0.10630001
v 0.01683905 0.00858552 0.10679991
v 0.01723700 0.00813943 0.10629989
v 0.01781315 0.00944683 0.10630001
v 0.02753613 0.01008903 0.10679991
v 0.02613062 0.01147507 0.10679991
v 0.02636238 0.01064853 0.10630001
v 0.01780827 0.01030545 0.10679991
v 0.01683905 0.00858552 0.10679991
v 0.01781315 0.00944683 0.10630001
v 0.02753613 0.01008903 0.10679991
v 0.02636238 0.01064853 0.10630001
v 0.02763143 0.00899906 0.10629887
v 0.01780827 0.01030545 0.10679991
v 0.01781315 0.00944683 0.10630001
v 0.01905530 0.01085251 0.10629995
v 0.02848107 0.00816881 0.10679985
v 0.02753613 0.01008903 0.10679991
v 0.02763143 0.00899906 0.10629887
v 0.01927455 0.01162760 0.10679991
v 0.01780827 0.01030545 0.10679991
v 0.01905530 0.01085251 0.10629995
v 0.02232004 0.01259743 0.10679985
v 0.02082239 0.01232862 0.10679997
v 0.02070169 0.01177532 0.10629702
v 0.02232004 0.01259743 0.10679985
v 0.02070169 0.01177532 0.10629702
v 0.02275985 0.01210849 0.10629345
v 0.01927455 0.01162760 0.10679991
v 0.01905530 0.01085251 0.10629995
v 0.02070169 0.01177532 0.10629702
v 0.02082239 0.01232862 0.10679997
v 0.01927455 0.01162760 0.10679991
v 0.02070169 0.01177532 0.10629702
v 0.01658571 -0.00535855 0.10679997
v 0.01758328 -0.00341790 0.10630001
v 0.01728375 -0.00230594 0.10680003
v 0.01701047 -0.00579418 0.10629726
v 0.01758328 -0.00341790 0.10630001
v 0.01658571 -0.00535855 0.10679997
v 0.01758328 -0.00341790 0.10630001
v 0.01792303 -0.00041709 0.10630001
v 0.01728375 -0.00230594 0.10680003
v 0.01728375 -0.00230594 0.10680003
v 0.01792303 -0.00041709 0.10630001
v 0.01737660 0.00121530 0.10679997
v 0.01658571 -0.00535855 0.10679997
v 0.01648789 -0.00702272 0.10679979
v 0.01701047 -0.00579418 0.10629726
v -0.02892175 0.00340606 0.10629995
v -0.02962240 0.00103454 0.10679991
v -0.02910880 0.00000000 0.10629995
v -0.02904924 0.00579574 0.10679997
v -0.02962240 0.00103454 0.10679991
v -0.02892175 0.00340606 0.10629995
v -0.02837793 0.00645981 0.10629995
v -0.02904924 0.00579574 0.10679997
v -0.02892175 0.00340606 0.10629995
v -0.02775647 0.00869111 0.10629530
v -0.02904924 0.00579574 0.10679997
v -0.02837793 0.00645981 0.10629995
v -0.02828213 0.00868782 0.10679991
v -0.02904924 0.00579574 0.10679997
v -0.02775647 0.00869111 0.10629530
v 0.02478082 0.01165705 0.10629995
v 0.02275179 0.01211966 0.09729970
v 0.02488046 0.01161398 0.09729970
v 0.02478082 0.01165705 0.10629995
v 0.02275985 0.01210849 0.10629345
v 0.02275179 0.01211966 0.09729970
v 0.01699538 0.00696198 0.10630078
v 0.01697679 0.00596407 0.09729970
v 0.01718862 0.00804646 0.09729970
v 0.01723700 0.00813943 0.10629989
v 0.01699538 0.00696198 0.10630078
v 0.01718862 0.00804646 0.09729970
v 0.02636238 0.01064853 0.10630001
v 0.02488046 0.01161398 0.09729970
v 0.02663095 0.01040997 0.09729970
v 0.02636238 0.01064853 0.10630001
v 0.02478082 0.01165705 0.10629995
v 0.02488046 0.01161398 0.09729970
v 0.01781315 0.00944683 0.10630001
v 0.01718862 0.00804646 0.09729970
v 0.01789083 0.00954735 0.09729970
v 0.01781315 0.00944683 0.10630001
v 0.01723700 0.00813943 0.10629989
v 0.01718862 0.00804646 0.09729970
v 0.01781315 0.00944683 0.10630001
v 0.01789083 0.00954735 0.09729970
v 0.01897160 0.01078356 0.09729970
v 0.02763143 0.00899906 0.10629887
v 0.02636238 0.01064853 0.10630001
v 0.02663095 0.01040997 0.09729970
v 0.01905530 0.01085251 0.10629995
v 0.01781315 0.00944683 0.10630001
v 0.01897160 0.01078356 0.09729970
v 0.02763143 0.00899906 0.10629887
v 0.02663095 0.01040997 0.09729970
v 0.02775976 0.00868452 0.09729970
v 0.01905530 0.01085251 0.10629995
v 0.01897160 0.01078356 0.09729970
v 0.02059763 0.01173709 0.09729970
v 0.02070169 0.01177532 0.10629702
v 0.01905530 0.01085251 0.10629995
v 0.02059763 0.01173709 0.09729970
v 0.02070169 0.01177532 0.10629702
v 0.02059763 0.01173709 0.09729970
v 0.02275179 0.01211966 0.09729970
v 0.02275985 0.01210849 0.10629345
v 0.02070169 0.01177532 0.10629702
v 0.02275179 0.01211966 0.09729970
v 0.01701047 -0.00579418 0.10629726
v 0.01700857 -0.00720142 0.09729970
v 0.01705038 -0.00557666 0.09729970
v -0.01702804 -0.00568734 0.09729970
v -0.01759121 -0.00337735 0.10630305
v -0.01762172 -0.00321306 0.09729970
v -0.01701784 -0.00574845 0.10629697
v -0.01762172 -0.00321306 0.09729970
v -0.01789740 -0.00080475 0.10629697
v -0.01793306 0.00000000 0.09729970
v -0.01759121 -0.00337735 0.10630305
v -0.01789740 -0.00080475 0.10629697
v -0.01762172 -0.00321306 0.09729970
v -0.02892175 0.00340606 0.10629995
v -0.02910880 0.00000000 0.10629995
v -0.02909619 0.00101612 0.09729970
v -0.02892175 0.00340606 0.10629995
v -0.02909619 0.00101612 0.09729970
v -0.02874014 0.00469757 0.09729970
v -0.02837793 0.00645981 0.10629995
v -0.02892175 0.00340606 0.10629995
v -0.02874014 0.00469757 0.09729970
v -0.02837793 0.00645981 0.10629995
v -0.02874014 0.00469757 0.09729970
v -0.02779356 0.00863125 0.09729970
v -0.02775647 0.00869111 0.10629530
v -0.02837793 0.00645981 0.10629995
v -0.02779356 0.00863125 0.09729970
v 0.01863658 0.03866492 0.09757991
v 0.02158610 0.03651071 0.09776557
v 0.02193933 0.03687676 0.09759803
v 0.01815982 0.03823418 0.09778232
v 0.02158610 0.03651071 0.09776557
v 0.01863658 0.03866492 0.09757991
v 0.01265262 0.04204641 0.09641678
v 0.01251353 0.04185709 0.09688229
v 0.01410499 0.04157276 0.09644319
v 0.01251353 0.04185709 0.09688229
v 0.01404375 0.04135085 0.09690947
v 0.01410499 0.04157276 0.09644319
v 0.02129849 0.03827565 0.09668697
v 0.02368392 0.03705213 0.09623856
v 0.02141579 0.03842347 0.09611619
v 0.04208045 0.00837369 0.09758867
v 0.04125573 0.00959831 0.09777589
v 0.04160559 0.00810358 0.09776820
v 0.04177675 0.00986813 0.09757698
v 0.04125573 0.00959831 0.09777589
v 0.04208045 0.00837369 0.09758867
v 0.04229136 0.00957125 0.09727533
v 0.04208045 0.00837369 0.09758867
v 0.04268329 0.00748342 0.09729953
v 0.02129849 0.03827565 0.09668697
v 0.02338990 0.03670510 0.09713305
v 0.02368392 0.03705213 0.09623856
v 0.02109214 0.03796057 0.09722264
v 0.02338990 0.03670510 0.09713305
v 0.02129849 0.03827565 0.09668697
v 0.01404375 0.04135085 0.09690947
v 0.01566978 0.04078373 0.09688074
v 0.01410499 0.04157276 0.09644319
v 0.01551708 0.04106944 0.09643299
v 0.04208045 0.00837369 0.09758867
v 0.04160559 0.00810358 0.09776820
v 0.04193766 0.00618863 0.09776826
v 0.02109214 0.03796057 0.09722264
v 0.02193933 0.03687676 0.09759803
v 0.02338990 0.03670510 0.09713305
v 0.01551708 0.04106944 0.09643299
v 0.01566978 0.04078373 0.09688074
v 0.01730630 0.04036196 0.09640730
v 0.04268329 0.00748342 0.09729953
v 0.04259777 0.00536626 0.09757472
v 0.04303256 0.00534477 0.09727252
v 0.02368392 0.03705213 0.09623856
v 0.02586156 0.03534173 0.09670080
v 0.02560480 0.03574634 0.09618843
v 0.02338990 0.03670510 0.09713305
v 0.02586156 0.03534173 0.09670080
v 0.02368392 0.03705213 0.09623856
v 0.02338990 0.03670510 0.09713305
v 0.02569862 0.03509602 0.09713353
v 0.02586156 0.03534173 0.09670080
v 0.04259777 0.00536626 0.09757472
v 0.04193766 0.00618863 0.09776826
v 0.04219173 0.00370500 0.09777893
v 0.04303256 0.00534477 0.09727252
v 0.04259777 0.00536626 0.09757472
v 0.04318053 0.00362783 0.09729994
v 0.02338990 0.03670510 0.09713305
v 0.02548755 0.03477621 0.09746600
v 0.02569862 0.03509602 0.09713353
v 0.02193933 0.03687676 0.09759803
v 0.02548755 0.03477621 0.09746600
v 0.02338990 0.03670510 0.09713305
v 0.01730630 0.04036196 0.09640730
v 0.01856468 0.03953500 0.09690453
v 0.01896398 0.03959738 0.09643287
v 0.02193933 0.03687676 0.09759803
v 0.02571835 0.03401242 0.09770204
v 0.02548755 0.03477621 0.09746600
v 0.01730630 0.04036196 0.09640730
v 0.01896398 0.03959738 0.09643287
v 0.01903133 0.03966279 0.09603108
v 0.02158610 0.03651071 0.09776557
v 0.02571835 0.03401242 0.09770204
v 0.02193933 0.03687676 0.09759803
v 0.02158610 0.03651071 0.09776557
v 0.02523437 0.03389124 0.09778506
v 0.02571835 0.03401242 0.09770204
v 0.01815982 0.03823418 0.09778232
v 0.02523437 0.03389124 0.09778506
v 0.02158610 0.03651071 0.09776557
v -0.04325783 0.00681911 0.09671117
v -0.04355737 0.00605284 0.09617955
v -0.04353760 0.00472551 0.09670080
v -0.04323507 0.00799669 0.09619970
v -0.04355737 0.00605284 0.09617955
v -0.04325783 0.00681911 0.09671117
v -0.04281432 0.00914701 0.09672827
v -0.04323507 0.00799669 0.09619970
v -0.04325783 0.00681911 0.09671117
v -0.02829220 0.03225621 0.09758867
v -0.02739793 0.03234227 0.09776826
v -0.02698751 0.03339248 0.09757472
v -0.02698751 0.03339248 0.09757472
v -0.02587007 0.03358286 0.09776832
v -0.02540611 0.03455552 0.09759695
v 0.02800945 0.03229687 0.09765638
v 0.02664954 0.03383810 0.09749551
v 0.02571835 0.03401242 0.09770204
v -0.02540611 0.03455552 0.09759695
v -0.02403204 0.03484380 0.09778232
v -0.02416654 0.03547218 0.09757991
v 0.02800945 0.03229687 0.09765638
v 0.02571835 0.03401242 0.09770204
v 0.02759464 0.03218046 0.09776718
v -0.01572368 0.04087194 0.09671117
v -0.01761729 0.04028952 0.09618992
v -0.01767617 0.04006745 0.09670080
v -0.01559905 0.04111813 0.09616382
v -0.01761729 0.04028952 0.09618992
v -0.01572368 0.04087194 0.09671117
v -0.01559905 0.04111813 0.09616382
v -0.01358094 0.04179395 0.09629394
v -0.01305081 0.04201067 0.09606410
v -0.01348568 0.04165191 0.09672827
v -0.01358094 0.04179395 0.09629394
v -0.01572368 0.04087194 0.09671117
v 0.02965192 0.03063527 0.09770347
v 0.02834497 0.03246474 0.09748138
v 0.02800945 0.03229687 0.09765638
v 0.01378859 0.04062956 0.09758867
v 0.01431017 0.03989844 0.09776826
v 0.01542515 0.04006791 0.09757472
v 0.02965192 0.03063527 0.09770347
v 0.02759464 0.03218046 0.09776718
v 0.02892353 0.03078498 0.09778840
v 0.02800945 0.03229687 0.09765638
v 0.02759464 0.03218046 0.09776718
v 0.02965192 0.03063527 0.09770347
v 0.01542515 0.04006791 0.09757472
v 0.01614865 0.03919555 0.09776832
v 0.01722315 0.03927992 0.09759695
v 0.01722315 0.03927992 0.09759695
v 0.01815982 0.03823418 0.09778232
v 0.01863658 0.03866492 0.09757991
v 0.02753483 0.03405284 0.09671117
v 0.02733392 0.03440683 0.09629942
v 0.02586156 0.03534173 0.09670080
v 0.02683819 0.03485612 0.09606416
v 0.02733392 0.03440683 0.09629942
v 0.02887481 0.03318845 0.09606416
v 0.02932860 0.03250470 0.09672827
v 0.02934238 0.03271041 0.09629942
v 0.02753483 0.03405284 0.09671117
v 0.02887481 0.03318845 0.09606416
v 0.02934238 0.03271041 0.09629942
v 0.03079472 0.03139656 0.09616126
v 0.03077570 0.03114711 0.09671266
v 0.03275623 0.02933087 0.09626032
v 0.03079472 0.03139656 0.09616126
v 0.03077570 0.03114711 0.09671266
v 0.03257993 0.02908275 0.09691353
v 0.03275623 0.02933087 0.09626032
v 0.03055127 0.03095540 0.09714014
v 0.03257993 0.02908275 0.09691353
v 0.03077570 0.03114711 0.09671266
v 0.04250598 0.01009167 0.09688229
v 0.04283299 0.00851332 0.09690947
v 0.04293651 0.00917368 0.09644468
v 0.04193766 0.00618863 0.09776826
v 0.04235522 0.00689624 0.09758521
v 0.04235522 0.00689624 0.09758521
v 0.04193766 0.00618863 0.09776826
v 0.04259777 0.00536626 0.09757472
v 0.03055127 0.03095540 0.09714014
v 0.03319418 0.02787609 0.09730715
v 0.03257993 0.02908275 0.09691353
v 0.04275334 0.00360061 0.09758992
v 0.03002372 0.03092871 0.09747590
v 0.03319418 0.02787609 0.09730715
v 0.03055127 0.03095540 0.09714014
v 0.04283299 0.00851332 0.09690947
v 0.04315454 0.00682184 0.09688074
v 0.04293651 0.00917368 0.09644468
v 0.04293651 0.00917368 0.09644468
v 0.04315454 0.00682184 0.09688074
v 0.04332595 0.00709601 0.09643293
v 0.03002372 0.03092871 0.09747590
v 0.03285208 0.02760715 0.09759779
v 0.03319418 0.02787609 0.09730715
v -0.04397290 -0.00061534 0.09623201
v -0.04382425 0.00207577 0.09653879
v -0.04394955 0.00205399 0.09599240
v 0.02965192 0.03063527 0.09770347
v 0.03285208 0.02760715 0.09759779
v 0.03002372 0.03092871 0.09747590
v -0.04397290 -0.00061534 0.09623201
v -0.04359615 0.00041266 0.09705109
v -0.04382425 0.00207577 0.09653879
v 0.02965192 0.03063527 0.09770347
v 0.03243777 0.02733910 0.09776396
v 0.03285208 0.02760715 0.09759779
v 0.04332595 0.00709601 0.09643293
v 0.04315454 0.00682184 0.09688074
v 0.04360749 0.00519350 0.09640724
v 0.02892353 0.03078498 0.09778840
v 0.03243777 0.02733910 0.09776396
v 0.02965192 0.03063527 0.09770347
v -0.04324903 0.00005483 0.09738005
v -0.04290182 0.00439908 0.09746183
v -0.04359615 0.00041266 0.09705109
v -0.04382425 0.00207577 0.09653879
v -0.04375483 0.00434501 0.09619016
v -0.04394955 0.00205399 0.09599240
v -0.04280176 0.00015481 0.09764422
v -0.04290182 0.00439908 0.09746183
v -0.04324903 0.00005483 0.09738005
v 0.03257993 0.02908275 0.09691353
v 0.03428444 0.02705305 0.09691353
v 0.03275623 0.02933087 0.09626032
v 0.03275623 0.02933087 0.09626032
v 0.03428444 0.02705305 0.09691353
v 0.03446516 0.02730323 0.09626002
v -0.04382425 0.00207577 0.09653879
v -0.04353760 0.00472551 0.09670080
v -0.04375483 0.00434501 0.09619016
v 0.04360749 0.00519350 0.09640724
v 0.04352071 0.00369000 0.09690453
v 0.04377418 0.00337524 0.09643287
v -0.04280176 0.00015481 0.09764422
v -0.04242308 0.00427201 0.09770209
v -0.04290182 0.00439908 0.09746183
v 0.04360749 0.00519350 0.09640724
v 0.04377418 0.00337524 0.09643287
v 0.04386382 0.00335784 0.09603126
v -0.04280176 0.00015481 0.09764422
v -0.04225099 0.00307583 0.09777922
v -0.04242308 0.00427201 0.09770209
v -0.04359615 0.00041266 0.09705109
v -0.04324317 0.00470764 0.09713353
v -0.04382425 0.00207577 0.09653879
v -0.04382425 0.00207577 0.09653879
v -0.04324317 0.00470764 0.09713353
v -0.04353760 0.00472551 0.09670080
v 0.03556271 0.02298870 0.09778477
v 0.03243777 0.02733910 0.09776396
v 0.02892353 0.03078498 0.09778840
v 0.03257993 0.02908275 0.09691353
v 0.03319418 0.02787609 0.09730715
v 0.03428444 0.02705305 0.09691353
v -0.04359615 0.00041266 0.09705109
v -0.04290182 0.00439908 0.09746183
v -0.04324317 0.00470764 0.09713353
v -0.04262955 0.00616031 0.09749551
v -0.04290182 0.00439908 0.09746183
v -0.04242308 0.00427201 0.09770209
v -0.04290182 0.00439908 0.09746183
v -0.04304668 0.00621119 0.09713919
v -0.04324317 0.00470764 0.09713353
v -0.04262955 0.00616031 0.09749551
v -0.04304668 0.00621119 0.09713919
v -0.04290182 0.00439908 0.09746183
v -0.04262955 0.00616031 0.09749551
v -0.04278263 0.00773593 0.09715898
v -0.04304668 0.00621119 0.09713919
v -0.04228796 0.00831516 0.09748138
v -0.04278263 0.00773593 0.09715898
v -0.04262955 0.00616031 0.09749551
v 0.03428444 0.02705305 0.09691353
v 0.03586259 0.02492328 0.09691353
v 0.03446516 0.02730323 0.09626002
v 0.03446516 0.02730323 0.09626002
v 0.03586259 0.02492328 0.09691353
v 0.03604849 0.02517604 0.09625960
v -0.04228796 0.00831516 0.09748138
v -0.04262955 0.00616031 0.09749551
v -0.04186273 0.00811121 0.09770066
v 0.03319418 0.02787609 0.09730715
v 0.03557388 0.02473387 0.09730704
v 0.03428444 0.02705305 0.09691353
v 0.03428444 0.02705305 0.09691353
v 0.03557388 0.02473387 0.09730704
v 0.03586259 0.02492328 0.09691353
v 0.03319418 0.02787609 0.09730715
v 0.03613667 0.02315484 0.09759785
v 0.03557388 0.02473387 0.09730704
v 0.03285208 0.02760715 0.09759779
v 0.03613667 0.02315484 0.09759785
v 0.03319418 0.02787609 0.09730715
v -0.04228796 0.00831516 0.09748138
v -0.04248983 0.00930122 0.09713657
v -0.04278263 0.00773593 0.09715898
v -0.04179702 0.01053705 0.09747584
v -0.04248983 0.00930122 0.09713657
v -0.04228796 0.00831516 0.09748138
v 0.03243777 0.02733910 0.09776396
v 0.03556271 0.02298870 0.09778477
v 0.03285208 0.02760715 0.09759779
v 0.03285208 0.02760715 0.09759779
v 0.03556271 0.02298870 0.09778477
v 0.03613667 0.02315484 0.09759785
v -0.04179702 0.01053705 0.09747584
v -0.04228796 0.00831516 0.09748138
v -0.04135680 0.01036152 0.09770347
v -0.04179702 0.01053705 0.09747584
v -0.04208345 0.01098043 0.09714014
v -0.04248983 0.00930122 0.09713657
v 0.03604849 0.02517604 0.09625960
v 0.03748346 0.02241900 0.09691353
v 0.03732555 0.02324925 0.09622473
v 0.03586259 0.02492328 0.09691353
v 0.03748346 0.02241900 0.09691353
v 0.03604849 0.02517604 0.09625960
v 0.03557388 0.02473387 0.09730704
v 0.03718308 0.02224877 0.09730704
v 0.03586259 0.02492328 0.09691353
v -0.02999262 0.03176566 0.09688229
v -0.02943460 0.03183975 0.09727527
v -0.02878907 0.03283762 0.09690947
v 0.03748346 0.02241900 0.09691353
v -0.04236222 0.01107881 0.09671266
v -0.04175998 0.01376167 0.09626044
v -0.04246573 0.01140368 0.09618987
v -0.04236222 0.01107881 0.09671266
v -0.04147641 0.01367391 0.09691353
v -0.04175998 0.01376167 0.09626044
v 0.03557388 0.02473387 0.09730704
v 0.03613667 0.02315484 0.09759785
v 0.03718308 0.02224877 0.09730704
v -0.04208345 0.01098043 0.09714014
v -0.04147641 0.01367391 0.09691353
v -0.04236222 0.01107881 0.09671266
v -0.04208345 0.01098043 0.09714014
v -0.04073855 0.01480906 0.09730715
v -0.04147641 0.01367391 0.09691353
v 0.03732555 0.02324925 0.09622473
v 0.03748346 0.02241900 0.09691353
v 0.03863003 0.02083765 0.09650350
v 0.03732555 0.02324925 0.09622473
v 0.03863003 0.02083765 0.09650350
v 0.03865873 0.02100485 0.09601350
v -0.02878907 0.03283762 0.09690947
v -0.02782290 0.03322301 0.09729953
v -0.02748514 0.03396193 0.09688074
v -0.04179702 0.01053705 0.09747584
v -0.04073855 0.01480906 0.09730715
v -0.04208345 0.01098043 0.09714014
v -0.04179702 0.01053705 0.09747584
v -0.04033457 0.01464717 0.09759779
v -0.04073855 0.01480906 0.09730715
v -0.02782290 0.03322301 0.09729953
v -0.02614524 0.03459451 0.09727252
v -0.02748514 0.03396193 0.09688074
v -0.04135680 0.01036152 0.09770347
v -0.04033457 0.01464717 0.09759779
v -0.04179702 0.01053705 0.09747584
v -0.02630165 0.03516843 0.09640730
v -0.02748514 0.03396193 0.09688074
v -0.02632913 0.03485662 0.09689123
v -0.02748514 0.03396193 0.09688074
v -0.02614524 0.03459451 0.09727252
v -0.02632913 0.03485662 0.09689123
v -0.04135680 0.01036152 0.09770347
v -0.03980011 0.01445679 0.09778334
v -0.04033457 0.01464717 0.09759779
v -0.04110691 0.00977824 0.09778644
v -0.03980011 0.01445679 0.09778334
v -0.04135680 0.01036152 0.09770347
v -0.02630165 0.03516843 0.09640730
v -0.02632913 0.03485662 0.09689123
v -0.02495603 0.03584501 0.09690453
v -0.02632913 0.03485662 0.09689123
v -0.02614524 0.03459451 0.09727252
v -0.02495603 0.03584501 0.09690453
v 0.03748346 0.02241900 0.09691353
v 0.03892261 0.01980665 0.09691353
v 0.03863003 0.02083765 0.09650350
v -0.02614524 0.03459451 0.09727252
v -0.02473223 0.03558184 0.09729994
v -0.02495603 0.03584501 0.09690453
v -0.04147641 0.01367391 0.09691353
v -0.04057056 0.01616458 0.09691353
v -0.04175998 0.01376167 0.09626044
v -0.04175998 0.01376167 0.09626044
v -0.04057056 0.01616458 0.09691353
v -0.04085623 0.01624989 0.09626014
v 0.03748346 0.02241900 0.09691353
v 0.03920841 0.01848397 0.09730715
v 0.03892261 0.01980665 0.09691353
v 0.03718308 0.02224877 0.09730704
v 0.03920841 0.01848397 0.09730715
v 0.03748346 0.02241900 0.09691353
v -0.04147641 0.01367391 0.09691353
v -0.04073855 0.01480906 0.09730715
v -0.04057056 0.01616458 0.09691353
v 0.03863003 0.02083765 0.09650350
v 0.03983639 0.01864934 0.09613414
v 0.03865873 0.02100485 0.09601350
v 0.03718308 0.02224877 0.09730704
v 0.03880890 0.01831094 0.09759779
v 0.03920841 0.01848397 0.09730715
v 0.03613667 0.02315484 0.09759785
v 0.03880890 0.01831094 0.09759779
v 0.03718308 0.02224877 0.09730704
v -0.01598002 0.03999824 0.09749551
v -0.01737373 0.03946078 0.09746600
v -0.01659654 0.03927896 0.09770204
v 0.03613667 0.02315484 0.09759785
v 0.03837070 0.01814890 0.09775872
v 0.03880890 0.01831094 0.09759779
v 0.03556271 0.02298870 0.09778477
v 0.03837070 0.01814890 0.09775872
v 0.03613667 0.02315484 0.09759785
v -0.01737373 0.03946078 0.09746600
v -0.01614439 0.04038515 0.09713919
v -0.01754497 0.03980357 0.09713353
v -0.01598002 0.03999824 0.09749551
v -0.01614439 0.04038515 0.09713919
v -0.01737373 0.03946078 0.09746600
v -0.01598002 0.03999824 0.09749551
v -0.01469201 0.04091890 0.09715898
v -0.01614439 0.04038515 0.09713919
v 0.04004620 0.01377236 0.09778578
v 0.03837070 0.01814890 0.09775872
v 0.03556271 0.02298870 0.09778477
v 0.03863003 0.02083765 0.09650350
v 0.04012077 0.01744163 0.09680576
v 0.03983639 0.01864934 0.09613414
v -0.01394289 0.04077972 0.09748138
v -0.01469201 0.04091890 0.09715898
v -0.01598002 0.03999824 0.09749551
v 0.03892261 0.01980665 0.09691353
v 0.04012077 0.01744163 0.09680576
v 0.03863003 0.02083765 0.09650350
v -0.04085623 0.01624989 0.09626014
v -0.03951549 0.01859616 0.09691353
v -0.03980423 0.01867924 0.09625990
v -0.04057056 0.01616458 0.09691353
v -0.01394289 0.04077972 0.09748138
v -0.01598002 0.03999824 0.09749551
v -0.01396514 0.04040530 0.09765638
v 0.03892261 0.01980665 0.09691353
v 0.03920841 0.01848397 0.09730715
v 0.04012077 0.01744163 0.09680576
v -0.04073855 0.01480906 0.09730715
v -0.03920698 0.01844073 0.09730704
v -0.04057056 0.01616458 0.09691353
v -0.04057056 0.01616458 0.09691353
v -0.03920698 0.01844073 0.09730704
v -0.03951549 0.01859616 0.09691353
v -0.04033457 0.01464717 0.09759779
v -0.03812085 0.01971820 0.09759785
v -0.04073855 0.01480906 0.09730715
v -0.04073855 0.01480906 0.09730715
v -0.03812085 0.01971820 0.09759785
v -0.03920698 0.01844073 0.09730704
v -0.01394289 0.04077972 0.09748138
v -0.01318993 0.04144813 0.09713657
v -0.01469201 0.04091890 0.09715898
v -0.01177296 0.04146558 0.09747590
v -0.01318993 0.04144813 0.09713657
v -0.01394289 0.04077972 0.09748138
v 0.03983639 0.01864934 0.09613414
v 0.04012077 0.01744163 0.09680576
v 0.04088876 0.01621313 0.09613414
v -0.03980011 0.01445679 0.09778334
v -0.03770847 0.01944677 0.09776426
v -0.04033457 0.01464717 0.09759779
v -0.01177296 0.04146558 0.09747590
v -0.01394289 0.04077972 0.09748138
v -0.01170489 0.04099678 0.09770347
v -0.04033457 0.01464717 0.09759779
v -0.03770847 0.01944677 0.09776426
v -0.03812085 0.01971820 0.09759785
v -0.01177296 0.04146558 0.09747590
v -0.01153251 0.04193590 0.09714008
v -0.01318993 0.04144813 0.09713657
v -0.03980423 0.01867924 0.09625990
v -0.03827468 0.02117463 0.09682042
v -0.03851644 0.02124181 0.09615261
v 0.04012077 0.01744163 0.09680576
v 0.04110510 0.01497498 0.09680576
v 0.04088876 0.01621313 0.09613414
v -0.03951549 0.01859616 0.09691353
v -0.03827468 0.02117463 0.09682042
v -0.03980423 0.01867924 0.09625990
v 0.01251353 0.04185709 0.09688229
v 0.01285682 0.04141104 0.09727527
v 0.01404375 0.04135085 0.09690947
v -0.03920698 0.01844073 0.09730704
v -0.03785945 0.02107710 0.09730704
v -0.03951549 0.01859616 0.09691353
v 0.03920841 0.01848397 0.09730715
v 0.04115821 0.01359871 0.09730715
v 0.04012077 0.01744163 0.09680576
v -0.03951549 0.01859616 0.09691353
v -0.03785945 0.02107710 0.09730704
v -0.03827468 0.02117463 0.09682042
v 0.04110510 0.01497498 0.09680576
v -0.03920698 0.01844073 0.09730704
v -0.03812085 0.01971820 0.09759785
v -0.03785945 0.02107710 0.09730704
v 0.03920841 0.01848397 0.09730715
v 0.04074083 0.01347578 0.09759779
v 0.04115821 0.01359871 0.09730715
v 0.03880890 0.01831094 0.09759779
v 0.04088876 0.01621313 0.09613414
v 0.04110510 0.01497498 0.09680576
v 0.04179154 0.01371787 0.09613425
v 0.01404375 0.04135085 0.09690947
v 0.01486077 0.04070638 0.09729953
v 0.01566978 0.04078373 0.09688074
v 0.03880890 0.01831094 0.09759779
v 0.04004620 0.01377236 0.09778578
v 0.04074083 0.01347578 0.09759779
v 0.03837070 0.01814890 0.09775872
v 0.04004620 0.01377236 0.09778578
v 0.03880890 0.01831094 0.09759779
v -0.03484726 0.02404250 0.09778506
v -0.03770847 0.01944677 0.09776426
v -0.03980011 0.01445679 0.09778334
v 0.01486077 0.04070638 0.09729953
v 0.01688735 0.03993957 0.09727252
v 0.01566978 0.04078373 0.09688074
v 0.01730630 0.04036196 0.09640730
v 0.01566978 0.04078373 0.09688074
v 0.01702214 0.04023005 0.09689123
v 0.01566978 0.04078373 0.09688074
v 0.01688735 0.03993957 0.09727252
v 0.01702214 0.04023005 0.09689123
v -0.03827468 0.02117463 0.09682042
v -0.03745426 0.02303979 0.09624417
v -0.03851644 0.02124181 0.09615261
v 0.04110510 0.01497498 0.09680576
v 0.04193784 0.01245350 0.09680576
v 0.04179154 0.01371787 0.09613425
v 0.01730630 0.04036196 0.09640730
v 0.01702214 0.04023005 0.09689123
v 0.01856468 0.03953500 0.09690453
v 0.01702214 0.04023005 0.09689123
v 0.01688735 0.03993957 0.09727252
v 0.01856468 0.03953500 0.09690453
v 0.04110510 0.01497498 0.09680576
v 0.04115821 0.01359871 0.09730715
v 0.04193784 0.01245350 0.09680576
v 0.01688735 0.03993957 0.09727252
v 0.01844891 0.03920942 0.09729994
v 0.01856468 0.03953500 0.09690453
v -0.03827468 0.02117463 0.09682042
v -0.03654485 0.02401333 0.09683509
v -0.03745426 0.02303979 0.09624417
v 0.04179154 0.01371787 0.09613425
v 0.04193784 0.01245350 0.09680576
v 0.04268742 0.01064486 0.09609432
v -0.03827468 0.02117463 0.09682042
v -0.03561160 0.02471386 0.09730715
v -0.03654485 0.02401333 0.09683509
v -0.03785945 0.02107710 0.09730704
v -0.03561160 0.02471386 0.09730715
v -0.03827468 0.02117463 0.09682042
v -0.03812085 0.01971820 0.09759785
v -0.03526207 0.02445385 0.09759779
v -0.03785945 0.02107710 0.09730704
v -0.03785945 0.02107710 0.09730704
v -0.03526207 0.02445385 0.09759779
v -0.03561160 0.02471386 0.09730715
v -0.03745426 0.02303979 0.09624417
v -0.03654485 0.02401333 0.09683509
v -0.03605278 0.02519829 0.09613360
v 0.02664954 0.03383810 0.09749551
v 0.02548755 0.03477621 0.09746600
v 0.02571835 0.03401242 0.09770204
v 0.02548755 0.03477621 0.09746600
v 0.02690213 0.03417397 0.09713919
v 0.02569862 0.03509602 0.09713353
v 0.02664954 0.03383810 0.09749551
v 0.02690213 0.03417397 0.09713919
v 0.02548755 0.03477621 0.09746600
v -0.03812085 0.01971820 0.09759785
v -0.03484726 0.02404250 0.09778506
v -0.03526207 0.02445385 0.09759779
v -0.03770847 0.01944677 0.09776426
v -0.03484726 0.02404250 0.09778506
v -0.03812085 0.01971820 0.09759785
v 0.04193784 0.01245350 0.09680576
v 0.04293651 0.00917368 0.09644468
v 0.04268742 0.01064486 0.09609432
v 0.04193784 0.01245350 0.09680576
v 0.04250598 0.01009167 0.09688229
v 0.04293651 0.00917368 0.09644468
v 0.02664954 0.03383810 0.09749551
v 0.02809100 0.03318301 0.09715892
v 0.02690213 0.03417397 0.09713919
v 0.02834497 0.03246474 0.09748138
v 0.02809100 0.03318301 0.09715892
v 0.02664954 0.03383810 0.09749551
v 0.04115821 0.01359871 0.09730715
v 0.04229136 0.00957125 0.09727533
v 0.04193784 0.01245350 0.09680576
v 0.04193784 0.01245350 0.09680576
v 0.04229136 0.00957125 0.09727533
v 0.04250598 0.01009167 0.09688229
v -0.03654485 0.02401333 0.09683509
v -0.03516509 0.02602505 0.09680576
v -0.03605278 0.02519829 0.09613360
v 0.02834497 0.03246474 0.09748138
v 0.02664954 0.03383810 0.09749551
v 0.02800945 0.03229687 0.09765638
v 0.04074083 0.01347578 0.09759779
v 0.04177675 0.00986813 0.09757698
v 0.04115821 0.01359871 0.09730715
v 0.04115821 0.01359871 0.09730715
v 0.04177675 0.00986813 0.09757698
v 0.04229136 0.00957125 0.09727533
v 0.04004620 0.01377236 0.09778578
v 0.04125573 0.00959831 0.09777589
v 0.04074083 0.01347578 0.09759779
v 0.04074083 0.01347578 0.09759779
v 0.04125573 0.00959831 0.09777589
v 0.04177675 0.00986813 0.09757698
v -0.03654485 0.02401333 0.09683509
v -0.03561160 0.02471386 0.09730715
v -0.03516509 0.02602505 0.09680576
v 0.02834497 0.03246474 0.09748138
v 0.02930015 0.03214692 0.09713657
v 0.02809100 0.03318301 0.09715892
v 0.03002372 0.03092871 0.09747590
v 0.02930015 0.03214692 0.09713657
v 0.02834497 0.03246474 0.09748138
v -0.03605278 0.02519829 0.09613360
v -0.03516509 0.02602505 0.09680576
v -0.03446992 0.02732384 0.09613378
v 0.03002372 0.03092871 0.09747590
v 0.02834497 0.03246474 0.09748138
v 0.02965192 0.03063527 0.09770347
v 0.03002372 0.03092871 0.09747590
v 0.03055127 0.03095540 0.09714014
v 0.02930015 0.03214692 0.09713657
v -0.03516509 0.02602505 0.09680576
v -0.03352141 0.02811043 0.09680576
v -0.03446992 0.02732384 0.09613378
v 0.04250598 0.01009167 0.09688229
v 0.04229136 0.00957125 0.09727533
v 0.04283299 0.00851332 0.09690947
v -0.03516509 0.02602505 0.09680576
v -0.03235600 0.02884509 0.09730715
v -0.03352141 0.02811043 0.09680576
v -0.03561160 0.02471386 0.09730715
v 0.04283299 0.00851332 0.09690947
v 0.04268329 0.00748342 0.09729953
v 0.04315454 0.00682184 0.09688074
v -0.03526207 0.02445385 0.09759779
v -0.03204054 0.02854497 0.09759779
v -0.03561160 0.02471386 0.09730715
v -0.03235600 0.02884509 0.09730715
v -0.03446992 0.02732384 0.09613378
v -0.03352141 0.02811043 0.09680576
v -0.03276179 0.02934984 0.09613414
v -0.03484726 0.02404250 0.09778506
v -0.03170711 0.02818305 0.09776396
v -0.03526207 0.02445385 0.09759779
v 0.04268329 0.00748342 0.09729953
v 0.04303256 0.00534477 0.09727252
v 0.04315454 0.00682184 0.09688074
v -0.03526207 0.02445385 0.09759779
v -0.03170711 0.02818305 0.09776396
v -0.03204054 0.02854497 0.09759779
v 0.04360749 0.00519350 0.09640724
v 0.04315454 0.00682184 0.09688074
v 0.04335111 0.00537377 0.09689123
v 0.04315454 0.00682184 0.09688074
v 0.04303256 0.00534477 0.09727252
v 0.04335111 0.00537377 0.09689123
v 0.04377418 0.00337524 0.09643287
v 0.04397290 0.00061534 0.09623201
v 0.04386382 0.00335784 0.09603126
v 0.04360749 0.00519350 0.09640724
v 0.04335111 0.00537377 0.09689123
v 0.04352071 0.00369000 0.09690453
v 0.04335111 0.00537377 0.09689123
v 0.04303256 0.00534477 0.09727252
v 0.04352071 0.00369000 0.09690453
v -0.03352141 0.02811043 0.09680576
v -0.03175381 0.03009230 0.09680576
v -0.03276179 0.02934984 0.09613414
v 0.04352071 0.00369000 0.09690453
v 0.04359615 -0.00041266 0.09705109
v 0.04377418 0.00337524 0.09643287
v 0.04377418 0.00337524 0.09643287
v 0.04359615 -0.00041266 0.09705109
v 0.04397290 0.00061534 0.09623201
v 0.04318053 0.00362783 0.09729994
v 0.04359615 -0.00041266 0.09705109
v 0.04352071 0.00369000 0.09690453
v 0.04318053 0.00362783 0.09729994
v 0.04324903 -0.00005483 0.09738005
v 0.04359615 -0.00041266 0.09705109
v 0.04303256 0.00534477 0.09727252
v 0.04318053 0.00362783 0.09729994
v 0.04352071 0.00369000 0.09690453
v 0.04275334 0.00360061 0.09758992
v 0.04324903 -0.00005483 0.09738005
v 0.04318053 0.00362783 0.09729994
v 0.04275334 0.00360061 0.09758992
v 0.04262450 -0.00039690 0.09772242
v 0.04324903 -0.00005483 0.09738005
v -0.03352141 0.02811043 0.09680576
v -0.03235600 0.02884509 0.09730715
v -0.03175381 0.03009230 0.09680576
v 0.04219173 0.00370500 0.09777893
v 0.04262450 -0.00039690 0.09772242
v 0.04275334 0.00360061 0.09758992
v -0.02870554 0.03117130 0.09777332
v -0.03170711 0.02818305 0.09776396
v -0.03484726 0.02404250 0.09778506
v -0.03276179 0.02934984 0.09613414
v -0.03175381 0.03009230 0.09680576
v -0.03055343 0.03165481 0.09609456
v -0.04325783 0.00681911 0.09671117
v -0.04353760 0.00472551 0.09670080
v -0.04324317 0.00470764 0.09713353
v -0.03175381 0.03009230 0.09680576
v -0.03008724 0.03198048 0.09641678
v -0.03055343 0.03165481 0.09609456
v -0.03175381 0.03009230 0.09680576
v -0.02999262 0.03176566 0.09688229
v -0.03008724 0.03198048 0.09641678
v -0.04281432 0.00914701 0.09672827
v -0.04325783 0.00681911 0.09671117
v -0.04278263 0.00773593 0.09715898
v -0.03235600 0.02884509 0.09730715
v -0.02943460 0.03183975 0.09727527
v -0.03175381 0.03009230 0.09680576
v -0.03175381 0.03009230 0.09680576
v -0.02943460 0.03183975 0.09727527
v -0.02999262 0.03176566 0.09688229
v -0.03204054 0.02854497 0.09759779
v -0.02943434 0.03124548 0.09757698
v -0.03235600 0.02884509 0.09730715
v -0.03235600 0.02884509 0.09730715
v -0.02943434 0.03124548 0.09757698
v -0.02943460 0.03183975 0.09727527
v -0.03170711 0.02818305 0.09776396
v -0.02870554 0.03117130 0.09777332
v -0.03204054 0.02854497 0.09759779
v -0.03204054 0.02854497 0.09759779
v -0.02870554 0.03117130 0.09777332
v -0.02943434 0.03124548 0.09757698
v -0.04208345 0.01098043 0.09714014
v -0.04281432 0.00914701 0.09672827
v -0.04248983 0.00930122 0.09713657
v -0.04236222 0.01107881 0.09671266
v -0.04281432 0.00914701 0.09672827
v -0.04208345 0.01098043 0.09714014
v -0.02943460 0.03183975 0.09727527
v -0.02943434 0.03124548 0.09757698
v -0.02829220 0.03225621 0.09758867
v -0.02878907 0.03283762 0.09690947
v -0.02943460 0.03183975 0.09727527
v -0.02782290 0.03322301 0.09729953
v -0.02782290 0.03322301 0.09729953
v -0.02829220 0.03225621 0.09758867
v -0.02698751 0.03339248 0.09757472
v -0.02614524 0.03459451 0.09727252
v -0.02698751 0.03339248 0.09757472
v -0.02540611 0.03455552 0.09759695
v -0.02481024 0.03622201 0.09643287
v -0.02254443 0.03775615 0.09623910
v -0.02482710 0.03631718 0.09603090
v -0.02481024 0.03622201 0.09643287
v -0.02131412 0.03813880 0.09691466
v -0.02254443 0.03775615 0.09623910
v -0.02495603 0.03584501 0.09690453
v -0.02131412 0.03813880 0.09691466
v -0.02481024 0.03622201 0.09643287
v -0.02495603 0.03584501 0.09690453
v -0.02115679 0.03783101 0.09730787
v -0.02131412 0.03813880 0.09691466
v -0.02473223 0.03558184 0.09729994
v -0.02115679 0.03783101 0.09730787
v -0.02495603 0.03584501 0.09690453
v -0.02473223 0.03558184 0.09729994
v -0.02540611 0.03455552 0.09759695
v -0.02416654 0.03547218 0.09757991
v -0.02473223 0.03558184 0.09729994
v -0.02096636 0.03743845 0.09759803
v -0.02115679 0.03783101 0.09730787
v -0.02416654 0.03547218 0.09757991
v -0.02096636 0.03743845 0.09759803
v -0.02473223 0.03558184 0.09729994
v -0.02416654 0.03547218 0.09757991
v -0.02082631 0.03694926 0.09776557
v -0.02096636 0.03743845 0.09759803
v -0.02403204 0.03484380 0.09778232
v -0.02082631 0.03694926 0.09776557
v -0.02416654 0.03547218 0.09757991
v -0.02254443 0.03775615 0.09623910
v -0.02131412 0.03813880 0.09691466
v -0.02023436 0.03904281 0.09623844
v -0.01572368 0.04087194 0.09671117
v -0.01767617 0.04006745 0.09670080
v -0.01754497 0.03980357 0.09713353
v -0.04175239 0.00647599 0.09778614
v -0.04242308 0.00427201 0.09770209
v -0.04225099 0.00307583 0.09777922
v -0.04175239 0.00647599 0.09778614
v -0.04222574 0.00592332 0.09770037
v -0.04242308 0.00427201 0.09770209
v -0.02023436 0.03904281 0.09623844
v -0.01767617 0.04006745 0.09670080
v -0.01761729 0.04028952 0.09618992
v -0.01348568 0.04165191 0.09672827
v -0.01572368 0.04087194 0.09671117
v -0.01469201 0.04091890 0.09715898
v -0.02131412 0.03813880 0.09691466
v -0.01767617 0.04006745 0.09670080
v -0.02023436 0.03904281 0.09623844
v -0.02131412 0.03813880 0.09691466
v -0.01754497 0.03980357 0.09713353
v -0.01767617 0.04006745 0.09670080
v -0.02115679 0.03783101 0.09730787
v -0.01754497 0.03980357 0.09713353
v -0.02131412 0.03813880 0.09691466
v -0.02115679 0.03783101 0.09730787
v -0.01737373 0.03946078 0.09746600
v -0.01754497 0.03980357 0.09713353
v -0.02096636 0.03743845 0.09759803
v -0.01737373 0.03946078 0.09746600
v -0.02115679 0.03783101 0.09730787
v -0.02096636 0.03743845 0.09759803
v -0.01659654 0.03927896 0.09770204
v -0.01737373 0.03946078 0.09746600
v -0.04110691 0.00977824 0.09778644
v -0.04186273 0.00811121 0.09770066
v -0.04175239 0.00647599 0.09778614
v -0.02082631 0.03694926 0.09776557
v -0.01659654 0.03927896 0.09770204
v -0.02096636 0.03743845 0.09759803
v -0.02403204 0.03484380 0.09778232
v -0.01647583 0.03891608 0.09778506
v -0.02082631 0.03694926 0.09776557
v -0.02082631 0.03694926 0.09776557
v -0.01647583 0.03891608 0.09778506
v -0.01659654 0.03927896 0.09770204
v -0.01153251 0.04193590 0.09714008
v -0.01348568 0.04165191 0.09672827
v -0.01318993 0.04144813 0.09713657
v -0.01158637 0.04222612 0.09671266
v -0.01348568 0.04165191 0.09672827
v -0.01153251 0.04193590 0.09714008
v 0.01285682 0.04141104 0.09727527
v 0.01234221 0.04111374 0.09757698
v 0.01378859 0.04062956 0.09758867
v -0.03055343 0.03165481 0.09609456
v -0.02895054 0.03300187 0.09644319
v -0.02862411 0.03339910 0.09606476
v -0.03008724 0.03198048 0.09641678
v -0.02895054 0.03300187 0.09644319
v -0.03055343 0.03165481 0.09609456
v 0.01404375 0.04135085 0.09690947
v 0.01285682 0.04141104 0.09727527
v 0.01486077 0.04070638 0.09729953
v 0.01486077 0.04070638 0.09729953
v 0.01378859 0.04062956 0.09758867
v 0.01542515 0.04006791 0.09757472
v -0.02895054 0.03300187 0.09644319
v -0.02780853 0.03397327 0.09643293
v -0.02862411 0.03339910 0.09606476
v -0.02862411 0.03339910 0.09606476
v -0.02780853 0.03397327 0.09643293
v -0.02677897 0.03490269 0.09604497
v -0.02780853 0.03397327 0.09643293
v -0.02630165 0.03516843 0.09640730
v -0.02677897 0.03490269 0.09604497
v 0.01688735 0.03993957 0.09727252
v 0.01542515 0.04006791 0.09757472
v 0.01722315 0.03927992 0.09759695
v -0.02677897 0.03490269 0.09604497
v -0.02630165 0.03516843 0.09640730
v -0.02482710 0.03631718 0.09603090
v 0.01844891 0.03920942 0.09729994
v 0.01722315 0.03927992 0.09759695
v 0.01863658 0.03866492 0.09757991
v -0.01158637 0.04222612 0.09671266
v -0.00901179 0.04303576 0.09626026
v -0.01137910 0.04247175 0.09619034
v -0.01158637 0.04222612 0.09671266
v -0.00889647 0.04275633 0.09691353
v -0.00901179 0.04303576 0.09626026
v -0.01153251 0.04193590 0.09714008
v -0.00889647 0.04275633 0.09691353
v -0.01158637 0.04222612 0.09671266
v -0.01153251 0.04193590 0.09714008
v -0.00754415 0.04268536 0.09730715
v -0.00889647 0.04275633 0.09691353
v -0.01177296 0.04146558 0.09747590
v -0.00754415 0.04268536 0.09730715
v -0.01153251 0.04193590 0.09714008
v -0.01177296 0.04146558 0.09747590
v -0.00748237 0.04225436 0.09759779
v -0.00754415 0.04268536 0.09730715
v 0.02753483 0.03405284 0.09671117
v 0.02586156 0.03534173 0.09670080
v 0.02569862 0.03509602 0.09713353
v -0.01170489 0.04099678 0.09770347
v -0.00748237 0.04225436 0.09759779
v -0.01177296 0.04146558 0.09747590
v -0.01170489 0.04099678 0.09770347
v -0.00738008 0.04169622 0.09778334
v -0.00748237 0.04225436 0.09759779
v -0.01208509 0.04048879 0.09778644
v -0.00738008 0.04169622 0.09778334
v -0.01170489 0.04099678 0.09770347
v 0.02932860 0.03250470 0.09672827
v 0.02753483 0.03405284 0.09671117
v 0.02809100 0.03318301 0.09715892
v -0.00889647 0.04275633 0.09691353
v -0.00628658 0.04321767 0.09691353
v -0.00901179 0.04303576 0.09626026
v -0.00901179 0.04303576 0.09626026
v -0.00628658 0.04321767 0.09691353
v -0.00640084 0.04350094 0.09625990
v -0.00889647 0.04275633 0.09691353
v -0.00754415 0.04268536 0.09730715
v -0.00628658 0.04321767 0.09691353
v 0.03055127 0.03095540 0.09714014
v 0.02932860 0.03250470 0.09672827
v 0.02930015 0.03214692 0.09713657
v 0.03077570 0.03114711 0.09671266
v 0.02932860 0.03250470 0.09672827
v 0.03055127 0.03095540 0.09714014
v -0.00640084 0.04350094 0.09625990
v -0.00366694 0.04375053 0.09644438
v -0.00265508 0.04393479 0.09598828
v 0.01213075 0.04228908 0.09609438
v 0.01410499 0.04157276 0.09644319
v 0.01461067 0.04148931 0.09606476
v 0.01265262 0.04204641 0.09641678
v 0.01410499 0.04157276 0.09644319
v 0.01213075 0.04228908 0.09609438
v -0.00640084 0.04350094 0.09625990
v -0.00365321 0.04351931 0.09691353
v -0.00366694 0.04375053 0.09644438
v -0.00628658 0.04321767 0.09691353
v -0.00365321 0.04351931 0.09691353
v -0.00640084 0.04350094 0.09625990
v 0.04229136 0.00957125 0.09727533
v 0.04177675 0.00986813 0.09757698
v 0.04208045 0.00837369 0.09758867
v -0.00754415 0.04268536 0.09730715
v -0.00363339 0.04317472 0.09730704
v -0.00628658 0.04321767 0.09691353
v 0.04283299 0.00851332 0.09690947
v 0.04229136 0.00957125 0.09727533
v 0.04268329 0.00748342 0.09729953
v -0.00628658 0.04321767 0.09691353
v -0.00363339 0.04317472 0.09730704
v -0.00365321 0.04351931 0.09691353
v 0.01410499 0.04157276 0.09644319
v 0.01551708 0.04106944 0.09643299
v 0.01461067 0.04148931 0.09606476
v 0.01461067 0.04148931 0.09606476
v 0.01551708 0.04106944 0.09643299
v 0.01683181 0.04064486 0.09604473
v 0.04268329 0.00748342 0.09729953
v 0.04208045 0.00837369 0.09758867
v 0.04235522 0.00689624 0.09758521
v -0.00748237 0.04225436 0.09759779
v -0.00198419 0.04287278 0.09759791
v -0.00754415 0.04268536 0.09730715
v -0.00754415 0.04268536 0.09730715
v -0.00198419 0.04287278 0.09759791
v -0.00363339 0.04317472 0.09730704
v 0.01551708 0.04106944 0.09643299
v 0.01730630 0.04036196 0.09640730
v 0.01683181 0.04064486 0.09604473
v -0.00738008 0.04169622 0.09778334
v -0.00201292 0.04237992 0.09776426
v -0.00748237 0.04225436 0.09759779
v -0.00748237 0.04225436 0.09759779
v -0.00201292 0.04237992 0.09776426
v -0.00198419 0.04287278 0.09759791
v 0.04268329 0.00748342 0.09729953
v 0.04235522 0.00689624 0.09758521
v 0.04259777 0.00536626 0.09757472
v -0.00366694 0.04375053 0.09644438
v -0.00067131 0.04390259 0.09644438
v -0.00265508 0.04393479 0.09598828
v 0.01683181 0.04064486 0.09604473
v 0.01730630 0.04036196 0.09640730
v 0.01903133 0.03966279 0.09603108
v -0.00365321 0.04351931 0.09691353
v -0.00067359 0.04367113 0.09691353
v -0.00366694 0.04375053 0.09644438
v -0.00067131 0.04390259 0.09644438
v 0.04318053 0.00362783 0.09729994
v 0.04259777 0.00536626 0.09757472
v 0.04275334 0.00360061 0.09758992
v -0.00365321 0.04351931 0.09691353
v -0.00067687 0.04332551 0.09730704
v -0.00067359 0.04367113 0.09691353
v -0.00363339 0.04317472 0.09730704
v -0.00363339 0.04317472 0.09730704
v -0.00198419 0.04287278 0.09759791
v -0.00067687 0.04332551 0.09730704
v -0.00265508 0.04393479 0.09598828
v -0.00067131 0.04390259 0.09644438
v 0.00114632 0.04398167 0.09601314
v 0.02759464 0.03218046 0.09776718
v 0.02571835 0.03401242 0.09770204
v 0.02523437 0.03389124 0.09778506
v -0.04355737 0.00605284 0.09617955
v -0.04375483 0.00434501 0.09619016
v -0.04353760 0.00472551 0.09670080
v 0.00384261 0.04216606 0.09778590
v -0.00201292 0.04237992 0.09776426
v -0.00738008 0.04169622 0.09778334
v -0.04304668 0.00621119 0.09713919
v -0.04325783 0.00681911 0.09671117
v -0.04324317 0.00470764 0.09713353
v -0.00067131 0.04390259 0.09644438
v 0.00220298 0.04383866 0.09647031
v 0.00114632 0.04398167 0.09601314
v -0.04278263 0.00773593 0.09715898
v -0.04325783 0.00681911 0.09671117
v -0.04304668 0.00621119 0.09713919
v -0.00067359 0.04367113 0.09691353
v 0.00230809 0.04361123 0.09691353
v -0.00067131 0.04390259 0.09644438
v -0.00067131 0.04390259 0.09644438
v 0.00230809 0.04361123 0.09691353
v 0.00220298 0.04383866 0.09647031
v -0.04248983 0.00930122 0.09713657
v -0.04281432 0.00914701 0.09672827
v -0.04278263 0.00773593 0.09715898
v -0.04288850 0.00973715 0.09614767
v -0.04323507 0.00799669 0.09619970
v -0.04281432 0.00914701 0.09672827
v -0.00067687 0.04332551 0.09730704
v 0.00359682 0.04319748 0.09730715
v -0.00067359 0.04367113 0.09691353
v -0.00067359 0.04367113 0.09691353
v 0.00359682 0.04319748 0.09730715
v 0.00230809 0.04361123 0.09691353
v 0.00220298 0.04383866 0.09647031
v 0.00377582 0.04382332 0.09613390
v 0.00114632 0.04398167 0.09601314
v -0.00067687 0.04332551 0.09730704
v 0.00354663 0.04276467 0.09759779
v 0.00359682 0.04319748 0.09730715
v -0.00198419 0.04287278 0.09759791
v 0.00354663 0.04276467 0.09759779
v -0.00067687 0.04332551 0.09730704
v -0.04236222 0.01107881 0.09671266
v -0.04288850 0.00973715 0.09614767
v -0.04281432 0.00914701 0.09672827
v -0.04236222 0.01107881 0.09671266
v -0.04246573 0.01140368 0.09618987
v -0.04288850 0.00973715 0.09614767
v -0.00201292 0.04237992 0.09776426
v 0.00384261 0.04216606 0.09778590
v -0.00198419 0.04287278 0.09759791
v -0.00198419 0.04287278 0.09759791
v 0.00384261 0.04216606 0.09778590
v 0.00354663 0.04276467 0.09759779
v 0.04268742 0.01064486 0.09609432
v 0.04293651 0.00917368 0.09644468
v 0.04323592 0.00809252 0.09606499
v -0.02943434 0.03124548 0.09757698
v -0.02870554 0.03117130 0.09777332
v -0.02829220 0.03225621 0.09758867
v 0.00220298 0.04383866 0.09647031
v 0.00495551 0.04346642 0.09680576
v 0.00377582 0.04382332 0.09613390
v -0.02943460 0.03183975 0.09727527
v -0.02829220 0.03225621 0.09758867
v -0.02782290 0.03322301 0.09729953
v 0.04293651 0.00917368 0.09644468
v 0.04332595 0.00709601 0.09643293
v 0.04323592 0.00809252 0.09606499
v 0.00230809 0.04361123 0.09691353
v 0.00495551 0.04346642 0.09680576
v 0.00220298 0.04383866 0.09647031
v 0.04323592 0.00809252 0.09606499
v 0.04332595 0.00709601 0.09643293
v 0.04361444 0.00575055 0.09604449
v -0.02829220 0.03225621 0.09758867
v -0.02870554 0.03117130 0.09777332
v -0.02739793 0.03234227 0.09776826
v 0.00230809 0.04361123 0.09691353
v 0.00359682 0.04319748 0.09730715
v 0.00495551 0.04346642 0.09680576
v 0.04332595 0.00709601 0.09643293
v 0.04360749 0.00519350 0.09640724
v 0.04361444 0.00575055 0.09604449
v -0.02587007 0.03358286 0.09776832
v -0.02782290 0.03322301 0.09729953
v -0.02698751 0.03339248 0.09757472
v -0.02614524 0.03459451 0.09727252
v 0.00377582 0.04382332 0.09613390
v 0.00495551 0.04346642 0.09680576
v 0.00641138 0.04351594 0.09613402
v 0.04361444 0.00575055 0.09604449
v 0.04360749 0.00519350 0.09640724
v 0.04386382 0.00335784 0.09603126
v -0.02614524 0.03459451 0.09727252
v -0.02540611 0.03455552 0.09759695
v -0.02473223 0.03558184 0.09729994
v -0.02540611 0.03455552 0.09759695
v -0.02587007 0.03358286 0.09776832
v -0.02403204 0.03484380 0.09778232
v 0.00495551 0.04346642 0.09680576
v 0.00758383 0.04308545 0.09680576
v 0.00641138 0.04351594 0.09613402
v -0.04222574 0.00592332 0.09770037
v 0.00495551 0.04346642 0.09680576
v 0.00880233 0.04244368 0.09730715
v 0.00758383 0.04308545 0.09680576
v 0.00359682 0.04319748 0.09730715
v 0.00359682 0.04319748 0.09730715
v 0.00870017 0.04202036 0.09759779
v 0.00880233 0.04244368 0.09730715
v 0.00354663 0.04276467 0.09759779
v 0.00870017 0.04202036 0.09759779
v 0.00359682 0.04319748 0.09730715
v 0.00641138 0.04351594 0.09613402
v 0.00758383 0.04308545 0.09680576
v 0.00902407 0.04305014 0.09613414
v -0.04186273 0.00811121 0.09770066
v -0.04262955 0.00616031 0.09749551
v -0.04222574 0.00592332 0.09770037
v -0.01614439 0.04038515 0.09713919
v -0.01572368 0.04087194 0.09671117
v -0.01754497 0.03980357 0.09713353
v 0.00384261 0.04216606 0.09778590
v 0.00861010 0.04166198 0.09773196
v 0.00354663 0.04276467 0.09759779
v -0.04186273 0.00811121 0.09770066
v -0.04222574 0.00592332 0.09770037
v -0.04175239 0.00647599 0.09778614
v 0.00354663 0.04276467 0.09759779
v 0.00861010 0.04166198 0.09773196
v 0.00870017 0.04202036 0.09759779
v -0.01469201 0.04091890 0.09715898
v -0.01572368 0.04087194 0.09671117
v -0.01614439 0.04038515 0.09713919
v -0.01358094 0.04179395 0.09629394
v -0.01559905 0.04111813 0.09616382
v -0.01572368 0.04087194 0.09671117
v 0.00758383 0.04308545 0.09680576
v 0.01018352 0.04254580 0.09680576
v 0.00902407 0.04305014 0.09613414
v -0.04135680 0.01036152 0.09770347
v -0.04228796 0.00831516 0.09748138
v -0.04186273 0.00811121 0.09770066
v -0.01318993 0.04144813 0.09713657
v -0.01348568 0.04165191 0.09672827
v -0.01469201 0.04091890 0.09715898
v -0.04135680 0.01036152 0.09770347
v -0.04186273 0.00811121 0.09770066
v -0.04110691 0.00977824 0.09778644
v 0.00758383 0.04308545 0.09680576
v 0.00880233 0.04244368 0.09730715
v 0.01018352 0.04254580 0.09680576
v -0.01158637 0.04222612 0.09671266
v -0.01358094 0.04179395 0.09629394
v -0.01348568 0.04165191 0.09672827
v -0.01358094 0.04179395 0.09629394
v -0.01137910 0.04247175 0.09619034
v -0.01305081 0.04201067 0.09606410
v -0.01158637 0.04222612 0.09671266
v -0.01137910 0.04247175 0.09619034
v -0.01358094 0.04179395 0.09629394
v 0.00902407 0.04305014 0.09613414
v 0.01018352 0.04254580 0.09680576
v 0.01213075 0.04228908 0.09609438
v -0.03008724 0.03198048 0.09641678
v -0.02999262 0.03176566 0.09688229
v -0.02895054 0.03300187 0.09644319
v -0.02999262 0.03176566 0.09688229
v -0.02878907 0.03283762 0.09690947
v -0.02895054 0.03300187 0.09644319
v 0.00384261 0.04216606 0.09778590
v 0.01258686 0.04045764 0.09777541
v 0.00861010 0.04166198 0.09773196
v 0.01234221 0.04111374 0.09757698
v 0.01258686 0.04045764 0.09777541
v 0.01378859 0.04062956 0.09758867
v 0.01285682 0.04141104 0.09727527
v 0.01378859 0.04062956 0.09758867
v 0.01486077 0.04070638 0.09729953
v -0.02878907 0.03283762 0.09690947
v -0.02748514 0.03396193 0.09688074
v -0.02895054 0.03300187 0.09644319
v 0.01018352 0.04254580 0.09680576
v 0.01265262 0.04204641 0.09641678
v 0.01213075 0.04228908 0.09609438
v -0.02895054 0.03300187 0.09644319
v -0.02748514 0.03396193 0.09688074
v -0.02780853 0.03397327 0.09643293
v 0.01018352 0.04254580 0.09680576
v 0.01251353 0.04185709 0.09688229
v 0.01265262 0.04204641 0.09641678
v 0.01378859 0.04062956 0.09758867
v 0.01258686 0.04045764 0.09777541
v 0.01431017 0.03989844 0.09776826
v 0.00880233 0.04244368 0.09730715
v 0.01285682 0.04141104 0.09727527
v 0.01018352 0.04254580 0.09680576
v 0.01018352 0.04254580 0.09680576
v 0.01285682 0.04141104 0.09727527
v 0.01251353 0.04185709 0.09688229
v -0.02780853 0.03397327 0.09643293
v -0.02748514 0.03396193 0.09688074
v -0.02630165 0.03516843 0.09640730
v 0.00870017 0.04202036 0.09759779
v 0.01234221 0.04111374 0.09757698
v 0.00880233 0.04244368 0.09730715
v 0.01542515 0.04006791 0.09757472
v 0.01431017 0.03989844 0.09776826
v 0.01614865 0.03919555 0.09776832
v 0.00880233 0.04244368 0.09730715
v 0.01234221 0.04111374 0.09757698
v 0.01285682 0.04141104 0.09727527
v 0.01486077 0.04070638 0.09729953
v 0.01542515 0.04006791 0.09757472
v 0.01688735 0.03993957 0.09727252
v 0.00861010 0.04166198 0.09773196
v 0.01258686 0.04045764 0.09777541
v 0.00870017 0.04202036 0.09759779
v 0.00870017 0.04202036 0.09759779
v 0.01258686 0.04045764 0.09777541
v 0.01234221 0.04111374 0.09757698
v 0.01688735 0.03993957 0.09727252
v 0.01722315 0.03927992 0.09759695
v 0.01844891 0.03920942 0.09729994
v -0.02630165 0.03516843 0.09640730
v -0.02495603 0.03584501 0.09690453
v -0.02481024 0.03622201 0.09643287
v -0.02630165 0.03516843 0.09640730
v -0.02481024 0.03622201 0.09643287
v -0.02482710 0.03631718 0.09603090
v 0.01722315 0.03927992 0.09759695
v 0.01614865 0.03919555 0.09776832
v 0.01815982 0.03823418 0.09778232
v 0.02683819 0.03485612 0.09606416
v 0.02560480 0.03574634 0.09618843
v 0.02733392 0.03440683 0.09629942
v 0.02733392 0.03440683 0.09629942
v 0.02560480 0.03574634 0.09618843
v 0.02586156 0.03534173 0.09670080
v -0.01396514 0.04040530 0.09765638
v -0.01598002 0.03999824 0.09749551
v -0.01659654 0.03927896 0.09770204
v 0.02690213 0.03417397 0.09713919
v -0.01390744 0.04002702 0.09777213
v -0.01659654 0.03927896 0.09770204
v -0.01647583 0.03891608 0.09778506
v -0.01396514 0.04040530 0.09765638
v -0.01659654 0.03927896 0.09770204
v -0.01390744 0.04002702 0.09777213
v 0.02809100 0.03318301 0.09715892
v 0.02753483 0.03405284 0.09671117
v 0.02690213 0.03417397 0.09713919
v 0.02934238 0.03271041 0.09629942
v 0.02733392 0.03440683 0.09629942
v 0.02753483 0.03405284 0.09671117
v 0.02887481 0.03318845 0.09606416
v 0.02733392 0.03440683 0.09629942
v 0.02934238 0.03271041 0.09629942
v -0.01170489 0.04099678 0.09770347
v -0.01394289 0.04077972 0.09748138
v -0.01396514 0.04040530 0.09765638
v 0.02930015 0.03214692 0.09713657
v 0.02932860 0.03250470 0.09672827
v 0.02809100 0.03318301 0.09715892
v 0.01896398 0.03959738 0.09643287
v 0.02141579 0.03842347 0.09611619
v 0.01903133 0.03966279 0.09603108
v -0.01396514 0.04040530 0.09765638
v -0.01390744 0.04002702 0.09777213
v -0.01170489 0.04099678 0.09770347
v -0.01170489 0.04099678 0.09770347
v -0.01390744 0.04002702 0.09777213
v -0.01208509 0.04048879 0.09778644
v 0.01896398 0.03959738 0.09643287
v 0.02129849 0.03827565 0.09668697
v 0.02141579 0.03842347 0.09611619
v 0.01856468 0.03953500 0.09690453
v 0.02129849 0.03827565 0.09668697
v 0.01896398 0.03959738 0.09643287
v 0.01856468 0.03953500 0.09690453
v 0.02109214 0.03796057 0.09722264
v 0.02129849 0.03827565 0.09668697
v 0.03077570 0.03114711 0.09671266
v 0.02934238 0.03271041 0.09629942
v 0.02932860 0.03250470 0.09672827
v 0.03079472 0.03139656 0.09616126
v 0.02934238 0.03271041 0.09629942
v 0.03077570 0.03114711 0.09671266
v 0.01844891 0.03920942 0.09729994
v 0.02109214 0.03796057 0.09722264
v 0.01856468 0.03953500 0.09690453
v 0.01844891 0.03920942 0.09729994
v 0.02193933 0.03687676 0.09759803
v 0.02109214 0.03796057 0.09722264
v 0.01863658 0.03866492 0.09757991
v 0.02193933 0.03687676 0.09759803
v 0.01844891 0.03920942 0.09729994
v -0.00162434 0.02231481 0.10679943
v -0.00134469 0.02230474 0.10669959
v -0.00215960 0.02290040 0.10669959
v 0.00307082 0.02435337 0.10679967
v 0.00299719 0.02532574 0.10670252
v 0.00284913 0.02394850 0.10669912
v -0.00261175 0.02330712 0.10679991
v -0.00162434 0.02231481 0.10679943
v -0.00215960 0.02290040 0.10669959
v -0.00261175 0.02330712 0.10679991
v -0.00215960 0.02290040 0.10669959
v -0.00281068 0.02388773 0.10669954
v -0.00314689 0.02476806 0.10679919
v -0.00261175 0.02330712 0.10679991
v -0.00281068 0.02388773 0.10669954
v 0.00214346 0.02268406 0.10679913
v 0.00307082 0.02435337 0.10679967
v 0.00284913 0.02394850 0.10669912
v -0.00314689 0.02476806 0.10679919
v -0.00281068 0.02388773 0.10669954
v -0.00301342 0.02518754 0.10669542
v 0.00214346 0.02268406 0.10679913
v 0.00284913 0.02394850 0.10669912
v 0.00209959 0.02284038 0.10669959
v 0.00214346 0.02268406 0.10679913
v 0.00209959 0.02284038 0.10669959
v 0.00126846 0.02226778 0.10669959
v 0.00051108 0.02199045 0.10676385
v 0.00214346 0.02268406 0.10679913
v 0.00126846 0.02226778 0.10669959
v -0.00162434 0.02231481 0.10679943
v -0.00030632 0.02196129 0.10677106
v -0.00134469 0.02230474 0.10669959
v -0.00281068 0.02388773 0.10669954
v -0.00215960 0.02290040 0.10669959
v -0.00232983 0.02309145 0.09879811
v -0.00281068 0.02388773 0.10669954
v -0.00232983 0.02309145 0.09879811
v -0.00283172 0.02397468 0.09880085
v 0.00284913 0.02394850 0.10669912
v 0.00299719 0.02532574 0.10670252
v 0.00298417 0.02462219 0.09879793
v 0.00284913 0.02394850 0.10669912
v 0.00298417 0.02462219 0.09879793
v 0.00279737 0.02387644 0.09879679
v -0.00281068 0.02388773 0.10669954
v -0.00283172 0.02397468 0.09880085
v -0.00299402 0.02474348 0.09879381
v -0.00301342 0.02518754 0.10669542
v -0.00281068 0.02388773 0.10669954
v -0.00299402 0.02474348 0.09879381
v 0.00284913 0.02394850 0.10669912
v 0.00279737 0.02387644 0.09879679
v 0.00203013 0.02276106 0.09879989
v 0.00209959 0.02284038 0.10669959
v 0.00284913 0.02394850 0.10669912
v 0.00203013 0.02276106 0.09879989
v 0.00126846 0.02226778 0.10669959
v 0.00203013 0.02276106 0.09879989
v 0.00114686 0.02221522 0.09879721
v 0.00126846 0.02226778 0.10669959
v 0.00209959 0.02284038 0.10669959
v 0.00203013 0.02276106 0.09879989
v 0.00051108 0.02199045 0.10676385
v 0.00126846 0.02226778 0.10669959
v 0.00114686 0.02221522 0.09879721
v 0.00051108 0.02199045 0.10676385
v 0.00114686 0.02221522 0.09879721
v -0.00012788 0.02197983 0.09879733
v -0.00030632 0.02196129 0.10677106
v 0.00051108 0.02199045 0.10676385
v -0.00012788 0.02197983 0.09879733
v -0.00030632 0.02196129 0.10677106
v -0.00012788 0.02197983 0.09879733
v -0.00145385 0.02234992 0.09880001
v -0.00134469 0.02230474 0.10669959
v -0.00030632 0.02196129 0.10677106
v -0.00145385 0.02234992 0.09880001
v -0.00215960 0.02290040 0.10669959
v -0.00134469 0.02230474 0.10669959
v -0.00145385 0.02234992 0.09880001
v -0.00215960 0.02290040 0.10669959
v -0.00145385 0.02234992 0.09880001
v -0.00232983 0.02309145 0.09879811
v -0.00053202 0.02418500 0.09795202
v -0.00012788 0.02197983 0.09879733
v 0.00007469 0.02324162 0.09828258
v 0.00000004 0.02499994 0.09755732
v -0.00299402 0.02474348 0.09879381
v -0.00140425 0.02428897 0.09820444
v -0.00140425 0.02428897 0.09820444
v -0.00232983 0.02309145 0.09879811
v -0.00145385 0.02234992 0.09880001
v -0.00140425 0.02428897 0.09820444
v -0.00145385 0.02234992 0.09880001
v -0.00053202 0.02418500 0.09795202
v -0.00283172 0.02397468 0.09880085
v -0.00140425 0.02428897 0.09820444
v -0.00299402 0.02474348 0.09879381
v 0.00000004 0.02499994 0.09755732
v 0.00123752 0.02426368 0.09814859
v 0.00298417 0.02462219 0.09879793
v 0.00000004 0.02499994 0.09755732
v 0.00114686 0.02221522 0.09879721
v 0.00203013 0.02276106 0.09879989
v 0.00203013 0.02276106 0.09879989
v 0.00123752 0.02426368 0.09814859
v 0.00000004 0.02499994 0.09755732
v 0.00123752 0.02426368 0.09814859
v 0.00279737 0.02387644 0.09879679
v 0.00298417 0.02462219 0.09879793
v 0.00000004 0.02499994 0.09755732
v 0.00007469 0.02324162 0.09828258
v 0.00114686 0.02221522 0.09879721
v 0.00203013 0.02276106 0.09879989
v 0.00279737 0.02387644 0.09879679
v 0.00123752 0.02426368 0.09814859
v -0.00012788 0.02197983 0.09879733
v 0.00114686 0.02221522 0.09879721
v 0.00007469 0.02324162 0.09828258
v -0.00012788 0.02197983 0.09879733
v -0.00053202 0.02418500 0.09795202
v -0.00145385 0.02234992 0.09880001
v -0.00232983 0.02309145 0.09879811
v -0.00140425 0.02428897 0.09820444
v -0.00283172 0.02397468 0.09880085
v -0.00140425 0.02428897 0.09820444
v -0.00053202 0.02418500 0.09795202
v 0.00000004 0.02499994 0.09755732
v -0.00053202 0.02418500 0.09795202
v 0.00007469 0.02324162 0.09828258
v 0.00000004 0.02499994 0.09755732
v -0.01510707 -0.00351719 0.09886868
v -0.01534394 -0.00312430 0.09900309
v -0.01511428 -0.00409068 0.09900011
v -0.01511428 -0.00409068 0.09900011
v -0.01534394 -0.00312430 0.09900309
v -0.01537618 -0.00339383 0.09919418
v -0.01535456 -0.00207274 0.09885246
v -0.01548260 -0.00234239 0.09900309
v -0.01534394 -0.00312430 0.09900309
v -0.01534394 -0.00312430 0.09900309
v -0.01548260 -0.00234239 0.09900309
v -0.01537618 -0.00339383 0.09919418
v -0.01548260 -0.00234239 0.09900309
v -0.01535456 -0.00207274 0.09885246
v -0.01561216 -0.00193399 0.09912826
v 0.01546005 -0.00288411 0.09911866
v 0.01516203 -0.00341764 0.09888876
v 0.01523490 -0.00388046 0.09911246
v 0.01523490 -0.00388046 0.09911246
v 0.01497262 -0.00417081 0.09888888
v 0.01502265 -0.00463464 0.09911246
v 0.01502265 -0.00463464 0.09911246
v 0.01474570 -0.00491360 0.09888894
v 0.01477314 -0.00537727 0.09911246
v 0.01477314 -0.00537727 0.09911246
v 0.01438766 -0.00591902 0.09889794
v 0.01448692 -0.00610653 0.09911246
v 0.01448692 -0.00610653 0.09911246
v 0.01438766 -0.00591902 0.09889794
v 0.01416345 -0.00683555 0.09912843
v 0.01416345 -0.00683555 0.09912843
v 0.01379929 -0.00734526 0.09896244
v 0.01364875 -0.00785078 0.09918858
v 0.01379929 -0.00734526 0.09896244
v 0.01319234 -0.00842056 0.09898079
v 0.01364875 -0.00785078 0.09918858
v 0.01319234 -0.00842056 0.09898079
v 0.01302097 -0.00884363 0.09918834
v 0.01364875 -0.00785078 0.09918858
v 0.01319234 -0.00842056 0.09898079
v 0.01226262 -0.00976197 0.09901960
v 0.01233406 -0.00978646 0.09918816
v 0.01319234 -0.00842056 0.09898079
v 0.01233406 -0.00978646 0.09918816
v 0.01302097 -0.00884363 0.09918834
v 0.01319234 -0.00842056 0.09898079
v 0.01257291 -0.00915952 0.09889574
v 0.01226262 -0.00976197 0.09901960
v 0.01226262 -0.00976197 0.09901960
v 0.01137552 -0.01087969 0.09917677
v 0.01233406 -0.00978646 0.09918816
v 0.01226262 -0.00976197 0.09901960
v 0.01126828 -0.01089632 0.09902186
v 0.01137552 -0.01087969 0.09917677
v -0.01160404 -0.01016666 0.09882475
v -0.01214251 -0.00953876 0.09883041
v -0.01228829 -0.00968310 0.09897841
v -0.01228829 -0.00968310 0.09897841
v -0.01262786 -0.00940355 0.09918357
v -0.01169088 -0.01041253 0.09899146
v -0.01214251 -0.00953876 0.09883041
v -0.01295733 -0.00856614 0.09887768
v -0.01228829 -0.00968310 0.09897841
v -0.01297781 -0.00877830 0.09901548
v -0.01262786 -0.00940355 0.09918357
v -0.01228829 -0.00968310 0.09897841
v -0.01388852 -0.00694407 0.09887941
v -0.01356673 -0.00725237 0.09881241
v -0.01436440 -0.00563950 0.09882612
v -0.01388852 -0.00694407 0.09887941
v -0.01439028 -0.00609241 0.09896089
v -0.01409925 -0.00681906 0.09900386
v -0.01388852 -0.00694407 0.09887941
v -0.01436440 -0.00563950 0.09882612
v -0.01439028 -0.00609241 0.09896089
v -0.01436440 -0.00563950 0.09882612
v -0.01474360 -0.00461099 0.09883458
v -0.01472286 -0.00527733 0.09898133
v -0.01474360 -0.00461099 0.09883458
v -0.01510707 -0.00351719 0.09886868
v -0.01511428 -0.00409068 0.09900011
v -0.01474360 -0.00461099 0.09883458
v -0.01496040 -0.00349469 0.09880812
v -0.01510707 -0.00351719 0.09886868
v -0.01510707 -0.00351719 0.09886868
v -0.01496040 -0.00349469 0.09880812
v -0.01535456 -0.00207274 0.09885246
v -0.01510707 -0.00351719 0.09886868
v -0.01535456 -0.00207274 0.09885246
v -0.01534394 -0.00312430 0.09900309
v 0.01560626 -0.00119423 0.09898276
v 0.01571204 0.00060501 0.09909595
v 0.01544171 -0.00014418 0.09881766
v 0.01574012 -0.00075363 0.09922756
v 0.01571204 0.00060501 0.09909595
v 0.01560626 -0.00119423 0.09898276
v 0.01532885 -0.00260758 0.09889168
v 0.01516203 -0.00341764 0.09888876
v 0.01546005 -0.00288411 0.09911866
v 0.01516203 -0.00341764 0.09888876
v 0.01532885 -0.00260758 0.09889168
v 0.01510871 -0.00279897 0.09881164
v 0.01532885 -0.00260758 0.09889168
v 0.01544171 -0.00014418 0.09881766
v 0.01510871 -0.00279897 0.09881164
v 0.01532885 -0.00260758 0.09889168
v 0.01560626 -0.00119423 0.09898276
v 0.01544171 -0.00014418 0.09881766
v 0.01546005 -0.00288411 0.09911866
v 0.01560626 -0.00119423 0.09898276
v 0.01532885 -0.00260758 0.09889168
v 0.01546005 -0.00288411 0.09911866
v 0.01574012 -0.00075363 0.09922756
v 0.01560626 -0.00119423 0.09898276
v 0.01516203 -0.00341764 0.09888876
v 0.01510871 -0.00279897 0.09881164
v 0.01474785 -0.00430724 0.09881116
v 0.01516203 -0.00341764 0.09888876
v 0.01497262 -0.00417081 0.09888888
v 0.01523490 -0.00388046 0.09911246
v 0.01497262 -0.00417081 0.09888888
v 0.01516203 -0.00341764 0.09888876
v 0.01474785 -0.00430724 0.09881116
v 0.01497262 -0.00417081 0.09888888
v 0.01474570 -0.00491360 0.09888894
v 0.01502265 -0.00463464 0.09911246
v 0.01474570 -0.00491360 0.09888894
v 0.01497262 -0.00417081 0.09888888
v 0.01474785 -0.00430724 0.09881116
v 0.01474570 -0.00491360 0.09888894
v 0.01474785 -0.00430724 0.09881116
v 0.01423556 -0.00576750 0.09880955
v 0.01474570 -0.00491360 0.09888894
v 0.01438766 -0.00591902 0.09889794
v 0.01477314 -0.00537727 0.09911246
v 0.01438766 -0.00591902 0.09889794
v 0.01474570 -0.00491360 0.09888894
v 0.01423556 -0.00576750 0.09880955
v 0.01438766 -0.00591902 0.09889794
v 0.01390925 -0.00673392 0.09883756
v 0.01379929 -0.00734526 0.09896244
v 0.01379929 -0.00734526 0.09896244
v 0.01390925 -0.00673392 0.09883756
v 0.01318092 -0.00795353 0.09881432
v 0.00927479 -0.01247205 0.09887345
v 0.01112683 -0.01058865 0.09880597
v 0.00852339 -0.01282381 0.09880693
v 0.00927479 -0.01247205 0.09887345
v 0.01111032 -0.01085627 0.09888030
v 0.01112683 -0.01058865 0.09880597
v 0.01009181 -0.01206445 0.09910364
v 0.01111032 -0.01085627 0.09888030
v 0.00927479 -0.01247205 0.09887345
v 0.01009181 -0.01206445 0.09910364
v 0.01126828 -0.01089632 0.09902186
v 0.01111032 -0.01085627 0.09888030
v 0.01009181 -0.01206445 0.09910364
v 0.01137552 -0.01087969 0.09917677
v 0.01126828 -0.01089632 0.09902186
v 0.01257291 -0.00915952 0.09889574
v 0.01318092 -0.00795353 0.09881432
v 0.01254463 -0.00891267 0.09881420
v 0.00883435 -0.01301338 0.09910382
v 0.01009181 -0.01206445 0.09910364
v 0.00927479 -0.01247205 0.09887345
v 0.01184023 -0.01000010 0.09885509
v 0.01254463 -0.00891267 0.09881420
v 0.01112683 -0.01058865 0.09880597
v 0.01111032 -0.01085627 0.09888030
v 0.01184023 -0.01000010 0.09885509
v 0.01112683 -0.01058865 0.09880597
v 0.00728394 -0.01370839 0.09887362
v 0.00927479 -0.01247205 0.09887345
v 0.00852339 -0.01282381 0.09880693
v 0.01111032 -0.01085627 0.09888030
v 0.01126828 -0.01089632 0.09902186
v 0.01184023 -0.01000010 0.09885509
v 0.00748865 -0.01383200 0.09910388
v 0.00927479 -0.01247205 0.09887345
v 0.00728394 -0.01370839 0.09887362
v 0.00748865 -0.01383200 0.09910388
v 0.00883435 -0.01301338 0.09910382
v 0.00927479 -0.01247205 0.09887345
v 0.00538451 -0.01442737 0.09881169
v 0.00728394 -0.01370839 0.09887362
v 0.00852339 -0.01282381 0.09880693
v 0.00528078 -0.01466107 0.09889788
v 0.00728394 -0.01370839 0.09887362
v 0.00538451 -0.01442737 0.09881169
v 0.00528078 -0.01466107 0.09889788
v 0.00748865 -0.01383200 0.09910388
v 0.00728394 -0.01370839 0.09887362
v 0.00606311 -0.01452688 0.09915812
v 0.00748865 -0.01383200 0.09910388
v 0.00528078 -0.01466107 0.09889788
v -0.01164163 -0.01059606 0.09917177
v -0.01169088 -0.01041253 0.09899146
v -0.01262786 -0.00940355 0.09918357
v 0.00458595 -0.01504596 0.09910406
v 0.00606311 -0.01452688 0.09915812
v 0.00528078 -0.01466107 0.09889788
v -0.01336106 -0.00830740 0.09914936
v -0.01262786 -0.00940355 0.09918357
v -0.01297781 -0.00877830 0.09901548
v -0.01357407 -0.00772341 0.09895338
v -0.01297781 -0.00877830 0.09901548
v -0.01295733 -0.00856614 0.09887768
v -0.01357407 -0.00772341 0.09895338
v -0.01336106 -0.00830740 0.09914936
v -0.01297781 -0.00877830 0.09901548
v 0.00240447 -0.01520674 0.09881026
v 0.00528078 -0.01466107 0.09889788
v 0.00538451 -0.01442737 0.09881169
v 0.00290960 -0.01533812 0.09894408
v 0.00528078 -0.01466107 0.09889788
v 0.00240447 -0.01520674 0.09881026
v 0.00290960 -0.01533812 0.09894408
v 0.00458595 -0.01504596 0.09910406
v 0.00528078 -0.01466107 0.09889788
v 0.00305012 -0.01544349 0.09915824
v 0.00458595 -0.01504596 0.09910406
v 0.00290960 -0.01533812 0.09894408
v 0.00056928 -0.01548117 0.09883923
v 0.00290960 -0.01533812 0.09894408
v 0.00240447 -0.01520674 0.09881026
v 0.00149988 -0.01565750 0.09910412
v 0.00290960 -0.01533812 0.09894408
v 0.00056928 -0.01548117 0.09883923
v -0.01388026 -0.00742429 0.09916742
v -0.01409925 -0.00681906 0.09900386
v -0.01463288 -0.00579173 0.09914041
v 0.00149988 -0.01565750 0.09910412
v 0.00305012 -0.01544349 0.09915824
v 0.00290960 -0.01533812 0.09894408
v 0.00056928 -0.01548117 0.09883923
v 0.00240447 -0.01520674 0.09881026
v -0.00242665 -0.01524156 0.09881402
v -0.00040807 -0.01560993 0.09894402
v 0.00149988 -0.01565750 0.09910412
v 0.00056928 -0.01548117 0.09883923
v -0.00035454 -0.01574428 0.09916485
v 0.00149988 -0.01565750 0.09910412
v -0.00040807 -0.01560993 0.09894402
v -0.01472286 -0.00527733 0.09898133
v -0.01474360 -0.00461099 0.09883458
v -0.01511428 -0.00409068 0.09900011
v -0.01500141 -0.00473064 0.09913207
v -0.01472286 -0.00527733 0.09898133
v -0.01511428 -0.00409068 0.09900011
v -0.01511428 -0.00409068 0.09900011
v -0.01537618 -0.00339383 0.09919418
v -0.01500141 -0.00473064 0.09913207
v -0.00242665 -0.01524156 0.09881402
v -0.00040807 -0.01560993 0.09894402
v 0.00056928 -0.01548117 0.09883923
v -0.00219564 -0.01557499 0.09910370
v -0.00040807 -0.01560993 0.09894402
v -0.00242665 -0.01524156 0.09881402
v -0.00219564 -0.01557499 0.09910370
v -0.00035454 -0.01574428 0.09916485
v -0.00040807 -0.01560993 0.09894402
v -0.01548260 -0.00234239 0.09900309
v -0.01561216 -0.00193399 0.09912826
v -0.01537618 -0.00339383 0.09919418
v -0.00374247 -0.01527722 0.09910370
v -0.00219564 -0.01557499 0.09910370
v -0.00242665 -0.01524156 0.09881402
v -0.00374247 -0.01527722 0.09910370
v -0.00242665 -0.01524156 0.09881402
v -0.00424600 -0.01489347 0.09884042
v -0.00582524 -0.01445337 0.09889788
v -0.00374247 -0.01527722 0.09910370
v -0.00424600 -0.01489347 0.09884042
v -0.00525647 -0.01483763 0.09915692
v -0.00374247 -0.01527722 0.09910370
v -0.00582524 -0.01445337 0.09889788
v -0.00424600 -0.01489347 0.09884042
v -0.00242665 -0.01524156 0.09881402
v -0.00759423 -0.01339523 0.09881164
v -0.00582524 -0.01445337 0.09889788
v -0.00424600 -0.01489347 0.09884042
v -0.00759423 -0.01339523 0.09881164
v -0.00670835 -0.01422650 0.09910358
v -0.00525647 -0.01483763 0.09915692
v -0.00582524 -0.01445337 0.09889788
v -0.00859446 -0.01299889 0.09889788
v -0.00582524 -0.01445337 0.09889788
v -0.00759423 -0.01339523 0.09881164
v -0.00859446 -0.01299889 0.09889788
v -0.00670835 -0.01422650 0.09910358
v -0.00582524 -0.01445337 0.09889788
v -0.00810555 -0.01349377 0.09915687
v -0.00670835 -0.01422650 0.09910358
v -0.00859446 -0.01299889 0.09889788
v 0.01390925 -0.00673392 0.09883756
v 0.01438766 -0.00591902 0.09889794
v 0.01423556 -0.00576750 0.09880955
v 0.01416345 -0.00683555 0.09912843
v 0.01438766 -0.00591902 0.09889794
v 0.01379929 -0.00734526 0.09896244
v -0.00859446 -0.01299889 0.09889788
v -0.00759423 -0.01339523 0.09881164
v -0.01012561 -0.01159417 0.09881015
v -0.00940545 -0.01260633 0.09910346
v -0.00810555 -0.01349377 0.09915687
v -0.00859446 -0.01299889 0.09889788
v 0.01379929 -0.00734526 0.09896244
v 0.01318092 -0.00795353 0.09881432
v 0.01319234 -0.00842056 0.09898079
v 0.01319234 -0.00842056 0.09898079
v 0.01318092 -0.00795353 0.09881432
v 0.01257291 -0.00915952 0.09889574
v -0.01055416 -0.01150297 0.09894408
v -0.00859446 -0.01299889 0.09889788
v -0.01012561 -0.01159417 0.09881015
v -0.01055416 -0.01150297 0.09894408
v -0.00940545 -0.01260633 0.09910346
v -0.00859446 -0.01299889 0.09889788
v -0.01062977 -0.01160960 0.09915687
v -0.00940545 -0.01260633 0.09910346
v -0.01055416 -0.01150297 0.09894408
v 0.01184023 -0.01000010 0.09885509
v 0.01257291 -0.00915952 0.09889574
v 0.01254463 -0.00891267 0.09881420
v 0.01184023 -0.01000010 0.09885509
v 0.01226262 -0.00976197 0.09901960
v 0.01257291 -0.00915952 0.09889574
v -0.01169088 -0.01041253 0.09899146
v -0.01055416 -0.01150297 0.09894408
v -0.01012561 -0.01159417 0.09881015
v -0.01169088 -0.01041253 0.09899146
v -0.01012561 -0.01159417 0.09881015
v -0.01160404 -0.01016666 0.09882475
v -0.01164163 -0.01059606 0.09917177
v -0.01055416 -0.01150297 0.09894408
v -0.01169088 -0.01041253 0.09899146
v -0.01164163 -0.01059606 0.09917177
v -0.01062977 -0.01160960 0.09915687
v -0.01055416 -0.01150297 0.09894408
v 0.01184023 -0.01000010 0.09885509
v 0.01126828 -0.01089632 0.09902186
v 0.01226262 -0.00976197 0.09901960
v -0.01169088 -0.01041253 0.09899146
v -0.01160404 -0.01016666 0.09882475
v -0.01228829 -0.00968310 0.09897841
v -0.01281453 -0.00849010 0.09881253
v -0.01295733 -0.00856614 0.09887768
v -0.01214251 -0.00953876 0.09883041
v -0.01228829 -0.00968310 0.09897841
v -0.01295733 -0.00856614 0.09887768
v -0.01297781 -0.00877830 0.09901548
v -0.01356673 -0.00725237 0.09881241
v -0.01295733 -0.00856614 0.09887768
v -0.01281453 -0.00849010 0.09881253
v -0.01549900 0.00045114 0.09884883
v -0.01535456 -0.00207274 0.09885246
v -0.01529256 -0.00131261 0.09880180
v -0.01356673 -0.00725237 0.09881241
v -0.01357407 -0.00772341 0.09895338
v -0.01295733 -0.00856614 0.09887768
v -0.01571204 -0.00060501 0.09909595
v -0.01535456 -0.00207274 0.09885246
v -0.01549900 0.00045114 0.09884883
v -0.01357407 -0.00772341 0.09895338
v -0.01388026 -0.00742429 0.09916742
v -0.01336106 -0.00830740 0.09914936
v -0.01571204 -0.00060501 0.09909595
v -0.01561216 -0.00193399 0.09912826
v -0.01535456 -0.00207274 0.09885246
v -0.01356673 -0.00725237 0.09881241
v -0.01388852 -0.00694407 0.09887941
v -0.01357407 -0.00772341 0.09895338
v -0.01357407 -0.00772341 0.09895338
v -0.01388852 -0.00694407 0.09887941
v -0.01409925 -0.00681906 0.09900386
v -0.01357407 -0.00772341 0.09895338
v -0.01409925 -0.00681906 0.09900386
v -0.01388026 -0.00742429 0.09916742
v -0.01409925 -0.00681906 0.09900386
v -0.01439028 -0.00609241 0.09896089
v -0.01463288 -0.00579173 0.09914041
v 0.01423556 -0.00576750 0.09880955
v 0.01318092 -0.00795353 0.09881432
v 0.01390925 -0.00673392 0.09883756
v -0.01436440 -0.00563950 0.09882612
v -0.01472286 -0.00527733 0.09898133
v -0.01439028 -0.00609241 0.09896089
v -0.01463288 -0.00579173 0.09914041
v -0.01439028 -0.00609241 0.09896089
v -0.01472286 -0.00527733 0.09898133
v -0.01472286 -0.00527733 0.09898133
v -0.01500141 -0.00473064 0.09913207
v -0.01463288 -0.00579173 0.09914041
v 0.03154405 -0.00000000 0.10578997
v 0.03111756 0.00504628 0.10580100
v 0.03046555 0.00218552 0.10680003
v 0.03046555 0.00218552 0.10680003
v 0.03111756 0.00504628 0.10580100
v 0.02966219 0.00720272 0.10679997
v 0.03111756 0.00504628 0.10580100
v 0.03009453 0.00938518 0.10580100
v 0.02966219 0.00720272 0.10679997
v 0.02966219 0.00720272 0.10679997
v 0.03009453 0.00938518 0.10580100
v 0.02832668 0.01137219 0.10679997
v 0.03009453 0.00938518 0.10580100
v 0.02846990 0.01353618 0.10580100
v 0.02832668 0.01137219 0.10679997
v 0.02832668 0.01137219 0.10679997
v 0.02846990 0.01353618 0.10580100
v 0.02640909 0.01530676 0.10679997
v 0.02846990 0.01353618 0.10580100
v 0.02627628 0.01741617 0.10580100
v 0.02640909 0.01530676 0.10679997
v 0.02640909 0.01530676 0.10679997
v 0.02627628 0.01741617 0.10580100
v 0.02394826 0.01892637 0.10679997
v 0.02627628 0.01741617 0.10580100
v 0.02355714 0.02094816 0.10580100
v 0.02394826 0.01892637 0.10679997
v 0.02394826 0.01892637 0.10679997
v 0.02355714 0.02094816 0.10580100
v 0.02099554 0.02215692 0.10679997
v 0.02355714 0.02094816 0.10580100
v 0.02036721 0.02406121 0.10580100
v 0.02099554 0.02215692 0.10679997
v 0.02099554 0.02215692 0.10679997
v 0.02036721 0.02406121 0.10580100
v 0.01761102 0.02493175 0.10679997
v 0.02036721 0.02406121 0.10580100
v 0.01676989 0.02669302 0.10580088
v 0.01761102 0.02493175 0.10679997
v 0.01761102 0.02493175 0.10679997
v 0.01676989 0.02669302 0.10580088
v 0.01386382 0.02719402 0.10679997
v 0.01676989 0.02669302 0.10580088
v 0.01283760 0.02879161 0.10580082
v 0.01386382 0.02719402 0.10679997
v 0.01386382 0.02719402 0.10679997
v 0.01283760 0.02879161 0.10580082
v 0.00983160 0.02889747 0.10679997
v 0.01283760 0.02879161 0.10580082
v 0.00864887 0.03031428 0.10580070
v 0.00983160 0.02889747 0.10679997
v 0.00983160 0.02889747 0.10679997
v 0.00864887 0.03031428 0.10580070
v 0.00559614 0.03000665 0.10679997
v 0.00864887 0.03031428 0.10580070
v 0.00428744 0.03123089 0.10580052
v 0.00559614 0.03000665 0.10679997
v 0.00559614 0.03000665 0.10679997
v 0.00428744 0.03123089 0.10580052
v 0.00109368 0.03050828 0.10679997
v 0.00428744 0.03123089 0.10580052
v 0.00101377 0.03148795 0.10579980
v 0.00109368 0.03050828 0.10679997
v 0.00101377 0.03148795 0.10579980
v -0.00233784 0.03143686 0.10579647
v 0.00109368 0.03050828 0.10679997
v 0.00109368 0.03050828 0.10679997
v -0.00233784 0.03143686 0.10579647
v -0.00453108 0.03021873 0.10680003
v -0.00233784 0.03143686 0.10579647
v -0.00557008 0.03100815 0.10580046
v -0.00453108 0.03021873 0.10680003
v -0.00557008 0.03100815 0.10580046
v -0.00885126 0.03025570 0.10580100
v -0.00453108 0.03021873 0.10680003
v -0.00453108 0.03021873 0.10680003
v -0.00885126 0.03025570 0.10580100
v -0.00983160 0.02889748 0.10679997
v -0.00885126 0.03025570 0.10580100
v -0.01303020 0.02870512 0.10580100
v -0.00983160 0.02889748 0.10679997
v -0.00983160 0.02889748 0.10679997
v -0.01303020 0.02870512 0.10580100
v -0.01386382 0.02719403 0.10679997
v -0.01303020 0.02870512 0.10580100
v -0.01694872 0.02658021 0.10580100
v -0.01386382 0.02719403 0.10679997
v -0.01386382 0.02719403 0.10679997
v -0.01694872 0.02658021 0.10580100
v -0.01761101 0.02493176 0.10679997
v -0.01694872 0.02658021 0.10580100
v -0.02052817 0.02392394 0.10580100
v -0.01761101 0.02493176 0.10679997
v -0.01761101 0.02493176 0.10679997
v -0.02052817 0.02392394 0.10580100
v -0.02099554 0.02215692 0.10679997
v -0.02052817 0.02392394 0.10580100
v -0.02369706 0.02078935 0.10580100
v -0.02099554 0.02215692 0.10679997
v -0.02099554 0.02215692 0.10679997
v -0.02369706 0.02078935 0.10580100
v -0.02394829 0.01892633 0.10679997
v -0.02369706 0.02078935 0.10580100
v -0.02639231 0.01723928 0.10580094
v -0.02394829 0.01892633 0.10679997
v -0.02394829 0.01892633 0.10679997
v -0.02639231 0.01723928 0.10580094
v -0.02640908 0.01530677 0.10679997
v -0.02639231 0.01723928 0.10580094
v -0.02855962 0.01334496 0.10580082
v -0.02640908 0.01530677 0.10679997
v -0.02640908 0.01530677 0.10679997
v -0.02855962 0.01334496 0.10580082
v -0.02832663 0.01137215 0.10679997
v -0.02855962 0.01334496 0.10580082
v -0.03015661 0.00918359 0.10580070
v -0.02832663 0.01137215 0.10679997
v -0.02832663 0.01137215 0.10679997
v -0.03015661 0.00918359 0.10580070
v -0.02966219 0.00720273 0.10679997
v -0.03015661 0.00918359 0.10580070
v -0.03115039 0.00483871 0.10580058
v -0.02966219 0.00720273 0.10679997
v -0.02966219 0.00720273 0.10679997
v -0.03115039 0.00483871 0.10580058
v -0.03038733 0.00288407 0.10679997
v -0.03115039 0.00483871 0.10580058
v -0.03152073 0.00044410 0.10579647
v -0.03038733 0.00288407 0.10679997
v -0.03038733 0.00288407 0.10679997
v -0.03152073 0.00044410 0.10579647
v -0.03046555 -0.00218552 0.10680003
v 0.01572654 -0.00121977 0.10580284
v 0.01658672 -0.00237893 0.10679997
v 0.01676037 -0.00000000 0.10679991
v 0.01519419 -0.00423989 0.10580439
v 0.01658672 -0.00237893 0.10679997
v 0.01572654 -0.00121977 0.10580284
v 0.01519419 -0.00423989 0.10580439
v 0.01599869 -0.00500671 0.10679991
v 0.01658672 -0.00237893 0.10679997
v 0.01599869 -0.00500671 0.10679991
v 0.01519419 -0.00423989 0.10580439
v 0.01419463 -0.00685383 0.10579891
v 0.01419463 -0.00685383 0.10579891
v 0.01514879 -0.00717740 0.10679991
v 0.01599869 -0.00500671 0.10679991
v 0.01327153 -0.00849098 0.10580189
v 0.01514879 -0.00717740 0.10679991
v 0.01419463 -0.00685383 0.10579891
v 0.01327153 -0.00849098 0.10580189
v 0.01369384 -0.00968484 0.10679985
v 0.01514879 -0.00717740 0.10679991
v 0.01369384 -0.00968484 0.10679985
v 0.01327153 -0.00849098 0.10580189
v 0.01198471 -0.01023815 0.10579819
v 0.01198471 -0.01023815 0.10579819
v 0.01188932 -0.01181751 0.10679991
v 0.01369384 -0.00968484 0.10679985
v 0.01188932 -0.01181751 0.10679991
v 0.01198471 -0.01023815 0.10579819
v 0.01035750 -0.01188195 0.10579951
v 0.01035750 -0.01188195 0.10579951
v 0.01009628 -0.01337985 0.10679991
v 0.01188932 -0.01181751 0.10679991
v 0.01009628 -0.01337985 0.10679991
v 0.01035750 -0.01188195 0.10579951
v 0.00781963 -0.01371614 0.10581071
v 0.00822849 -0.01460421 0.10679991
v 0.01009628 -0.01337985 0.10679991
v 0.00781963 -0.01371614 0.10581071
v 0.00581133 -0.01572874 0.10679985
v 0.00822849 -0.01460421 0.10679991
v 0.00781963 -0.01371614 0.10581071
v 0.00581133 -0.01572874 0.10679985
v 0.00781963 -0.01371614 0.10581071
v 0.00458852 -0.01509186 0.10580803
v 0.00458852 -0.01509186 0.10580803
v 0.00283593 -0.01651958 0.10679985
v 0.00581133 -0.01572874 0.10679985
v 0.00283593 -0.01651958 0.10679985
v 0.00458852 -0.01509186 0.10580803
v 0.00107449 -0.01575179 0.10579885
v -0.00000000 -0.01678389 0.10679985
v 0.00283593 -0.01651958 0.10679985
v 0.00107449 -0.01575179 0.10579885
v -0.00000000 -0.01678389 0.10679985
v 0.00107449 -0.01575179 0.10579885
v -0.00245290 -0.01558198 0.10579921
v -0.00283593 -0.01651958 0.10679985
v -0.00000000 -0.01678389 0.10679985
v -0.00245290 -0.01558198 0.10579921
v -0.00457175 -0.01507761 0.10580183
v -0.00581133 -0.01572874 0.10679985
v -0.00283593 -0.01651958 0.10679985
v -0.00457175 -0.01507761 0.10580183
v -0.00283593 -0.01651958 0.10679985
v -0.00245290 -0.01558198 0.10579921
v -0.00581133 -0.01572874 0.10679985
v -0.00457175 -0.01507761 0.10580183
v -0.00690648 -0.01418161 0.10580702
v -0.00690648 -0.01418161 0.10580702
v -0.00822849 -0.01460421 0.10679991
v -0.00581133 -0.01572874 0.10679985
v -0.00822849 -0.01460421 0.10679991
v -0.00690648 -0.01418161 0.10580702
v -0.00991559 -0.01228626 0.10580994
v -0.01009628 -0.01337985 0.10679991
v -0.00822849 -0.01460421 0.10679991
v -0.00991559 -0.01228626 0.10580994
v -0.01188932 -0.01181751 0.10679991
v -0.01009628 -0.01337985 0.10679991
v -0.00991559 -0.01228626 0.10580994
v -0.01176638 -0.01047780 0.10580141
v -0.01188932 -0.01181751 0.10679991
v -0.00991559 -0.01228626 0.10580994
v -0.01369384 -0.00968483 0.10679985
v -0.01176638 -0.01047780 0.10580141
v -0.01309907 -0.00876755 0.10579885
v -0.01369384 -0.00968483 0.10679985
v -0.01188932 -0.01181751 0.10679991
v -0.01176638 -0.01047780 0.10580141
v -0.01514880 -0.00717739 0.10679991
v -0.01309907 -0.00876755 0.10579885
v -0.01424108 -0.00675596 0.10579974
v -0.01514880 -0.00717739 0.10679991
v -0.01369384 -0.00968483 0.10679985
v -0.01309907 -0.00876755 0.10579885
v -0.01599869 -0.00500671 0.10679991
v -0.01424108 -0.00675596 0.10579974
v -0.01522719 -0.00411703 0.10580553
v -0.01599869 -0.00500671 0.10679991
v -0.01514880 -0.00717739 0.10679991
v -0.01424108 -0.00675596 0.10579974
v -0.01522719 -0.00411703 0.10580553
v -0.01658672 -0.00237893 0.10679997
v -0.01599869 -0.00500671 0.10679991
v -0.01658672 -0.00237893 0.10679997
v -0.01522719 -0.00411703 0.10580553
v -0.01568899 -0.00152117 0.10580201
v -0.01568899 -0.00152117 0.10580201
v -0.01676037 0.00000000 0.10679991
v -0.01658672 -0.00237893 0.10679997
v -0.01676037 0.00000000 0.10679991
v -0.01568899 -0.00152117 0.10580201
v -0.01572654 0.00121977 0.10580284
v 0.03242681 -0.00284394 0.09780003
v 0.03241375 0.00267948 0.09779997
v 0.03150974 -0.00000000 0.09880562
v 0.03150974 -0.00000000 0.09880562
v 0.03241375 0.00267948 0.09779997
v 0.03129078 0.00382698 0.09880049
v 0.03241375 0.00267948 0.09779997
v 0.03172228 0.00717815 0.09779997
v 0.03129078 0.00382698 0.09880049
v 0.03129078 0.00382698 0.09880049
v 0.03172228 0.00717815 0.09779997
v 0.03044216 0.00818752 0.09880049
v 0.03172228 0.00717815 0.09779997
v 0.03040979 0.01153651 0.09779997
v 0.03044216 0.00818752 0.09880049
v 0.03044216 0.00818752 0.09880049
v 0.03040979 0.01153651 0.09779997
v 0.02898881 0.01238615 0.09880055
v 0.03040979 0.01153651 0.09779997
v 0.02850139 0.01566918 0.09779997
v 0.02898881 0.01238615 0.09880055
v 0.02898881 0.01238615 0.09880055
v 0.02850139 0.01566918 0.09779997
v 0.02695986 0.01633818 0.09880055
v 0.02850139 0.01566918 0.09779997
v 0.02603440 0.01949489 0.09779997
v 0.02695986 0.01633818 0.09880055
v 0.02695986 0.01633818 0.09880055
v 0.02603440 0.01949489 0.09779997
v 0.02439514 0.01996576 0.09880055
v 0.02603440 0.01949489 0.09779997
v 0.02305793 0.02293886 0.09779997
v 0.02439514 0.01996576 0.09880055
v 0.02439514 0.01996576 0.09880055
v 0.02305793 0.02293886 0.09779997
v 0.02134628 0.02319712 0.09880055
v 0.02305793 0.02293886 0.09779997
v 0.01962943 0.02593350 0.09779997
v 0.02134628 0.02319712 0.09880055
v 0.02134628 0.02319712 0.09880055
v 0.01962943 0.02593350 0.09779997
v 0.01787308 0.02596738 0.09880055
v 0.01962943 0.02593350 0.09779997
v 0.01581607 0.02842033 0.09779997
v 0.01787308 0.02596738 0.09880055
v 0.01787308 0.02596738 0.09880055
v 0.01581607 0.02842033 0.09779997
v 0.01404548 0.02822207 0.09880055
v 0.01581607 0.02842033 0.09779997
v 0.01169268 0.03035015 0.09779997
v 0.01404548 0.02822207 0.09880055
v 0.01404548 0.02822207 0.09880055
v 0.01169268 0.03035015 0.09779997
v 0.00993857 0.02991634 0.09880049
v 0.01169268 0.03035015 0.09779997
v 0.00734034 0.03168562 0.09779997
v 0.00993857 0.02991634 0.09880049
v 0.00993857 0.02991634 0.09880049
v 0.00734034 0.03168562 0.09779997
v 0.00563415 0.03101650 0.09880049
v 0.00734034 0.03168562 0.09779997
v 0.00284382 0.03240013 0.09779997
v 0.00563415 0.03101650 0.09880049
v 0.00563415 0.03101650 0.09880049
v 0.00284382 0.03240013 0.09779997
v 0.00121821 0.03150038 0.09880049
v 0.00284382 0.03240013 0.09779997
v -0.00170783 0.03248000 0.09779997
v 0.00121821 0.03150038 0.09880049
v 0.00121821 0.03150038 0.09880049
v -0.00170783 0.03248000 0.09779997
v -0.00377041 0.03131253 0.09880037
v -0.00170783 0.03248000 0.09779997
v -0.00622640 0.03192324 0.09779997
v -0.00377041 0.03131253 0.09880037
v -0.00377041 0.03131253 0.09880037
v -0.00622640 0.03192324 0.09779997
v -0.00867297 0.03030738 0.09880037
v -0.00622640 0.03192324 0.09779997
v -0.01062294 0.03074115 0.09779997
v -0.00867297 0.03030738 0.09880037
v -0.00867297 0.03030738 0.09880037
v -0.01062294 0.03074115 0.09779997
v -0.01284754 0.02878713 0.09880037
v -0.01062294 0.03074115 0.09779997
v -0.01481108 0.02895665 0.09779997
v -0.01284754 0.02878713 0.09880037
v -0.01284754 0.02878713 0.09880037
v -0.01481108 0.02895665 0.09779997
v -0.01676690 0.02669518 0.09880025
v -0.01481108 0.02895665 0.09779997
v -0.01870906 0.02660486 0.09779997
v -0.01676690 0.02669518 0.09880025
v -0.01676690 0.02669518 0.09880025
v -0.01870906 0.02660486 0.09779997
v -0.02035322 0.02407302 0.09880001
v -0.01870906 0.02660486 0.09779997
v -0.02224055 0.02373187 0.09779997
v -0.02035322 0.02407302 0.09880001
v -0.02035322 0.02407302 0.09880001
v -0.02224055 0.02373187 0.09779997
v -0.02353518 0.02097240 0.09879995
v -0.02224055 0.02373187 0.09779997
v -0.02533619 0.02039448 0.09779997
v -0.02353518 0.02097240 0.09879995
v -0.02353518 0.02097240 0.09879995
v -0.02533619 0.02039448 0.09779997
v -0.02625011 0.01745541 0.09879989
v -0.02533619 0.02039448 0.09779997
v -0.02793535 0.01665736 0.09779997
v -0.02625011 0.01745541 0.09879989
v -0.02625011 0.01745541 0.09879989
v -0.02793535 0.01665736 0.09779997
v -0.02844317 0.01359156 0.09879983
v -0.02793535 0.01665736 0.09779997
v -0.02998727 0.01259411 0.09779997
v -0.02844317 0.01359156 0.09879983
v -0.02844317 0.01359156 0.09879983
v -0.02998727 0.01259411 0.09779997
v -0.03007138 0.00945788 0.09879977
v -0.02998727 0.01259411 0.09779997
v -0.03145162 0.00828426 0.09779997
v -0.03007138 0.00945788 0.09879977
v -0.03007138 0.00945788 0.09879977
v -0.03145162 0.00828426 0.09779997
v -0.03110273 0.00513589 0.09879971
v -0.03145162 0.00828426 0.09779997
v -0.03242681 0.00284394 0.09780003
v -0.03110273 0.00513589 0.09879971
v -0.03110273 0.00513589 0.09879971
v -0.03242681 0.00284394 0.09780003
v -0.03149570 0.00111087 0.09879965
v 0.03150974 -0.00000000 0.09880562
v 0.03129078 0.00382698 0.09880049
v 0.03154405 -0.00000000 0.10578997
v 0.03154405 -0.00000000 0.10578997
v 0.03129078 0.00382698 0.09880049
v 0.03111756 0.00504628 0.10580100
v 0.03129078 0.00382698 0.09880049
v 0.03044216 0.00818752 0.09880049
v 0.03111756 0.00504628 0.10580100
v 0.03111756 0.00504628 0.10580100
v 0.03044216 0.00818752 0.09880049
v 0.03009453 0.00938518 0.10580100
v 0.03044216 0.00818752 0.09880049
v 0.02898881 0.01238615 0.09880055
v 0.03009453 0.00938518 0.10580100
v 0.03009453 0.00938518 0.10580100
v 0.02898881 0.01238615 0.09880055
v 0.02846990 0.01353618 0.10580100
v 0.02898881 0.01238615 0.09880055
v 0.02695986 0.01633818 0.09880055
v 0.02846990 0.01353618 0.10580100
v 0.02846990 0.01353618 0.10580100
v 0.02695986 0.01633818 0.09880055
v 0.02627628 0.01741617 0.10580100
v 0.02695986 0.01633818 0.09880055
v 0.02439514 0.01996576 0.09880055
v 0.02627628 0.01741617 0.10580100
v 0.02627628 0.01741617 0.10580100
v 0.02439514 0.01996576 0.09880055
v 0.02355714 0.02094816 0.10580100
v 0.02439514 0.01996576 0.09880055
v 0.02134628 0.02319712 0.09880055
v 0.02355714 0.02094816 0.10580100
v 0.02355714 0.02094816 0.10580100
v 0.02134628 0.02319712 0.09880055
v 0.02036721 0.02406121 0.10580100
v 0.02134628 0.02319712 0.09880055
v 0.01787308 0.02596738 0.09880055
v 0.02036721 0.02406121 0.10580100
v 0.02036721 0.02406121 0.10580100
v 0.01787308 0.02596738 0.09880055
v 0.01676989 0.02669302 0.10580088
v 0.01787308 0.02596738 0.09880055
v 0.01404548 0.02822207 0.09880055
v 0.01676989 0.02669302 0.10580088
v 0.01676989 0.02669302 0.10580088
v 0.01404548 0.02822207 0.09880055
v 0.01283760 0.02879161 0.10580082
v 0.01404548 0.02822207 0.09880055
v 0.00993857 0.02991634 0.09880049
v 0.01283760 0.02879161 0.10580082
v 0.01283760 0.02879161 0.10580082
v 0.00993857 0.02991634 0.09880049
v 0.00864887 0.03031428 0.10580070
v 0.00993857 0.02991634 0.09880049
v 0.00563415 0.03101650 0.09880049
v 0.00864887 0.03031428 0.10580070
v 0.00864887 0.03031428 0.10580070
v 0.00563415 0.03101650 0.09880049
v 0.00428744 0.03123089 0.10580052
v 0.00563415 0.03101650 0.09880049
v 0.00121821 0.03150038 0.09880049
v 0.00428744 0.03123089 0.10580052
v 0.00428744 0.03123089 0.10580052
v 0.00121821 0.03150038 0.09880049
v 0.00101377 0.03148795 0.10579980
v 0.00101377 0.03148795 0.10579980
v 0.00121821 0.03150038 0.09880049
v -0.00233784 0.03143686 0.10579647
v 0.00121821 0.03150038 0.09880049
v -0.00377041 0.03131253 0.09880037
v -0.00233784 0.03143686 0.10579647
v -0.00233784 0.03143686 0.10579647
v -0.00377041 0.03131253 0.09880037
v -0.00557008 0.03100815 0.10580046
v -0.00557008 0.03100815 0.10580046
v -0.00867297 0.03030738 0.09880037
v -0.00885126 0.03025570 0.10580100
v -0.00377041 0.03131253 0.09880037
v -0.00867297 0.03030738 0.09880037
v -0.00557008 0.03100815 0.10580046
v -0.00885126 0.03025570 0.10580100
v -0.01284754 0.02878713 0.09880037
v -0.01303020 0.02870512 0.10580100
v -0.00867297 0.03030738 0.09880037
v -0.01284754 0.02878713 0.09880037
v -0.01676690 0.02669518 0.09880025
v -0.01303020 0.02870512 0.10580100
v -0.01303020 0.02870512 0.10580100
v -0.01676690 0.02669518 0.09880025
v -0.01694872 0.02658021 0.10580100
v -0.01676690 0.02669518 0.09880025
v -0.02035322 0.02407302 0.09880001
v -0.01694872 0.02658021 0.10580100
v -0.02052817 0.02392394 0.10580100
v -0.02035322 0.02407302 0.09880001
v -0.02353518 0.02097240 0.09879995
v -0.02052817 0.02392394 0.10580100
v -0.02369706 0.02078935 0.10580100
v -0.02353518 0.02097240 0.09879995
v -0.02625011 0.01745541 0.09879989
v -0.02369706 0.02078935 0.10580100
v -0.02369706 0.02078935 0.10580100
v -0.02625011 0.01745541 0.09879989
v -0.02639231 0.01723928 0.10580094
v -0.02639231 0.01723928 0.10580094
v -0.02844317 0.01359156 0.09879983
v -0.02855962 0.01334496 0.10580082
v -0.02625011 0.01745541 0.09879989
v -0.02855962 0.01334496 0.10580082
v -0.03007138 0.00945788 0.09879977
v -0.03015661 0.00918359 0.10580070
v -0.02844317 0.01359156 0.09879983
v -0.03007138 0.00945788 0.09879977
v -0.02855962 0.01334496 0.10580082
v -0.03007138 0.00945788 0.09879977
v -0.03110273 0.00513589 0.09879971
v -0.03015661 0.00918359 0.10580070
v -0.03015661 0.00918359 0.10580070
v -0.03110273 0.00513589 0.09879971
v -0.03115039 0.00483871 0.10580058
v -0.03110273 0.00513589 0.09879971
v -0.03149570 0.00111087 0.09879965
v -0.03115039 0.00483871 0.10580058
v -0.03115039 0.00483871 0.10580058
v -0.03149570 0.00111087 0.09879965
v -0.03152073 0.00044410 0.10579647
v -0.01572262 0.00080821 0.09912486
v -0.01572654 0.00121977 0.10580284
v -0.01568899 -0.00152117 0.10580201
v -0.01571204 -0.00060501 0.09909595
v -0.01572262 0.00080821 0.09912486
v -0.01568899 -0.00152117 0.10580201
v -0.01561216 -0.00193399 0.09912826
v -0.01571204 -0.00060501 0.09909595
v -0.01568899 -0.00152117 0.10580201
v -0.01561216 -0.00193399 0.09912826
v -0.01568899 -0.00152117 0.10580201
v -0.01522719 -0.00411703 0.10580553
v -0.01537618 -0.00339383 0.09919418
v -0.01561216 -0.00193399 0.09912826
v -0.01522719 -0.00411703 0.10580553
v -0.01500141 -0.00473064 0.09913207
v -0.01537618 -0.00339383 0.09919418
v -0.01522719 -0.00411703 0.10580553
v -0.01463288 -0.00579173 0.09914041
v -0.01522719 -0.00411703 0.10580553
v -0.01424108 -0.00675596 0.10579974
v -0.01463288 -0.00579173 0.09914041
v -0.01500141 -0.00473064 0.09913207
v -0.01522719 -0.00411703 0.10580553
v -0.01388026 -0.00742429 0.09916742
v -0.01463288 -0.00579173 0.09914041
v -0.01424108 -0.00675596 0.10579974
v -0.01388026 -0.00742429 0.09916742
v -0.01424108 -0.00675596 0.10579974
v -0.01309907 -0.00876755 0.10579885
v -0.01336106 -0.00830740 0.09914936
v -0.01388026 -0.00742429 0.09916742
v -0.01309907 -0.00876755 0.10579885
v -0.01262786 -0.00940355 0.09918357
v -0.01336106 -0.00830740 0.09914936
v -0.01309907 -0.00876755 0.10579885
v -0.01262786 -0.00940355 0.09918357
v -0.01309907 -0.00876755 0.10579885
v -0.01176638 -0.01047780 0.10580141
v -0.01164163 -0.01059606 0.09917177
v -0.01262786 -0.00940355 0.09918357
v -0.01176638 -0.01047780 0.10580141
v -0.01164163 -0.01059606 0.09917177
v -0.01176638 -0.01047780 0.10580141
v -0.00991559 -0.01228626 0.10580994
v -0.01062977 -0.01160960 0.09915687
v -0.01164163 -0.01059606 0.09917177
v -0.00991559 -0.01228626 0.10580994
v -0.00940545 -0.01260633 0.09910346
v -0.01062977 -0.01160960 0.09915687
v -0.00991559 -0.01228626 0.10580994
v -0.00810555 -0.01349377 0.09915687
v -0.00940545 -0.01260633 0.09910346
v -0.00991559 -0.01228626 0.10580994
v -0.00810555 -0.01349377 0.09915687
v -0.00991559 -0.01228626 0.10580994
v -0.00690648 -0.01418161 0.10580702
v -0.00670835 -0.01422650 0.09910358
v -0.00810555 -0.01349377 0.09915687
v -0.00690648 -0.01418161 0.10580702
v -0.00525647 -0.01483763 0.09915692
v -0.00690648 -0.01418161 0.10580702
v -0.00457175 -0.01507761 0.10580183
v -0.00525647 -0.01483763 0.09915692
v -0.00670835 -0.01422650 0.09910358
v -0.00690648 -0.01418161 0.10580702
v -0.00374247 -0.01527722 0.09910370
v -0.00457175 -0.01507761 0.10580183
v -0.00245290 -0.01558198 0.10579921
v -0.00374247 -0.01527722 0.09910370
v -0.00525647 -0.01483763 0.09915692
v -0.00457175 -0.01507761 0.10580183
v -0.00219564 -0.01557499 0.09910370
v -0.00374247 -0.01527722 0.09910370
v -0.00245290 -0.01558198 0.10579921
v -0.00035454 -0.01574428 0.09916485
v -0.00219564 -0.01557499 0.09910370
v -0.00245290 -0.01558198 0.10579921
v -0.00035454 -0.01574428 0.09916485
v -0.00245290 -0.01558198 0.10579921
v 0.00107449 -0.01575179 0.10579885
v 0.00149988 -0.01565750 0.09910412
v -0.00035454 -0.01574428 0.09916485
v 0.00107449 -0.01575179 0.10579885
v 0.00305012 -0.01544349 0.09915824
v 0.00149988 -0.01565750 0.09910412
v 0.00107449 -0.01575179 0.10579885
v 0.00305012 -0.01544349 0.09915824
v 0.00107449 -0.01575179 0.10579885
v 0.00458852 -0.01509186 0.10580803
v 0.00458595 -0.01504596 0.09910406
v 0.00305012 -0.01544349 0.09915824
v 0.00458852 -0.01509186 0.10580803
v 0.00606311 -0.01452688 0.09915812
v 0.00458595 -0.01504596 0.09910406
v 0.00458852 -0.01509186 0.10580803
v 0.00606311 -0.01452688 0.09915812
v 0.00458852 -0.01509186 0.10580803
v 0.00781963 -0.01371614 0.10581071
v 0.00748865 -0.01383200 0.09910388
v 0.00606311 -0.01452688 0.09915812
v 0.00781963 -0.01371614 0.10581071
v 0.00883435 -0.01301338 0.09910382
v 0.00748865 -0.01383200 0.09910388
v 0.00781963 -0.01371614 0.10581071
v 0.00883435 -0.01301338 0.09910382
v 0.00781963 -0.01371614 0.10581071
v 0.01035750 -0.01188195 0.10579951
v 0.01009181 -0.01206445 0.09910364
v 0.00883435 -0.01301338 0.09910382
v 0.01035750 -0.01188195 0.10579951
v 0.01137552 -0.01087969 0.09917677
v 0.01009181 -0.01206445 0.09910364
v 0.01035750 -0.01188195 0.10579951
v 0.01137552 -0.01087969 0.09917677
v 0.01035750 -0.01188195 0.10579951
v 0.01198471 -0.01023815 0.10579819
v 0.01233406 -0.00978646 0.09918816
v 0.01137552 -0.01087969 0.09917677
v 0.01198471 -0.01023815 0.10579819
v 0.01233406 -0.00978646 0.09918816
v 0.01198471 -0.01023815 0.10579819
v 0.01327153 -0.00849098 0.10580189
v 0.01302097 -0.00884363 0.09918834
v 0.01233406 -0.00978646 0.09918816
v 0.01327153 -0.00849098 0.10580189
v 0.01364875 -0.00785078 0.09918858
v 0.01302097 -0.00884363 0.09918834
v 0.01327153 -0.00849098 0.10580189
v 0.01364875 -0.00785078 0.09918858
v 0.01327153 -0.00849098 0.10580189
v 0.01419463 -0.00685383 0.10579891
v 0.01416345 -0.00683555 0.09912843
v 0.01364875 -0.00785078 0.09918858
v 0.01419463 -0.00685383 0.10579891
v 0.01448692 -0.00610653 0.09911246
v 0.01416345 -0.00683555 0.09912843
v 0.01419463 -0.00685383 0.10579891
v 0.01448692 -0.00610653 0.09911246
v 0.01419463 -0.00685383 0.10579891
v 0.01519419 -0.00423989 0.10580439
v 0.01477314 -0.00537727 0.09911246
v 0.01448692 -0.00610653 0.09911246
v 0.01519419 -0.00423989 0.10580439
v 0.01502265 -0.00463464 0.09911246
v 0.01477314 -0.00537727 0.09911246
v 0.01519419 -0.00423989 0.10580439
v 0.01523490 -0.00388046 0.09911246
v 0.01502265 -0.00463464 0.09911246
v 0.01519419 -0.00423989 0.10580439
v 0.01546005 -0.00288411 0.09911866
v 0.01523490 -0.00388046 0.09911246
v 0.01519419 -0.00423989 0.10580439
v 0.01546005 -0.00288411 0.09911866
v 0.01519419 -0.00423989 0.10580439
v 0.01572654 -0.00121977 0.10580284
v 0.01574012 -0.00075363 0.09922756
v 0.01546005 -0.00288411 0.09911866
v 0.01572654 -0.00121977 0.10580284
v 0.04399073 -0.00127625 0.05819990
v 0.04394343 0.00246183 0.05819978
v 0.04397290 0.00061534 0.09623201
v 0.04397290 0.00061534 0.09623201
v 0.04394343 0.00246183 0.05819978
v 0.04386382 0.00335784 0.09603126
v 0.04386382 0.00335784 0.09603126
v 0.04346119 0.00701623 0.05819972
v 0.04361444 0.00575055 0.09604449
v 0.04394343 0.00246183 0.05819978
v 0.04361444 0.00575055 0.09604449
v 0.04346119 0.00701623 0.05819972
v 0.04323592 0.00809252 0.09606499
v 0.04323592 0.00809252 0.09606499
v 0.04346119 0.00701623 0.05819972
v 0.04268742 0.01064486 0.09609432
v 0.04231458 0.01214789 0.05819960
v 0.04268742 0.01064486 0.09609432
v 0.04231458 0.01214789 0.05819960
v 0.04179154 0.01371787 0.09613425
v 0.04179154 0.01371787 0.09613425
v 0.04056431 0.01710682 0.05819960
v 0.04088876 0.01621313 0.09613414
v 0.04231458 0.01214789 0.05819960
v 0.04056431 0.01710682 0.05819960
v 0.04179154 0.01371787 0.09613425
v 0.04088876 0.01621313 0.09613414
v 0.04056431 0.01710682 0.05819960
v 0.03983639 0.01864934 0.09613414
v 0.03983639 0.01864934 0.09613414
v 0.03823562 0.02182102 0.05819948
v 0.03865873 0.02100485 0.09601350
v 0.04056431 0.01710682 0.05819960
v 0.03865873 0.02100485 0.09601350
v 0.03823562 0.02182102 0.05819948
v 0.03732555 0.02324925 0.09622473
v 0.03732555 0.02324925 0.09622473
v 0.03536125 0.02622415 0.05819948
v 0.03604849 0.02517604 0.09625960
v 0.03823562 0.02182102 0.05819948
v 0.03536125 0.02622415 0.05819948
v 0.03732555 0.02324925 0.09622473
v 0.03604849 0.02517604 0.09625960
v 0.03536125 0.02622415 0.05819948
v 0.03446516 0.02730323 0.09626002
v 0.03536125 0.02622415 0.05819948
v 0.03198212 0.03025342 0.05819948
v 0.03446516 0.02730323 0.09626002
v 0.03275623 0.02933087 0.09626032
v 0.03275623 0.02933087 0.09626032
v 0.03198212 0.03025342 0.05819948
v 0.03079472 0.03139656 0.09616126
v 0.03079472 0.03139656 0.09616126
v 0.02814676 0.03385065 0.05819948
v 0.02887481 0.03318845 0.09606416
v 0.03198212 0.03025342 0.05819948
v 0.02887481 0.03318845 0.09606416
v 0.02814676 0.03385065 0.05819948
v 0.02683819 0.03485612 0.09606416
v 0.02683819 0.03485612 0.09606416
v 0.02391021 0.03696527 0.05819942
v 0.02560480 0.03574634 0.09618843
v 0.02814676 0.03385065 0.05819948
v 0.02391021 0.03696527 0.05819942
v 0.02683819 0.03485612 0.09606416
v 0.02560480 0.03574634 0.09618843
v 0.02391021 0.03696527 0.05819942
v 0.02368392 0.03705213 0.09623856
v 0.02368392 0.03705213 0.09623856
v 0.02391021 0.03696527 0.05819942
v 0.02141579 0.03842347 0.09611619
v 0.02391021 0.03696527 0.05819942
v 0.01933196 0.03955233 0.05819942
v 0.02141579 0.03842347 0.09611619
v 0.02141579 0.03842347 0.09611619
v 0.01933196 0.03955233 0.05819942
v 0.01903133 0.03966279 0.09603108
v 0.01903133 0.03966279 0.09603108
v 0.01933196 0.03955233 0.05819942
v 0.01683181 0.04064486 0.09604473
v 0.01933196 0.03955233 0.05819942
v 0.01447824 0.04157504 0.05819942
v 0.01683181 0.04064486 0.09604473
v 0.01683181 0.04064486 0.09604473
v 0.01447824 0.04157504 0.05819942
v 0.01461067 0.04148931 0.09606476
v 0.01461067 0.04148931 0.09606476
v 0.01447824 0.04157504 0.05819942
v 0.01213075 0.04228908 0.09609438
v 0.01447824 0.04157504 0.05819942
v 0.00941768 0.04300482 0.05819942
v 0.01213075 0.04228908 0.09609438
v 0.01213075 0.04228908 0.09609438
v 0.00941768 0.04300482 0.05819942
v 0.00902407 0.04305014 0.09613414
v 0.00902407 0.04305014 0.09613414
v 0.00941768 0.04300482 0.05819942
v 0.00641138 0.04351594 0.09613402
v 0.00941768 0.04300482 0.05819942
v 0.00422282 0.04382129 0.05819942
v 0.00641138 0.04351594 0.09613402
v 0.00641138 0.04351594 0.09613402
v 0.00422282 0.04382129 0.05819942
v 0.00377582 0.04382332 0.09613390
v 0.00377582 0.04382332 0.09613390
v 0.00422282 0.04382129 0.05819942
v 0.00114632 0.04398167 0.09601314
v 0.00422282 0.04382129 0.05819942
v -0.00103230 0.04401222 0.05819948
v 0.00114632 0.04398167 0.09601314
v 0.00114632 0.04398167 0.09601314
v -0.00103230 0.04401222 0.05819948
v -0.00265508 0.04393479 0.09598828
v -0.00103230 0.04401222 0.05819948
v -0.00627288 0.04357512 0.05819948
v -0.00265508 0.04393479 0.09598828
v -0.00265508 0.04393479 0.09598828
v -0.00627288 0.04357512 0.05819948
v -0.00640084 0.04350094 0.09625990
v -0.00640084 0.04350094 0.09625990
v -0.00627288 0.04357512 0.05819948
v -0.00901179 0.04303576 0.09626026
v -0.00627288 0.04357512 0.05819948
v -0.01142394 0.04251609 0.05819948
v -0.00901179 0.04303576 0.09626026
v -0.00901179 0.04303576 0.09626026
v -0.01142394 0.04251609 0.05819948
v -0.01137910 0.04247175 0.09619034
v -0.01137910 0.04247175 0.09619034
v -0.01142394 0.04251609 0.05819948
v -0.01305081 0.04201067 0.09606410
v -0.01305081 0.04201067 0.09606410
v -0.01641240 0.04085057 0.05819960
v -0.01559905 0.04111813 0.09616382
v -0.01142394 0.04251609 0.05819948
v -0.01641240 0.04085057 0.05819960
v -0.01305081 0.04201067 0.09606410
v -0.01559905 0.04111813 0.09616382
v -0.01641240 0.04085057 0.05819960
v -0.01761729 0.04028952 0.09618992
v -0.01761729 0.04028952 0.09618992
v -0.02116635 0.03860225 0.05819960
v -0.02023436 0.03904281 0.09623844
v -0.01641240 0.04085057 0.05819960
v -0.02116635 0.03860225 0.05819960
v -0.01761729 0.04028952 0.09618992
v -0.02023436 0.03904281 0.09623844
v -0.02116635 0.03860225 0.05819960
v -0.02254443 0.03775615 0.09623910
v -0.02116635 0.03860225 0.05819960
v -0.02561833 0.03580295 0.05819972
v -0.02254443 0.03775615 0.09623910
v -0.02254443 0.03775615 0.09623910
v -0.02561833 0.03580295 0.05819972
v -0.02482710 0.03631718 0.09603090
v -0.02482710 0.03631718 0.09603090
v -0.02561833 0.03580295 0.05819972
v -0.02677897 0.03490269 0.09604497
v -0.02561833 0.03580295 0.05819972
v -0.02920886 0.03292402 0.05819978
v -0.02677897 0.03490269 0.09604497
v -0.02677897 0.03490269 0.09604497
v -0.02920886 0.03292402 0.05819978
v -0.02862411 0.03339910 0.09606476
v -0.02862411 0.03339910 0.09606476
v -0.02920886 0.03292402 0.05819978
v -0.03055343 0.03165481 0.09609456
v -0.02920886 0.03292402 0.05819978
v -0.03286143 0.02931663 0.05820490
v -0.03055343 0.03165481 0.09609456
v -0.03055343 0.03165481 0.09609456
v -0.03286143 0.02931663 0.05820490
v -0.03276179 0.02934984 0.09613414
v -0.03276179 0.02934984 0.09613414
v -0.03286143 0.02931663 0.05820490
v -0.03446992 0.02732384 0.09613378
v -0.03286143 0.02931663 0.05820490
v -0.03639587 0.02476739 0.05819990
v -0.03446992 0.02732384 0.09613378
v -0.03446992 0.02732384 0.09613378
v -0.03639587 0.02476739 0.05819990
v -0.03605278 0.02519829 0.09613360
v -0.03605278 0.02519829 0.09613360
v -0.03639587 0.02476739 0.05819990
v -0.03745426 0.02303979 0.09624417
v -0.03639587 0.02476739 0.05819990
v -0.03904745 0.02033148 0.05819978
v -0.03745426 0.02303979 0.09624417
v -0.03745426 0.02303979 0.09624417
v -0.03904745 0.02033148 0.05819978
v -0.03851644 0.02124181 0.09615261
v -0.03851644 0.02124181 0.09615261
v -0.03904745 0.02033148 0.05819978
v -0.03980423 0.01867924 0.09625990
v -0.03904745 0.02033148 0.05819978
v -0.04116102 0.01561499 0.05819972
v -0.03980423 0.01867924 0.09625990
v -0.03980423 0.01867924 0.09625990
v -0.04116102 0.01561499 0.05819972
v -0.04085623 0.01624989 0.09626014
v -0.04085623 0.01624989 0.09626014
v -0.04116102 0.01561499 0.05819972
v -0.04175998 0.01376167 0.09626044
v -0.04175998 0.01376167 0.09626044
v -0.04270731 0.01068440 0.05819972
v -0.04246573 0.01140368 0.09618987
v -0.04116102 0.01561499 0.05819972
v -0.04270731 0.01068440 0.05819972
v -0.04175998 0.01376167 0.09626044
v -0.04246573 0.01140368 0.09618987
v -0.04270731 0.01068440 0.05819972
v -0.04288850 0.00973715 0.09614767
v -0.04288850 0.00973715 0.09614767
v -0.04270731 0.01068440 0.05819972
v -0.04323507 0.00799669 0.09619970
v -0.04366485 0.00560709 0.05819972
v -0.04323507 0.00799669 0.09619970
v -0.04366485 0.00560709 0.05819972
v -0.04355737 0.00605284 0.09617955
v -0.04355737 0.00605284 0.09617955
v -0.04366485 0.00560709 0.05819972
v -0.04375483 0.00434501 0.09619016
v -0.04375483 0.00434501 0.09619016
v -0.04366485 0.00560709 0.05819972
v -0.04394955 0.00205399 0.09599240
v -0.04366485 0.00560709 0.05819972
v -0.04399081 0.00127633 0.05819990
v -0.04394955 0.00205399 0.09599240
v -0.04394955 0.00205399 0.09599240
v -0.04399081 0.00127633 0.05819990
v -0.04397290 -0.00061534 0.09623201
v 0.01517327 0.01638822 0.10633464
v 0.01605325 0.01540700 0.10632945
v 0.01570884 0.01566283 0.09729970
v 0.02037501 0.01691652 0.10633166
v 0.02043654 0.01814931 0.10632999
v 0.02048063 0.01735012 0.09729970
v 0.01517327 0.01638822 0.10633464
v 0.01570884 0.01566283 0.09729970
v 0.01492576 0.01707617 0.09729970
v 0.02037501 0.01691652 0.10633166
v 0.02048063 0.01735012 0.09729970
v 0.01998742 0.01610940 0.09729970
v 0.01984451 0.01591701 0.10632993
v 0.02037501 0.01691652 0.10633166
v 0.01998742 0.01610940 0.09729970
v 0.01490157 0.01746544 0.10632683
v 0.01517327 0.01638822 0.10633464
v 0.01492576 0.01707617 0.09729970
v 0.01984451 0.01591701 0.10632993
v 0.01998742 0.01610940 0.09729970
v 0.01931172 0.01541390 0.09729970
v 0.01919081 0.01533942 0.10633166
v 0.01984451 0.01591701 0.10632993
v 0.01931172 0.01541390 0.09729970
v 0.01821018 0.01491185 0.10633923
v 0.01931172 0.01541390 0.09729970
v 0.01811800 0.01489537 0.09729970
v 0.01919081 0.01533942 0.10633166
v 0.01690160 0.01499555 0.10633136
v 0.01821018 0.01491185 0.10633923
v 0.01811800 0.01489537 0.09729970
v 0.01690160 0.01499555 0.10633136
v 0.01811800 0.01489537 0.09729970
v 0.01683783 0.01501498 0.09729970
v 0.01605325 0.01540700 0.10632945
v 0.01690160 0.01499555 0.10633136
v 0.01683783 0.01501498 0.09729970
v 0.01605325 0.01540700 0.10632945
v 0.01683783 0.01501498 0.09729970
v 0.01570884 0.01566283 0.09729970
v 0.01517345 -0.01896684 0.10633464
v 0.01605327 -0.01994831 0.10632945
v 0.01609874 -0.01999345 0.09729970
v 0.01517345 -0.01896684 0.10633464
v 0.01609874 -0.01999345 0.09729970
v 0.01532286 -0.01917761 0.09729970
v 0.02018186 -0.01896691 0.10633464
v 0.02045504 -0.01796113 0.09729970
v 0.02019072 -0.01889407 0.09729970
v 0.02018186 -0.01896691 0.10633464
v 0.02045374 -0.01788986 0.10632683
v 0.02045504 -0.01796113 0.09729970
v 0.01517345 -0.01896684 0.10633464
v 0.01532286 -0.01917761 0.09729970
v 0.01487459 -0.01795544 0.09729970
v 0.02018186 -0.01896691 0.10633464
v 0.02019072 -0.01889407 0.09729970
v 0.01939912 -0.01990728 0.09729970
v 0.01490161 -0.01788974 0.10632683
v 0.01517345 -0.01896684 0.10633464
v 0.01487459 -0.01795544 0.09729970
v 0.01930187 -0.01994813 0.10632945
v 0.02018186 -0.01896691 0.10633464
v 0.01939912 -0.01990728 0.09729970
v 0.01845353 -0.02035958 0.10633136
v 0.01930187 -0.01994813 0.10632945
v 0.01939912 -0.01990728 0.09729970
v 0.01845353 -0.02035958 0.10633136
v 0.01939912 -0.01990728 0.09729970
v 0.01816306 -0.02043005 0.09729970
v 0.01717791 -0.02044464 0.10633720
v 0.01845353 -0.02035958 0.10633136
v 0.01816306 -0.02043005 0.09729970
v 0.01717791 -0.02044464 0.10633720
v 0.01816306 -0.02043005 0.09729970
v 0.01715254 -0.02041968 0.09729970
v 0.01717791 -0.02044464 0.10633720
v 0.01715254 -0.02041968 0.09729970
v 0.01609874 -0.01999345 0.09729970
v 0.01605327 -0.01994831 0.10632945
v 0.01717791 -0.02044464 0.10633720
v 0.01609874 -0.01999345 0.09729970
v -0.02018187 -0.01896690 0.10633464
v -0.01930187 -0.01994813 0.10632945
v -0.01962297 -0.01968015 0.09729970
v -0.02018187 -0.01896690 0.10633464
v -0.01962297 -0.01968015 0.09729970
v -0.02019072 -0.01889407 0.09729970
v -0.01517345 -0.01896684 0.10633464
v -0.01490161 -0.01788973 0.10632683
v -0.01487459 -0.01795544 0.09729970
v -0.01517345 -0.01896684 0.10633464
v -0.01487459 -0.01795544 0.09729970
v -0.01532286 -0.01917761 0.09729970
v -0.02018187 -0.01896690 0.10633464
v -0.02019072 -0.01889407 0.09729970
v -0.02045505 -0.01796113 0.09729970
v -0.02045374 -0.01788986 0.10632683
v -0.02018187 -0.01896690 0.10633464
v -0.02045505 -0.01796113 0.09729970
v -0.01517345 -0.01896684 0.10633464
v -0.01532286 -0.01917761 0.09729970
v -0.01609874 -0.01999345 0.09729970
v -0.01605327 -0.01994831 0.10632945
v -0.01517345 -0.01896684 0.10633464
v -0.01609874 -0.01999345 0.09729970
v -0.01690177 -0.02035975 0.10633136
v -0.01605327 -0.01994831 0.10632945
v -0.01609874 -0.01999345 0.09729970
v -0.01690177 -0.02035975 0.10633136
v -0.01609874 -0.01999345 0.09729970
v -0.01735160 -0.02046549 0.09729970
v -0.01817739 -0.02044463 0.10633720
v -0.01690177 -0.02035975 0.10633136
v -0.01735160 -0.02046549 0.09729970
v -0.01817739 -0.02044463 0.10633720
v -0.01735160 -0.02046549 0.09729970
v -0.01867965 -0.02029514 0.09729970
v -0.01930187 -0.01994813 0.10632945
v -0.01817739 -0.02044463 0.10633720
v -0.01867965 -0.02029514 0.09729970
v -0.01930187 -0.01994813 0.10632945
v -0.01867965 -0.02029514 0.09729970
v -0.01962297 -0.01968015 0.09729970
v -0.02018167 0.01638829 0.10633464
v -0.01930186 0.01540682 0.10632945
v -0.01925639 0.01536168 0.09729970
v -0.02018167 0.01638829 0.10633464
v -0.01925639 0.01536168 0.09729970
v -0.02003226 0.01617752 0.09729970
v -0.01517326 0.01638822 0.10633464
v -0.01490156 0.01746544 0.10632683
v -0.01492575 0.01707617 0.09729970
v -0.02018167 0.01638829 0.10633464
v -0.02003226 0.01617752 0.09729970
v -0.02040341 0.01707356 0.09729970
v -0.01517326 0.01638822 0.10633464
v -0.01492575 0.01707617 0.09729970
v -0.01570883 0.01566283 0.09729970
v -0.02045370 0.01746557 0.10632683
v -0.02018167 0.01638829 0.10633464
v -0.02040341 0.01707356 0.09729970
v -0.02045370 0.01746557 0.10632683
v -0.02040341 0.01707356 0.09729970
v -0.02044568 0.01804222 0.09729970
v -0.01605325 0.01540700 0.10632945
v -0.01517326 0.01638822 0.10633464
v -0.01570883 0.01566283 0.09729970
v -0.01605325 0.01540700 0.10632945
v -0.01570883 0.01566283 0.09729970
v -0.01683783 0.01501498 0.09729970
v -0.01690160 0.01499555 0.10633136
v -0.01605325 0.01540700 0.10632945
v -0.01683783 0.01501498 0.09729970
v -0.01690160 0.01499555 0.10633136
v -0.01683783 0.01501498 0.09729970
v -0.01800353 0.01488964 0.09729970
v -0.01817739 0.01491067 0.10633720
v -0.01690160 0.01499555 0.10633136
v -0.01800353 0.01488964 0.09729970
v -0.01817739 0.01491067 0.10633720
v -0.01800353 0.01488964 0.09729970
v -0.01925639 0.01536168 0.09729970
v -0.01930186 0.01540682 0.10632945
v -0.01817739 0.01491067 0.10633720
v -0.01925639 0.01536168 0.09729970
v -0.03143369 0.03051053 0.05799998
v -0.02920886 0.03292402 0.05819978
v -0.02843019 0.03335101 0.05799998
v -0.03286143 0.02931663 0.05820490
v -0.02920886 0.03292402 0.05819978
v -0.03143369 0.03051053 0.05799998
v -0.02920886 0.03292402 0.05819978
v -0.02561833 0.03580295 0.05819972
v -0.02843019 0.03335101 0.05799998
v -0.02843019 0.03335101 0.05799998
v -0.02561833 0.03580295 0.05819972
v -0.02421487 0.03652664 0.05799998
v -0.02561833 0.03580295 0.05819972
v -0.02116635 0.03860225 0.05819960
v -0.02421487 0.03652664 0.05799998
v -0.02421487 0.03652664 0.05799998
v -0.02116635 0.03860225 0.05819960
v -0.01964932 0.03917250 0.05799998
v -0.02116635 0.03860225 0.05819960
v -0.01641240 0.04085057 0.05819960
v -0.01964932 0.03917250 0.05799998
v -0.01964932 0.03917250 0.05799998
v -0.01641240 0.04085057 0.05819960
v -0.01479906 0.04124983 0.05799998
v -0.01641240 0.04085057 0.05819960
v -0.01142394 0.04251609 0.05819948
v -0.01479906 0.04124983 0.05799998
v -0.01142394 0.04251609 0.05819948
v -0.00973496 0.04272952 0.05799998
v -0.01479906 0.04124983 0.05799998
v -0.01142394 0.04251609 0.05819948
v -0.00627288 0.04357512 0.05819948
v -0.00973496 0.04272952 0.05799998
v -0.00627288 0.04357512 0.05819948
v -0.00452968 0.04358970 0.05799998
v -0.00973496 0.04272952 0.05799998
v -0.00627288 0.04357512 0.05819948
v -0.00103230 0.04401222 0.05819948
v -0.00452968 0.04358970 0.05799998
v -0.00103230 0.04401222 0.05819948
v 0.00074044 0.04381830 0.05799998
v -0.00452968 0.04358970 0.05799998
v -0.00103230 0.04401222 0.05819948
v 0.00422282 0.04382129 0.05819942
v 0.00074044 0.04381830 0.05799998
v 0.00422282 0.04382129 0.05819942
v 0.00599986 0.04341175 0.05799998
v 0.00074044 0.04381830 0.05799998
v 0.00422282 0.04382129 0.05819942
v 0.00941768 0.04300482 0.05819942
v 0.00599986 0.04341175 0.05799998
v 0.00941768 0.04300482 0.05819942
v 0.01117216 0.04237675 0.05799998
v 0.00599986 0.04341175 0.05799998
v 0.00941768 0.04300482 0.05819942
v 0.01447824 0.04157504 0.05819942
v 0.01117216 0.04237675 0.05799998
v 0.01447824 0.04157504 0.05819942
v 0.01618259 0.04072738 0.05799998
v 0.01117216 0.04237675 0.05799998
v 0.01447824 0.04157504 0.05819942
v 0.01933196 0.03955233 0.05819942
v 0.01618259 0.04072738 0.05799998
v 0.01933196 0.03955233 0.05819942
v 0.02095832 0.03848837 0.05799998
v 0.01618259 0.04072738 0.05799998
v 0.01933196 0.03955233 0.05819942
v 0.02391021 0.03696527 0.05819942
v 0.02095832 0.03848837 0.05799998
v 0.02391021 0.03696527 0.05819942
v 0.02543044 0.03569176 0.05799998
v 0.02095832 0.03848837 0.05799998
v 0.02391021 0.03696527 0.05819942
v 0.02814676 0.03385065 0.05819948
v 0.02543044 0.03569176 0.05799998
v 0.02814676 0.03385065 0.05819948
v 0.02953402 0.03237791 0.05799998
v 0.02543044 0.03569176 0.05799998
v 0.02814676 0.03385065 0.05819948
v 0.03198212 0.03025342 0.05819948
v 0.02953402 0.03237791 0.05799998
v 0.03198212 0.03025342 0.05819948
v 0.03321012 0.02859520 0.05799998
v 0.02953402 0.03237791 0.05799998
v 0.03198212 0.03025342 0.05819948
v 0.03536125 0.02622415 0.05819948
v 0.03321012 0.02859520 0.05799998
v 0.03536125 0.02622415 0.05819948
v 0.03640523 0.02439792 0.05799998
v 0.03321012 0.02859520 0.05799998
v 0.03536125 0.02622415 0.05819948
v 0.03823562 0.02182102 0.05819948
v 0.03640523 0.02439792 0.05799998
v 0.03823562 0.02182102 0.05819948
v 0.03907278 0.01984725 0.05800004
v 0.03640523 0.02439792 0.05799998
v 0.03823562 0.02182102 0.05819948
v 0.04056431 0.01710682 0.05819960
v 0.03907278 0.01984725 0.05800004
v 0.04056431 0.01710682 0.05819960
v 0.04117465 0.01500828 0.05800004
v 0.03907278 0.01984725 0.05800004
v 0.04056431 0.01710682 0.05819960
v 0.04231458 0.01214789 0.05819960
v 0.04117465 0.01500828 0.05800004
v 0.04231458 0.01214789 0.05819960
v 0.04267937 0.00995166 0.05800004
v 0.04117465 0.01500828 0.05800004
v 0.04231458 0.01214789 0.05819960
v 0.04346119 0.00701623 0.05819972
v 0.04267937 0.00995166 0.05800004
v 0.04346119 0.00701623 0.05819972
v 0.04356609 0.00475088 0.05800016
v 0.04267937 0.00995166 0.05800004
v 0.04346119 0.00701623 0.05819972
v 0.04394343 0.00246183 0.05819978
v 0.04356609 0.00475088 0.05800016
v 0.04394343 0.00246183 0.05819978
v 0.04382205 -0.00060848 0.05799820
v 0.04356609 0.00475088 0.05800016
v 0.04394343 0.00246183 0.05819978
v 0.04399073 -0.00127625 0.05819990
v 0.04382205 -0.00060848 0.05799820
v 0.04399073 -0.00127625 0.05819990
v 0.04366454 -0.00560655 0.05819972
v 0.04382205 -0.00060848 0.05799820
v 0.04382205 -0.00060848 0.05799820
v 0.04366454 -0.00560655 0.05819972
v 0.04342006 -0.00594014 0.05800016
v 0.04366454 -0.00560655 0.05819972
v 0.04270740 -0.01068398 0.05819972
v 0.04342006 -0.00594014 0.05800016
v 0.04270740 -0.01068398 0.05819972
v 0.04239627 -0.01109710 0.05800004
v 0.04342006 -0.00594014 0.05800016
v 0.04270740 -0.01068398 0.05819972
v 0.04116119 -0.01561465 0.05819972
v 0.04239627 -0.01109710 0.05800004
v 0.04116119 -0.01561465 0.05819972
v 0.04076228 -0.01609407 0.05799998
v 0.04239627 -0.01109710 0.05800004
v 0.04116119 -0.01561465 0.05819972
v 0.03904779 -0.02033114 0.05819978
v 0.04076228 -0.01609407 0.05799998
v 0.03904779 -0.02033114 0.05819978
v 0.03854139 -0.02085995 0.05799998
v 0.04076228 -0.01609407 0.05799998
v 0.03904779 -0.02033114 0.05819978
v 0.03639595 -0.02476722 0.05819990
v 0.03854139 -0.02085995 0.05799998
v 0.03639595 -0.02476722 0.05819990
v 0.03576488 -0.02532621 0.05800004
v 0.03854139 -0.02085995 0.05799998
v 0.03639595 -0.02476722 0.05819990
v 0.03286152 -0.02931655 0.05820490
v 0.03576488 -0.02532621 0.05800004
v 0.03286152 -0.02931655 0.05820490
v 0.03235120 -0.02956909 0.05800016
v 0.03576488 -0.02532621 0.05800004
v -0.03747854 -0.02266712 0.05799998
v -0.03762436 -0.02283040 0.05779953
v -0.03560777 -0.02554723 0.05799974
v -0.03762436 -0.02283040 0.05779953
v -0.03593356 -0.02540013 0.05780007
v -0.03560777 -0.02554723 0.05799974
v -0.03593356 -0.02540013 0.05780007
v -0.03358396 -0.02846412 0.05780043
v -0.03560777 -0.02554723 0.05799974
v -0.03560777 -0.02554723 0.05799974
v -0.03358396 -0.02846412 0.05780043
v -0.03228322 -0.02963716 0.05799986
v -0.03358396 -0.02846412 0.05780043
v -0.02996582 -0.03225093 0.05780055
v -0.03228322 -0.02963716 0.05799986
v -0.03228322 -0.02963716 0.05799986
v -0.02996582 -0.03225093 0.05780055
v -0.02849223 -0.03329815 0.05799986
v -0.02996582 -0.03225093 0.05780055
v -0.02592343 -0.03558154 0.05780055
v -0.02849223 -0.03329815 0.05799986
v -0.02592343 -0.03558154 0.05780055
v -0.02428953 -0.03647746 0.05799986
v -0.02849223 -0.03329815 0.05799986
v -0.02592343 -0.03558154 0.05780055
v -0.02151424 -0.03840845 0.05780073
v -0.02428953 -0.03647746 0.05799986
v -0.02151424 -0.03840845 0.05780073
v -0.01973611 -0.03912905 0.05799986
v -0.02428953 -0.03647746 0.05799986
v -0.02151424 -0.03840845 0.05780073
v -0.01680062 -0.04069163 0.05780073
v -0.01973611 -0.03912905 0.05799986
v -0.01680062 -0.04069163 0.05780073
v -0.01489744 -0.04121493 0.05799986
v -0.01973611 -0.03912905 0.05799986
v -0.01680062 -0.04069163 0.05780073
v -0.01122788 -0.04258259 0.05780102
v -0.01489744 -0.04121493 0.05799986
v -0.01122788 -0.04258259 0.05780102
v -0.00984323 -0.04270478 0.05799986
v -0.01489744 -0.04121493 0.05799986
v -0.01122788 -0.04258259 0.05780102
v -0.00543206 -0.04368723 0.05780084
v -0.00984323 -0.04270478 0.05799986
v -0.00543206 -0.04368723 0.05780084
v -0.00464745 -0.04357739 0.05799998
v -0.00984323 -0.04270478 0.05799986
v -0.00543206 -0.04368723 0.05780084
v -0.00020513 -0.04402317 0.05780084
v -0.00464745 -0.04357739 0.05799998
v -0.00020513 -0.04402317 0.05780084
v 0.00061610 -0.04382033 0.05799998
v -0.00464745 -0.04357739 0.05799998
v -0.00020513 -0.04402317 0.05780084
v 0.00502475 -0.04373612 0.05780096
v 0.00061610 -0.04382033 0.05799998
v 0.00502475 -0.04373612 0.05780096
v 0.00587101 -0.04342950 0.05799998
v 0.00061610 -0.04382033 0.05799998
v 0.00502475 -0.04373612 0.05780096
v 0.01018326 -0.04282971 0.05780096
v 0.00587101 -0.04342950 0.05799998
v 0.01018326 -0.04282971 0.05780096
v 0.01104120 -0.04241068 0.05799998
v 0.00587101 -0.04342950 0.05799998
v 0.01018326 -0.04282971 0.05780096
v 0.01519849 -0.04131706 0.05780096
v 0.01104120 -0.04241068 0.05799998
v 0.01519849 -0.04131706 0.05780096
v 0.01605255 -0.04077851 0.05799998
v 0.01104120 -0.04241068 0.05799998
v 0.01519849 -0.04131706 0.05780096
v 0.01999800 -0.03921932 0.05780096
v 0.01605255 -0.04077851 0.05799998
v 0.01999800 -0.03921932 0.05780096
v 0.02083225 -0.03855636 0.05799998
v 0.01605255 -0.04077851 0.05799998
v 0.01999800 -0.03921932 0.05780096
v 0.02451467 -0.03656690 0.05780084
v 0.02083225 -0.03855636 0.05799998
v 0.02451467 -0.03656690 0.05780084
v 0.02531091 -0.03577589 0.05799998
v 0.02083225 -0.03855636 0.05799998
v 0.02451467 -0.03656690 0.05780084
v 0.02913012 -0.03302711 0.05779554
v 0.02531091 -0.03577589 0.05799998
v 0.02913012 -0.03302711 0.05779554
v 0.02893916 -0.03289498 0.05799998
v 0.02531091 -0.03577589 0.05799998
v 0.02913012 -0.03302711 0.05779554
v 0.03235120 -0.02956909 0.05800016
v 0.02893916 -0.03289498 0.05799998
v 0.02913012 -0.03302711 0.05779554
v 0.03281806 -0.02932679 0.05780007
v 0.03235120 -0.02956909 0.05800016
v 0.03235120 -0.02956909 0.05800016
v 0.03570318 -0.02575653 0.05780025
v 0.03576488 -0.02532621 0.05800004
v 0.03281806 -0.02932679 0.05780007
v 0.03570318 -0.02575653 0.05780025
v 0.03235120 -0.02956909 0.05800016
v 0.03570318 -0.02575653 0.05780025
v 0.03852504 -0.02130570 0.05780025
v 0.03576488 -0.02532621 0.05800004
v 0.03576488 -0.02532621 0.05800004
v 0.03852504 -0.02130570 0.05780025
v 0.03854139 -0.02085995 0.05799998
v 0.03852504 -0.02130570 0.05780025
v 0.04079520 -0.01654896 0.05780037
v 0.03854139 -0.02085995 0.05799998
v 0.03854139 -0.02085995 0.05799998
v 0.04079520 -0.01654896 0.05780037
v 0.04076228 -0.01609407 0.05799998
v 0.04079520 -0.01654896 0.05780037
v 0.04248052 -0.01155520 0.05780043
v 0.04076228 -0.01609407 0.05799998
v 0.04076228 -0.01609407 0.05799998
v 0.04248052 -0.01155520 0.05780043
v 0.04239627 -0.01109710 0.05800004
v 0.04239627 -0.01109710 0.05800004
v 0.04355699 -0.00639579 0.05780043
v 0.04342006 -0.00594014 0.05800016
v 0.04248052 -0.01155520 0.05780043
v 0.04355699 -0.00639579 0.05780043
v 0.04239627 -0.01109710 0.05800004
v 0.04355699 -0.00639579 0.05780043
v 0.04401661 -0.00101545 0.05779620
v 0.04342006 -0.00594014 0.05800016
v 0.04401661 -0.00101545 0.05779620
v 0.04382205 -0.00060848 0.05799820
v 0.04342006 -0.00594014 0.05800016
v 0.04401661 -0.00101545 0.05779620
v 0.04380663 0.00437134 0.05780084
v 0.04382205 -0.00060848 0.05799820
v 0.04380663 0.00437134 0.05780084
v 0.04356609 0.00475088 0.05800016
v 0.04382205 -0.00060848 0.05799820
v 0.04380663 0.00437134 0.05780084
v 0.04297023 0.00957517 0.05780084
v 0.04356609 0.00475088 0.05800016
v 0.04297023 0.00957517 0.05780084
v 0.04267937 0.00995166 0.05800004
v 0.04356609 0.00475088 0.05800016
v 0.04297023 0.00957517 0.05780084
v 0.04151814 0.01464135 0.05780084
v 0.04267937 0.00995166 0.05800004
v 0.04151814 0.01464135 0.05780084
v 0.04117465 0.01500828 0.05800004
v 0.04267937 0.00995166 0.05800004
v 0.04151814 0.01464135 0.05780084
v 0.03947090 0.01949801 0.05780084
v 0.04117465 0.01500828 0.05800004
v 0.03947090 0.01949801 0.05780084
v 0.03907278 0.01984725 0.05800004
v 0.04117465 0.01500828 0.05800004
v 0.03947090 0.01949801 0.05780084
v 0.03685793 0.02407529 0.05780084
v 0.03907278 0.01984725 0.05800004
v 0.03685793 0.02407529 0.05780084
v 0.03640523 0.02439792 0.05799998
v 0.03907278 0.01984725 0.05800004
v 0.03685793 0.02407529 0.05780084
v 0.03371659 0.02830746 0.05780073
v 0.03640523 0.02439792 0.05799998
v 0.03371659 0.02830746 0.05780073
v 0.03321012 0.02859520 0.05799998
v 0.03640523 0.02439792 0.05799998
v 0.03371659 0.02830746 0.05780073
v 0.03009222 0.03213347 0.05780073
v 0.03321012 0.02859520 0.05799998
v 0.03009222 0.03213347 0.05780073
v 0.02953402 0.03237791 0.05799998
v 0.03321012 0.02859520 0.05799998
v 0.03009222 0.03213347 0.05780073
v 0.02603668 0.03549948 0.05780073
v 0.02953402 0.03237791 0.05799998
v 0.02603668 0.03549948 0.05780073
v 0.02543044 0.03569176 0.05799998
v 0.02953402 0.03237791 0.05799998
v 0.02603668 0.03549948 0.05780073
v 0.02218673 0.03801109 0.05780055
v 0.02543044 0.03569176 0.05799998
v 0.02218673 0.03801109 0.05780055
v 0.02095832 0.03848837 0.05799998
v 0.02543044 0.03569176 0.05799998
v 0.02218673 0.03801109 0.05780055
v 0.01807944 0.04014019 0.05780073
v 0.02095832 0.03848837 0.05799998
v 0.01807944 0.04014019 0.05780073
v 0.01618259 0.04072738 0.05799998
v 0.02095832 0.03848837 0.05799998
v 0.01807944 0.04014019 0.05780073
v 0.01315302 0.04201307 0.05780067
v 0.01618259 0.04072738 0.05799998
v 0.01315302 0.04201307 0.05780067
v 0.01117216 0.04237675 0.05799998
v 0.01618259 0.04072738 0.05799998
v 0.01315302 0.04201307 0.05780067
v 0.00803807 0.04328379 0.05780055
v 0.01117216 0.04237675 0.05799998
v 0.00803807 0.04328379 0.05780055
v 0.00599986 0.04341175 0.05799998
v 0.01117216 0.04237675 0.05799998
v 0.00803807 0.04328379 0.05780055
v 0.00280807 0.04393412 0.05780055
v 0.00599986 0.04341175 0.05799998
v 0.00280807 0.04393412 0.05780055
v 0.00074044 0.04381830 0.05799998
v 0.00599986 0.04341175 0.05799998
v 0.00280807 0.04393412 0.05780055
v -0.00313016 0.04392738 0.05780067
v 0.00074044 0.04381830 0.05799998
v -0.00313016 0.04392738 0.05780067
v -0.00452968 0.04358970 0.05799998
v 0.00074044 0.04381830 0.05799998
v -0.00313016 0.04392738 0.05780067
v -0.00887490 0.04311618 0.05780448
v -0.00452968 0.04358970 0.05799998
v -0.00887490 0.04311618 0.05780448
v -0.00973496 0.04272952 0.05799998
v -0.00452968 0.04358970 0.05799998
v -0.00887490 0.04311618 0.05780448
v -0.01384081 0.04179193 0.05780084
v -0.00973496 0.04272952 0.05799998
v -0.01384081 0.04179193 0.05780084
v -0.01479906 0.04124983 0.05799998
v -0.00973496 0.04272952 0.05799998
v -0.01384081 0.04179193 0.05780084
v -0.01873592 0.03983842 0.05780084
v -0.01479906 0.04124983 0.05799998
v -0.01873592 0.03983842 0.05780084
v -0.01964932 0.03917250 0.05799998
v -0.01479906 0.04124983 0.05799998
v -0.01873592 0.03983842 0.05780084
v -0.02336267 0.03731387 0.05780084
v -0.01964932 0.03917250 0.05799998
v -0.02336267 0.03731387 0.05780084
v -0.02421487 0.03652664 0.05799998
v -0.01964932 0.03917250 0.05799998
v -0.02336267 0.03731387 0.05780084
v -0.02817095 0.03384990 0.05780096
v -0.02421487 0.03652664 0.05799998
v -0.02817095 0.03384990 0.05780096
v -0.02843019 0.03335101 0.05799998
v -0.02421487 0.03652664 0.05799998
v -0.02817095 0.03384990 0.05780096
v -0.03143369 0.03051053 0.05799998
v -0.02843019 0.03335101 0.05799998
v -0.02817095 0.03384990 0.05780096
v -0.03247044 0.02973351 0.05779238
v -0.03143369 0.03051053 0.05799998
v -0.03762436 -0.02283040 0.05779953
v -0.03760729 -0.02282910 0.05215249
v -0.03593356 -0.02540013 0.05780007
v -0.03760729 -0.02282910 0.05215249
v -0.03506912 -0.02661286 0.05219907
v -0.03593356 -0.02540013 0.05780007
v -0.03593356 -0.02540013 0.05780007
v -0.03506912 -0.02661286 0.05219907
v -0.03358396 -0.02846412 0.05780043
v -0.03506912 -0.02661286 0.05219907
v -0.03166010 -0.03058995 0.05219904
v -0.03358396 -0.02846412 0.05780043
v -0.03358396 -0.02846412 0.05780043
v -0.03166010 -0.03058995 0.05219904
v -0.02996582 -0.03225093 0.05780055
v -0.03166010 -0.03058995 0.05219904
v -0.02780284 -0.03413363 0.05219902
v -0.02996582 -0.03225093 0.05780055
v -0.02996582 -0.03225093 0.05780055
v -0.02780284 -0.03413363 0.05219902
v -0.02592343 -0.03558154 0.05780055
v -0.02780284 -0.03413363 0.05219902
v -0.02355183 -0.03719400 0.05219901
v -0.02592343 -0.03558154 0.05780055
v -0.02592343 -0.03558154 0.05780055
v -0.02355183 -0.03719400 0.05219901
v -0.02151424 -0.03840845 0.05780073
v -0.02355183 -0.03719400 0.05219901
v -0.01896785 -0.03972804 0.05219901
v -0.02151424 -0.03840845 0.05780073
v -0.02151424 -0.03840845 0.05780073
v -0.01896785 -0.03972804 0.05219901
v -0.01680062 -0.04069163 0.05780073
v -0.01896785 -0.03972804 0.05219901
v -0.01411481 -0.04169949 0.05219903
v -0.01680062 -0.04069163 0.05780073
v -0.01680062 -0.04069163 0.05780073
v -0.01411481 -0.04169949 0.05219903
v -0.01122788 -0.04258259 0.05780102
v -0.01411481 -0.04169949 0.05219903
v -0.00906238 -0.04308068 0.05219905
v -0.01122788 -0.04258259 0.05780102
v -0.01122788 -0.04258259 0.05780102
v -0.00906238 -0.04308068 0.05219905
v -0.00543206 -0.04368723 0.05780084
v -0.00906238 -0.04308068 0.05219905
v -0.00388215 -0.04385219 0.05219910
v -0.00543206 -0.04368723 0.05780084
v -0.00543206 -0.04368723 0.05780084
v -0.00388215 -0.04385219 0.05219910
v -0.00020513 -0.04402317 0.05780084
v -0.00388215 -0.04385219 0.05219910
v 0.00135308 -0.04400299 0.05219915
v -0.00020513 -0.04402317 0.05780084
v -0.00020513 -0.04402317 0.05780084
v 0.00135308 -0.04400299 0.05219915
v 0.00502475 -0.04373612 0.05780096
v 0.00135308 -0.04400299 0.05219915
v 0.00656926 -0.04353078 0.05219921
v 0.00502475 -0.04373612 0.05780096
v 0.00502475 -0.04373612 0.05780096
v 0.00656926 -0.04353078 0.05219921
v 0.01018326 -0.04282971 0.05780096
v 0.00656926 -0.04353078 0.05219921
v 0.01169297 -0.04244237 0.05219929
v 0.01018326 -0.04282971 0.05780096
v 0.01018326 -0.04282971 0.05780096
v 0.01169297 -0.04244237 0.05219929
v 0.01519849 -0.04131706 0.05780096
v 0.01169297 -0.04244237 0.05219929
v 0.01665061 -0.04075347 0.05219937
v 0.01519849 -0.04131706 0.05780096
v 0.01519849 -0.04131706 0.05780096
v 0.01665061 -0.04075347 0.05219937
v 0.01999800 -0.03921932 0.05780096
v 0.01665061 -0.04075347 0.05219937
v 0.02137292 -0.03848740 0.05219947
v 0.01999800 -0.03921932 0.05780096
v 0.01999800 -0.03921932 0.05780096
v 0.02137292 -0.03848740 0.05219947
v 0.02451467 -0.03656690 0.05780084
v 0.02137292 -0.03848740 0.05219947
v 0.02579230 -0.03567667 0.05219957
v 0.02451467 -0.03656690 0.05780084
v 0.02451467 -0.03656690 0.05780084
v 0.02579230 -0.03567667 0.05219957
v 0.02913012 -0.03302711 0.05779554
v 0.02579230 -0.03567667 0.05219957
v 0.03030446 -0.03195317 0.05220452
v 0.02913012 -0.03302711 0.05779554
v 0.02913012 -0.03302711 0.05779554
v 0.03030446 -0.03195317 0.05220452
v 0.03281806 -0.02932679 0.05780007
v 0.03030446 -0.03195317 0.05220452
v 0.03338021 -0.02867360 0.05219958
v 0.03281806 -0.02932679 0.05780007
v 0.03281806 -0.02932679 0.05780007
v 0.03338021 -0.02867360 0.05219958
v 0.03570318 -0.02575653 0.05780025
v 0.03338021 -0.02867360 0.05219958
v 0.03584804 -0.02555452 0.05219917
v 0.03570318 -0.02575653 0.05780025
v 0.03570318 -0.02575653 0.05780025
v 0.03584804 -0.02555452 0.05219917
v 0.03852504 -0.02130570 0.05780025
v 0.03584804 -0.02555452 0.05219917
v 0.03864520 -0.02108751 0.05219915
v 0.03852504 -0.02130570 0.05780025
v 0.03852504 -0.02130570 0.05780025
v 0.03864520 -0.02108751 0.05219915
v 0.04079520 -0.01654896 0.05780037
v 0.03864520 -0.02108751 0.05219915
v 0.04088826 -0.01631800 0.05219913
v 0.04079520 -0.01654896 0.05780037
v 0.04079520 -0.01654896 0.05780037
v 0.04088826 -0.01631800 0.05219913
v 0.04248052 -0.01155520 0.05780043
v 0.04088826 -0.01631800 0.05219913
v 0.04254521 -0.01131424 0.05219912
v 0.04248052 -0.01155520 0.05780043
v 0.04248052 -0.01155520 0.05780043
v 0.04254521 -0.01131424 0.05219912
v 0.04355699 -0.00639579 0.05780043
v 0.04254521 -0.01131424 0.05219912
v 0.04359265 -0.00614872 0.05219911
v 0.04355699 -0.00639579 0.05780043
v 0.04355699 -0.00639579 0.05780043
v 0.04359265 -0.00614872 0.05219911
v 0.04401661 -0.00101545 0.05779620
v 0.04359265 -0.00614872 0.05219911
v 0.04397774 -0.00168036 0.05219670
v 0.04401661 -0.00101545 0.05779620
v 0.04397774 -0.00168036 0.05219670
v 0.04393412 0.00280807 0.05219940
v 0.04401661 -0.00101545 0.05779620
v 0.04401661 -0.00101545 0.05779620
v 0.04393412 0.00280807 0.05219940
v 0.04380663 0.00437134 0.05780084
v 0.04393412 0.00280807 0.05219940
v 0.04328379 0.00803807 0.05219936
v 0.04380663 0.00437134 0.05780084
v 0.04380663 0.00437134 0.05780084
v 0.04328379 0.00803807 0.05219936
v 0.04297023 0.00957517 0.05780084
v 0.04328379 0.00803807 0.05219936
v 0.04201307 0.01315301 0.05219932
v 0.04297023 0.00957517 0.05780084
v 0.04297023 0.00957517 0.05780084
v 0.04201307 0.01315301 0.05219932
v 0.04151814 0.01464135 0.05780084
v 0.04201307 0.01315301 0.05219932
v 0.04014019 0.01807943 0.05219928
v 0.04151814 0.01464135 0.05780084
v 0.04151814 0.01464135 0.05780084
v 0.04014019 0.01807943 0.05219928
v 0.03947090 0.01949801 0.05780084
v 0.04014019 0.01807943 0.05219928
v 0.03801110 0.02218672 0.05219940
v 0.03947090 0.01949801 0.05780084
v 0.03947090 0.01949801 0.05780084
v 0.03801110 0.02218672 0.05219940
v 0.03685793 0.02407529 0.05780084
v 0.03801110 0.02218672 0.05219940
v 0.03549949 0.02603667 0.05219922
v 0.03685793 0.02407529 0.05780084
v 0.03685793 0.02407529 0.05780084
v 0.03549949 0.02603667 0.05219922
v 0.03371659 0.02830746 0.05780073
v 0.03549949 0.02603667 0.05219922
v 0.03213347 0.03009221 0.05219919
v 0.03371659 0.02830746 0.05780073
v 0.03371659 0.02830746 0.05780073
v 0.03213347 0.03009221 0.05219919
v 0.03009222 0.03213347 0.05780073
v 0.03213347 0.03009221 0.05219919
v 0.02830747 0.03371659 0.05219916
v 0.03009222 0.03213347 0.05780073
v 0.03009222 0.03213347 0.05780073
v 0.02830747 0.03371659 0.05219916
v 0.02603668 0.03549948 0.05780073
v 0.02830747 0.03371659 0.05219916
v 0.02407530 0.03685792 0.05219914
v 0.02603668 0.03549948 0.05780073
v 0.02603668 0.03549948 0.05780073
v 0.02407530 0.03685792 0.05219914
v 0.02218673 0.03801109 0.05780055
v 0.02407530 0.03685792 0.05219914
v 0.01949802 0.03947090 0.05219913
v 0.02218673 0.03801109 0.05780055
v 0.02218673 0.03801109 0.05780055
v 0.01949802 0.03947090 0.05219913
v 0.01807944 0.04014019 0.05780073
v 0.01949802 0.03947090 0.05219913
v 0.01464136 0.04151814 0.05219912
v 0.01807944 0.04014019 0.05780073
v 0.01807944 0.04014019 0.05780073
v 0.01464136 0.04151814 0.05219912
v 0.01315302 0.04201307 0.05780067
v 0.01464136 0.04151814 0.05219912
v 0.00957518 0.04297023 0.05219911
v 0.01315302 0.04201307 0.05780067
v 0.01315302 0.04201307 0.05780067
v 0.00957518 0.04297023 0.05219911
v 0.00803807 0.04328379 0.05780055
v 0.00957518 0.04297023 0.05219911
v 0.00437135 0.04380663 0.05219910
v 0.00803807 0.04328379 0.05780055
v 0.00803807 0.04328379 0.05780055
v 0.00437135 0.04380663 0.05219910
v 0.00280807 0.04393412 0.05780055
v 0.00437135 0.04380663 0.05219910
v -0.00101544 0.04401661 0.05220369
v 0.00280807 0.04393412 0.05780055
v 0.00280807 0.04393412 0.05780055
v -0.00101544 0.04401661 0.05220369
v -0.00313016 0.04392738 0.05780067
v -0.00101544 0.04401661 0.05220369
v -0.00572358 0.04363872 0.05219961
v -0.00313016 0.04392738 0.05780067
v -0.00313016 0.04392738 0.05780067
v -0.00572358 0.04363872 0.05219961
v -0.00887490 0.04311618 0.05780448
v -0.00572358 0.04363872 0.05219961
v -0.01027783 0.04280728 0.05219953
v -0.00887490 0.04311618 0.05780448
v -0.00887490 0.04311618 0.05780448
v -0.01027783 0.04280728 0.05219953
v -0.01384081 0.04179193 0.05780084
v -0.01027783 0.04280728 0.05219953
v -0.01531983 0.04127242 0.05219959
v -0.01384081 0.04179193 0.05780084
v -0.01384081 0.04179193 0.05780084
v -0.01531983 0.04127242 0.05219959
v -0.01873592 0.03983842 0.05780084
v -0.01531983 0.04127242 0.05219959
v -0.02014227 0.03914561 0.05219965
v -0.01873592 0.03983842 0.05780084
v -0.01873592 0.03983842 0.05780084
v -0.02014227 0.03914561 0.05219965
v -0.02336267 0.03731387 0.05780084
v -0.02014227 0.03914561 0.05219965
v -0.02467588 0.03645812 0.05219972
v -0.02336267 0.03731387 0.05780084
v -0.02336267 0.03731387 0.05780084
v -0.02467588 0.03645812 0.05219972
v -0.02817095 0.03384990 0.05780096
v -0.02467588 0.03645812 0.05219972
v -0.02885596 0.03324800 0.05219979
v -0.02817095 0.03384990 0.05780096
v -0.02817095 0.03384990 0.05780096
v -0.02885596 0.03324800 0.05219979
v -0.03247044 0.02973351 0.05779238
v -0.02885596 0.03324800 0.05219979
v -0.03290993 0.02925362 0.05219927
v -0.03247044 0.02973351 0.05779238
v -0.04115618 0.01562717 0.05219897
v -0.03903598 0.02035272 0.05219909
v -0.04024935 0.01733648 0.05200000
v -0.03903598 0.02035272 0.05219909
v -0.03788769 0.02202431 0.05200000
v -0.04024935 0.01733648 0.05200000
v -0.04280699 -0.01029913 0.05220191
v -0.04373927 -0.00498829 0.05219931
v -0.04274925 -0.00981258 0.05200000
v -0.03903598 0.02035272 0.05219909
v -0.03637543 0.02479651 0.05219924
v -0.03788769 0.02202431 0.05200000
v -0.04274925 -0.00981258 0.05200000
v -0.04373927 -0.00498829 0.05219931
v -0.04370872 -0.00317964 0.05200000
v -0.03637543 0.02479651 0.05219924
v -0.03498162 0.02639741 0.05200000
v -0.03788769 0.02202431 0.05200000
v -0.04373927 -0.00498829 0.05219931
v -0.04402622 0.00030982 0.05220324
v -0.04370872 -0.00317964 0.05200000
v -0.03637543 0.02479651 0.05219924
v -0.03290993 0.02925362 0.05219927
v -0.03498162 0.02639741 0.05200000
v -0.03290993 0.02925362 0.05219927
v -0.03189302 0.03004413 0.05200000
v -0.03498162 0.02639741 0.05200000
v -0.04402622 0.00030982 0.05220324
v -0.04377540 0.00207026 0.05200000
v -0.04370872 -0.00317964 0.05200000
v -0.04402622 0.00030982 0.05220324
v -0.04366611 0.00559537 0.05219884
v -0.04377540 0.00207026 0.05200000
v -0.04366611 0.00559537 0.05219884
v -0.04321409 0.00728854 0.05200000
v -0.04377540 0.00207026 0.05200000
v -0.04366611 0.00559537 0.05219884
v -0.04270677 0.01068528 0.05219889
v -0.04321409 0.00728854 0.05200000
v -0.04270677 0.01068528 0.05219889
v -0.04203313 0.01240146 0.05200000
v -0.04321409 0.00728854 0.05200000
v -0.04270677 0.01068528 0.05219889
v -0.04115618 0.01562717 0.05219897
v -0.04203313 0.01240146 0.05200000
v -0.04115618 0.01562717 0.05219897
v -0.04024935 0.01733648 0.05200000
v -0.04203313 0.01240146 0.05200000
v -0.03290993 0.02925362 0.05219927
v -0.02885596 0.03324800 0.05219979
v -0.03189302 0.03004413 0.05200000
v -0.03189302 0.03004413 0.05200000
v -0.02885596 0.03324800 0.05219979
v -0.02842872 0.03335232 0.05200000
v -0.02842872 0.03335232 0.05200000
v -0.02467588 0.03645812 0.05219972
v -0.02421163 0.03652905 0.05200000
v -0.02885596 0.03324800 0.05219979
v -0.02467588 0.03645812 0.05219972
v -0.02842872 0.03335232 0.05200000
v -0.02467588 0.03645812 0.05219972
v -0.02014227 0.03914561 0.05219965
v -0.02421163 0.03652905 0.05200000
v -0.02421163 0.03652905 0.05200000
v -0.02014227 0.03914561 0.05219965
v -0.01964346 0.03917515 0.05200000
v -0.02014227 0.03914561 0.05219965
v -0.01531983 0.04127242 0.05219959
v -0.01964346 0.03917515 0.05200000
v -0.01964346 0.03917515 0.05200000
v -0.01531983 0.04127242 0.05219959
v -0.01479106 0.04125286 0.05200000
v -0.01531983 0.04127242 0.05219959
v -0.01027783 0.04280728 0.05219953
v -0.01479106 0.04125286 0.05200000
v -0.01479106 0.04125286 0.05200000
v -0.01027783 0.04280728 0.05219953
v -0.00972391 0.04273214 0.05200000
v -0.00972391 0.04273214 0.05200000
v -0.00572358 0.04363872 0.05219961
v -0.00451611 0.04359105 0.05200000
v -0.01027783 0.04280728 0.05219953
v -0.00572358 0.04363872 0.05219961
v -0.00972391 0.04273214 0.05200000
v -0.00572358 0.04363872 0.05219961
v -0.00101544 0.04401661 0.05220369
v -0.00451611 0.04359105 0.05200000
v -0.00101544 0.04401661 0.05220369
v 0.00075683 0.04381809 0.05200000
v -0.00451611 0.04359105 0.05200000
v -0.00101544 0.04401661 0.05220369
v 0.00437135 0.04380663 0.05219910
v 0.00075683 0.04381809 0.05200000
v 0.00437135 0.04380663 0.05219910
v 0.00601874 0.04340931 0.05200000
v 0.00075683 0.04381809 0.05200000
v 0.00437135 0.04380663 0.05219910
v 0.00957518 0.04297023 0.05219911
v 0.00601874 0.04340931 0.05200000
v 0.00957518 0.04297023 0.05219911
v 0.01119311 0.04237106 0.05200000
v 0.00601874 0.04340931 0.05200000
v 0.00957518 0.04297023 0.05219911
v 0.01464136 0.04151814 0.05219912
v 0.01119311 0.04237106 0.05200000
v 0.01464136 0.04151814 0.05219912
v 0.01620475 0.04071844 0.05200000
v 0.01119311 0.04237106 0.05200000
v 0.01464136 0.04151814 0.05219912
v 0.01949802 0.03947090 0.05219913
v 0.01620475 0.04071844 0.05200000
v 0.01949802 0.03947090 0.05219913
v 0.02098180 0.03847560 0.05200000
v 0.01620475 0.04071844 0.05200000
v 0.01949802 0.03947090 0.05219913
v 0.02407530 0.03685792 0.05219914
v 0.02098180 0.03847560 0.05200000
v 0.02407530 0.03685792 0.05219914
v 0.02545421 0.03567482 0.05200000
v 0.02098180 0.03847560 0.05200000
v 0.02407530 0.03685792 0.05219914
v 0.02830747 0.03371659 0.05219916
v 0.02545421 0.03567482 0.05200000
v 0.02830747 0.03371659 0.05219916
v 0.02955742 0.03235664 0.05200000
v 0.02545421 0.03567482 0.05200000
v 0.02830747 0.03371659 0.05219916
v 0.03213347 0.03009221 0.05219919
v 0.02955742 0.03235664 0.05200000
v 0.03213347 0.03009221 0.05219919
v 0.03323211 0.02856949 0.05200000
v 0.02955742 0.03235664 0.05200000
v 0.03213347 0.03009221 0.05219919
v 0.03549949 0.02603667 0.05219922
v 0.03323211 0.02856949 0.05200000
v 0.03549949 0.02603667 0.05219922
v 0.03642511 0.02436799 0.05200000
v 0.03323211 0.02856949 0.05200000
v 0.03549949 0.02603667 0.05219922
v 0.03801110 0.02218672 0.05219940
v 0.03642511 0.02436799 0.05200000
v 0.03801110 0.02218672 0.05219940
v 0.03908997 0.01981353 0.05200000
v 0.03642511 0.02436799 0.05200000
v 0.03801110 0.02218672 0.05219940
v 0.04014019 0.01807943 0.05219928
v 0.03908997 0.01981353 0.05200000
v 0.04014019 0.01807943 0.05219928
v 0.04118826 0.01497107 0.05200000
v 0.03908997 0.01981353 0.05200000
v 0.04014019 0.01807943 0.05219928
v 0.04201307 0.01315301 0.05219932
v 0.04118826 0.01497107 0.05200000
v 0.04201307 0.01315301 0.05219932
v 0.04268894 0.00991193 0.05200000
v 0.04118826 0.01497107 0.05200000
v 0.04201307 0.01315301 0.05219932
v 0.04328379 0.00803807 0.05219936
v 0.04268894 0.00991193 0.05200000
v 0.04328379 0.00803807 0.05219936
v 0.04357065 0.00470856 0.05200000
v 0.04268894 0.00991193 0.05200000
v 0.04328379 0.00803807 0.05219936
v 0.04393412 0.00280807 0.05219940
v 0.04357065 0.00470856 0.05200000
v 0.04393412 0.00280807 0.05219940
v 0.04382083 -0.00056316 0.05200000
v 0.04357065 0.00470856 0.05200000
v 0.04393412 0.00280807 0.05219940
v 0.04397774 -0.00168036 0.05219670
v 0.04382083 -0.00056316 0.05200000
v 0.04397774 -0.00168036 0.05219670
v 0.04343514 -0.00582709 0.05200000
v 0.04382083 -0.00056316 0.05200000
v 0.04397774 -0.00168036 0.05219670
v 0.04359265 -0.00614872 0.05219911
v 0.04343514 -0.00582709 0.05200000
v 0.04359265 -0.00614872 0.05219911
v 0.04241965 -0.01100652 0.05200000
v 0.04343514 -0.00582709 0.05200000
v 0.04359265 -0.00614872 0.05219911
v 0.04254521 -0.01131424 0.05219912
v 0.04241965 -0.01100652 0.05200000
v 0.04254521 -0.01131424 0.05219912
v 0.04078866 -0.01602706 0.05200000
v 0.04241965 -0.01100652 0.05200000
v 0.04254521 -0.01131424 0.05219912
v 0.04088826 -0.01631800 0.05219913
v 0.04078866 -0.01602706 0.05200000
v 0.04088826 -0.01631800 0.05219913
v 0.03856545 -0.02081533 0.05200000
v 0.04078866 -0.01602706 0.05200000
v 0.04088826 -0.01631800 0.05219913
v 0.03864520 -0.02108751 0.05219915
v 0.03856545 -0.02081533 0.05200000
v 0.03864520 -0.02108751 0.05219915
v 0.03578280 -0.02530147 0.05200000
v 0.03856545 -0.02081533 0.05200000
v 0.03864520 -0.02108751 0.05219915
v 0.03584804 -0.02555452 0.05219917
v 0.03578280 -0.02530147 0.05200000
v 0.03584804 -0.02555452 0.05219917
v 0.03289784 -0.02893554 0.05200000
v 0.03578280 -0.02530147 0.05200000
v 0.03584804 -0.02555452 0.05219917
v 0.03338021 -0.02867360 0.05219958
v 0.03289784 -0.02893554 0.05200000
v 0.03338021 -0.02867360 0.05219958
v 0.03030446 -0.03195317 0.05220452
v 0.03289784 -0.02893554 0.05200000
v 0.03030446 -0.03195317 0.05220452
v 0.02956538 -0.03235475 0.05200000
v 0.03289784 -0.02893554 0.05200000
v -0.04103202 -0.01591402 0.05699988
v -0.04065050 -0.01683787 0.05399998
v -0.04025727 -0.01775743 0.05700000
v -0.02421163 0.03652905 0.05200000
v -0.03498162 0.02639741 0.05200000
v -0.02842872 0.03335232 0.05200000
v -0.03189302 0.03004413 0.05200000
v -0.03225907 -0.02966350 0.05200000
v -0.03558615 -0.02557719 0.05200000
v -0.02846619 -0.03332024 0.05200000
v 0.04382083 -0.00056316 0.05200000
v 0.04268894 0.00991193 0.05200000
v 0.04357065 0.00470856 0.05200000
v -0.03760729 -0.02282910 0.05215249
v -0.04274925 -0.00981258 0.05200000
v -0.03558615 -0.02557719 0.05200000
v -0.04321409 0.00728854 0.05200000
v -0.03788769 0.02202431 0.05200000
v -0.04024935 0.01733648 0.05200000
v -0.04203313 0.01240146 0.05200000
v -0.04274925 -0.00981258 0.05200000
v -0.00981942 -0.04271039 0.05200000
v -0.01479106 0.04125286 0.05200000
v 0.04078866 -0.01602706 0.05200000
v 0.03856545 -0.02081533 0.05200000
v 0.04241965 -0.01100652 0.05200000
v -0.04377540 0.00207026 0.05200000
v -0.04370872 -0.00317964 0.05200000
v 0.04118826 0.01497107 0.05200000
v 0.03642511 0.02436799 0.05200000
v 0.03908997 0.01981353 0.05200000
v 0.04343514 -0.00582709 0.05200000
v 0.03578280 -0.02530147 0.05200000
v 0.03323211 0.02856949 0.05200000
v 0.03289784 -0.02893554 0.05200000
v 0.02956538 -0.03235475 0.05200000
v 0.02955742 0.03235664 0.05200000
v 0.02545421 0.03567482 0.05200000
v 0.02531436 -0.03577361 0.05200000
v 0.02083807 -0.03855324 0.05200000
v 0.01606178 -0.04077493 0.05200000
v 0.01620475 0.04071844 0.05200000
v 0.02098180 0.03847560 0.05200000
v 0.00601874 0.04340931 0.05200000
v 0.01119311 0.04237106 0.05200000
v 0.00588639 -0.04342726 0.05200000
v 0.00063468 -0.04381986 0.05200000
v 0.01105351 -0.04240765 0.05200000
v -0.00451611 0.04359105 0.05200000
v 0.00075683 0.04381809 0.05200000
v -0.00462549 -0.04357962 0.05200000
v -0.00972391 0.04273214 0.05200000
v -0.01487152 -0.04122400 0.05200000
v -0.02426280 -0.03649525 0.05200000
v -0.01970939 -0.03914244 0.05200000
v -0.01964346 0.03917515 0.05200000
v -0.04025727 -0.01775743 0.05700000
v -0.04018866 -0.01664670 0.05399998
v -0.03980601 -0.01757060 0.05700000
v -0.04065050 -0.01683787 0.05399998
v -0.04057126 -0.01572266 0.05700000
v -0.04018866 -0.01664670 0.05399998
v -0.04103202 -0.01591402 0.05699988
v -0.04065050 -0.01683787 0.05399998
v -0.04103202 -0.01591402 0.05699988
v -0.03980601 -0.01757060 0.05700000
v -0.04057126 -0.01572266 0.05700000
v -0.04025727 -0.01775743 0.05700000
v -0.03760729 -0.02282910 0.05215249
v -0.04280699 -0.01029913 0.05220191
v -0.04274925 -0.00981258 0.05200000
v 0.03030446 -0.03195317 0.05220452
v 0.02579230 -0.03567667 0.05219957
v 0.02956538 -0.03235475 0.05200000
v 0.02956538 -0.03235475 0.05200000
v 0.02579230 -0.03567667 0.05219957
v 0.02531436 -0.03577361 0.05200000
v 0.02531436 -0.03577361 0.05200000
v 0.02137292 -0.03848740 0.05219947
v 0.02083807 -0.03855324 0.05200000
v 0.02579230 -0.03567667 0.05219957
v 0.02137292 -0.03848740 0.05219947
v 0.02531436 -0.03577361 0.05200000
v 0.02083807 -0.03855324 0.05200000
v 0.01665061 -0.04075347 0.05219937
v 0.01606178 -0.04077493 0.05200000
v 0.02137292 -0.03848740 0.05219947
v 0.01665061 -0.04075347 0.05219937
v 0.02083807 -0.03855324 0.05200000
v 0.01665061 -0.04075347 0.05219937
v 0.01169297 -0.04244237 0.05219929
v 0.01606178 -0.04077493 0.05200000
v 0.01169297 -0.04244237 0.05219929
v 0.01105351 -0.04240765 0.05200000
v 0.01606178 -0.04077493 0.05200000
v 0.01169297 -0.04244237 0.05219929
v 0.00656926 -0.04353078 0.05219921
v 0.01105351 -0.04240765 0.05200000
v 0.00656926 -0.04353078 0.05219921
v 0.00588639 -0.04342726 0.05200000
v 0.01105351 -0.04240765 0.05200000
v 0.00656926 -0.04353078 0.05219921
v 0.00135308 -0.04400299 0.05219915
v 0.00588639 -0.04342726 0.05200000
v 0.00135308 -0.04400299 0.05219915
v 0.00063468 -0.04381986 0.05200000
v 0.00588639 -0.04342726 0.05200000
v 0.00135308 -0.04400299 0.05219915
v -0.00388215 -0.04385219 0.05219910
v 0.00063468 -0.04381986 0.05200000
v -0.00388215 -0.04385219 0.05219910
v -0.00462549 -0.04357962 0.05200000
v 0.00063468 -0.04381986 0.05200000
v -0.00388215 -0.04385219 0.05219910
v -0.00906238 -0.04308068 0.05219905
v -0.00462549 -0.04357962 0.05200000
v -0.00906238 -0.04308068 0.05219905
v -0.00981942 -0.04271039 0.05200000
v -0.00462549 -0.04357962 0.05200000
v -0.00906238 -0.04308068 0.05219905
v -0.01411481 -0.04169949 0.05219903
v -0.00981942 -0.04271039 0.05200000
v -0.01411481 -0.04169949 0.05219903
v -0.01487152 -0.04122400 0.05200000
v -0.00981942 -0.04271039 0.05200000
v -0.01411481 -0.04169949 0.05219903
v -0.01896785 -0.03972804 0.05219901
v -0.01487152 -0.04122400 0.05200000
v -0.01896785 -0.03972804 0.05219901
v -0.01970939 -0.03914244 0.05200000
v -0.01487152 -0.04122400 0.05200000
v -0.01896785 -0.03972804 0.05219901
v -0.02355183 -0.03719400 0.05219901
v -0.01970939 -0.03914244 0.05200000
v -0.02355183 -0.03719400 0.05219901
v -0.02426280 -0.03649525 0.05200000
v -0.01970939 -0.03914244 0.05200000
v -0.02355183 -0.03719400 0.05219901
v -0.02780284 -0.03413363 0.05219902
v -0.02426280 -0.03649525 0.05200000
v -0.02780284 -0.03413363 0.05219902
v -0.02846619 -0.03332024 0.05200000
v -0.02426280 -0.03649525 0.05200000
v -0.02780284 -0.03413363 0.05219902
v -0.03166010 -0.03058995 0.05219904
v -0.02846619 -0.03332024 0.05200000
v -0.03166010 -0.03058995 0.05219904
v -0.03225907 -0.02966350 0.05200000
v -0.02846619 -0.03332024 0.05200000
v -0.03166010 -0.03058995 0.05219904
v -0.03506912 -0.02661286 0.05219907
v -0.03225907 -0.02966350 0.05200000
v -0.03506912 -0.02661286 0.05219907
v -0.03558615 -0.02557719 0.05200000
v -0.03225907 -0.02966350 0.05200000
v -0.03506912 -0.02661286 0.05219907
v -0.03760729 -0.02282910 0.05215249
v -0.03558615 -0.02557719 0.05200000
v -0.04280699 -0.01029913 0.05220191
v -0.04057126 -0.01572266 0.05700000
v -0.04282377 -0.01025892 0.05779304
v -0.04057126 -0.01572266 0.05700000
v -0.03980601 -0.01757060 0.05700000
v -0.04282377 -0.01025892 0.05779304
v -0.04018866 -0.01664670 0.05399998
v -0.03762436 -0.02283040 0.05779953
v -0.03760729 -0.02282910 0.05215249
v -0.03980601 -0.01757060 0.05700000
v -0.03762436 -0.02283040 0.05779953
v -0.04280699 -0.01029913 0.05220191
v -0.03760729 -0.02282910 0.05215249
v -0.04018866 -0.01664670 0.05399998
v -0.04243947 0.01170110 0.05780102
v -0.04270677 0.01068528 0.05219889
v -0.04351998 0.00663569 0.05780096
v -0.04270677 0.01068528 0.05219889
v -0.04366611 0.00559537 0.05219884
v -0.04351998 0.00663569 0.05780096
v -0.04351998 0.00663569 0.05780096
v -0.04366611 0.00559537 0.05219884
v -0.04402225 0.00094759 0.05780615
v -0.03247044 0.02973351 0.05779238
v -0.03290993 0.02925362 0.05219927
v -0.03577268 0.02565871 0.05780114
v -0.04366611 0.00559537 0.05219884
v -0.04402622 0.00030982 0.05220324
v -0.04402225 0.00094759 0.05780615
v -0.03290993 0.02925362 0.05219927
v -0.03637543 0.02479651 0.05219924
v -0.03577268 0.02565871 0.05780114
v -0.04402225 0.00094759 0.05780615
v -0.04402622 0.00030982 0.05220324
v -0.04376671 -0.00474624 0.05780102
v -0.03577268 0.02565871 0.05780114
v -0.03637543 0.02479651 0.05219924
v -0.03853882 0.02127919 0.05780114
v -0.04402622 0.00030982 0.05220324
v -0.04373927 -0.00498829 0.05219931
v -0.04376671 -0.00474624 0.05780102
v -0.03637543 0.02479651 0.05219924
v -0.03903598 0.02035272 0.05219909
v -0.03853882 0.02127919 0.05780114
v -0.04376671 -0.00474624 0.05780102
v -0.04373927 -0.00498829 0.05219931
v -0.04282377 -0.01025892 0.05779304
v -0.03853882 0.02127919 0.05780114
v -0.03903598 0.02035272 0.05219909
v -0.04077159 0.01660485 0.05780114
v -0.04373927 -0.00498829 0.05219931
v -0.04280699 -0.01029913 0.05220191
v -0.04282377 -0.01025892 0.05779304
v -0.03903598 0.02035272 0.05219909
v -0.04115618 0.01562717 0.05219897
v -0.04077159 0.01660485 0.05780114
v -0.04077159 0.01660485 0.05780114
v -0.04115618 0.01562717 0.05219897
v -0.04243947 0.01170110 0.05780102
v -0.04115618 0.01562717 0.05219897
v -0.04270677 0.01068528 0.05219889
v -0.04243947 0.01170110 0.05780102
v -0.04282377 -0.01025892 0.05779304
v -0.03762436 -0.02283040 0.05779953
v -0.03747854 -0.02266712 0.05799998
v -0.04282377 -0.01025892 0.05779304
v -0.03747854 -0.02266712 0.05799998
v -0.04281959 -0.00940136 0.05800916
v -0.04351998 0.00663569 0.05780096
v -0.04376048 0.00266495 0.05799748
v -0.04296988 0.00861103 0.05800004
v -0.04351998 0.00663569 0.05780096
v -0.04402225 0.00094759 0.05780615
v -0.04376048 0.00266495 0.05799748
v -0.03143369 0.03051053 0.05799998
v -0.03247044 0.02973351 0.05779238
v -0.03417042 0.02743924 0.05799998
v -0.04402225 0.00094759 0.05780615
v -0.04369767 -0.00332833 0.05799998
v -0.04376048 0.00266495 0.05799748
v -0.03247044 0.02973351 0.05779238
v -0.03577268 0.02565871 0.05780114
v -0.03417042 0.02743924 0.05799998
v -0.04402225 0.00094759 0.05780615
v -0.04376671 -0.00474624 0.05780102
v -0.04369767 -0.00332833 0.05799998
v -0.03417042 0.02743924 0.05799998
v -0.03577268 0.02565871 0.05780114
v -0.03720403 0.02316045 0.05799998
v -0.04376671 -0.00474624 0.05780102
v -0.04281959 -0.00940136 0.05800916
v -0.04369767 -0.00332833 0.05799998
v -0.03577268 0.02565871 0.05780114
v -0.03853882 0.02127919 0.05780114
v -0.03720403 0.02316045 0.05799998
v -0.04376671 -0.00474624 0.05780102
v -0.04282377 -0.01025892 0.05779304
v -0.04281959 -0.00940136 0.05800916
v -0.03853882 0.02127919 0.05780114
v -0.03970354 0.01855216 0.05799998
v -0.03720403 0.02316045 0.05799998
v -0.03853882 0.02127919 0.05780114
v -0.04077159 0.01660485 0.05780114
v -0.03970354 0.01855216 0.05799998
v -0.04077159 0.01660485 0.05780114
v -0.04163467 0.01367952 0.05799998
v -0.03970354 0.01855216 0.05799998
v -0.04077159 0.01660485 0.05780114
v -0.04243947 0.01170110 0.05780102
v -0.04163467 0.01367952 0.05799998
v -0.04243947 0.01170110 0.05780102
v -0.04296988 0.00861103 0.05800004
v -0.04163467 0.01367952 0.05799998
v -0.04243947 0.01170110 0.05780102
v -0.04351998 0.00663569 0.05780096
v -0.04296988 0.00861103 0.05800004
v -0.04281959 -0.00940136 0.05800916
v -0.03747854 -0.02266712 0.05799998
v -0.04135064 -0.01457695 0.05799986
v -0.04135064 -0.01457695 0.05799986
v -0.03747854 -0.02266712 0.05799998
v -0.03895299 -0.02007526 0.05799998
v 0.03286152 -0.02931655 0.05820490
v 0.02872080 -0.03336572 0.05819978
v 0.03235120 -0.02956909 0.05800016
v 0.03235120 -0.02956909 0.05800016
v 0.02872080 -0.03336572 0.05819978
v 0.02893916 -0.03289498 0.05799998
v 0.02893916 -0.03289498 0.05799998
v 0.02872080 -0.03336572 0.05819978
v 0.02531091 -0.03577589 0.05799998
v 0.02872080 -0.03336572 0.05819978
v 0.02453721 -0.03655210 0.05819972
v 0.02531091 -0.03577589 0.05799998
v 0.02531091 -0.03577589 0.05799998
v 0.02453721 -0.03655210 0.05819972
v 0.02083225 -0.03855636 0.05799998
v 0.02453721 -0.03655210 0.05819972
v 0.02000353 -0.03921743 0.05819960
v 0.02083225 -0.03855636 0.05799998
v 0.02083225 -0.03855636 0.05799998
v 0.02000353 -0.03921743 0.05819960
v 0.01605255 -0.04077851 0.05799998
v 0.02000353 -0.03921743 0.05819960
v 0.01518479 -0.04132240 0.05819960
v 0.01605255 -0.04077851 0.05799998
v 0.01605255 -0.04077851 0.05799998
v 0.01518479 -0.04132240 0.05819960
v 0.01104120 -0.04241068 0.05799998
v 0.01518479 -0.04132240 0.05819960
v 0.01014887 -0.04283822 0.05819948
v 0.01104120 -0.04241068 0.05799998
v 0.01014887 -0.04283822 0.05819948
v 0.00587101 -0.04342950 0.05799998
v 0.01104120 -0.04241068 0.05799998
v 0.01014887 -0.04283822 0.05819948
v 0.00496864 -0.04374299 0.05819948
v 0.00587101 -0.04342950 0.05799998
v 0.00496864 -0.04374299 0.05819948
v 0.00061610 -0.04382033 0.05799998
v 0.00587101 -0.04342950 0.05799998
v 0.00496864 -0.04374299 0.05819948
v -0.00028230 -0.04402322 0.05819948
v 0.00061610 -0.04382033 0.05799998
v -0.00028230 -0.04402322 0.05819948
v -0.00464745 -0.04357739 0.05799998
v 0.00061610 -0.04382033 0.05799998
v -0.00028230 -0.04402322 0.05819948
v -0.00486809 -0.04374265 0.05819948
v -0.00464745 -0.04357739 0.05799998
v -0.00486809 -0.04374265 0.05819948
v -0.00941700 -0.04300507 0.05819942
v -0.00464745 -0.04357739 0.05799998
v -0.00941700 -0.04300507 0.05819942
v -0.00984323 -0.04270478 0.05799986
v -0.00464745 -0.04357739 0.05799998
v -0.00941700 -0.04300507 0.05819942
v -0.01447757 -0.04157537 0.05819942
v -0.00984323 -0.04270478 0.05799986
v -0.01447757 -0.04157537 0.05819942
v -0.01489744 -0.04121493 0.05799986
v -0.00984323 -0.04270478 0.05799986
v -0.01447757 -0.04157537 0.05819942
v -0.01933175 -0.03955254 0.05819942
v -0.01489744 -0.04121493 0.05799986
v -0.01933175 -0.03955254 0.05819942
v -0.01973611 -0.03912905 0.05799986
v -0.01489744 -0.04121493 0.05799986
v -0.01933175 -0.03955254 0.05819942
v -0.02390965 -0.03696556 0.05819942
v -0.01973611 -0.03912905 0.05799986
v -0.02390965 -0.03696556 0.05819942
v -0.02428953 -0.03647746 0.05799986
v -0.01973611 -0.03912905 0.05799986
v -0.02390965 -0.03696556 0.05819942
v -0.02814621 -0.03385103 0.05819948
v -0.02428953 -0.03647746 0.05799986
v -0.02814621 -0.03385103 0.05819948
v -0.02849223 -0.03329815 0.05799986
v -0.02428953 -0.03647746 0.05799986
v -0.02814621 -0.03385103 0.05819948
v -0.03198158 -0.03025397 0.05819948
v -0.02849223 -0.03329815 0.05799986
v -0.03198158 -0.03025397 0.05819948
v -0.03228322 -0.02963716 0.05799986
v -0.02849223 -0.03329815 0.05799986
v -0.03198158 -0.03025397 0.05819948
v -0.03451667 -0.02729472 0.05819978
v -0.03228322 -0.02963716 0.05799986
v -0.03451667 -0.02729472 0.05819978
v -0.03560777 -0.02554723 0.05799974
v -0.03228322 -0.02963716 0.05799986
v -0.03451667 -0.02729472 0.05819978
v -0.03686193 -0.02406909 0.05819978
v -0.03560777 -0.02554723 0.05799974
v -0.03686193 -0.02406909 0.05819978
v -0.03747854 -0.02266712 0.05799998
v -0.03560777 -0.02554723 0.05799974
v -0.03686193 -0.02406909 0.05819978
v -0.03895299 -0.02007526 0.05799998
v -0.03747854 -0.02266712 0.05799998
v -0.03686193 -0.02406909 0.05819978
v -0.03945573 -0.01952845 0.05820079
v -0.03895299 -0.02007526 0.05799998
v -0.03945573 -0.01952845 0.05820079
v -0.04135064 -0.01457695 0.05799986
v -0.03895299 -0.02007526 0.05799998
v -0.03945573 -0.01952845 0.05820079
v -0.04173503 -0.01405686 0.05819674
v -0.04135064 -0.01457695 0.05799986
v -0.04173503 -0.01405686 0.05819674
v -0.04281959 -0.00940136 0.05800916
v -0.04135064 -0.01457695 0.05799986
v -0.04173503 -0.01405686 0.05819674
v -0.04323238 -0.00831076 0.05819972
v -0.04281959 -0.00940136 0.05800916
v -0.04323238 -0.00831076 0.05819972
v -0.04369767 -0.00332833 0.05799998
v -0.04281959 -0.00940136 0.05800916
v -0.04323238 -0.00831076 0.05819972
v -0.04391490 -0.00309703 0.05819978
v -0.04369767 -0.00332833 0.05799998
v -0.04391490 -0.00309703 0.05819978
v -0.04376048 0.00266495 0.05799748
v -0.04369767 -0.00332833 0.05799998
v -0.04391490 -0.00309703 0.05819978
v -0.04399081 0.00127633 0.05819990
v -0.04376048 0.00266495 0.05799748
v -0.04399081 0.00127633 0.05819990
v -0.04366485 0.00560709 0.05819972
v -0.04376048 0.00266495 0.05799748
v -0.04376048 0.00266495 0.05799748
v -0.04366485 0.00560709 0.05819972
v -0.04296988 0.00861103 0.05800004
v -0.04366485 0.00560709 0.05819972
v -0.04270731 0.01068440 0.05819972
v -0.04296988 0.00861103 0.05800004
v -0.04270731 0.01068440 0.05819972
v -0.04163467 0.01367952 0.05799998
v -0.04296988 0.00861103 0.05800004
v -0.04270731 0.01068440 0.05819972
v -0.04116102 0.01561499 0.05819972
v -0.04163467 0.01367952 0.05799998
v -0.04116102 0.01561499 0.05819972
v -0.03970354 0.01855216 0.05799998
v -0.04163467 0.01367952 0.05799998
v -0.04116102 0.01561499 0.05819972
v -0.03904745 0.02033148 0.05819978
v -0.03970354 0.01855216 0.05799998
v -0.03904745 0.02033148 0.05819978
v -0.03720403 0.02316045 0.05799998
v -0.03970354 0.01855216 0.05799998
v -0.03904745 0.02033148 0.05819978
v -0.03639587 0.02476739 0.05819990
v -0.03720403 0.02316045 0.05799998
v -0.03639587 0.02476739 0.05819990
v -0.03417042 0.02743924 0.05799998
v -0.03720403 0.02316045 0.05799998
v -0.03639587 0.02476739 0.05819990
v -0.03286143 0.02931663 0.05820490
v -0.03417042 0.02743924 0.05799998
v -0.03286143 0.02931663 0.05820490
v -0.03143369 0.03051053 0.05799998
v -0.03417042 0.02743924 0.05799998
v -0.01541630 0.01933360 0.10633779
v -0.01617646 0.02004453 0.09729970
v -0.01536770 0.01924572 0.09729970
v -0.02040029 0.01829531 0.10633166
v -0.02045370 0.01746557 0.10632683
v -0.02044568 0.01804222 0.09729970
v -0.01541630 0.01933360 0.10633779
v -0.01536770 0.01924572 0.09729970
v -0.01497051 0.01836098 0.09729970
v -0.01495475 0.01829532 0.10633166
v -0.02040029 0.01829531 0.10633166
v -0.02044568 0.01804222 0.09729970
v -0.02008150 0.01911903 0.09729970
v -0.01495475 0.01829532 0.10633166
v -0.01497051 0.01836098 0.09729970
v -0.01492575 0.01707617 0.09729970
v -0.01993909 0.01933359 0.10633779
v -0.02040029 0.01829531 0.10633166
v -0.02008150 0.01911903 0.09729970
v -0.01490156 0.01746544 0.10632683
v -0.01495475 0.01829532 0.10633166
v -0.01492575 0.01707617 0.09729970
v -0.01993909 0.01933359 0.10633779
v -0.02008150 0.01911903 0.09729970
v -0.01921578 0.02001627 0.09729970
v -0.01918381 0.02002134 0.10633309
v -0.01993909 0.01933359 0.10633779
v -0.01921578 0.02001627 0.09729970
v -0.01845353 0.02035958 0.10633136
v -0.01918381 0.02002134 0.10633309
v -0.01921578 0.02001627 0.09729970
v -0.01845353 0.02035958 0.10633136
v -0.01921578 0.02001627 0.09729970
v -0.01820267 0.02041977 0.09729970
v -0.01714512 0.02044346 0.10633923
v -0.01845353 0.02035958 0.10633136
v -0.01820267 0.02041977 0.09729970
v -0.01714512 0.02044346 0.10633923
v -0.01820267 0.02041977 0.09729970
v -0.01723308 0.02043397 0.09729970
v -0.01714512 0.02044346 0.10633923
v -0.01723308 0.02043397 0.09729970
v -0.01617646 0.02004453 0.09729970
v -0.01616445 0.02001583 0.10633166
v -0.01714512 0.02044346 0.10633923
v -0.01617646 0.02004453 0.09729970
v -0.01541630 0.01933360 0.10633779
v -0.01616445 0.02001583 0.10633166
v -0.01617646 0.02004453 0.09729970
v -0.01541613 -0.01602163 0.10633779
v -0.01579141 -0.01561885 0.09729970
v -0.01512272 -0.01652500 0.09729970
v -0.02040042 -0.01705986 0.10633166
v -0.02045374 -0.01788986 0.10632683
v -0.02045505 -0.01796113 0.09729970
v -0.02040042 -0.01705986 0.10633166
v -0.02045505 -0.01796113 0.09729970
v -0.02038462 -0.01699415 0.09729970
v -0.01495484 -0.01705982 0.10633166
v -0.01541613 -0.01602163 0.10633779
v -0.01512272 -0.01652500 0.09729970
v -0.01495484 -0.01705982 0.10633166
v -0.01512272 -0.01652500 0.09729970
v -0.01487459 -0.01795544 0.09729970
v -0.01993883 -0.01602153 0.10633779
v -0.02038462 -0.01699415 0.09729970
v -0.01998742 -0.01610940 0.09729970
v -0.02040042 -0.01705986 0.10633166
v -0.01490161 -0.01788973 0.10632683
v -0.01495484 -0.01705982 0.10633166
v -0.01487459 -0.01795544 0.09729970
v -0.01993883 -0.01602153 0.10633779
v -0.01998742 -0.01610940 0.09729970
v -0.01908363 -0.01524245 0.09729970
v -0.01918389 -0.01533378 0.10633309
v -0.01993883 -0.01602153 0.10633779
v -0.01908363 -0.01524245 0.09729970
v -0.01845336 -0.01499538 0.10633136
v -0.01918389 -0.01533378 0.10633309
v -0.01908363 -0.01524245 0.09729970
v -0.01845336 -0.01499538 0.10633136
v -0.01908363 -0.01524245 0.09729970
v -0.01788067 -0.01489305 0.09729970
v -0.01714495 -0.01491184 0.10633923
v -0.01845336 -0.01499538 0.10633136
v -0.01788067 -0.01489305 0.09729970
v -0.01714495 -0.01491184 0.10633923
v -0.01788067 -0.01489305 0.09729970
v -0.01676260 -0.01502842 0.09729970
v -0.01616443 -0.01533941 0.10633166
v -0.01714495 -0.01491184 0.10633923
v -0.01676260 -0.01502842 0.09729970
v -0.01616443 -0.01533941 0.10633166
v -0.01676260 -0.01502842 0.09729970
v -0.01579141 -0.01561885 0.09729970
v -0.01541613 -0.01602163 0.10633779
v -0.01616443 -0.01533941 0.10633166
v -0.01579141 -0.01561885 0.09729970
v 0.01993882 -0.01602153 0.10633779
v 0.01904291 -0.01521370 0.09729970
v 0.01989343 -0.01599198 0.09729970
v 0.01993882 -0.01602153 0.10633779
v 0.01989343 -0.01599198 0.09729970
v 0.02034904 -0.01682945 0.09729970
v 0.01495484 -0.01705982 0.10633166
v 0.01490161 -0.01788974 0.10632683
v 0.01487459 -0.01795544 0.09729970
v 0.01495484 -0.01705982 0.10633166
v 0.01487459 -0.01795544 0.09729970
v 0.01512272 -0.01652500 0.09729970
v 0.02040042 -0.01705986 0.10633166
v 0.01993882 -0.01602153 0.10633779
v 0.02034904 -0.01682945 0.09729970
v 0.02040042 -0.01705986 0.10633166
v 0.02034904 -0.01682945 0.09729970
v 0.02045504 -0.01796113 0.09729970
v 0.01541612 -0.01602163 0.10633779
v 0.01495484 -0.01705982 0.10633166
v 0.01512272 -0.01652500 0.09729970
v 0.02045374 -0.01788986 0.10632683
v 0.02040042 -0.01705986 0.10633166
v 0.02045504 -0.01796113 0.09729970
v 0.01541612 -0.01602163 0.10633779
v 0.01512272 -0.01652500 0.09729970
v 0.01599843 -0.01542205 0.09729970
v 0.01617132 -0.01533378 0.10633309
v 0.01541612 -0.01602163 0.10633779
v 0.01599843 -0.01542205 0.09729970
v 0.01690160 -0.01499555 0.10633136
v 0.01617132 -0.01533378 0.10633309
v 0.01599843 -0.01542205 0.09729970
v 0.01690160 -0.01499555 0.10633136
v 0.01599843 -0.01542205 0.09729970
v 0.01746443 -0.01486886 0.09729970
v 0.01821018 -0.01491185 0.10633923
v 0.01690160 -0.01499555 0.10633136
v 0.01746443 -0.01486886 0.09729970
v 0.01821018 -0.01491185 0.10633923
v 0.01746443 -0.01486886 0.09729970
v 0.01904291 -0.01521370 0.09729970
v 0.01919080 -0.01533943 0.10633166
v 0.01821018 -0.01491185 0.10633923
v 0.01904291 -0.01521370 0.09729970
v 0.01993882 -0.01602153 0.10633779
v 0.01919080 -0.01533943 0.10633166
v 0.01904291 -0.01521370 0.09729970
v 0.01993909 0.01933359 0.10633779
v 0.01956371 0.01973628 0.09729970
v 0.02023242 0.01883011 0.09729970
v 0.01495476 0.01829531 0.10633166
v 0.01490157 0.01746544 0.10632683
v 0.01492576 0.01707617 0.09729970
v 0.01495476 0.01829531 0.10633166
v 0.01492576 0.01707617 0.09729970
v 0.01497051 0.01836097 0.09729970
v 0.02043654 0.01814931 0.10632999
v 0.01993909 0.01933359 0.10633779
v 0.02023242 0.01883011 0.09729970
v 0.02043654 0.01814931 0.10632999
v 0.02023242 0.01883011 0.09729970
v 0.02048063 0.01735012 0.09729970
v 0.01541630 0.01933360 0.10633779
v 0.01497051 0.01836097 0.09729970
v 0.01555176 0.01952570 0.09729970
v 0.01541630 0.01933360 0.10633779
v 0.01495476 0.01829531 0.10633166
v 0.01497051 0.01836097 0.09729970
v 0.01617124 0.02002135 0.10633309
v 0.01541630 0.01933360 0.10633779
v 0.01555176 0.01952570 0.09729970
v 0.01617124 0.02002135 0.10633309
v 0.01555176 0.01952570 0.09729970
v 0.01687117 0.02037155 0.09729970
v 0.01690177 0.02035975 0.10633136
v 0.01617124 0.02002135 0.10633309
v 0.01687117 0.02037155 0.09729970
v 0.01821030 0.02044341 0.10633923
v 0.01690177 0.02035975 0.10633136
v 0.01687117 0.02037155 0.09729970
v 0.01821030 0.02044341 0.10633923
v 0.01687117 0.02037155 0.09729970
v 0.01843802 0.02038967 0.09729970
v 0.01919089 0.02001588 0.10633166
v 0.01821030 0.02044341 0.10633923
v 0.01843802 0.02038967 0.09729970
v 0.01919089 0.02001588 0.10633166
v 0.01843802 0.02038967 0.09729970
v 0.01956371 0.01973628 0.09729970
v 0.01993909 0.01933359 0.10633779
v 0.01919089 0.02001588 0.10633166
v 0.01956371 0.01973628 0.09729970
v -0.04399081 0.00127633 0.05819990
v -0.04391490 -0.00309703 0.05819978
v -0.04397290 -0.00061534 0.09623201
v -0.04397290 -0.00061534 0.09623201
v -0.04391490 -0.00309703 0.05819978
v -0.04386382 -0.00335784 0.09603126
v -0.04386382 -0.00335784 0.09603126
v -0.04391490 -0.00309703 0.05819978
v -0.04361444 -0.00575055 0.09604449
v -0.04391490 -0.00309703 0.05819978
v -0.04323238 -0.00831076 0.05819972
v -0.04361444 -0.00575055 0.09604449
v -0.04361444 -0.00575055 0.09604449
v -0.04323238 -0.00831076 0.05819972
v -0.04323592 -0.00809252 0.09606499
v -0.04323592 -0.00809252 0.09606499
v -0.04323238 -0.00831076 0.05819972
v -0.04268742 -0.01064486 0.09609432
v -0.04323238 -0.00831076 0.05819972
v -0.04173503 -0.01405686 0.05819674
v -0.04268742 -0.01064486 0.09609432
v -0.04268742 -0.01064486 0.09609432
v -0.04173503 -0.01405686 0.05819674
v -0.04179154 -0.01371787 0.09613425
v -0.04179154 -0.01371787 0.09613425
v -0.04173503 -0.01405686 0.05819674
v -0.04088876 -0.01621313 0.09613414
v -0.04088876 -0.01621313 0.09613414
v -0.03945573 -0.01952845 0.05820079
v -0.03983639 -0.01864934 0.09613414
v -0.04173503 -0.01405686 0.05819674
v -0.03945573 -0.01952845 0.05820079
v -0.04088876 -0.01621313 0.09613414
v -0.03983639 -0.01864934 0.09613414
v -0.03945573 -0.01952845 0.05820079
v -0.03865873 -0.02100485 0.09601350
v -0.03865873 -0.02100485 0.09601350
v -0.03686193 -0.02406909 0.05819978
v -0.03732555 -0.02324925 0.09622473
v -0.03945573 -0.01952845 0.05820079
v -0.03686193 -0.02406909 0.05819978
v -0.03865873 -0.02100485 0.09601350
v -0.03732555 -0.02324925 0.09622473
v -0.03686193 -0.02406909 0.05819978
v -0.03604849 -0.02517604 0.09625960
v -0.03686193 -0.02406909 0.05819978
v -0.03451667 -0.02729472 0.05819978
v -0.03604849 -0.02517604 0.09625960
v -0.03604849 -0.02517604 0.09625960
v -0.03451667 -0.02729472 0.05819978
v -0.03446516 -0.02730323 0.09626002
v -0.03451667 -0.02729472 0.05819978
v -0.03198158 -0.03025397 0.05819948
v -0.03446516 -0.02730323 0.09626002
v -0.03446516 -0.02730323 0.09626002
v -0.03198158 -0.03025397 0.05819948
v -0.03275623 -0.02933087 0.09626032
v -0.03275623 -0.02933087 0.09626032
v -0.03198158 -0.03025397 0.05819948
v -0.03079472 -0.03139656 0.09616126
v -0.03198158 -0.03025397 0.05819948
v -0.02814621 -0.03385103 0.05819948
v -0.03079472 -0.03139656 0.09616126
v -0.02887481 -0.03318845 0.09606416
v -0.02887481 -0.03318845 0.09606416
v -0.02814621 -0.03385103 0.05819948
v -0.02683819 -0.03485612 0.09606416
v -0.02683819 -0.03485612 0.09606416
v -0.02390965 -0.03696556 0.05819942
v -0.02560480 -0.03574634 0.09618843
v -0.02814621 -0.03385103 0.05819948
v -0.02390965 -0.03696556 0.05819942
v -0.02683819 -0.03485612 0.09606416
v -0.02560480 -0.03574634 0.09618843
v -0.02390965 -0.03696556 0.05819942
v -0.02368392 -0.03705213 0.09623856
v -0.02368392 -0.03705213 0.09623856
v -0.02390965 -0.03696556 0.05819942
v -0.02141579 -0.03842347 0.09611619
v -0.02390965 -0.03696556 0.05819942
v -0.01933175 -0.03955254 0.05819942
v -0.02141579 -0.03842347 0.09611619
v -0.02141579 -0.03842347 0.09611619
v -0.01933175 -0.03955254 0.05819942
v -0.01903133 -0.03966279 0.09603108
v -0.01903133 -0.03966279 0.09603108
v -0.01933175 -0.03955254 0.05819942
v -0.01683181 -0.04064486 0.09604473
v -0.01933175 -0.03955254 0.05819942
v -0.01447757 -0.04157537 0.05819942
v -0.01683181 -0.04064486 0.09604473
v -0.01683181 -0.04064486 0.09604473
v -0.01447757 -0.04157537 0.05819942
v -0.01461067 -0.04148931 0.09606476
v -0.01461067 -0.04148931 0.09606476
v -0.01447757 -0.04157537 0.05819942
v -0.01213075 -0.04228908 0.09609438
v -0.01447757 -0.04157537 0.05819942
v -0.00941700 -0.04300507 0.05819942
v -0.01213075 -0.04228908 0.09609438
v -0.01213075 -0.04228908 0.09609438
v -0.00941700 -0.04300507 0.05819942
v -0.00902407 -0.04305014 0.09613414
v -0.00902407 -0.04305014 0.09613414
v -0.00941700 -0.04300507 0.05819942
v -0.00641138 -0.04351594 0.09613402
v -0.00941700 -0.04300507 0.05819942
v -0.00486809 -0.04374265 0.05819948
v -0.00641138 -0.04351594 0.09613402
v -0.00641138 -0.04351594 0.09613402
v -0.00486809 -0.04374265 0.05819948
v -0.00377582 -0.04382332 0.09613390
v -0.00486809 -0.04374265 0.05819948
v -0.00028230 -0.04402322 0.05819948
v -0.00377582 -0.04382332 0.09613390
v -0.00114632 -0.04398167 0.09601314
v -0.00114632 -0.04398167 0.09601314
v -0.00028230 -0.04402322 0.05819948
v 0.00265508 -0.04393479 0.09598828
v -0.00028230 -0.04402322 0.05819948
v 0.00496864 -0.04374299 0.05819948
v 0.00265508 -0.04393479 0.09598828
v 0.00265508 -0.04393479 0.09598828
v 0.00496864 -0.04374299 0.05819948
v 0.00640084 -0.04350094 0.09625990
v 0.00496864 -0.04374299 0.05819948
v 0.01014887 -0.04283822 0.05819948
v 0.00640084 -0.04350094 0.09625990
v 0.00901179 -0.04303576 0.09626026
v 0.00901179 -0.04303576 0.09626026
v 0.01014887 -0.04283822 0.05819948
v 0.01137910 -0.04247175 0.09619034
v 0.01137910 -0.04247175 0.09619034
v 0.01014887 -0.04283822 0.05819948
v 0.01305081 -0.04201067 0.09606410
v 0.01014887 -0.04283822 0.05819948
v 0.01518479 -0.04132240 0.05819960
v 0.01305081 -0.04201067 0.09606410
v 0.01305081 -0.04201067 0.09606410
v 0.01518479 -0.04132240 0.05819960
v 0.01559905 -0.04111813 0.09616382
v 0.01559905 -0.04111813 0.09616382
v 0.01518479 -0.04132240 0.05819960
v 0.01761729 -0.04028952 0.09618992
v 0.01518479 -0.04132240 0.05819960
v 0.02000353 -0.03921743 0.05819960
v 0.01761729 -0.04028952 0.09618992
v 0.01761729 -0.04028952 0.09618992
v 0.02000353 -0.03921743 0.05819960
v 0.02023436 -0.03904281 0.09623844
v 0.02023436 -0.03904281 0.09623844
v 0.02000353 -0.03921743 0.05819960
v 0.02254443 -0.03775615 0.09623910
v 0.02000353 -0.03921743 0.05819960
v 0.02453721 -0.03655210 0.05819972
v 0.02254443 -0.03775615 0.09623910
v 0.02254443 -0.03775615 0.09623910
v 0.02453721 -0.03655210 0.05819972
v 0.02482710 -0.03631718 0.09603090
v 0.02482710 -0.03631718 0.09603090
v 0.02453721 -0.03655210 0.05819972
v 0.02677897 -0.03490269 0.09604497
v 0.02453721 -0.03655210 0.05819972
v 0.02872080 -0.03336572 0.05819978
v 0.02677897 -0.03490269 0.09604497
v 0.02677897 -0.03490269 0.09604497
v 0.02872080 -0.03336572 0.05819978
v 0.02862411 -0.03339910 0.09606476
v 0.02862411 -0.03339910 0.09606476
v 0.02872080 -0.03336572 0.05819978
v 0.03055343 -0.03165481 0.09609456
v 0.02872080 -0.03336572 0.05819978
v 0.03286152 -0.02931655 0.05820490
v 0.03055343 -0.03165481 0.09609456
v 0.03055343 -0.03165481 0.09609456
v 0.03286152 -0.02931655 0.05820490
v 0.03276179 -0.02934984 0.09613414
v 0.03276179 -0.02934984 0.09613414
v 0.03286152 -0.02931655 0.05820490
v 0.03446992 -0.02732384 0.09613378
v 0.03286152 -0.02931655 0.05820490
v 0.03639595 -0.02476722 0.05819990
v 0.03446992 -0.02732384 0.09613378
v 0.03446992 -0.02732384 0.09613378
v 0.03639595 -0.02476722 0.05819990
v 0.03605278 -0.02519829 0.09613360
v 0.03605278 -0.02519829 0.09613360
v 0.03639595 -0.02476722 0.05819990
v 0.03745426 -0.02303979 0.09624417
v 0.03639595 -0.02476722 0.05819990
v 0.03904779 -0.02033114 0.05819978
v 0.03745426 -0.02303979 0.09624417
v 0.03745426 -0.02303979 0.09624417
v 0.03904779 -0.02033114 0.05819978
v 0.03851644 -0.02124181 0.09615261
v 0.03851644 -0.02124181 0.09615261
v 0.03904779 -0.02033114 0.05819978
v 0.03980423 -0.01867924 0.09625990
v 0.03904779 -0.02033114 0.05819978
v 0.04116119 -0.01561465 0.05819972
v 0.03980423 -0.01867924 0.09625990
v 0.03980423 -0.01867924 0.09625990
v 0.04116119 -0.01561465 0.05819972
v 0.04085623 -0.01624989 0.09626014
v 0.04085623 -0.01624989 0.09626014
v 0.04116119 -0.01561465 0.05819972
v 0.04175998 -0.01376167 0.09626044
v 0.04116119 -0.01561465 0.05819972
v 0.04270740 -0.01068398 0.05819972
v 0.04175998 -0.01376167 0.09626044
v 0.04175998 -0.01376167 0.09626044
v 0.04270740 -0.01068398 0.05819972
v 0.04246573 -0.01140368 0.09618987
v 0.04246573 -0.01140368 0.09618987
v 0.04270740 -0.01068398 0.05819972
v 0.04288850 -0.00973715 0.09614767
v 0.04288850 -0.00973715 0.09614767
v 0.04270740 -0.01068398 0.05819972
v 0.04323507 -0.00799669 0.09619970
v 0.04323507 -0.00799669 0.09619970
v 0.04366454 -0.00560655 0.05819972
v 0.04355737 -0.00605284 0.09617955
v 0.04366454 -0.00560655 0.05819972
v 0.04355737 -0.00605284 0.09617955
v 0.04366454 -0.00560655 0.05819972
v 0.04375483 -0.00434501 0.09619016
v 0.04375483 -0.00434501 0.09619016
v 0.04366454 -0.00560655 0.05819972
v 0.04394955 -0.00205399 0.09599240
v 0.04366454 -0.00560655 0.05819972
v 0.04399073 -0.00127625 0.05819990
v 0.04394955 -0.00205399 0.09599240
v 0.04394955 -0.00205399 0.09599240
v 0.04399073 -0.00127625 0.05819990
v 0.04397290 0.00061534 0.09623201
v 0.01254463 -0.00891267 0.09881420
v 0.01318092 -0.00795353 0.09881432
v 0.01112683 -0.01058865 0.09880597
v 0.01318092 -0.00795353 0.09881432
v 0.01423556 -0.00576750 0.09880955
v 0.01112683 -0.01058865 0.09880597
v 0.01423556 -0.00576750 0.09880955
v 0.01544171 -0.00014418 0.09881766
v 0.01112683 -0.01058865 0.09880597
v 0.01474785 -0.00430724 0.09881116
v 0.01510871 -0.00279897 0.09881164
v 0.01544171 -0.00014418 0.09881766
v 0.01474785 -0.00430724 0.09881116
v 0.00852339 -0.01282381 0.09880693
v 0.00240447 -0.01520674 0.09881026
v 0.00538451 -0.01442737 0.09881169
v 0.01512355 0.00310293 0.09882904
v 0.00852339 -0.01282381 0.09880693
v 0.01523722 0.00210098 0.09881479
v 0.01512355 0.00310293 0.09882904
v 0.01544171 -0.00014418 0.09881766
v 0.01544171 -0.00014418 0.09881766
v 0.01512355 0.00310293 0.09882904
v 0.01112683 -0.01058865 0.09880597
v 0.01474027 0.00460690 0.09883262
v 0.01436533 0.00564228 0.09882677
v 0.01495206 0.00387005 0.09883238
v 0.01512355 0.00310293 0.09882904
v 0.01356598 0.00721554 0.09880949
v 0.01436533 0.00564228 0.09882677
v 0.01356598 0.00721554 0.09880949
v 0.01495206 0.00387005 0.09883238
v 0.01495206 0.00387005 0.09883238
v 0.01356598 0.00721554 0.09880949
v 0.01512355 0.00310293 0.09882904
v 0.00240447 -0.01520674 0.09881026
v -0.01012561 -0.01159417 0.09881015
v -0.00242665 -0.01524156 0.09881402
v -0.00759423 -0.01339523 0.09881164
v 0.01214251 0.00953876 0.09883041
v 0.01160425 0.01016873 0.09882534
v 0.01282752 0.00845082 0.09880979
v 0.01282752 0.00845082 0.09880979
v 0.01012409 0.01159687 0.09881020
v 0.01356598 0.00721554 0.09880949
v 0.01160425 0.01016873 0.09882534
v 0.01012409 0.01159687 0.09881020
v 0.01282752 0.00845082 0.09880979
v -0.01160404 -0.01016666 0.09882475
v -0.01281453 -0.00849010 0.09881253
v -0.01214251 -0.00953876 0.09883041
v -0.01356673 -0.00725237 0.09881241
v -0.01012561 -0.01159417 0.09881015
v -0.01356673 -0.00725237 0.09881241
v -0.01160404 -0.01016666 0.09882475
v -0.01160404 -0.01016666 0.09882475
v -0.01356673 -0.00725237 0.09881241
v -0.01281453 -0.00849010 0.09881253
v -0.01436440 -0.00563950 0.09882612
v -0.01496040 -0.00349469 0.09880812
v -0.01474360 -0.00461099 0.09883458
v -0.01496040 -0.00349469 0.09880812
v -0.01356673 -0.00725237 0.09881241
v -0.01496040 -0.00349469 0.09880812
v -0.01436440 -0.00563950 0.09882612
v 0.00759693 0.01339254 0.09881140
v 0.00241864 0.01524097 0.09881307
v -0.01496040 -0.00349469 0.09880812
v -0.01529256 -0.00131261 0.09880180
v -0.01535456 -0.00207274 0.09885246
v -0.01529256 -0.00131261 0.09880180
v -0.00239955 0.01520941 0.09881116
v -0.01529256 -0.00131261 0.09880180
v -0.01451065 0.00504464 0.09881032
v -0.01504318 0.00317556 0.09881193
v -0.01371462 0.00697762 0.09881342
v -0.01451065 0.00504464 0.09881032
v -0.00852339 0.01282381 0.09880693
v -0.00538721 0.01442552 0.09881158
v -0.00852339 0.01282381 0.09880693
v -0.00239955 0.01520941 0.09881116
v -0.01278065 0.00859218 0.09881712
v -0.01371462 0.00697762 0.09881342
v -0.00852339 0.01282381 0.09880693
v -0.01132929 0.01042236 0.09881164
v -0.01278065 0.00859218 0.09881712
v 0.01574012 -0.00075363 0.09922756
v 0.01572654 -0.00121977 0.10580284
v 0.01568899 0.00152117 0.10580201
v 0.01571204 0.00060501 0.09909595
v 0.01574012 -0.00075363 0.09922756
v 0.01568899 0.00152117 0.10580201
v 0.01561216 0.00193399 0.09912826
v 0.01571204 0.00060501 0.09909595
v 0.01568899 0.00152117 0.10580201
v 0.01561216 0.00193399 0.09912826
v 0.01568899 0.00152117 0.10580201
v 0.01522719 0.00411703 0.10580553
v 0.01537618 0.00339383 0.09919418
v 0.01561216 0.00193399 0.09912826
v 0.01522719 0.00411703 0.10580553
v 0.01500141 0.00473064 0.09913207
v 0.01537618 0.00339383 0.09919418
v 0.01522719 0.00411703 0.10580553
v 0.01463288 0.00579173 0.09914041
v 0.01522719 0.00411703 0.10580553
v 0.01424108 0.00675596 0.10579974
v 0.01463288 0.00579173 0.09914041
v 0.01500141 0.00473064 0.09913207
v 0.01522719 0.00411703 0.10580553
v 0.01388026 0.00742429 0.09916742
v 0.01463288 0.00579173 0.09914041
v 0.01424108 0.00675596 0.10579974
v 0.01388026 0.00742429 0.09916742
v 0.01424108 0.00675596 0.10579974
v 0.01309907 0.00876755 0.10579885
v 0.01336106 0.00830740 0.09914936
v 0.01388026 0.00742429 0.09916742
v 0.01309907 0.00876755 0.10579885
v 0.01262786 0.00940355 0.09918357
v 0.01336106 0.00830740 0.09914936
v 0.01309907 0.00876755 0.10579885
v 0.01262786 0.00940355 0.09918357
v 0.01309907 0.00876755 0.10579885
v 0.01176638 0.01047780 0.10580141
v 0.01164163 0.01059606 0.09917177
v 0.01262786 0.00940355 0.09918357
v 0.01176638 0.01047780 0.10580141
v 0.01164163 0.01059606 0.09917177
v 0.01176638 0.01047780 0.10580141
v 0.00991559 0.01228626 0.10580994
v 0.01062977 0.01160960 0.09915687
v 0.01164163 0.01059606 0.09917177
v 0.00991559 0.01228626 0.10580994
v 0.00940545 0.01260633 0.09910346
v 0.01062977 0.01160960 0.09915687
v 0.00991559 0.01228626 0.10580994
v 0.00810555 0.01349377 0.09915687
v 0.00991559 0.01228626 0.10580994
v 0.00690648 0.01418161 0.10580702
v 0.00810555 0.01349377 0.09915687
v 0.00940545 0.01260633 0.09910346
v 0.00991559 0.01228626 0.10580994
v 0.00670835 0.01422650 0.09910358
v 0.00810555 0.01349377 0.09915687
v 0.00690648 0.01418161 0.10580702
v 0.00525647 0.01483763 0.09915692
v 0.00690648 0.01418161 0.10580702
v 0.00457175 0.01507761 0.10580183
v 0.00525647 0.01483763 0.09915692
v 0.00670835 0.01422650 0.09910358
v 0.00690648 0.01418161 0.10580702
v 0.00374247 0.01527722 0.09910370
v 0.00457175 0.01507761 0.10580183
v 0.00245290 0.01558198 0.10579921
v 0.00374247 0.01527722 0.09910370
v 0.00525647 0.01483763 0.09915692
v 0.00457175 0.01507761 0.10580183
v 0.00219564 0.01557499 0.09910370
v 0.00374247 0.01527722 0.09910370
v 0.00245290 0.01558198 0.10579921
v 0.00035454 0.01574428 0.09916485
v 0.00219564 0.01557499 0.09910370
v 0.00245290 0.01558198 0.10579921
v 0.00035454 0.01574428 0.09916485
v 0.00245290 0.01558198 0.10579921
v -0.00107449 0.01575179 0.10579885
v -0.00149988 0.01565750 0.09910412
v 0.00035454 0.01574428 0.09916485
v -0.00107449 0.01575179 0.10579885
v -0.00305012 0.01544349 0.09915824
v -0.00149988 0.01565750 0.09910412
v -0.00107449 0.01575179 0.10579885
v -0.00305012 0.01544349 0.09915824
v -0.00107449 0.01575179 0.10579885
v -0.00458852 0.01509186 0.10580803
v -0.00458595 0.01504596 0.09910406
v -0.00305012 0.01544349 0.09915824
v -0.00458852 0.01509186 0.10580803
v -0.00606311 0.01452688 0.09915812
v -0.00458595 0.01504596 0.09910406
v -0.00458852 0.01509186 0.10580803
v -0.00606311 0.01452688 0.09915812
v -0.00458852 0.01509186 0.10580803
v -0.00781963 0.01371614 0.10581071
v -0.00748865 0.01383200 0.09910388
v -0.00606311 0.01452688 0.09915812
v -0.00781963 0.01371614 0.10581071
v -0.00883435 0.01301338 0.09910382
v -0.00748865 0.01383200 0.09910388
v -0.00781963 0.01371614 0.10581071
v -0.00883435 0.01301338 0.09910382
v -0.00781963 0.01371614 0.10581071
v -0.01035750 0.01188195 0.10579951
v -0.01009181 0.01206445 0.09910364
v -0.00883435 0.01301338 0.09910382
v -0.01035750 0.01188195 0.10579951
v -0.01137552 0.01087969 0.09917677
v -0.01009181 0.01206445 0.09910364
v -0.01035750 0.01188195 0.10579951
v -0.01137552 0.01087969 0.09917677
v -0.01035750 0.01188195 0.10579951
v -0.01198471 0.01023815 0.10579819
v -0.01233406 0.00978646 0.09918816
v -0.01137552 0.01087969 0.09917677
v -0.01198471 0.01023815 0.10579819
v -0.01233406 0.00978646 0.09918816
v -0.01198471 0.01023815 0.10579819
v -0.01327153 0.00849098 0.10580189
v -0.01302097 0.00884363 0.09918834
v -0.01233406 0.00978646 0.09918816
v -0.01327153 0.00849098 0.10580189
v -0.01364875 0.00785078 0.09918858
v -0.01302097 0.00884363 0.09918834
v -0.01327153 0.00849098 0.10580189
v -0.01364875 0.00785078 0.09918858
v -0.01327153 0.00849098 0.10580189
v -0.01419463 0.00685383 0.10579891
v -0.01416345 0.00683555 0.09912843
v -0.01364875 0.00785078 0.09918858
v -0.01419463 0.00685383 0.10579891
v -0.01448692 0.00610653 0.09911246
v -0.01416345 0.00683555 0.09912843
v -0.01419463 0.00685383 0.10579891
v -0.01448692 0.00610653 0.09911246
v -0.01419463 0.00685383 0.10579891
v -0.01519419 0.00423989 0.10580439
v -0.01477314 0.00537727 0.09911246
v -0.01448692 0.00610653 0.09911246
v -0.01519419 0.00423989 0.10580439
v -0.01502265 0.00463464 0.09911246
v -0.01477314 0.00537727 0.09911246
v -0.01519419 0.00423989 0.10580439
v -0.01523490 0.00388046 0.09911246
v -0.01502265 0.00463464 0.09911246
v -0.01519419 0.00423989 0.10580439
v -0.01546005 0.00288411 0.09911866
v -0.01523490 0.00388046 0.09911246
v -0.01519419 0.00423989 0.10580439
v -0.01546005 0.00288411 0.09911866
v -0.01519419 0.00423989 0.10580439
v -0.01572654 0.00121977 0.10580284
v -0.01572262 0.00080821 0.09912486
v -0.01546005 0.00288411 0.09911866
v -0.01572654 0.00121977 0.10580284
v 0.00983160 -0.02889748 0.10679997
v 0.00581133 -0.01572874 0.10679985
v 0.00453100 -0.03021865 0.10680003
v -0.01188932 0.01181751 0.10679991
v -0.01469804 0.01631328 0.10679925
v -0.01563213 0.01512452 0.10679925
v 0.01728375 -0.00230594 0.10680003
v 0.01599869 -0.00500671 0.10679991
v 0.01658571 -0.00535855 0.10679997
v -0.01674161 -0.01455242 0.10679979
v -0.01871362 -0.01122016 0.10679991
v -0.01818581 -0.01441932 0.10679896
v -0.01369384 -0.00968483 0.10679985
v -0.01740311 -0.00973567 0.10679991
v 0.00283593 -0.01651958 0.10679985
v -0.01009628 0.01337985 0.10679991
v -0.01369384 0.00968484 0.10679985
v 0.01469812 0.01904177 0.10679931
v 0.00822849 0.01460421 0.10679991
v 0.01441784 0.01767756 0.10679979
v 0.01658672 -0.00237893 0.10679997
v -0.02042925 -0.01220893 0.10679991
v 0.00035606 0.02802639 0.10676856
v 0.00109368 0.03050828 0.10679997
v -0.00079645 0.02796236 0.10677440
v 0.02099554 -0.02215692 0.10679997
v 0.02065709 -0.01904186 0.10679925
v 0.01972299 -0.02023060 0.10679925
v -0.01704110 0.01445346 0.10679919
v -0.01740310 0.00973567 0.10679991
v 0.02832668 0.01137219 0.10679997
v 0.02848107 0.00816881 0.10679985
v 0.02966219 0.00720272 0.10679997
v -0.01972299 -0.01512435 0.10679925
v -0.01871362 0.01122016 0.10679991
v 0.02394829 -0.01892633 0.10679997
v -0.01663494 -0.00791087 0.10679991
v -0.02962240 0.00103454 0.10679991
v -0.03038733 0.00288407 0.10679997
v -0.03046555 -0.00218552 0.10680003
v 0.02753613 0.01008903 0.10679991
v -0.01514880 -0.00717739 0.10679991
v 0.01831403 -0.02090168 0.10679913
v 0.00581133 0.01572874 0.10679985
v -0.02065710 -0.01631344 0.10679937
v -0.02640909 -0.01530676 0.10679997
v -0.02394826 -0.01892637 0.10679997
v -0.00822849 0.01460421 0.10679991
v -0.01441784 0.01767757 0.10679979
v -0.00000000 -0.01678389 0.10679985
v -0.02237095 -0.01259870 0.10679991
v 0.01676037 -0.00000000 0.10679991
v 0.01761101 -0.02493176 0.10679997
v 0.01716927 0.02093576 0.10679890
v 0.01761102 0.02493175 0.10679997
v 0.01563214 0.02023078 0.10679925
v -0.00079645 0.02796236 0.10677440
v -0.00453108 0.03021873 0.10680003
v -0.00184792 0.02751831 0.10679979
v -0.00453108 0.03021873 0.10680003
v -0.00109368 -0.03050828 0.10679997
v 0.02093724 -0.01767752 0.10679967
v -0.01650698 -0.00579063 0.10679979
v 0.01737660 0.00121530 0.10679997
v -0.01599869 -0.00500671 0.10679991
v -0.01861360 0.01455242 0.10679979
v -0.02433538 -0.01234839 0.10679991
v -0.01469812 0.01904178 0.10679931
v 0.01386382 0.02719402 0.10679997
v 0.02613062 0.01147507 0.10679991
v -0.02042925 0.01220893 0.10679991
v 0.01674148 -0.02080267 0.10679979
v -0.00581133 0.01572874 0.10679985
v 0.01658672 0.00237893 0.10679997
v 0.02065710 -0.01631345 0.10679937
v 0.02753613 -0.01008904 0.10679991
v 0.02613062 -0.01147507 0.10679991
v 0.02832663 -0.01137215 0.10679997
v -0.00283593 -0.01651958 0.10679985
v -0.00559614 -0.03000665 0.10679997
v -0.02904924 0.00579574 0.10679997
v -0.00314689 0.02476806 0.10679919
v -0.01732997 -0.00202562 0.10680003
v -0.01658672 -0.00237893 0.10679997
v -0.01972299 0.01512435 0.10679925
v -0.02611705 -0.01148459 0.10679991
v 0.01666874 0.00510213 0.10679997
v -0.00184792 0.02751831 0.10679979
v -0.00453108 0.03021873 0.10680003
v -0.00275771 0.02646691 0.10679985
v 0.02640908 -0.01530677 0.10679997
v 0.02640909 0.01530676 0.10679997
v 0.02830780 -0.00862742 0.10679991
v 0.02435666 0.01234186 0.10679991
v 0.02966219 -0.00720273 0.10679997
v -0.02832668 -0.01137219 0.10679997
v 0.02435666 -0.01234186 0.10679991
v -0.02237095 0.01259870 0.10679991
v 0.01599869 0.00500671 0.10679991
v -0.00581133 -0.01572874 0.10679985
v -0.00983160 -0.02889747 0.10679997
v 0.01563213 -0.02023078 0.10679925
v -0.01676037 0.00000000 0.10679991
v -0.02966219 0.00720273 0.10679997
v -0.02762957 -0.00997451 0.10679985
v 0.01386382 -0.02719403 0.10679997
v -0.02065710 0.01631345 0.10679937
v 0.00983160 0.02889747 0.10679997
v 0.02907403 -0.00565143 0.10679997
v 0.02232004 -0.01259744 0.10679985
v 0.01648304 0.00676027 0.10679991
v -0.01728375 0.00230594 0.10680003
v 0.01514880 0.00717739 0.10679991
v 0.02232004 0.01259743 0.10679985
v -0.02828213 0.00868782 0.10679991
v -0.01658672 0.00237893 0.10679997
v 0.01469812 -0.01904178 0.10679931
v 0.03038733 -0.00288407 0.10679997
v -0.02842408 -0.00833765 0.10679985
v 0.01972299 -0.01512435 0.10679925
v -0.00983160 0.02889748 0.10679997
v 0.02012305 -0.01211853 0.10679979
v 0.01683905 0.00858552 0.10679991
v -0.02966219 -0.00720272 0.10679997
v 0.00214346 0.02268406 0.10679913
v 0.00283593 0.01651958 0.10679985
v 0.01369384 0.00968483 0.10679985
v 0.02961144 -0.00118921 0.10679997
v -0.02762957 0.00997451 0.10679985
v -0.02832663 0.01137215 0.10679997
v 0.01818581 -0.01441924 0.10679902
v 0.01780827 0.01030545 0.10679991
v 0.00307082 0.02435337 0.10679967
v 0.01972299 0.01512435 0.10679925
v 0.02082239 0.01232862 0.10679997
v -0.01599869 0.00500671 0.10679991
v -0.01386382 -0.02719402 0.10679997
v -0.01469812 -0.01904177 0.10679931
v -0.01563214 -0.02023078 0.10679925
v 0.00214346 0.02268406 0.10679913
v 0.00051108 0.02199045 0.10676385
v 0.00283593 0.01651958 0.10679985
v 0.02065836 0.01631875 0.10679937
v 0.00283593 0.01651958 0.10679985
v 0.00051108 0.02199045 0.10676385
v 0.00000000 0.01678389 0.10679985
v -0.01761102 -0.02493175 0.10679997
v -0.01650697 0.00579063 0.10679979
v -0.02611705 0.01148460 0.10679991
v -0.01386382 0.02719403 0.10679997
v -0.01704111 -0.02090167 0.10679913
v 0.01818581 0.01441923 0.10679902
v 0.01927455 0.01162760 0.10679991
v -0.00822849 -0.01460421 0.10679991
v -0.00030632 0.02196129 0.10677106
v 0.03046555 0.00218552 0.10680003
v 0.02394826 0.01892637 0.10679997
v -0.01563213 0.02023078 0.10679925
v 0.00302433 0.02573516 0.10679991
v 0.01813347 -0.01067955 0.10679991
v -0.02433537 0.01234839 0.10679991
v -0.02640908 0.01530677 0.10679997
v 0.00559614 0.03000665 0.10679997
v 0.01674161 -0.01455242 0.10679979
v -0.01441784 -0.01767756 0.10679979
v 0.02093724 0.01767752 0.10679967
v -0.01514879 0.00717740 0.10679991
v -0.01761101 0.02493176 0.10679997
v -0.01716927 0.02093577 0.10679890
v -0.01009628 -0.01337985 0.10679991
v 0.02941867 0.00346464 0.10679997
v -0.00030632 0.02196129 0.10677106
v -0.00162434 0.02231481 0.10679943
v 0.00000000 0.01678389 0.10679985
v -0.01861352 -0.02080271 0.10679979
v -0.02099554 -0.02215692 0.10679997
v 0.00000000 0.01678389 0.10679985
v -0.00162434 0.02231481 0.10679943
v -0.00283593 0.01651958 0.10679985
v -0.02394829 0.01892633 0.10679997
v 0.01674161 0.01455242 0.10679979
v -0.01469804 -0.01631327 0.10679925
v -0.02093724 0.01767752 0.10679967
v 0.02065710 0.01904186 0.10679925
v -0.01861352 0.02080271 0.10679979
v -0.02065709 0.01904186 0.10679925
v -0.02099554 0.02215692 0.10679997
v -0.01972299 0.02023060 0.10679925
v -0.01663493 0.00791088 0.10679991
v -0.01972300 -0.02023060 0.10679925
v 0.00251844 0.02684779 0.10679979
v 0.01563214 0.01512452 0.10679925
v 0.01188932 0.01181751 0.10679991
v 0.02099554 0.02215692 0.10679997
v -0.01188932 -0.01181751 0.10679991
v -0.01563214 -0.01512452 0.10679925
v 0.01972300 0.02023060 0.10679925
v -0.02938301 -0.00375519 0.10679997
v 0.01563213 -0.01512452 0.10679925
v 0.01188932 -0.01181751 0.10679991
v 0.01469804 -0.01631328 0.10679925
v 0.01469804 0.01631327 0.10679925
v 0.01009628 -0.01337985 0.10679991
v -0.00261175 0.02330712 0.10679991
v -0.02065710 -0.01904186 0.10679925
v 0.01369384 -0.00968484 0.10679985
v 0.01861352 0.02080271 0.10679979
v 0.01009628 0.01337985 0.10679991
v 0.01702804 -0.00904340 0.10679991
v 0.01441784 -0.01767757 0.10679979
v 0.00146714 0.02775749 0.10679979
v 0.00822849 -0.01460421 0.10679991
v 0.00109368 0.03050828 0.10679997
v 0.01648789 -0.00702272 0.10679979
v 0.01514879 -0.00717740 0.10679991
v -0.02093724 -0.01767752 0.10679967
v 0.00146714 0.02775749 0.10679979
v 0.00109368 0.03050828 0.10679997
v 0.00035606 0.02802639 0.10676856
v -0.03149570 0.00111087 0.09879965
v -0.03145486 -0.00176333 0.09879971
v -0.03152073 0.00044410 0.10579647
v -0.03152073 0.00044410 0.10579647
v -0.03145486 -0.00176333 0.09879971
v -0.03122726 -0.00438335 0.10580576
v -0.03145486 -0.00176333 0.09879971
v -0.03110273 -0.00513588 0.09879971
v -0.03122726 -0.00438335 0.10580576
v -0.03122726 -0.00438335 0.10580576
v -0.03110273 -0.00513588 0.09879971
v -0.03015661 -0.00918358 0.10580070
v -0.03110273 -0.00513588 0.09879971
v -0.03007139 -0.00945788 0.09879977
v -0.03015661 -0.00918358 0.10580070
v -0.03015661 -0.00918358 0.10580070
v -0.03007139 -0.00945788 0.09879977
v -0.02855962 -0.01334495 0.10580082
v -0.03007139 -0.00945788 0.09879977
v -0.02844317 -0.01359155 0.09879983
v -0.02855962 -0.01334495 0.10580082
v -0.02855962 -0.01334495 0.10580082
v -0.02844317 -0.01359155 0.09879983
v -0.02639231 -0.01723927 0.10580094
v -0.02625011 -0.01745541 0.09879989
v -0.02639231 -0.01723927 0.10580094
v -0.02625011 -0.01745541 0.09879989
v -0.02369706 -0.02078935 0.10580100
v -0.02625011 -0.01745541 0.09879989
v -0.02353518 -0.02097240 0.09879995
v -0.02369706 -0.02078935 0.10580100
v -0.02369706 -0.02078935 0.10580100
v -0.02353518 -0.02097240 0.09879995
v -0.02052817 -0.02392394 0.10580100
v -0.02035322 -0.02407301 0.09880001
v -0.02052817 -0.02392394 0.10580100
v -0.02035322 -0.02407301 0.09880001
v -0.01694873 -0.02658020 0.10580100
v -0.01676690 -0.02669518 0.09880025
v -0.01694873 -0.02658020 0.10580100
v -0.01676690 -0.02669518 0.09880025
v -0.01303021 -0.02870512 0.10580100
v -0.01676690 -0.02669518 0.09880025
v -0.01284755 -0.02878713 0.09880037
v -0.01303021 -0.02870512 0.10580100
v -0.01303021 -0.02870512 0.10580100
v -0.01284755 -0.02878713 0.09880037
v -0.00885127 -0.03025570 0.10580100
v -0.00867298 -0.03030737 0.09880037
v -0.00885127 -0.03025570 0.10580100
v -0.00867298 -0.03030737 0.09880037
v -0.00557009 -0.03100815 0.10580046
v -0.00867298 -0.03030737 0.09880037
v -0.00377037 -0.03131249 0.09880037
v -0.00557009 -0.03100815 0.10580046
v -0.00557009 -0.03100815 0.10580046
v -0.00377037 -0.03131249 0.09880037
v -0.00233785 -0.03143686 0.10579647
v -0.00233785 -0.03143686 0.10579647
v 0.00121821 -0.03150038 0.09880049
v 0.00101376 -0.03148795 0.10579980
v -0.00377037 -0.03131249 0.09880037
v 0.00121821 -0.03150038 0.09880049
v -0.00233785 -0.03143686 0.10579647
v 0.00101376 -0.03148795 0.10579980
v 0.00121821 -0.03150038 0.09880049
v 0.00428743 -0.03123089 0.10580052
v 0.00121821 -0.03150038 0.09880049
v 0.00563415 -0.03101650 0.09880049
v 0.00428743 -0.03123089 0.10580052
v 0.00428743 -0.03123089 0.10580052
v 0.00563415 -0.03101650 0.09880049
v 0.00864887 -0.03031428 0.10580070
v 0.00563415 -0.03101650 0.09880049
v 0.00993856 -0.02991634 0.09880049
v 0.00864887 -0.03031428 0.10580070
v 0.00864887 -0.03031428 0.10580070
v 0.00993856 -0.02991634 0.09880049
v 0.01283759 -0.02879161 0.10580082
v 0.00993856 -0.02991634 0.09880049
v 0.01404548 -0.02822207 0.09880055
v 0.01283759 -0.02879161 0.10580082
v 0.01283759 -0.02879161 0.10580082
v 0.01404548 -0.02822207 0.09880055
v 0.01676989 -0.02669303 0.10580088
v 0.01404548 -0.02822207 0.09880055
v 0.01787308 -0.02596738 0.09880055
v 0.01676989 -0.02669303 0.10580088
v 0.01676989 -0.02669303 0.10580088
v 0.01787308 -0.02596738 0.09880055
v 0.02036721 -0.02406122 0.10580100
v 0.01787308 -0.02596738 0.09880055
v 0.02134628 -0.02319712 0.09880055
v 0.02036721 -0.02406122 0.10580100
v 0.02036721 -0.02406122 0.10580100
v 0.02134628 -0.02319712 0.09880055
v 0.02355714 -0.02094817 0.10580100
v 0.02134628 -0.02319712 0.09880055
v 0.02439514 -0.01996576 0.09880055
v 0.02355714 -0.02094817 0.10580100
v 0.02355714 -0.02094817 0.10580100
v 0.02439514 -0.01996576 0.09880055
v 0.02627628 -0.01741617 0.10580100
v 0.02439514 -0.01996576 0.09880055
v 0.02695986 -0.01633818 0.09880055
v 0.02627628 -0.01741617 0.10580100
v 0.02627628 -0.01741617 0.10580100
v 0.02695986 -0.01633818 0.09880055
v 0.02846989 -0.01353618 0.10580100
v 0.02695986 -0.01633818 0.09880055
v 0.02898877 -0.01238612 0.09880055
v 0.02846989 -0.01353618 0.10580100
v 0.02846989 -0.01353618 0.10580100
v 0.02898877 -0.01238612 0.09880055
v 0.03009453 -0.00938518 0.10580100
v 0.02898877 -0.01238612 0.09880055
v 0.03044215 -0.00818753 0.09880049
v 0.03009453 -0.00938518 0.10580100
v 0.03009453 -0.00938518 0.10580100
v 0.03044215 -0.00818753 0.09880049
v 0.03111756 -0.00504628 0.10580100
v 0.03044215 -0.00818753 0.09880049
v 0.03129078 -0.00382699 0.09880049
v 0.03111756 -0.00504628 0.10580100
v 0.03111756 -0.00504628 0.10580100
v 0.03129078 -0.00382699 0.09880049
v 0.03154405 -0.00000000 0.10578997
v 0.03129078 -0.00382699 0.09880049
v 0.03150974 -0.00000000 0.09880562
v 0.03154405 -0.00000000 0.10578997
v -0.03242681 0.00284394 0.09780003
v -0.03241375 -0.00267948 0.09779997
v -0.03149570 0.00111087 0.09879965
v -0.03149570 0.00111087 0.09879965
v -0.03241375 -0.00267948 0.09779997
v -0.03145486 -0.00176333 0.09879971
v -0.03145486 -0.00176333 0.09879971
v -0.03241375 -0.00267948 0.09779997
v -0.03110273 -0.00513588 0.09879971
v -0.03241375 -0.00267948 0.09779997
v -0.03172228 -0.00717815 0.09779997
v -0.03110273 -0.00513588 0.09879971
v -0.03110273 -0.00513588 0.09879971
v -0.03172228 -0.00717815 0.09779997
v -0.03007139 -0.00945788 0.09879977
v -0.03172228 -0.00717815 0.09779997
v -0.03040979 -0.01153651 0.09779997
v -0.03007139 -0.00945788 0.09879977
v -0.03007139 -0.00945788 0.09879977
v -0.03040979 -0.01153651 0.09779997
v -0.02844317 -0.01359155 0.09879983
v -0.03040979 -0.01153651 0.09779997
v -0.02850139 -0.01566918 0.09779997
v -0.02844317 -0.01359155 0.09879983
v -0.02844317 -0.01359155 0.09879983
v -0.02850139 -0.01566918 0.09779997
v -0.02625011 -0.01745541 0.09879989
v -0.02850139 -0.01566918 0.09779997
v -0.02603440 -0.01949489 0.09779997
v -0.02625011 -0.01745541 0.09879989
v -0.02625011 -0.01745541 0.09879989
v -0.02603440 -0.01949489 0.09779997
v -0.02353518 -0.02097240 0.09879995
v -0.02603440 -0.01949489 0.09779997
v -0.02305793 -0.02293886 0.09779997
v -0.02353518 -0.02097240 0.09879995
v -0.02353518 -0.02097240 0.09879995
v -0.02305793 -0.02293886 0.09779997
v -0.02035322 -0.02407301 0.09880001
v -0.02305793 -0.02293886 0.09779997
v -0.01962943 -0.02593350 0.09779997
v -0.02035322 -0.02407301 0.09880001
v -0.02035322 -0.02407301 0.09880001
v -0.01962943 -0.02593350 0.09779997
v -0.01676690 -0.02669518 0.09880025
v -0.01962943 -0.02593350 0.09779997
v -0.01581607 -0.02842033 0.09779997
v -0.01676690 -0.02669518 0.09880025
v -0.01676690 -0.02669518 0.09880025
v -0.01581607 -0.02842033 0.09779997
v -0.01284755 -0.02878713 0.09880037
v -0.01581607 -0.02842033 0.09779997
v -0.01169268 -0.03035015 0.09779997
v -0.01284755 -0.02878713 0.09880037
v -0.01284755 -0.02878713 0.09880037
v -0.01169268 -0.03035015 0.09779997
v -0.00867298 -0.03030737 0.09880037
v -0.01169268 -0.03035015 0.09779997
v -0.00734034 -0.03168562 0.09779997
v -0.00867298 -0.03030737 0.09880037
v -0.00867298 -0.03030737 0.09880037
v -0.00734034 -0.03168562 0.09779997
v -0.00377037 -0.03131249 0.09880037
v -0.00734034 -0.03168562 0.09779997
v -0.00284382 -0.03240013 0.09779997
v -0.00377037 -0.03131249 0.09880037
v -0.00377037 -0.03131249 0.09880037
v -0.00284382 -0.03240013 0.09779997
v 0.00121821 -0.03150038 0.09880049
v -0.00284382 -0.03240013 0.09779997
v 0.00170783 -0.03248000 0.09779997
v 0.00121821 -0.03150038 0.09880049
v 0.00121821 -0.03150038 0.09880049
v 0.00170783 -0.03248000 0.09779997
v 0.00563415 -0.03101650 0.09880049
v 0.00170783 -0.03248000 0.09779997
v 0.00622640 -0.03192324 0.09779997
v 0.00563415 -0.03101650 0.09880049
v 0.00563415 -0.03101650 0.09880049
v 0.00622640 -0.03192324 0.09779997
v 0.00993856 -0.02991634 0.09880049
v 0.00622640 -0.03192324 0.09779997
v 0.01062294 -0.03074115 0.09779997
v 0.00993856 -0.02991634 0.09880049
v 0.00993856 -0.02991634 0.09880049
v 0.01062294 -0.03074115 0.09779997
v 0.01404548 -0.02822207 0.09880055
v 0.01062294 -0.03074115 0.09779997
v 0.01481108 -0.02895665 0.09779997
v 0.01404548 -0.02822207 0.09880055
v 0.01404548 -0.02822207 0.09880055
v 0.01481108 -0.02895665 0.09779997
v 0.01787308 -0.02596738 0.09880055
v 0.01481108 -0.02895665 0.09779997
v 0.01870906 -0.02660486 0.09779997
v 0.01787308 -0.02596738 0.09880055
v 0.01787308 -0.02596738 0.09880055
v 0.01870906 -0.02660486 0.09779997
v 0.02134628 -0.02319712 0.09880055
v 0.01870906 -0.02660486 0.09779997
v 0.02224055 -0.02373187 0.09779997
v 0.02134628 -0.02319712 0.09880055
v 0.02134628 -0.02319712 0.09880055
v 0.02224055 -0.02373187 0.09779997
v 0.02439514 -0.01996576 0.09880055
v 0.02224055 -0.02373187 0.09779997
v 0.02533619 -0.02039448 0.09779997
v 0.02439514 -0.01996576 0.09880055
v 0.02439514 -0.01996576 0.09880055
v 0.02533619 -0.02039448 0.09779997
v 0.02695986 -0.01633818 0.09880055
v 0.02533619 -0.02039448 0.09779997
v 0.02793535 -0.01665736 0.09779997
v 0.02695986 -0.01633818 0.09880055
v 0.02695986 -0.01633818 0.09880055
v 0.02793535 -0.01665736 0.09779997
v 0.02898877 -0.01238612 0.09880055
v 0.02793535 -0.01665736 0.09779997
v 0.02998727 -0.01259411 0.09779997
v 0.02898877 -0.01238612 0.09880055
v 0.02898877 -0.01238612 0.09880055
v 0.02998727 -0.01259411 0.09779997
v 0.03044215 -0.00818753 0.09880049
v 0.02998727 -0.01259411 0.09779997
v 0.03145162 -0.00828426 0.09779997
v 0.03044215 -0.00818753 0.09880049
v 0.03044215 -0.00818753 0.09880049
v 0.03145162 -0.00828426 0.09779997
v 0.03129078 -0.00382699 0.09880049
v 0.03145162 -0.00828426 0.09779997
v 0.03242681 -0.00284394 0.09780003
v 0.03129078 -0.00382699 0.09880049
v 0.03129078 -0.00382699 0.09880049
v 0.03242681 -0.00284394 0.09780003
v 0.03150974 -0.00000000 0.09880562
v -0.03145162 0.00828426 0.09779997
v -0.04110691 0.00977824 0.09778644
v -0.04175239 0.00647599 0.09778614
v 0.04193619 -0.00519368 0.09778644
v 0.03242681 -0.00284394 0.09780003
v 0.04103724 -0.00998388 0.09778876
v 0.03145162 -0.00828426 0.09779997
v -0.02850139 -0.01566918 0.09779997
v -0.04004620 -0.01377236 0.09778578
v -0.03556271 -0.02298870 0.09778477
v -0.00738008 0.04169622 0.09778334
v -0.01208509 0.04048879 0.09778644
v -0.00622640 0.03192324 0.09779997
v -0.01062294 0.03074115 0.09779997
v -0.03040979 -0.01153651 0.09779997
v 0.01581607 0.02842033 0.09779997
v 0.01815982 0.03823418 0.09778232
v 0.01169268 0.03035015 0.09779997
v 0.00622640 -0.03192324 0.09779997
v 0.00170783 -0.03248000 0.09779997
v 0.00738008 -0.04169622 0.09778334
v 0.04219173 0.00370500 0.09777893
v 0.01815982 0.03823418 0.09778232
v 0.01614865 0.03919555 0.09776832
v 0.01169268 0.03035015 0.09779997
v -0.03980011 0.01445679 0.09778334
v -0.01208509 0.04048879 0.09778644
v -0.01390744 0.04002702 0.09777213
v -0.01062294 0.03074115 0.09779997
v -0.00384261 -0.04216606 0.09778590
v 0.01614865 0.03919555 0.09776832
v 0.01431017 0.03989844 0.09776826
v -0.02998727 0.01259411 0.09779997
v -0.03172228 -0.00717815 0.09779997
v 0.01258686 0.04045764 0.09777541
v 0.00734034 0.03168562 0.09779997
v -0.01647583 0.03891608 0.09778506
v -0.01481108 0.02895665 0.09779997
v 0.03241375 0.00267948 0.09779997
v -0.04125573 -0.00959831 0.09777589
v -0.01390744 0.04002702 0.09777213
v -0.01647583 0.03891608 0.09778506
v -0.01062294 0.03074115 0.09779997
v -0.00284382 -0.03240013 0.09779997
v -0.02793535 0.01665736 0.09779997
v 0.04193766 0.00618863 0.09776826
v -0.02403204 0.03484380 0.09778232
v -0.03484726 0.02404250 0.09778506
v -0.03172228 -0.00717815 0.09779997
v -0.04160559 -0.00810358 0.09776820
v -0.04125573 -0.00959831 0.09777589
v 0.03484726 -0.02404250 0.09778506
v 0.02533619 -0.02039448 0.09779997
v 0.02870554 -0.03117130 0.09777332
v 0.02224055 -0.02373187 0.09779997
v 0.00384261 0.04216606 0.09778590
v 0.02739793 -0.03234227 0.09776826
v 0.03172228 0.00717815 0.09779997
v 0.04160559 0.00810358 0.09776820
v -0.01870906 0.02660486 0.09779997
v -0.00734034 -0.03168562 0.09779997
v -0.04193766 -0.00618863 0.09776826
v -0.04160559 -0.00810358 0.09776820
v -0.03241375 -0.00267948 0.09779997
v 0.00284382 0.03240013 0.09779997
v 0.02587007 -0.03358286 0.09776832
v 0.04125573 0.00959831 0.09777589
v 0.03172228 0.00717815 0.09779997
v 0.04160559 0.00810358 0.09776820
v -0.01258686 -0.04045764 0.09777541
v -0.02533619 0.02039448 0.09779997
v -0.02403204 0.03484380 0.09778232
v -0.02587007 0.03358286 0.09776832
v -0.01870906 0.02660486 0.09779997
v -0.02587007 0.03358286 0.09776832
v -0.02224055 0.02373187 0.09779997
v -0.04219173 -0.00370500 0.09777893
v 0.04004620 0.01377236 0.09778578
v 0.04125573 0.00959831 0.09777589
v 0.01870906 -0.02660486 0.09779997
v -0.02739793 0.03234227 0.09776826
v 0.03040979 0.01153651 0.09779997
v -0.02870554 0.03117130 0.09777332
v -0.01169268 -0.03035015 0.09779997
v -0.01431017 -0.03989844 0.09776826
v 0.02587007 -0.03358286 0.09776832
v 0.01870906 -0.02660486 0.09779997
v 0.02403204 -0.03484380 0.09778232
v -0.01614865 -0.03919555 0.09776832
v 0.02793535 -0.01665736 0.09779997
v -0.03242681 0.00284394 0.09780003
v -0.00170783 0.03248000 0.09779997
v -0.01614865 -0.03919555 0.09776832
v -0.01169268 -0.03035015 0.09779997
v -0.01815982 -0.03823418 0.09778232
v 0.02850139 0.01566918 0.09779997
v -0.01581607 -0.02842033 0.09779997
v -0.01815982 -0.03823418 0.09778232
v 0.03556271 0.02298870 0.09778477
v 0.01481108 -0.02895665 0.09779997
v 0.02403204 -0.03484380 0.09778232
v 0.03980011 -0.01445679 0.09778334
v 0.02603440 0.01949489 0.09779997
v -0.01962943 -0.02593350 0.09779997
v -0.02523437 -0.03389124 0.09778506
v 0.02998727 -0.01259411 0.09779997
v 0.01641392 -0.03893281 0.09778644
v -0.02523437 -0.03389124 0.09778506
v -0.01962943 -0.02593350 0.09779997
v -0.02759464 -0.03218046 0.09776718
v -0.02759464 -0.03218046 0.09776718
v -0.01962943 -0.02593350 0.09779997
v -0.02892353 -0.03078498 0.09778840
v -0.02305793 -0.02293886 0.09779997
v -0.02892353 -0.03078498 0.09778840
v 0.02305793 0.02293886 0.09779997
v 0.02892353 0.03078498 0.09778840
v 0.01062294 -0.03074115 0.09779997
v -0.04225099 0.00307583 0.09777922
v 0.01187221 -0.04053106 0.09778876
v -0.02603440 -0.01949489 0.09779997
v 0.01962943 0.02593350 0.09779997
v 0.02892353 0.03078498 0.09778840
v 0.02759464 0.03218046 0.09776718
v 0.01962943 0.02593350 0.09779997
v 0.02759464 0.03218046 0.09776718
v 0.02523437 0.03389124 0.09778506
v 0.01962943 0.02593350 0.09779997
v 0.02523437 0.03389124 0.09778506
v -0.01572654 0.00121977 0.10580284
v -0.01658672 0.00237893 0.10679997
v -0.01676037 0.00000000 0.10679991
v -0.01519419 0.00423989 0.10580439
v -0.01658672 0.00237893 0.10679997
v -0.01572654 0.00121977 0.10580284
v -0.01519419 0.00423989 0.10580439
v -0.01599869 0.00500671 0.10679991
v -0.01658672 0.00237893 0.10679997
v -0.01599869 0.00500671 0.10679991
v -0.01519419 0.00423989 0.10580439
v -0.01419463 0.00685383 0.10579891
v -0.01419463 0.00685383 0.10579891
v -0.01514879 0.00717740 0.10679991
v -0.01599869 0.00500671 0.10679991
v -0.01327153 0.00849098 0.10580189
v -0.01514879 0.00717740 0.10679991
v -0.01419463 0.00685383 0.10579891
v -0.01327153 0.00849098 0.10580189
v -0.01369384 0.00968484 0.10679985
v -0.01514879 0.00717740 0.10679991
v -0.01369384 0.00968484 0.10679985
v -0.01327153 0.00849098 0.10580189
v -0.01198471 0.01023815 0.10579819
v -0.01198471 0.01023815 0.10579819
v -0.01188932 0.01181751 0.10679991
v -0.01369384 0.00968484 0.10679985
v -0.01188932 0.01181751 0.10679991
v -0.01198471 0.01023815 0.10579819
v -0.01035750 0.01188195 0.10579951
v -0.01035750 0.01188195 0.10579951
v -0.01009628 0.01337985 0.10679991
v -0.01188932 0.01181751 0.10679991
v -0.01009628 0.01337985 0.10679991
v -0.01035750 0.01188195 0.10579951
v -0.00781963 0.01371614 0.10581071
v -0.00822849 0.01460421 0.10679991
v -0.01009628 0.01337985 0.10679991
v -0.00781963 0.01371614 0.10581071
v -0.00581133 0.01572874 0.10679985
v -0.00822849 0.01460421 0.10679991
v -0.00781963 0.01371614 0.10581071
v -0.00581133 0.01572874 0.10679985
v -0.00781963 0.01371614 0.10581071
v -0.00458852 0.01509186 0.10580803
v -0.00458852 0.01509186 0.10580803
v -0.00283593 0.01651958 0.10679985
v -0.00581133 0.01572874 0.10679985
v -0.00283593 0.01651958 0.10679985
v -0.00458852 0.01509186 0.10580803
v -0.00107449 0.01575179 0.10579885
v 0.00000000 0.01678389 0.10679985
v -0.00283593 0.01651958 0.10679985
v -0.00107449 0.01575179 0.10579885
v 0.00000000 0.01678389 0.10679985
v -0.00107449 0.01575179 0.10579885
v 0.00245290 0.01558198 0.10579921
v 0.00283593 0.01651958 0.10679985
v 0.00000000 0.01678389 0.10679985
v 0.00245290 0.01558198 0.10579921
v 0.00457175 0.01507761 0.10580183
v 0.00581133 0.01572874 0.10679985
v 0.00283593 0.01651958 0.10679985
v 0.00457175 0.01507761 0.10580183
v 0.00283593 0.01651958 0.10679985
v 0.00245290 0.01558198 0.10579921
v 0.00581133 0.01572874 0.10679985
v 0.00457175 0.01507761 0.10580183
v 0.00690648 0.01418161 0.10580702
v 0.00690648 0.01418161 0.10580702
v 0.00822849 0.01460421 0.10679991
v 0.00581133 0.01572874 0.10679985
v 0.00822849 0.01460421 0.10679991
v 0.00690648 0.01418161 0.10580702
v 0.00991559 0.01228626 0.10580994
v 0.01009628 0.01337985 0.10679991
v 0.00822849 0.01460421 0.10679991
v 0.00991559 0.01228626 0.10580994
v 0.01188932 0.01181751 0.10679991
v 0.01009628 0.01337985 0.10679991
v 0.00991559 0.01228626 0.10580994
v 0.01176638 0.01047780 0.10580141
v 0.01188932 0.01181751 0.10679991
v 0.00991559 0.01228626 0.10580994
v 0.01369384 0.00968483 0.10679985
v 0.01176638 0.01047780 0.10580141
v 0.01309907 0.00876755 0.10579885
v 0.01369384 0.00968483 0.10679985
v 0.01188932 0.01181751 0.10679991
v 0.01176638 0.01047780 0.10580141
v 0.01514880 0.00717739 0.10679991
v 0.01309907 0.00876755 0.10579885
v 0.01424108 0.00675596 0.10579974
v 0.01514880 0.00717739 0.10679991
v 0.01369384 0.00968483 0.10679985
v 0.01309907 0.00876755 0.10579885
v 0.01599869 0.00500671 0.10679991
v 0.01424108 0.00675596 0.10579974
v 0.01522719 0.00411703 0.10580553
v 0.01599869 0.00500671 0.10679991
v 0.01514880 0.00717739 0.10679991
v 0.01424108 0.00675596 0.10579974
v 0.01522719 0.00411703 0.10580553
v 0.01658672 0.00237893 0.10679997
v 0.01599869 0.00500671 0.10679991
v 0.01658672 0.00237893 0.10679997
v 0.01522719 0.00411703 0.10580553
v 0.01568899 0.00152117 0.10580201
v 0.01568899 0.00152117 0.10580201
v 0.01676037 -0.00000000 0.10679991
v 0.01658672 0.00237893 0.10679997
v 0.01676037 -0.00000000 0.10679991
v 0.01568899 0.00152117 0.10580201
v 0.01572654 -0.00121977 0.10580284
v -0.03152073 0.00044410 0.10579647
v -0.03122726 -0.00438335 0.10580576
v -0.03046555 -0.00218552 0.10680003
v -0.03046555 -0.00218552 0.10680003
v -0.03122726 -0.00438335 0.10580576
v -0.02966219 -0.00720272 0.10679997
v -0.03122726 -0.00438335 0.10580576
v -0.03015661 -0.00918358 0.10580070
v -0.02966219 -0.00720272 0.10679997
v -0.02966219 -0.00720272 0.10679997
v -0.03015661 -0.00918358 0.10580070
v -0.02832668 -0.01137219 0.10679997
v -0.03015661 -0.00918358 0.10580070
v -0.02855962 -0.01334495 0.10580082
v -0.02832668 -0.01137219 0.10679997
v -0.02832668 -0.01137219 0.10679997
v -0.02855962 -0.01334495 0.10580082
v -0.02640909 -0.01530676 0.10679997
v -0.02855962 -0.01334495 0.10580082
v -0.02639231 -0.01723927 0.10580094
v -0.02640909 -0.01530676 0.10679997
v -0.02640909 -0.01530676 0.10679997
v -0.02639231 -0.01723927 0.10580094
v -0.02394826 -0.01892637 0.10679997
v -0.02639231 -0.01723927 0.10580094
v -0.02369706 -0.02078935 0.10580100
v -0.02394826 -0.01892637 0.10679997
v -0.02394826 -0.01892637 0.10679997
v -0.02369706 -0.02078935 0.10580100
v -0.02099554 -0.02215692 0.10679997
v -0.02369706 -0.02078935 0.10580100
v -0.02052817 -0.02392394 0.10580100
v -0.02099554 -0.02215692 0.10679997
v -0.02099554 -0.02215692 0.10679997
v -0.02052817 -0.02392394 0.10580100
v -0.01761102 -0.02493175 0.10679997
v -0.02052817 -0.02392394 0.10580100
v -0.01694873 -0.02658020 0.10580100
v -0.01761102 -0.02493175 0.10679997
v -0.01761102 -0.02493175 0.10679997
v -0.01694873 -0.02658020 0.10580100
v -0.01386382 -0.02719402 0.10679997
v -0.01694873 -0.02658020 0.10580100
v -0.01303021 -0.02870512 0.10580100
v -0.01386382 -0.02719402 0.10679997
v -0.01386382 -0.02719402 0.10679997
v -0.01303021 -0.02870512 0.10580100
v -0.00983160 -0.02889747 0.10679997
v -0.01303021 -0.02870512 0.10580100
v -0.00885127 -0.03025570 0.10580100
v -0.00983160 -0.02889747 0.10679997
v -0.00983160 -0.02889747 0.10679997
v -0.00885127 -0.03025570 0.10580100
v -0.00559614 -0.03000665 0.10679997
v -0.00885127 -0.03025570 0.10580100
v -0.00557009 -0.03100815 0.10580046
v -0.00559614 -0.03000665 0.10679997
v -0.00557009 -0.03100815 0.10580046
v -0.00233785 -0.03143686 0.10579647
v -0.00559614 -0.03000665 0.10679997
v -0.00559614 -0.03000665 0.10679997
v -0.00233785 -0.03143686 0.10579647
v -0.00109368 -0.03050828 0.10679997
v -0.00233785 -0.03143686 0.10579647
v 0.00101376 -0.03148795 0.10579980
v -0.00109368 -0.03050828 0.10679997
v -0.00109368 -0.03050828 0.10679997
v 0.00101376 -0.03148795 0.10579980
v 0.00453100 -0.03021865 0.10680003
v 0.00101376 -0.03148795 0.10579980
v 0.00428743 -0.03123089 0.10580052
v 0.00453100 -0.03021865 0.10680003
v 0.00428743 -0.03123089 0.10580052
v 0.00864887 -0.03031428 0.10580070
v 0.00453100 -0.03021865 0.10680003
v 0.00453100 -0.03021865 0.10680003
v 0.00864887 -0.03031428 0.10580070
v 0.00983160 -0.02889748 0.10679997
v 0.00864887 -0.03031428 0.10580070
v 0.01283759 -0.02879161 0.10580082
v 0.00983160 -0.02889748 0.10679997
v 0.00983160 -0.02889748 0.10679997
v 0.01283759 -0.02879161 0.10580082
v 0.01386382 -0.02719403 0.10679997
v 0.01283759 -0.02879161 0.10580082
v 0.01676989 -0.02669303 0.10580088
v 0.01386382 -0.02719403 0.10679997
v 0.01386382 -0.02719403 0.10679997
v 0.01676989 -0.02669303 0.10580088
v 0.01761101 -0.02493176 0.10679997
v 0.01676989 -0.02669303 0.10580088
v 0.02036721 -0.02406122 0.10580100
v 0.01761101 -0.02493176 0.10679997
v 0.01761101 -0.02493176 0.10679997
v 0.02036721 -0.02406122 0.10580100
v 0.02099554 -0.02215692 0.10679997
v 0.02036721 -0.02406122 0.10580100
v 0.02355714 -0.02094817 0.10580100
v 0.02099554 -0.02215692 0.10679997
v 0.02099554 -0.02215692 0.10679997
v 0.02355714 -0.02094817 0.10580100
v 0.02394829 -0.01892633 0.10679997
v 0.02355714 -0.02094817 0.10580100
v 0.02627628 -0.01741617 0.10580100
v 0.02394829 -0.01892633 0.10679997
v 0.02394829 -0.01892633 0.10679997
v 0.02627628 -0.01741617 0.10580100
v 0.02640908 -0.01530677 0.10679997
v 0.02627628 -0.01741617 0.10580100
v 0.02846989 -0.01353618 0.10580100
v 0.02640908 -0.01530677 0.10679997
v 0.02640908 -0.01530677 0.10679997
v 0.02846989 -0.01353618 0.10580100
v 0.02832663 -0.01137215 0.10679997
v 0.02846989 -0.01353618 0.10580100
v 0.03009453 -0.00938518 0.10580100
v 0.02832663 -0.01137215 0.10679997
v 0.02832663 -0.01137215 0.10679997
v 0.03009453 -0.00938518 0.10580100
v 0.02966219 -0.00720273 0.10679997
v 0.03009453 -0.00938518 0.10580100
v 0.03111756 -0.00504628 0.10580100
v 0.02966219 -0.00720273 0.10679997
v 0.02966219 -0.00720273 0.10679997
v 0.03111756 -0.00504628 0.10580100
v 0.03038733 -0.00288407 0.10679997
v 0.03111756 -0.00504628 0.10580100
v 0.03154405 -0.00000000 0.10578997
v 0.03038733 -0.00288407 0.10679997
v 0.03038733 -0.00288407 0.10679997
v 0.03154405 -0.00000000 0.10578997
v 0.03046555 0.00218552 0.10680003
v 0.01512355 0.00310293 0.09882904
v 0.01534394 0.00312430 0.09900309
v 0.01511428 0.00409068 0.09900011
v 0.01511428 0.00409068 0.09900011
v 0.01534394 0.00312430 0.09900309
v 0.01537618 0.00339383 0.09919418
v 0.01540497 0.00204197 0.09888537
v 0.01548260 0.00234239 0.09900309
v 0.01534394 0.00312430 0.09900309
v 0.01534394 0.00312430 0.09900309
v 0.01548260 0.00234239 0.09900309
v 0.01537618 0.00339383 0.09919418
v 0.01548260 0.00234239 0.09900309
v 0.01540497 0.00204197 0.09888537
v 0.01561216 0.00193399 0.09912826
v -0.01546005 0.00288411 0.09911866
v -0.01516203 0.00341764 0.09888876
v -0.01523490 0.00388046 0.09911246
v -0.01523490 0.00388046 0.09911246
v -0.01497262 0.00417081 0.09888888
v -0.01502265 0.00463464 0.09911246
v -0.01502265 0.00463464 0.09911246
v -0.01474570 0.00491360 0.09888894
v -0.01477314 0.00537727 0.09911246
v -0.01477314 0.00537727 0.09911246
v -0.01448182 0.00564439 0.09888918
v -0.01448692 0.00610653 0.09911246
v -0.01448692 0.00610653 0.09911246
v -0.01413099 0.00645209 0.09888137
v -0.01416345 0.00683555 0.09912843
v -0.01416345 0.00683555 0.09912843
v -0.01379929 0.00734526 0.09896244
v -0.01364875 0.00785078 0.09918858
v -0.01379929 0.00734526 0.09896244
v -0.01319019 0.00847252 0.09902448
v -0.01364875 0.00785078 0.09918858
v -0.01319019 0.00847252 0.09902448
v -0.01302097 0.00884363 0.09918834
v -0.01364875 0.00785078 0.09918858
v -0.01319019 0.00847252 0.09902448
v -0.01233406 0.00978646 0.09918816
v -0.01302097 0.00884363 0.09918834
v -0.01319019 0.00847252 0.09902448
v -0.01226262 0.00976197 0.09901960
v -0.01233406 0.00978646 0.09918816
v -0.01319019 0.00847252 0.09902448
v -0.01296471 0.00866109 0.09892715
v -0.01226262 0.00976197 0.09901960
v -0.01226262 0.00976197 0.09901960
v -0.01126828 0.01089632 0.09902186
v -0.01137552 0.01087969 0.09917677
v -0.01226262 0.00976197 0.09901960
v -0.01137552 0.01087969 0.09917677
v -0.01233406 0.00978646 0.09918816
v 0.01160425 0.01016873 0.09882534
v 0.01214251 0.00953876 0.09883041
v 0.01228829 0.00968310 0.09897841
v 0.01228829 0.00968310 0.09897841
v 0.01262786 0.00940355 0.09918357
v 0.01169088 0.01041253 0.09899146
v 0.01214251 0.00953876 0.09883041
v 0.01295733 0.00856614 0.09887768
v 0.01228829 0.00968310 0.09897841
v 0.01297781 0.00877830 0.09901548
v 0.01262786 0.00940355 0.09918357
v 0.01228829 0.00968310 0.09897841
v 0.01372411 0.00727412 0.09887875
v 0.01439028 0.00609241 0.09896089
v 0.01409925 0.00681906 0.09900386
v 0.01372411 0.00727412 0.09887875
v 0.01436533 0.00564228 0.09882677
v 0.01439028 0.00609241 0.09896089
v 0.01372411 0.00727412 0.09887875
v 0.01356598 0.00721554 0.09880949
v 0.01436533 0.00564228 0.09882677
v 0.01436533 0.00564228 0.09882677
v 0.01474027 0.00460690 0.09883262
v 0.01472286 0.00527733 0.09898133
v 0.01474027 0.00460690 0.09883262
v 0.01495206 0.00387005 0.09883238
v 0.01511428 0.00409068 0.09900011
v 0.01495206 0.00387005 0.09883238
v 0.01512355 0.00310293 0.09882904
v 0.01523722 0.00210098 0.09881479
v 0.01540497 0.00204197 0.09888537
v 0.01512355 0.00310293 0.09882904
v 0.01540497 0.00204197 0.09888537
v 0.01534394 0.00312430 0.09900309
v -0.01572262 0.00080821 0.09912486
v -0.01571204 -0.00060501 0.09909595
v -0.01549900 0.00045114 0.09884883
v -0.01532885 0.00260758 0.09889168
v -0.01516203 0.00341764 0.09888876
v -0.01546005 0.00288411 0.09911866
v -0.01504318 0.00317556 0.09881193
v -0.01549900 0.00045114 0.09884883
v -0.01529256 -0.00131261 0.09880180
v -0.01516203 0.00341764 0.09888876
v -0.01532885 0.00260758 0.09889168
v -0.01504318 0.00317556 0.09881193
v -0.01532885 0.00260758 0.09889168
v -0.01549900 0.00045114 0.09884883
v -0.01504318 0.00317556 0.09881193
v -0.01532885 0.00260758 0.09889168
v -0.01572262 0.00080821 0.09912486
v -0.01549900 0.00045114 0.09884883
v -0.01546005 0.00288411 0.09911866
v -0.01572262 0.00080821 0.09912486
v -0.01532885 0.00260758 0.09889168
v -0.01516203 0.00341764 0.09888876
v -0.01497262 0.00417081 0.09888888
v -0.01523490 0.00388046 0.09911246
v -0.01497262 0.00417081 0.09888888
v -0.01516203 0.00341764 0.09888876
v -0.01504318 0.00317556 0.09881193
v -0.01497262 0.00417081 0.09888888
v -0.01504318 0.00317556 0.09881193
v -0.01451065 0.00504464 0.09881032
v -0.01497262 0.00417081 0.09888888
v -0.01474570 0.00491360 0.09888894
v -0.01502265 0.00463464 0.09911246
v -0.01474570 0.00491360 0.09888894
v -0.01497262 0.00417081 0.09888888
v -0.01451065 0.00504464 0.09881032
v -0.01474570 0.00491360 0.09888894
v -0.01448182 0.00564439 0.09888918
v -0.01477314 0.00537727 0.09911246
v -0.01448182 0.00564439 0.09888918
v -0.01474570 0.00491360 0.09888894
v -0.01451065 0.00504464 0.09881032
v -0.01448182 0.00564439 0.09888918
v -0.01451065 0.00504464 0.09881032
v -0.01371462 0.00697762 0.09881342
v -0.01448182 0.00564439 0.09888918
v -0.01413099 0.00645209 0.09888137
v -0.01448692 0.00610653 0.09911246
v -0.01413099 0.00645209 0.09888137
v -0.01448182 0.00564439 0.09888918
v -0.01371462 0.00697762 0.09881342
v -0.01371462 0.00697762 0.09881342
v -0.01278065 0.00859218 0.09881712
v -0.01329632 0.00796440 0.09886248
v -0.00927479 0.01247205 0.09887345
v -0.01132929 0.01042236 0.09881164
v -0.00852339 0.01282381 0.09880693
v -0.00927479 0.01247205 0.09887345
v -0.01127357 0.01073871 0.09890951
v -0.01132929 0.01042236 0.09881164
v -0.01296471 0.00866109 0.09892715
v -0.01319019 0.00847252 0.09902448
v -0.01329632 0.00796440 0.09886248
v -0.01009181 0.01206445 0.09910364
v -0.01127357 0.01073871 0.09890951
v -0.00927479 0.01247205 0.09887345
v -0.01009181 0.01206445 0.09910364
v -0.01126828 0.01089632 0.09902186
v -0.01127357 0.01073871 0.09890951
v -0.01009181 0.01206445 0.09910364
v -0.01137552 0.01087969 0.09917677
v -0.01126828 0.01089632 0.09902186
v -0.00883435 0.01301338 0.09910382
v -0.01009181 0.01206445 0.09910364
v -0.00927479 0.01247205 0.09887345
v -0.00728394 0.01370839 0.09887362
v -0.00927479 0.01247205 0.09887345
v -0.00852339 0.01282381 0.09880693
v -0.00748865 0.01383200 0.09910388
v -0.00927479 0.01247205 0.09887345
v -0.00728394 0.01370839 0.09887362
v -0.00748865 0.01383200 0.09910388
v -0.00883435 0.01301338 0.09910382
v -0.00927479 0.01247205 0.09887345
v -0.00538721 0.01442552 0.09881158
v -0.00728394 0.01370839 0.09887362
v -0.00852339 0.01282381 0.09880693
v -0.00528078 0.01466107 0.09889788
v -0.00728394 0.01370839 0.09887362
v -0.00538721 0.01442552 0.09881158
v -0.00528078 0.01466107 0.09889788
v -0.00748865 0.01383200 0.09910388
v -0.00728394 0.01370839 0.09887362
v -0.00606311 0.01452688 0.09915812
v -0.00748865 0.01383200 0.09910388
v -0.00528078 0.01466107 0.09889788
v 0.01164163 0.01059606 0.09917177
v 0.01169088 0.01041253 0.09899146
v 0.01262786 0.00940355 0.09918357
v -0.00458595 0.01504596 0.09910406
v -0.00606311 0.01452688 0.09915812
v -0.00528078 0.01466107 0.09889788
v 0.01336106 0.00830740 0.09914936
v 0.01262786 0.00940355 0.09918357
v 0.01297781 0.00877830 0.09901548
v 0.01360420 0.00769487 0.09896840
v 0.01336106 0.00830740 0.09914936
v 0.01297781 0.00877830 0.09901548
v 0.01360420 0.00769487 0.09896840
v 0.01297781 0.00877830 0.09901548
v 0.01295733 0.00856614 0.09887768
v -0.00239955 0.01520941 0.09881116
v -0.00528078 0.01466107 0.09889788
v -0.00538721 0.01442552 0.09881158
v -0.00290960 0.01533812 0.09894408
v -0.00528078 0.01466107 0.09889788
v -0.00239955 0.01520941 0.09881116
v -0.00290960 0.01533812 0.09894408
v -0.00458595 0.01504596 0.09910406
v -0.00528078 0.01466107 0.09889788
v -0.00305012 0.01544349 0.09915824
v -0.00458595 0.01504596 0.09910406
v -0.00290960 0.01533812 0.09894408
v -0.00056928 0.01548117 0.09883923
v -0.00290960 0.01533812 0.09894408
v -0.00239955 0.01520941 0.09881116
v -0.00149988 0.01565750 0.09910412
v -0.00290960 0.01533812 0.09894408
v -0.00056928 0.01548117 0.09883923
v 0.01388026 0.00742429 0.09916742
v 0.01409925 0.00681906 0.09900386
v 0.01463288 0.00579173 0.09914041
v -0.00149988 0.01565750 0.09910412
v -0.00305012 0.01544349 0.09915824
v -0.00290960 0.01533812 0.09894408
v -0.00056928 0.01548117 0.09883923
v -0.00239955 0.01520941 0.09881116
v 0.00241864 0.01524097 0.09881307
v 0.00040807 0.01560993 0.09894402
v -0.00149988 0.01565750 0.09910412
v -0.00056928 0.01548117 0.09883923
v 0.00035454 0.01574428 0.09916485
v -0.00149988 0.01565750 0.09910412
v 0.00040807 0.01560993 0.09894402
v 0.01472286 0.00527733 0.09898133
v 0.01474027 0.00460690 0.09883262
v 0.01511428 0.00409068 0.09900011
v 0.01500141 0.00473064 0.09913207
v 0.01472286 0.00527733 0.09898133
v 0.01511428 0.00409068 0.09900011
v 0.01511428 0.00409068 0.09900011
v 0.01537618 0.00339383 0.09919418
v 0.01500141 0.00473064 0.09913207
v 0.00241864 0.01524097 0.09881307
v 0.00040807 0.01560993 0.09894402
v -0.00056928 0.01548117 0.09883923
v 0.00219564 0.01557499 0.09910370
v 0.00040807 0.01560993 0.09894402
v 0.00241864 0.01524097 0.09881307
v 0.00219564 0.01557499 0.09910370
v 0.00035454 0.01574428 0.09916485
v 0.00040807 0.01560993 0.09894402
v 0.01548260 0.00234239 0.09900309
v 0.01561216 0.00193399 0.09912826
v 0.01537618 0.00339383 0.09919418
v 0.00374247 0.01527722 0.09910370
v 0.00241864 0.01524097 0.09881307
v 0.00424600 0.01489347 0.09884042
v 0.00374247 0.01527722 0.09910370
v 0.00219564 0.01557499 0.09910370
v 0.00241864 0.01524097 0.09881307
v 0.00582524 0.01445337 0.09889788
v 0.00374247 0.01527722 0.09910370
v 0.00424600 0.01489347 0.09884042
v 0.00525647 0.01483763 0.09915692
v 0.00374247 0.01527722 0.09910370
v 0.00582524 0.01445337 0.09889788
v 0.00424600 0.01489347 0.09884042
v 0.00241864 0.01524097 0.09881307
v 0.00759693 0.01339254 0.09881140
v 0.00582524 0.01445337 0.09889788
v 0.00424600 0.01489347 0.09884042
v 0.00759693 0.01339254 0.09881140
v 0.00670835 0.01422650 0.09910358
v 0.00525647 0.01483763 0.09915692
v 0.00582524 0.01445337 0.09889788
v 0.00859446 0.01299889 0.09889788
v 0.00582524 0.01445337 0.09889788
v 0.00759693 0.01339254 0.09881140
v 0.00859446 0.01299889 0.09889788
v 0.00670835 0.01422650 0.09910358
v 0.00582524 0.01445337 0.09889788
v 0.00810555 0.01349377 0.09915687
v 0.00670835 0.01422650 0.09910358
v 0.00859446 0.01299889 0.09889788
v -0.01416345 0.00683555 0.09912843
v -0.01413099 0.00645209 0.09888137
v -0.01379929 0.00734526 0.09896244
v -0.01379929 0.00734526 0.09896244
v -0.01413099 0.00645209 0.09888137
v -0.01371462 0.00697762 0.09881342
v 0.00859446 0.01299889 0.09889788
v 0.00759693 0.01339254 0.09881140
v 0.01012409 0.01159687 0.09881020
v 0.00940545 0.01260633 0.09910346
v 0.00810555 0.01349377 0.09915687
v 0.00859446 0.01299889 0.09889788
v -0.01329632 0.00796440 0.09886248
v -0.01379929 0.00734526 0.09896244
v -0.01371462 0.00697762 0.09881342
v -0.01379929 0.00734526 0.09896244
v -0.01329632 0.00796440 0.09886248
v -0.01319019 0.00847252 0.09902448
v -0.01278065 0.00859218 0.09881712
v -0.01296471 0.00866109 0.09892715
v -0.01329632 0.00796440 0.09886248
v 0.01055416 0.01150297 0.09894408
v 0.00859446 0.01299889 0.09889788
v 0.01012409 0.01159687 0.09881020
v 0.01055416 0.01150297 0.09894408
v 0.00940545 0.01260633 0.09910346
v 0.00859446 0.01299889 0.09889788
v 0.01062977 0.01160960 0.09915687
v 0.00940545 0.01260633 0.09910346
v 0.01055416 0.01150297 0.09894408
v -0.01296471 0.00866109 0.09892715
v -0.01224993 0.00948949 0.09885276
v -0.01226262 0.00976197 0.09901960
v -0.01224993 0.00948949 0.09885276
v 0.01169088 0.01041253 0.09899146
v 0.01055416 0.01150297 0.09894408
v 0.01012409 0.01159687 0.09881020
v 0.01169088 0.01041253 0.09899146
v 0.01012409 0.01159687 0.09881020
v 0.01160425 0.01016873 0.09882534
v 0.01164163 0.01059606 0.09917177
v 0.01055416 0.01150297 0.09894408
v 0.01169088 0.01041253 0.09899146
v 0.01164163 0.01059606 0.09917177
v 0.01062977 0.01160960 0.09915687
v 0.01055416 0.01150297 0.09894408
v -0.01127357 0.01073871 0.09890951
v -0.01224993 0.00948949 0.09885276
v -0.01132929 0.01042236 0.09881164
v -0.01127357 0.01073871 0.09890951
v -0.01226262 0.00976197 0.09901960
v -0.01224993 0.00948949 0.09885276
v -0.01127357 0.01073871 0.09890951
v -0.01126828 0.01089632 0.09902186
v -0.01226262 0.00976197 0.09901960
v 0.01169088 0.01041253 0.09899146
v 0.01160425 0.01016873 0.09882534
v 0.01228829 0.00968310 0.09897841
v 0.01282752 0.00845082 0.09880979
v 0.01295733 0.00856614 0.09887768
v 0.01214251 0.00953876 0.09883041
v 0.01228829 0.00968310 0.09897841
v 0.01295733 0.00856614 0.09887768
v 0.01297781 0.00877830 0.09901548
v 0.01544171 -0.00014418 0.09881766
v 0.01540497 0.00204197 0.09888537
v 0.01523722 0.00210098 0.09881479
v 0.01356598 0.00721554 0.09880949
v 0.01372411 0.00727412 0.09887875
v 0.01295733 0.00856614 0.09887768
v 0.01356598 0.00721554 0.09880949
v 0.01295733 0.00856614 0.09887768
v 0.01282752 0.00845082 0.09880979
v 0.01360420 0.00769487 0.09896840
v 0.01295733 0.00856614 0.09887768
v 0.01372411 0.00727412 0.09887875
v 0.01571204 0.00060501 0.09909595
v 0.01540497 0.00204197 0.09888537
v 0.01544171 -0.00014418 0.09881766
v 0.01571204 0.00060501 0.09909595
v 0.01561216 0.00193399 0.09912826
v 0.01540497 0.00204197 0.09888537
v 0.01360420 0.00769487 0.09896840
v 0.01388026 0.00742429 0.09916742
v 0.01336106 0.00830740 0.09914936
v 0.01360420 0.00769487 0.09896840
v 0.01372411 0.00727412 0.09887875
v 0.01409925 0.00681906 0.09900386
v 0.01360420 0.00769487 0.09896840
v 0.01409925 0.00681906 0.09900386
v 0.01388026 0.00742429 0.09916742
v 0.01409925 0.00681906 0.09900386
v 0.01439028 0.00609241 0.09896089
v 0.01463288 0.00579173 0.09914041
v 0.01436533 0.00564228 0.09882677
v 0.01472286 0.00527733 0.09898133
v 0.01439028 0.00609241 0.09896089
v 0.01463288 0.00579173 0.09914041
v 0.01439028 0.00609241 0.09896089
v 0.01472286 0.00527733 0.09898133
v 0.01472286 0.00527733 0.09898133
v 0.01500141 0.00473064 0.09913207
v 0.01463288 0.00579173 0.09914041
v -0.01224993 0.00948949 0.09885276
v -0.01278065 0.00859218 0.09881712
v -0.01132929 0.01042236 0.09881164
v 0.00055503 0.02551549 0.09786416
v 0.00176439 0.02743055 0.09879965
v 0.00092639 0.02787609 0.09879960
v 0.00292234 0.02576811 0.09879965
v 0.00055503 0.02551549 0.09786416
v 0.00000004 0.02499994 0.09755732
v 0.00235601 0.02687662 0.09879888
v 0.00176439 0.02743055 0.09879965
v 0.00055503 0.02551549 0.09786416
v -0.00161139 0.02753508 0.09879733
v -0.00216121 0.02708423 0.09879507
v 0.00000004 0.02499994 0.09755732
v 0.00092639 0.02787609 0.09879960
v -0.00029798 0.02799705 0.09880144
v -0.00017449 0.02659777 0.09821726
v 0.00000004 0.02499994 0.09755732
v -0.00262263 0.02646493 0.09880055
v -0.00292065 0.02573001 0.09879673
v 0.00000004 0.02499994 0.09755732
v -0.00216121 0.02708423 0.09879507
v -0.00262263 0.02646493 0.09880055
v -0.00299402 0.02474348 0.09879381
v 0.00000004 0.02499994 0.09755732
v -0.00292065 0.02573001 0.09879673
v -0.00017449 0.02659777 0.09821726
v -0.00161139 0.02753508 0.09879733
v 0.00000004 0.02499994 0.09755732
v -0.00029798 0.02799705 0.09880144
v -0.00110197 0.02779407 0.09879793
v -0.00017449 0.02659777 0.09821726
v 0.00235601 0.02687662 0.09879888
v -0.00110197 0.02779407 0.09879793
v -0.00161139 0.02753508 0.09879733
v -0.00017449 0.02659777 0.09821726
v 0.00298417 0.02462219 0.09879793
v 0.00292234 0.02576811 0.09879965
v 0.00000004 0.02499994 0.09755732
v 0.00092639 0.02787609 0.09879960
v -0.00017449 0.02659777 0.09821726
v 0.00000004 0.02499994 0.09755732
v 0.00092639 0.02787609 0.09879960
v 0.00000004 0.02499994 0.09755732
v 0.00055503 0.02551549 0.09786416
v 0.00129408 0.02771972 0.10669930
v 0.00092639 0.02787609 0.09879960
v 0.00176439 0.02743055 0.09879965
v 0.00211986 0.02714000 0.10669930
v 0.00129408 0.02771972 0.10669930
v 0.00176439 0.02743055 0.09879965
v 0.00211986 0.02714000 0.10669930
v 0.00176439 0.02743055 0.09879965
v 0.00235601 0.02687662 0.09879888
v -0.00301342 0.02518754 0.10669542
v -0.00299402 0.02474348 0.09879381
v -0.00292065 0.02573001 0.09879673
v 0.00270777 0.02631969 0.10669930
v 0.00211986 0.02714000 0.10669930
v 0.00235601 0.02687662 0.09879888
v -0.00271994 0.02629385 0.10669930
v -0.00301342 0.02518754 0.10669542
v -0.00292065 0.02573001 0.09879673
v 0.00270777 0.02631969 0.10669930
v 0.00235601 0.02687662 0.09879888
v 0.00292234 0.02576811 0.09879965
v -0.00271994 0.02629385 0.10669930
v -0.00292065 0.02573001 0.09879673
v -0.00262263 0.02646493 0.09880055
v 0.00299719 0.02532574 0.10670252
v 0.00270777 0.02631969 0.10669930
v 0.00292234 0.02576811 0.09879965
v -0.00202655 0.02724292 0.10669894
v -0.00262263 0.02646493 0.09880055
v -0.00216121 0.02708423 0.09879507
v -0.00202655 0.02724292 0.10669894
v -0.00271994 0.02629385 0.10669930
v -0.00262263 0.02646493 0.09880055
v 0.00299719 0.02532574 0.10670252
v 0.00292234 0.02576811 0.09879965
v 0.00298417 0.02462219 0.09879793
v -0.00202655 0.02724292 0.10669894
v -0.00216121 0.02708423 0.09879507
v -0.00161139 0.02753508 0.09879733
v -0.00079645 0.02796236 0.10677440
v -0.00202655 0.02724292 0.10669894
v -0.00161139 0.02753508 0.09879733
v -0.00079645 0.02796236 0.10677440
v -0.00161139 0.02753508 0.09879733
v -0.00110197 0.02779407 0.09879793
v -0.00035137 0.02799161 0.10669930
v -0.00079645 0.02796236 0.10677440
v -0.00110197 0.02779407 0.09879793
v -0.00035137 0.02799161 0.10669930
v -0.00110197 0.02779407 0.09879793
v -0.00029798 0.02799705 0.09880144
v 0.00035606 0.02802639 0.10676856
v -0.00035137 0.02799161 0.10669930
v -0.00029798 0.02799705 0.09880144
v 0.00035606 0.02802639 0.10676856
v -0.00029798 0.02799705 0.09880144
v 0.00092639 0.02787609 0.09879960
v 0.00129408 0.02771972 0.10669930
v 0.00035606 0.02802639 0.10676856
v 0.00092639 0.02787609 0.09879960
v 0.00146714 0.02775749 0.10679979
v 0.00129408 0.02771972 0.10669930
v 0.00211986 0.02714000 0.10669930
v 0.00251844 0.02684779 0.10679979
v 0.00146714 0.02775749 0.10679979
v 0.00211986 0.02714000 0.10669930
v 0.00251844 0.02684779 0.10679979
v 0.00211986 0.02714000 0.10669930
v 0.00270777 0.02631969 0.10669930
v -0.00275771 0.02646691 0.10679985
v -0.00301342 0.02518754 0.10669542
v -0.00271994 0.02629385 0.10669930
v -0.00275771 0.02646691 0.10679985
v -0.00314689 0.02476806 0.10679919
v -0.00301342 0.02518754 0.10669542
v 0.00302433 0.02573516 0.10679991
v 0.00251844 0.02684779 0.10679979
v 0.00270777 0.02631969 0.10669930
v 0.00302433 0.02573516 0.10679991
v 0.00270777 0.02631969 0.10669930
v 0.00299719 0.02532574 0.10670252
v -0.00275771 0.02646691 0.10679985
v -0.00271994 0.02629385 0.10669930
v -0.00202655 0.02724292 0.10669894
v 0.00307082 0.02435337 0.10679967
v 0.00302433 0.02573516 0.10679991
v 0.00299719 0.02532574 0.10670252
v -0.00184792 0.02751831 0.10679979
v -0.00275771 0.02646691 0.10679985
v -0.00202655 0.02724292 0.10669894
v -0.00184792 0.02751831 0.10679979
v -0.00202655 0.02724292 0.10669894
v -0.00079645 0.02796236 0.10677440
v 0.00035606 0.02802639 0.10676856
v -0.00079645 0.02796236 0.10677440
v -0.00035137 0.02799161 0.10669930
v 0.00146714 0.02775749 0.10679979
v 0.00035606 0.02802639 0.10676856
v 0.00129408 0.02771972 0.10669930
v -0.01863658 -0.03866492 0.09757991
v -0.02158610 -0.03651071 0.09776557
v -0.02193933 -0.03687676 0.09759803
v -0.01815982 -0.03823418 0.09778232
v -0.02158610 -0.03651071 0.09776557
v -0.01863658 -0.03866492 0.09757991
v -0.01265262 -0.04204641 0.09641678
v -0.01251353 -0.04185709 0.09688229
v -0.01410499 -0.04157276 0.09644319
v -0.01251353 -0.04185709 0.09688229
v -0.01404375 -0.04135085 0.09690947
v -0.01410499 -0.04157276 0.09644319
v -0.02129849 -0.03827565 0.09668697
v -0.02368392 -0.03705213 0.09623856
v -0.02141579 -0.03842347 0.09611619
v -0.04208045 -0.00837369 0.09758867
v -0.04125573 -0.00959831 0.09777589
v -0.04160559 -0.00810358 0.09776820
v -0.04177675 -0.00986813 0.09757698
v -0.04125573 -0.00959831 0.09777589
v -0.04208045 -0.00837369 0.09758867
v -0.02129849 -0.03827565 0.09668697
v -0.02338990 -0.03670510 0.09713305
v -0.02368392 -0.03705213 0.09623856
v -0.04229136 -0.00957125 0.09727533
v -0.04208045 -0.00837369 0.09758867
v -0.04268329 -0.00748342 0.09729953
v -0.02109214 -0.03796057 0.09722264
v -0.02338990 -0.03670510 0.09713305
v -0.02129849 -0.03827565 0.09668697
v -0.01404375 -0.04135085 0.09690947
v -0.01566978 -0.04078373 0.09688074
v -0.01410499 -0.04157276 0.09644319
v -0.01551708 -0.04106944 0.09643299
v -0.04208045 -0.00837369 0.09758867
v -0.04160559 -0.00810358 0.09776820
v -0.04193766 -0.00618863 0.09776826
v -0.02109214 -0.03796057 0.09722264
v -0.02193933 -0.03687676 0.09759803
v -0.02338990 -0.03670510 0.09713305
v -0.01551708 -0.04106944 0.09643299
v -0.01566978 -0.04078373 0.09688074
v -0.01730630 -0.04036196 0.09640730
v -0.04268329 -0.00748342 0.09729953
v -0.04259777 -0.00536626 0.09757472
v -0.04303256 -0.00534477 0.09727252
v -0.02368392 -0.03705213 0.09623856
v -0.02586156 -0.03534173 0.09670080
v -0.02560480 -0.03574634 0.09618843
v -0.02338990 -0.03670510 0.09713305
v -0.02586156 -0.03534173 0.09670080
v -0.02368392 -0.03705213 0.09623856
v -0.02338990 -0.03670510 0.09713305
v -0.02569862 -0.03509602 0.09713353
v -0.02586156 -0.03534173 0.09670080
v -0.04259777 -0.00536626 0.09757472
v -0.04193766 -0.00618863 0.09776826
v -0.04219173 -0.00370500 0.09777893
v -0.04303256 -0.00534477 0.09727252
v -0.04259777 -0.00536626 0.09757472
v -0.04318053 -0.00362783 0.09729994
v -0.02338990 -0.03670510 0.09713305
v -0.02548755 -0.03477621 0.09746600
v -0.02569862 -0.03509602 0.09713353
v -0.02193933 -0.03687676 0.09759803
v -0.02548755 -0.03477621 0.09746600
v -0.02338990 -0.03670510 0.09713305
v -0.01730630 -0.04036196 0.09640730
v -0.01856468 -0.03953500 0.09690453
v -0.01896398 -0.03959738 0.09643287
v -0.02193933 -0.03687676 0.09759803
v -0.02571835 -0.03401242 0.09770204
v -0.02548755 -0.03477621 0.09746600
v -0.01730630 -0.04036196 0.09640730
v -0.01896398 -0.03959738 0.09643287
v -0.01903133 -0.03966279 0.09603108
v -0.02158610 -0.03651071 0.09776557
v -0.02571835 -0.03401242 0.09770204
v -0.02193933 -0.03687676 0.09759803
v -0.01815982 -0.03823418 0.09778232
v -0.02523437 -0.03389124 0.09778506
v -0.02158610 -0.03651071 0.09776557
v -0.02158610 -0.03651071 0.09776557
v -0.02523437 -0.03389124 0.09778506
v -0.02571835 -0.03401242 0.09770204
v 0.04325783 -0.00681911 0.09671117
v 0.04355737 -0.00605284 0.09617955
v 0.04353760 -0.00472551 0.09670080
v 0.04323507 -0.00799669 0.09619970
v 0.04355737 -0.00605284 0.09617955
v 0.04325783 -0.00681911 0.09671117
v 0.04281432 -0.00914701 0.09672827
v 0.04323507 -0.00799669 0.09619970
v 0.04325783 -0.00681911 0.09671117
v 0.02829220 -0.03225621 0.09758867
v 0.02739793 -0.03234227 0.09776826
v 0.02698751 -0.03339248 0.09757472
v 0.02698751 -0.03339248 0.09757472
v 0.02587007 -0.03358286 0.09776832
v 0.02540611 -0.03455552 0.09759695
v -0.02800945 -0.03229687 0.09765638
v -0.02664954 -0.03383810 0.09749551
v -0.02571835 -0.03401242 0.09770204
v 0.02540611 -0.03455552 0.09759695
v 0.02403204 -0.03484380 0.09778232
v 0.02416654 -0.03547218 0.09757991
v -0.02800945 -0.03229687 0.09765638
v -0.02571835 -0.03401242 0.09770204
v -0.02759464 -0.03218046 0.09776718
v 0.01572368 -0.04087194 0.09671117
v 0.01761729 -0.04028952 0.09618992
v 0.01767617 -0.04006745 0.09670080
v 0.01559905 -0.04111813 0.09616382
v 0.01761729 -0.04028952 0.09618992
v 0.01572368 -0.04087194 0.09671117
v 0.01348568 -0.04165191 0.09672827
v 0.01358094 -0.04179395 0.09629394
v 0.01572368 -0.04087194 0.09671117
v 0.01559905 -0.04111813 0.09616382
v 0.01358094 -0.04179395 0.09629394
v 0.01305081 -0.04201067 0.09606410
v -0.02965192 -0.03063527 0.09770347
v -0.02834497 -0.03246474 0.09748138
v -0.02800945 -0.03229687 0.09765638
v -0.01378859 -0.04062956 0.09758867
v -0.01431017 -0.03989844 0.09776826
v -0.01542515 -0.04006791 0.09757472
v -0.02800945 -0.03229687 0.09765638
v -0.02759464 -0.03218046 0.09776718
v -0.02965192 -0.03063527 0.09770347
v -0.02965192 -0.03063527 0.09770347
v -0.02759464 -0.03218046 0.09776718
v -0.02892353 -0.03078498 0.09778840
v -0.01542515 -0.04006791 0.09757472
v -0.01614865 -0.03919555 0.09776832
v -0.01722315 -0.03927992 0.09759695
v -0.01722315 -0.03927992 0.09759695
v -0.01815982 -0.03823418 0.09778232
v -0.01863658 -0.03866492 0.09757991
v -0.02753483 -0.03405284 0.09671117
v -0.02733392 -0.03440683 0.09629942
v -0.02586156 -0.03534173 0.09670080
v -0.02683819 -0.03485612 0.09606416
v -0.02733392 -0.03440683 0.09629942
v -0.02887481 -0.03318845 0.09606416
v -0.02932860 -0.03250470 0.09672827
v -0.02934238 -0.03271041 0.09629942
v -0.02753483 -0.03405284 0.09671117
v -0.02887481 -0.03318845 0.09606416
v -0.02934238 -0.03271041 0.09629942
v -0.03079472 -0.03139656 0.09616126
v -0.03077570 -0.03114711 0.09671266
v -0.03275623 -0.02933087 0.09626032
v -0.03079472 -0.03139656 0.09616126
v -0.03077570 -0.03114711 0.09671266
v -0.03257993 -0.02908275 0.09691353
v -0.03275623 -0.02933087 0.09626032
v -0.04250598 -0.01009167 0.09688229
v -0.04283299 -0.00851332 0.09690947
v -0.04293651 -0.00917368 0.09644468
v -0.03055127 -0.03095540 0.09714014
v -0.03257993 -0.02908275 0.09691353
v -0.03077570 -0.03114711 0.09671266
v -0.04193766 -0.00618863 0.09776826
v -0.04235522 -0.00689624 0.09758521
v -0.04235522 -0.00689624 0.09758521
v -0.04193766 -0.00618863 0.09776826
v -0.04259777 -0.00536626 0.09757472
v -0.03055127 -0.03095540 0.09714014
v -0.03319418 -0.02787609 0.09730715
v -0.03257993 -0.02908275 0.09691353
v -0.04275334 -0.00360061 0.09758992
v -0.03002372 -0.03092871 0.09747590
v -0.03319418 -0.02787609 0.09730715
v -0.03055127 -0.03095540 0.09714014
v -0.04283299 -0.00851332 0.09690947
v -0.04315454 -0.00682184 0.09688074
v -0.04293651 -0.00917368 0.09644468
v -0.04293651 -0.00917368 0.09644468
v -0.04315454 -0.00682184 0.09688074
v -0.04332595 -0.00709601 0.09643293
v -0.03002372 -0.03092871 0.09747590
v -0.03285208 -0.02760715 0.09759779
v -0.03319418 -0.02787609 0.09730715
v 0.04397290 0.00061534 0.09623201
v 0.04382425 -0.00207577 0.09653879
v 0.04394955 -0.00205399 0.09599240
v -0.02965192 -0.03063527 0.09770347
v -0.03285208 -0.02760715 0.09759779
v -0.03002372 -0.03092871 0.09747590
v 0.04397290 0.00061534 0.09623201
v 0.04359615 -0.00041266 0.09705109
v 0.04382425 -0.00207577 0.09653879
v -0.02965192 -0.03063527 0.09770347
v -0.03243777 -0.02733910 0.09776396
v -0.03285208 -0.02760715 0.09759779
v -0.04332595 -0.00709601 0.09643293
v -0.04315454 -0.00682184 0.09688074
v -0.04360749 -0.00519350 0.09640724
v -0.02892353 -0.03078498 0.09778840
v -0.03243777 -0.02733910 0.09776396
v -0.02965192 -0.03063527 0.09770347
v 0.04324903 -0.00005483 0.09738005
v 0.04290182 -0.00439908 0.09746183
v 0.04359615 -0.00041266 0.09705109
v 0.04382425 -0.00207577 0.09653879
v 0.04375483 -0.00434501 0.09619016
v 0.04394955 -0.00205399 0.09599240
v 0.04262450 -0.00039690 0.09772242
v 0.04290182 -0.00439908 0.09746183
v 0.04324903 -0.00005483 0.09738005
v -0.03257993 -0.02908275 0.09691353
v -0.03428444 -0.02705305 0.09691353
v -0.03275623 -0.02933087 0.09626032
v -0.03275623 -0.02933087 0.09626032
v -0.03428444 -0.02705305 0.09691353
v -0.03446516 -0.02730323 0.09626002
v -0.04360749 -0.00519350 0.09640724
v -0.04352071 -0.00369000 0.09690453
v -0.04377418 -0.00337524 0.09643287
v 0.04382425 -0.00207577 0.09653879
v 0.04353760 -0.00472551 0.09670080
v 0.04375483 -0.00434501 0.09619016
v 0.04262450 -0.00039690 0.09772242
v 0.04242308 -0.00427201 0.09770209
v 0.04290182 -0.00439908 0.09746183
v -0.04360749 -0.00519350 0.09640724
v -0.04377418 -0.00337524 0.09643287
v -0.04386382 -0.00335784 0.09603126
v 0.04359615 -0.00041266 0.09705109
v 0.04324317 -0.00470764 0.09713353
v 0.04382425 -0.00207577 0.09653879
v 0.04382425 -0.00207577 0.09653879
v 0.04324317 -0.00470764 0.09713353
v 0.04353760 -0.00472551 0.09670080
v 0.04219173 0.00370500 0.09777893
v 0.04193619 -0.00519368 0.09778644
v 0.04262450 -0.00039690 0.09772242
v -0.03556271 -0.02298870 0.09778477
v -0.03243777 -0.02733910 0.09776396
v -0.02892353 -0.03078498 0.09778840
v -0.03257993 -0.02908275 0.09691353
v -0.03319418 -0.02787609 0.09730715
v -0.03428444 -0.02705305 0.09691353
v 0.04359615 -0.00041266 0.09705109
v 0.04290182 -0.00439908 0.09746183
v 0.04324317 -0.00470764 0.09713353
v 0.04262450 -0.00039690 0.09772242
v 0.04193619 -0.00519368 0.09778644
v 0.04242308 -0.00427201 0.09770209
v 0.04262955 -0.00616031 0.09749551
v 0.04290182 -0.00439908 0.09746183
v 0.04242308 -0.00427201 0.09770209
v 0.04290182 -0.00439908 0.09746183
v 0.04304668 -0.00621119 0.09713919
v 0.04324317 -0.00470764 0.09713353
v 0.04262955 -0.00616031 0.09749551
v 0.04304668 -0.00621119 0.09713919
v 0.04290182 -0.00439908 0.09746183
v 0.04262955 -0.00616031 0.09749551
v 0.04278263 -0.00773593 0.09715898
v 0.04304668 -0.00621119 0.09713919
v 0.04228796 -0.00831516 0.09748138
v 0.04278263 -0.00773593 0.09715898
v 0.04262955 -0.00616031 0.09749551
v -0.03446516 -0.02730323 0.09626002
v -0.03586259 -0.02492328 0.09691353
v -0.03604849 -0.02517604 0.09625960
v -0.03428444 -0.02705305 0.09691353
v -0.03586259 -0.02492328 0.09691353
v -0.03446516 -0.02730323 0.09626002
v 0.04228796 -0.00831516 0.09748138
v 0.04262955 -0.00616031 0.09749551
v 0.04197451 -0.00810851 0.09765638
v -0.03319418 -0.02787609 0.09730715
v -0.03557388 -0.02473387 0.09730704
v -0.03428444 -0.02705305 0.09691353
v -0.03428444 -0.02705305 0.09691353
v -0.03557388 -0.02473387 0.09730704
v -0.03586259 -0.02492328 0.09691353
v -0.03285208 -0.02760715 0.09759779
v -0.03613667 -0.02315484 0.09759785
v -0.03319418 -0.02787609 0.09730715
v -0.03319418 -0.02787609 0.09730715
v -0.03613667 -0.02315484 0.09759785
v -0.03557388 -0.02473387 0.09730704
v 0.04228796 -0.00831516 0.09748138
v 0.04248983 -0.00930122 0.09713657
v 0.04278263 -0.00773593 0.09715898
v 0.04179702 -0.01053705 0.09747584
v 0.04248983 -0.00930122 0.09713657
v 0.04228796 -0.00831516 0.09748138
v -0.03285208 -0.02760715 0.09759779
v -0.03556271 -0.02298870 0.09778477
v -0.03613667 -0.02315484 0.09759785
v -0.03243777 -0.02733910 0.09776396
v -0.03556271 -0.02298870 0.09778477
v -0.03285208 -0.02760715 0.09759779
v 0.04179702 -0.01053705 0.09747584
v 0.04228796 -0.00831516 0.09748138
v 0.04135680 -0.01036152 0.09770347
v 0.04179702 -0.01053705 0.09747584
v 0.04208345 -0.01098043 0.09714014
v 0.04248983 -0.00930122 0.09713657
v -0.03604849 -0.02517604 0.09625960
v -0.03748346 -0.02241900 0.09691353
v -0.03732555 -0.02324925 0.09622473
v -0.03586259 -0.02492328 0.09691353
v -0.03748346 -0.02241900 0.09691353
v -0.03604849 -0.02517604 0.09625960
v 0.02999262 -0.03176566 0.09688229
v 0.02943460 -0.03183975 0.09727527
v 0.02878907 -0.03283762 0.09690947
v -0.03557388 -0.02473387 0.09730704
v -0.03718308 -0.02224877 0.09730704
v -0.03586259 -0.02492328 0.09691353
v -0.03748346 -0.02241900 0.09691353
v 0.04236222 -0.01107881 0.09671266
v 0.04175998 -0.01376167 0.09626044
v 0.04246573 -0.01140368 0.09618987
v 0.04236222 -0.01107881 0.09671266
v 0.04147641 -0.01367391 0.09691353
v 0.04175998 -0.01376167 0.09626044
v -0.03557388 -0.02473387 0.09730704
v -0.03613667 -0.02315484 0.09759785
v -0.03718308 -0.02224877 0.09730704
v 0.04208345 -0.01098043 0.09714014
v 0.04147641 -0.01367391 0.09691353
v 0.04236222 -0.01107881 0.09671266
v 0.04208345 -0.01098043 0.09714014
v 0.04073855 -0.01480906 0.09730715
v 0.04147641 -0.01367391 0.09691353
v -0.03732555 -0.02324925 0.09622473
v -0.03748346 -0.02241900 0.09691353
v -0.03863003 -0.02083765 0.09650350
v -0.03732555 -0.02324925 0.09622473
v -0.03863003 -0.02083765 0.09650350
v -0.03865873 -0.02100485 0.09601350
v 0.02878907 -0.03283762 0.09690947
v 0.02782290 -0.03322301 0.09729953
v 0.02748514 -0.03396193 0.09688074
v 0.04179702 -0.01053705 0.09747584
v 0.04073855 -0.01480906 0.09730715
v 0.04208345 -0.01098043 0.09714014
v 0.04179702 -0.01053705 0.09747584
v 0.04033457 -0.01464717 0.09759779
v 0.04073855 -0.01480906 0.09730715
v 0.02782290 -0.03322301 0.09729953
v 0.02614524 -0.03459451 0.09727252
v 0.02748514 -0.03396193 0.09688074
v 0.02630165 -0.03516843 0.09640730
v 0.02748514 -0.03396193 0.09688074
v 0.02632913 -0.03485662 0.09689123
v 0.04135680 -0.01036152 0.09770347
v 0.04033457 -0.01464717 0.09759779
v 0.04179702 -0.01053705 0.09747584
v 0.02748514 -0.03396193 0.09688074
v 0.02614524 -0.03459451 0.09727252
v 0.02632913 -0.03485662 0.09689123
v 0.04135680 -0.01036152 0.09770347
v 0.03980011 -0.01445679 0.09778334
v 0.04033457 -0.01464717 0.09759779
v 0.04103724 -0.00998388 0.09778876
v 0.03980011 -0.01445679 0.09778334
v 0.04135680 -0.01036152 0.09770347
v 0.02630165 -0.03516843 0.09640730
v 0.02632913 -0.03485662 0.09689123
v 0.02495603 -0.03584501 0.09690453
v 0.02632913 -0.03485662 0.09689123
v 0.02614524 -0.03459451 0.09727252
v 0.02495603 -0.03584501 0.09690453
v -0.03748346 -0.02241900 0.09691353
v -0.03892261 -0.01980665 0.09691353
v -0.03863003 -0.02083765 0.09650350
v 0.02614524 -0.03459451 0.09727252
v 0.02473223 -0.03558184 0.09729994
v 0.02495603 -0.03584501 0.09690453
v 0.04147641 -0.01367391 0.09691353
v 0.04057056 -0.01616458 0.09691353
v 0.04175998 -0.01376167 0.09626044
v 0.04175998 -0.01376167 0.09626044
v 0.04057056 -0.01616458 0.09691353
v 0.04085623 -0.01624989 0.09626014
v -0.03718308 -0.02224877 0.09730704
v -0.03920841 -0.01848397 0.09730715
v -0.03748346 -0.02241900 0.09691353
v -0.03748346 -0.02241900 0.09691353
v -0.03920841 -0.01848397 0.09730715
v -0.03892261 -0.01980665 0.09691353
v 0.04147641 -0.01367391 0.09691353
v 0.04073855 -0.01480906 0.09730715
v 0.04057056 -0.01616458 0.09691353
v -0.03863003 -0.02083765 0.09650350
v -0.03983639 -0.01864934 0.09613414
v -0.03865873 -0.02100485 0.09601350
v -0.03613667 -0.02315484 0.09759785
v -0.03880890 -0.01831094 0.09759779
v -0.03718308 -0.02224877 0.09730704
v -0.03718308 -0.02224877 0.09730704
v -0.03880890 -0.01831094 0.09759779
v -0.03920841 -0.01848397 0.09730715
v 0.01598002 -0.03999824 0.09749551
v 0.01737373 -0.03946078 0.09746600
v 0.01659654 -0.03927896 0.09770204
v -0.03556271 -0.02298870 0.09778477
v -0.03837070 -0.01814890 0.09775872
v -0.03613667 -0.02315484 0.09759785
v -0.03613667 -0.02315484 0.09759785
v -0.03837070 -0.01814890 0.09775872
v -0.03880890 -0.01831094 0.09759779
v 0.01737373 -0.03946078 0.09746600
v 0.01614439 -0.04038515 0.09713919
v 0.01754497 -0.03980357 0.09713353
v 0.01598002 -0.03999824 0.09749551
v 0.01614439 -0.04038515 0.09713919
v 0.01737373 -0.03946078 0.09746600
v 0.01598002 -0.03999824 0.09749551
v 0.01469201 -0.04091890 0.09715898
v 0.01614439 -0.04038515 0.09713919
v -0.04004620 -0.01377236 0.09778578
v -0.03837070 -0.01814890 0.09775872
v -0.03556271 -0.02298870 0.09778477
v 0.01394289 -0.04077972 0.09748138
v 0.01469201 -0.04091890 0.09715898
v 0.01598002 -0.03999824 0.09749551
v -0.03863003 -0.02083765 0.09650350
v -0.04012077 -0.01744163 0.09680576
v -0.03983639 -0.01864934 0.09613414
v -0.03892261 -0.01980665 0.09691353
v -0.04012077 -0.01744163 0.09680576
v -0.03863003 -0.02083765 0.09650350
v 0.04085623 -0.01624989 0.09626014
v 0.03951549 -0.01859616 0.09691353
v 0.03980423 -0.01867924 0.09625990
v 0.04057056 -0.01616458 0.09691353
v 0.01394289 -0.04077972 0.09748138
v 0.01598002 -0.03999824 0.09749551
v 0.01396514 -0.04040530 0.09765638
v -0.03892261 -0.01980665 0.09691353
v -0.03920841 -0.01848397 0.09730715
v -0.04012077 -0.01744163 0.09680576
v 0.04057056 -0.01616458 0.09691353
v 0.03920698 -0.01844073 0.09730704
v 0.03951549 -0.01859616 0.09691353
v 0.04073855 -0.01480906 0.09730715
v 0.03920698 -0.01844073 0.09730704
v 0.04057056 -0.01616458 0.09691353
v 0.04033457 -0.01464717 0.09759779
v 0.03812085 -0.01971820 0.09759785
v 0.04073855 -0.01480906 0.09730715
v 0.04073855 -0.01480906 0.09730715
v 0.03812085 -0.01971820 0.09759785
v 0.03920698 -0.01844073 0.09730704
v 0.01394289 -0.04077972 0.09748138
v 0.01318993 -0.04144813 0.09713657
v 0.01469201 -0.04091890 0.09715898
v 0.01177296 -0.04146558 0.09747590
v 0.01318993 -0.04144813 0.09713657
v 0.01394289 -0.04077972 0.09748138
v -0.03983639 -0.01864934 0.09613414
v -0.04012077 -0.01744163 0.09680576
v -0.04088876 -0.01621313 0.09613414
v 0.03980011 -0.01445679 0.09778334
v 0.03770847 -0.01944677 0.09776426
v 0.04033457 -0.01464717 0.09759779
v 0.01177296 -0.04146558 0.09747590
v 0.01394289 -0.04077972 0.09748138
v 0.01170489 -0.04099678 0.09770347
v 0.04033457 -0.01464717 0.09759779
v 0.03770847 -0.01944677 0.09776426
v 0.03812085 -0.01971820 0.09759785
v 0.01177296 -0.04146558 0.09747590
v 0.01153251 -0.04193590 0.09714008
v 0.01318993 -0.04144813 0.09713657
v 0.03980423 -0.01867924 0.09625990
v 0.03827468 -0.02117463 0.09682042
v 0.03851644 -0.02124181 0.09615261
v -0.04012077 -0.01744163 0.09680576
v -0.04110510 -0.01497498 0.09680576
v -0.04088876 -0.01621313 0.09613414
v 0.03951549 -0.01859616 0.09691353
v 0.03827468 -0.02117463 0.09682042
v 0.03980423 -0.01867924 0.09625990
v -0.01251353 -0.04185709 0.09688229
v -0.01285682 -0.04141104 0.09727527
v -0.01404375 -0.04135085 0.09690947
v 0.03920698 -0.01844073 0.09730704
v 0.03785945 -0.02107710 0.09730704
v 0.03951549 -0.01859616 0.09691353
v 0.03951549 -0.01859616 0.09691353
v 0.03785945 -0.02107710 0.09730704
v 0.03827468 -0.02117463 0.09682042
v -0.03920841 -0.01848397 0.09730715
v -0.04115821 -0.01359871 0.09730715
v -0.04012077 -0.01744163 0.09680576
v -0.04110510 -0.01497498 0.09680576
v 0.03920698 -0.01844073 0.09730704
v 0.03812085 -0.01971820 0.09759785
v 0.03785945 -0.02107710 0.09730704
v -0.03920841 -0.01848397 0.09730715
v -0.04074083 -0.01347578 0.09759779
v -0.04115821 -0.01359871 0.09730715
v -0.03880890 -0.01831094 0.09759779
v -0.04088876 -0.01621313 0.09613414
v -0.04110510 -0.01497498 0.09680576
v -0.04179154 -0.01371787 0.09613425
v -0.01404375 -0.04135085 0.09690947
v -0.01486077 -0.04070638 0.09729953
v -0.01566978 -0.04078373 0.09688074
v -0.03837070 -0.01814890 0.09775872
v -0.04004620 -0.01377236 0.09778578
v -0.03880890 -0.01831094 0.09759779
v -0.03880890 -0.01831094 0.09759779
v -0.04004620 -0.01377236 0.09778578
v -0.04074083 -0.01347578 0.09759779
v 0.03484726 -0.02404250 0.09778506
v 0.03770847 -0.01944677 0.09776426
v 0.03980011 -0.01445679 0.09778334
v -0.01486077 -0.04070638 0.09729953
v -0.01688735 -0.03993957 0.09727252
v -0.01566978 -0.04078373 0.09688074
v -0.01730630 -0.04036196 0.09640730
v -0.01566978 -0.04078373 0.09688074
v -0.01702214 -0.04023005 0.09689123
v -0.01566978 -0.04078373 0.09688074
v -0.01688735 -0.03993957 0.09727252
v -0.01702214 -0.04023005 0.09689123
v 0.03827468 -0.02117463 0.09682042
v 0.03745426 -0.02303979 0.09624417
v 0.03851644 -0.02124181 0.09615261
v -0.04110510 -0.01497498 0.09680576
v -0.04193784 -0.01245350 0.09680576
v -0.04179154 -0.01371787 0.09613425
v -0.01730630 -0.04036196 0.09640730
v -0.01702214 -0.04023005 0.09689123
v -0.01856468 -0.03953500 0.09690453
v -0.01702214 -0.04023005 0.09689123
v -0.01688735 -0.03993957 0.09727252
v -0.01856468 -0.03953500 0.09690453
v -0.04110510 -0.01497498 0.09680576
v -0.04115821 -0.01359871 0.09730715
v -0.04193784 -0.01245350 0.09680576
v -0.01688735 -0.03993957 0.09727252
v -0.01844891 -0.03920942 0.09729994
v -0.01856468 -0.03953500 0.09690453
v 0.03827468 -0.02117463 0.09682042
v 0.03654485 -0.02401333 0.09683509
v 0.03745426 -0.02303979 0.09624417
v -0.04179154 -0.01371787 0.09613425
v -0.04193784 -0.01245350 0.09680576
v -0.04268742 -0.01064486 0.09609432
v 0.03785945 -0.02107710 0.09730704
v 0.03561160 -0.02471386 0.09730715
v 0.03827468 -0.02117463 0.09682042
v 0.03827468 -0.02117463 0.09682042
v 0.03561160 -0.02471386 0.09730715
v 0.03654485 -0.02401333 0.09683509
v 0.03812085 -0.01971820 0.09759785
v 0.03526207 -0.02445385 0.09759779
v 0.03785945 -0.02107710 0.09730704
v 0.03785945 -0.02107710 0.09730704
v 0.03526207 -0.02445385 0.09759779
v 0.03561160 -0.02471386 0.09730715
v 0.03745426 -0.02303979 0.09624417
v 0.03654485 -0.02401333 0.09683509
v 0.03605278 -0.02519829 0.09613360
v -0.02664954 -0.03383810 0.09749551
v -0.02548755 -0.03477621 0.09746600
v -0.02571835 -0.03401242 0.09770204
v -0.02548755 -0.03477621 0.09746600
v -0.02690213 -0.03417397 0.09713919
v -0.02569862 -0.03509602 0.09713353
v -0.02664954 -0.03383810 0.09749551
v -0.02690213 -0.03417397 0.09713919
v -0.02548755 -0.03477621 0.09746600
v 0.03812085 -0.01971820 0.09759785
v 0.03484726 -0.02404250 0.09778506
v 0.03526207 -0.02445385 0.09759779
v 0.03770847 -0.01944677 0.09776426
v 0.03484726 -0.02404250 0.09778506
v 0.03812085 -0.01971820 0.09759785
v -0.04193784 -0.01245350 0.09680576
v -0.04293651 -0.00917368 0.09644468
v -0.04268742 -0.01064486 0.09609432
v -0.04193784 -0.01245350 0.09680576
v -0.04250598 -0.01009167 0.09688229
v -0.04293651 -0.00917368 0.09644468
v -0.02664954 -0.03383810 0.09749551
v -0.02809100 -0.03318301 0.09715892
v -0.02690213 -0.03417397 0.09713919
v -0.02834497 -0.03246474 0.09748138
v -0.02809100 -0.03318301 0.09715892
v -0.02664954 -0.03383810 0.09749551
v -0.04115821 -0.01359871 0.09730715
v -0.04229136 -0.00957125 0.09727533
v -0.04193784 -0.01245350 0.09680576
v -0.04193784 -0.01245350 0.09680576
v -0.04229136 -0.00957125 0.09727533
v -0.04250598 -0.01009167 0.09688229
v 0.03654485 -0.02401333 0.09683509
v 0.03516509 -0.02602505 0.09680576
v 0.03605278 -0.02519829 0.09613360
v -0.02834497 -0.03246474 0.09748138
v -0.02664954 -0.03383810 0.09749551
v -0.02800945 -0.03229687 0.09765638
v -0.04074083 -0.01347578 0.09759779
v -0.04177675 -0.00986813 0.09757698
v -0.04115821 -0.01359871 0.09730715
v -0.04115821 -0.01359871 0.09730715
v -0.04177675 -0.00986813 0.09757698
v -0.04229136 -0.00957125 0.09727533
v -0.04004620 -0.01377236 0.09778578
v -0.04125573 -0.00959831 0.09777589
v -0.04074083 -0.01347578 0.09759779
v -0.04074083 -0.01347578 0.09759779
v -0.04125573 -0.00959831 0.09777589
v -0.04177675 -0.00986813 0.09757698
v 0.03654485 -0.02401333 0.09683509
v 0.03561160 -0.02471386 0.09730715
v 0.03516509 -0.02602505 0.09680576
v -0.02834497 -0.03246474 0.09748138
v -0.02930015 -0.03214692 0.09713657
v -0.02809100 -0.03318301 0.09715892
v -0.03002372 -0.03092871 0.09747590
v -0.02930015 -0.03214692 0.09713657
v -0.02834497 -0.03246474 0.09748138
v 0.03605278 -0.02519829 0.09613360
v 0.03516509 -0.02602505 0.09680576
v 0.03446992 -0.02732384 0.09613378
v -0.03002372 -0.03092871 0.09747590
v -0.02834497 -0.03246474 0.09748138
v -0.02965192 -0.03063527 0.09770347
v -0.03002372 -0.03092871 0.09747590
v -0.03055127 -0.03095540 0.09714014
v -0.02930015 -0.03214692 0.09713657
v 0.03516509 -0.02602505 0.09680576
v 0.03352141 -0.02811043 0.09680576
v 0.03446992 -0.02732384 0.09613378
v -0.04250598 -0.01009167 0.09688229
v -0.04229136 -0.00957125 0.09727533
v -0.04283299 -0.00851332 0.09690947
v 0.03516509 -0.02602505 0.09680576
v 0.03235600 -0.02884509 0.09730715
v 0.03352141 -0.02811043 0.09680576
v 0.03561160 -0.02471386 0.09730715
v -0.04283299 -0.00851332 0.09690947
v -0.04268329 -0.00748342 0.09729953
v -0.04315454 -0.00682184 0.09688074
v 0.03526207 -0.02445385 0.09759779
v 0.03204054 -0.02854497 0.09759779
v 0.03561160 -0.02471386 0.09730715
v 0.03235600 -0.02884509 0.09730715
v 0.03446992 -0.02732384 0.09613378
v 0.03352141 -0.02811043 0.09680576
v 0.03276179 -0.02934984 0.09613414
v -0.04268329 -0.00748342 0.09729953
v -0.04303256 -0.00534477 0.09727252
v -0.04315454 -0.00682184 0.09688074
v 0.03526207 -0.02445385 0.09759779
v 0.03170711 -0.02818305 0.09776396
v 0.03204054 -0.02854497 0.09759779
v 0.03484726 -0.02404250 0.09778506
v 0.03170711 -0.02818305 0.09776396
v 0.03526207 -0.02445385 0.09759779
v -0.04360749 -0.00519350 0.09640724
v -0.04315454 -0.00682184 0.09688074
v -0.04335111 -0.00537377 0.09689123
v -0.04315454 -0.00682184 0.09688074
v -0.04303256 -0.00534477 0.09727252
v -0.04335111 -0.00537377 0.09689123
v -0.04377418 -0.00337524 0.09643287
v -0.04397290 -0.00061534 0.09623201
v -0.04386382 -0.00335784 0.09603126
v -0.04360749 -0.00519350 0.09640724
v -0.04335111 -0.00537377 0.09689123
v -0.04352071 -0.00369000 0.09690453
v -0.04335111 -0.00537377 0.09689123
v -0.04303256 -0.00534477 0.09727252
v -0.04352071 -0.00369000 0.09690453
v 0.03352141 -0.02811043 0.09680576
v 0.03175381 -0.03009230 0.09680576
v 0.03276179 -0.02934984 0.09613414
v -0.04352071 -0.00369000 0.09690453
v -0.04359615 0.00041266 0.09705109
v -0.04377418 -0.00337524 0.09643287
v -0.04377418 -0.00337524 0.09643287
v -0.04359615 0.00041266 0.09705109
v -0.04397290 -0.00061534 0.09623201
v -0.04318053 -0.00362783 0.09729994
v -0.04359615 0.00041266 0.09705109
v -0.04352071 -0.00369000 0.09690453
v -0.04303256 -0.00534477 0.09727252
v -0.04318053 -0.00362783 0.09729994
v -0.04352071 -0.00369000 0.09690453
v -0.04318053 -0.00362783 0.09729994
v -0.04324903 0.00005483 0.09738005
v -0.04359615 0.00041266 0.09705109
v -0.04275334 -0.00360061 0.09758992
v -0.04324903 0.00005483 0.09738005
v -0.04318053 -0.00362783 0.09729994
v -0.04275334 -0.00360061 0.09758992
v -0.04280176 0.00015481 0.09764422
v -0.04324903 0.00005483 0.09738005
v 0.03352141 -0.02811043 0.09680576
v 0.03235600 -0.02884509 0.09730715
v 0.03175381 -0.03009230 0.09680576
v -0.04219173 -0.00370500 0.09777893
v -0.04280176 0.00015481 0.09764422
v -0.04275334 -0.00360061 0.09758992
v -0.04219173 -0.00370500 0.09777893
v -0.04225099 0.00307583 0.09777922
v -0.04280176 0.00015481 0.09764422
v 0.02870554 -0.03117130 0.09777332
v 0.03170711 -0.02818305 0.09776396
v 0.03484726 -0.02404250 0.09778506
v 0.03276179 -0.02934984 0.09613414
v 0.03175381 -0.03009230 0.09680576
v 0.03055343 -0.03165481 0.09609456
v 0.04103724 -0.00998388 0.09778876
v 0.04161238 -0.00817333 0.09776253
v 0.04193619 -0.00519368 0.09778644
v 0.04325783 -0.00681911 0.09671117
v 0.04353760 -0.00472551 0.09670080
v 0.04324317 -0.00470764 0.09713353
v 0.03175381 -0.03009230 0.09680576
v 0.03008724 -0.03198048 0.09641678
v 0.03055343 -0.03165481 0.09609456
v 0.03175381 -0.03009230 0.09680576
v 0.02999262 -0.03176566 0.09688229
v 0.03008724 -0.03198048 0.09641678
v 0.04281432 -0.00914701 0.09672827
v 0.04325783 -0.00681911 0.09671117
v 0.04278263 -0.00773593 0.09715898
v 0.03235600 -0.02884509 0.09730715
v 0.02943460 -0.03183975 0.09727527
v 0.03175381 -0.03009230 0.09680576
v 0.03175381 -0.03009230 0.09680576
v 0.02943460 -0.03183975 0.09727527
v 0.02999262 -0.03176566 0.09688229
v 0.03204054 -0.02854497 0.09759779
v 0.02943434 -0.03124548 0.09757698
v 0.03235600 -0.02884509 0.09730715
v 0.03235600 -0.02884509 0.09730715
v 0.02943434 -0.03124548 0.09757698
v 0.02943460 -0.03183975 0.09727527
v 0.03170711 -0.02818305 0.09776396
v 0.02870554 -0.03117130 0.09777332
v 0.03204054 -0.02854497 0.09759779
v 0.03204054 -0.02854497 0.09759779
v 0.02870554 -0.03117130 0.09777332
v 0.02943434 -0.03124548 0.09757698
v 0.04208345 -0.01098043 0.09714014
v 0.04281432 -0.00914701 0.09672827
v 0.04248983 -0.00930122 0.09713657
v 0.04236222 -0.01107881 0.09671266
v 0.04281432 -0.00914701 0.09672827
v 0.04208345 -0.01098043 0.09714014
v 0.01187221 -0.04053106 0.09778876
v 0.01372777 -0.04012409 0.09776253
v 0.01641392 -0.03893281 0.09778644
v 0.02943460 -0.03183975 0.09727527
v 0.02943434 -0.03124548 0.09757698
v 0.02829220 -0.03225621 0.09758867
v 0.02878907 -0.03283762 0.09690947
v 0.02943460 -0.03183975 0.09727527
v 0.02782290 -0.03322301 0.09729953
v 0.02782290 -0.03322301 0.09729953
v 0.02829220 -0.03225621 0.09758867
v 0.02698751 -0.03339248 0.09757472
v 0.02614524 -0.03459451 0.09727252
v 0.02698751 -0.03339248 0.09757472
v 0.02540611 -0.03455552 0.09759695
v 0.02481024 -0.03622201 0.09643287
v 0.02254443 -0.03775615 0.09623910
v 0.02482710 -0.03631718 0.09603090
v 0.02481024 -0.03622201 0.09643287
v 0.02131412 -0.03813880 0.09691466
v 0.02254443 -0.03775615 0.09623910
v 0.02495603 -0.03584501 0.09690453
v 0.02131412 -0.03813880 0.09691466
v 0.02481024 -0.03622201 0.09643287
v 0.02473223 -0.03558184 0.09729994
v 0.02540611 -0.03455552 0.09759695
v 0.02416654 -0.03547218 0.09757991
v 0.02473223 -0.03558184 0.09729994
v 0.02115679 -0.03783101 0.09730787
v 0.02495603 -0.03584501 0.09690453
v 0.02495603 -0.03584501 0.09690453
v 0.02115679 -0.03783101 0.09730787
v 0.02131412 -0.03813880 0.09691466
v 0.02416654 -0.03547218 0.09757991
v 0.02096636 -0.03743845 0.09759803
v 0.02473223 -0.03558184 0.09729994
v 0.02473223 -0.03558184 0.09729994
v 0.02096636 -0.03743845 0.09759803
v 0.02115679 -0.03783101 0.09730787
v 0.02416654 -0.03547218 0.09757991
v 0.02082631 -0.03694926 0.09776557
v 0.02096636 -0.03743845 0.09759803
v 0.02403204 -0.03484380 0.09778232
v 0.02082631 -0.03694926 0.09776557
v 0.02416654 -0.03547218 0.09757991
v 0.02254443 -0.03775615 0.09623910
v 0.02131412 -0.03813880 0.09691466
v 0.02023436 -0.03904281 0.09623844
v 0.01572368 -0.04087194 0.09671117
v 0.01767617 -0.04006745 0.09670080
v 0.01754497 -0.03980357 0.09713353
v 0.04193619 -0.00519368 0.09778644
v 0.04222574 -0.00592332 0.09770037
v 0.04242308 -0.00427201 0.09770209
v 0.02023436 -0.03904281 0.09623844
v 0.01767617 -0.04006745 0.09670080
v 0.01761729 -0.04028952 0.09618992
v 0.01348568 -0.04165191 0.09672827
v 0.01572368 -0.04087194 0.09671117
v 0.01469201 -0.04091890 0.09715898
v 0.02131412 -0.03813880 0.09691466
v 0.01767617 -0.04006745 0.09670080
v 0.02023436 -0.03904281 0.09623844
v 0.02131412 -0.03813880 0.09691466
v 0.01754497 -0.03980357 0.09713353
v 0.01767617 -0.04006745 0.09670080
v 0.02115679 -0.03783101 0.09730787
v 0.01754497 -0.03980357 0.09713353
v 0.02131412 -0.03813880 0.09691466
v 0.02115679 -0.03783101 0.09730787
v 0.01737373 -0.03946078 0.09746600
v 0.01754497 -0.03980357 0.09713353
v 0.02096636 -0.03743845 0.09759803
v 0.01737373 -0.03946078 0.09746600
v 0.02115679 -0.03783101 0.09730787
v 0.02096636 -0.03743845 0.09759803
v 0.01659654 -0.03927896 0.09770204
v 0.01737373 -0.03946078 0.09746600
v 0.02082631 -0.03694926 0.09776557
v 0.01659654 -0.03927896 0.09770204
v 0.02096636 -0.03743845 0.09759803
v 0.02403204 -0.03484380 0.09778232
v 0.01641392 -0.03893281 0.09778644
v 0.02082631 -0.03694926 0.09776557
v 0.02082631 -0.03694926 0.09776557
v 0.01641392 -0.03893281 0.09778644
v 0.01659654 -0.03927896 0.09770204
v 0.01153251 -0.04193590 0.09714008
v 0.01348568 -0.04165191 0.09672827
v 0.01318993 -0.04144813 0.09713657
v 0.01158637 -0.04222612 0.09671266
v 0.01348568 -0.04165191 0.09672827
v 0.01153251 -0.04193590 0.09714008
v 0.04103724 -0.00998388 0.09778876
v 0.04135680 -0.01036152 0.09770347
v 0.04161238 -0.00817333 0.09776253
v -0.01285682 -0.04141104 0.09727527
v -0.01234221 -0.04111374 0.09757698
v -0.01378859 -0.04062956 0.09758867
v 0.03008724 -0.03198048 0.09641678
v 0.02895054 -0.03300187 0.09644319
v 0.03055343 -0.03165481 0.09609456
v 0.03055343 -0.03165481 0.09609456
v 0.02895054 -0.03300187 0.09644319
v 0.02862411 -0.03339910 0.09606476
v -0.01404375 -0.04135085 0.09690947
v -0.01285682 -0.04141104 0.09727527
v -0.01486077 -0.04070638 0.09729953
v -0.01486077 -0.04070638 0.09729953
v -0.01378859 -0.04062956 0.09758867
v -0.01542515 -0.04006791 0.09757472
v 0.02895054 -0.03300187 0.09644319
v 0.02780853 -0.03397327 0.09643293
v 0.02862411 -0.03339910 0.09606476
v 0.02862411 -0.03339910 0.09606476
v 0.02780853 -0.03397327 0.09643293
v 0.02677897 -0.03490269 0.09604497
v 0.02780853 -0.03397327 0.09643293
v 0.02630165 -0.03516843 0.09640730
v 0.02677897 -0.03490269 0.09604497
v -0.01688735 -0.03993957 0.09727252
v -0.01542515 -0.04006791 0.09757472
v -0.01722315 -0.03927992 0.09759695
v 0.02677897 -0.03490269 0.09604497
v 0.02630165 -0.03516843 0.09640730
v 0.02482710 -0.03631718 0.09603090
v -0.01844891 -0.03920942 0.09729994
v -0.01722315 -0.03927992 0.09759695
v -0.01863658 -0.03866492 0.09757991
v 0.01158637 -0.04222612 0.09671266
v 0.00901179 -0.04303576 0.09626026
v 0.01137910 -0.04247175 0.09619034
v 0.01158637 -0.04222612 0.09671266
v 0.00889647 -0.04275633 0.09691353
v 0.00901179 -0.04303576 0.09626026
v 0.01153251 -0.04193590 0.09714008
v 0.00889647 -0.04275633 0.09691353
v 0.01158637 -0.04222612 0.09671266
v 0.01153251 -0.04193590 0.09714008
v 0.00754415 -0.04268536 0.09730715
v 0.00889647 -0.04275633 0.09691353
v 0.01177296 -0.04146558 0.09747590
v 0.00754415 -0.04268536 0.09730715
v 0.01153251 -0.04193590 0.09714008
v 0.01177296 -0.04146558 0.09747590
v 0.00748237 -0.04225436 0.09759779
v 0.00754415 -0.04268536 0.09730715
v -0.02753483 -0.03405284 0.09671117
v -0.02586156 -0.03534173 0.09670080
v -0.02569862 -0.03509602 0.09713353
v 0.01170489 -0.04099678 0.09770347
v 0.00748237 -0.04225436 0.09759779
v 0.01177296 -0.04146558 0.09747590
v 0.01170489 -0.04099678 0.09770347
v 0.00738008 -0.04169622 0.09778334
v 0.00748237 -0.04225436 0.09759779
v 0.01187221 -0.04053106 0.09778876
v 0.00738008 -0.04169622 0.09778334
v 0.01170489 -0.04099678 0.09770347
v -0.02932860 -0.03250470 0.09672827
v -0.02753483 -0.03405284 0.09671117
v -0.02809100 -0.03318301 0.09715892
v 0.00889647 -0.04275633 0.09691353
v 0.00628658 -0.04321767 0.09691353
v 0.00901179 -0.04303576 0.09626026
v 0.00901179 -0.04303576 0.09626026
v 0.00628658 -0.04321767 0.09691353
v 0.00640084 -0.04350094 0.09625990
v 0.00889647 -0.04275633 0.09691353
v 0.00754415 -0.04268536 0.09730715
v 0.00628658 -0.04321767 0.09691353
v 0.01187221 -0.04053106 0.09778876
v 0.01170489 -0.04099678 0.09770347
v 0.01372777 -0.04012409 0.09776253
v -0.03055127 -0.03095540 0.09714014
v -0.02932860 -0.03250470 0.09672827
v -0.02930015 -0.03214692 0.09713657
v -0.03077570 -0.03114711 0.09671266
v -0.02932860 -0.03250470 0.09672827
v -0.03055127 -0.03095540 0.09714014
v 0.00640084 -0.04350094 0.09625990
v 0.00366694 -0.04375053 0.09644438
v 0.00265508 -0.04393479 0.09598828
v -0.01265262 -0.04204641 0.09641678
v -0.01410499 -0.04157276 0.09644319
v -0.01213075 -0.04228908 0.09609438
v -0.01213075 -0.04228908 0.09609438
v -0.01410499 -0.04157276 0.09644319
v -0.01461067 -0.04148931 0.09606476
v 0.00640084 -0.04350094 0.09625990
v 0.00365321 -0.04351931 0.09691353
v 0.00366694 -0.04375053 0.09644438
v 0.00628658 -0.04321767 0.09691353
v 0.00365321 -0.04351931 0.09691353
v 0.00640084 -0.04350094 0.09625990
v -0.04229136 -0.00957125 0.09727533
v -0.04177675 -0.00986813 0.09757698
v -0.04208045 -0.00837369 0.09758867
v -0.04283299 -0.00851332 0.09690947
v -0.04229136 -0.00957125 0.09727533
v -0.04268329 -0.00748342 0.09729953
v 0.00628658 -0.04321767 0.09691353
v 0.00363339 -0.04317472 0.09730704
v 0.00365321 -0.04351931 0.09691353
v 0.00754415 -0.04268536 0.09730715
v 0.00363339 -0.04317472 0.09730704
v 0.00628658 -0.04321767 0.09691353
v -0.01410499 -0.04157276 0.09644319
v -0.01551708 -0.04106944 0.09643299
v -0.01461067 -0.04148931 0.09606476
v -0.01461067 -0.04148931 0.09606476
v -0.01551708 -0.04106944 0.09643299
v -0.01683181 -0.04064486 0.09604473
v -0.04268329 -0.00748342 0.09729953
v -0.04208045 -0.00837369 0.09758867
v -0.04235522 -0.00689624 0.09758521
v 0.00748237 -0.04225436 0.09759779
v 0.00198419 -0.04287278 0.09759791
v 0.00754415 -0.04268536 0.09730715
v 0.00754415 -0.04268536 0.09730715
v 0.00198419 -0.04287278 0.09759791
v 0.00363339 -0.04317472 0.09730704
v -0.01551708 -0.04106944 0.09643299
v -0.01730630 -0.04036196 0.09640730
v -0.01683181 -0.04064486 0.09604473
v 0.00738008 -0.04169622 0.09778334
v 0.00201292 -0.04237992 0.09776426
v 0.00748237 -0.04225436 0.09759779
v 0.00748237 -0.04225436 0.09759779
v 0.00201292 -0.04237992 0.09776426
v 0.00198419 -0.04287278 0.09759791
v -0.04268329 -0.00748342 0.09729953
v -0.04235522 -0.00689624 0.09758521
v -0.04259777 -0.00536626 0.09757472
v -0.01683181 -0.04064486 0.09604473
v -0.01730630 -0.04036196 0.09640730
v -0.01903133 -0.03966279 0.09603108
v 0.00366694 -0.04375053 0.09644438
v 0.00067131 -0.04390259 0.09644438
v 0.00265508 -0.04393479 0.09598828
v 0.00366694 -0.04375053 0.09644438
v 0.00067359 -0.04367113 0.09691353
v 0.00067131 -0.04390259 0.09644438
v 0.00365321 -0.04351931 0.09691353
v -0.04318053 -0.00362783 0.09729994
v -0.04259777 -0.00536626 0.09757472
v -0.04275334 -0.00360061 0.09758992
v 0.00365321 -0.04351931 0.09691353
v 0.00067687 -0.04332551 0.09730704
v 0.00067359 -0.04367113 0.09691353
v 0.00363339 -0.04317472 0.09730704
v 0.00363339 -0.04317472 0.09730704
v 0.00198419 -0.04287278 0.09759791
v 0.00067687 -0.04332551 0.09730704
v 0.00265508 -0.04393479 0.09598828
v 0.00067131 -0.04390259 0.09644438
v -0.00114632 -0.04398167 0.09601314
v -0.02759464 -0.03218046 0.09776718
v -0.02571835 -0.03401242 0.09770204
v -0.02523437 -0.03389124 0.09778506
v 0.04355737 -0.00605284 0.09617955
v 0.04375483 -0.00434501 0.09619016
v 0.04353760 -0.00472551 0.09670080
v -0.00384261 -0.04216606 0.09778590
v 0.00201292 -0.04237992 0.09776426
v 0.00738008 -0.04169622 0.09778334
v 0.04304668 -0.00621119 0.09713919
v 0.04325783 -0.00681911 0.09671117
v 0.04324317 -0.00470764 0.09713353
v 0.00067131 -0.04390259 0.09644438
v -0.00220298 -0.04383866 0.09647031
v -0.00114632 -0.04398167 0.09601314
v 0.04278263 -0.00773593 0.09715898
v 0.04325783 -0.00681911 0.09671117
v 0.04304668 -0.00621119 0.09713919
v 0.00067359 -0.04367113 0.09691353
v -0.00230809 -0.04361123 0.09691353
v 0.00067131 -0.04390259 0.09644438
v 0.00067131 -0.04390259 0.09644438
v -0.00230809 -0.04361123 0.09691353
v -0.00220298 -0.04383866 0.09647031
v 0.04248983 -0.00930122 0.09713657
v 0.04281432 -0.00914701 0.09672827
v 0.04278263 -0.00773593 0.09715898
v 0.04288850 -0.00973715 0.09614767
v 0.04323507 -0.00799669 0.09619970
v 0.04281432 -0.00914701 0.09672827
v 0.00067687 -0.04332551 0.09730704
v -0.00359682 -0.04319748 0.09730715
v 0.00067359 -0.04367113 0.09691353
v 0.00067359 -0.04367113 0.09691353
v -0.00359682 -0.04319748 0.09730715
v -0.00230809 -0.04361123 0.09691353
v -0.00220298 -0.04383866 0.09647031
v -0.00377582 -0.04382332 0.09613390
v -0.00114632 -0.04398167 0.09601314
v 0.04236222 -0.01107881 0.09671266
v 0.04288850 -0.00973715 0.09614767
v 0.04281432 -0.00914701 0.09672827
v 0.00067687 -0.04332551 0.09730704
v -0.00354663 -0.04276467 0.09759779
v -0.00359682 -0.04319748 0.09730715
v 0.00198419 -0.04287278 0.09759791
v -0.00354663 -0.04276467 0.09759779
v 0.00067687 -0.04332551 0.09730704
v 0.04236222 -0.01107881 0.09671266
v 0.04246573 -0.01140368 0.09618987
v 0.04288850 -0.00973715 0.09614767
v 0.00201292 -0.04237992 0.09776426
v -0.00384261 -0.04216606 0.09778590
v 0.00198419 -0.04287278 0.09759791
v 0.00198419 -0.04287278 0.09759791
v -0.00384261 -0.04216606 0.09778590
v -0.00354663 -0.04276467 0.09759779
v -0.04268742 -0.01064486 0.09609432
v -0.04293651 -0.00917368 0.09644468
v -0.04323592 -0.00809252 0.09606499
v 0.02943434 -0.03124548 0.09757698
v 0.02870554 -0.03117130 0.09777332
v 0.02829220 -0.03225621 0.09758867
v 0.02943460 -0.03183975 0.09727527
v 0.02829220 -0.03225621 0.09758867
v 0.02782290 -0.03322301 0.09729953
v -0.00220298 -0.04383866 0.09647031
v -0.00495551 -0.04346642 0.09680576
v -0.00377582 -0.04382332 0.09613390
v -0.04293651 -0.00917368 0.09644468
v -0.04332595 -0.00709601 0.09643293
v -0.04323592 -0.00809252 0.09606499
v -0.00230809 -0.04361123 0.09691353
v -0.00495551 -0.04346642 0.09680576
v -0.00220298 -0.04383866 0.09647031
v -0.04323592 -0.00809252 0.09606499
v -0.04332595 -0.00709601 0.09643293
v -0.04361444 -0.00575055 0.09604449
v 0.02829220 -0.03225621 0.09758867
v 0.02870554 -0.03117130 0.09777332
v 0.02739793 -0.03234227 0.09776826
v -0.00230809 -0.04361123 0.09691353
v -0.00359682 -0.04319748 0.09730715
v -0.00495551 -0.04346642 0.09680576
v -0.04332595 -0.00709601 0.09643293
v -0.04360749 -0.00519350 0.09640724
v -0.04361444 -0.00575055 0.09604449
v 0.02587007 -0.03358286 0.09776832
v 0.02782290 -0.03322301 0.09729953
v 0.02698751 -0.03339248 0.09757472
v 0.02614524 -0.03459451 0.09727252
v -0.00377582 -0.04382332 0.09613390
v -0.00495551 -0.04346642 0.09680576
v -0.00641138 -0.04351594 0.09613402
v -0.04361444 -0.00575055 0.09604449
v -0.04360749 -0.00519350 0.09640724
v -0.04386382 -0.00335784 0.09603126
v 0.02614524 -0.03459451 0.09727252
v 0.02540611 -0.03455552 0.09759695
v 0.02473223 -0.03558184 0.09729994
v 0.02540611 -0.03455552 0.09759695
v 0.02587007 -0.03358286 0.09776832
v 0.02403204 -0.03484380 0.09778232
v -0.00495551 -0.04346642 0.09680576
v -0.00758383 -0.04308545 0.09680576
v -0.00641138 -0.04351594 0.09613402
v 0.04222574 -0.00592332 0.09770037
v -0.00359682 -0.04319748 0.09730715
v -0.00880233 -0.04244368 0.09730715
v -0.00495551 -0.04346642 0.09680576
v -0.00758383 -0.04308545 0.09680576
v -0.00359682 -0.04319748 0.09730715
v -0.00870017 -0.04202036 0.09759779
v -0.00880233 -0.04244368 0.09730715
v -0.00354663 -0.04276467 0.09759779
v -0.00870017 -0.04202036 0.09759779
v -0.00359682 -0.04319748 0.09730715
v -0.00641138 -0.04351594 0.09613402
v -0.00758383 -0.04308545 0.09680576
v -0.00902407 -0.04305014 0.09613414
v 0.04197451 -0.00810851 0.09765638
v 0.04262955 -0.00616031 0.09749551
v 0.04222574 -0.00592332 0.09770037
v 0.01614439 -0.04038515 0.09713919
v 0.01572368 -0.04087194 0.09671117
v 0.01754497 -0.03980357 0.09713353
v 0.04197451 -0.00810851 0.09765638
v 0.04222574 -0.00592332 0.09770037
v 0.04161238 -0.00817333 0.09776253
v -0.00354663 -0.04276467 0.09759779
v -0.00861010 -0.04166198 0.09773196
v -0.00870017 -0.04202036 0.09759779
v 0.04161238 -0.00817333 0.09776253
v 0.04222574 -0.00592332 0.09770037
v 0.04193619 -0.00519368 0.09778644
v -0.00384261 -0.04216606 0.09778590
v -0.00861010 -0.04166198 0.09773196
v -0.00354663 -0.04276467 0.09759779
v 0.01469201 -0.04091890 0.09715898
v 0.01572368 -0.04087194 0.09671117
v 0.01614439 -0.04038515 0.09713919
v 0.01358094 -0.04179395 0.09629394
v 0.01559905 -0.04111813 0.09616382
v 0.01572368 -0.04087194 0.09671117
v -0.00758383 -0.04308545 0.09680576
v -0.01018352 -0.04254580 0.09680576
v -0.00902407 -0.04305014 0.09613414
v 0.04135680 -0.01036152 0.09770347
v 0.04228796 -0.00831516 0.09748138
v 0.04197451 -0.00810851 0.09765638
v 0.01318993 -0.04144813 0.09713657
v 0.01348568 -0.04165191 0.09672827
v 0.01469201 -0.04091890 0.09715898
v 0.04197451 -0.00810851 0.09765638
v 0.04161238 -0.00817333 0.09776253
v 0.04135680 -0.01036152 0.09770347
v -0.00758383 -0.04308545 0.09680576
v -0.00880233 -0.04244368 0.09730715
v -0.01018352 -0.04254580 0.09680576
v 0.01158637 -0.04222612 0.09671266
v 0.01358094 -0.04179395 0.09629394
v 0.01348568 -0.04165191 0.09672827
v 0.01358094 -0.04179395 0.09629394
v 0.01137910 -0.04247175 0.09619034
v 0.01305081 -0.04201067 0.09606410
v 0.01158637 -0.04222612 0.09671266
v 0.01137910 -0.04247175 0.09619034
v 0.01358094 -0.04179395 0.09629394
v -0.00902407 -0.04305014 0.09613414
v -0.01018352 -0.04254580 0.09680576
v -0.01213075 -0.04228908 0.09609438
v 0.03008724 -0.03198048 0.09641678
v 0.02999262 -0.03176566 0.09688229
v 0.02895054 -0.03300187 0.09644319
v 0.02999262 -0.03176566 0.09688229
v 0.02878907 -0.03283762 0.09690947
v 0.02895054 -0.03300187 0.09644319
v -0.00384261 -0.04216606 0.09778590
v -0.01258686 -0.04045764 0.09777541
v -0.00861010 -0.04166198 0.09773196
v -0.01234221 -0.04111374 0.09757698
v -0.01258686 -0.04045764 0.09777541
v -0.01378859 -0.04062956 0.09758867
v -0.01285682 -0.04141104 0.09727527
v -0.01378859 -0.04062956 0.09758867
v -0.01486077 -0.04070638 0.09729953
v 0.02878907 -0.03283762 0.09690947
v 0.02748514 -0.03396193 0.09688074
v 0.02895054 -0.03300187 0.09644319
v -0.01018352 -0.04254580 0.09680576
v -0.01265262 -0.04204641 0.09641678
v -0.01213075 -0.04228908 0.09609438
v 0.02895054 -0.03300187 0.09644319
v 0.02748514 -0.03396193 0.09688074
v 0.02780853 -0.03397327 0.09643293
v -0.01018352 -0.04254580 0.09680576
v -0.01251353 -0.04185709 0.09688229
v -0.01265262 -0.04204641 0.09641678
v -0.01378859 -0.04062956 0.09758867
v -0.01258686 -0.04045764 0.09777541
v -0.01431017 -0.03989844 0.09776826
v -0.00880233 -0.04244368 0.09730715
v -0.01285682 -0.04141104 0.09727527
v -0.01018352 -0.04254580 0.09680576
v -0.01018352 -0.04254580 0.09680576
v -0.01285682 -0.04141104 0.09727527
v -0.01251353 -0.04185709 0.09688229
v 0.02780853 -0.03397327 0.09643293
v 0.02748514 -0.03396193 0.09688074
v 0.02630165 -0.03516843 0.09640730
v -0.01542515 -0.04006791 0.09757472
v -0.01431017 -0.03989844 0.09776826
v -0.01614865 -0.03919555 0.09776832
v -0.00870017 -0.04202036 0.09759779
v -0.01234221 -0.04111374 0.09757698
v -0.00880233 -0.04244368 0.09730715
v -0.00880233 -0.04244368 0.09730715
v -0.01234221 -0.04111374 0.09757698
v -0.01285682 -0.04141104 0.09727527
v -0.01486077 -0.04070638 0.09729953
v -0.01542515 -0.04006791 0.09757472
v -0.01688735 -0.03993957 0.09727252
v -0.00861010 -0.04166198 0.09773196
v -0.01258686 -0.04045764 0.09777541
v -0.00870017 -0.04202036 0.09759779
v -0.00870017 -0.04202036 0.09759779
v -0.01258686 -0.04045764 0.09777541
v -0.01234221 -0.04111374 0.09757698
v -0.01688735 -0.03993957 0.09727252
v -0.01722315 -0.03927992 0.09759695
v -0.01844891 -0.03920942 0.09729994
v 0.02630165 -0.03516843 0.09640730
v 0.02495603 -0.03584501 0.09690453
v 0.02481024 -0.03622201 0.09643287
v 0.02630165 -0.03516843 0.09640730
v 0.02481024 -0.03622201 0.09643287
v 0.02482710 -0.03631718 0.09603090
v -0.01722315 -0.03927992 0.09759695
v -0.01614865 -0.03919555 0.09776832
v -0.01815982 -0.03823418 0.09778232
v -0.02683819 -0.03485612 0.09606416
v -0.02560480 -0.03574634 0.09618843
v -0.02733392 -0.03440683 0.09629942
v -0.02733392 -0.03440683 0.09629942
v -0.02560480 -0.03574634 0.09618843
v -0.02586156 -0.03534173 0.09670080
v 0.01396514 -0.04040530 0.09765638
v 0.01598002 -0.03999824 0.09749551
v 0.01659654 -0.03927896 0.09770204
v -0.02690213 -0.03417397 0.09713919
v 0.01372777 -0.04012409 0.09776253
v 0.01659654 -0.03927896 0.09770204
v 0.01641392 -0.03893281 0.09778644
v 0.01396514 -0.04040530 0.09765638
v 0.01659654 -0.03927896 0.09770204
v 0.01372777 -0.04012409 0.09776253
v -0.02809100 -0.03318301 0.09715892
v -0.02753483 -0.03405284 0.09671117
v -0.02690213 -0.03417397 0.09713919
v -0.02887481 -0.03318845 0.09606416
v -0.02733392 -0.03440683 0.09629942
v -0.02934238 -0.03271041 0.09629942
v -0.02934238 -0.03271041 0.09629942
v -0.02733392 -0.03440683 0.09629942
v -0.02753483 -0.03405284 0.09671117
v 0.01170489 -0.04099678 0.09770347
v 0.01394289 -0.04077972 0.09748138
v 0.01396514 -0.04040530 0.09765638
v -0.02930015 -0.03214692 0.09713657
v -0.02932860 -0.03250470 0.09672827
v -0.02809100 -0.03318301 0.09715892
v -0.01896398 -0.03959738 0.09643287
v -0.02141579 -0.03842347 0.09611619
v -0.01903133 -0.03966279 0.09603108
v 0.01396514 -0.04040530 0.09765638
v 0.01372777 -0.04012409 0.09776253
v 0.01170489 -0.04099678 0.09770347
v -0.01896398 -0.03959738 0.09643287
v -0.02129849 -0.03827565 0.09668697
v -0.02141579 -0.03842347 0.09611619
v -0.01856468 -0.03953500 0.09690453
v -0.02129849 -0.03827565 0.09668697
v -0.01896398 -0.03959738 0.09643287
v -0.01856468 -0.03953500 0.09690453
v -0.02109214 -0.03796057 0.09722264
v -0.02129849 -0.03827565 0.09668697
v -0.03077570 -0.03114711 0.09671266
v -0.02934238 -0.03271041 0.09629942
v -0.02932860 -0.03250470 0.09672827
v -0.03079472 -0.03139656 0.09616126
v -0.02934238 -0.03271041 0.09629942
v -0.03077570 -0.03114711 0.09671266
v -0.01844891 -0.03920942 0.09729994
v -0.02109214 -0.03796057 0.09722264
v -0.01856468 -0.03953500 0.09690453
v -0.01844891 -0.03920942 0.09729994
v -0.02193933 -0.03687676 0.09759803
v -0.02109214 -0.03796057 0.09722264
v -0.01863658 -0.03866492 0.09757991
v -0.02193933 -0.03687676 0.09759803
v -0.01844891 -0.03920942 0.09729994
v -0.02425125 -0.01185949 0.09729970
v -0.02687101 -0.01010593 0.09729970
v -0.02584933 -0.01104602 0.09729970
v -0.02132850 -0.01195756 0.09729970
v -0.02268710 -0.01208101 0.09729970
v -0.01799380 -0.00974262 0.09729970
v -0.02779356 -0.00863125 0.09729970
v -0.01955938 -0.01121953 0.09729970
v -0.01702804 -0.00568734 0.09729970
v -0.01706930 -0.00762158 0.09729970
v -0.01762172 -0.00321306 0.09729970
v -0.02855204 -0.00564144 0.09729970
v -0.02899787 -0.00268154 0.09729970
v -0.01793306 0.00000000 0.09729970
v -0.02909619 0.00101612 0.09729970
v -0.02874014 0.00469757 0.09729970
v -0.01762172 0.00321307 0.09729970
v -0.02779356 0.00863125 0.09729970
v -0.01702804 0.00568734 0.09729970
v -0.02440664 0.01179892 0.09729970
v -0.02687101 0.01010594 0.09729970
v -0.02584933 0.01104602 0.09729970
v -0.02054814 0.01170532 0.09729970
v -0.02234330 0.01210963 0.09729970
v -0.01743627 0.00872798 0.09729970
v -0.01702033 0.00717027 0.09729970
v -0.01817663 0.00993211 0.09729970
v -0.01912847 0.01090950 0.09729970
v -0.02850092 -0.00592841 0.10629995
v -0.02779356 -0.00863125 0.09729970
v -0.02855204 -0.00564144 0.09729970
v -0.02850092 -0.00592841 0.10629995
v -0.02775647 -0.00869110 0.10629530
v -0.02779356 -0.00863125 0.09729970
v -0.02850092 -0.00592841 0.10629995
v -0.02855204 -0.00564144 0.09729970
v -0.02899787 -0.00268154 0.09729970
v -0.02896461 -0.00291661 0.10629995
v -0.02850092 -0.00592841 0.10629995
v -0.02899787 -0.00268154 0.09729970
v -0.02910880 0.00000000 0.10629995
v -0.02899787 -0.00268154 0.09729970
v -0.02909619 0.00101612 0.09729970
v -0.02910880 0.00000000 0.10629995
v -0.02896461 -0.00291661 0.10629995
v -0.02899787 -0.00268154 0.09729970
v -0.01960279 0.01124204 0.10629965
v -0.02130734 0.01195276 0.10629953
v -0.02054814 0.01170532 0.09729970
v -0.01960279 0.01124204 0.10629965
v -0.02054814 0.01170532 0.09729970
v -0.01912847 0.01090950 0.09729970
v -0.02663841 0.01040041 0.10629941
v -0.02779356 0.00863125 0.09729970
v -0.02687101 0.01010594 0.09729970
v -0.02663841 0.01040041 0.10629941
v -0.02775647 0.00869111 0.10629530
v -0.02779356 0.00863125 0.09729970
v -0.01822021 0.01001725 0.10629971
v -0.01960279 0.01124204 0.10629965
v -0.01912847 0.01090950 0.09729970
v -0.01822021 0.01001725 0.10629971
v -0.01912847 0.01090950 0.09729970
v -0.01817663 0.00993211 0.09729970
v -0.02663841 0.01040041 0.10629941
v -0.02687101 0.01010594 0.09729970
v -0.02584933 0.01104602 0.09729970
v -0.01822021 0.01001725 0.10629971
v -0.01817663 0.00993211 0.09729970
v -0.01743627 0.00872798 0.09729970
v -0.01730894 0.00841065 0.10629983
v -0.01822021 0.01001725 0.10629971
v -0.01743627 0.00872798 0.09729970
v -0.02493264 0.01158954 0.10629947
v -0.02663841 0.01040041 0.10629941
v -0.02584933 0.01104602 0.09729970
v -0.02493264 0.01158954 0.10629947
v -0.02584933 0.01104602 0.09729970
v -0.02440664 0.01179892 0.09729970
v -0.01730894 0.00841065 0.10629983
v -0.01743627 0.00872798 0.09729970
v -0.01702033 0.00717027 0.09729970
v -0.01701299 0.00703439 0.10629989
v -0.01730894 0.00841065 0.10629983
v -0.01702033 0.00717027 0.09729970
v -0.02315025 0.01207288 0.10629953
v -0.02493264 0.01158954 0.10629947
v -0.02440664 0.01179892 0.09729970
v -0.02315025 0.01207288 0.10629953
v -0.02440664 0.01179892 0.09729970
v -0.02234330 0.01210963 0.09729970
v -0.01701784 0.00574845 0.10629697
v -0.01701299 0.00703439 0.10629989
v -0.01702033 0.00717027 0.09729970
v -0.01702804 0.00568734 0.09729970
v -0.02130734 0.01195276 0.10629953
v -0.02315025 0.01207288 0.10629953
v -0.02234330 0.01210963 0.09729970
v -0.02130734 0.01195276 0.10629953
v -0.02234330 0.01210963 0.09729970
v -0.02054814 0.01170532 0.09729970
v -0.01789740 -0.00080475 0.10629697
v -0.01774550 0.00262043 0.10630001
v -0.01793306 0.00000000 0.09729970
v -0.01793306 0.00000000 0.09729970
v -0.01774550 0.00262043 0.10630001
v -0.01762172 0.00321307 0.09729970
v -0.01762172 0.00321307 0.09729970
v -0.01774550 0.00262043 0.10630001
v -0.01702804 0.00568734 0.09729970
v -0.01774550 0.00262043 0.10630001
v -0.01701784 0.00574845 0.10629697
v -0.01702804 0.00568734 0.09729970
v -0.02213447 -0.01208236 0.10629959
v -0.02132850 -0.01195756 0.09729970
v -0.02268710 -0.01208101 0.09729970
v -0.02356527 -0.01199807 0.10630144
v -0.02268710 -0.01208101 0.09729970
v -0.02425125 -0.01185949 0.09729970
v -0.02356527 -0.01199807 0.10630144
v -0.02213447 -0.01208236 0.10629959
v -0.02268710 -0.01208101 0.09729970
v -0.01701784 -0.00574845 0.10629697
v -0.01702804 -0.00568734 0.09729970
v -0.01706930 -0.00762158 0.09729970
v -0.01701300 -0.00703439 0.10629989
v -0.01701784 -0.00574845 0.10629697
v -0.01706930 -0.00762158 0.09729970
v -0.02493264 -0.01158954 0.10629947
v -0.02356527 -0.01199807 0.10630144
v -0.02425125 -0.01185949 0.09729970
v -0.01730895 -0.00841065 0.10629983
v -0.01701300 -0.00703439 0.10629989
v -0.01706930 -0.00762158 0.09729970
v -0.02493264 -0.01158954 0.10629947
v -0.02425125 -0.01185949 0.09729970
v -0.02584933 -0.01104602 0.09729970
v -0.01730895 -0.00841065 0.10629983
v -0.01706930 -0.00762158 0.09729970
v -0.01799380 -0.00974262 0.09729970
v -0.02663841 -0.01040041 0.10629941
v -0.02493264 -0.01158954 0.10629947
v -0.02584933 -0.01104602 0.09729970
v -0.02663841 -0.01040041 0.10629941
v -0.02584933 -0.01104602 0.09729970
v -0.02687101 -0.01010593 0.09729970
v -0.01822021 -0.01001725 0.10629971
v -0.01730895 -0.00841065 0.10629983
v -0.01799380 -0.00974262 0.09729970
v -0.01822021 -0.01001725 0.10629971
v -0.01799380 -0.00974262 0.09729970
v -0.01955938 -0.01121953 0.09729970
v -0.02663841 -0.01040041 0.10629941
v -0.02687101 -0.01010593 0.09729970
v -0.02779356 -0.00863125 0.09729970
v -0.02775647 -0.00869110 0.10629530
v -0.02663841 -0.01040041 0.10629941
v -0.02779356 -0.00863125 0.09729970
v -0.01956756 -0.01121515 0.10629559
v -0.01822021 -0.01001725 0.10629971
v -0.01955938 -0.01121953 0.09729970
v -0.02079677 -0.01178746 0.10629965
v -0.01955938 -0.01121953 0.09729970
v -0.02132850 -0.01195756 0.09729970
v -0.02079677 -0.01178746 0.10629965
v -0.01956756 -0.01121515 0.10629559
v -0.01955938 -0.01121953 0.09729970
v -0.02213447 -0.01208236 0.10629959
v -0.02079677 -0.01178746 0.10629965
v -0.02132850 -0.01195756 0.09729970
v 0.02072373 -0.01178320 0.09729970
v 0.01768975 -0.00926847 0.09729970
v 0.01907553 -0.01086870 0.09729970
v 0.02559624 -0.01123058 0.09729970
v 0.02258147 -0.01210158 0.09729970
v 0.02414685 -0.01186669 0.09729970
v 0.02817895 -0.00742072 0.09729970
v 0.01700857 -0.00720142 0.09729970
v 0.01705038 -0.00557666 0.09729970
v 0.02719651 -0.00973888 0.09729970
v 0.01762172 -0.00321307 0.09729970
v 0.02899787 -0.00268155 0.09729970
v 0.01793306 -0.00000000 0.09729970
v 0.02910097 0.00041793 0.09729970
v 0.01897160 0.01078356 0.09729970
v 0.01789083 0.00954735 0.09729970
v 0.01718862 0.00804646 0.09729970
v 0.02892175 0.00340605 0.09729970
v 0.01762172 0.00321306 0.09729970
v 0.02275179 0.01211966 0.09729970
v 0.02059763 0.01173709 0.09729970
v 0.02837793 0.00645981 0.09729970
v 0.01697679 0.00596407 0.09729970
v 0.02775976 0.00868452 0.09729970
v 0.02488046 0.01161398 0.09729970
v 0.02663095 0.01040997 0.09729970
v 0.02844832 0.00617691 0.10629995
v 0.02775976 0.00868452 0.09729970
v 0.02837793 0.00645981 0.09729970
v 0.02844832 0.00617691 0.10629995
v 0.02763143 0.00899906 0.10629887
v 0.02775976 0.00868452 0.09729970
v 0.02844832 0.00617691 0.10629995
v 0.02837793 0.00645981 0.09729970
v 0.02892175 0.00340605 0.09729970
v 0.02899770 0.00268137 0.10629995
v 0.02844832 0.00617691 0.10629995
v 0.02892175 0.00340605 0.09729970
v 0.02899770 0.00268137 0.10629995
v 0.02892175 0.00340605 0.09729970
v 0.02910097 0.00041793 0.09729970
v 0.02910097 -0.00041793 0.10629995
v 0.02899770 0.00268137 0.10629995
v 0.02910097 0.00041793 0.09729970
v 0.02910097 -0.00041793 0.10629995
v 0.02910097 0.00041793 0.09729970
v 0.02899787 -0.00268155 0.09729970
v 0.02892175 -0.00340606 0.10629995
v 0.02910097 -0.00041793 0.10629995
v 0.02899787 -0.00268155 0.09729970
v 0.02892175 -0.00340606 0.10629995
v 0.02899787 -0.00268155 0.09729970
v 0.02817895 -0.00742072 0.09729970
v 0.02806575 -0.00780678 0.10630114
v 0.02892175 -0.00340606 0.10629995
v 0.02817895 -0.00742072 0.09729970
v 0.02082833 -0.01183429 0.10629828
v 0.02072373 -0.01178320 0.09729970
v 0.01907553 -0.01086870 0.09729970
v 0.01898441 -0.01079419 0.10630001
v 0.02082833 -0.01183429 0.10629828
v 0.01907553 -0.01086870 0.09729970
v 0.02806575 -0.00780678 0.10630114
v 0.02817895 -0.00742072 0.09729970
v 0.02719651 -0.00973888 0.09729970
v 0.02718071 -0.00974263 0.10629542
v 0.02806575 -0.00780678 0.10630114
v 0.02719651 -0.00973888 0.09729970
v 0.01898441 -0.01079419 0.10630001
v 0.01907553 -0.01086870 0.09729970
v 0.01768975 -0.00926847 0.09729970
v 0.01776510 -0.00936827 0.10629995
v 0.01898441 -0.01079419 0.10630001
v 0.01768975 -0.00926847 0.09729970
v 0.02569089 -0.01116913 0.10630001
v 0.02718071 -0.00974263 0.10629542
v 0.02719651 -0.00973888 0.09729970
v 0.02569089 -0.01116913 0.10630001
v 0.02719651 -0.00973888 0.09729970
v 0.02559624 -0.01123058 0.09729970
v 0.01708038 -0.00760948 0.10629702
v 0.01768975 -0.00926847 0.09729970
v 0.01700857 -0.00720142 0.09729970
v 0.01708038 -0.00760948 0.10629702
v 0.01776510 -0.00936827 0.10629995
v 0.01768975 -0.00926847 0.09729970
v 0.02437453 -0.01179210 0.10630150
v 0.02569089 -0.01116913 0.10630001
v 0.02559624 -0.01123058 0.09729970
v 0.01701047 -0.00579418 0.10629726
v 0.01708038 -0.00760948 0.10629702
v 0.01700857 -0.00720142 0.09729970
v 0.02437453 -0.01179210 0.10630150
v 0.02559624 -0.01123058 0.09729970
v 0.02414685 -0.01186669 0.09729970
v 0.02294407 -0.01209050 0.10629702
v 0.02437453 -0.01179210 0.10630150
v 0.02414685 -0.01186669 0.09729970
v 0.02294407 -0.01209050 0.10629702
v 0.02414685 -0.01186669 0.09729970
v 0.02258147 -0.01210158 0.09729970
v 0.02082833 -0.01183429 0.10629828
v 0.02294407 -0.01209050 0.10629702
v 0.02258147 -0.01210158 0.09729970
v 0.02082833 -0.01183429 0.10629828
v 0.02258147 -0.01210158 0.09729970
v 0.02072373 -0.01178320 0.09729970
v 0.01704818 0.00559478 0.10629995
v 0.01766657 0.00302332 0.10630001
v 0.01697679 0.00596407 0.09729970
v 0.01697679 0.00596407 0.09729970
v 0.01766657 0.00302332 0.10630001
v 0.01762172 0.00321306 0.09729970
v 0.01762172 0.00321306 0.09729970
v 0.01766657 0.00302332 0.10630001
v 0.01793306 -0.00000000 0.09729970
v 0.01766657 0.00302332 0.10630001
v 0.01792303 -0.00041709 0.10630001
v 0.01793306 -0.00000000 0.09729970
v 0.01793306 -0.00000000 0.09729970
v 0.01792303 -0.00041709 0.10630001
v 0.01762172 -0.00321307 0.09729970
v 0.01792303 -0.00041709 0.10630001
v 0.01758328 -0.00341790 0.10630001
v 0.01762172 -0.00321307 0.09729970
v 0.01762172 -0.00321307 0.09729970
v 0.01758328 -0.00341790 0.10630001
v 0.01705038 -0.00557666 0.09729970
v 0.01701047 -0.00579418 0.10629726
v 0.01699538 0.00696198 0.10630078
v 0.01704818 0.00559478 0.10629995
v 0.01697679 0.00596407 0.09729970
v -0.02042925 -0.01220893 0.10679991
v -0.02079677 -0.01178746 0.10629965
v -0.02213447 -0.01208236 0.10629959
v -0.02237095 -0.01259870 0.10679991
v -0.02042925 -0.01220893 0.10679991
v -0.02213447 -0.01208236 0.10629959
v -0.02237095 -0.01259870 0.10679991
v -0.02213447 -0.01208236 0.10629959
v -0.02356527 -0.01199807 0.10630144
v -0.02433538 -0.01234839 0.10679991
v -0.02237095 -0.01259870 0.10679991
v -0.02356527 -0.01199807 0.10630144
v -0.01650698 -0.00579063 0.10679979
v -0.01701784 -0.00574845 0.10629697
v -0.01701300 -0.00703439 0.10629989
v -0.02433538 -0.01234839 0.10679991
v -0.02356527 -0.01199807 0.10630144
v -0.02493264 -0.01158954 0.10629947
v -0.01663494 -0.00791087 0.10679991
v -0.01650698 -0.00579063 0.10679979
v -0.01701300 -0.00703439 0.10629989
v -0.01663494 -0.00791087 0.10679991
v -0.01701300 -0.00703439 0.10629989
v -0.01730895 -0.00841065 0.10629983
v -0.02611705 -0.01148459 0.10679991
v -0.02433538 -0.01234839 0.10679991
v -0.02493264 -0.01158954 0.10629947
v -0.02611705 -0.01148459 0.10679991
v -0.02493264 -0.01158954 0.10629947
v -0.02663841 -0.01040041 0.10629941
v -0.01740311 -0.00973567 0.10679991
v -0.01663494 -0.00791087 0.10679991
v -0.01730895 -0.00841065 0.10629983
v -0.01740311 -0.00973567 0.10679991
v -0.01730895 -0.00841065 0.10629983
v -0.01822021 -0.01001725 0.10629971
v -0.02762957 -0.00997451 0.10679985
v -0.02611705 -0.01148459 0.10679991
v -0.02663841 -0.01040041 0.10629941
v -0.02762957 -0.00997451 0.10679985
v -0.02663841 -0.01040041 0.10629941
v -0.02775647 -0.00869110 0.10629530
v -0.01871362 -0.01122016 0.10679991
v -0.01740311 -0.00973567 0.10679991
v -0.01822021 -0.01001725 0.10629971
v -0.01871362 -0.01122016 0.10679991
v -0.01822021 -0.01001725 0.10629971
v -0.01956756 -0.01121515 0.10629559
v -0.02042925 -0.01220893 0.10679991
v -0.01871362 -0.01122016 0.10679991
v -0.01956756 -0.01121515 0.10629559
v -0.02042925 -0.01220893 0.10679991
v -0.01956756 -0.01121515 0.10629559
v -0.02079677 -0.01178746 0.10629965
v -0.02842408 -0.00833765 0.10679985
v -0.02762957 -0.00997451 0.10679985
v -0.02775647 -0.00869110 0.10629530
v -0.02842408 -0.00833765 0.10679985
v -0.02775647 -0.00869110 0.10629530
v -0.02850092 -0.00592841 0.10629995
v -0.02938301 -0.00375519 0.10679997
v -0.02842408 -0.00833765 0.10679985
v -0.02850092 -0.00592841 0.10629995
v -0.02938301 -0.00375519 0.10679997
v -0.02850092 -0.00592841 0.10629995
v -0.02896461 -0.00291661 0.10629995
v -0.02962240 0.00103454 0.10679991
v -0.02896461 -0.00291661 0.10629995
v -0.02910880 0.00000000 0.10629995
v -0.02962240 0.00103454 0.10679991
v -0.02938301 -0.00375519 0.10679997
v -0.02896461 -0.00291661 0.10629995
v -0.01701784 0.00574845 0.10629697
v -0.01774550 0.00262043 0.10630001
v -0.01650697 0.00579063 0.10679979
v -0.01650697 0.00579063 0.10679979
v -0.01774550 0.00262043 0.10630001
v -0.01728375 0.00230594 0.10680003
v -0.01728375 0.00230594 0.10680003
v -0.01789740 -0.00080475 0.10629697
v -0.01732997 -0.00202562 0.10680003
v -0.01774550 0.00262043 0.10630001
v -0.01789740 -0.00080475 0.10629697
v -0.01728375 0.00230594 0.10680003
v -0.01789740 -0.00080475 0.10629697
v -0.01759121 -0.00337735 0.10630305
v -0.01732997 -0.00202562 0.10680003
v -0.01759121 -0.00337735 0.10630305
v -0.01650698 -0.00579063 0.10679979
v -0.01732997 -0.00202562 0.10680003
v -0.01759121 -0.00337735 0.10630305
v -0.01701784 -0.00574845 0.10629697
v -0.01650698 -0.00579063 0.10679979
v -0.02042925 0.01220893 0.10679991
v -0.02130734 0.01195276 0.10629953
v -0.01960279 0.01124204 0.10629965
v -0.01871362 0.01122016 0.10679991
v -0.02042925 0.01220893 0.10679991
v -0.01960279 0.01124204 0.10629965
v -0.01871362 0.01122016 0.10679991
v -0.01960279 0.01124204 0.10629965
v -0.01822021 0.01001725 0.10629971
v -0.02762957 0.00997451 0.10679985
v -0.02775647 0.00869111 0.10629530
v -0.02663841 0.01040041 0.10629941
v -0.01740310 0.00973567 0.10679991
v -0.01871362 0.01122016 0.10679991
v -0.01822021 0.01001725 0.10629971
v -0.02611705 0.01148460 0.10679991
v -0.02762957 0.00997451 0.10679985
v -0.02663841 0.01040041 0.10629941
v -0.01740310 0.00973567 0.10679991
v -0.01822021 0.01001725 0.10629971
v -0.01730894 0.00841065 0.10629983
v -0.02611705 0.01148460 0.10679991
v -0.02663841 0.01040041 0.10629941
v -0.02493264 0.01158954 0.10629947
v -0.01663493 0.00791088 0.10679991
v -0.01740310 0.00973567 0.10679991
v -0.01730894 0.00841065 0.10629983
v -0.02433537 0.01234839 0.10679991
v -0.02611705 0.01148460 0.10679991
v -0.02493264 0.01158954 0.10629947
v -0.01663493 0.00791088 0.10679991
v -0.01730894 0.00841065 0.10629983
v -0.01701299 0.00703439 0.10629989
v -0.01650697 0.00579063 0.10679979
v -0.01663493 0.00791088 0.10679991
v -0.01701299 0.00703439 0.10629989
v -0.01650697 0.00579063 0.10679979
v -0.01701299 0.00703439 0.10629989
v -0.01701784 0.00574845 0.10629697
v -0.02433537 0.01234839 0.10679991
v -0.02493264 0.01158954 0.10629947
v -0.02315025 0.01207288 0.10629953
v -0.02237095 0.01259870 0.10679991
v -0.02433537 0.01234839 0.10679991
v -0.02315025 0.01207288 0.10629953
v -0.02237095 0.01259870 0.10679991
v -0.02315025 0.01207288 0.10629953
v -0.02130734 0.01195276 0.10629953
v -0.02762957 0.00997451 0.10679985
v -0.02828213 0.00868782 0.10679991
v -0.02775647 0.00869111 0.10629530
v -0.02042925 0.01220893 0.10679991
v -0.02237095 0.01259870 0.10679991
v -0.02130734 0.01195276 0.10629953
v 0.02012305 -0.01211853 0.10679979
v 0.02082833 -0.01183429 0.10629828
v 0.01898441 -0.01079419 0.10630001
v 0.02830780 -0.00862742 0.10679991
v 0.02806575 -0.00780678 0.10630114
v 0.02718071 -0.00974263 0.10629542
v 0.01813347 -0.01067955 0.10679991
v 0.02012305 -0.01211853 0.10679979
v 0.01898441 -0.01079419 0.10630001
v 0.02753613 -0.01008904 0.10679991
v 0.02830780 -0.00862742 0.10679991
v 0.02718071 -0.00974263 0.10629542
v 0.01813347 -0.01067955 0.10679991
v 0.01898441 -0.01079419 0.10630001
v 0.01776510 -0.00936827 0.10629995
v 0.01702804 -0.00904340 0.10679991
v 0.01813347 -0.01067955 0.10679991
v 0.01776510 -0.00936827 0.10629995
v 0.02613062 -0.01147507 0.10679991
v 0.02753613 -0.01008904 0.10679991
v 0.02718071 -0.00974263 0.10629542
v 0.02613062 -0.01147507 0.10679991
v 0.02718071 -0.00974263 0.10629542
v 0.02569089 -0.01116913 0.10630001
v 0.01702804 -0.00904340 0.10679991
v 0.01776510 -0.00936827 0.10629995
v 0.01708038 -0.00760948 0.10629702
v 0.01648789 -0.00702272 0.10679979
v 0.01702804 -0.00904340 0.10679991
v 0.01708038 -0.00760948 0.10629702
v 0.02435666 -0.01234186 0.10679991
v 0.02613062 -0.01147507 0.10679991
v 0.02569089 -0.01116913 0.10630001
v 0.02435666 -0.01234186 0.10679991
v 0.02569089 -0.01116913 0.10630001
v 0.02437453 -0.01179210 0.10630150
v 0.02232004 -0.01259744 0.10679985
v 0.02294407 -0.01209050 0.10629702
v 0.02082833 -0.01183429 0.10629828
v 0.02232004 -0.01259744 0.10679985
v 0.02082833 -0.01183429 0.10629828
v 0.02012305 -0.01211853 0.10679979
v 0.02435666 -0.01234186 0.10679991
v 0.02437453 -0.01179210 0.10630150
v 0.02294407 -0.01209050 0.10629702
v 0.01648789 -0.00702272 0.10679979
v 0.01708038 -0.00760948 0.10629702
v 0.01701047 -0.00579418 0.10629726
v 0.02232004 -0.01259744 0.10679985
v 0.02435666 -0.01234186 0.10679991
v 0.02294407 -0.01209050 0.10629702
v 0.01792303 -0.00041709 0.10630001
v 0.01766657 0.00302332 0.10630001
v 0.01737660 0.00121530 0.10679997
v 0.01766657 0.00302332 0.10630001
v 0.01666874 0.00510213 0.10679997
v 0.01737660 0.00121530 0.10679997
v 0.01766657 0.00302332 0.10630001
v 0.01704818 0.00559478 0.10629995
v 0.01666874 0.00510213 0.10679997
v 0.02844832 0.00617691 0.10629995
v 0.02848107 0.00816881 0.10679985
v 0.02763143 0.00899906 0.10629887
v 0.02941867 0.00346464 0.10679997
v 0.02848107 0.00816881 0.10679985
v 0.02844832 0.00617691 0.10629995
v 0.02899770 0.00268137 0.10629995
v 0.02941867 0.00346464 0.10679997
v 0.02844832 0.00617691 0.10629995
v 0.02961144 -0.00118921 0.10679997
v 0.02941867 0.00346464 0.10679997
v 0.02899770 0.00268137 0.10629995
v 0.02910097 -0.00041793 0.10629995
v 0.02961144 -0.00118921 0.10679997
v 0.02899770 0.00268137 0.10629995
v 0.02892175 -0.00340606 0.10629995
v 0.02961144 -0.00118921 0.10679997
v 0.02910097 -0.00041793 0.10629995
v 0.02907403 -0.00565143 0.10679997
v 0.02961144 -0.00118921 0.10679997
v 0.02892175 -0.00340606 0.10629995
v 0.02806575 -0.00780678 0.10630114
v 0.02907403 -0.00565143 0.10679997
v 0.02892175 -0.00340606 0.10629995
v 0.02830780 -0.00862742 0.10679991
v 0.02907403 -0.00565143 0.10679997
v 0.02806575 -0.00780678 0.10630114
v 0.01648304 0.00676027 0.10679991
v 0.01704818 0.00559478 0.10629995
v 0.01699538 0.00696198 0.10630078
v 0.01648304 0.00676027 0.10679991
v 0.01666874 0.00510213 0.10679997
v 0.01704818 0.00559478 0.10629995
v -0.01469812 0.01904178 0.10679931
v -0.01541630 0.01933360 0.10633779
v -0.01495475 0.01829532 0.10633166
v -0.01495475 0.01829532 0.10633166
v -0.01441784 0.01767757 0.10679979
v -0.01469812 0.01904178 0.10679931
v -0.02093724 0.01767752 0.10679967
v -0.02045370 0.01746557 0.10632683
v -0.02040029 0.01829531 0.10633166
v -0.01441784 0.01767757 0.10679979
v -0.01495475 0.01829532 0.10633166
v -0.01490156 0.01746544 0.10632683
v -0.02040029 0.01829531 0.10633166
v -0.02065709 0.01904186 0.10679925
v -0.02093724 0.01767752 0.10679967
v -0.02065709 0.01904186 0.10679925
v -0.02040029 0.01829531 0.10633166
v -0.01993909 0.01933359 0.10633779
v -0.01972299 0.02023060 0.10679925
v -0.02065709 0.01904186 0.10679925
v -0.01993909 0.01933359 0.10633779
v -0.01972299 0.02023060 0.10679925
v -0.01993909 0.01933359 0.10633779
v -0.01918381 0.02002134 0.10633309
v -0.01861352 0.02080271 0.10679979
v -0.01972299 0.02023060 0.10679925
v -0.01918381 0.02002134 0.10633309
v -0.01861352 0.02080271 0.10679979
v -0.01918381 0.02002134 0.10633309
v -0.01845353 0.02035958 0.10633136
v -0.01716927 0.02093577 0.10679890
v -0.01845353 0.02035958 0.10633136
v -0.01714512 0.02044346 0.10633923
v -0.01716927 0.02093577 0.10679890
v -0.01861352 0.02080271 0.10679979
v -0.01845353 0.02035958 0.10633136
v -0.01616445 0.02001583 0.10633166
v -0.01716927 0.02093577 0.10679890
v -0.01714512 0.02044346 0.10633923
v -0.01616445 0.02001583 0.10633166
v -0.01563213 0.02023078 0.10679925
v -0.01716927 0.02093577 0.10679890
v -0.01563213 0.02023078 0.10679925
v -0.01616445 0.02001583 0.10633166
v -0.01541630 0.01933360 0.10633779
v -0.01541630 0.01933360 0.10633779
v -0.01469812 0.01904178 0.10679931
v -0.01563213 0.02023078 0.10679925
v -0.01469804 -0.01631327 0.10679925
v -0.01541613 -0.01602163 0.10633779
v -0.01495484 -0.01705982 0.10633166
v -0.01495484 -0.01705982 0.10633166
v -0.01441784 -0.01767756 0.10679979
v -0.01469804 -0.01631327 0.10679925
v -0.02093724 -0.01767752 0.10679967
v -0.02045374 -0.01788986 0.10632683
v -0.02040042 -0.01705986 0.10633166
v -0.01441784 -0.01767756 0.10679979
v -0.01495484 -0.01705982 0.10633166
v -0.01490161 -0.01788973 0.10632683
v -0.02040042 -0.01705986 0.10633166
v -0.02065710 -0.01631344 0.10679937
v -0.02093724 -0.01767752 0.10679967
v -0.02065710 -0.01631344 0.10679937
v -0.02040042 -0.01705986 0.10633166
v -0.01993883 -0.01602153 0.10633779
v -0.01972299 -0.01512435 0.10679925
v -0.02065710 -0.01631344 0.10679937
v -0.01993883 -0.01602153 0.10633779
v -0.01972299 -0.01512435 0.10679925
v -0.01993883 -0.01602153 0.10633779
v -0.01918389 -0.01533378 0.10633309
v -0.01818581 -0.01441932 0.10679896
v -0.01972299 -0.01512435 0.10679925
v -0.01918389 -0.01533378 0.10633309
v -0.01818581 -0.01441932 0.10679896
v -0.01918389 -0.01533378 0.10633309
v -0.01845336 -0.01499538 0.10633136
v -0.01818581 -0.01441932 0.10679896
v -0.01845336 -0.01499538 0.10633136
v -0.01714495 -0.01491184 0.10633923
v -0.01714495 -0.01491184 0.10633923
v -0.01674161 -0.01455242 0.10679979
v -0.01818581 -0.01441932 0.10679896
v -0.01616443 -0.01533941 0.10633166
v -0.01674161 -0.01455242 0.10679979
v -0.01714495 -0.01491184 0.10633923
v -0.01616443 -0.01533941 0.10633166
v -0.01563214 -0.01512452 0.10679925
v -0.01674161 -0.01455242 0.10679979
v -0.01563214 -0.01512452 0.10679925
v -0.01616443 -0.01533941 0.10633166
v -0.01541613 -0.01602163 0.10633779
v -0.01541613 -0.01602163 0.10633779
v -0.01469804 -0.01631327 0.10679925
v -0.01563214 -0.01512452 0.10679925
v 0.02065710 -0.01631345 0.10679937
v 0.01993882 -0.01602153 0.10633779
v 0.02040042 -0.01705986 0.10633166
v 0.02040042 -0.01705986 0.10633166
v 0.02093724 -0.01767752 0.10679967
v 0.02065710 -0.01631345 0.10679937
v 0.01441784 -0.01767757 0.10679979
v 0.01490161 -0.01788974 0.10632683
v 0.01495484 -0.01705982 0.10633166
v 0.02093724 -0.01767752 0.10679967
v 0.02040042 -0.01705986 0.10633166
v 0.02045374 -0.01788986 0.10632683
v 0.01495484 -0.01705982 0.10633166
v 0.01469804 -0.01631328 0.10679925
v 0.01441784 -0.01767757 0.10679979
v 0.01469804 -0.01631328 0.10679925
v 0.01495484 -0.01705982 0.10633166
v 0.01541612 -0.01602163 0.10633779
v 0.01563213 -0.01512452 0.10679925
v 0.01469804 -0.01631328 0.10679925
v 0.01541612 -0.01602163 0.10633779
v 0.01563213 -0.01512452 0.10679925
v 0.01541612 -0.01602163 0.10633779
v 0.01617132 -0.01533378 0.10633309
v 0.01674161 -0.01455242 0.10679979
v 0.01563213 -0.01512452 0.10679925
v 0.01617132 -0.01533378 0.10633309
v 0.01674161 -0.01455242 0.10679979
v 0.01617132 -0.01533378 0.10633309
v 0.01690160 -0.01499555 0.10633136
v 0.01818581 -0.01441924 0.10679902
v 0.01690160 -0.01499555 0.10633136
v 0.01821018 -0.01491185 0.10633923
v 0.01818581 -0.01441924 0.10679902
v 0.01674161 -0.01455242 0.10679979
v 0.01690160 -0.01499555 0.10633136
v 0.01919080 -0.01533943 0.10633166
v 0.01818581 -0.01441924 0.10679902
v 0.01821018 -0.01491185 0.10633923
v 0.01919080 -0.01533943 0.10633166
v 0.01972299 -0.01512435 0.10679925
v 0.01818581 -0.01441924 0.10679902
v 0.01972299 -0.01512435 0.10679925
v 0.01919080 -0.01533943 0.10633166
v 0.01993882 -0.01602153 0.10633779
v 0.01993882 -0.01602153 0.10633779
v 0.02065710 -0.01631345 0.10679937
v 0.01972299 -0.01512435 0.10679925
v 0.02065710 0.01904186 0.10679925
v 0.01993909 0.01933359 0.10633779
v 0.02043654 0.01814931 0.10632999
v 0.02043654 0.01814931 0.10632999
v 0.02093724 0.01767752 0.10679967
v 0.02065710 0.01904186 0.10679925
v 0.01441784 0.01767756 0.10679979
v 0.01490157 0.01746544 0.10632683
v 0.01495476 0.01829531 0.10633166
v 0.01495476 0.01829531 0.10633166
v 0.01469812 0.01904177 0.10679931
v 0.01441784 0.01767756 0.10679979
v 0.01469812 0.01904177 0.10679931
v 0.01495476 0.01829531 0.10633166
v 0.01541630 0.01933360 0.10633779
v 0.01563214 0.02023078 0.10679925
v 0.01469812 0.01904177 0.10679931
v 0.01541630 0.01933360 0.10633779
v 0.01563214 0.02023078 0.10679925
v 0.01541630 0.01933360 0.10633779
v 0.01617124 0.02002135 0.10633309
v 0.01716927 0.02093576 0.10679890
v 0.01563214 0.02023078 0.10679925
v 0.01617124 0.02002135 0.10633309
v 0.01716927 0.02093576 0.10679890
v 0.01617124 0.02002135 0.10633309
v 0.01690177 0.02035975 0.10633136
v 0.01716927 0.02093576 0.10679890
v 0.01690177 0.02035975 0.10633136
v 0.01821030 0.02044341 0.10633923
v 0.01821030 0.02044341 0.10633923
v 0.01861352 0.02080271 0.10679979
v 0.01716927 0.02093576 0.10679890
v 0.01919089 0.02001588 0.10633166
v 0.01861352 0.02080271 0.10679979
v 0.01821030 0.02044341 0.10633923
v 0.01919089 0.02001588 0.10633166
v 0.01972300 0.02023060 0.10679925
v 0.01861352 0.02080271 0.10679979
v 0.01972300 0.02023060 0.10679925
v 0.01919089 0.02001588 0.10633166
v 0.01993909 0.01933359 0.10633779
v 0.01993909 0.01933359 0.10633779
v 0.02065710 0.01904186 0.10679925
v 0.01972300 0.02023060 0.10679925
v 0.02019072 -0.01889407 0.09729970
v 0.01532286 -0.01917761 0.09729970
v 0.01939912 -0.01990728 0.09729970
v 0.01715254 -0.02041968 0.09729970
v 0.01609874 -0.01999345 0.09729970
v 0.02045504 -0.01796113 0.09729970
v 0.01487459 -0.01795544 0.09729970
v 0.02034904 -0.01682945 0.09729970
v 0.01816306 -0.02043005 0.09729970
v 0.01512272 -0.01652500 0.09729970
v 0.01904291 -0.01521370 0.09729970
v 0.01599843 -0.01542205 0.09729970
v 0.01746443 -0.01486886 0.09729970
v 0.01989343 -0.01599198 0.09729970
v -0.01487459 -0.01795544 0.09729970
v -0.01609874 -0.01999345 0.09729970
v -0.01532286 -0.01917761 0.09729970
v -0.02019072 -0.01889407 0.09729970
v -0.01735160 -0.02046549 0.09729970
v -0.01962297 -0.01968015 0.09729970
v -0.01867965 -0.02029514 0.09729970
v -0.02038462 -0.01699415 0.09729970
v -0.02045505 -0.01796113 0.09729970
v -0.01512272 -0.01652500 0.09729970
v -0.01908363 -0.01524245 0.09729970
v -0.01998742 -0.01610940 0.09729970
v -0.01579141 -0.01561885 0.09729970
v -0.01788067 -0.01489305 0.09729970
v -0.01676260 -0.01502842 0.09729970
v -0.01492575 0.01707617 0.09729970
v -0.02003226 0.01617752 0.09729970
v -0.01570883 0.01566283 0.09729970
v -0.01820267 0.02041977 0.09729970
v -0.01921578 0.02001627 0.09729970
v -0.02008150 0.01911903 0.09729970
v -0.02044568 0.01804222 0.09729970
v -0.02040341 0.01707356 0.09729970
v -0.01536770 0.01924572 0.09729970
v -0.01497051 0.01836098 0.09729970
v -0.01723308 0.02043397 0.09729970
v -0.01617646 0.02004453 0.09729970
v -0.01925639 0.01536168 0.09729970
v -0.01800353 0.01488964 0.09729970
v -0.01683783 0.01501498 0.09729970
v 0.01956371 0.01973628 0.09729970
v 0.01555176 0.01952570 0.09729970
v 0.02023242 0.01883011 0.09729970
v 0.02048063 0.01735012 0.09729970
v 0.01931172 0.01541390 0.09729970
v 0.01998742 0.01610940 0.09729970
v 0.01492576 0.01707617 0.09729970
v 0.01497051 0.01836097 0.09729970
v 0.01843802 0.02038967 0.09729970
v 0.01687117 0.02037155 0.09729970
v 0.01570884 0.01566283 0.09729970
v 0.01683783 0.01501498 0.09729970
v 0.01811800 0.01489537 0.09729970
vn 0.72387352 0.14840147 0.67378344
vn 0.72387352 0.14840147 0.67378344
vn 0.72387352 0.14840147 0.67378344
vn 0.67399640 0.17520200 0.71765807
vn 0.67399640 0.17520200 0.71765807
vn 0.67399640 0.17520200 0.71765807
vn -0.66638098 0.03427134 0.74482338
vn -0.66638098 0.03427134 0.74482338
vn -0.66638098 0.03427134 0.74482338
vn -0.74632861 0.15304067 0.64774390
vn -0.74632861 0.15304067 0.64774390
vn -0.74632861 0.15304067 0.64774390
vn -0.58508452 0.30924250 0.74969673
vn -0.58508452 0.30924250 0.74969673
vn -0.58508452 0.30924250 0.74969673
vn -0.60364833 0.47266869 0.64202258
vn -0.60364833 0.47266869 0.64202258
vn -0.60364833 0.47266869 0.64202258
vn -0.44494154 0.50579035 0.73905558
vn -0.44494154 0.50579035 0.73905558
vn -0.44494154 0.50579035 0.73905558
vn -0.31111178 0.67801868 0.66595805
vn -0.31111178 0.67801868 0.66595805
vn -0.31111178 0.67801868 0.66595805
vn -0.28322021 0.66184156 0.69408361
vn -0.28322021 0.66184156 0.69408361
vn -0.28322021 0.66184156 0.69408361
vn 0.03914388 0.68077218 0.73144856
vn 0.03914388 0.68077218 0.73144856
vn 0.03914388 0.68077218 0.73144856
vn 0.06617005 0.71348147 0.69754263
vn 0.06617005 0.71348147 0.69754263
vn 0.06617005 0.71348147 0.69754263
vn 0.33283553 0.64611678 0.68684323
vn 0.33283553 0.64611678 0.68684323
vn 0.33283553 0.64611678 0.68684323
vn 0.30722060 0.63671719 0.70725294
vn 0.30722060 0.63671719 0.70725294
vn 0.30722060 0.63671719 0.70725294
vn 0.51039299 0.45387322 0.73040954
vn 0.51039299 0.45387322 0.73040954
vn 0.51039299 0.45387322 0.73040954
vn 0.58330848 0.45835004 0.67057174
vn 0.58330848 0.45835004 0.67057174
vn 0.58330848 0.45835004 0.67057174
vn 0.72385888 0.14848038 0.67378179
vn 0.72385888 0.14848038 0.67378179
vn 0.72385888 0.14848038 0.67378179
vn 0.67394820 0.17529968 0.71767949
vn 0.67394820 0.17529968 0.71767949
vn 0.67394820 0.17529968 0.71767949
vn -0.72398918 0.14845410 0.67364757
vn -0.72398918 0.14845410 0.67364757
vn -0.72398918 0.14845410 0.67364757
vn -0.67396494 0.17533201 0.71765587
vn -0.67396494 0.17533201 0.71765587
vn -0.67396494 0.17533201 0.71765587
vn -0.51039166 0.45387397 0.73041000
vn -0.51039166 0.45387397 0.73041000
vn -0.51039166 0.45387397 0.73041000
vn -0.58330078 0.45835063 0.67057803
vn -0.58330078 0.45835063 0.67057803
vn -0.58330078 0.45835063 0.67057803
vn -0.31519135 0.66164253 0.68035548
vn -0.31519135 0.66164253 0.68035548
vn -0.31519135 0.66164253 0.68035548
vn -0.32087989 0.66473119 0.67466180
vn -0.32087989 0.66473119 0.67466180
vn -0.32087989 0.66473119 0.67466180
vn -0.04048152 0.65871068 0.75130652
vn -0.04048152 0.65871068 0.75130652
vn -0.04048152 0.65871068 0.75130652
vn 0.04857199 0.76717481 0.63959642
vn 0.04857199 0.76717481 0.63959642
vn 0.04857199 0.76717481 0.63959642
vn 0.33277979 0.64617240 0.68681791
vn 0.33277979 0.64617240 0.68681791
vn 0.33277979 0.64617240 0.68681791
vn 0.26934985 0.62181616 0.73538787
vn 0.26934985 0.62181616 0.73538787
vn 0.26934985 0.62181616 0.73538787
vn 0.51048649 0.45374992 0.73042080
vn 0.51048649 0.45374992 0.73042080
vn 0.51048649 0.45374992 0.73042080
vn 0.58334956 0.45821329 0.67062946
vn 0.58334956 0.45821329 0.67062946
vn 0.58334956 0.45821329 0.67062946
vn 0.72398921 0.14845398 0.67364757
vn 0.72398921 0.14845398 0.67364757
vn 0.72398921 0.14845398 0.67364757
vn 0.67396455 0.17533211 0.71765621
vn 0.67396455 0.17533211 0.71765621
vn 0.67396455 0.17533211 0.71765621
vn -0.72385886 0.14848050 0.67378179
vn -0.72385886 0.14848050 0.67378179
vn -0.72385886 0.14848050 0.67378179
vn -0.67394817 0.17529979 0.71767949
vn -0.67394817 0.17529979 0.71767949
vn -0.67394817 0.17529979 0.71767949
vn -0.51048642 0.45375001 0.73042080
vn -0.51048642 0.45375001 0.73042080
vn -0.51048642 0.45375001 0.73042080
vn -0.58334948 0.45821339 0.67062946
vn -0.58334948 0.45821339 0.67062946
vn -0.58334948 0.45821339 0.67062946
vn -0.31513247 0.66169494 0.68033178
vn -0.31513247 0.66169494 0.68033178
vn -0.31513247 0.66169494 0.68033178
vn -0.32084293 0.66479585 0.67461566
vn -0.32084293 0.66479585 0.67461566
vn -0.32084293 0.66479585 0.67461566
vn -0.04040017 0.65881165 0.75122236
vn -0.04040017 0.65881165 0.75122236
vn -0.04040017 0.65881165 0.75122236
vn 0.04855507 0.76716342 0.63961136
vn 0.04855507 0.76716342 0.63961136
vn 0.04855507 0.76716342 0.63961136
vn 0.33283890 0.64611835 0.68684012
vn 0.33283890 0.64611835 0.68684012
vn 0.33283890 0.64611835 0.68684012
vn 0.26947597 0.62178776 0.73536568
vn 0.26947597 0.62178776 0.73536568
vn 0.26947597 0.62178776 0.73536568
vn 0.51039173 0.45387383 0.73041004
vn 0.51039173 0.45387383 0.73041004
vn 0.51039173 0.45387383 0.73041004
vn 0.58330081 0.45835042 0.67057815
vn 0.58330081 0.45835042 0.67057815
vn 0.58330081 0.45835042 0.67057815
vn 0.72390765 0.14852335 0.67371992
vn 0.72390765 0.14852335 0.67371992
vn 0.72390765 0.14852335 0.67371992
vn 0.67392802 0.17537689 0.71767957
vn 0.67392802 0.17537689 0.71767957
vn 0.67392802 0.17537689 0.71767957
vn -0.72387350 0.14840159 0.67378344
vn -0.72387350 0.14840159 0.67378344
vn -0.72387350 0.14840159 0.67378344
vn -0.67399637 0.17520212 0.71765807
vn -0.67399637 0.17520212 0.71765807
vn -0.67399637 0.17520212 0.71765807
vn -0.51039286 0.45387330 0.73040958
vn -0.51039286 0.45387330 0.73040958
vn -0.51039286 0.45387330 0.73040958
vn -0.58330840 0.45835014 0.67057174
vn -0.58330840 0.45835014 0.67057174
vn -0.58330840 0.45835014 0.67057174
vn -0.31516361 0.66166219 0.68034921
vn -0.31516361 0.66166219 0.68034921
vn -0.31516361 0.66166219 0.68034921
vn -0.32090334 0.66477831 0.67460421
vn -0.32090334 0.66477831 0.67460421
vn -0.32090334 0.66477831 0.67460421
vn -0.04038785 0.65875424 0.75127337
vn -0.04038785 0.65875424 0.75127337
vn -0.04038785 0.65875424 0.75127337
vn 0.04851505 0.76703212 0.63977185
vn 0.04851505 0.76703212 0.63977185
vn 0.04851505 0.76703212 0.63977185
vn 0.33278768 0.64616533 0.68682074
vn 0.33278768 0.64616533 0.68682074
vn 0.33278768 0.64616533 0.68682074
vn 0.26927500 0.62177382 0.73545108
vn 0.26927500 0.62177382 0.73545108
vn 0.26927500 0.62177382 0.73545108
vn 0.51048649 0.45374992 0.73042080
vn 0.51048649 0.45374992 0.73042080
vn 0.51048649 0.45374992 0.73042080
vn 0.58338121 0.45821438 0.67060118
vn 0.58338121 0.45821438 0.67060118
vn 0.58338121 0.45821438 0.67060118
vn -0.09489816 -0.75606744 0.64757730
vn -0.09489816 -0.75606744 0.64757730
vn -0.09489816 -0.75606744 0.64757730
vn -0.14551871 -0.64058927 0.75396929
vn -0.14551871 -0.64058927 0.75396929
vn -0.14551871 -0.64058927 0.75396929
vn 0.70731311 -0.14462453 0.69194791
vn 0.70731311 -0.14462453 0.69194791
vn 0.70731311 -0.14462453 0.69194791
vn 0.71868977 -0.14018000 0.68105403
vn 0.71868977 -0.14018000 0.68105403
vn 0.71868977 -0.14018000 0.68105403
vn -0.33314783 -0.68181801 0.65125780
vn -0.33314783 -0.68181801 0.65125780
vn -0.33314783 -0.68181801 0.65125780
vn -0.35373772 -0.55468591 0.75312228
vn -0.35373772 -0.55468591 0.75312228
vn -0.35373772 -0.55468591 0.75312228
vn 0.61918856 -0.27293426 0.73628283
vn 0.61918856 -0.27293426 0.73628283
vn 0.61918856 -0.27293426 0.73628283
vn -0.53454409 -0.54205460 0.64841301
vn -0.53454409 -0.54205460 0.64841301
vn -0.53454409 -0.54205460 0.64841301
vn 0.66323116 -0.37374252 0.64841418
vn 0.66323116 -0.37374252 0.64841418
vn 0.66323116 -0.37374252 0.64841418
vn -0.51292925 -0.39515711 0.76207247
vn -0.51292925 -0.39515711 0.76207247
vn -0.51292925 -0.39515711 0.76207247
vn 0.49303666 -0.43564745 0.75307779
vn 0.49303666 -0.43564745 0.75307779
vn 0.49303666 -0.43564745 0.75307779
vn -0.70407642 -0.34649366 0.61985364
vn -0.70407642 -0.34649366 0.61985364
vn -0.70407642 -0.34649366 0.61985364
vn 0.50830895 -0.56372563 0.65102644
vn 0.50830895 -0.56372563 0.65102644
vn 0.50830895 -0.56372563 0.65102644
vn 0.12248112 -0.68206895 0.72095792
vn 0.12248112 -0.68206895 0.72095792
vn 0.12248112 -0.68206895 0.72095792
vn 0.10910353 -0.66607435 0.73786271
vn 0.10910353 -0.66607435 0.73786271
vn 0.10910353 -0.66607435 0.73786271
vn 0.32409505 -0.57583506 0.75058403
vn 0.32409505 -0.57583506 0.75058403
vn 0.32409505 -0.57583506 0.75058403
vn 0.30615862 -0.67604409 0.67024718
vn 0.30615862 -0.67604409 0.67024718
vn 0.30615862 -0.67604409 0.67024718
vn 0.66239237 -0.15148375 0.73368182
vn 0.66239237 -0.15148375 0.73368182
vn 0.66239237 -0.15148375 0.73368182
vn 0.67861093 -0.16441210 0.71586023
vn 0.67861093 -0.16441210 0.71586023
vn 0.67861093 -0.16441210 0.71586023
vn 0.75881232 -0.08591056 0.64561849
vn 0.75881232 -0.08591056 0.64561849
vn 0.75881232 -0.08591056 0.64561849
vn 0.64675378 -0.01704112 0.76250845
vn 0.64675378 -0.01704112 0.76250845
vn 0.64675378 -0.01704112 0.76250845
vn 0.74407354 -0.04380765 0.66665992
vn 0.74407354 -0.04380765 0.66665992
vn 0.74407354 -0.04380765 0.66665992
vn 0.65870598 -0.03617421 0.75153035
vn 0.65870598 -0.03617421 0.75153035
vn 0.65870598 -0.03617421 0.75153035
vn 0.76607127 -0.09222867 0.63610430
vn 0.76607127 -0.09222867 0.63610430
vn 0.76607127 -0.09222867 0.63610430
vn 0.66591377 -0.11858808 0.73654309
vn 0.66591377 -0.11858808 0.73654309
vn 0.66591377 -0.11858808 0.73654309
vn 0.70224239 -0.19415975 0.68495081
vn 0.70224239 -0.19415975 0.68495081
vn 0.70224239 -0.19415975 0.68495081
vn 0.68169240 -0.18080164 0.70894728
vn 0.68169240 -0.18080164 0.70894728
vn 0.68169240 -0.18080164 0.70894728
vn -0.23112281 -0.97292232 0.00209722
vn -0.23112281 -0.97292232 0.00209722
vn -0.23112281 -0.97292232 0.00209722
vn -0.21800194 -0.97594781 -0.00101628
vn -0.21800194 -0.97594781 -0.00101628
vn -0.21800194 -0.97594781 -0.00101628
vn 0.99482410 -0.10119781 0.00916540
vn 0.99482410 -0.10119781 0.00916540
vn 0.99482410 -0.10119781 0.00916540
vn 0.97958146 -0.20102236 -0.00318908
vn 0.97958146 -0.20102236 -0.00318908
vn 0.97958146 -0.20102236 -0.00318908
vn -0.56669654 -0.82391186 0.00492794
vn -0.56669654 -0.82391186 0.00492794
vn -0.56669654 -0.82391186 0.00492794
vn -0.53766121 -0.84315879 -0.00191738
vn -0.53766121 -0.84315879 -0.00191738
vn -0.53766121 -0.84315879 -0.00191738
vn 0.90576444 -0.42377031 0.00308407
vn 0.90576444 -0.42377031 0.00308407
vn 0.90576444 -0.42377031 0.00308407
vn 0.91508357 -0.40326355 -0.00075325
vn 0.91508357 -0.40326355 -0.00075325
vn 0.91508357 -0.40326355 -0.00075325
vn 0.75285117 -0.65819023 -0.00085366
vn 0.75285117 -0.65819023 -0.00085366
vn 0.75285117 -0.65819023 -0.00085366
vn -0.79255239 -0.60975786 -0.00748775
vn -0.79255239 -0.60975786 -0.00748775
vn -0.79255239 -0.60975786 -0.00748775
vn 0.74934838 -0.66217324 -0.00189607
vn 0.74934838 -0.66217324 -0.00189607
vn 0.74934838 -0.66217324 -0.00189607
vn -0.83680827 -0.54744869 0.00720136
vn -0.83680827 -0.54744869 0.00720136
vn -0.83680827 -0.54744869 0.00720136
vn 0.50585371 -0.86261718 0.00190397
vn 0.50585371 -0.86261718 0.00190397
vn 0.50585371 -0.86261718 0.00190397
vn 0.48893514 -0.87231797 -0.00194870
vn 0.48893514 -0.87231797 -0.00194870
vn 0.48893514 -0.87231797 -0.00194870
vn 0.17485666 -0.98459153 0.00216080
vn 0.17485666 -0.98459153 0.00216080
vn 0.17485666 -0.98459153 0.00216080
vn 0.15979724 -0.98714891 -0.00136848
vn 0.15979724 -0.98714891 -0.00136848
vn 0.15979724 -0.98714891 -0.00136848
vn 0.99966186 -0.02572234 0.00381242
vn 0.99966186 -0.02572234 0.00381242
vn 0.99966186 -0.02572234 0.00381242
vn -0.97233049 -0.23360789 -0.00088290
vn -0.97205847 -0.23473815 -0.00057589
vn -0.97239976 -0.23331907 -0.00096133
vn -0.97198610 -0.23503782 -0.00049448
vn -0.99532732 -0.09644489 -0.00468157
vn -0.99532732 -0.09644489 -0.00468157
vn -0.99532732 -0.09644489 -0.00468157
vn -0.99299080 -0.11818552 0.00120937
vn -0.99299080 -0.11818552 0.00120937
vn -0.99299080 -0.11818552 0.00120937
vn 0.99848400 -0.05483383 -0.00479190
vn 0.99848400 -0.05483383 -0.00479190
vn 0.99848400 -0.05483383 -0.00479190
vn 0.99533615 -0.09626339 0.00627036
vn 0.99533615 -0.09626339 0.00627036
vn 0.99533615 -0.09626339 0.00627036
vn 0.98449685 -0.17532238 -0.00529309
vn 0.98449685 -0.17532238 -0.00529309
vn 0.98449685 -0.17532238 -0.00529309
vn 0.97222532 -0.23395148 0.00668032
vn 0.97222532 -0.23395148 0.00668032
vn 0.97222532 -0.23395148 0.00668032
vn 0.96333039 -0.26830911 -0.00218648
vn 0.96333039 -0.26830911 -0.00218648
vn 0.96333039 -0.26830911 -0.00218648
vn 0.15054230 0.28763786 0.94583375
vn 0.15054230 0.28763786 0.94583375
vn 0.15054230 0.28763786 0.94583375
vn 0.14689573 0.28281947 0.94785800
vn 0.14689573 0.28281947 0.94785800
vn 0.14689573 0.28281947 0.94785800
vn 0.27264197 0.86005611 0.43124220
vn 0.27264197 0.86005611 0.43124220
vn 0.27264197 0.86005611 0.43124220
vn 0.27458741 0.85376384 0.44236756
vn 0.27458741 0.85376384 0.44236756
vn 0.27458741 0.85376384 0.44236756
vn 0.47938569 0.82063821 0.31103421
vn 0.47938569 0.82063821 0.31103421
vn 0.47938569 0.82063821 0.31103421
vn 0.31798497 0.06763423 0.94568027
vn 0.31792788 0.06955072 0.94556045
vn 0.31792788 0.06955072 0.94556045
vn 0.32252869 0.07292650 0.94374624
vn 0.32252869 0.07292650 0.94374624
vn 0.32252869 0.07292650 0.94374624
vn 0.56264202 0.11510602 0.81864801
vn 0.56264202 0.11510602 0.81864801
vn 0.56264202 0.11510602 0.81864801
vn 0.47313053 0.75770346 0.44948077
vn 0.47313053 0.75770346 0.44948077
vn 0.47313053 0.75770346 0.44948077
vn 0.40957211 0.70859774 0.57457804
vn 0.40957211 0.70859774 0.57457804
vn 0.40957211 0.70859774 0.57457804
vn 0.30240368 0.84466626 0.44169098
vn 0.30426866 0.84611091 0.43762645
vn 0.30285900 0.84502021 0.44070089
vn 0.30490924 0.84660400 0.43622473
vn 0.32486784 0.05636500 0.94407832
vn 0.32486784 0.05636500 0.94407832
vn 0.32486784 0.05636500 0.94407832
vn 0.31580841 0.52142596 0.79270424
vn 0.31580841 0.52142596 0.79270424
vn 0.31580841 0.52142596 0.79270424
vn 0.33870479 0.84129429 0.42131102
vn 0.33870479 0.84129429 0.42131102
vn 0.33870479 0.84129429 0.42131102
vn 0.57152051 0.08302866 0.81637647
vn 0.57152051 0.08302866 0.81637647
vn 0.57152051 0.08302866 0.81637647
vn 0.53427690 0.77279893 0.34253468
vn 0.53427690 0.77279893 0.34253468
vn 0.53427690 0.77279893 0.34253468
vn 0.49031113 0.74602718 0.45059787
vn 0.49031113 0.74602718 0.45059787
vn 0.49031113 0.74602718 0.45059787
vn 0.47249581 0.67810762 0.56295450
vn 0.47249581 0.67810762 0.56295450
vn 0.47249581 0.67810762 0.56295450
vn 0.32369178 0.03710075 0.94543491
vn 0.32350302 0.03715457 0.94549740
vn 0.32461533 0.03683735 0.94512851
vn 0.57169303 0.06233410 0.81809629
vn 0.57169303 0.06233410 0.81809629
vn 0.57169303 0.06233410 0.81809629
vn 0.37468324 0.53782306 0.75522104
vn 0.37468324 0.53782306 0.75522104
vn 0.37468324 0.53782306 0.75522104
vn 0.31836597 0.48664250 0.81352455
vn 0.31836597 0.48664250 0.81352455
vn 0.31836597 0.48664250 0.81352455
vn 0.37364312 0.82430923 0.42532942
vn 0.37364312 0.82430923 0.42532942
vn 0.37364312 0.82430923 0.42532942
vn 0.24235229 0.35256367 0.90386074
vn 0.24235229 0.35256367 0.90386074
vn 0.24235229 0.35256367 0.90386074
vn 0.40653310 0.88850919 0.21279628
vn 0.40653310 0.88850919 0.21279628
vn 0.40653310 0.88850919 0.21279628
vn 0.17491394 0.26520010 0.94819514
vn 0.17491394 0.26520010 0.94819514
vn 0.17491394 0.26520010 0.94819514
vn 0.12281725 0.17831659 0.97627820
vn 0.12281725 0.17831659 0.97627820
vn 0.12281725 0.17831659 0.97627820
vn 0.02877870 0.04750935 0.99845613
vn 0.02877870 0.04750935 0.99845613
vn 0.02877870 0.04750935 0.99845613
vn -0.92973378 0.12252252 0.34725110
vn -0.92973378 0.12252252 0.34725110
vn -0.92973378 0.12252252 0.34725110
vn -0.93870350 0.15243282 0.30919244
vn -0.93870350 0.15243282 0.30919244
vn -0.93870350 0.15243282 0.30919244
vn -0.91845676 0.17236632 0.35598740
vn -0.91845676 0.17236632 0.35598740
vn -0.91845676 0.17236632 0.35598740
vn -0.21400573 0.25729255 0.94233863
vn -0.21252394 0.25680001 0.94280821
vn -0.20844584 0.25544191 0.94408673
vn -0.20828920 0.26521950 0.94142139
vn -0.20828920 0.26521950 0.94142139
vn -0.20828920 0.26521950 0.94142139
vn 0.26249954 0.32639816 0.90805189
vn 0.26249954 0.32639816 0.90805189
vn 0.26249954 0.32639816 0.90805189
vn -0.18341089 0.26561632 0.94647156
vn -0.18341089 0.26561632 0.94647156
vn -0.18341089 0.26561632 0.94647156
vn 0.19064399 0.22919844 0.95452760
vn 0.19064399 0.22919844 0.95452760
vn 0.19064399 0.22919844 0.95452760
vn -0.36025304 0.86999337 0.33664414
vn -0.36025304 0.86999337 0.33664414
vn -0.36025304 0.86999337 0.33664414
vn -0.35706501 0.87960564 0.31432229
vn -0.35706501 0.87960564 0.31432229
vn -0.35706501 0.87960564 0.31432229
vn -0.32251089 0.93630516 0.13899417
vn -0.32251089 0.93630516 0.13899417
vn -0.32251089 0.93630516 0.13899417
vn -0.30993484 0.88149418 0.35624206
vn -0.30993484 0.88149418 0.35624206
vn -0.30993484 0.88149418 0.35624206
vn 0.30393493 0.32580704 0.89525043
vn 0.30393493 0.32580704 0.89525043
vn 0.30393493 0.32580704 0.89525043
vn 0.11582450 0.31409520 0.94229979
vn 0.11582450 0.31409520 0.94229979
vn 0.11582450 0.31409520 0.94229979
vn 0.14549400 0.15341296 0.97739243
vn 0.14549400 0.15341296 0.97739243
vn 0.14549400 0.15341296 0.97739243
vn 0.19400711 0.21887453 0.95627150
vn 0.19400711 0.21887453 0.95627150
vn 0.19400711 0.21887453 0.95627150
vn 0.12556131 0.31305736 0.94139760
vn 0.12556131 0.31305736 0.94139760
vn 0.12556131 0.31305736 0.94139760
vn 0.13831557 0.29166308 0.94646788
vn 0.13831557 0.29166308 0.94646788
vn 0.13831557 0.29166308 0.94646788
vn 0.56807849 0.74038630 0.35932570
vn 0.56807849 0.74038630 0.35932570
vn 0.56807849 0.74038630 0.35932570
vn 0.62719652 0.76595697 0.14118940
vn 0.62719652 0.76595697 0.14118940
vn 0.62719652 0.76595697 0.14118940
vn 0.60779070 0.70818856 0.35924841
vn 0.60779070 0.70818856 0.35924841
vn 0.60779070 0.70818856 0.35924841
vn 0.67141324 0.72713785 0.14309021
vn 0.67141324 0.72713785 0.14309021
vn 0.67141324 0.72713785 0.14309021
vn 0.67877937 0.65998627 0.32198864
vn 0.67877937 0.65998627 0.32198864
vn 0.67877937 0.65998627 0.32198864
vn 0.66453572 0.62120988 0.41531984
vn 0.66453572 0.62120988 0.41531984
vn 0.66453572 0.62120988 0.41531984
vn 0.59183264 0.57247195 0.56745924
vn 0.59183264 0.57247195 0.56745924
vn 0.59183264 0.57247195 0.56745924
vn 0.86784865 0.18773001 0.45999583
vn 0.86784865 0.18773001 0.45999583
vn 0.86784865 0.18773001 0.45999583
vn 0.31828087 0.05697663 0.94628270
vn 0.31828087 0.05697663 0.94628270
vn 0.33394009 0.04648541 0.94144736
vn 0.33394009 0.04648541 0.94144736
vn 0.33394009 0.04648541 0.94144736
vn 0.53376370 0.49529229 0.68540635
vn 0.53376370 0.49529229 0.68540635
vn 0.53376370 0.49529229 0.68540635
vn 0.32488535 0.03676032 0.94503872
vn 0.46580232 0.44138479 0.76694698
vn 0.46580232 0.44138479 0.76694698
vn 0.46580232 0.44138479 0.76694698
vn 0.88923990 0.16177289 0.42788074
vn 0.88923990 0.16177289 0.42788074
vn 0.88923990 0.16177289 0.42788074
vn 0.88390954 0.16320254 0.43825661
vn 0.88390954 0.16320254 0.43825661
vn 0.88390954 0.16320254 0.43825661
vn 0.40841554 0.37825668 0.83073379
vn 0.40841554 0.37825668 0.83073379
vn 0.40841554 0.37825668 0.83073379
vn -0.97454873 0.02848509 0.22235867
vn -0.97454873 0.02848509 0.22235867
vn -0.97454873 0.02848509 0.22235867
vn 0.31407215 0.30048565 0.90059262
vn 0.31407215 0.30048565 0.90059262
vn 0.31407215 0.30048565 0.90059262
vn -0.90990896 0.00297712 0.41479732
vn -0.90990896 0.00297712 0.41479732
vn -0.90990896 0.00297712 0.41479732
vn 0.23810526 0.21860707 0.94631751
vn 0.23810526 0.21860707 0.94631751
vn 0.23810526 0.21860707 0.94631751
vn 0.89784997 0.12717505 0.42153521
vn 0.89784997 0.12717505 0.42153521
vn 0.89784997 0.12717505 0.42153521
vn 0.14276216 0.13864324 0.97999848
vn 0.14276216 0.13864324 0.97999848
vn 0.14276216 0.13864324 0.97999848
vn -0.66576032 0.03918298 0.74513616
vn -0.66576032 0.03918298 0.74513616
vn -0.66576032 0.03918298 0.74513616
vn -0.97326966 0.06367363 0.22066228
vn -0.97326966 0.06367363 0.22066228
vn -0.97326966 0.06367363 0.22066228
vn -0.51250307 0.02480318 0.85832710
vn -0.51250307 0.02480318 0.85832710
vn -0.51250307 0.02480318 0.85832710
vn 0.69808754 0.58623970 0.41109220
vn 0.69808754 0.58623970 0.41109220
vn 0.69808754 0.58623970 0.41109220
vn 0.69518282 0.58585105 0.41653258
vn 0.69518282 0.58585105 0.41653258
vn 0.69518282 0.58585105 0.41653258
vn -0.93744388 0.08070480 0.33865278
vn -0.93744388 0.08070480 0.33865278
vn -0.93744388 0.08070480 0.33865278
vn 0.90084701 0.08857549 0.42500476
vn 0.90084701 0.08857549 0.42500476
vn 0.90084701 0.08857549 0.42500476
vn -0.44239720 0.02809111 0.89637916
vn -0.44239720 0.02809111 0.89637916
vn -0.44239720 0.02809111 0.89637916
vn 0.97266793 0.09217297 0.21312260
vn 0.97266793 0.09217297 0.21312260
vn 0.97266793 0.09217297 0.21312260
vn -0.31591269 0.01572275 0.94865798
vn -0.31591269 0.01572275 0.94865798
vn -0.31591269 0.01572275 0.94865798
vn -0.82929136 0.05748411 0.55585198
vn -0.82929136 0.05748411 0.55585198
vn -0.82929136 0.05748411 0.55585198
vn -0.82447899 0.05475264 0.56323756
vn -0.82447899 0.05475264 0.56323756
vn -0.82447899 0.05475264 0.56323756
vn 0.03933813 0.03303491 0.99867973
vn 0.03933813 0.03303491 0.99867973
vn 0.03933813 0.03303491 0.99867973
vn 0.60487353 0.50796048 0.61327332
vn 0.60487353 0.50796048 0.61327332
vn 0.60487353 0.50796048 0.61327332
vn -0.67303498 0.04113731 0.73846573
vn -0.67303498 0.04113731 0.73846573
vn -0.67303498 0.04113731 0.73846573
vn -0.42970752 0.05163600 0.90149053
vn -0.43724695 0.05042174 0.89792692
vn -0.43553183 0.05069872 0.89874449
vn -0.65120948 0.08226399 0.75442617
vn -0.65120948 0.08226399 0.75442617
vn -0.65120948 0.08226399 0.75442617
vn -0.64120399 0.08453693 0.76269978
vn -0.64120399 0.08453693 0.76269978
vn -0.64120399 0.08453693 0.76269978
vn -0.63906865 0.10077791 0.76251890
vn -0.63906865 0.10077791 0.76251890
vn -0.63906865 0.10077791 0.76251890
vn -0.62586588 0.10428371 0.77292743
vn -0.62586588 0.10428371 0.77292743
vn -0.62586588 0.10428371 0.77292743
vn 0.73265902 0.54289874 0.41045306
vn 0.73265902 0.54289874 0.41045306
vn 0.73265902 0.54289874 0.41045306
vn 0.72913656 0.54263439 0.41702254
vn 0.72913656 0.54263439 0.41702254
vn 0.72913656 0.54263439 0.41702254
vn -0.42885644 0.07388832 0.90034586
vn -0.42885644 0.07388832 0.90034586
vn -0.42885644 0.07388832 0.90034586
vn 0.57919131 0.43861626 0.68713405
vn 0.57919131 0.43861626 0.68713405
vn 0.57919131 0.43861626 0.68713405
vn 0.60435056 0.44782246 0.65895026
vn 0.60435056 0.44782246 0.65895026
vn 0.60435056 0.44782246 0.65895026
vn 0.39807936 0.30144829 0.86640738
vn 0.39807936 0.30144829 0.86640738
vn 0.39807936 0.30144829 0.86640738
vn 0.44708872 0.32984092 0.83145454
vn 0.44708872 0.32984092 0.83145454
vn 0.44708872 0.32984092 0.83145454
vn -0.64465688 0.13136745 0.75310032
vn -0.64465688 0.13136745 0.75310032
vn -0.64465688 0.13136745 0.75310032
vn -0.62580377 0.14018532 0.76727943
vn -0.62580377 0.14018532 0.76727943
vn -0.62580377 0.14018532 0.76727943
vn 0.25745018 0.18946259 0.94753540
vn 0.25745018 0.18946259 0.94753540
vn 0.25745018 0.18946259 0.94753540
vn 0.25457505 0.18781980 0.94863864
vn 0.25457505 0.18781980 0.94863864
vn 0.25457505 0.18781980 0.94863864
vn -0.42653983 0.09648679 0.89930755
vn -0.42653983 0.09648679 0.89930755
vn -0.42653983 0.09648679 0.89930755
vn -0.64212492 0.15380043 0.75101332
vn -0.64212492 0.15380043 0.75101332
vn -0.64212492 0.15380043 0.75101332
vn 0.75879698 0.49526784 0.42300935
vn 0.75879698 0.49526784 0.42300935
vn 0.75879698 0.49526784 0.42300935
vn 0.76593624 0.49574662 0.40936166
vn 0.76593624 0.49574662 0.40936166
vn 0.76593624 0.49574662 0.40936166
vn 0.63093210 0.40855446 0.65955132
vn 0.63145028 0.40872203 0.65895132
vn 0.63099697 0.40857544 0.65947626
vn -0.52224958 0.57028407 0.63405951
vn -0.52224958 0.57028407 0.63405951
vn -0.52224958 0.57028407 0.63405951
vn 0.63151342 0.40874243 0.65887816
vn -0.90348198 0.26022014 0.34059621
vn -0.90348198 0.26022014 0.34059621
vn -0.90348198 0.26022014 0.34059621
vn -0.87088725 0.26523734 0.41376873
vn -0.87088725 0.26523734 0.41376873
vn -0.87088725 0.26523734 0.41376873
vn 0.50520176 0.32713890 0.79859334
vn 0.50520176 0.32713890 0.79859334
vn 0.50520176 0.32713890 0.79859334
vn -0.79131135 0.22613262 0.56805844
vn -0.79131135 0.22613262 0.56805844
vn -0.79131135 0.22613262 0.56805844
vn -0.69567431 0.21446727 0.68559539
vn -0.69567431 0.21446727 0.68559539
vn -0.69567431 0.21446727 0.68559539
vn 0.79094212 0.47274348 0.38848960
vn 0.79094212 0.47274348 0.38848960
vn 0.79094212 0.47274348 0.38848960
vn 0.84843994 0.48376331 0.21476202
vn 0.84843994 0.48376331 0.21476202
vn 0.84843994 0.48376331 0.21476202
vn -0.49334242 0.58852521 0.64050866
vn -0.49334242 0.58852521 0.64050866
vn -0.49334242 0.58852521 0.64050866
vn -0.61554266 0.18278484 0.76661394
vn -0.61554266 0.18278484 0.76661394
vn -0.61554266 0.18278484 0.76661394
vn -0.53175037 0.16455664 0.83076029
vn -0.53175037 0.16455664 0.83076029
vn -0.53175037 0.16455664 0.83076029
vn -0.47006283 0.58796063 0.65828811
vn -0.47006283 0.58796063 0.65828811
vn -0.47006283 0.58796063 0.65828811
vn -0.41717034 0.12171362 0.90064128
vn -0.41717034 0.12171362 0.90064128
vn -0.41717034 0.12171362 0.90064128
vn -0.55564168 0.71291793 0.42779709
vn -0.55564168 0.71291793 0.42779709
vn -0.55564168 0.71291793 0.42779709
vn -0.47262120 0.60313081 0.64254372
vn -0.47262120 0.60313081 0.64254372
vn -0.47262120 0.60313081 0.64254372
vn -0.29641834 0.09413861 0.95040733
vn -0.29641834 0.09413861 0.95040733
vn -0.29641834 0.09413861 0.95040733
vn -0.19586333 0.05535673 0.97906751
vn -0.19586333 0.05535673 0.97906751
vn -0.19586333 0.05535673 0.97906751
vn -0.52779778 0.72732727 0.43866222
vn -0.52779778 0.72732727 0.43866222
vn -0.52779778 0.72732727 0.43866222
vn -0.45151787 0.61860779 0.64300546
vn -0.45151787 0.61860779 0.64300546
vn -0.45151787 0.61860779 0.64300546
vn 0.75493626 0.41589479 0.50705303
vn 0.75493626 0.41589479 0.50705303
vn 0.75493626 0.41589479 0.50705303
vn -0.44046920 0.61213556 0.65671679
vn -0.44046920 0.61213556 0.65671679
vn -0.44046920 0.61213556 0.65671679
vn -0.85572545 0.31122834 0.41336530
vn -0.85572545 0.31122834 0.41336530
vn -0.85572545 0.31122834 0.41336530
vn -0.85534386 0.31072166 0.41453459
vn -0.85534386 0.31072166 0.41453459
vn -0.85534386 0.31072166 0.41453459
vn 0.62385594 0.34368257 0.70191599
vn 0.62385594 0.34368257 0.70191599
vn 0.62385594 0.34368257 0.70191599
vn 0.66203531 0.35616923 0.65943364
vn 0.66203531 0.35616923 0.65943364
vn 0.66203531 0.35616923 0.65943364
vn -0.74246083 0.27003387 0.61305271
vn -0.74246083 0.27003387 0.61305271
vn -0.74246083 0.27003387 0.61305271
vn 0.87156114 0.44615788 0.20328388
vn 0.87156114 0.44615788 0.20328388
vn 0.87156114 0.44615788 0.20328388
vn 0.49017331 0.26371881 0.83077224
vn 0.49017331 0.26371881 0.83077224
vn 0.49017331 0.26371881 0.83077224
vn 0.45469086 0.25082847 0.85460008
vn 0.45469086 0.25082847 0.85460008
vn 0.45469086 0.25082847 0.85460008
vn -0.17645646 0.40840141 0.89558440
vn -0.17645646 0.40840141 0.89558440
vn -0.17645646 0.40840141 0.89558440
vn 0.28804960 0.15889650 0.94434069
vn 0.28804960 0.15889650 0.94434069
vn 0.28804960 0.15889650 0.94434069
vn 0.26674772 0.14963866 0.95207874
vn 0.26674772 0.14963866 0.95207874
vn 0.26674772 0.14963866 0.95207874
vn -0.25423252 0.60490672 0.75462155
vn -0.25423252 0.60490672 0.75462155
vn -0.25423252 0.60490672 0.75462155
vn -0.24665415 0.59772483 0.76281502
vn -0.24665415 0.59772483 0.76281502
vn -0.24665415 0.59772483 0.76281502
vn -0.23224607 0.60368696 0.76264265
vn -0.23224607 0.60368696 0.76264265
vn -0.23224607 0.60368696 0.76264265
vn 0.05848112 0.02855871 0.99787993
vn 0.05848112 0.02855871 0.99787993
vn 0.05848112 0.02855871 0.99787993
vn 0.83976279 0.40118924 0.36584922
vn 0.83976279 0.40118924 0.36584922
vn 0.83976279 0.40118924 0.36584922
vn -0.22244409 0.59384081 0.77322165
vn -0.22244409 0.59384081 0.77322165
vn -0.22244409 0.59384081 0.77322165
vn 0.82014610 0.39671137 0.41228686
vn 0.82014610 0.39671137 0.41228686
vn 0.82014610 0.39671137 0.41228686
vn -0.83549791 0.36240711 0.41304276
vn -0.83507660 0.36177559 0.41444600
vn -0.83496581 0.36160988 0.41481369
vn -0.83560782 0.36257223 0.41267536
vn -0.15716833 0.42581266 0.89105651
vn -0.15716833 0.42581266 0.89105651
vn -0.15716833 0.42581266 0.89105651
vn 0.71871767 0.33638452 0.60851489
vn 0.71871767 0.33638452 0.60851489
vn 0.71871767 0.33638452 0.60851489
vn -0.66967812 0.28244195 0.68684625
vn -0.66967812 0.28244195 0.68684625
vn -0.66967812 0.28244195 0.68684625
vn -0.68989473 0.29934697 0.65911809
vn -0.68989473 0.29934697 0.65911809
vn -0.68989473 0.29934697 0.65911809
vn -0.50914947 0.22225629 0.83148600
vn -0.50914947 0.22225629 0.83148600
vn -0.50914947 0.22225629 0.83148600
vn -0.46029067 0.19414289 0.86628000
vn -0.46029067 0.19414289 0.86628000
vn -0.46029067 0.19414289 0.86628000
vn -0.20844647 0.62351767 0.75350898
vn -0.20844647 0.62351767 0.75350898
vn -0.20844647 0.62351767 0.75350898
vn -0.19136897 0.61159106 0.76768111
vn -0.19136897 0.61159106 0.76768111
vn -0.19136897 0.61159106 0.76768111
vn 0.87321752 0.37720570 0.30855635
vn 0.87321752 0.37720570 0.30855635
vn 0.87321752 0.37720570 0.30855635
vn -0.28591743 0.12348072 0.95026509
vn -0.28591743 0.12348072 0.95026509
vn -0.28591743 0.12348072 0.95026509
vn -0.12975281 0.41769990 0.89927249
vn -0.12975281 0.41769990 0.89927249
vn -0.12975281 0.41769990 0.89927249
vn -0.29660480 0.12946988 0.94618346
vn -0.29660480 0.12946988 0.94618346
vn -0.29660480 0.12946988 0.94618346
vn -0.18773897 0.63252001 0.75144695
vn -0.18773897 0.63252001 0.75144695
vn -0.18773897 0.63252001 0.75144695
vn -0.83277366 0.43294837 0.34502717
vn -0.83277366 0.43294837 0.34502717
vn -0.83277366 0.43294837 0.34502717
vn 0.86701885 0.34599081 0.35856474
vn 0.86701885 0.34599081 0.35856474
vn 0.86701885 0.34599081 0.35856474
vn -0.81521221 0.40716783 0.41187791
vn -0.81521221 0.40716783 0.41187791
vn -0.81521221 0.40716783 0.41187791
vn 0.23275320 0.73759049 0.63386609
vn 0.23275320 0.73759049 0.63386609
vn 0.23275320 0.73759049 0.63386609
vn -0.66916363 0.34202900 0.65972434
vn -0.66916363 0.34202900 0.65972434
vn -0.66916363 0.34202900 0.65972434
vn 0.68370260 0.27287879 0.67682193
vn 0.68380356 0.27289204 0.67671458
vn 0.68371260 0.27288010 0.67681130
vn -0.67709355 0.34922041 0.64775723
vn -0.67709355 0.34922041 0.64775723
vn -0.67709355 0.34922041 0.64775723
vn 0.68385865 0.27289926 0.67665599
vn -0.53605521 0.27399341 0.79848132
vn -0.53605521 0.27399341 0.79848132
vn -0.53605521 0.27399341 0.79848132
vn 0.51584904 0.20609684 0.83151901
vn 0.51733654 0.20649262 0.83049606
vn 0.51743952 0.20652001 0.83042509
vn 0.51573948 0.20606768 0.83159419
vn 0.89447697 0.32363222 0.30850145
vn 0.89447697 0.32363222 0.30850145
vn 0.89447697 0.32363222 0.30850145
vn 0.26284904 0.72116161 0.64096514
vn 0.26284904 0.72116161 0.64096514
vn 0.26284904 0.72116161 0.64096514
vn 0.30784769 0.12300291 0.94345115
vn 0.30784769 0.12300291 0.94345115
vn 0.30784769 0.12300291 0.94345115
vn 0.30226036 0.12156218 0.94544239
vn 0.30226036 0.12156218 0.94544239
vn 0.30226036 0.12156218 0.94544239
vn -0.04100296 0.02100687 0.99893817
vn -0.04100296 0.02100687 0.99893817
vn -0.04100296 0.02100687 0.99893817
vn 0.27394941 0.70080868 0.65864932
vn 0.27394941 0.70080868 0.65864932
vn 0.27394941 0.70080868 0.65864932
vn 0.33963447 0.83765299 0.42776851
vn 0.33963447 0.83765299 0.42776851
vn 0.33963447 0.83765299 0.42776851
vn 0.28602826 0.71079195 0.64262168
vn 0.28602826 0.71079195 0.64262168
vn 0.28602826 0.71079195 0.64262168
vn -0.81648679 0.46491685 0.34234725
vn -0.81648679 0.46491685 0.34234725
vn -0.81648679 0.46491685 0.34234725
vn 0.88656825 0.29279626 0.35814396
vn 0.88656825 0.29279626 0.35814396
vn 0.88656825 0.29279626 0.35814396
vn 0.36602858 0.82073444 0.43865483
vn 0.36602858 0.82073444 0.43865483
vn 0.36602858 0.82073444 0.43865483
vn 0.30998426 0.70026454 0.64307024
vn 0.30998426 0.70026454 0.64307024
vn 0.30998426 0.70026454 0.64307024
vn 0.75591647 0.24964746 0.60519950
vn 0.75591647 0.24964746 0.60519950
vn 0.75591647 0.24964746 0.60519950
vn 0.30990330 0.68744620 0.65679348
vn 0.30990330 0.68744620 0.65679348
vn 0.30990330 0.68744620 0.65679348
vn -0.77635401 0.47092493 0.41893218
vn -0.77635401 0.47092493 0.41893218
vn -0.77635401 0.47092493 0.41893218
vn 0.91786258 0.26373269 0.29660302
vn 0.91786258 0.26373269 0.29660302
vn 0.91786258 0.26373269 0.29660302
vn -0.62831410 0.37936827 0.67919151
vn -0.62831410 0.37936827 0.67919151
vn -0.62831410 0.37936827 0.67919151
vn -0.65415748 0.40431007 0.63922716
vn -0.65415748 0.40431007 0.63922716
vn -0.65415748 0.40431007 0.63922716
vn -0.44460248 0.26840472 0.85456863
vn -0.44460248 0.26840472 0.85456863
vn -0.44460248 0.26840472 0.85456863
vn -0.47331173 0.29252519 0.83090614
vn -0.47331173 0.29252519 0.83090614
vn -0.47331173 0.29252519 0.83090614
vn -0.78131729 0.52461499 0.33811596
vn -0.78131729 0.52461499 0.33811596
vn -0.78131729 0.52461499 0.33811596
vn 0.26546333 0.35699199 0.89559251
vn 0.26546333 0.35699199 0.89559251
vn 0.26546333 0.35699199 0.89559251
vn 0.39682034 0.52258160 0.75461387
vn 0.39682034 0.52258160 0.75461387
vn 0.39682034 0.52258160 0.75461387
vn 0.39441790 0.51254212 0.76271560
vn 0.39441790 0.51254212 0.76271560
vn 0.39441790 0.51254212 0.76271560
vn -0.26817933 0.16190424 0.94966671
vn -0.26817933 0.16190424 0.94966671
vn -0.26817933 0.16190424 0.94966671
vn -0.27322997 0.16581936 0.94754911
vn -0.27322997 0.16581936 0.94754911
vn -0.27322997 0.16581936 0.94754911
vn 0.90565593 0.23705807 0.35155485
vn 0.90565593 0.23705807 0.35155485
vn 0.90565593 0.23705807 0.35155485
vn 0.88861405 0.22667578 0.39872692
vn 0.88861405 0.22667578 0.39872692
vn 0.88861405 0.22667578 0.39872692
vn 0.40670528 0.50311466 0.76253948
vn 0.40670528 0.50311466 0.76253948
vn 0.40670528 0.50311466 0.76253948
vn 0.40306069 0.48962828 0.77317930
vn 0.40306069 0.48962828 0.77317930
vn 0.40306069 0.48962828 0.77317930
vn 0.71827966 0.19682163 0.66733469
vn 0.71827966 0.19682163 0.66733469
vn 0.71827966 0.19682163 0.66733469
vn 0.72763342 0.19632928 0.65727043
vn 0.72763342 0.19632928 0.65727043
vn 0.72763342 0.19632928 0.65727043
vn -0.76708944 0.53135886 0.35948791
vn -0.76708944 0.53135886 0.35948791
vn -0.76708944 0.53135886 0.35948791
vn 0.29014253 0.34901654 0.89106945
vn 0.29014253 0.34901654 0.89106945
vn 0.29014253 0.34901654 0.89106945
vn 0.53517798 0.14887801 0.83151661
vn 0.53517798 0.14887801 0.83151661
vn 0.53517798 0.14887801 0.83151661
vn 0.56367699 0.15218120 0.81185537
vn 0.56367699 0.15218120 0.81185537
vn 0.56367699 0.15218120 0.81185537
vn 0.29307769 0.08266922 0.95250788
vn 0.29307769 0.08266922 0.95250788
vn 0.29307769 0.08266922 0.95250788
vn 0.31644648 0.08541643 0.94475693
vn 0.31644648 0.08541643 0.94475693
vn 0.31644648 0.08541643 0.94475693
vn -0.64945528 0.45432664 0.60975007
vn -0.64945528 0.45432664 0.60975007
vn -0.64945528 0.45432664 0.60975007
vn 0.43580273 0.49234410 0.75344095
vn 0.43580273 0.49234410 0.75344095
vn 0.43580273 0.49234410 0.75344095
vn 0.43401560 0.47160506 0.76760610
vn 0.43401560 0.47160506 0.76760610
vn 0.43401560 0.47160506 0.76760610
vn -0.76286726 0.56806736 0.30876045
vn -0.76286726 0.56806736 0.30876045
vn -0.76286726 0.56806736 0.30876045
vn 0.29687060 0.32124710 0.89925978
vn 0.29687060 0.32124710 0.89925978
vn 0.29687060 0.32124710 0.89925978
vn 0.45397651 0.47893326 0.75135096
vn 0.45397651 0.47893326 0.75135096
vn 0.45397651 0.47893326 0.75135096
vn -0.73318193 0.57788894 0.35845310
vn -0.73318193 0.57788894 0.35845310
vn -0.73318193 0.57788894 0.35845310
vn 0.75508613 0.16736161 0.63390459
vn 0.75508613 0.16736161 0.63390459
vn 0.75508613 0.16736161 0.63390459
vn -0.57826903 0.45570725 0.67670956
vn -0.57836605 0.45583379 0.67654140
vn -0.57842484 0.45591047 0.67643946
vn -0.57825836 0.45569333 0.67672805
vn 0.75603871 0.13283376 0.64090613
vn 0.75603871 0.13283376 0.64090613
vn 0.75603871 0.13283376 0.64090613
vn -0.43614617 0.34344097 0.83176008
vn -0.43728688 0.34458566 0.83068701
vn -0.43622442 0.34351949 0.83168661
vn -0.43736047 0.34465952 0.83061762
vn -0.72718557 0.61303794 0.30884564
vn -0.72718557 0.61303794 0.30884564
vn -0.72718557 0.61303794 0.30884564
vn -0.24246181 0.18873011 0.95162662
vn -0.24246181 0.18873011 0.95162662
vn -0.24246181 0.18873011 0.95162662
vn 0.74406608 0.11320255 0.65844578
vn 0.74406608 0.11320255 0.65844578
vn 0.74406608 0.11320255 0.65844578
vn -0.25423929 0.20019937 0.94619374
vn -0.25423929 0.20019937 0.94619374
vn -0.25423929 0.20019937 0.94619374
vn 0.89523540 0.12462268 0.42781161
vn 0.89523540 0.12462268 0.42781161
vn 0.89523540 0.12462268 0.42781161
vn 0.75892090 0.10767196 0.64221944
vn 0.75892090 0.10767196 0.64221944
vn 0.75892090 0.10767196 0.64221944
vn 0.97502831 0.05453875 0.21527963
vn 0.97502831 0.05453875 0.21527963
vn 0.97502831 0.05453875 0.21527963
vn 0.89378679 0.09349264 0.43863915
vn 0.89378679 0.09349264 0.43863915
vn 0.89378679 0.09349264 0.43863915
vn 0.76178434 0.08180784 0.64264461
vn 0.76178434 0.08180784 0.64264461
vn 0.76178434 0.08180784 0.64264461
vn -0.69663909 0.62132219 0.35868191
vn -0.69663909 0.62132219 0.35868191
vn -0.69663909 0.62132219 0.35868191
vn 0.88931381 0.03264724 0.45613057
vn 0.88931381 0.03264724 0.45613057
vn 0.88931381 0.03264724 0.45613057
vn 0.89244938 0.03150682 0.45004603
vn 0.89244938 0.03150682 0.45004603
vn 0.89244938 0.03150682 0.45004603
vn 0.75463677 0.03727802 0.65508297
vn 0.75463677 0.03727802 0.65508297
vn 0.75463677 0.03727802 0.65508297
vn 0.70292388 0.02853377 0.71069251
vn 0.70292388 0.02853377 0.71069251
vn 0.70292388 0.02853377 0.71069251
vn 0.75005525 0.07513466 0.65709353
vn 0.75005525 0.07513466 0.65709353
vn 0.75005525 0.07513466 0.65709353
vn 0.56016575 0.02842796 0.82789262
vn 0.56016575 0.02842796 0.82789262
vn 0.56016575 0.02842796 0.82789262
vn 0.47481621 0.01386402 0.87997577
vn 0.47481621 0.01386402 0.87997577
vn 0.47481621 0.01386402 0.87997577
vn -0.59435469 0.53009624 0.60476481
vn -0.59435469 0.53009624 0.60476481
vn -0.59435469 0.53009624 0.60476481
vn 0.32239985 0.02097722 0.94637112
vn 0.32239985 0.02097722 0.94637112
vn 0.32239985 0.02097722 0.94637112
vn -0.03340705 0.03042633 0.99897858
vn -0.03340705 0.03042633 0.99897858
vn -0.03340705 0.03042633 0.99897858
vn -0.68678016 0.66310795 0.29769256
vn -0.68678016 0.66310795 0.29769256
vn -0.68678016 0.66310795 0.29769256
vn -0.81998777 0.10679188 0.56233046
vn -0.81998777 0.10679188 0.56233046
vn -0.81998777 0.10679188 0.56233046
vn -0.67950618 0.66402791 0.31199084
vn -0.67950618 0.66402791 0.31199084
vn -0.67950618 0.66402791 0.31199084
vn -0.63258979 0.64627092 0.42680681
vn -0.63258979 0.64627092 0.42680681
vn -0.63258979 0.64627092 0.42680681
vn -0.81685603 0.15153590 0.55658162
vn -0.81685603 0.15153590 0.55658162
vn -0.81685603 0.15153590 0.55658162
vn -0.52978155 0.52392155 0.66696155
vn -0.52978155 0.52392155 0.66696155
vn -0.52978155 0.52392155 0.66696155
vn -0.53372198 0.53165772 0.65763281
vn -0.53372198 0.53165772 0.65763281
vn -0.53372198 0.53165772 0.65763281
vn -0.39629954 0.38886906 0.83170158
vn -0.39629954 0.38886906 0.83170158
vn -0.39629954 0.38886906 0.83170158
vn -0.41350496 0.41203256 0.81193769
vn -0.41350496 0.41203256 0.81193769
vn -0.41350496 0.41203256 0.81193769
vn -0.22740417 0.22544987 0.94734350
vn -0.22740417 0.22544987 0.94734350
vn -0.22740417 0.22544987 0.94734350
vn -0.23119772 0.23040830 0.94522993
vn -0.23119772 0.23040830 0.94522993
vn -0.23119772 0.23040830 0.94522993
vn -0.80235597 0.19297271 0.56478884
vn -0.80235597 0.19297271 0.56478884
vn -0.80235597 0.19297271 0.56478884
vn -0.80122528 0.19209488 0.56669004
vn -0.80122528 0.19209488 0.56669004
vn -0.80122528 0.19209488 0.56669004
vn -0.37904254 0.41877931 0.82519733
vn -0.37904254 0.41877931 0.82519733
vn -0.37904254 0.41877931 0.82519733
vn -0.49247556 0.56215232 0.66441900
vn -0.49247556 0.56215232 0.66441900
vn -0.49247556 0.56215232 0.66441900
vn -0.35977660 0.42330888 0.83148685
vn -0.35977660 0.42330888 0.83148685
vn -0.35977660 0.42330888 0.83148685
vn -0.33983916 0.44625943 0.82786585
vn -0.33983916 0.44625943 0.82786585
vn -0.33983916 0.44625943 0.82786585
vn -0.53471285 0.81699593 0.21586992
vn -0.53471285 0.81699593 0.21586992
vn -0.53471285 0.81699593 0.21586992
vn -0.47771464 0.76099085 0.43895517
vn -0.47771464 0.76099085 0.43895517
vn -0.47771464 0.76099085 0.43895517
vn -0.47551496 0.75297755 0.45487398
vn -0.47551496 0.75297755 0.45487398
vn -0.47551496 0.75297755 0.45487398
vn -0.40230091 0.63583387 0.65868753
vn -0.40230091 0.63583387 0.65868753
vn -0.40230091 0.63583387 0.65868753
vn -0.40376308 0.63954567 0.65418401
vn -0.40376308 0.63954567 0.65418401
vn -0.40376308 0.63954567 0.65418401
vn -0.32343167 0.45281461 0.83087357
vn -0.32343167 0.45281461 0.83087357
vn -0.32343167 0.45281461 0.83087357
vn -0.29747983 0.46996607 0.83104611
vn -0.29747983 0.46996607 0.83104611
vn -0.29747983 0.46996607 0.83104611
vn -0.30737264 0.49275769 0.81407120
vn -0.30737264 0.49275769 0.81407120
vn -0.30737264 0.49275769 0.81407120
vn -0.17381619 0.27417563 0.94584124
vn -0.17381619 0.27417563 0.94584124
vn -0.17381619 0.27417563 0.94584124
vn -0.17147150 0.26861950 0.94786132
vn -0.17147150 0.26861950 0.94786132
vn -0.17147150 0.26861950 0.94786132
vn -0.45308160 0.81365015 0.36426708
vn -0.45308160 0.81365015 0.36426708
vn -0.45308160 0.81365015 0.36426708
vn -0.31765056 0.76369296 0.56202419
vn -0.31765056 0.76369296 0.56202419
vn -0.31765056 0.76369296 0.56202419
vn -0.22308753 0.03073139 0.97431388
vn -0.22308753 0.03073139 0.97431388
vn -0.22308753 0.03073139 0.97431388
vn -0.20730227 0.02578964 0.97793694
vn -0.20730227 0.02578964 0.97793694
vn -0.20730227 0.02578964 0.97793694
vn -0.40168530 0.85588779 0.32573763
vn -0.40168530 0.85588779 0.32573763
vn -0.40168530 0.85588779 0.32573763
vn -0.27721487 0.78321804 0.55652620
vn -0.27721487 0.78321804 0.55652620
vn -0.27721487 0.78321804 0.55652620
vn -0.40141987 0.80551978 0.43588986
vn -0.40141987 0.80551978 0.43588986
vn -0.40141987 0.80551978 0.43588986
vn -0.36107573 0.74350082 0.56287729
vn -0.36107573 0.74350082 0.56287729
vn -0.36107573 0.74350082 0.56287729
vn -0.33519770 0.67211107 0.66023420
vn -0.33519770 0.67211107 0.66023420
vn -0.33519770 0.67211107 0.66023420
vn -0.28568158 0.58984694 0.75529241
vn -0.28568158 0.58984694 0.75529241
vn -0.28568158 0.58984694 0.75529241
vn -0.24810090 0.49510806 0.83265476
vn -0.24810090 0.49510806 0.83265476
vn -0.24810090 0.49510806 0.83265476
vn -0.18416654 0.38617814 0.90385238
vn -0.18416654 0.38617814 0.90385238
vn -0.18416654 0.38617814 0.90385238
vn -0.19516609 0.03805878 0.98003149
vn -0.19516609 0.03805878 0.98003149
vn -0.19516609 0.03805878 0.98003149
vn -0.14220205 0.28403754 0.94820950
vn -0.14220205 0.28403754 0.94820950
vn -0.14220205 0.28403754 0.94820950
vn -0.02587483 0.04733995 0.99854365
vn -0.02587483 0.04733995 0.99854365
vn -0.02587483 0.04733995 0.99854365
vn -0.09163515 0.19301168 0.97690813
vn -0.09163515 0.19301168 0.97690813
vn -0.09163515 0.19301168 0.97690813
vn -0.23411947 0.79146251 0.56460177
vn -0.23411947 0.79146251 0.56460177
vn -0.23411947 0.79146251 0.56460177
vn -0.23427725 0.79031532 0.56614120
vn -0.23427725 0.79031532 0.56614120
vn -0.23427725 0.79031532 0.56614120
vn 0.17327505 0.53754247 0.82524170
vn 0.17327505 0.53754247 0.82524170
vn 0.17327505 0.53754247 0.82524170
vn -0.65550622 0.72844581 0.19919411
vn -0.65550622 0.72844581 0.19919411
vn -0.65550622 0.72844581 0.19919411
vn -0.65527573 0.72364653 0.21667812
vn -0.65527573 0.72364653 0.21667812
vn -0.65527573 0.72364653 0.21667812
vn 0.24069177 0.70737468 0.66459652
vn 0.24069177 0.70737468 0.66459652
vn 0.24069177 0.70737468 0.66459652
vn 0.18670255 0.52337744 0.83139534
vn 0.18670255 0.52337744 0.83139534
vn 0.18670255 0.52337744 0.83139534
vn -0.62838008 0.74123746 0.23602015
vn -0.62838008 0.74123746 0.23602015
vn -0.62838008 0.74123746 0.23602015
vn -0.61985057 0.76306190 0.18308960
vn -0.61985057 0.76306190 0.18308960
vn -0.61985057 0.76306190 0.18308960
vn -0.60191896 0.76390319 0.23269183
vn -0.60191896 0.76390319 0.23269183
vn -0.60191896 0.76390319 0.23269183
vn 0.21651897 0.51739919 0.82789952
vn 0.21651897 0.51739919 0.82789952
vn 0.21651897 0.51739919 0.82789952
vn -0.57693220 0.79785149 0.17487777
vn -0.57693220 0.79785149 0.17487777
vn -0.57693220 0.79785149 0.17487777
vn 0.23044946 0.50661623 0.83080265
vn 0.23044946 0.50661623 0.83080265
vn 0.23044946 0.50661623 0.83080265
vn -0.22750362 0.91286240 0.33900493
vn -0.22750362 0.91286240 0.33900493
vn -0.22750362 0.91286240 0.33900493
vn -0.20567827 0.88611093 0.41533585
vn -0.20567827 0.88611093 0.41533585
vn -0.20567827 0.88611093 0.41533585
vn -0.19982171 0.79874297 0.56752176
vn -0.19982171 0.79874297 0.56752176
vn -0.19982171 0.79874297 0.56752176
vn -0.16214484 0.71015875 0.68511576
vn -0.16214484 0.71015875 0.68511576
vn -0.16214484 0.71015875 0.68511576
vn -0.14938796 0.62401748 0.76699767
vn -0.14938796 0.62401748 0.76699767
vn -0.14938796 0.62401748 0.76699767
vn -0.12335965 0.54261787 0.83087198
vn -0.12335965 0.54261787 0.83087198
vn -0.12335965 0.54261787 0.83087198
vn 0.50307263 0.65924750 0.55884762
vn 0.50248258 0.65685950 0.56218045
vn 0.50261666 0.65740006 0.56142822
vn -0.10320352 0.42220266 0.90060754
vn -0.10320352 0.42220266 0.90060754
vn -0.10320352 0.42220266 0.90060754
vn -0.06667447 0.30373676 0.95042017
vn -0.06667447 0.30373676 0.95042017
vn -0.06667447 0.30373676 0.95042017
vn -0.04999413 0.19732668 0.97906219
vn -0.04999413 0.19732668 0.97906219
vn -0.04999413 0.19732668 0.97906219
vn 0.53981629 0.63160852 0.55647916
vn 0.53981629 0.63160852 0.55647916
vn 0.53981629 0.63160852 0.55647916
vn -0.15861946 0.89734695 0.41183530
vn -0.15861946 0.89734695 0.41183530
vn -0.15861946 0.89734695 0.41183530
vn -0.15945746 0.89532406 0.41589438
vn -0.15945746 0.89532406 0.41589438
vn -0.15945746 0.89532406 0.41589438
vn -0.13754594 0.77812916 0.61285898
vn -0.13754594 0.77812916 0.61285898
vn -0.13754594 0.77812916 0.61285898
vn 0.56855163 0.59867849 0.56421016
vn 0.56855163 0.59867849 0.56421016
vn 0.56855163 0.59867849 0.56421016
vn 0.56725534 0.59815043 0.56607195
vn 0.56725534 0.59815043 0.56607195
vn 0.56725534 0.59815043 0.56607195
vn -0.10105016 0.97994907 0.17172271
vn -0.10105016 0.97994907 0.17172271
vn -0.10105016 0.97994907 0.17172271
vn 0.30293234 0.93194227 0.19928777
vn 0.30293234 0.93194227 0.19928777
vn 0.30293234 0.93194227 0.19928777
vn 0.29923670 0.92956588 0.21532458
vn 0.29923670 0.92956588 0.21532458
vn 0.29923670 0.92956588 0.21532458
vn -0.11108527 0.89013763 0.44194463
vn -0.11108527 0.89013763 0.44194463
vn -0.11108527 0.89013763 0.44194463
vn -0.10376123 0.90584006 0.41071571
vn -0.10376123 0.90584006 0.41071571
vn -0.10376123 0.90584006 0.41071571
vn 0.55218563 0.11867031 0.82523233
vn 0.55218563 0.11867031 0.82523233
vn 0.55218563 0.11867031 0.82523233
vn -0.09021340 0.72108916 0.68694394
vn -0.09021340 0.72108916 0.68694394
vn -0.09021340 0.72108916 0.68694394
vn 0.73277522 0.14525949 0.66478580
vn 0.73277522 0.14525949 0.66478580
vn 0.73277522 0.14525949 0.66478580
vn -0.08561474 0.74742042 0.65881169
vn -0.08561474 0.74742042 0.65881169
vn -0.08561474 0.74742042 0.65881169
vn 0.32775374 0.91474843 0.23624733
vn 0.32775374 0.91474843 0.23624733
vn 0.32775374 0.91474843 0.23624733
vn 0.35077600 0.91828336 0.18360793
vn 0.35077600 0.91828336 0.18360793
vn 0.35077600 0.91828336 0.18360793
vn 0.54605943 0.09960458 0.83180408
vn 0.54605943 0.09960458 0.83180408
vn 0.54605943 0.09960458 0.83180408
vn -0.06209349 0.55189210 0.83160057
vn -0.06209349 0.55189210 0.83160057
vn -0.06209349 0.55189210 0.83160057
vn -0.06201293 0.49576561 0.86623949
vn -0.06201293 0.49576561 0.86623949
vn -0.06201293 0.49576561 0.86623949
vn 0.36048139 0.90320725 0.23295886
vn 0.36048139 0.90320725 0.23295886
vn 0.36048139 0.90320725 0.23295886
vn -0.03602307 0.30930737 0.95027959
vn -0.03602307 0.30930737 0.95027959
vn -0.03602307 0.30930737 0.95027959
vn -0.03617901 0.32147303 0.94622734
vn -0.03617901 0.32147303 0.94622734
vn -0.03617901 0.32147303 0.94622734
vn 0.56474637 0.08390175 0.82098845
vn 0.56474637 0.08390175 0.82098845
vn 0.56474637 0.08390175 0.82098845
vn -0.04867777 0.95893386 0.27942141
vn -0.04867777 0.95893386 0.27942141
vn -0.04867777 0.95893386 0.27942141
vn 0.40233560 0.89867843 0.17465147
vn 0.40233560 0.89867843 0.17465147
vn 0.40233560 0.89867843 0.17465147
vn -0.04562774 0.89551817 0.44267969
vn -0.04549666 0.89590543 0.44190894
vn -0.04561147 0.89556629 0.44258403
vn -0.04548069 0.89595256 0.44181502
vn 0.55828301 0.05631489 0.82773711
vn 0.55828301 0.05631489 0.82773711
vn 0.55828301 0.05631489 0.82773711
vn -0.03829014 0.75083125 0.65938327
vn -0.03826577 0.75094512 0.65925500
vn -0.03826237 0.75096097 0.65923714
vn -0.03829363 0.75081495 0.65940163
vn -0.03067695 0.60147632 0.79830142
vn -0.03067695 0.60147632 0.79830142
vn -0.03067695 0.60147632 0.79830142
vn -0.01305933 0.99183924 0.12682422
vn -0.01305933 0.99183924 0.12682422
vn -0.01305933 0.99183924 0.12682422
vn 0.12661857 0.16446615 0.97822217
vn 0.12661857 0.16446615 0.97822217
vn 0.12661857 0.16446615 0.97822217
vn -0.94160117 0.11084439 0.31796344
vn -0.94160117 0.11084439 0.31796344
vn -0.94160117 0.11084439 0.31796344
vn -0.00207799 0.04419358 0.99902083
vn -0.00207799 0.04419358 0.99902083
vn -0.00207799 0.04419358 0.99902083
vn -0.82409256 0.10560203 0.55652463
vn -0.82409256 0.10560203 0.55652463
vn -0.82409256 0.10560203 0.55652463
vn 0.01916112 0.96598453 0.25788899
vn 0.01916112 0.96598453 0.25788899
vn 0.01916112 0.96598453 0.25788899
vn -0.80224856 0.13137573 0.58235528
vn -0.80224856 0.13137573 0.58235528
vn -0.80224856 0.13137573 0.58235528
vn 0.01801202 0.89661286 0.44244881
vn 0.01801202 0.89661286 0.44244881
vn 0.01801202 0.89661286 0.44244881
vn 0.01573057 0.89110797 0.45351861
vn 0.01573057 0.89110797 0.45351861
vn 0.01573057 0.89110797 0.45351861
vn -0.80124394 0.15813788 0.57706200
vn -0.80124394 0.15813788 0.57706200
vn -0.80124394 0.15813788 0.57706200
vn -0.92857616 0.19435812 0.31618228
vn -0.92857616 0.19435812 0.31618228
vn -0.92857616 0.19435812 0.31618228
vn 0.02248445 0.75106951 0.65984017
vn 0.02248445 0.75106951 0.65984017
vn 0.02248445 0.75106951 0.65984017
vn 0.01430785 0.71222444 0.70180598
vn 0.01430785 0.71222444 0.70180598
vn 0.01430785 0.71222444 0.70180598
vn 0.05029440 0.98040915 0.19044259
vn 0.05029440 0.98040915 0.19044259
vn 0.05029440 0.98040915 0.19044259
vn 0.01663863 0.55608497 0.83095888
vn 0.01663863 0.55608497 0.83095888
vn 0.01663863 0.55608497 0.83095888
vn 0.01017399 0.51954530 0.85438233
vn 0.01017399 0.51954530 0.85438233
vn 0.01017399 0.51954530 0.85438233
vn -0.91589478 0.21708056 0.33765780
vn -0.91589478 0.21708056 0.33765780
vn -0.91589478 0.21708056 0.33765780
vn -0.91958911 0.22513140 0.32198095
vn -0.91958911 0.22513140 0.32198095
vn -0.91958911 0.22513140 0.32198095
vn 0.00816155 0.31935148 0.94760119
vn 0.00816155 0.31935148 0.94760119
vn 0.00816155 0.31935148 0.94760119
vn 0.00593253 0.30244892 0.95314713
vn 0.00593253 0.30244892 0.95314713
vn 0.00593253 0.30244892 0.95314713
vn 0.96285848 0.20489730 0.17584267
vn 0.96285848 0.20489730 0.17584267
vn 0.96285848 0.20489730 0.17584267
vn -0.22850031 0.24731808 0.94160574
vn -0.22850031 0.24731808 0.94160574
vn -0.22850031 0.24731808 0.94160574
vn 0.08371749 0.93343177 0.34885028
vn 0.08371749 0.93343177 0.34885028
vn 0.08371749 0.93343177 0.34885028
vn -0.38122886 0.42983210 0.81847964
vn -0.38122886 0.42983210 0.81847964
vn -0.38122886 0.42983210 0.81847964
vn 0.95273851 0.17718682 0.24676743
vn 0.95273851 0.17718682 0.24676743
vn 0.95273851 0.17718682 0.24676743
vn 0.06693317 0.89407102 0.44289610
vn 0.06693317 0.89407102 0.44289610
vn 0.06693317 0.89407102 0.44289610
vn 0.97075678 0.15529571 0.18306969
vn 0.97075678 0.15529571 0.18306969
vn 0.97075678 0.15529571 0.18306969
vn -0.21339089 0.24238140 0.94642252
vn -0.21339089 0.24238140 0.94642252
vn -0.21339089 0.24238140 0.94642252
vn 0.06801670 0.79068460 0.60843372
vn 0.06801670 0.79068460 0.60843372
vn 0.06801670 0.79068460 0.60843372
vn 0.96259710 0.13931075 0.23237758
vn 0.96259710 0.13931075 0.23237758
vn 0.96259710 0.13931075 0.23237758
vn -0.20708095 0.25498654 0.94451011
vn -0.36055880 0.45705968 0.81307675
vn -0.36055880 0.45705968 0.81307675
vn -0.36055880 0.45705968 0.81307675
vn 0.11017759 0.94483849 0.30844955
vn 0.11017759 0.94483849 0.30844955
vn 0.11017759 0.94483849 0.30844955
vn 0.97952669 0.10112962 0.17406969
vn 0.97952669 0.10112962 0.17406969
vn 0.97952669 0.10112962 0.17406969
vn -0.33667154 0.45899186 0.82217927
vn -0.33667154 0.45899186 0.82217927
vn -0.33667154 0.45899186 0.82217927
vn -0.18144280 0.25393423 0.95005048
vn -0.18144280 0.25393423 0.95005048
vn -0.18144280 0.25393423 0.95005048
vn 0.13392055 0.92392580 0.35836629
vn 0.13392055 0.92392580 0.35836629
vn 0.13392055 0.92392580 0.35836629
vn -0.42737503 0.05200992 0.90257717
vn 0.10551964 0.72864364 0.67671563
vn 0.10561087 0.72886364 0.67646444
vn 0.10566613 0.72899688 0.67631222
vn 0.10550961 0.72861945 0.67674324
vn 0.07979642 0.55105148 0.83064721
vn 0.07979642 0.55105148 0.83064721
vn 0.07979642 0.55105148 0.83064721
vn 0.07934467 0.54937725 0.83179869
vn 0.07934467 0.54937725 0.83179869
vn 0.07934467 0.54937725 0.83179869
vn 0.16693068 0.93638485 0.30873542
vn 0.16693068 0.93638485 0.30873542
vn 0.16693068 0.93638485 0.30873542
vn -0.41867551 0.06934625 0.90548435
vn -0.41867551 0.06934625 0.90548435
vn -0.41867551 0.06934625 0.90548435
vn -0.32050594 0.76643430 0.55664567
vn -0.32050594 0.76643430 0.55664567
vn -0.32050594 0.76643430 0.55664567
vn 0.04448423 0.31944134 0.94656135
vn 0.04448423 0.31944134 0.94656135
vn 0.04448423 0.31944134 0.94656135
vn -0.21893204 0.03619564 0.97506853
vn -0.21893204 0.03619564 0.97506853
vn -0.21893204 0.03619564 0.97506853
vn 0.04901311 0.33936351 0.93937752
vn 0.04901311 0.33936351 0.93937752
vn 0.04901311 0.33936351 0.93937752
vn -0.28739338 0.76043134 0.58236519
vn -0.28739338 0.76043134 0.58236519
vn -0.28739338 0.76043134 0.58236519
vn -0.31895830 0.88941900 0.32741327
vn -0.31895830 0.88941900 0.32741327
vn -0.31895830 0.88941900 0.32741327
vn 0.18971741 0.91393893 0.35877979
vn 0.18971741 0.91393893 0.35877979
vn 0.18971741 0.91393893 0.35877979
vn -0.42056453 0.09342796 0.90243930
vn -0.42056453 0.09342796 0.90243930
vn -0.42056453 0.09342796 0.90243930
vn -0.26376974 0.77305868 0.57689324
vn -0.26376974 0.77305868 0.57689324
vn -0.26376974 0.77305868 0.57689324
vn -0.21431093 0.04696515 0.97563574
vn -0.21431093 0.04696515 0.97563574
vn -0.21431093 0.04696515 0.97563574
vn 0.16187214 0.77979798 0.60474170
vn 0.16187214 0.77979798 0.60474170
vn 0.16187214 0.77979798 0.60474170
vn -0.26820644 0.89672276 0.35207045
vn -0.26820644 0.89672276 0.35207045
vn -0.26820644 0.89672276 0.35207045
vn -0.27492335 0.93024178 0.24303782
vn -0.27492335 0.93024178 0.24303782
vn -0.27492335 0.93024178 0.24303782
vn -0.26460933 0.90886706 0.32240125
vn -0.26460933 0.90886706 0.32240125
vn -0.26460933 0.90886706 0.32240125
vn 0.23076590 0.92646915 0.29732477
vn 0.23076590 0.92646915 0.29732477
vn 0.23076590 0.92646915 0.29732477
vn -0.60859582 0.66615289 0.43110492
vn -0.60859582 0.66615289 0.43110492
vn -0.60859582 0.66615289 0.43110492
vn -0.60196858 0.66464422 0.44258546
vn -0.60196858 0.66464422 0.44258546
vn -0.60196858 0.66464422 0.44258546
vn 0.02309033 0.11208436 0.99343039
vn 0.02309033 0.11208436 0.99343039
vn 0.02309033 0.11208436 0.99343039
vn 0.10021114 0.32208564 0.94139183
vn 0.10021114 0.32208564 0.94139183
vn 0.10021114 0.32208564 0.94139183
vn 0.18170056 0.54491242 0.81856909
vn 0.18170056 0.54491242 0.81856909
vn 0.18170056 0.54491242 0.81856909
vn -0.58018738 0.68416996 0.44192089
vn -0.58018738 0.68416996 0.44192089
vn -0.58018738 0.68416996 0.44192089
vn 0.23532255 0.92049337 0.31195392
vn 0.23532255 0.92049337 0.31195392
vn 0.23532255 0.92049337 0.31195392
vn -0.58059553 0.68717965 0.43668405
vn -0.58059553 0.68717965 0.43668405
vn -0.58059553 0.68717965 0.43668405
vn 0.24340669 0.87091345 0.42692265
vn 0.24340669 0.87091345 0.42692265
vn 0.24340669 0.87091345 0.42692265
vn 0.10326639 0.30613620 0.94637027
vn 0.10326639 0.30613620 0.94637027
vn 0.10326639 0.30613620 0.94637027
vn 0.18881919 0.72077814 0.66695291
vn 0.18881919 0.72077814 0.66695291
vn 0.18881919 0.72077814 0.66695291
vn 0.19366346 0.72823554 0.65739445
vn 0.19366346 0.72823554 0.65739445
vn 0.19366346 0.72823554 0.65739445
vn -0.55901685 0.71386614 0.42177635
vn -0.55901685 0.71386614 0.42177635
vn -0.55901685 0.71386614 0.42177635
vn 0.13858132 0.53760723 0.83172933
vn 0.13858132 0.53760723 0.83172933
vn 0.13858132 0.53760723 0.83172933
vn 0.11729939 0.30689121 0.94448856
vn 0.11729939 0.30689121 0.94448856
vn 0.11729939 0.30689121 0.94448856
vn 0.15007234 0.56417050 0.81190513
vn 0.15007234 0.56417050 0.81190513
vn 0.15007234 0.56417050 0.81190513
vn 0.21550392 0.54090944 0.81300371
vn 0.21550392 0.54090944 0.81300371
vn 0.21550392 0.54090944 0.81300371
vn 0.08948806 0.32940210 0.93993944
vn 0.08948806 0.32940210 0.93993944
vn 0.08948806 0.32940210 0.93993944
vn 0.08434624 0.31714554 0.94461866
vn 0.08434624 0.31714554 0.94461866
vn 0.08434624 0.31714554 0.94461866
vn 0.22919112 0.52103971 0.82218554
vn 0.22919112 0.52103971 0.82218554
vn 0.22919112 0.52103971 0.82218554
vn -0.52707997 0.73579340 0.42519969
vn -0.52707997 0.73579340 0.42519969
vn -0.52707997 0.73579340 0.42519969
vn -0.56625480 0.79641425 0.21232017
vn -0.56625480 0.79641425 0.21232017
vn -0.56625480 0.79641425 0.21232017
vn 0.12920985 0.28413964 0.95003657
vn 0.12920985 0.28413964 0.95003657
vn 0.12920985 0.28413964 0.95003657
vn 0.58326451 0.77346540 0.24810034
vn 0.58326451 0.77346540 0.24810034
vn 0.58326451 0.77346540 0.24810034
vn 0.56846194 0.75992012 0.31523392
vn 0.56846194 0.75992012 0.31523392
vn 0.56846194 0.75992012 0.31523392
vn -0.15139305 0.39050315 0.90806797
vn -0.15139305 0.39050315 0.90806797
vn -0.15139305 0.39050315 0.90806797
vn 0.50336424 0.66043653 0.55717864
vn -0.08023200 0.19685869 0.97714353
vn -0.08023200 0.19685869 0.97714353
vn -0.08023200 0.19685869 0.97714353
vn -0.10191601 0.27683558 0.95549735
vn -0.10191601 0.27683558 0.95549735
vn -0.10191601 0.27683558 0.95549735
vn 0.51461180 0.62899209 0.58270375
vn 0.51461180 0.62899209 0.58270375
vn 0.51461180 0.62899209 0.58270375
vn 0.61055938 0.72286978 0.32353751
vn 0.61055938 0.72286978 0.32353751
vn 0.61055938 0.72286978 0.32353751
vn 0.62297638 0.73757085 0.26055647
vn 0.62297638 0.73757085 0.26055647
vn 0.62297638 0.73757085 0.26055647
vn -0.13017254 0.42616023 0.89523325
vn -0.13017254 0.42616023 0.89523325
vn -0.13017254 0.42616023 0.89523325
vn 0.53777575 0.61516605 0.57651365
vn 0.53777575 0.61516605 0.57651365
vn 0.53777575 0.61516605 0.57651365
vn 0.44420830 0.86949197 0.21601552
vn 0.44420830 0.86949197 0.21601552
vn 0.44420830 0.86949197 0.21601552
vn -0.09276579 0.27837930 0.95598090
vn -0.09276579 0.27837930 0.95598090
vn -0.09276579 0.27837930 0.95598090
vn -0.05937300 0.20403576 0.97716132
vn -0.05937300 0.20403576 0.97716132
vn -0.05937300 0.20403576 0.97716132
vn 0.44288743 0.84165559 0.30897669
vn 0.44288743 0.84165559 0.30897669
vn 0.44288743 0.84165559 0.30897669
vn 0.40336390 0.79839344 0.44706316
vn 0.40336390 0.79839344 0.44706316
vn 0.40336390 0.79839344 0.44706316
vn 0.38000167 0.72586291 0.57334262
vn 0.38000167 0.72586291 0.57334262
vn 0.38000167 0.72586291 0.57334262
vn 0.64347091 0.68190207 0.34778550
vn 0.64347091 0.68190207 0.34778550
vn 0.64347091 0.68190207 0.34778550
vn 0.65003990 0.68367666 0.33171426
vn 0.65003990 0.68367666 0.33171426
vn 0.65003990 0.68367666 0.33171426
vn 0.33829215 0.67545094 0.65522855
vn 0.33829215 0.67545094 0.65522855
vn 0.33829215 0.67545094 0.65522855
vn 0.25520203 0.48849688 0.83441160
vn 0.25520203 0.48849688 0.83441160
vn 0.25520203 0.48849688 0.83441160
vn 0.27310320 0.51267338 0.81399057
vn 0.27310320 0.51267338 0.81399057
vn 0.27310320 0.51267338 0.81399057
vn 0.31681918 0.43342981 0.84366119
vn 0.31681918 0.43342981 0.84366119
vn 0.31681918 0.43342981 0.84366119
vn -0.48716490 0.05021765 0.87186498
vn -0.48716490 0.05021765 0.87186498
vn -0.48716490 0.05021765 0.87186498
vn 0.67202745 0.66855940 0.31844534
vn 0.67202745 0.66855940 0.31844534
vn 0.67202745 0.66855940 0.31844534
vn 0.45664069 0.30116873 0.83712405
vn 0.45664069 0.30116873 0.83712405
vn 0.45664069 0.30116873 0.83712405
vn 0.93125590 0.34117918 0.12790314
vn 0.93125590 0.34117918 0.12790314
vn 0.93125590 0.34117918 0.12790314
vn -0.87381586 0.48544254 -0.02813157
vn -0.87381586 0.48544254 -0.02813157
vn -0.87381586 0.48544254 -0.02813157
vn 0.45662290 0.07403092 0.88657484
vn 0.45662290 0.07403092 0.88657484
vn 0.45662290 0.07403092 0.88657484
vn -0.51843730 0.35100799 0.77975391
vn -0.51843730 0.35100799 0.77975391
vn -0.51843730 0.35100799 0.77975391
vn -0.30851219 0.44779774 0.83922429
vn -0.30851219 0.44779774 0.83922429
vn -0.30851219 0.44779774 0.83922429
vn -0.34004240 0.82337817 -0.45433419
vn -0.34004240 0.82337817 -0.45433419
vn -0.34004240 0.82337817 -0.45433419
vn 0.22674092 0.80085690 0.55427140
vn 0.22674092 0.80085690 0.55427140
vn 0.22674092 0.80085690 0.55427140
vn 0.83481480 0.55051103 -0.00467470
vn 0.83481480 0.55051103 -0.00467470
vn 0.83481480 0.55051103 -0.00467470
vn 0.86943406 0.49403912 0.00312316
vn 0.86943406 0.49403912 0.00312316
vn 0.86943406 0.49403912 0.00312316
vn -0.99423844 0.10690124 -0.00787743
vn -0.99423844 0.10690124 -0.00787743
vn -0.99423844 0.10690124 -0.00787743
vn -0.97002582 0.24296663 0.00413778
vn -0.97002582 0.24296663 0.00413778
vn -0.97002582 0.24296663 0.00413778
vn 0.97843510 0.20655423 -0.00033197
vn 0.97843510 0.20655423 -0.00033197
vn 0.97843510 0.20655423 -0.00033197
vn 0.98803762 0.15408698 -0.00623397
vn 0.98803762 0.15408698 -0.00623397
vn 0.98803762 0.15408698 -0.00623397
vn -0.82389734 0.56673902 0.00022790
vn -0.82389734 0.56673902 0.00022790
vn -0.82389734 0.56673902 0.00022790
vn -0.82830411 0.56027632 0.00165630
vn -0.82830411 0.56027632 0.00165630
vn -0.82830411 0.56027632 0.00165630
vn -0.52569987 0.85066664 0.00243156
vn -0.52569987 0.85066664 0.00243156
vn -0.52569987 0.85066664 0.00243156
vn -0.56733873 0.82347799 -0.00328094
vn -0.56733873 0.82347799 -0.00328094
vn -0.56733873 0.82347799 -0.00328094
vn -0.34391198 0.93900141 -0.00095331
vn -0.34391198 0.93900141 -0.00095331
vn -0.34391198 0.93900141 -0.00095331
vn -0.18156922 0.98328887 0.01325202
vn -0.18156922 0.98328887 0.01325202
vn -0.18156922 0.98328887 0.01325202
vn -0.03563822 0.99936359 0.00152618
vn -0.03563822 0.99936359 0.00152618
vn -0.03563822 0.99936359 0.00152618
vn 0.26884110 0.96314916 0.00825599
vn 0.26884110 0.96314916 0.00825599
vn 0.26884110 0.96314916 0.00825599
vn 0.31395959 0.94943572 0.00109203
vn 0.31395959 0.94943572 0.00109203
vn 0.31395959 0.94943572 0.00109203
vn 0.59011248 0.80731329 -0.00353699
vn 0.59011248 0.80731329 -0.00353699
vn 0.59011248 0.80731329 -0.00353699
vn 0.64609042 0.76324740 0.00453482
vn 0.64609042 0.76324740 0.00453482
vn 0.64609042 0.76324740 0.00453482
vn 0.06642286 0.36773534 0.92755524
vn 0.06642286 0.36773534 0.92755524
vn 0.06642286 0.36773534 0.92755524
vn 0.37191632 0.10488925 0.92232126
vn 0.37191632 0.10488925 0.92232126
vn 0.37191632 0.10488925 0.92232126
vn 0.23491647 0.27989511 0.93084530
vn 0.23491647 0.27989511 0.93084530
vn 0.23491647 0.27989511 0.93084530
vn 0.29732891 0.27337107 0.91480259
vn 0.29732891 0.27337107 0.91480259
vn 0.29732891 0.27337107 0.91480259
vn 0.36787446 0.08614124 0.92587692
vn 0.36787446 0.08614124 0.92587692
vn 0.36787446 0.08614124 0.92587692
vn -0.36778394 0.12216049 0.92185237
vn -0.36778394 0.12216049 0.92185237
vn -0.36778394 0.12216049 0.92185237
vn -0.20462316 0.32658343 0.92275275
vn -0.20462316 0.32658343 0.92275275
vn -0.20462316 0.32658343 0.92275275
vn -0.29597895 0.24414342 0.92346654
vn -0.29597895 0.24414342 0.92346654
vn -0.29597895 0.24414342 0.92346654
vn -0.36315771 0.08954645 0.92741464
vn -0.36315771 0.08954645 0.92741464
vn -0.36315771 0.08954645 0.92741464
vn -0.08185696 0.37705787 0.92256534
vn -0.08185696 0.37705787 0.92256534
vn -0.08185696 0.37705787 0.92256534
vn -0.32533208 0.22633909 0.91811201
vn -0.32533208 0.22633909 0.91811201
vn -0.32533208 0.22633909 0.91811201
vn -0.07129197 0.38655944 0.91950489
vn -0.07129197 0.38655944 0.91950489
vn -0.07129197 0.38655944 0.91950489
vn 0.10591052 0.37278641 0.92185316
vn 0.10591052 0.37278641 0.92185316
vn 0.10591052 0.37278641 0.92185316
vn 0.34216477 0.19157670 0.91990306
vn 0.34216477 0.19157670 0.91990306
vn 0.34216477 0.19157670 0.91990306
vn 0.29663286 0.25241186 0.92103051
vn 0.29663286 0.25241186 0.92103051
vn 0.29663286 0.25241186 0.92103051
vn 0.09494861 0.38302838 0.91884385
vn 0.09494861 0.38302838 0.91884385
vn 0.09494861 0.38302838 0.91884385
vn 0.67182903 0.15742861 0.72378311
vn 0.67182903 0.15742861 0.72378311
vn 0.67182903 0.15742861 0.72378311
vn 0.87454620 0.20648341 0.43878645
vn 0.87454620 0.20648341 0.43878645
vn 0.87454620 0.20648341 0.43878645
vn 0.64625422 0.11460069 0.75446814
vn 0.64625422 0.11460069 0.75446814
vn 0.64625422 0.11460069 0.75446814
vn 0.91027008 0.16141879 0.38125103
vn 0.91027008 0.16141879 0.38125103
vn 0.91027008 0.16141879 0.38125103
vn 0.73728692 0.02700613 0.67503976
vn 0.73728692 0.02700613 0.67503976
vn 0.73728692 0.02700613 0.67503976
vn -0.77561280 0.17149004 0.60746683
vn -0.77561280 0.17149004 0.60746683
vn -0.77561280 0.17149004 0.60746683
vn -0.75997294 0.21388144 0.61375553
vn -0.75997294 0.21388144 0.61375553
vn -0.75997294 0.21388144 0.61375553
vn -0.74852554 0.25148862 0.61356580
vn -0.74852554 0.25148862 0.61356580
vn -0.74852554 0.25148862 0.61356580
vn -0.74467207 0.29226807 0.60003573
vn -0.74467207 0.29226807 0.60003573
vn -0.74467207 0.29226807 0.60003573
vn -0.71318162 0.32999745 0.61844455
vn -0.71318162 0.32999745 0.61844455
vn -0.71318162 0.32999745 0.61844455
vn -0.79533170 0.42861106 0.42864910
vn -0.79533170 0.42861106 0.42864910
vn -0.79533170 0.42861106 0.42864910
vn -0.76367568 0.43913365 0.47324528
vn -0.76367568 0.43913365 0.47324528
vn -0.76367568 0.43913365 0.47324528
vn -0.78713518 0.49761256 0.36441727
vn -0.78713518 0.49761256 0.36441727
vn -0.78713518 0.49761256 0.36441727
vn -0.74970625 0.53103906 0.39488992
vn -0.74970625 0.53103906 0.39488992
vn -0.74970625 0.53103906 0.39488992
vn -0.71335255 0.51963275 0.47022330
vn -0.71335255 0.51963275 0.47022330
vn -0.71335255 0.51963275 0.47022330
vn -0.62778251 0.45341520 0.63269564
vn -0.62778251 0.45341520 0.63269564
vn -0.62778251 0.45341520 0.63269564
vn -0.69645335 0.60665470 0.38330511
vn -0.69645335 0.60665470 0.38330511
vn -0.69645335 0.60665470 0.38330511
vn -0.68549138 0.60170095 0.40994821
vn -0.68549138 0.60170095 0.40994821
vn -0.68549138 0.60170095 0.40994821
vn 0.44866969 0.37746366 0.81007203
vn 0.44866969 0.37746366 0.81007203
vn 0.44866969 0.37746366 0.81007203
vn 0.71368078 0.59123378 0.37563594
vn 0.71368078 0.59123378 0.37563594
vn 0.71368078 0.59123378 0.37563594
vn 0.46990085 0.35437241 0.80846360
vn 0.46990085 0.35437241 0.80846360
vn 0.46990085 0.35437241 0.80846360
vn 0.71294377 0.52422820 0.46572093
vn 0.71294377 0.52422820 0.46572093
vn 0.71294377 0.52422820 0.46572093
vn 0.35049832 0.16550792 0.92182322
vn 0.35049832 0.16550792 0.92182322
vn 0.35049832 0.16550792 0.92182322
vn 0.60765559 0.28715929 0.74046892
vn 0.60765559 0.28715929 0.74046892
vn 0.60765559 0.28715929 0.74046892
vn 0.50716370 0.21904941 0.83354804
vn 0.50716370 0.21904941 0.83354804
vn 0.50716370 0.21904941 0.83354804
vn 0.54961919 0.19595802 0.81210787
vn 0.54961919 0.19595802 0.81210787
vn 0.54961919 0.19595802 0.81210787
vn 0.59345603 0.17270008 0.78611998
vn 0.59345603 0.17270008 0.78611998
vn 0.59345603 0.17270008 0.78611998
vn 0.36770999 0.09334741 0.92524355
vn 0.36770999 0.09334741 0.92524355
vn 0.36770999 0.09334741 0.92524355
vn 0.37088769 0.07394259 0.92572934
vn 0.37088769 0.07394259 0.92572934
vn 0.37088769 0.07394259 0.92572934
vn 0.62919582 0.11643499 0.76847609
vn 0.62919582 0.11643499 0.76847609
vn 0.62919582 0.11643499 0.76847609
vn -0.71460820 -0.00199229 0.69952209
vn -0.71460820 -0.00199229 0.69952209
vn -0.71460820 -0.00199229 0.69952209
vn -0.89511578 0.02462246 0.44515331
vn -0.89511578 0.02462246 0.44515331
vn -0.89511578 0.02462246 0.44515331
vn -0.76197449 0.15464887 0.62887090
vn -0.76197449 0.15464887 0.62887090
vn -0.76197449 0.15464887 0.62887090
vn -0.40076626 0.07924042 0.91274715
vn -0.40076626 0.07924042 0.91274715
vn -0.40076626 0.07924042 0.91274715
vn -0.37571106 0.04502829 0.92564229
vn -0.37571106 0.04502829 0.92564229
vn -0.37571106 0.04502829 0.92564229
vn -0.53117142 0.04975202 0.84580238
vn -0.53117142 0.04975202 0.84580238
vn -0.53117142 0.04975202 0.84580238
vn -0.79159886 0.11672207 0.59978930
vn -0.79159886 0.11672207 0.59978930
vn -0.79159886 0.11672207 0.59978930
vn -0.94083733 0.10724907 0.32143857
vn -0.94083733 0.10724907 0.32143857
vn -0.94083733 0.10724907 0.32143857
vn -0.35719312 0.08516367 0.93013990
vn -0.35719312 0.08516367 0.93013990
vn -0.35719312 0.08516367 0.93013990
vn -0.74961983 0.18861297 0.63442514
vn -0.74961983 0.18861297 0.63442514
vn -0.74961983 0.18861297 0.63442514
vn -0.37620370 0.09475267 0.92167929
vn -0.37620370 0.09475267 0.92167929
vn -0.37620370 0.09475267 0.92167929
vn -0.73943350 0.22594344 0.63418267
vn -0.73943350 0.22594344 0.63418267
vn -0.73943350 0.22594344 0.63418267
vn -0.38802492 0.11861265 0.91398452
vn -0.38802492 0.11861265 0.91398452
vn -0.38802492 0.11861265 0.91398452
vn -0.34655253 0.12055246 0.93025182
vn -0.34655253 0.12055246 0.93025182
vn -0.34655253 0.12055246 0.93025182
vn -0.72491433 0.26384788 0.63630458
vn -0.72491433 0.26384788 0.63630458
vn -0.72491433 0.26384788 0.63630458
vn -0.38496163 0.14524904 0.91143143
vn -0.38496163 0.14524904 0.91143143
vn -0.38496163 0.14524904 0.91143143
vn -0.54480949 0.26079186 0.79697567
vn -0.54480949 0.26079186 0.79697567
vn -0.54480949 0.26079186 0.79697567
vn -0.45609104 0.25613104 0.85227804
vn -0.45609104 0.25613104 0.85227804
vn -0.45609104 0.25613104 0.85227804
vn -0.18689867 0.21810501 0.95786173
vn -0.18689867 0.21810501 0.95786173
vn -0.18689867 0.21810501 0.95786173
vn -0.24419429 0.27346143 0.93036982
vn -0.24419429 0.27346143 0.93036982
vn -0.24419429 0.27346143 0.93036982
vn -0.46243338 0.52228914 0.71649803
vn -0.46243338 0.52228914 0.71649803
vn -0.46243338 0.52228914 0.71649803
vn -0.48404010 0.53592533 0.69172915
vn -0.48404010 0.53592533 0.69172915
vn -0.48404010 0.53592533 0.69172915
vn -0.64098597 0.67158230 0.37163718
vn -0.64098597 0.67158230 0.37163718
vn -0.64098597 0.67158230 0.37163718
vn -0.37843388 0.25094070 0.89096384
vn -0.37843388 0.25094070 0.89096384
vn -0.37843388 0.25094070 0.89096384
vn -0.48780213 0.64651159 0.58657638
vn -0.48780213 0.64651159 0.58657638
vn -0.48780213 0.64651159 0.58657638
vn -0.20667766 0.17010874 0.96350784
vn -0.20667766 0.17010874 0.96350784
vn -0.20667766 0.17010874 0.96350784
vn -0.28818963 0.27271606 0.91791758
vn -0.28818963 0.27271606 0.91791758
vn -0.28818963 0.27271606 0.91791758
vn -0.29727587 0.47881201 0.82605454
vn -0.29727587 0.47881201 0.82605454
vn -0.29727587 0.47881201 0.82605454
vn -0.52201711 0.46606195 0.71434193
vn -0.52201711 0.46606195 0.71434193
vn -0.52201711 0.46606195 0.71434193
vn -0.38722892 0.62364126 0.67906211
vn -0.38722892 0.62364126 0.67906211
vn -0.38722892 0.62364126 0.67906211
vn -0.36489927 0.59989807 0.71201884
vn -0.36489927 0.59989807 0.71201884
vn -0.36489927 0.59989807 0.71201884
vn -0.12508304 0.24769380 0.96072994
vn -0.12508304 0.24769380 0.96072994
vn -0.12508304 0.24769380 0.96072994
vn -0.18475511 0.41120555 0.89262285
vn -0.18475511 0.41120555 0.89262285
vn -0.18475511 0.41120555 0.89262285
vn -0.31897818 0.68731732 0.65257017
vn -0.31897818 0.68731732 0.65257017
vn -0.31897818 0.68731732 0.65257017
vn -0.32724876 0.71919556 0.61291597
vn -0.32724876 0.71919556 0.61291597
vn -0.32724876 0.71919556 0.61291597
vn 0.70857391 0.58205997 0.39891003
vn 0.70857391 0.58205997 0.39891003
vn 0.70857391 0.58205997 0.39891003
vn -0.30419021 0.81412032 0.49464778
vn -0.30419021 0.81412032 0.49464778
vn -0.30419021 0.81412032 0.49464778
vn 0.77198995 0.52743954 0.35473800
vn 0.77198995 0.52743954 0.35473800
vn 0.77198995 0.52743954 0.35473800
vn 0.61387288 0.38747048 0.68776937
vn 0.61387288 0.38747048 0.68776937
vn 0.61387288 0.38747048 0.68776937
vn 0.72654477 0.44165543 0.52637741
vn 0.72654477 0.44165543 0.52637741
vn 0.72654477 0.44165543 0.52637741
vn -0.10068571 0.38329745 0.91812061
vn -0.10068571 0.38329745 0.91812061
vn -0.10068571 0.38329745 0.91812061
vn -0.11395924 0.45922796 0.88097842
vn -0.11395924 0.45922796 0.88097842
vn -0.11395924 0.45922796 0.88097842
vn -0.18817416 0.70564396 0.68312304
vn -0.18817416 0.70564396 0.68312304
vn -0.18817416 0.70564396 0.68312304
vn -0.19438859 0.82362333 0.53278296
vn -0.19438859 0.82362333 0.53278296
vn -0.19438859 0.82362333 0.53278296
vn -0.07132808 0.56386290 0.82278243
vn -0.07132808 0.56386290 0.82278243
vn -0.07132808 0.56386290 0.82278243
vn -0.07442298 0.68950531 0.72044684
vn -0.07442298 0.68950531 0.72044684
vn -0.07442298 0.68950531 0.72044684
vn 0.85394260 0.39919567 0.33380361
vn 0.85394260 0.39919567 0.33380361
vn 0.85394260 0.39919567 0.33380361
vn -0.13519869 0.85102268 0.50742656
vn -0.13519869 0.85102268 0.50742656
vn -0.13519869 0.85102268 0.50742656
vn 0.00001876 0.10486437 0.99448653
vn 0.00001876 0.10486437 0.99448653
vn 0.00001876 0.10486437 0.99448653
vn -0.03389418 0.77292400 0.63359267
vn -0.03389418 0.77292400 0.63359267
vn -0.03389418 0.77292400 0.63359267
vn -0.02270596 0.85163106 0.52364967
vn -0.02270596 0.85163106 0.52364967
vn -0.02270596 0.85163106 0.52364967
vn 0.60886561 0.18864218 0.77051722
vn 0.60886561 0.18864218 0.77051722
vn 0.60886561 0.18864218 0.77051722
vn 0.79566255 0.25374695 0.55003054
vn 0.79566255 0.25374695 0.55003054
vn 0.79566255 0.25374695 0.55003054
vn 0.89890022 0.23481545 0.36991905
vn 0.89890022 0.23481545 0.36991905
vn 0.89890022 0.23481545 0.36991905
vn 0.03093590 0.47909825 0.87721596
vn 0.03093590 0.47909825 0.87721596
vn 0.03093590 0.47909825 0.87721596
vn 0.07814822 0.68414780 0.72514457
vn 0.07814822 0.68414780 0.72514457
vn 0.07814822 0.68414780 0.72514457
vn 0.06215006 0.85927053 0.50773175
vn 0.06215006 0.85927053 0.50773175
vn 0.06215006 0.85927053 0.50773175
vn 0.90211973 0.16384970 0.39916571
vn 0.90211973 0.16384970 0.39916571
vn 0.90211973 0.16384970 0.39916571
vn 0.13504186 0.70150518 0.69975294
vn 0.13504186 0.70150518 0.69975294
vn 0.13504186 0.70150518 0.69975294
vn 0.14031347 0.67869596 0.72089107
vn 0.14031347 0.67869596 0.72089107
vn 0.14031347 0.67869596 0.72089107
vn 0.22842017 0.73652572 0.63667424
vn 0.22842017 0.73652572 0.63667424
vn 0.22842017 0.73652572 0.63667424
vn 0.24259834 0.76299559 0.59915255
vn 0.24259834 0.76299559 0.59915255
vn 0.24259834 0.76299559 0.59915255
vn 0.03162682 0.08980190 0.99545736
vn 0.03162682 0.08980190 0.99545736
vn 0.03162682 0.08980190 0.99545736
vn 0.10631051 0.25603753 0.96080324
vn 0.10631051 0.25603753 0.96080324
vn 0.10631051 0.25603753 0.96080324
vn 0.32235375 0.80876299 0.49192528
vn 0.32235375 0.80876299 0.49192528
vn 0.32235375 0.80876299 0.49192528
vn 0.28020777 0.53349335 0.79804039
vn 0.28020777 0.53349335 0.79804039
vn 0.28020777 0.53349335 0.79804039
vn 0.32554861 0.61981871 0.71403282
vn 0.32554861 0.61981871 0.71403282
vn 0.32554861 0.61981871 0.71403282
vn 0.38930989 0.69870863 0.60020335
vn 0.38930989 0.69870863 0.60020335
vn 0.38930989 0.69870863 0.60020335
vn -0.37737661 0.15388626 0.91318449
vn -0.37737661 0.15388626 0.91318449
vn -0.37737661 0.15388626 0.91318449
vn -0.73235091 0.32907535 0.59613049
vn -0.73235091 0.32907535 0.59613049
vn -0.73235091 0.32907535 0.59613049
vn 0.18507633 0.26090679 0.94745681
vn 0.18507633 0.26090679 0.94745681
vn 0.18507633 0.26090679 0.94745681
vn 0.47721950 0.72858760 0.49134679
vn 0.47721950 0.72858760 0.49134679
vn 0.47721950 0.72858760 0.49134679
vn -0.47869245 0.28437408 0.83065331
vn -0.47869245 0.28437408 0.83065331
vn -0.47869245 0.28437408 0.83065331
vn -0.45925753 0.28826317 0.84023025
vn -0.45925753 0.28826317 0.84023025
vn -0.45925753 0.28826317 0.84023025
vn 0.35163880 0.43505632 0.82890056
vn 0.35163880 0.43505632 0.82890056
vn 0.35163880 0.43505632 0.82890056
vn 0.44960151 0.56769165 0.68962648
vn 0.44960151 0.56769165 0.68962648
vn 0.44960151 0.56769165 0.68962648
vn 0.55208008 0.65016854 0.52200426
vn 0.55208008 0.65016854 0.52200426
vn 0.55208008 0.65016854 0.52200426
vn -0.34629340 0.25823052 0.90188573
vn -0.34629340 0.25823052 0.90188573
vn -0.34629340 0.25823052 0.90188573
vn -0.52575151 0.42256802 0.73825580
vn -0.52575151 0.42256802 0.73825580
vn -0.52575151 0.42256802 0.73825580
vn 0.34400973 0.32026183 0.88266056
vn 0.34400973 0.32026183 0.88266056
vn 0.34400973 0.32026183 0.88266056
vn 0.40481408 0.41090109 0.81687567
vn 0.40481408 0.41090109 0.81687567
vn 0.40481408 0.41090109 0.81687567
vn 0.62151805 0.62752468 0.46896492
vn 0.62151805 0.62752468 0.46896492
vn 0.62151805 0.62752468 0.46896492
vn 0.60932819 0.60070687 0.51756199
vn 0.60932819 0.60070687 0.51756199
vn 0.60932819 0.60070687 0.51756199
vn -0.53837988 0.47331830 0.69722083
vn -0.53837988 0.47331830 0.69722083
vn -0.53837988 0.47331830 0.69722083
vn 0.45282895 0.38525760 0.80406624
vn 0.45282895 0.38525760 0.80406624
vn 0.45282895 0.38525760 0.80406624
vn 0.30895764 0.21379247 0.92673510
vn 0.30895764 0.21379247 0.92673510
vn 0.30895764 0.21379247 0.92673510
vn 0.57242665 0.40706410 0.71177703
vn 0.57242665 0.40706410 0.71177703
vn 0.57242665 0.40706410 0.71177703
vn 0.31962396 0.19433292 0.92740242
vn 0.31962396 0.19433292 0.92740242
vn 0.31962396 0.19433292 0.92740242
vn 0.42506285 0.02562613 0.90480101
vn 0.42506285 0.02562613 0.90480101
vn 0.42506285 0.02562613 0.90480101
vn 0.44710394 0.25005825 0.85881834
vn 0.44710394 0.25005825 0.85881834
vn 0.44710394 0.25005825 0.85881834
vn 0.66764412 0.03927651 0.74344380
vn 0.66764412 0.03927651 0.74344380
vn 0.66764412 0.03927651 0.74344380
vn 0.76168475 0.43804982 0.47743973
vn 0.76168475 0.43804982 0.47743973
vn 0.76168475 0.43804982 0.47743973
vn 0.74676522 0.07219851 0.66115738
vn 0.74676522 0.07219851 0.66115738
vn 0.74676522 0.07219851 0.66115738
vn 0.42398726 0.25359668 0.86943863
vn 0.42398726 0.25359668 0.86943863
vn 0.42398726 0.25359668 0.86943863
vn 0.61453369 0.31654365 0.72259841
vn 0.61453369 0.31654365 0.72259841
vn 0.61453369 0.31654365 0.72259841
vn 0.75683520 0.41115699 0.50808504
vn 0.75683520 0.41115699 0.50808504
vn 0.75683520 0.41115699 0.50808504
vn 0.79694226 0.34836430 0.49348288
vn 0.79694226 0.34836430 0.49348288
vn 0.79694226 0.34836430 0.49348288
vn -0.18127167 0.08959021 0.97934375
vn -0.18127167 0.08959021 0.97934375
vn -0.18127167 0.08959021 0.97934375
vn 0.55753425 0.20733276 0.80384618
vn 0.55753425 0.20733276 0.80384618
vn 0.55753425 0.20733276 0.80384618
vn 0.78118643 0.30508956 0.54467249
vn 0.78118643 0.30508956 0.54467249
vn 0.78118643 0.30508956 0.54467249
vn 0.83018885 0.29206893 0.47484968
vn 0.83018885 0.29206893 0.47484968
vn 0.83018885 0.29206893 0.47484968
vn 0.74591416 0.06159084 0.66318823
vn 0.74591416 0.06159084 0.66318823
vn 0.74591416 0.06159084 0.66318823
vn 0.66513034 0.10650985 0.73909220
vn 0.66513034 0.10650985 0.73909220
vn 0.66513034 0.10650985 0.73909220
vn 0.71536194 0.16866954 0.67809136
vn 0.71536194 0.16866954 0.67809136
vn 0.71536194 0.16866954 0.67809136
vn 0.64748374 0.20739394 0.73331614
vn 0.64748374 0.20739394 0.73331614
vn 0.64748374 0.20739394 0.73331614
vn 0.68428407 0.26781757 0.67825442
vn 0.68428407 0.26781757 0.67825442
vn 0.68428407 0.26781757 0.67825442
vn 0.61137141 0.29796389 0.73310471
vn 0.61137141 0.29796389 0.73310471
vn 0.61137141 0.29796389 0.73310471
vn 0.63951729 0.36156102 0.67844769
vn 0.63951729 0.36156102 0.67844769
vn 0.63951729 0.36156102 0.67844769
vn 0.56262540 0.38250707 0.73289904
vn 0.56262540 0.38250707 0.73289904
vn 0.56262540 0.38250707 0.73289904
vn 0.58186739 0.44795693 0.67879668
vn 0.58186739 0.44795693 0.67879668
vn 0.58186739 0.44795693 0.67879668
vn 0.50239092 0.45918367 0.73263478
vn 0.50239092 0.45918367 0.73263478
vn 0.50239092 0.45918367 0.73263478
vn 0.51272578 0.52538730 0.67902906
vn 0.51272578 0.52538730 0.67902906
vn 0.51272578 0.52538730 0.67902906
vn 0.43175019 0.52661590 0.73230286
vn 0.43175019 0.52661590 0.73230286
vn 0.43175019 0.52661590 0.73230286
vn 0.43328483 0.59227151 0.67932224
vn 0.43328483 0.59227151 0.67932224
vn 0.43328483 0.59227151 0.67932224
vn 0.35218781 0.58335885 0.73188537
vn 0.35218781 0.58335885 0.73188537
vn 0.35218781 0.58335885 0.73188537
vn 0.34526909 0.64697970 0.67985772
vn 0.34526909 0.64697970 0.67985772
vn 0.34526909 0.64697970 0.67985772
vn 0.26529532 0.62797794 0.73161609
vn 0.26529532 0.62797794 0.73161609
vn 0.26529532 0.62797794 0.73161609
vn 0.25038375 0.68883402 0.68030557
vn 0.25038375 0.68883402 0.68030557
vn 0.25038375 0.68883402 0.68030557
vn 0.17282792 0.65995612 0.73115554
vn 0.17282792 0.65995612 0.73115554
vn 0.17282792 0.65995612 0.73115554
vn 0.15061806 0.71680879 0.68080787
vn 0.15061806 0.71680879 0.68080787
vn 0.15061806 0.71680879 0.68080787
vn 0.07551588 0.67779647 0.73136126
vn 0.07551588 0.67779647 0.73136126
vn 0.07551588 0.67779647 0.73136126
vn 0.05602996 0.71550502 0.69635710
vn 0.05602996 0.71550502 0.69635710
vn 0.05602996 0.71550502 0.69635710
vn -0.01157739 0.71388267 0.70016962
vn -0.01157739 0.71388267 0.70016962
vn -0.01157739 0.71388267 0.70016962
vn -0.03457658 0.67182684 0.73990078
vn -0.03457658 0.67182684 0.73990078
vn -0.03457658 0.67182684 0.73990078
vn -0.09601206 0.73018438 0.67647058
vn -0.09601206 0.73018438 0.67647058
vn -0.09601206 0.73018438 0.67647058
vn -0.15778640 0.68855827 0.70780715
vn -0.15778640 0.68855827 0.70780715
vn -0.15778640 0.68855827 0.70780715
vn -0.16418080 0.65861474 0.73435093
vn -0.16418080 0.65861474 0.73435093
vn -0.16418080 0.65861474 0.73435093
vn -0.25431434 0.68539839 0.68231463
vn -0.25431434 0.68539839 0.68231463
vn -0.25431434 0.68539839 0.68231463
vn -0.26589482 0.62939733 0.73017734
vn -0.26589482 0.62939733 0.73017734
vn -0.26589482 0.62939733 0.73017734
vn -0.34873499 0.64309613 0.68177069
vn -0.34873499 0.64309613 0.68177069
vn -0.34873499 0.64309613 0.68177069
vn -0.35289651 0.58453296 0.73060610
vn -0.35289651 0.58453296 0.73060610
vn -0.35289651 0.58453296 0.73060610
vn -0.43636781 0.58802763 0.68103351
vn -0.43636781 0.58802763 0.68103351
vn -0.43636781 0.58802763 0.68103351
vn -0.43263597 0.52769631 0.73100118
vn -0.43263597 0.52769631 0.73100118
vn -0.43263597 0.52769631 0.73100118
vn -0.51534716 0.52098590 0.68043442
vn -0.51534716 0.52098590 0.68043442
vn -0.51534716 0.52098590 0.68043442
vn -0.50336091 0.46007089 0.73141135
vn -0.50336091 0.46007089 0.73141135
vn -0.50336091 0.46007089 0.73141135
vn -0.58399957 0.44336647 0.67997844
vn -0.58399957 0.44336647 0.67997844
vn -0.58399957 0.44336647 0.67997844
vn -0.56363049 0.38318845 0.73176997
vn -0.56363049 0.38318845 0.73176997
vn -0.56363049 0.38318845 0.73176997
vn -0.64115256 0.35680068 0.67942378
vn -0.64115256 0.35680068 0.67942378
vn -0.64115256 0.35680068 0.67942378
vn -0.61237683 0.29844428 0.73206942
vn -0.61237683 0.29844428 0.73206942
vn -0.61237683 0.29844428 0.73206942
vn -0.68533842 0.26298985 0.67907848
vn -0.68533842 0.26298985 0.67907848
vn -0.68533842 0.26298985 0.67907848
vn -0.64834575 0.20767882 0.73247341
vn -0.64834575 0.20767882 0.73247341
vn -0.64834575 0.20767882 0.73247341
vn -0.71588310 0.16372185 0.67875367
vn -0.71588310 0.16372185 0.67875367
vn -0.71588310 0.16372185 0.67875367
vn -0.67107897 0.11267977 0.73277301
vn -0.67107897 0.11267977 0.73277301
vn -0.67107897 0.11267977 0.73277301
vn -0.73212397 0.06106290 0.67842893
vn -0.73212397 0.06106290 0.67842893
vn -0.73212397 0.06106290 0.67842893
vn -0.67535196 0.01042899 0.73742184
vn -0.67535196 0.01042899 0.73742184
vn -0.67535196 0.01042899 0.73742184
vn -0.72487468 0.05293011 0.68684430
vn -0.72487468 0.05293011 0.68684430
vn -0.72487468 0.05293011 0.68684430
vn -0.67848268 0.11996673 0.72475460
vn -0.67848268 0.11996673 0.72475460
vn -0.67848268 0.11996673 0.72475460
vn -0.70510341 0.15776769 0.69133100
vn -0.70510341 0.15776769 0.69133100
vn -0.70510341 0.15776769 0.69133100
vn -0.65143826 0.24760392 0.71716141
vn -0.65143826 0.24760392 0.71716141
vn -0.65143826 0.24760392 0.71716141
vn -0.65664521 0.25709842 0.70902572
vn -0.65664521 0.25709842 0.70902572
vn -0.65664521 0.25709842 0.70902572
vn -0.61885814 0.35022055 0.70310751
vn -0.61885814 0.35022055 0.70310751
vn -0.61885814 0.35022055 0.70310751
vn -0.62196845 0.36088377 0.69492312
vn -0.62196845 0.36088377 0.69492312
vn -0.62196845 0.36088377 0.69492312
vn -0.55633371 0.40821893 0.72377490
vn -0.55633371 0.40821893 0.72377490
vn -0.55633371 0.40821893 0.72377490
vn -0.55462943 0.46930777 0.68712184
vn -0.55462943 0.46930777 0.68712184
vn -0.55462943 0.46930777 0.68712184
vn -0.49174746 0.48735956 0.72157127
vn -0.49174746 0.48735956 0.72157127
vn -0.49174746 0.48735956 0.72157127
vn -0.47453724 0.54460928 0.69153101
vn -0.47453724 0.54460928 0.69153101
vn -0.47453724 0.54460928 0.69153101
vn -0.39889796 0.55638523 0.72891418
vn -0.39889796 0.55638523 0.72891418
vn -0.39889796 0.55638523 0.72891418
vn -0.39205501 0.59808736 0.69898811
vn -0.39205501 0.59808736 0.69898811
vn -0.39205501 0.59808736 0.69898811
vn -0.30002538 0.64486572 0.70294593
vn -0.30002538 0.64486572 0.70294593
vn -0.30002538 0.64486572 0.70294593
vn -0.26739589 0.62660096 0.73203188
vn -0.26739589 0.62660096 0.73203188
vn -0.26739589 0.62660096 0.73203188
vn -0.18741900 0.70513343 0.68385741
vn -0.18741900 0.70513343 0.68385741
vn -0.18741900 0.70513343 0.68385741
vn -0.12706450 0.66637332 0.73471165
vn -0.12706450 0.66637332 0.73471165
vn -0.12706450 0.66637332 0.73471165
vn -0.06805507 0.73020298 0.67983241
vn -0.06805507 0.73020298 0.67983241
vn -0.06805507 0.73020298 0.67983241
vn 0.03271777 0.67807887 0.73426058
vn 0.03271777 0.67807887 0.73426058
vn 0.03271777 0.67807887 0.73426058
vn 0.06666071 0.71524079 0.69569171
vn 0.06666071 0.71524079 0.69569171
vn 0.06666071 0.71524079 0.69569171
vn 0.18627319 0.70082203 0.68858607
vn 0.18627319 0.70082203 0.68858607
vn 0.18627319 0.70082203 0.68858607
vn 0.16454355 0.68756843 0.70723057
vn 0.16454355 0.68756843 0.70723057
vn 0.16454355 0.68756843 0.70723057
vn 0.24774833 0.64135521 0.72614342
vn 0.24774833 0.64135521 0.72614342
vn 0.24774833 0.64135521 0.72614342
vn 0.30619948 0.65813741 0.68782049
vn 0.30619948 0.65813741 0.68782049
vn 0.30619948 0.65813741 0.68782049
vn 0.36431338 0.57726863 0.73077814
vn 0.36431338 0.57726863 0.73077814
vn 0.36431338 0.57726863 0.73077814
vn 0.38304452 0.58434146 0.71541733
vn 0.38304452 0.58434146 0.71541733
vn 0.38304452 0.58434146 0.71541733
vn 0.47562316 0.54585537 0.68980035
vn 0.47562316 0.54585537 0.68980035
vn 0.47562316 0.54585537 0.68980035
vn 0.48060670 0.49526940 0.72368876
vn 0.48060670 0.49526940 0.72368876
vn 0.48060670 0.49526940 0.72368876
vn 0.54828704 0.42832209 0.71827676
vn 0.54828704 0.42832209 0.71827676
vn 0.54828704 0.42832209 0.71827676
vn 0.55050910 0.46582143 0.69278432
vn 0.55050910 0.46582143 0.69278432
vn 0.55050910 0.46582143 0.69278432
vn 0.61588637 0.34933372 0.70615149
vn 0.61588637 0.34933372 0.70615149
vn 0.61588637 0.34933372 0.70615149
vn 0.61966653 0.35954786 0.69766663
vn 0.61966653 0.35954786 0.69766663
vn 0.61966653 0.35954786 0.69766663
vn 0.65018338 0.24137946 0.72041483
vn 0.65018338 0.24137946 0.72041483
vn 0.65018338 0.24137946 0.72041483
vn 0.65885908 0.25796509 0.70665318
vn 0.65885908 0.25796509 0.70665318
vn 0.65885908 0.25796509 0.70665318
vn 0.70662283 0.15810760 0.68970006
vn 0.70662283 0.15810760 0.68970006
vn 0.70662283 0.15810760 0.68970006
vn 0.68319726 0.12251536 0.71988297
vn 0.68319726 0.12251536 0.71988297
vn 0.68319726 0.12251536 0.71988297
vn 0.71955460 0.05254179 0.69244533
vn 0.71955460 0.05254179 0.69244533
vn 0.71955460 0.05254179 0.69244533
vn 0.68851277 0.00921378 0.72516569
vn 0.68851277 0.00921378 0.72516569
vn 0.68851277 0.00921378 0.72516569
vn 0.74135169 0.00176118 0.67111442
vn 0.74135169 0.00176118 0.67111442
vn 0.74135169 0.00176118 0.67111442
vn 0.68732904 0.04029686 0.72522752
vn 0.68732904 0.04029686 0.72522752
vn 0.68732904 0.04029686 0.72522752
vn 0.72192827 0.11096366 0.68301292
vn 0.72192827 0.11096366 0.68301292
vn 0.72192827 0.11096366 0.68301292
vn 0.67251623 0.13088184 0.72841737
vn 0.67251623 0.13088184 0.72841737
vn 0.67251623 0.13088184 0.72841737
vn 0.69969695 0.21070835 0.68266110
vn 0.69969695 0.21070835 0.68266110
vn 0.69969695 0.21070835 0.68266110
vn 0.64708667 0.22397666 0.72877520
vn 0.64708667 0.22397666 0.72877520
vn 0.64708667 0.22397666 0.72877520
vn 0.66370913 0.30649114 0.68231472
vn 0.66370913 0.30649114 0.68231472
vn 0.66370913 0.30649114 0.68231472
vn 0.60888824 0.31260028 0.72906528
vn 0.60888824 0.31260028 0.72906528
vn 0.60888824 0.31260028 0.72906528
vn 0.61466895 0.39636601 0.68196486
vn 0.61466895 0.39636601 0.68196486
vn 0.61466895 0.39636601 0.68196486
vn 0.55862908 0.39495470 0.72934514
vn 0.55862908 0.39495470 0.72934514
vn 0.55862908 0.39495470 0.72934514
vn 0.55352861 0.47839028 0.68172488
vn 0.55352861 0.47839028 0.68172488
vn 0.55352861 0.47839028 0.68172488
vn 0.49735264 0.46926301 0.72967977
vn 0.49735264 0.46926301 0.72967977
vn 0.49735264 0.46926301 0.72967977
vn 0.48149263 0.55124964 0.68138732
vn 0.48149263 0.55124964 0.68138732
vn 0.48149263 0.55124964 0.68138732
vn 0.42617561 0.53431418 0.72998816
vn 0.42617561 0.53431418 0.72998816
vn 0.42617561 0.53431418 0.72998816
vn 0.39990411 0.61322248 0.68120107
vn 0.39990411 0.61322248 0.68120107
vn 0.39990411 0.61322248 0.68120107
vn 0.34675186 0.58865310 0.73024015
vn 0.34675186 0.58865310 0.73024015
vn 0.34675186 0.58865310 0.73024015
vn 0.31046987 0.66337158 0.68084257
vn 0.31046987 0.66337158 0.68084257
vn 0.31046987 0.66337158 0.68084257
vn 0.26046422 0.63139216 0.73041244
vn 0.26046422 0.63139216 0.73041244
vn 0.26046422 0.63139216 0.73041244
vn 0.21493306 0.70047635 0.68054145
vn 0.21493306 0.70047635 0.68054145
vn 0.21493306 0.70047635 0.68054145
vn 0.16906280 0.66146414 0.73067295
vn 0.16906280 0.66146414 0.73067295
vn 0.16906280 0.66146414 0.73067295
vn 0.11502673 0.72388144 0.68026797
vn 0.11502673 0.72388144 0.68026797
vn 0.11502673 0.72388144 0.68026797
vn 0.07434124 0.67843614 0.73088835
vn 0.07434124 0.67843614 0.73088835
vn 0.07434124 0.67843614 0.73088835
vn 0.01286349 0.73301877 0.68008677
vn 0.01286349 0.73301877 0.68008677
vn 0.01286349 0.73301877 0.68008677
vn -0.02547438 0.67604328 0.73642144
vn -0.02547438 0.67604328 0.73642144
vn -0.02547438 0.67604328 0.73642144
vn -0.09062276 0.73547755 0.67146131
vn -0.09062276 0.73547755 0.67146131
vn -0.09062276 0.73547755 0.67146131
vn -0.13570522 0.66188899 0.73721575
vn -0.13570522 0.66188899 0.73721575
vn -0.13570522 0.66188899 0.73721575
vn -0.19062295 0.70898221 0.67897505
vn -0.19062295 0.70898221 0.67897505
vn -0.19062295 0.70898221 0.67897505
vn -0.23313197 0.64017718 0.73199909
vn -0.23313197 0.64017718 0.73199909
vn -0.23313197 0.64017718 0.73199909
vn -0.28771852 0.67526291 0.67914509
vn -0.28771852 0.67526291 0.67914509
vn -0.28771852 0.67526291 0.67914509
vn -0.32093205 0.60123606 0.73179083
vn -0.32093205 0.60123606 0.73179083
vn -0.32093205 0.60123606 0.73179083
vn -0.37909607 0.62833297 0.67932603
vn -0.37909607 0.62833297 0.67932603
vn -0.37909607 0.62833297 0.67932603
vn -0.40239646 0.55028923 0.73161387
vn -0.40239646 0.55028923 0.73161387
vn -0.40239646 0.55028923 0.73161387
vn -0.46295439 0.56906507 0.67958677
vn -0.46295439 0.56906507 0.67958677
vn -0.46295439 0.56906507 0.67958677
vn -0.47586523 0.48833538 0.73149220
vn -0.47586523 0.48833538 0.73149220
vn -0.47586523 0.48833538 0.73149220
vn -0.53755975 0.49862174 0.68000432
vn -0.53755975 0.49862174 0.68000432
vn -0.53755975 0.49862174 0.68000432
vn -0.53981455 0.41669626 0.73141266
vn -0.53981455 0.41669626 0.73141266
vn -0.53981455 0.41669626 0.73141266
vn -0.60179009 0.41854381 0.68019833
vn -0.60179009 0.41854381 0.68019833
vn -0.60179009 0.41854381 0.68019833
vn -0.59329356 0.33673273 0.73117291
vn -0.59329356 0.33673273 0.73117291
vn -0.59329356 0.33673273 0.73117291
vn -0.65403700 0.33028438 0.68054965
vn -0.65403700 0.33028438 0.68054965
vn -0.65403700 0.33028438 0.68054965
vn -0.63489413 0.25006769 0.73100998
vn -0.63489413 0.25006769 0.73100998
vn -0.63489413 0.25006769 0.73100998
vn -0.69352114 0.23563716 0.68081096
vn -0.69352114 0.23563716 0.68081096
vn -0.69352114 0.23563716 0.68081096
vn -0.66403705 0.15844638 0.73071851
vn -0.66403705 0.15844638 0.73071851
vn -0.66403705 0.15844638 0.73071851
vn -0.73192741 0.13120749 0.66863059
vn -0.73192741 0.13120749 0.66863059
vn -0.73192741 0.13120749 0.66863059
vn -0.67099015 0.06549877 0.73856762
vn -0.67099015 0.06549877 0.73856762
vn -0.67099015 0.06549877 0.73856762
vn 0.99835566 0.05711322 -0.00490398
vn 0.99835566 0.05711322 -0.00490398
vn 0.99835566 0.05711322 -0.00490398
vn 0.99639977 0.08418830 0.00999144
vn 0.99639977 0.08418830 0.00999144
vn 0.99639977 0.08418830 0.00999144
vn 0.98154437 0.19102339 -0.00898392
vn 0.98154437 0.19102339 -0.00898392
vn 0.98154437 0.19102339 -0.00898392
vn 0.97327113 0.22947991 0.00907035
vn 0.97327113 0.22947991 0.00907035
vn 0.97327113 0.22947991 0.00907035
vn 0.94494951 0.32709141 -0.00903551
vn 0.94494951 0.32709141 -0.00903551
vn 0.94494951 0.32709141 -0.00903551
vn 0.93117871 0.36444809 0.00915377
vn 0.93117871 0.36444809 0.00915377
vn 0.93117871 0.36444809 0.00915377
vn 0.88957308 0.45670251 -0.00908573
vn 0.88957308 0.45670251 -0.00908573
vn 0.88957308 0.45670251 -0.00908573
vn 0.87047062 0.49213408 0.00921661
vn 0.87047062 0.49213408 0.00921661
vn 0.87047062 0.49213408 0.00921661
vn 0.81650068 0.57727174 -0.00916368
vn 0.81650068 0.57727174 -0.00916368
vn 0.81650068 0.57727174 -0.00916368
vn 0.79234878 0.60999831 0.00924548
vn 0.79234878 0.60999831 0.00924548
vn 0.79234878 0.60999831 0.00924548
vn 0.72731705 0.68623943 -0.00923853
vn 0.72731705 0.68623943 -0.00923853
vn 0.72731705 0.68623943 -0.00923853
vn 0.69840001 0.71564667 0.00934127
vn 0.69840001 0.71564667 0.00934127
vn 0.69840001 0.71564667 0.00934127
vn 0.62352932 0.78174478 -0.00928878
vn 0.62352932 0.78174478 -0.00928878
vn 0.62352932 0.78174478 -0.00928878
vn 0.59042868 0.80703519 0.00939075
vn 0.59042868 0.80703519 0.00939075
vn 0.59042868 0.80703519 0.00939075
vn 0.50752571 0.86158611 -0.00932872
vn 0.50752571 0.86158611 -0.00932872
vn 0.50752571 0.86158611 -0.00932872
vn 0.47080436 0.88218689 0.00946230
vn 0.47080436 0.88218689 0.00946230
vn 0.47080436 0.88218689 0.00946230
vn 0.38134613 0.92438447 -0.00940677
vn 0.38134613 0.92438447 -0.00940677
vn 0.38134613 0.92438447 -0.00940677
vn 0.34162928 0.93978662 0.00951572
vn 0.34162928 0.93978662 0.00951572
vn 0.34162928 0.93978662 0.00951572
vn 0.24761740 0.96881176 -0.00945468
vn 0.24761740 0.96881176 -0.00945468
vn 0.24761740 0.96881176 -0.00945468
vn 0.20565924 0.97857663 0.00959464
vn 0.20565924 0.97857663 0.00959464
vn 0.20565924 0.97857663 0.00959464
vn 0.10892046 0.99400518 -0.00948918
vn 0.10892046 0.99400518 -0.00948918
vn 0.10892046 0.99400518 -0.00948918
vn 0.07827952 0.99692319 0.00405795
vn 0.07827952 0.99692319 0.00405795
vn 0.07827952 0.99692319 0.00405795
vn -0.01524245 0.99988294 0.00133150
vn -0.01524245 0.99988294 0.00133150
vn -0.01524245 0.99988294 0.00133150
vn -0.03762675 0.99924130 -0.01005226
vn -0.03762675 0.99924130 -0.01005226
vn -0.03762675 0.99924130 -0.01005226
vn -0.13146530 0.99127711 0.00930431
vn -0.13146530 0.99127711 0.00930431
vn -0.13146530 0.99127711 0.00930431
vn -0.22352135 0.97469788 0.00150219
vn -0.22352135 0.97469788 0.00150219
vn -0.22352135 0.97469788 0.00150219
vn -0.20084095 0.97958215 -0.00904019
vn -0.20084095 0.97958215 -0.00904019
vn -0.20084095 0.97958215 -0.00904019
vn -0.34583302 0.93829589 0.00058472
vn -0.34423000 0.93888524 -0.00045398
vn -0.34787070 0.93754058 0.00190637
vn -0.34218358 0.93963143 -0.00177871
vn -0.47087271 0.88219901 -0.00195128
vn -0.47087271 0.88219901 -0.00195128
vn -0.47087271 0.88219901 -0.00195128
vn -0.47669558 0.87906604 0.00205620
vn -0.47669558 0.87906604 0.00205620
vn -0.47669558 0.87906604 0.00205620
vn -0.59021927 0.80724031 -0.00207185
vn -0.59227335 0.80573692 -0.00053458
vn -0.59388420 0.80455025 0.00067372
vn -0.59592408 0.80303774 0.00220735
vn -0.69789130 0.71620035 -0.00218980
vn -0.69982077 0.71431826 -0.00056761
vn -0.70133440 0.71283207 0.00070906
vn -0.70324707 0.71094173 0.00232751
vn -0.79158128 0.61105946 -0.00232650
vn -0.79158128 0.61105946 -0.00232650
vn -0.79158128 0.61105946 -0.00232650
vn -0.79646304 0.60468208 0.00249062
vn -0.79646304 0.60468208 0.00249062
vn -0.79646304 0.60468208 0.00249062
vn -0.87232842 0.48891971 0.00079774
vn -0.87116334 0.49099291 -0.00062373
vn -0.87379216 0.48629263 0.00259528
vn -0.86967716 0.49361499 -0.00242525
vn -0.93360759 0.35828721 0.00267196
vn -0.93360759 0.35828721 0.00267196
vn -0.93360759 0.35828721 0.00267196
vn -0.93042110 0.36648328 -0.00256668
vn -0.93042110 0.36648328 -0.00256668
vn -0.93042110 0.36648328 -0.00256668
vn -0.97268589 0.23210904 -0.00274738
vn -0.97268589 0.23210904 -0.00274738
vn -0.97268589 0.23210904 -0.00274738
vn -0.97482206 0.22296625 0.00282731
vn -0.97482206 0.22296625 0.00282731
vn -0.97482206 0.22296625 0.00282731
vn -0.99526435 0.09716909 -0.00265177
vn -0.99526435 0.09716909 -0.00265177
vn -0.99526435 0.09716909 -0.00265177
vn -0.99645850 0.08396898 0.00443590
vn -0.99645850 0.08396898 0.00443590
vn -0.99645850 0.08396898 0.00443590
vn 0.99990612 0.01370016 -0.00025674
vn 0.99990612 0.01370016 -0.00025674
vn 0.99990612 0.01370016 -0.00025674
vn 0.99996872 0.00753410 -0.00240814
vn 0.99996872 0.00753410 -0.00240814
vn 0.99996872 0.00753410 -0.00240814
vn 0.99715190 0.07510923 0.00683340
vn 0.99715190 0.07510923 0.00683340
vn 0.99715190 0.07510923 0.00683340
vn 0.98454195 0.17514822 0.00050010
vn 0.98454195 0.17514822 0.00050010
vn 0.98454195 0.17514822 0.00050010
vn 0.98720842 0.15936235 -0.00481460
vn 0.98720842 0.15936235 -0.00481460
vn 0.98720842 0.15936235 -0.00481460
vn 0.96294263 0.26959379 0.00779019
vn 0.96294263 0.26959379 0.00779019
vn 0.96294263 0.26959379 0.00779019
vn 0.93672302 0.35004340 -0.00442768
vn 0.93672302 0.35004340 -0.00442768
vn 0.93672302 0.35004340 -0.00442768
vn 0.94464031 0.32810284 0.00179115
vn 0.94464031 0.32810284 0.00179115
vn 0.94464031 0.32810284 0.00179115
vn 0.90807440 0.41874690 0.00720572
vn 0.90807440 0.41874690 0.00720572
vn 0.90807440 0.41874690 0.00720572
vn 0.86962883 0.49370006 -0.00243868
vn 0.86962883 0.49370006 -0.00243868
vn 0.86962883 0.49370006 -0.00243868
vn 0.86206031 0.50680450 0.00110734
vn 0.86206031 0.50680450 0.00110734
vn 0.86206031 0.50680450 0.00110734
vn 0.83110377 0.55608777 0.00573751
vn 0.83110377 0.55608777 0.00573751
vn 0.83110377 0.55608777 0.00573751
vn 0.78879169 0.61465374 -0.00290689
vn 0.78879169 0.61465374 -0.00290689
vn 0.78879169 0.61465374 -0.00290689
vn 0.77061910 0.63728830 0.00313293
vn 0.77061910 0.63728830 0.00313293
vn 0.77061910 0.63728830 0.00313293
vn 0.69887962 0.71523920 0.00039239
vn 0.69887962 0.71523920 0.00039239
vn 0.69887962 0.71523920 0.00039239
vn 0.70765812 0.70654309 -0.00410436
vn 0.70765812 0.70654309 -0.00410436
vn 0.70765812 0.70654309 -0.00410436
vn 0.63159536 0.77521952 0.01104559
vn 0.63159536 0.77521952 0.01104559
vn 0.63159536 0.77521952 0.01104559
vn 0.56373420 0.82594901 0.00346254
vn 0.56373420 0.82594901 0.00346254
vn 0.56373420 0.82594901 0.00346254
vn 0.53293324 0.84611382 -0.00857702
vn 0.53293324 0.84611382 -0.00857702
vn 0.53293324 0.84611382 -0.00857702
vn 0.46465148 0.88545926 0.00780431
vn 0.46465148 0.88545926 0.00780431
vn 0.46465148 0.88545926 0.00780431
vn 0.35828525 0.93360668 -0.00320081
vn 0.35828525 0.93360668 -0.00320081
vn 0.35828525 0.93360668 -0.00320081
vn 0.38778407 0.92173507 0.00528947
vn 0.38778407 0.92173507 0.00528947
vn 0.38778407 0.92173507 0.00528947
vn 0.23156847 0.97281855 -0.00031995
vn 0.23156847 0.97281855 -0.00031995
vn 0.23156847 0.97281855 -0.00031995
vn 0.27902340 0.96026600 0.00592942
vn 0.27902340 0.96026600 0.00592942
vn 0.27902340 0.96026600 0.00592942
vn 0.18902586 0.98193713 0.00828889
vn 0.18902586 0.98193713 0.00828889
vn 0.18902586 0.98193713 0.00828889
vn 0.09141752 0.99580224 0.00455292
vn 0.09141752 0.99580224 0.00455292
vn 0.09141752 0.99580224 0.00455292
vn 0.04808223 0.99880076 -0.00922681
vn 0.04808223 0.99880076 -0.00922681
vn 0.04808223 0.99880076 -0.00922681
vn -0.04638065 0.99886193 0.01112157
vn -0.04638065 0.99886193 0.01112157
vn -0.04638065 0.99886193 0.01112157
vn -0.13693119 0.99056664 0.00525108
vn -0.13693119 0.99056664 0.00525108
vn -0.13693119 0.99056664 0.00525108
vn -0.18454263 0.98278074 -0.00927518
vn -0.18454263 0.98278074 -0.00927518
vn -0.18454263 0.98278074 -0.00927518
vn -0.25035088 0.96813182 0.00672388
vn -0.25035088 0.96813182 0.00672388
vn -0.25035088 0.96813182 0.00672388
vn -0.33174068 0.94334763 0.00658539
vn -0.33174068 0.94334763 0.00658539
vn -0.33174068 0.94334763 0.00658539
vn -0.39172116 0.92004289 -0.00869501
vn -0.39172116 0.92004289 -0.00869501
vn -0.39172116 0.92004289 -0.00869501
vn -0.43796685 0.89897054 0.00608350
vn -0.43796685 0.89897054 0.00608350
vn -0.43796685 0.89897054 0.00608350
vn -0.51968447 0.85428889 0.01088811
vn -0.51968447 0.85428889 0.01088811
vn -0.51968447 0.85428889 0.01088811
vn -0.58576575 0.81047196 -0.00370093
vn -0.58576575 0.81047196 -0.00370093
vn -0.58576575 0.81047196 -0.00370093
vn -0.60236778 0.79821579 0.00214676
vn -0.60236778 0.79821579 0.00214676
vn -0.60236778 0.79821579 0.00214676
vn -0.67841244 0.73464889 0.00689673
vn -0.67841244 0.73464889 0.00689673
vn -0.67841244 0.73464889 0.00689673
vn -0.71068512 0.70350476 -0.00277734
vn -0.71068512 0.70350476 -0.00277734
vn -0.71068512 0.70350476 -0.00277734
vn -0.75192384 0.65922862 0.00530662
vn -0.75192384 0.65922862 0.00530662
vn -0.75192384 0.65922862 0.00530662
vn -0.80517565 0.59303293 -0.00203125
vn -0.80517565 0.59303293 -0.00203125
vn -0.80517565 0.59303293 -0.00203125
vn -0.80823860 0.58885461 -0.00077866
vn -0.80823860 0.58885461 -0.00077866
vn -0.80823860 0.58885461 -0.00077866
vn -0.84521144 0.53442043 0.00352462
vn -0.84521144 0.53442043 0.00352462
vn -0.84521144 0.53442043 0.00352462
vn -0.87107379 0.49114750 -0.00213961
vn -0.87107379 0.49114750 -0.00213961
vn -0.87107379 0.49114750 -0.00213961
vn -0.89178165 0.45243367 0.00540913
vn -0.89178165 0.45243367 0.00540913
vn -0.89178165 0.45243367 0.00540913
vn -0.91400184 0.40567429 0.00538482
vn -0.91400184 0.40567429 0.00538482
vn -0.91400184 0.40567429 0.00538482
vn -0.93403739 0.35717408 -0.00091158
vn -0.93403739 0.35717408 -0.00091158
vn -0.93403739 0.35717408 -0.00091158
vn -0.93086549 0.36534505 -0.00352602
vn -0.93086549 0.36534505 -0.00352602
vn -0.93086549 0.36534505 -0.00352602
vn -0.94791394 0.31847887 0.00551213
vn -0.94791394 0.31847887 0.00551213
vn -0.94791394 0.31847887 0.00551213
vn -0.96256864 0.27089855 0.00869447
vn -0.96256864 0.27089855 0.00869447
vn -0.96256864 0.27089855 0.00869447
vn -0.97539647 0.22037893 0.00590296
vn -0.97539647 0.22037893 0.00590296
vn -0.97539647 0.22037893 0.00590296
vn -0.98481030 0.17358858 -0.00395987
vn -0.98481030 0.17358858 -0.00395987
vn -0.98481030 0.17358858 -0.00395987
vn -0.99149173 0.12997223 0.00716685
vn -0.99149173 0.12997223 0.00716685
vn -0.99149173 0.12997223 0.00716685
vn 0.99991997 0.01265052 -0.00016054
vn 0.99991997 0.01265052 -0.00016054
vn 0.99991997 0.01265052 -0.00016054
vn 0.99920593 0.03982668 0.00115943
vn 0.99920593 0.03982668 0.00115943
vn 0.99920593 0.03982668 0.00115943
vn 0.99459903 0.10379049 -0.00054840
vn 0.99444799 0.10522847 -0.00040774
vn 0.99461184 0.10366763 -0.00056042
vn 0.99444090 0.10529551 -0.00040118
vn 0.98719015 0.15954252 0.00133831
vn 0.98719015 0.15954252 0.00133831
vn 0.98719015 0.15954252 0.00133831
vn 0.97767890 0.21010462 -0.00015547
vn 0.97601361 0.21770757 -0.00091750
vn 0.97753062 0.21079337 -0.00022445
vn 0.97593465 0.21806110 -0.00095296
vn 0.96003907 0.27986114 0.00165463
vn 0.96003907 0.27986114 0.00165463
vn 0.96003907 0.27986114 0.00165463
vn 0.94034792 0.34021433 -0.00002770
vn 0.94034792 0.34021433 -0.00002770
vn 0.94034792 0.34021433 -0.00002770
vn 0.94298637 0.33283045 -0.00077270
vn 0.94298637 0.33283045 -0.00077270
vn 0.94298637 0.33283045 -0.00077270
vn 0.91800986 0.39655475 0.00149066
vn 0.91800986 0.39655475 0.00149066
vn 0.91800986 0.39655475 0.00149066
vn 0.89463684 0.44679388 -0.00039588
vn 0.89648308 0.44307727 -0.00078453
vn 0.89444843 0.44717098 -0.00035640
vn 0.89657775 0.44288564 -0.00080455
vn 0.85981637 0.51060145 0.00140017
vn 0.85981637 0.51060145 0.00140017
vn 0.85981637 0.51060145 0.00140017
vn 0.83354006 0.55245900 0.00016272
vn 0.83354006 0.55245900 0.00016272
vn 0.83354006 0.55245900 0.00016272
vn 0.83736940 0.54663721 -0.00049056
vn 0.83736940 0.54663721 -0.00049056
vn 0.83736940 0.54663721 -0.00049056
vn 0.80217724 0.59708277 0.00195789
vn 0.80217724 0.59708277 0.00195789
vn 0.80217724 0.59708277 0.00195789
vn 0.76621672 0.64258222 -0.00017874
vn 0.76614591 0.64266664 -0.00016758
vn 0.76477788 0.64429403 0.00004781
vn 0.76464279 0.64445434 0.00006905
vn 0.72510883 0.68863154 0.00194393
vn 0.72510883 0.68863154 0.00194393
vn 0.72510883 0.68863154 0.00194393
vn 0.68247692 0.73090706 -0.00035455
vn 0.68402130 0.72946182 -0.00055571
vn 0.68232081 0.73105280 -0.00033424
vn 0.68410052 0.72938753 -0.00056604
vn 0.63354240 0.77370680 0.00134962
vn 0.63354240 0.77370680 0.00134962
vn 0.63354240 0.77370680 0.00134962
vn 0.58524595 0.81085583 -0.00008900
vn 0.58524595 0.81085583 -0.00008900
vn 0.58524595 0.81085583 -0.00008900
vn 0.59232881 0.80569581 -0.00092413
vn 0.59232881 0.80569581 -0.00092413
vn 0.59232881 0.80569581 -0.00092413
vn 0.56221407 0.82699046 0.00145610
vn 0.56221407 0.82699046 0.00145610
vn 0.56221407 0.82699046 0.00145610
vn 0.51734906 0.85577374 0.00112347
vn 0.51734906 0.85577374 0.00112347
vn 0.51734906 0.85577374 0.00112347
vn 0.49196402 0.87061482 -0.00111728
vn 0.49196402 0.87061482 -0.00111728
vn 0.49196402 0.87061482 -0.00111728
vn 0.46114798 0.88732259 0.00107373
vn 0.46114798 0.88732259 0.00107373
vn 0.46114798 0.88732259 0.00107373
vn 0.40770123 0.91311521 0.00057369
vn 0.40770123 0.91311521 0.00057369
vn 0.40770123 0.91311521 0.00057369
vn 0.38466758 0.92305435 -0.00123489
vn 0.38466758 0.92305435 -0.00123489
vn 0.38466758 0.92305435 -0.00123489
vn 0.35537793 0.93472229 0.00087339
vn 0.35537793 0.93472229 0.00087339
vn 0.35537793 0.93472229 0.00087339
vn 0.30694542 0.95172650 0.00108127
vn 0.30694542 0.95172650 0.00108127
vn 0.30694542 0.95172650 0.00108127
vn 0.27189052 0.96232733 -0.00129004
vn 0.27189052 0.96232733 -0.00129004
vn 0.27189052 0.96232733 -0.00129004
vn 0.23795382 0.97127559 0.00130865
vn 0.23795382 0.97127559 0.00130865
vn 0.23795382 0.97127559 0.00130865
vn 0.17551872 0.98447588 0.00064505
vn 0.17551872 0.98447588 0.00064505
vn 0.17551872 0.98447588 0.00064505
vn 0.15526385 0.98787253 -0.00100590
vn 0.15526385 0.98787253 -0.00100590
vn 0.15526385 0.98787253 -0.00100590
vn 0.11583946 0.99326708 0.00131203
vn 0.11583946 0.99326708 0.00131203
vn 0.11583946 0.99326708 0.00131203
vn 0.06008157 0.99819326 0.00065474
vn 0.06008157 0.99819326 0.00065474
vn 0.06008157 0.99819326 0.00065474
vn 0.03630781 0.99933983 -0.00128434
vn 0.03630781 0.99933983 -0.00128434
vn 0.03630781 0.99933983 -0.00128434
vn -0.01233959 0.99992271 0.00151893
vn -0.01233959 0.99992271 0.00151893
vn -0.01233959 0.99992271 0.00151893
vn -0.08311923 0.99653844 -0.00152753
vn -0.08311923 0.99653844 -0.00152753
vn -0.08311923 0.99653844 -0.00152753
vn -0.11494459 0.99337070 0.00154950
vn -0.11494459 0.99337070 0.00154950
vn -0.11494459 0.99337070 0.00154950
vn -0.17540211 0.98449598 0.00132894
vn -0.17540211 0.98449598 0.00132894
vn -0.17540211 0.98449598 0.00132894
vn -0.20138217 0.97951256 -0.00061124
vn -0.20138217 0.97951256 -0.00061124
vn -0.20138217 0.97951256 -0.00061124
vn -0.23180359 0.97276159 0.00140893
vn -0.23180359 0.97276159 0.00140893
vn -0.23180359 0.97276159 0.00140893
vn -0.26598348 0.96397651 0.00143902
vn -0.26598348 0.96397651 0.00143902
vn -0.26598348 0.96397651 0.00143902
vn -0.33055382 0.94378704 0.00043050
vn -0.33055382 0.94378704 0.00043050
vn -0.33055382 0.94378704 0.00043050
vn -0.31668853 0.94852911 -0.00094575
vn -0.31668853 0.94852911 -0.00094575
vn -0.31668853 0.94852911 -0.00094575
vn -0.37977730 0.92507653 0.00161694
vn -0.37977730 0.92507653 0.00161694
vn -0.37977730 0.92507653 0.00161694
vn -0.43006910 0.90279597 0.00008122
vn -0.43006910 0.90279597 0.00008122
vn -0.43006910 0.90279597 0.00008122
vn -0.42753452 0.90399900 -0.00020900
vn -0.42753452 0.90399900 -0.00020900
vn -0.42753452 0.90399900 -0.00020900
vn -0.48659134 0.87362785 0.00180389
vn -0.48659134 0.87362785 0.00180389
vn -0.48659134 0.87362785 0.00180389
vn -0.53229719 0.84655744 -0.00045403
vn -0.53229719 0.84655744 -0.00045403
vn -0.53229719 0.84655744 -0.00045403
vn -0.53324944 0.84595799 -0.00034630
vn -0.53324944 0.84595799 -0.00034630
vn -0.53324944 0.84595799 -0.00034630
vn -0.58679514 0.80973444 0.00126596
vn -0.58679514 0.80973444 0.00126596
vn -0.58679514 0.80973444 0.00126596
vn -0.62555617 0.78017888 -0.00062582
vn -0.62555617 0.78017888 -0.00062582
vn -0.62555617 0.78017888 -0.00062582
vn -0.63170941 0.77520528 0.00002929
vn -0.63170941 0.77520528 0.00002929
vn -0.63170941 0.77520528 0.00002929
vn -0.67063117 0.74179022 0.00104960
vn -0.67063117 0.74179022 0.00104960
vn -0.67063117 0.74179022 0.00104960
vn -0.70269237 0.71149295 -0.00110274
vn -0.70269237 0.71149295 -0.00110274
vn -0.70269237 0.71149295 -0.00110274
vn -0.72206496 0.69182405 0.00129109
vn -0.72206496 0.69182405 0.00129109
vn -0.72206496 0.69182405 0.00129109
vn -0.76453421 0.64458154 0.00144402
vn -0.76453421 0.64458154 0.00144402
vn -0.76453421 0.64458154 0.00144402
vn -0.78967617 0.61352260 -0.00125404
vn -0.78967617 0.61352260 -0.00125404
vn -0.78967617 0.61352260 -0.00125404
vn -0.80204269 0.59726652 0.00046935
vn -0.80204269 0.59726652 0.00046935
vn -0.80204269 0.59726652 0.00046935
vn -0.83868535 0.54461448 0.00139885
vn -0.83868535 0.54461448 0.00139885
vn -0.83868535 0.54461448 0.00139885
vn -0.85834229 0.51307716 -0.00058012
vn -0.85834229 0.51307716 -0.00058012
vn -0.85834229 0.51307716 -0.00058012
vn -0.86097802 0.50864214 -0.00015402
vn -0.86097802 0.50864214 -0.00015402
vn -0.86097802 0.50864214 -0.00015402
vn -0.89348677 0.44908619 0.00172931
vn -0.89348677 0.44908619 0.00172931
vn -0.89348677 0.44908619 0.00172931
vn -0.91256064 0.40894122 -0.00039270
vn -0.91256064 0.40894122 -0.00039270
vn -0.91256064 0.40894122 -0.00039270
vn -0.91765556 0.39737608 0.00072005
vn -0.91765556 0.39737608 0.00072005
vn -0.91765556 0.39737608 0.00072005
vn -0.93991951 0.34139120 0.00183225
vn -0.93991951 0.34139120 0.00183225
vn -0.93991951 0.34139120 0.00183225
vn -0.95801558 0.28671537 0.00066367
vn -0.95801558 0.28671537 0.00066367
vn -0.95801558 0.28671537 0.00066367
vn -0.95417746 0.29924101 -0.00044457
vn -0.95417746 0.29924101 -0.00044457
vn -0.95417746 0.29924101 -0.00044457
vn -0.96930457 0.24585843 0.00150902
vn -0.96930457 0.24585843 0.00150902
vn -0.96930457 0.24585843 0.00150902
vn -0.98074362 0.19529957 0.00019235
vn -0.98262056 0.18562480 -0.00051801
vn -0.98091109 0.19445673 0.00013041
vn -0.98267731 0.18532406 -0.00054007
vn -0.98653316 0.16355908 0.00087222
vn -0.98653316 0.16355908 0.00087222
vn -0.98653316 0.16355908 0.00087222
vn -0.99338004 0.11486491 0.00146309
vn -0.99338004 0.11486491 0.00146309
vn -0.99338004 0.11486491 0.00146309
vn -0.99641073 0.08464894 0.00045210
vn -0.99641073 0.08464894 0.00045210
vn -0.99641073 0.08464894 0.00045210
vn -0.99717933 0.07505453 -0.00045571
vn -0.99717933 0.07505453 -0.00045571
vn -0.99717933 0.07505453 -0.00045571
vn -0.99996061 0.00882919 0.00091004
vn -0.99996061 0.00882919 0.00091004
vn -0.99996061 0.00882919 0.00091004
vn 0.74440785 0.66765794 -0.00947737
vn 0.74440785 0.66765794 -0.00947737
vn 0.74440785 0.66765794 -0.00947737
vn -0.99871408 0.04983915 -0.00928637
vn -0.99871408 0.04983915 -0.00928637
vn -0.99871408 0.04983915 -0.00928637
vn 0.87463742 0.48460496 0.01293907
vn 0.87463742 0.48460496 0.01293907
vn 0.87463742 0.48460496 0.01293907
vn -0.92924921 0.36938971 0.00686694
vn -0.92924921 0.36938971 0.00686694
vn -0.92924921 0.36938971 0.00686694
vn -0.88328537 0.46881877 -0.00399066
vn -0.88328537 0.46881877 -0.00399066
vn -0.88328537 0.46881877 -0.00399066
vn 0.96961619 0.24450218 -0.00794514
vn 0.96961619 0.24450218 -0.00794514
vn 0.96961619 0.24450218 -0.00794514
vn -0.71724248 0.69681490 0.00349484
vn -0.71724248 0.69681490 0.00349484
vn -0.71724248 0.69681490 0.00349484
vn -0.66213139 0.74938295 -0.00268550
vn -0.66213139 0.74938295 -0.00268550
vn -0.66213139 0.74938295 -0.00268550
vn -0.39955278 0.91670749 0.00222415
vn -0.39850830 0.91716165 0.00237666
vn -0.39841356 0.91720277 0.00239049
vn -0.39966677 0.91665784 0.00220751
vn 0.06384651 0.99795667 -0.00247035
vn 0.06384651 0.99795667 -0.00247035
vn 0.06384651 0.99795667 -0.00247035
vn 0.09302785 0.99566240 0.00148531
vn 0.09302785 0.99566240 0.00148531
vn 0.09302785 0.99566240 0.00148531
vn 0.43638899 0.89975738 -0.00114529
vn 0.43638899 0.89975738 -0.00114529
vn 0.43638899 0.89975738 -0.00114529
vn 0.49770112 0.86733059 0.00558980
vn 0.49770112 0.86733059 0.00558980
vn 0.49770112 0.86733059 0.00558980
vn 0.74461808 0.66749063 0.00041329
vn 0.74461808 0.66749063 0.00041329
vn 0.74461808 0.66749063 0.00041329
vn 0.72462260 0.68913375 -0.00409373
vn 0.72462260 0.68913375 -0.00409373
vn 0.72462260 0.68913375 -0.00409373
vn -0.96212753 0.27259684 0.00125458
vn -0.96212753 0.27259684 0.00125458
vn -0.96212753 0.27259684 0.00125458
vn -0.96958783 0.24473483 -0.00207260
vn -0.96958783 0.24473483 -0.00207260
vn -0.96958783 0.24473483 -0.00207260
vn 0.93881498 0.34434040 0.00749205
vn 0.93881498 0.34434040 0.00749205
vn 0.93881498 0.34434040 0.00749205
vn -0.78800512 0.61565442 0.00419071
vn -0.78800512 0.61565442 0.00419071
vn -0.78800512 0.61565442 0.00419071
vn 0.96959333 0.24467703 -0.00468261
vn 0.96959333 0.24467703 -0.00468261
vn 0.96959333 0.24467703 -0.00468261
vn -0.74444238 0.66766801 -0.00499700
vn -0.74444238 0.66766801 -0.00499700
vn -0.74444238 0.66766801 -0.00499700
vn -0.43638727 0.89975872 -0.00062898
vn -0.43638727 0.89975872 -0.00062898
vn -0.43638727 0.89975872 -0.00062898
vn -0.38952581 0.92100006 0.00534106
vn -0.38952581 0.92100006 0.00534106
vn -0.38952581 0.92100006 0.00534106
vn -0.06655552 0.99776675 -0.00564513
vn -0.06655552 0.99776675 -0.00564513
vn -0.06655552 0.99776675 -0.00564513
vn 0.01026501 0.99994358 0.00273228
vn 0.01026501 0.99994358 0.00273228
vn 0.01026501 0.99994358 0.00273228
vn 0.37496129 0.92703924 0.00150694
vn 0.37496129 0.92703924 0.00150694
vn 0.37496129 0.92703924 0.00150694
vn 0.40375930 0.91486173 -0.00253980
vn 0.40375930 0.91486173 -0.00253980
vn 0.40375930 0.91486173 -0.00253980
vn 0.74443096 0.66766626 -0.00665733
vn 0.74443096 0.66766626 -0.00665733
vn 0.74443096 0.66766626 -0.00665733
vn 0.81065840 0.58550624 0.00392546
vn 0.81065840 0.58550624 0.00392546
vn 0.81065840 0.58550624 0.00392546
vn -0.96959329 0.24467720 -0.00468261
vn -0.96959329 0.24467720 -0.00468261
vn -0.96959329 0.24467720 -0.00468261
vn -0.93881492 0.34434055 0.00749205
vn -0.93881492 0.34434055 0.00749205
vn -0.93881492 0.34434055 0.00749205
vn 0.96212758 0.27259668 0.00125453
vn 0.96212758 0.27259668 0.00125453
vn 0.96212758 0.27259668 0.00125453
vn 0.96958776 0.24473511 -0.00207260
vn 0.96958776 0.24473511 -0.00207260
vn 0.96958776 0.24473511 -0.00207260
vn -0.72462249 0.68913387 -0.00409373
vn -0.72462249 0.68913387 -0.00409373
vn -0.72462249 0.68913387 -0.00409373
vn -0.74461797 0.66749076 0.00041329
vn -0.74461797 0.66749076 0.00041329
vn -0.74461797 0.66749076 0.00041329
vn -0.43631396 0.89979155 -0.00230052
vn -0.43631396 0.89979155 -0.00230052
vn -0.43631396 0.89979155 -0.00230052
vn -0.35257096 0.93576178 0.00660413
vn -0.35257096 0.93576178 0.00660413
vn -0.35257096 0.93576178 0.00660413
vn -0.06643326 0.99775574 -0.00837307
vn -0.06643326 0.99775574 -0.00837307
vn -0.06643326 0.99775574 -0.00837307
vn 0.12722317 0.99183018 0.00933565
vn 0.12722317 0.99183018 0.00933565
vn 0.12722317 0.99183018 0.00933565
vn 0.40394881 0.91475232 -0.00731858
vn 0.40394881 0.91475232 -0.00731858
vn 0.40394881 0.91475232 -0.00731858
vn 0.54612551 0.83768570 0.00544008
vn 0.54612551 0.83768570 0.00544008
vn 0.54612551 0.83768570 0.00544008
vn 0.74461808 0.66749063 0.00041327
vn 0.74461808 0.66749063 0.00041327
vn 0.74461808 0.66749063 0.00041327
vn 0.72462263 0.68913372 -0.00409373
vn 0.72462263 0.68913372 -0.00409373
vn 0.72462263 0.68913372 -0.00409373
vn -0.96961615 0.24450234 -0.00794514
vn -0.96961615 0.24450234 -0.00794514
vn -0.96961615 0.24450234 -0.00794514
vn 0.92386306 0.38267051 0.00635059
vn 0.92386306 0.38267051 0.00635059
vn 0.92386306 0.38267051 0.00635059
vn -0.87463735 0.48460509 0.01293907
vn -0.87463735 0.48460509 0.01293907
vn -0.87463735 0.48460509 0.01293907
vn 0.96956325 0.24478512 -0.00522911
vn 0.96956325 0.24478512 -0.00522911
vn 0.96956325 0.24478512 -0.00522911
vn 0.99904230 0.04360037 0.00367174
vn 0.99904230 0.04360037 0.00367174
vn 0.99904230 0.04360037 0.00367174
vn -0.74440771 0.66765810 -0.00947737
vn -0.74440771 0.66765810 -0.00947737
vn -0.74440771 0.66765810 -0.00947737
vn -0.49770099 0.86733066 0.00558983
vn -0.49770099 0.86733066 0.00558983
vn -0.49770099 0.86733066 0.00558983
vn -0.43638852 0.89975761 -0.00114529
vn -0.43638852 0.89975761 -0.00114529
vn -0.43638852 0.89975761 -0.00114529
vn -0.10691131 0.99426760 0.00138428
vn -0.10691131 0.99426760 0.00138428
vn -0.10691131 0.99426760 0.00138428
vn -0.06640023 0.99778658 -0.00359964
vn -0.06640023 0.99778658 -0.00359964
vn -0.06640023 0.99778658 -0.00359964
vn 0.35257506 0.93577221 0.00460470
vn 0.35257506 0.93577221 0.00460470
vn 0.35257506 0.93577221 0.00460470
vn 0.40369165 0.91489158 -0.00254021
vn 0.40369165 0.91489158 -0.00254021
vn 0.40369165 0.91489158 -0.00254021
vn -0.45645759 0.48265437 -0.74745650
vn -0.45645759 0.48265437 -0.74745650
vn -0.45645759 0.48265437 -0.74745650
vn -0.56057985 0.56674390 -0.60378108
vn -0.56057985 0.56674390 -0.60378108
vn -0.56057985 0.56674390 -0.60378108
vn -0.49549012 0.61795084 -0.61043124
vn -0.49549012 0.61795084 -0.61043124
vn -0.49549012 0.61795084 -0.61043124
vn -0.36090639 0.47906571 -0.80015162
vn -0.36090639 0.47906571 -0.80015162
vn -0.36090639 0.47906571 -0.80015162
vn -0.44160571 0.70229931 -0.55835479
vn -0.44160571 0.70229931 -0.55835479
vn -0.44160571 0.70229931 -0.55835479
vn -0.30003769 0.51772932 -0.80120768
vn -0.30003769 0.51772932 -0.80120768
vn -0.30003769 0.51772932 -0.80120768
vn -0.35572652 0.75216481 -0.55471321
vn -0.35572652 0.75216481 -0.55471321
vn -0.35572652 0.75216481 -0.55471321
vn -0.23508421 0.54888688 -0.80215871
vn -0.23508421 0.54888688 -0.80215871
vn -0.23508421 0.54888688 -0.80215871
vn -0.26402079 0.79074209 -0.55228614
vn -0.26402079 0.79074209 -0.55228614
vn -0.26402079 0.79074209 -0.55228614
vn -0.16713655 0.57200930 -0.80303844
vn -0.16713655 0.57200930 -0.80303844
vn -0.16713655 0.57200930 -0.80303844
vn -0.16830751 0.81863909 -0.54909255
vn -0.16830751 0.81863909 -0.54909255
vn -0.16830751 0.81863909 -0.54909255
vn -0.09692825 0.58655432 -0.80408889
vn -0.09692825 0.58655432 -0.80408889
vn -0.09692825 0.58655432 -0.80408889
vn -0.06958054 0.83421950 -0.54702502
vn -0.06958054 0.83421950 -0.54702502
vn -0.06958054 0.83421950 -0.54702502
vn -0.02571904 0.59290346 -0.80486273
vn -0.02571904 0.59290346 -0.80486273
vn -0.02571904 0.59290346 -0.80486273
vn 0.03045224 0.83834138 -0.54429439
vn 0.03045224 0.83834138 -0.54429439
vn 0.03045224 0.83834138 -0.54429439
vn 0.04564091 0.59044200 -0.80578853
vn 0.04564091 0.59044200 -0.80578853
vn 0.04564091 0.59044200 -0.80578853
vn 0.13046914 0.83011519 -0.54211306
vn 0.13046914 0.83011519 -0.54211306
vn 0.13046914 0.83011519 -0.54211306
vn 0.11613357 0.58036551 -0.80603280
vn 0.11613357 0.58036551 -0.80603280
vn 0.11613357 0.58036551 -0.80603280
vn 0.22914302 0.81102715 -0.53826429
vn 0.22914302 0.81102715 -0.53826429
vn 0.22914302 0.81102715 -0.53826429
vn 0.18478722 0.56134079 -0.80669090
vn 0.18478722 0.56134079 -0.80669090
vn 0.18478722 0.56134079 -0.80669090
vn 0.32459279 0.77889793 -0.53661676
vn 0.32459279 0.77889793 -0.53661676
vn 0.32459279 0.77889793 -0.53661676
vn 0.25042937 0.53415860 -0.80744023
vn 0.25042937 0.53415860 -0.80744023
vn 0.25042937 0.53415860 -0.80744023
vn 0.41573737 0.73571867 -0.53467793
vn 0.41573737 0.73571867 -0.53467793
vn 0.41573737 0.73571867 -0.53467793
vn 0.31222504 0.49928517 -0.80822636
vn 0.31222504 0.49928517 -0.80822636
vn 0.31222504 0.49928517 -0.80822636
vn 0.50125439 0.68180456 -0.53281008
vn 0.50125439 0.68180456 -0.53281008
vn 0.50125439 0.68180456 -0.53281008
vn 0.36961650 0.45770141 -0.80863655
vn 0.36961650 0.45770141 -0.80863655
vn 0.36961650 0.45770141 -0.80863655
vn 0.57947990 0.61784109 -0.53148417
vn 0.57947990 0.61784109 -0.53148417
vn 0.57947990 0.61784109 -0.53148417
vn 0.42108914 0.40922068 -0.80945807
vn 0.42108914 0.40922068 -0.80945807
vn 0.42108914 0.40922068 -0.80945807
vn 0.64982354 0.54496991 -0.52984636
vn 0.64982354 0.54496991 -0.52984636
vn 0.64982354 0.54496991 -0.52984636
vn 0.46670648 0.35527273 -0.80991749
vn 0.46670648 0.35527273 -0.80991749
vn 0.46670648 0.35527273 -0.80991749
vn 0.71104564 0.46417269 -0.52816457
vn 0.71104564 0.46417269 -0.52816457
vn 0.71104564 0.46417269 -0.52816457
vn 0.50540322 0.29625049 -0.81043398
vn 0.50540322 0.29625049 -0.81043398
vn 0.50540322 0.29625049 -0.81043398
vn 0.76217850 0.37648272 -0.52663526
vn 0.76217850 0.37648272 -0.52663526
vn 0.76217850 0.37648272 -0.52663526
vn 0.53708162 0.23328856 -0.81062925
vn 0.53708162 0.23328856 -0.81062925
vn 0.53708162 0.23328856 -0.81062925
vn 0.80289033 0.28338304 -0.52446274
vn 0.80289033 0.28338304 -0.52446274
vn 0.80289033 0.28338304 -0.52446274
vn 0.56056473 0.16681011 -0.81113597
vn 0.56056473 0.16681011 -0.81113597
vn 0.56056473 0.16681011 -0.81113597
vn 0.83103403 0.18567260 -0.52431681
vn 0.83103403 0.18567260 -0.52431681
vn 0.83103403 0.18567260 -0.52431681
vn 0.57585182 0.09816279 -0.81163954
vn 0.57585182 0.09816279 -0.81163954
vn 0.57585182 0.09816279 -0.81163954
vn 0.82520668 0.08736893 -0.55803280
vn 0.82520668 0.08736893 -0.55803280
vn 0.82520668 0.08736893 -0.55803280
vn 0.59868511 0.02888663 -0.80046343
vn 0.59868511 0.02888663 -0.80046343
vn 0.59868511 0.02888663 -0.80046343
vn 0.78294641 0.00988571 -0.62201061
vn 0.78294641 0.00988571 -0.62201061
vn 0.78294641 0.00988571 -0.62201061
vn 0.67667621 -0.05094055 -0.73451642
vn 0.67667621 -0.05094055 -0.73451642
vn 0.67667621 -0.05094055 -0.73451642
vn 0.67232707 -0.05096402 -0.73849778
vn 0.67232707 -0.05096402 -0.73849778
vn 0.67232707 -0.05096402 -0.73849778
vn 0.73251658 -0.13808707 -0.66659690
vn 0.73251658 -0.13808707 -0.66659690
vn 0.73251658 -0.13808707 -0.66659690
vn 0.65148618 -0.12931961 -0.74755749
vn 0.65148618 -0.12931961 -0.74755749
vn 0.65148618 -0.12931961 -0.74755749
vn 0.72070189 -0.22600370 -0.65537097
vn 0.72070189 -0.22600370 -0.65537097
vn 0.72070189 -0.22600370 -0.65537097
vn 0.62296777 -0.20369880 -0.75526019
vn 0.62296777 -0.20369880 -0.75526019
vn 0.62296777 -0.20369880 -0.75526019
vn 0.69839526 -0.31295148 -0.64366562
vn 0.69839526 -0.31295148 -0.64366562
vn 0.69839526 -0.31295148 -0.64366562
vn 0.58618836 -0.27316250 -0.76273551
vn 0.58618836 -0.27316250 -0.76273551
vn 0.58618836 -0.27316250 -0.76273551
vn 0.66456647 -0.39728684 -0.63286220
vn 0.66456647 -0.39728684 -0.63286220
vn 0.66456647 -0.39728684 -0.63286220
vn 0.54236027 -0.33717658 -0.76951757
vn 0.54236027 -0.33717658 -0.76951757
vn 0.54236027 -0.33717658 -0.76951757
vn 0.62391769 -0.48540401 -0.61246196
vn 0.62391769 -0.48540401 -0.61246196
vn 0.62391769 -0.48540401 -0.61246196
vn 0.50653657 -0.40756271 -0.75981139
vn 0.50653657 -0.40756271 -0.75981139
vn 0.50653657 -0.40756271 -0.75981139
vn -0.57722795 -0.37499765 0.72538587
vn -0.57722795 -0.37499765 0.72538587
vn -0.57722795 -0.37499765 0.72538587
vn -0.60319735 -0.39674008 0.69191782
vn -0.60319735 -0.39674008 0.69191782
vn -0.60319735 -0.39674008 0.69191782
vn -0.60568192 -0.46438685 0.64613795
vn -0.60568192 -0.46438685 0.64613795
vn -0.60568192 -0.46438685 0.64613795
vn -0.46161558 -0.37520547 0.80382331
vn -0.46161558 -0.37520547 0.80382331
vn -0.46161558 -0.37520547 0.80382331
vn -0.60552605 -0.57853747 0.54647287
vn -0.60552605 -0.57853747 0.54647287
vn -0.60552605 -0.57853747 0.54647287
vn -0.41222049 -0.42685778 0.80490168
vn -0.41222049 -0.42685778 0.80490168
vn -0.41222049 -0.42685778 0.80490168
vn -0.53406383 -0.64819889 0.54278359
vn -0.53406383 -0.64819889 0.54278359
vn -0.53406383 -0.64819889 0.54278359
vn -0.35724874 -0.47224402 0.80582810
vn -0.35724874 -0.47224402 0.80582810
vn -0.35724874 -0.47224402 0.80582810
vn -0.45448124 -0.70882978 0.53945078
vn -0.45448124 -0.70882978 0.53945078
vn -0.45448124 -0.70882978 0.53945078
vn -0.29720680 -0.51037674 0.80695954
vn -0.29720680 -0.51037674 0.80695954
vn -0.29720680 -0.51037674 0.80695954
vn -0.36786422 -0.75945392 0.53656840
vn -0.36786422 -0.75945392 0.53656840
vn -0.36786422 -0.75945392 0.53656840
vn -0.23337182 -0.54135620 0.80775681
vn -0.23337182 -0.54135620 0.80775681
vn -0.23337182 -0.54135620 0.80775681
vn -0.27764782 -0.81816103 0.50351189
vn -0.27764782 -0.81816103 0.50351189
vn -0.27764782 -0.81816103 0.50351189
vn -0.16594719 -0.56296589 0.80964865
vn -0.16594719 -0.56296589 0.80964865
vn -0.16594719 -0.56296589 0.80964865
vn -0.15336413 -0.80476698 0.57343661
vn -0.15336413 -0.80476698 0.57343661
vn -0.15336413 -0.80476698 0.57343661
vn -0.10622638 -0.63239682 0.76732667
vn -0.10622638 -0.63239682 0.76732667
vn -0.10622638 -0.63239682 0.76732667
vn -0.05000865 -0.77807643 0.62617586
vn -0.05000865 -0.77807643 0.62617586
vn -0.05000865 -0.77807643 0.62617586
vn -0.02940442 -0.63709773 0.77022196
vn -0.02940442 -0.63709773 0.77022196
vn -0.02940442 -0.63709773 0.77022196
vn 0.04296627 -0.78306267 0.62045689
vn 0.04296627 -0.78306267 0.62045689
vn 0.04296627 -0.78306267 0.62045689
vn 0.04699396 -0.63186898 0.77364925
vn 0.04699396 -0.63186898 0.77364925
vn 0.04699396 -0.63186898 0.77364925
vn 0.13635942 -0.77603967 0.61576663
vn 0.13635942 -0.77603967 0.61576663
vn 0.13635942 -0.77603967 0.61576663
vn 0.12182864 -0.61824035 0.77648995
vn 0.12182864 -0.61824035 0.77648995
vn 0.12182864 -0.61824035 0.77648995
vn 0.22868991 -0.75822773 0.61056665
vn 0.22868991 -0.75822773 0.61056665
vn 0.22868991 -0.75822773 0.61056665
vn 0.19402376 -0.59572297 0.77940293
vn 0.19402376 -0.59572297 0.77940293
vn 0.19402376 -0.59572297 0.77940293
vn 0.31872206 -0.72921878 0.60552144
vn 0.31872206 -0.72921878 0.60552144
vn 0.31872206 -0.72921878 0.60552144
vn 0.26291510 -0.56551294 0.78171015
vn 0.26291510 -0.56551294 0.78171015
vn 0.26291510 -0.56551294 0.78171015
vn 0.40518711 -0.68994474 0.59983302
vn 0.40518711 -0.68994474 0.59983302
vn 0.40518711 -0.68994474 0.59983302
vn 0.32697768 -0.52668126 0.78466072
vn 0.32697768 -0.52668126 0.78466072
vn 0.32697768 -0.52668126 0.78466072
vn 0.49548184 -0.64517589 0.58158904
vn 0.49548184 -0.64517589 0.58158904
vn 0.49548184 -0.64517589 0.58158904
vn 0.42101911 -0.53023666 0.73592934
vn 0.42101911 -0.53023666 0.73592934
vn 0.42101911 -0.53023666 0.73592934
vn 0.46607801 -0.47819145 0.74438177
vn 0.46607801 -0.47819145 0.74438177
vn 0.46607801 -0.47819145 0.74438177
vn 0.55378136 -0.55269022 0.62278385
vn 0.55378136 -0.55269022 0.62278385
vn 0.55378136 -0.55269022 0.62278385
vn 0.52163094 -0.41966455 0.74282086
vn 0.52163094 -0.41966455 0.74282086
vn 0.52163094 -0.41966455 0.74282086
vn 0.53545212 -0.43273583 0.72527976
vn 0.53545212 -0.43273583 0.72527976
vn 0.53545212 -0.43273583 0.72527976
vn 0.63010126 -0.39948817 0.66586906
vn 0.63010126 -0.39948817 0.66586906
vn 0.63010126 -0.39948817 0.66586906
vn 0.56881830 -0.35360459 0.74256955
vn 0.56881830 -0.35360459 0.74256955
vn 0.56881830 -0.35360459 0.74256955
vn 0.67503001 -0.32217507 0.66373015
vn 0.67503001 -0.32217507 0.66373015
vn 0.67503001 -0.32217507 0.66373015
vn 0.60609196 -0.28243754 0.74356007
vn 0.60609196 -0.28243754 0.74356007
vn 0.60609196 -0.28243754 0.74356007
vn 0.70955428 -0.23947276 0.66271074
vn 0.70955428 -0.23947276 0.66271074
vn 0.70955428 -0.23947276 0.66271074
vn 0.63477557 -0.20757764 0.74429262
vn 0.63477557 -0.20757764 0.74429262
vn 0.63477557 -0.20757764 0.74429262
vn 0.65432733 -0.12991842 0.74496775
vn 0.65432733 -0.12991842 0.74496775
vn 0.65432733 -0.12991842 0.74496775
vn 0.73419757 -0.15318490 0.66142899
vn 0.73419757 -0.15318490 0.66142899
vn 0.73419757 -0.15318490 0.66142899
vn 0.74961759 -0.06351737 0.65881637
vn 0.74961759 -0.06351737 0.65881637
vn 0.74961759 -0.06351737 0.65881637
vn 0.66710065 -0.05002330 0.74328621
vn 0.66710065 -0.05002330 0.74328621
vn 0.66710065 -0.05002330 0.74328621
vn 0.74812423 0.02858932 0.66294252
vn 0.74812423 0.02858932 0.66294252
vn 0.74812423 0.02858932 0.66294252
vn 0.66679489 0.03157247 0.74457220
vn 0.66679489 0.03157247 0.74457220
vn 0.66679489 0.03157247 0.74457220
vn 0.73777445 0.11858096 0.66455054
vn 0.73777445 0.11858096 0.66455054
vn 0.73777445 0.11858096 0.66455054
vn 0.65599490 0.11186301 0.74642974
vn 0.65599490 0.11186301 0.74642974
vn 0.65599490 0.11186301 0.74642974
vn 0.72062631 0.20654848 0.66184246
vn 0.72062631 0.20654848 0.66184246
vn 0.72062631 0.20654848 0.66184246
vn 0.63601042 0.18926087 0.74811167
vn 0.63601042 0.18926087 0.74811167
vn 0.63601042 0.18926087 0.74811167
vn 0.69400203 0.29254473 0.65785923
vn 0.69400203 0.29254473 0.65785923
vn 0.69400203 0.29254473 0.65785923
vn 0.60643939 0.26341503 0.75022916
vn 0.60643939 0.26341503 0.75022916
vn 0.60643939 0.26341503 0.75022916
vn 0.65632128 0.37466616 0.65487987
vn 0.65632128 0.37466616 0.65487987
vn 0.65632128 0.37466616 0.65487987
vn 0.56838331 0.33318893 0.75228023
vn 0.56838331 0.33318893 0.75228023
vn 0.56838331 0.33318893 0.75228023
vn 0.60888136 0.45196083 0.65191632
vn 0.60888136 0.45196083 0.65191632
vn 0.60888136 0.45196083 0.65191632
vn 0.52267808 0.39788020 0.75398871
vn 0.52267808 0.39788020 0.75398871
vn 0.52267808 0.39788020 0.75398871
vn 0.55255190 0.52343307 0.64861716
vn 0.55255190 0.52343307 0.64861716
vn 0.55255190 0.52343307 0.64861716
vn 0.46964436 0.45640736 0.75572912
vn 0.46964436 0.45640736 0.75572912
vn 0.46964436 0.45640736 0.75572912
vn 0.48779343 0.58771612 0.64548225
vn 0.48779343 0.58771612 0.64548225
vn 0.48779343 0.58771612 0.64548225
vn 0.41006449 0.50778873 0.75762637
vn 0.41006449 0.50778873 0.75762637
vn 0.41006449 0.50778873 0.75762637
vn 0.41545139 0.63687577 0.64945316
vn 0.41545139 0.63687577 0.64945316
vn 0.41545139 0.63687577 0.64945316
vn 0.33337570 0.53310761 0.77759689
vn 0.33337570 0.53310761 0.77759689
vn 0.33337570 0.53310761 0.77759689
vn 0.37523908 0.72383533 0.57901472
vn 0.37523908 0.72383533 0.57901472
vn 0.37523908 0.72383533 0.57901472
vn 0.24993688 0.53310814 0.80828663
vn 0.24993688 0.53310814 0.80828663
vn 0.24993688 0.53310814 0.80828663
vn 0.30089817 0.79150037 0.53196566
vn 0.30089817 0.79150037 0.53196566
vn 0.30089817 0.79150037 0.53196566
vn 0.18397075 0.55886053 0.80859734
vn 0.18397075 0.55886053 0.80859734
vn 0.18397075 0.55886053 0.80859734
vn 0.20443004 0.82292252 0.53010082
vn 0.20443004 0.82292252 0.53010082
vn 0.20443004 0.82292252 0.53010082
vn 0.11534467 0.57642310 0.80896973
vn 0.11534467 0.57642310 0.80896973
vn 0.11534467 0.57642310 0.80896973
vn 0.10466834 0.84175157 0.52962141
vn 0.10466834 0.84175157 0.52962141
vn 0.10466834 0.84175157 0.52962141
vn 0.04526542 0.58558433 0.80934667
vn 0.04526542 0.58558433 0.80934667
vn 0.04526542 0.58558433 0.80934667
vn -0.00097644 0.86912123 0.49459815
vn -0.00097644 0.86912123 0.49459815
vn -0.00097644 0.86912123 0.49459815
vn -0.02532899 0.58391159 0.81142202
vn -0.02532899 0.58391159 0.81142202
vn -0.02532899 0.58391159 0.81142202
vn -0.11421939 0.81157177 0.57297922
vn -0.11421939 0.81157177 0.57297922
vn -0.11421939 0.81157177 0.57297922
vn -0.10264533 0.62115082 0.77693990
vn -0.10264533 0.62115082 0.77693990
vn -0.10264533 0.62115082 0.77693990
vn -0.20409392 0.76366348 0.61250614
vn -0.20409392 0.76366348 0.61250614
vn -0.20409392 0.76366348 0.61250614
vn -0.17406803 0.59573164 0.78409447
vn -0.17406803 0.59573164 0.78409447
vn -0.17406803 0.59573164 0.78409447
vn -0.29726520 0.74488685 0.59730812
vn -0.29726520 0.74488685 0.59730812
vn -0.29726520 0.74488685 0.59730812
vn -0.24378636 0.56920511 0.78522211
vn -0.24378636 0.56920511 0.78522211
vn -0.24378636 0.56920511 0.78522211
vn -0.38530461 0.70614890 0.59404890
vn -0.38530461 0.70614890 0.59404890
vn -0.38530461 0.70614890 0.59404890
vn -0.30951187 0.53407747 0.78674244
vn -0.30951187 0.53407747 0.78674244
vn -0.30951187 0.53407747 0.78674244
vn -0.47748186 0.66280494 0.57680212
vn -0.47748186 0.66280494 0.57680212
vn -0.47748186 0.66280494 0.57680212
vn -0.38175152 0.50673544 0.77297152
vn -0.38175152 0.50673544 0.77297152
vn -0.38175152 0.50673544 0.77297152
vn -0.50410561 0.53303698 0.67952123
vn -0.50410561 0.53303698 0.67952123
vn -0.50410561 0.53303698 0.67952123
vn -0.55207133 0.57536919 0.60346296
vn -0.55207133 0.57536919 0.60346296
vn -0.55207133 0.57536919 0.60346296
vn -0.83538573 -0.54965776 -0.00265184
vn -0.83538573 -0.54965776 -0.00265184
vn -0.83538573 -0.54965776 -0.00265184
vn -0.83039441 -0.55712514 -0.00753057
vn -0.83039441 -0.55712514 -0.00753057
vn -0.83039441 -0.55712514 -0.00753057
vn -0.79350547 -0.60849228 0.00928475
vn -0.79350547 -0.60849228 0.00928475
vn -0.79350547 -0.60849228 0.00928475
vn -0.75917563 -0.65073993 -0.01378056
vn -0.75917563 -0.65073993 -0.01378056
vn -0.75917563 -0.65073993 -0.01378056
vn -0.72295686 -0.69075443 0.01384542
vn -0.72295686 -0.69075443 0.01384542
vn -0.72295686 -0.69075443 0.01384542
vn -0.67647650 -0.73633623 -0.01372947
vn -0.67647650 -0.73633623 -0.01372947
vn -0.67647650 -0.73633623 -0.01372947
vn -0.63582567 -0.77170831 0.01385616
vn -0.63582567 -0.77170831 0.01385616
vn -0.63582567 -0.77170831 0.01385616
vn -0.58420326 -0.81149095 -0.01374730
vn -0.58420326 -0.81149095 -0.01374730
vn -0.58420326 -0.81149095 -0.01374730
vn -0.53968345 -0.84175470 0.01381338
vn -0.53968345 -0.84175470 0.01381338
vn -0.53968345 -0.84175470 0.01381338
vn -0.48375616 -0.87509468 -0.01375795
vn -0.48375616 -0.87509468 -0.01375795
vn -0.48375616 -0.87509468 -0.01375795
vn -0.43589027 -0.89989336 0.01384231
vn -0.43589027 -0.89989336 0.01384231
vn -0.43589027 -0.89989336 0.01384231
vn -0.37632648 -0.92638494 -0.01375919
vn -0.37632648 -0.92638494 -0.01375919
vn -0.37632648 -0.92638494 -0.01375919
vn -0.32128608 -0.94684170 0.01631126
vn -0.32128608 -0.94684170 0.01631126
vn -0.32128608 -0.94684170 0.01631126
vn -0.26366113 -0.96447990 -0.01616560
vn -0.26366113 -0.96447990 -0.01616560
vn -0.26366113 -0.96447990 -0.01616560
vn -0.18720014 -0.98220776 0.01496753
vn -0.18720014 -0.98220776 0.01496753
vn -0.18720014 -0.98220776 0.01496753
vn -0.14729727 -0.98902389 -0.01163008
vn -0.14729727 -0.98902389 -0.01163008
vn -0.14729727 -0.98902389 -0.01163008
vn -0.06413547 -0.99787331 0.01164009
vn -0.06413547 -0.99787331 0.01164009
vn -0.06413547 -0.99787331 0.01164009
vn -0.02879198 -0.99951800 -0.01160978
vn -0.02879198 -0.99951800 -0.01160978
vn -0.02879198 -0.99951800 -0.01160978
vn 0.05480110 -0.99842936 0.01164700
vn 0.05480110 -0.99842936 0.01164700
vn 0.05480110 -0.99842936 0.01164700
vn 0.09015361 -0.99585977 -0.01164695
vn 0.09015361 -0.99585977 -0.01164695
vn 0.09015361 -0.99585977 -0.01164695
vn 0.17304896 -0.98484476 0.01161266
vn 0.17304896 -0.98484476 0.01161266
vn 0.17304896 -0.98484476 0.01161266
vn 0.20777529 -0.97810739 -0.01163443
vn 0.20777529 -0.97810739 -0.01163443
vn 0.20777529 -0.97810739 -0.01163443
vn 0.28874319 -0.95733602 0.01162349
vn 0.28874319 -0.95733602 0.01162349
vn 0.28874319 -0.95733602 0.01162349
vn 0.32244643 -0.94651612 -0.01164158
vn 0.32244643 -0.94651612 -0.01164158
vn 0.32244643 -0.94651612 -0.01164158
vn 0.40046356 -0.91623889 0.01162930
vn 0.40046356 -0.91623889 0.01162930
vn 0.40046356 -0.91623889 0.01162930
vn 0.43260356 -0.90150948 -0.01161092
vn 0.43260356 -0.90150948 -0.01161092
vn 0.43260356 -0.90150948 -0.01161092
vn 0.50635595 -0.86224624 0.01162234
vn 0.50635595 -0.86224624 0.01162234
vn 0.50635595 -0.86224624 0.01162234
vn 0.53662047 -0.84374264 -0.01169686
vn 0.53662047 -0.84374264 -0.01169686
vn 0.53662047 -0.84374264 -0.01169686
vn 0.60852992 -0.79342926 0.01270199
vn 0.60852992 -0.79342926 0.01270199
vn 0.60852992 -0.79342926 0.01270199
vn 0.63642500 -0.77120303 -0.01446017
vn 0.63642500 -0.77120303 -0.01446017
vn 0.63642500 -0.77120303 -0.01446017
vn 0.70822165 -0.70586730 0.01316994
vn 0.70822165 -0.70586730 0.01316994
vn 0.70822165 -0.70586730 0.01316994
vn 0.72938814 -0.68406854 -0.00657001
vn 0.72938814 -0.68406854 -0.00657001
vn 0.72938814 -0.68406854 -0.00657001
vn 0.77777681 -0.62852249 0.00476544
vn 0.77777681 -0.62852249 0.00476544
vn 0.77777681 -0.62852249 0.00476544
vn 0.78422129 -0.62047770 -0.00209758
vn 0.78422129 -0.62047770 -0.00209758
vn 0.78422129 -0.62047770 -0.00209758
vn 0.84455937 -0.53545595 0.00252937
vn 0.84455937 -0.53545595 0.00252937
vn 0.84455937 -0.53545595 0.00252937
vn 0.84754490 -0.53071784 -0.00249175
vn 0.84754490 -0.53071784 -0.00249175
vn 0.84754490 -0.53071784 -0.00249175
vn 0.90248575 -0.43071197 0.00258282
vn 0.90248575 -0.43071197 0.00258282
vn 0.90248575 -0.43071197 0.00258282
vn 0.90491941 -0.42557554 -0.00251327
vn 0.90491941 -0.42557554 -0.00251327
vn 0.90491941 -0.42557554 -0.00251327
vn 0.94749313 -0.31976589 0.00255705
vn 0.94749313 -0.31976589 0.00255705
vn 0.94749313 -0.31976589 0.00255705
vn 0.94930240 -0.31435394 -0.00255907
vn 0.94930240 -0.31435394 -0.00255907
vn 0.94930240 -0.31435394 -0.00255907
vn 0.97891682 -0.20424377 0.00251977
vn 0.97891682 -0.20424377 0.00251977
vn 0.97891682 -0.20424377 0.00251977
vn 0.98005108 -0.19872972 -0.00252694
vn 0.98005108 -0.19872972 -0.00252694
vn 0.98005108 -0.19872972 -0.00252694
vn 0.99636803 -0.08511201 0.00258855
vn 0.99636803 -0.08511201 0.00258855
vn 0.99636803 -0.08511201 0.00258855
vn 0.99630169 -0.08586144 0.00328091
vn 0.99630169 -0.08586144 0.00328091
vn 0.99630169 -0.08586144 0.00328091
vn 0.99991998 0.00972250 -0.00809421
vn 0.99991998 0.00972250 -0.00809421
vn 0.99991998 0.00972250 -0.00809421
vn 0.99917111 0.03893684 0.01187497
vn 0.99917111 0.03893684 0.01187497
vn 0.99917111 0.03893684 0.01187497
vn 0.99228792 0.12338664 -0.01185027
vn 0.99228792 0.12338664 -0.01185027
vn 0.99228792 0.12338664 -0.01185027
vn 0.98726042 0.15868032 0.01172220
vn 0.98726042 0.15868032 0.01172220
vn 0.98726042 0.15868032 0.01172220
vn 0.97043104 0.24108828 -0.01183345
vn 0.97043104 0.24108828 -0.01183345
vn 0.97043104 0.24108828 -0.01183345
vn 0.96122664 0.27551020 0.01172551
vn 0.96122664 0.27551020 0.01172551
vn 0.96122664 0.27551020 0.01172551
vn 0.93466550 0.35533146 -0.01183003
vn 0.93466550 0.35533146 -0.01183003
vn 0.93466550 0.35533146 -0.01183003
vn 0.92141360 0.38840621 0.01173019
vn 0.92141360 0.38840621 0.01173019
vn 0.92141360 0.38840621 0.01173019
vn 0.88776003 0.46018749 -0.01046927
vn 0.88776003 0.46018749 -0.01046927
vn 0.88776003 0.46018749 -0.01046927
vn 0.86839775 0.49573168 0.01163808
vn 0.86839775 0.49573168 0.01163808
vn 0.86839775 0.49573168 0.01163808
vn 0.83747580 0.54634715 -0.01179321
vn 0.83747580 0.54634715 -0.01179321
vn 0.83747580 0.54634715 -0.01179321
vn 0.80289849 0.59595226 0.01396106
vn 0.80289849 0.59595226 0.01396106
vn 0.80289849 0.59595226 0.01396106
vn 0.76941318 0.63859829 -0.01398514
vn 0.76941318 0.63859829 -0.01398514
vn 0.76941318 0.63859829 -0.01398514
vn 0.72590651 0.68765210 0.01394025
vn 0.72590651 0.68765210 0.01394025
vn 0.72590651 0.68765210 0.01394025
vn 0.68765227 0.72590635 -0.01394021
vn 0.68765227 0.72590635 -0.01394021
vn 0.68765227 0.72590635 -0.01394021
vn 0.63859848 0.76941303 0.01398505
vn 0.63859848 0.76941303 0.01398505
vn 0.63859848 0.76941303 0.01398505
vn 0.59595219 0.80289855 -0.01396106
vn 0.59595219 0.80289855 -0.01396106
vn 0.59595219 0.80289855 -0.01396106
vn 0.54634730 0.83747570 0.01179330
vn 0.54634730 0.83747570 0.01179330
vn 0.54634730 0.83747570 0.01179330
vn 0.49573186 0.86839765 -0.01163815
vn 0.49573186 0.86839765 -0.01163815
vn 0.49573186 0.86839765 -0.01163815
vn 0.46018775 0.88775989 0.01046925
vn 0.46018775 0.88775989 0.01046925
vn 0.46018775 0.88775989 0.01046925
vn 0.38840639 0.92141352 -0.01173012
vn 0.38840639 0.92141352 -0.01173012
vn 0.38840639 0.92141352 -0.01173012
vn 0.35533158 0.93466546 0.01182997
vn 0.35533158 0.93466546 0.01182997
vn 0.35533158 0.93466546 0.01182997
vn 0.27551038 0.96122658 -0.01172546
vn 0.27551038 0.96122658 -0.01172546
vn 0.27551038 0.96122658 -0.01172546
vn 0.24108828 0.97043104 0.01183349
vn 0.24108828 0.97043104 0.01183349
vn 0.24108828 0.97043104 0.01183349
vn 0.15868050 0.98726040 -0.01172230
vn 0.15868050 0.98726040 -0.01172230
vn 0.15868050 0.98726040 -0.01172230
vn 0.12338691 0.99228788 0.01185029
vn 0.12338691 0.99228788 0.01185029
vn 0.12338691 0.99228788 0.01185029
vn 0.03893714 0.99917110 -0.01187492
vn 0.03893714 0.99917110 -0.01187492
vn 0.03893714 0.99917110 -0.01187492
vn -0.00113441 0.99987906 0.01551058
vn -0.00113441 0.99987906 0.01551058
vn -0.00113441 0.99987906 0.01551058
vn -0.07998414 0.99669310 -0.01433215
vn -0.07998414 0.99669310 -0.01433215
vn -0.07998414 0.99669310 -0.01433215
vn -0.13979822 0.99008518 0.01370375
vn -0.13979822 0.99008518 0.01370375
vn -0.13979822 0.99008518 0.01370375
vn -0.17958681 0.98369852 -0.00926270
vn -0.17958681 0.98369852 -0.00926270
vn -0.17958681 0.98369852 -0.00926270
vn -0.25765618 0.96617124 0.01124424
vn -0.25765618 0.96617124 0.01124424
vn -0.25765618 0.96617124 0.01124424
vn -0.29119995 0.95658907 -0.01182983
vn -0.29119995 0.95658907 -0.01182983
vn -0.29119995 0.95658907 -0.01182983
vn -0.37062389 0.92870899 0.01172801
vn -0.37062389 0.92870899 0.01172801
vn -0.37062389 0.92870899 0.01172801
vn -0.40349609 0.91490458 -0.01185416
vn -0.40349609 0.91490458 -0.01185416
vn -0.40349609 0.91490458 -0.01185416
vn -0.47894636 0.87776641 0.01168353
vn -0.47894636 0.87776641 0.01168353
vn -0.47894636 0.87776641 0.01168353
vn -0.50989436 0.86015514 -0.01186936
vn -0.50989436 0.86015514 -0.01186936
vn -0.50989436 0.86015514 -0.01186936
vn -0.58447749 0.81130449 0.01308050
vn -0.58447749 0.81130449 0.01308050
vn -0.58447749 0.81130449 0.01308050
vn -0.60903975 0.79306700 -0.01073815
vn -0.60903975 0.79306700 -0.01073815
vn -0.60903975 0.79306700 -0.01073815
vn -0.69154972 0.72229535 0.00695773
vn -0.69154972 0.72229535 0.00695773
vn -0.69154972 0.72229535 0.00695773
vn -0.70183915 0.71231046 -0.00596699
vn -0.70183915 0.71231046 -0.00596699
vn -0.70183915 0.71231046 -0.00596699
vn -0.76795891 0.34457131 -0.53991640
vn -0.76795891 0.34457131 -0.53991640
vn -0.76795891 0.34457131 -0.53991640
vn -0.52567933 0.26482961 -0.80840987
vn -0.52567933 0.26482961 -0.80840987
vn -0.52567933 0.26482961 -0.80840987
vn -0.80718779 -0.14197603 -0.57296657
vn -0.80718779 -0.14197603 -0.57296657
vn -0.80718779 -0.14197603 -0.57296657
vn -0.72414737 0.43357440 -0.53630572
vn -0.72414737 0.43357440 -0.53630572
vn -0.72414737 0.43357440 -0.53630572
vn -0.56166834 -0.08124677 -0.82336361
vn -0.56166834 -0.08124677 -0.82336361
vn -0.56166834 -0.08124677 -0.82336361
vn -0.48887105 0.32487096 -0.80960729
vn -0.48887105 0.32487096 -0.80960729
vn -0.48887105 0.32487096 -0.80960729
vn -0.84124847 -0.04516189 -0.53875914
vn -0.84124847 -0.04516189 -0.53875914
vn -0.84124847 -0.04516189 -0.53875914
vn -0.67973523 0.52851115 -0.50856266
vn -0.67973523 0.52851115 -0.50856266
vn -0.67973523 0.52851115 -0.50856266
vn -0.45851863 0.38834323 -0.79934360
vn -0.45851863 0.38834323 -0.79934360
vn -0.45851863 0.38834323 -0.79934360
vn -0.59689758 -0.00758055 -0.80228163
vn -0.59689758 -0.00758055 -0.80228163
vn -0.59689758 -0.00758055 -0.80228163
vn -0.83761891 0.05661434 -0.54331333
vn -0.83761891 0.05661434 -0.54331333
vn -0.83761891 0.05661434 -0.54331333
vn -0.59193570 0.06367226 -0.80346623
vn -0.59193570 0.06367226 -0.80346623
vn -0.59193570 0.06367226 -0.80346623
vn -0.82139387 0.15482118 -0.54894673
vn -0.82139387 0.15482118 -0.54894673
vn -0.82139387 0.15482118 -0.54894673
vn -0.57769164 0.13343183 -0.80527530
vn -0.57769164 0.13343183 -0.80527530
vn -0.57769164 0.13343183 -0.80527530
vn -0.80060650 0.25121095 -0.54398739
vn -0.80060650 0.25121095 -0.54398739
vn -0.80060650 0.25121095 -0.54398739
vn -0.55553961 0.20080211 -0.80687933
vn -0.55553961 0.20080211 -0.80687933
vn -0.55553961 0.20080211 -0.80687933
vn -0.55997901 0.56841164 -0.60277004
vn -0.55997901 0.56841164 -0.60277004
vn -0.55997901 0.56841164 -0.60277004
vn -0.46473207 0.48666340 -0.73971808
vn -0.46473207 0.48666340 -0.73971808
vn -0.46473207 0.48666340 -0.73971808
vn -0.40174275 0.53331011 -0.74443475
vn -0.40174275 0.53331011 -0.74443475
vn -0.40174275 0.53331011 -0.74443475
vn -0.45534391 0.59291637 -0.66416271
vn -0.45534391 0.59291637 -0.66416271
vn -0.45534391 0.59291637 -0.66416271
vn -0.38285068 0.64582534 -0.66055657
vn -0.38285068 0.64582534 -0.66055657
vn -0.38285068 0.64582534 -0.66055657
vn -0.33312672 0.57510272 -0.74718368
vn -0.33312672 0.57510272 -0.74718368
vn -0.33312672 0.57510272 -0.74718368
vn -0.30402161 0.68933353 -0.65756380
vn -0.30402161 0.68933353 -0.65756380
vn -0.30402161 0.68933353 -0.65756380
vn -0.26048096 0.60834188 -0.74971316
vn -0.26048096 0.60834188 -0.74971316
vn -0.26048096 0.60834188 -0.74971316
vn -0.22022660 0.72341791 -0.65434453
vn -0.22022660 0.72341791 -0.65434453
vn -0.22022660 0.72341791 -0.65434453
vn -0.18484683 0.63317878 -0.75160913
vn -0.18484683 0.63317878 -0.75160913
vn -0.18484683 0.63317878 -0.75160913
vn -0.10315826 0.62547764 -0.77339259
vn -0.10315826 0.62547764 -0.77339259
vn -0.10315826 0.62547764 -0.77339259
vn -0.13554926 0.74254320 -0.65593901
vn -0.13554926 0.74254320 -0.65593901
vn -0.13554926 0.74254320 -0.65593901
vn -0.06447714 0.80962939 -0.58338919
vn -0.06447714 0.80962939 -0.58338919
vn -0.06447714 0.80962939 -0.58338919
vn -0.02563065 0.59525313 -0.80312937
vn -0.02563065 0.59525313 -0.80312937
vn -0.02563065 0.59525313 -0.80312937
vn 0.03235246 0.84176489 -0.53887401
vn 0.03235246 0.84176489 -0.53887401
vn 0.03235246 0.84176489 -0.53887401
vn 0.04613090 0.59380686 -0.80328411
vn 0.04613090 0.59380686 -0.80328411
vn 0.04613090 0.59380686 -0.80328411
vn 0.13261404 0.82508115 -0.54923092
vn 0.13261404 0.82508115 -0.54923092
vn 0.13261404 0.82508115 -0.54923092
vn 0.11699594 0.58307672 -0.80394868
vn 0.11699594 0.58307672 -0.80394868
vn 0.11699594 0.58307672 -0.80394868
vn 0.23060974 0.80456891 -0.54725498
vn 0.23060974 0.80456891 -0.54725498
vn 0.23060974 0.80456891 -0.54725498
vn 0.18593154 0.56384444 -0.80467938
vn 0.18593154 0.56384444 -0.80467938
vn 0.18593154 0.56384444 -0.80467938
vn 0.32552626 0.77224008 -0.54559867
vn 0.32552626 0.77224008 -0.54559867
vn 0.32552626 0.77224008 -0.54559867
vn 0.25204526 0.53683427 -0.80515971
vn 0.25204526 0.53683427 -0.80515971
vn 0.25204526 0.53683427 -0.80515971
vn 0.41631244 0.72927173 -0.54299788
vn 0.41631244 0.72927173 -0.54299788
vn 0.41631244 0.72927173 -0.54299788
vn 0.31439840 0.50204475 -0.80567035
vn 0.31439840 0.50204475 -0.80567035
vn 0.31439840 0.50204475 -0.80567035
vn 0.50119822 0.67523776 -0.54116016
vn 0.50119822 0.67523776 -0.54116016
vn 0.50119822 0.67523776 -0.54116016
vn 0.37194316 0.45993944 -0.80629647
vn 0.37194316 0.45993944 -0.80629647
vn 0.37194316 0.45993944 -0.80629647
vn 0.57897477 0.61117919 -0.53967417
vn 0.57897477 0.61117919 -0.53967417
vn 0.57897477 0.61117919 -0.53967417
vn 0.42412365 0.41152935 -0.80669866
vn 0.42412365 0.41152935 -0.80669866
vn 0.42412365 0.41152935 -0.80669866
vn 0.64867454 0.53838388 -0.53792577
vn 0.64867454 0.53838388 -0.53792577
vn 0.64867454 0.53838388 -0.53792577
vn 0.46965294 0.35692146 -0.80748572
vn 0.46965294 0.35692146 -0.80748572
vn 0.46965294 0.35692146 -0.80748572
vn 0.69100560 0.45076760 -0.56508392
vn 0.69100560 0.45076760 -0.56508392
vn 0.69100560 0.45076760 -0.56508392
vn 0.51607505 0.30196054 -0.80155248
vn 0.51607505 0.30196054 -0.80155248
vn 0.51607505 0.30196054 -0.80155248
vn 0.73621380 0.38164720 -0.55886910
vn 0.73621380 0.38164720 -0.55886910
vn 0.73621380 0.38164720 -0.55886910
vn 0.53945540 0.23375082 -0.80891806
vn 0.53945540 0.23375082 -0.80891806
vn 0.53945540 0.23375082 -0.80891806
vn 0.79201875 0.30109726 -0.53108073
vn 0.79201875 0.30109726 -0.53108073
vn 0.79201875 0.30109726 -0.53108073
vn 0.56432176 0.16739320 -0.80840613
vn 0.56432176 0.16739320 -0.80840613
vn 0.56432176 0.16739320 -0.80840613
vn 0.82126717 0.20402668 -0.53281643
vn 0.82126717 0.20402668 -0.53281643
vn 0.82126717 0.20402668 -0.53281643
vn 0.58084688 0.09842465 -0.80804052
vn 0.58084688 0.09842465 -0.80804052
vn 0.58084688 0.09842465 -0.80804052
vn 0.83853919 0.10426395 -0.53477197
vn 0.83853919 0.10426395 -0.53477197
vn 0.83853919 0.10426395 -0.53477197
vn 0.58919973 0.02796168 -0.80750345
vn 0.58919973 0.02796168 -0.80750345
vn 0.58919973 0.02796168 -0.80750345
vn 0.80380674 0.00817046 -0.59483440
vn 0.80380674 0.00817046 -0.59483440
vn 0.80380674 0.00817046 -0.59483440
vn 0.63513534 -0.04653598 -0.77099773
vn 0.63513534 -0.04653598 -0.77099773
vn 0.63513534 -0.04653598 -0.77099773
vn 0.73040242 -0.06331445 -0.68007616
vn 0.73040242 -0.06331445 -0.68007616
vn 0.73040242 -0.06331445 -0.68007616
vn 0.66436448 -0.13025677 -0.73597080
vn 0.66436448 -0.13025677 -0.73597080
vn 0.66436448 -0.13025677 -0.73597080
vn 0.71940729 -0.14587889 -0.67909683
vn 0.71940729 -0.14587889 -0.67909683
vn 0.71940729 -0.14587889 -0.67909683
vn 0.64706123 -0.21020703 -0.73288797
vn 0.64706123 -0.21020703 -0.73288797
vn 0.64706123 -0.21020703 -0.73288797
vn 0.69372751 -0.22972425 -0.68261916
vn 0.69372751 -0.22972425 -0.68261916
vn 0.69372751 -0.22972425 -0.68261916
vn 0.61963417 -0.28769780 -0.73026261
vn 0.61963417 -0.28769780 -0.73026261
vn 0.61963417 -0.28769780 -0.73026261
vn 0.65803185 -0.30946924 -0.68645676
vn 0.65803185 -0.30946924 -0.68645676
vn 0.65803185 -0.30946924 -0.68645676
vn 0.58294421 -0.36158775 -0.72761965
vn 0.58294421 -0.36158775 -0.72761965
vn 0.58294421 -0.36158775 -0.72761965
vn 0.61388626 -0.38440841 -0.68947359
vn 0.61388626 -0.38440841 -0.68947359
vn 0.61388626 -0.38440841 -0.68947359
vn 0.54109072 -0.42955242 -0.72298378
vn 0.54109072 -0.42955242 -0.72298378
vn 0.54109072 -0.42955242 -0.72298378
vn 0.53254486 -0.42144561 -0.73401605
vn 0.53254486 -0.42144561 -0.73401605
vn 0.53254486 -0.42144561 -0.73401605
vn 0.55180921 -0.51850026 -0.65319528
vn 0.55180921 -0.51850026 -0.65319528
vn 0.55180921 -0.51850026 -0.65319528
vn 0.45454409 -0.44301193 -0.77274194
vn 0.45454409 -0.44301193 -0.77274194
vn 0.45454409 -0.44301193 -0.77274194
vn -0.92188823 -0.38745035 0.00207652
vn -0.92188823 -0.38745035 0.00207652
vn -0.92188823 -0.38745035 0.00207652
vn 0.00000000 0.00000000 -1.00000000
vn 0.00000000 0.00000000 -1.00000000
vn 0.00000000 0.00000000 -1.00000000
vn 0.00000000 0.00000000 -1.00000000
vn 0.00000000 0.00000000 -1.00000000
vn 0.00000000 0.00000000 -1.00000000
vn 0.00000000 0.00000000 -1.00000000
vn 0.00000000 0.00000000 -1.00000000
vn 0.00000000 0.00000000 -1.00000000
vn 0.00000000 0.00000000 -1.00000000
vn -0.19292388 -0.08766054 -0.97729013
vn -0.19292388 -0.08766054 -0.97729013
vn -0.19292388 -0.08766054 -0.97729013
vn 0.00000000 0.00000000 -1.00000000
vn 0.00000000 0.00000000 -1.00000000
vn 0.00000000 0.00000000 -1.00000000
vn 0.00000000 0.00000000 -1.00000000
vn 0.00000000 0.00000000 -1.00000000
vn 0.00000000 0.00000000 -1.00000000
vn 0.00000000 0.00000000 -1.00000000
vn 0.00000000 0.00000000 -1.00000000
vn 0.00000000 0.00000000 -1.00000000
vn 0.00000000 0.00000000 -1.00000000
vn 0.00000000 0.00000000 -1.00000000
vn 0.00000000 0.00000000 -1.00000000
vn 0.00000000 0.00000000 -1.00000000
vn 0.00000000 0.00000000 -1.00000000
vn 0.00000000 0.00000000 -1.00000000
vn 0.00000000 0.00000000 -1.00000000
vn 0.00000000 0.00000000 -1.00000000
vn 0.00000000 0.00000000 -1.00000000
vn 0.00000000 0.00000000 -1.00000000
vn 0.00000000 0.00000000 -1.00000000
vn 0.00000000 0.00000000 -1.00000000
vn 0.00000000 0.00000000 -1.00000000
vn 0.00000000 0.00000000 -1.00000000
vn 0.00000000 0.00000000 -1.00000000
vn 0.00000000 0.00000000 -1.00000000
vn 0.00000000 0.00000000 -1.00000000
vn 0.00000000 0.00000000 -1.00000000
vn 0.00000000 0.00000000 -1.00000000
vn 0.00000000 0.00000000 -1.00000000
vn 0.00000000 0.00000000 -1.00000000
vn 0.00000000 0.00000000 -1.00000000
vn 0.00000000 0.00000000 -1.00000000
vn 0.00000000 0.00000000 -1.00000000
vn 0.00000000 0.00000000 -1.00000000
vn 0.00000000 0.00000000 -1.00000000
vn 0.00000000 0.00000000 -1.00000000
vn 0.00000000 0.00000000 -1.00000000
vn 0.00000000 0.00000000 -1.00000000
vn 0.00000000 0.00000000 -1.00000000
vn 0.00000000 0.00000000 -1.00000000
vn 0.36289517 -0.87653105 -0.31622841
vn 0.36284375 -0.87654946 -0.31623640
vn 0.36290155 -0.87652877 -0.31622742
vn 0.36283750 -0.87655170 -0.31623737
vn -0.36378144 0.87615322 -0.31625716
vn -0.36294688 0.87654904 -0.31611921
vn -0.36368899 0.87619712 -0.31624189
vn -0.36285451 0.87659279 -0.31610393
vn -0.00019052 -0.00006904 0.99999998
vn -0.00005362 0.00003228 1.00000000
vn -0.00022076 -0.00009142 0.99999997
vn -0.00002281 0.00005508 1.00000000
vn -0.59859722 -0.24539920 -0.76253564
vn -0.59859722 -0.24539920 -0.76253564
vn -0.59859722 -0.24539920 -0.76253564
vn 0.50024685 -0.60537853 -0.61908798
vn 0.50024685 -0.60537853 -0.61908798
vn 0.50024685 -0.60537853 -0.61908798
vn 0.41691095 -0.51838728 -0.74663237
vn 0.41691095 -0.51838728 -0.74663237
vn 0.41691095 -0.51838728 -0.74663237
vn 0.34889015 -0.56185026 -0.75006663
vn 0.34889015 -0.56185026 -0.75006663
vn 0.34889015 -0.56185026 -0.75006663
vn 0.40381099 -0.63489802 -0.65866622
vn 0.40381099 -0.63489802 -0.65866622
vn 0.40381099 -0.63489802 -0.65866622
vn 0.27700997 -0.59552959 -0.75406232
vn 0.27700997 -0.59552959 -0.75406232
vn 0.27700997 -0.59552959 -0.75406232
vn 0.32761759 -0.68270024 -0.65313636
vn 0.32761759 -0.68270024 -0.65313636
vn 0.32761759 -0.68270024 -0.65313636
vn 0.24564000 -0.72102550 -0.64790679
vn 0.24564000 -0.72102550 -0.64790679
vn 0.24564000 -0.72102550 -0.64790679
vn 0.20235615 -0.62071427 -0.75747329
vn 0.20235615 -0.62071427 -0.75747329
vn 0.20235615 -0.62071427 -0.75747329
vn 0.15933128 -0.75001122 -0.64194759
vn 0.15933128 -0.75001122 -0.64194759
vn 0.15933128 -0.75001122 -0.64194759
vn 0.12556830 -0.63634511 -0.76111596
vn 0.12556830 -0.63634511 -0.76111596
vn 0.12556830 -0.63634511 -0.76111596
vn 0.06949862 -0.76761561 -0.63713124
vn 0.06949862 -0.76761561 -0.63713124
vn 0.06949862 -0.76761561 -0.63713124
vn 0.04805599 -0.64283263 -0.76449776
vn 0.04805599 -0.64283263 -0.76449776
vn 0.04805599 -0.64283263 -0.76449776
vn -0.02231000 -0.77470576 -0.63192820
vn -0.02231000 -0.77470576 -0.63192820
vn -0.02231000 -0.77470576 -0.63192820
vn -0.02924724 -0.64037914 -0.76750189
vn -0.02924724 -0.64037914 -0.76750189
vn -0.02924724 -0.64037914 -0.76750189
vn -0.11479084 -0.77079473 -0.62665664
vn -0.11479084 -0.77079473 -0.62665664
vn -0.11479084 -0.77079473 -0.62665664
vn -0.10530460 -0.62922705 -0.77005471
vn -0.10530460 -0.62922705 -0.77005471
vn -0.10530460 -0.62922705 -0.77005471
vn -0.20675501 -0.75632801 -0.62066118
vn -0.20675501 -0.75632801 -0.62066118
vn -0.20675501 -0.75632801 -0.62066118
vn -0.17902652 -0.60849480 -0.77309998
vn -0.17902652 -0.60849480 -0.77309998
vn -0.17902652 -0.60849480 -0.77309998
vn -0.29639934 -0.72963672 -0.61626105
vn -0.29639934 -0.72963672 -0.61626105
vn -0.29639934 -0.72963672 -0.61626105
vn -0.24929020 -0.57939077 -0.77599016
vn -0.24929020 -0.57939077 -0.77599016
vn -0.24929020 -0.57939077 -0.77599016
vn -0.38286088 -0.69258006 -0.61135129
vn -0.38286088 -0.69258006 -0.61135129
vn -0.38286088 -0.69258006 -0.61135129
vn -0.31552723 -0.54273474 -0.77838394
vn -0.31552723 -0.54273474 -0.77838394
vn -0.31552723 -0.54273474 -0.77838394
vn -0.46466709 -0.64544699 -0.60620350
vn -0.46466709 -0.64544699 -0.60620350
vn -0.46466709 -0.64544699 -0.60620350
vn -0.37609359 -0.49790930 -0.78143454
vn -0.37609359 -0.49790930 -0.78143454
vn -0.37609359 -0.49790930 -0.78143454
vn -0.54000197 -0.58778174 -0.60242054
vn -0.54000197 -0.58778174 -0.60242054
vn -0.54000197 -0.58778174 -0.60242054
vn -0.43100292 -0.44704961 -0.78382595
vn -0.43100292 -0.44704961 -0.78382595
vn -0.43100292 -0.44704961 -0.78382595
vn -0.60903754 -0.52204158 -0.59711462
vn -0.60903754 -0.52204158 -0.59711462
vn -0.60903754 -0.52204158 -0.59711462
vn -0.47955394 -0.39045301 -0.78585906
vn -0.47955394 -0.39045301 -0.78585906
vn -0.47955394 -0.39045301 -0.78585906
vn -0.64880513 -0.44283939 -0.61882565
vn -0.64880513 -0.44283939 -0.61882565
vn -0.64880513 -0.44283939 -0.61882565
vn -0.92447906 -0.38123279 -0.00015473
vn -0.92444727 -0.38130983 -0.00025662
vn -0.92451713 -0.38114049 -0.00003266
vn -0.92384922 -0.38257606 0.01175497
vn -0.92405415 -0.38218971 0.00741301
vn -0.92400974 -0.38227696 0.00838644
vn -0.92364087 -0.38325856 -0.00064349
vn -0.92406089 -0.38217627 0.00726350
vn -0.92331869 -0.38402829 -0.00220890
vn -0.92315619 -0.38442129 -0.00170887
vn -0.92353616 -0.38350053 -0.00288004
vn -0.92361025 -0.38324940 -0.00799994
vn -0.92361025 -0.38324940 -0.00799994
vn -0.92361025 -0.38324940 -0.00799994
vn -0.97795888 0.20861054 0.00883551
vn -0.97795888 0.20861054 0.00883551
vn -0.97795888 0.20861054 0.00883551
vn -0.98265960 0.18521165 -0.00876133
vn -0.98265960 0.18521165 -0.00876133
vn -0.98265960 0.18521165 -0.00876133
vn -0.99607689 0.08796449 0.00964742
vn -0.99607689 0.08796449 0.00964742
vn -0.99607689 0.08796449 0.00964742
vn -0.77688287 0.62960594 0.00702594
vn -0.77688287 0.62960594 0.00702594
vn -0.77688287 0.62960594 0.00702594
vn -0.99766296 0.06796463 -0.00703081
vn -0.99766296 0.06796463 -0.00703081
vn -0.99766296 0.06796463 -0.00703081
vn -0.78941476 0.61378621 -0.00953033
vn -0.78941476 0.61378621 -0.00953033
vn -0.78941476 0.61378621 -0.00953033
vn -0.99897731 -0.04483948 0.00581036
vn -0.99897731 -0.04483948 0.00581036
vn -0.99897731 -0.04483948 0.00581036
vn -0.84544505 0.53399024 0.00877984
vn -0.84544505 0.53399024 0.00877984
vn -0.84544505 0.53399024 0.00877984
vn -0.99853342 -0.05407846 -0.00255510
vn -0.99853342 -0.05407846 -0.00255510
vn -0.99853342 -0.05407846 -0.00255510
vn -0.85794628 0.51366385 -0.00881051
vn -0.85794628 0.51366385 -0.00881051
vn -0.85794628 0.51366385 -0.00881051
vn -0.98568069 -0.16860471 0.00245653
vn -0.98568069 -0.16860471 0.00245653
vn -0.98568069 -0.16860471 0.00245653
vn -0.90230833 0.43100148 0.00879738
vn -0.90230833 0.43100148 0.00879738
vn -0.90230833 0.43100148 0.00879738
vn -0.98493804 -0.17289917 -0.00171142
vn -0.98493804 -0.17289917 -0.00171142
vn -0.98493804 -0.17289917 -0.00171142
vn -0.91234062 0.40933736 -0.00880444
vn -0.91234062 0.40933736 -0.00880444
vn -0.91234062 0.40933736 -0.00880444
vn -0.94670068 0.32199444 0.00879731
vn -0.94670068 0.32199444 0.00879731
vn -0.94670068 0.32199444 0.00879731
vn -0.95409928 0.29936240 -0.00875867
vn -0.95409928 0.29936240 -0.00875867
vn -0.95409928 0.29936240 -0.00875867
vn -0.65901392 -0.27219762 0.70114842
vn -0.65901392 -0.27219762 0.70114842
vn -0.65901392 -0.27219762 0.70114842
vn -0.51355174 -0.20734219 0.83263066
vn -0.51355174 -0.20734219 0.83263066
vn -0.51355174 -0.20734219 0.83263066
vn -0.56610051 0.07491526 0.82092504
vn -0.56610051 0.07491526 0.82092504
vn -0.56610051 0.07491526 0.82092504
vn -0.86585684 0.07690770 0.49434515
vn -0.86585684 0.07690770 0.49434515
vn -0.86585684 0.07690770 0.49434515
vn -0.46904094 0.41794752 0.77802343
vn -0.46904094 0.41794752 0.77802343
vn -0.46904094 0.41794752 0.77802343
vn -0.56592597 -0.00558603 0.82443714
vn -0.56592597 -0.00558603 0.82443714
vn -0.56592597 -0.00558603 0.82443714
vn -0.66265497 0.53813980 0.52085886
vn -0.66265497 0.53813980 0.52085886
vn -0.66265497 0.53813980 0.52085886
vn -0.82973176 -0.03773983 0.55688500
vn -0.82973176 -0.03773983 0.55688500
vn -0.82973176 -0.03773983 0.55688500
vn -0.47541240 0.33706094 0.81263336
vn -0.47541240 0.33706094 0.81263336
vn -0.47541240 0.33706094 0.81263336
vn -0.58952275 -0.08402298 0.80336982
vn -0.58952275 -0.08402298 0.80336982
vn -0.58952275 -0.08402298 0.80336982
vn -0.71753224 0.45319942 0.52892133
vn -0.71753224 0.45319942 0.52892133
vn -0.71753224 0.45319942 0.52892133
vn -0.81044231 -0.13945091 0.56897865
vn -0.81044231 -0.13945091 0.56897865
vn -0.81044231 -0.13945091 0.56897865
vn -0.51337005 0.27844958 0.81173704
vn -0.51337005 0.27844958 0.81173704
vn -0.51337005 0.27844958 0.81173704
vn -0.76493655 0.36538373 0.53044020
vn -0.76493655 0.36538373 0.53044020
vn -0.76493655 0.36538373 0.53044020
vn -0.54413955 0.21565417 0.81080542
vn -0.54413955 0.21565417 0.81080542
vn -0.54413955 0.21565417 0.81080542
vn -0.80184849 0.27271422 0.53166338
vn -0.80184849 0.27271422 0.53166338
vn -0.80184849 0.27271422 0.53166338
vn -0.56787757 0.14960721 0.80940271
vn -0.56787757 0.14960721 0.80940271
vn -0.56787757 0.14960721 0.80940271
vn -0.82654173 0.17630517 0.53455145
vn -0.82654173 0.17630517 0.53455145
vn -0.82654173 0.17630517 0.53455145
vn 0.00929721 0.00443515 -0.99994694
vn 0.00929721 0.00443515 -0.99994694
vn 0.00929721 0.00443515 -0.99994694
vn -0.00016261 -0.00009251 -0.99999998
vn -0.00016261 -0.00009251 -0.99999998
vn -0.00016261 -0.00009251 -0.99999998
vn 0.52978148 -0.54093181 -0.65324142
vn 0.52978148 -0.54093181 -0.65324142
vn 0.52978148 -0.54093181 -0.65324142
vn 0.51262038 -0.52586274 -0.67874055
vn 0.51262038 -0.52586274 -0.67874055
vn 0.51262038 -0.52586274 -0.67874055
vn 0.40490471 -0.50994199 -0.75895411
vn 0.40490471 -0.50994199 -0.75895411
vn 0.40490471 -0.50994199 -0.75895411
vn 0.48600969 -0.63809943 -0.59717979
vn 0.48600969 -0.63809943 -0.59717979
vn 0.48600969 -0.63809943 -0.59717979
vn 0.32812179 -0.52852414 -0.78294210
vn 0.32812179 -0.52852414 -0.78294210
vn 0.32812179 -0.52852414 -0.78294210
vn 0.40530063 -0.68938418 -0.60040057
vn 0.40530063 -0.68938418 -0.60040057
vn 0.40530063 -0.68938418 -0.60040057
vn 0.26299884 -0.56569306 -0.78155164
vn 0.26299884 -0.56569306 -0.78155164
vn 0.26299884 -0.56569306 -0.78155164
vn 0.31921628 -0.73075486 -0.60340558
vn 0.31921628 -0.73075486 -0.60340558
vn 0.31921628 -0.73075486 -0.60340558
vn 0.19397658 -0.59557811 -0.77952537
vn 0.19397658 -0.59557811 -0.77952537
vn 0.19397658 -0.59557811 -0.77952537
vn 0.22917409 -0.76132579 -0.60651651
vn 0.22917409 -0.76132579 -0.60651651
vn 0.22917409 -0.76132579 -0.60651651
vn 0.12149561 -0.61655034 -0.77788463
vn 0.12149561 -0.61655034 -0.77788463
vn 0.12149561 -0.61655034 -0.77788463
vn 0.13634179 -0.78062067 -0.60995269
vn 0.13634179 -0.78062067 -0.60995269
vn 0.13634179 -0.78062067 -0.60995269
vn 0.04675134 -0.62860675 -0.77631686
vn 0.04675134 -0.62860675 -0.77631686
vn 0.04675134 -0.62860675 -0.77631686
vn 0.04211037 -0.78907083 -0.61285719
vn 0.04211037 -0.78907083 -0.61285719
vn 0.04211037 -0.78907083 -0.61285719
vn -0.02917614 -0.63215176 -0.77429510
vn -0.02917614 -0.63215176 -0.77429510
vn -0.02917614 -0.63215176 -0.77429510
vn -0.04551832 -0.74398818 -0.66664058
vn -0.04551832 -0.74398818 -0.66664058
vn -0.04551832 -0.74398818 -0.66664058
vn -0.11346675 -0.69984618 -0.70522381
vn -0.11346675 -0.69984618 -0.70522381
vn -0.11346675 -0.69984618 -0.70522381
vn -0.10973016 -0.65346564 -0.74896058
vn -0.10973016 -0.65346564 -0.74896058
vn -0.10973016 -0.65346564 -0.74896058
vn -0.20537837 -0.72695517 -0.65525254
vn -0.20537837 -0.72695517 -0.65525254
vn -0.20537837 -0.72695517 -0.65525254
vn -0.18667822 -0.63329467 -0.75105866
vn -0.18667822 -0.63329467 -0.75105866
vn -0.18667822 -0.63329467 -0.75105866
vn -0.29194765 -0.70058762 -0.65110949
vn -0.29194765 -0.70058762 -0.65110949
vn -0.29194765 -0.70058762 -0.65110949
vn -0.26019141 -0.60357003 -0.75366017
vn -0.26019141 -0.60357003 -0.75366017
vn -0.26019141 -0.60357003 -0.75366017
vn -0.37473203 -0.66312432 -0.64795219
vn -0.37473203 -0.66312432 -0.64795219
vn -0.37473203 -0.66312432 -0.64795219
vn -0.32926721 -0.56543230 -0.75622049
vn -0.32926721 -0.56543230 -0.75622049
vn -0.32926721 -0.56543230 -0.75622049
vn -0.45284664 -0.61597400 -0.64459751
vn -0.45284664 -0.61597400 -0.64459751
vn -0.45284664 -0.61597400 -0.64459751
vn -0.39332568 -0.51993381 -0.75826364
vn -0.39332568 -0.51993381 -0.75826364
vn -0.39332568 -0.51993381 -0.75826364
vn -0.52524516 -0.56004308 -0.64067876
vn -0.52524516 -0.56004308 -0.64067876
vn -0.52524516 -0.56004308 -0.64067876
vn -0.45066809 -0.46667060 -0.76099726
vn -0.45066809 -0.46667060 -0.76099726
vn -0.45066809 -0.46667060 -0.76099726
vn -0.57512000 -0.49262010 -0.65311747
vn -0.57512000 -0.49262010 -0.65311747
vn -0.57512000 -0.49262010 -0.65311747
vn -0.47817835 -0.38871544 -0.78755684
vn -0.47817835 -0.38871544 -0.78755684
vn -0.47817835 -0.38871544 -0.78755684
vn -0.65463529 -0.47596688 -0.58728883
vn -0.65463529 -0.47596688 -0.58728883
vn -0.65463529 -0.47596688 -0.58728883
vn -0.52813052 -0.34298189 -0.77681502
vn -0.52813052 -0.34298189 -0.77681502
vn -0.52813052 -0.34298189 -0.77681502
vn -0.68296436 -0.38852575 -0.61855268
vn -0.68296436 -0.38852575 -0.61855268
vn -0.68296436 -0.38852575 -0.61855268
vn -0.67026335 -0.38273927 -0.63581263
vn -0.67026335 -0.38273927 -0.63581263
vn -0.67026335 -0.38273927 -0.63581263
vn -0.58499544 -0.25511552 -0.76986779
vn -0.58499544 -0.25511552 -0.76986779
vn -0.58499544 -0.25511552 -0.76986779
vn -0.72603751 -0.30290261 -0.61734880
vn -0.72603751 -0.30290261 -0.61734880
vn -0.72603751 -0.30290261 -0.61734880
vn -0.62751555 -0.17674077 -0.75827893
vn -0.62751555 -0.17674077 -0.75827893
vn -0.62751555 -0.17674077 -0.75827893
vn -0.80954831 -0.21067347 -0.54794911
vn -0.80954831 -0.21067347 -0.54794911
vn -0.80954831 -0.21067347 -0.54794911
vn -0.59942543 -0.08787154 -0.79559270
vn -0.59942543 -0.08787154 -0.79559270
vn -0.59942543 -0.08787154 -0.79559270
vn -0.72687111 -0.09514537 -0.68015126
vn -0.72687111 -0.09514537 -0.68015126
vn -0.72687111 -0.09514537 -0.68015126
vn -0.68121679 -0.00744445 -0.73204389
vn -0.68121679 -0.00744445 -0.73204389
vn -0.68121679 -0.00744445 -0.73204389
vn -0.62260870 -0.01078522 -0.78245900
vn -0.62260870 -0.01078522 -0.78245900
vn -0.62260870 -0.01078522 -0.78245900
vn -0.84751155 0.06376777 -0.52693248
vn -0.84751155 0.06376777 -0.52693248
vn -0.84751155 0.06376777 -0.52693248
vn -0.56071207 0.07490810 -0.82461552
vn -0.56071207 0.07490810 -0.82461552
vn -0.56071207 0.07490810 -0.82461552
vn -0.83063021 0.15664935 -0.53433551
vn -0.83063021 0.15664935 -0.53433551
vn -0.83063021 0.15664935 -0.53433551
vn -0.56920157 0.14993712 -0.80841106
vn -0.56920157 0.14993712 -0.80841106
vn -0.56920157 0.14993712 -0.80841106
vn -0.80478192 0.25238885 -0.53723918
vn -0.80478192 0.25238885 -0.53723918
vn -0.80478192 0.25238885 -0.53723918
vn -0.54922487 0.21766959 -0.80682835
vn -0.54922487 0.21766959 -0.80682835
vn -0.54922487 0.21766959 -0.80682835
vn -0.76677813 0.34361933 -0.54219651
vn -0.76677813 0.34361933 -0.54219651
vn -0.76677813 0.34361933 -0.54219651
vn -0.52085513 0.28250945 -0.80554227
vn -0.52085513 0.28250945 -0.80554227
vn -0.52085513 0.28250945 -0.80554227
vn -0.71820468 0.42932404 -0.54759739
vn -0.71820468 0.42932404 -0.54759739
vn -0.71820468 0.42932404 -0.54759739
vn -0.48528210 0.34405842 -0.80381906
vn -0.48528210 0.34405842 -0.80381906
vn -0.48528210 0.34405842 -0.80381906
vn -0.68218438 0.53056165 -0.50311909
vn -0.68218438 0.53056165 -0.50311909
vn -0.68218438 0.53056165 -0.50311909
vn -0.44958484 0.40061081 -0.79836361
vn -0.44958484 0.40061081 -0.79836361
vn -0.44958484 0.40061081 -0.79836361
vn -0.70271433 -0.71146519 0.00313921
vn -0.70271433 -0.71146519 0.00313921
vn -0.70271433 -0.71146519 0.00313921
vn 0.99793097 -0.06421400 -0.00321640
vn 0.99793097 -0.06421400 -0.00321640
vn 0.99793097 -0.06421400 -0.00321640
vn -0.91368270 -0.40642608 -0.00132875
vn -0.91228471 -0.40955555 -0.00092302
vn -0.91240420 -0.40928921 -0.00095758
vn -0.91378537 -0.40619509 -0.00135867
vn 0.94727968 -0.32038012 0.00421630
vn 0.94727968 -0.32038012 0.00421630
vn 0.94727968 -0.32038012 0.00421630
vn -0.99939267 -0.03481466 0.00149050
vn -0.99939267 -0.03481466 0.00149050
vn -0.99939267 -0.03481466 0.00149050
vn 0.91389618 -0.40592005 -0.00476332
vn 0.91389618 -0.40592005 -0.00476332
vn 0.91389618 -0.40592005 -0.00476332
vn -0.99793553 -0.06399332 0.00543375
vn -0.99793553 -0.06399332 0.00543375
vn -0.99793553 -0.06399332 0.00543375
vn 0.71962588 -0.69434295 0.00514470
vn 0.71962588 -0.69434295 0.00514470
vn 0.71962588 -0.69434295 0.00514470
vn 0.67327243 -0.73939189 -0.00196761
vn 0.67327243 -0.73939189 -0.00196761
vn 0.67327243 -0.73939189 -0.00196761
vn 0.42026835 -0.90739934 -0.00097800
vn 0.42026835 -0.90739934 -0.00097800
vn 0.42026835 -0.90739934 -0.00097800
vn 0.37000793 -0.92901961 0.00408571
vn 0.37000793 -0.92901961 0.00408571
vn 0.37000793 -0.92901961 0.00408571
vn 0.06400281 -0.99793782 -0.00487287
vn 0.06400281 -0.99793782 -0.00487287
vn 0.06400281 -0.99793782 -0.00487287
vn 0.01464603 -0.99989233 0.00090658
vn 0.01464603 -0.99989233 0.00090658
vn 0.01464603 -0.99989233 0.00090658
vn -0.34582475 -0.93828904 0.00434951
vn -0.34582475 -0.93828904 0.00434951
vn -0.34582475 -0.93828904 0.00434951
vn -0.39971870 -0.91663477 -0.00238131
vn -0.39971870 -0.91663477 -0.00238131
vn -0.39971870 -0.91663477 -0.00238131
vn -0.67379796 -0.73891420 -0.00145197
vn -0.67379796 -0.73891420 -0.00145197
vn -0.67379796 -0.73891420 -0.00145197
vn -0.80461181 -0.59376051 0.00694902
vn -0.80461181 -0.59376051 0.00694902
vn -0.80461181 -0.59376051 0.00694902
vn 0.99794289 -0.06410819 0.00036163
vn 0.99794289 -0.06410819 0.00036163
vn 0.99794289 -0.06410819 0.00036163
vn 0.99735719 -0.07264405 0.00121693
vn 0.99735719 -0.07264405 0.00121693
vn 0.99735719 -0.07264405 0.00121693
vn -0.91384667 -0.40599815 -0.00705442
vn -0.91384667 -0.40599815 -0.00705442
vn -0.91384667 -0.40599815 -0.00705442
vn -0.98525351 -0.17090458 0.00819363
vn -0.98525351 -0.17090458 0.00819363
vn -0.98525351 -0.17090458 0.00819363
vn 0.91367439 -0.40644477 -0.00132635
vn 0.91240343 -0.40929093 -0.00095738
vn 0.91228465 -0.40955570 -0.00092302
vn 0.91377645 -0.40621515 -0.00135609
vn -0.99794716 -0.06399305 -0.00252066
vn -0.99794716 -0.06399305 -0.00252066
vn -0.99794716 -0.06399305 -0.00252066
vn 0.69224363 -0.72165636 0.00329459
vn 0.69224363 -0.72165636 0.00329459
vn 0.69224363 -0.72165636 0.00329459
vn 0.67344861 -0.73923404 0.00000098
vn 0.67344861 -0.73923404 0.00000098
vn 0.67344861 -0.73923404 0.00000098
vn 0.42030353 -0.90737237 -0.00450874
vn 0.42030353 -0.90737237 -0.00450874
vn 0.42030353 -0.90737237 -0.00450874
vn 0.27891545 -0.96029155 0.00680555
vn 0.27891545 -0.96029155 0.00680555
vn 0.27891545 -0.96029155 0.00680555
vn 0.06375690 -0.99793902 -0.00726400
vn 0.06375690 -0.99793902 -0.00726400
vn 0.06375690 -0.99793902 -0.00726400
vn -0.12019816 -0.99271991 0.00771877
vn -0.12019816 -0.99271991 0.00771877
vn -0.12019816 -0.99271991 0.00771877
vn -0.39973984 -0.91661452 -0.00508679
vn -0.39973984 -0.91661452 -0.00508679
vn -0.39973984 -0.91661452 -0.00508679
vn -0.51946984 -0.85447426 0.00498235
vn -0.51946984 -0.85447426 0.00498235
vn -0.51946984 -0.85447426 0.00498235
vn -0.67369135 -0.73899619 -0.00495961
vn -0.67369135 -0.73899619 -0.00495961
vn -0.67369135 -0.73899619 -0.00495961
vn -0.67508194 -0.73774211 0.00097889
vn -0.67508194 -0.73774211 0.00097889
vn -0.67508194 -0.73774211 0.00097889
vn -0.87841462 -0.47789081 0.00284959
vn -0.87841462 -0.47789081 0.00284959
vn -0.87841462 -0.47789081 0.00284959
vn 0.99794715 -0.06399322 -0.00252066
vn 0.99794715 -0.06399322 -0.00252066
vn 0.99794715 -0.06399322 -0.00252066
vn 0.98525341 -0.17090516 0.00819367
vn 0.98525341 -0.17090516 0.00819367
vn 0.98525341 -0.17090516 0.00819367
vn -0.91377352 -0.40619119 -0.00516449
vn -0.91377352 -0.40619119 -0.00516449
vn -0.91377352 -0.40619119 -0.00516449
vn -0.99563641 -0.09325955 0.00328451
vn -0.99563641 -0.09325955 0.00328451
vn -0.99563641 -0.09325955 0.00328451
vn 0.91384660 -0.40599830 -0.00705437
vn 0.91384660 -0.40599830 -0.00705437
vn 0.91384660 -0.40599830 -0.00705437
vn -0.99794290 -0.06410802 0.00036163
vn -0.99794290 -0.06410802 0.00036163
vn -0.99794290 -0.06410802 0.00036163
vn 0.78313680 -0.62178130 0.00920678
vn 0.78313680 -0.62178130 0.00920678
vn 0.78313680 -0.62178130 0.00920678
vn 0.67334383 -0.73930779 -0.00566362
vn 0.67334383 -0.73930779 -0.00566362
vn 0.67334383 -0.73930779 -0.00566362
vn 0.42026765 -0.90739981 0.00082250
vn 0.42026765 -0.90739981 0.00082250
vn 0.42026765 -0.90739981 0.00082250
vn 0.35302998 -0.93556990 0.00887657
vn 0.35302998 -0.93556990 0.00887657
vn 0.35302998 -0.93556990 0.00887657
vn 0.06388854 -0.99790677 -0.01001651
vn 0.06388854 -0.99790677 -0.01001651
vn 0.06388854 -0.99790677 -0.01001651
vn -0.21341148 -0.97687643 0.01296031
vn -0.21341148 -0.97687643 0.01296031
vn -0.21341148 -0.97687643 0.01296031
vn -0.39971481 -0.91661849 -0.00621429
vn -0.39971481 -0.91661849 -0.00621429
vn -0.39971481 -0.91661849 -0.00621429
vn -0.67380231 -0.73891129 0.00074754
vn -0.67380231 -0.73891129 0.00074754
vn -0.67380231 -0.73891129 0.00074754
vn -0.80461000 -0.59376279 0.00696316
vn -0.80461000 -0.59376279 0.00696316
vn -0.80461000 -0.59376279 0.00696316
vn 0.99793552 -0.06399349 0.00543375
vn 0.99793552 -0.06399349 0.00543375
vn 0.99793552 -0.06399349 0.00543375
vn 0.99939267 -0.03481483 0.00149050
vn 0.99939267 -0.03481483 0.00149050
vn 0.99939267 -0.03481483 0.00149050
vn -0.92195450 -0.38720816 -0.00835156
vn -0.92195450 -0.38720816 -0.00835156
vn -0.92195450 -0.38720816 -0.00835156
vn -0.98617898 -0.16539203 0.00982300
vn -0.98617898 -0.16539203 0.00982300
vn -0.98617898 -0.16539203 0.00982300
vn 0.89476328 -0.44652359 0.00391945
vn 0.89476328 -0.44652359 0.00391945
vn 0.89476328 -0.44652359 0.00391945
vn 0.91378530 -0.40619525 -0.00135867
vn 0.91378530 -0.40619525 -0.00135867
vn 0.91378530 -0.40619525 -0.00135867
vn 0.67341880 -0.73923984 -0.00561955
vn 0.67341880 -0.73923984 -0.00561955
vn 0.67341880 -0.73923984 -0.00561955
vn 0.53967620 -0.84182262 0.00918054
vn 0.53967620 -0.84182262 0.00918054
vn 0.53967620 -0.84182262 0.00918054
vn 0.42031080 -0.90737645 -0.00260964
vn 0.42031080 -0.90737645 -0.00260964
vn 0.42031080 -0.90737645 -0.00260964
vn 0.06381400 -0.99796065 -0.00152029
vn 0.06381400 -0.99796065 -0.00152029
vn 0.06381400 -0.99796065 -0.00152029
vn 0.01156308 -0.99991370 0.00623577
vn 0.01156308 -0.99991370 0.00623577
vn 0.01156308 -0.99991370 0.00623577
vn -0.39968534 -0.91664076 -0.00461914
vn -0.39968534 -0.91664076 -0.00461914
vn -0.39968534 -0.91664076 -0.00461914
vn -0.50198880 -0.86485295 0.00605172
vn -0.50198880 -0.86485295 0.00605172
vn -0.50198880 -0.86485295 0.00605172
vn -0.67377917 -0.73891627 -0.00493801
vn -0.67377917 -0.73891627 -0.00493801
vn -0.67377917 -0.73891627 -0.00493801
vn -0.99984933 -0.01735413 -0.00039234
vn -0.99984933 -0.01735413 -0.00039234
vn -0.99984933 -0.01735413 -0.00039234
vn -0.99920627 -0.03982048 0.00107462
vn -0.99920627 -0.03982048 0.00107462
vn -0.99920627 -0.03982048 0.00107462
vn -0.99461248 -0.10366113 0.00062831
vn -0.99461248 -0.10366113 0.00062831
vn -0.99461248 -0.10366113 0.00062831
vn -0.99153939 -0.12980038 -0.00122887
vn -0.99153939 -0.12980038 -0.00122887
vn -0.99153939 -0.12980038 -0.00122887
vn -0.98718999 -0.15954696 0.00082741
vn -0.98718999 -0.15954696 0.00082741
vn -0.98718999 -0.15954696 0.00082741
vn -0.97768130 -0.21009049 0.00111961
vn -0.97768130 -0.21009049 0.00111961
vn -0.97768130 -0.21009049 0.00111961
vn -0.96768299 -0.25216466 -0.00161571
vn -0.96768299 -0.25216466 -0.00161571
vn -0.96768299 -0.25216466 -0.00161571
vn -0.96003779 -0.27986835 0.00107064
vn -0.96003779 -0.27986835 0.00107064
vn -0.96003779 -0.27986835 0.00107064
vn -0.94034663 -0.34021394 0.00163918
vn -0.94034663 -0.34021394 0.00163918
vn -0.94034663 -0.34021394 0.00163918
vn -0.91801088 -0.39655519 -0.00002207
vn -0.91801088 -0.39655519 -0.00002207
vn -0.91801088 -0.39655519 -0.00002207
vn -0.92310759 -0.38453969 -0.00126474
vn -0.92310759 -0.38453969 -0.00126474
vn -0.92310759 -0.38453969 -0.00126474
vn -0.89441185 -0.44724211 0.00138942
vn -0.89441185 -0.44724211 0.00138942
vn -0.89441185 -0.44724211 0.00138942
vn -0.85978103 -0.51066261 0.00052739
vn -0.85978103 -0.51066261 0.00052739
vn -0.85978103 -0.51066261 0.00052739
vn -0.86831335 -0.49601490 -0.00106502
vn -0.86831335 -0.49601490 -0.00106502
vn -0.86831335 -0.49601490 -0.00106502
vn -0.83355201 -0.55243823 0.00174790
vn -0.83355201 -0.55243823 0.00174790
vn -0.83355201 -0.55243823 0.00174790
vn -0.80881336 -0.58806540 0.00018298
vn -0.80881336 -0.58806540 0.00018298
vn -0.80881336 -0.58806540 0.00018298
vn -0.80217832 -0.59708377 0.00095205
vn -0.80217832 -0.59708377 0.00095205
vn -0.80217832 -0.59708377 0.00095205
vn -0.75943509 -0.65058248 0.00088224
vn -0.75943509 -0.65058248 0.00088224
vn -0.75943509 -0.65058248 0.00088224
vn -0.76464279 -0.64445434 0.00006732
vn -0.76464279 -0.64445434 0.00006732
vn -0.76464279 -0.64445434 0.00006732
vn -0.72510885 -0.68863153 0.00194341
vn -0.72510885 -0.68863153 0.00194341
vn -0.72510885 -0.68863153 0.00194341
vn -0.68408294 -0.72940401 -0.00056643
vn -0.68400451 -0.72947756 -0.00055620
vn -0.68247544 -0.73090844 -0.00035701
vn -0.68232088 -0.73105273 -0.00033689
vn -0.63354240 -0.77370680 0.00134810
vn -0.63354240 -0.77370680 0.00134810
vn -0.63354240 -0.77370680 0.00134810
vn -0.58524580 -0.81085593 -0.00009123
vn -0.58524580 -0.81085593 -0.00009123
vn -0.58524580 -0.81085593 -0.00009123
vn -0.59231841 -0.80570345 -0.00092528
vn -0.59231841 -0.80570345 -0.00092528
vn -0.59231841 -0.80570345 -0.00092528
vn -0.56221404 -0.82699049 0.00145432
vn -0.56221404 -0.82699049 0.00145432
vn -0.56221404 -0.82699049 0.00145432
vn -0.51734909 -0.85577372 0.00112257
vn -0.51734909 -0.85577372 0.00112257
vn -0.51734909 -0.85577372 0.00112257
vn -0.49197997 -0.87060580 -0.00111631
vn -0.49197997 -0.87060580 -0.00111631
vn -0.49197997 -0.87060580 -0.00111631
vn -0.46114791 -0.88732263 0.00107611
vn -0.46114791 -0.88732263 0.00107611
vn -0.46114791 -0.88732263 0.00107611
vn -0.40770124 -0.91311520 0.00057653
vn -0.40770124 -0.91311520 0.00057653
vn -0.40770124 -0.91311520 0.00057653
vn -0.38465566 -0.92305932 -0.00123281
vn -0.38465566 -0.92305932 -0.00123281
vn -0.38465566 -0.92305932 -0.00123281
vn -0.35537794 -0.93472229 0.00087523
vn -0.35537794 -0.93472229 0.00087523
vn -0.35537794 -0.93472229 0.00087523
vn -0.30694545 -0.95172649 0.00108412
vn -0.30694545 -0.95172649 0.00108412
vn -0.30694545 -0.95172649 0.00108412
vn -0.27187651 -0.96233129 -0.00128742
vn -0.27187651 -0.96233129 -0.00128742
vn -0.27187651 -0.96233129 -0.00128742
vn -0.23795384 -0.97127558 0.00131086
vn -0.23795384 -0.97127558 0.00131086
vn -0.23795384 -0.97127558 0.00131086
vn -0.17551872 -0.98447588 0.00064847
vn -0.17551872 -0.98447588 0.00064847
vn -0.17551872 -0.98447588 0.00064847
vn -0.16005393 -0.98710808 -0.00061228
vn -0.16005393 -0.98710808 -0.00061228
vn -0.16005393 -0.98710808 -0.00061228
vn -0.11583947 -0.99326719 0.00122331
vn -0.11583947 -0.99326719 0.00122331
vn -0.11583947 -0.99326719 0.00122331
vn -0.06106733 -0.99813358 -0.00036412
vn -0.06102522 -0.99813616 -0.00036023
vn -0.06019757 -0.99818644 -0.00028374
vn -0.06012422 -0.99819086 -0.00027697
vn 0.01233868 -0.99992292 0.00138066
vn 0.01233868 -0.99992292 0.00138066
vn 0.01233868 -0.99992292 0.00138066
vn 0.05329111 -0.99857739 -0.00180579
vn 0.05329111 -0.99857739 -0.00180579
vn 0.05329111 -0.99857739 -0.00180579
vn 0.11491274 -0.99337359 0.00199332
vn 0.11491274 -0.99337359 0.00199332
vn 0.11491274 -0.99337359 0.00199332
vn 0.17205361 -0.98508757 -0.00020956
vn 0.17220443 -0.98506122 -0.00019425
vn 0.17511568 -0.98454786 0.00010137
vn 0.17540242 -0.98449681 0.00013050
vn 0.23181649 -0.97275773 0.00187682
vn 0.23181649 -0.97275773 0.00187682
vn 0.23181649 -0.97275773 0.00187682
vn 0.26593096 -0.96399183 0.00068755
vn 0.26593096 -0.96399183 0.00068755
vn 0.26593096 -0.96399183 0.00068755
vn 0.28822692 -0.95756143 -0.00116175
vn 0.28822692 -0.95756143 -0.00116175
vn 0.28822692 -0.95756143 -0.00116175
vn 0.33051720 -0.94379882 0.00147183
vn 0.33051720 -0.94379882 0.00147183
vn 0.33051720 -0.94379882 0.00147183
vn 0.37978634 -0.92507386 0.00083346
vn 0.37978634 -0.92507386 0.00083346
vn 0.37978634 -0.92507386 0.00083346
vn 0.40030400 -0.91638212 -0.00071659
vn 0.40030400 -0.91638212 -0.00071659
vn 0.40030400 -0.91638212 -0.00071659
vn 0.43004663 -0.90280537 0.00153473
vn 0.43004663 -0.90280537 0.00153473
vn 0.43004663 -0.90280537 0.00153473
vn 0.48659202 -0.87362869 0.00105765
vn 0.48659202 -0.87362869 0.00105765
vn 0.48659202 -0.87362869 0.00105765
vn 0.50680143 -0.86206251 -0.00073658
vn 0.50680143 -0.86206251 -0.00073658
vn 0.50680143 -0.86206251 -0.00073658
vn 0.53334781 -0.84589524 0.00116585
vn 0.53334781 -0.84589524 0.00116585
vn 0.53334781 -0.84589524 0.00116585
vn 0.58679900 -0.80973245 0.00053171
vn 0.58679900 -0.80973245 0.00053171
vn 0.58679900 -0.80973245 0.00053171
vn 0.60590876 -0.79553321 -0.00121910
vn 0.60590876 -0.79553321 -0.00121910
vn 0.60590876 -0.79553321 -0.00121910
vn 0.63170333 -0.77520967 0.00092980
vn 0.63170333 -0.77520967 0.00092980
vn 0.63170333 -0.77520967 0.00092980
vn 0.67063108 -0.74179029 0.00105866
vn 0.67063108 -0.74179029 0.00105866
vn 0.67063108 -0.74179029 0.00105866
vn 0.69915947 -0.71496412 -0.00153218
vn 0.69915947 -0.71496412 -0.00153218
vn 0.69915947 -0.71496412 -0.00153218
vn 0.72206496 -0.69182405 0.00129116
vn 0.72206496 -0.69182405 0.00129116
vn 0.72206496 -0.69182405 0.00129116
vn 0.76453420 -0.64458154 0.00144429
vn 0.76453420 -0.64458154 0.00144429
vn 0.76453420 -0.64458154 0.00144429
vn 0.78968168 -0.61351551 -0.00125426
vn 0.78968168 -0.61351551 -0.00125426
vn 0.78968168 -0.61351551 -0.00125426
vn 0.80204269 -0.59726652 0.00046848
vn 0.80204269 -0.59726652 0.00046848
vn 0.80204269 -0.59726652 0.00046848
vn 0.83868536 -0.54461446 0.00139829
vn 0.83868536 -0.54461446 0.00139829
vn 0.83868536 -0.54461446 0.00139829
vn 0.85832924 -0.51309899 -0.00057914
vn 0.85832924 -0.51309899 -0.00057914
vn 0.85832924 -0.51309899 -0.00057914
vn 0.86097809 -0.50864202 -0.00015087
vn 0.86097809 -0.50864202 -0.00015087
vn 0.86097809 -0.50864202 -0.00015087
vn 0.89348670 -0.44908632 0.00173329
vn 0.89348670 -0.44908632 0.00173329
vn 0.89348670 -0.44908632 0.00173329
vn 0.91257287 -0.40891394 -0.00038963
vn 0.91257287 -0.40891394 -0.00038963
vn 0.91257287 -0.40891394 -0.00038963
vn 0.91765556 -0.39737608 0.00072061
vn 0.91765556 -0.39737608 0.00072061
vn 0.91765556 -0.39737608 0.00072061
vn 0.93991951 -0.34139120 0.00183341
vn 0.93991951 -0.34139120 0.00183341
vn 0.93991951 -0.34139120 0.00183341
vn 0.95418377 -0.29922089 -0.00044405
vn 0.95418377 -0.29922089 -0.00044405
vn 0.95418377 -0.29922089 -0.00044405
vn 0.95801557 -0.28671540 0.00066256
vn 0.95801557 -0.28671540 0.00066256
vn 0.95801557 -0.28671540 0.00066256
vn 0.96930457 -0.24585844 0.00150838
vn 0.96930457 -0.24585844 0.00150838
vn 0.96930457 -0.24585844 0.00150838
vn 0.98074362 -0.19529957 0.00019231
vn 0.98263454 -0.18555075 -0.00052337
vn 0.98091237 -0.19445029 0.00012990
vn 0.98653315 -0.16355919 0.00086200
vn 0.98653315 -0.16355919 0.00086200
vn 0.98653315 -0.16355919 0.00086200
vn 0.98269171 -0.18524771 -0.00054559
vn 0.99338007 -0.11486485 0.00145352
vn 0.99338007 -0.11486485 0.00145352
vn 0.99338007 -0.11486485 0.00145352
vn 0.99641067 -0.08464973 0.00044297
vn 0.99641067 -0.08464973 0.00044297
vn 0.99641067 -0.08464973 0.00044297
vn 0.99717496 -0.07511254 -0.00045930
vn 0.99717496 -0.07511254 -0.00045930
vn 0.99717496 -0.07511254 -0.00045930
vn 0.99996061 -0.00882899 0.00090780
vn 0.99996061 -0.00882899 0.00090780
vn 0.99996061 -0.00882899 0.00090780
vn -0.02620226 0.01725824 0.99950768
vn -0.02620226 0.01725824 0.99950768
vn -0.02620226 0.01725824 0.99950768
vn -0.01800398 0.01086678 0.99977886
vn -0.01800398 0.01086678 0.99977886
vn -0.01800398 0.01086678 0.99977886
vn 0.00166356 -0.00179902 0.99999700
vn 0.00180277 -0.00182887 0.99999670
vn 0.00237056 -0.00235271 0.99999442
vn 0.00249486 -0.00197732 0.99999493
vn 0.01712101 -0.00441485 0.99984368
vn 0.01712101 -0.00441485 0.99984368
vn 0.01712101 -0.00441485 0.99984368
vn -0.00563318 0.00434448 0.99997470
vn -0.00257316 0.00800338 0.99996466
vn -0.00257316 0.00800338 0.99996466
vn 0.00242311 -0.00239235 0.99999420
vn 0.00054112 -0.00031658 0.99999980
vn 0.56869675 0.05284584 0.82084793
vn 0.56869675 0.05284584 0.82084793
vn 0.56869675 0.05284584 0.82084793
vn 0.00466749 -0.00304750 0.99998446
vn 0.00466749 -0.00304750 0.99998446
vn 0.00466749 -0.00304750 0.99998446
vn -0.07980346 -0.02326551 0.99653907
vn -0.07980346 -0.02326551 0.99653907
vn -0.07980346 -0.02326551 0.99653907
vn -0.00774362 0.00182085 0.99996836
vn -0.00774362 0.00182085 0.99996836
vn -0.04410955 -0.01144080 0.99896119
vn -0.04410955 -0.01144080 0.99896119
vn -0.04410955 -0.01144080 0.99896119
vn -0.05856460 -0.01743541 0.99813135
vn -0.05856460 -0.01743541 0.99813135
vn -0.05856460 -0.01743541 0.99813135
vn 0.00036801 0.00061439 0.99999974
vn -0.00015894 -0.00043020 0.99999989
vn 0.00072080 0.00258266 0.99999641
vn -0.00033153 0.00036139 0.99999988
vn -0.11874495 -0.09350215 0.98851251
vn -0.11874495 -0.09350215 0.98851251
vn -0.11874495 -0.09350215 0.98851251
vn -0.00042449 -0.00049502 0.99999979
vn 0.00006862 -0.00026793 0.99999996
vn -0.00001772 -0.00016156 0.99999999
vn -0.06039669 -0.05202925 0.99681753
vn -0.06039669 -0.05202925 0.99681753
vn -0.06039669 -0.05202925 0.99681753
vn 0.11886860 0.09302890 0.98854230
vn 0.11886860 0.09302890 0.98854230
vn 0.11886860 0.09302890 0.98854230
vn 0.00045047 0.00097558 0.99999942
vn 0.03987388 0.03108222 0.99872117
vn 0.03987388 0.03108222 0.99872117
vn 0.03987388 0.03108222 0.99872117
vn -0.06275904 -0.03804421 0.99730333
vn -0.06275904 -0.03804421 0.99730333
vn -0.06275904 -0.03804421 0.99730333
vn 0.17971296 0.05818049 0.98199709
vn 0.17971296 0.05818049 0.98199709
vn 0.17971296 0.05818049 0.98199709
vn -0.00070977 0.00105566 0.99999919
vn 0.07768925 0.02995192 0.99652760
vn 0.07768925 0.02995192 0.99652760
vn 0.07768925 0.02995192 0.99652760
vn 0.00017269 -0.00042501 0.99999989
vn -0.00005894 -0.00030572 0.99999995
vn 0.26282421 0.04279793 0.96389407
vn 0.26282421 0.04279793 0.96389407
vn 0.26282421 0.04279793 0.96389407
vn -0.00198409 0.00162153 0.99999672
vn -0.00044908 -0.00021595 0.99999988
vn 0.01359301 -0.00301189 0.99990307
vn 0.01359301 -0.00301189 0.99990307
vn 0.01359301 -0.00301189 0.99990307
vn 0.00327444 -0.00202479 0.99999259
vn -0.00091162 -0.00122803 0.99999883
vn -0.00022713 -0.00025411 0.99999994
vn 0.00185592 -0.00653649 0.99997691
vn 0.00534596 -0.00734321 0.99995875
vn 0.00185592 -0.00653649 0.99997691
vn 0.01098822 -0.00864726 0.99990224
vn 0.01098822 -0.00864726 0.99990224
vn -0.00275265 0.00517702 0.99998281
vn -0.00275265 0.00517702 0.99998281
vn -0.00275265 0.00517702 0.99998281
vn -0.99990153 -0.01370094 -0.00303589
vn -0.99990153 -0.01370094 -0.00303589
vn -0.99990153 -0.01370094 -0.00303589
vn -0.99978511 -0.02072115 -0.00060595
vn -0.99978511 -0.02072115 -0.00060595
vn -0.99978511 -0.02072115 -0.00060595
vn -0.99715190 -0.07510923 0.00683340
vn -0.99715190 -0.07510923 0.00683340
vn -0.99715190 -0.07510923 0.00683340
vn -0.98454195 -0.17514822 0.00050010
vn -0.98454195 -0.17514822 0.00050010
vn -0.98454195 -0.17514822 0.00050010
vn -0.98720842 -0.15936235 -0.00481460
vn -0.98720842 -0.15936235 -0.00481460
vn -0.98720842 -0.15936235 -0.00481460
vn -0.96294263 -0.26959379 0.00779019
vn -0.96294263 -0.26959379 0.00779019
vn -0.96294263 -0.26959379 0.00779019
vn -0.93672302 -0.35004340 -0.00442768
vn -0.93672302 -0.35004340 -0.00442768
vn -0.93672302 -0.35004340 -0.00442768
vn -0.94464031 -0.32810284 0.00179115
vn -0.94464031 -0.32810284 0.00179115
vn -0.94464031 -0.32810284 0.00179115
vn -0.90807440 -0.41874690 0.00720572
vn -0.90807440 -0.41874690 0.00720572
vn -0.90807440 -0.41874690 0.00720572
vn -0.86962883 -0.49370006 -0.00243868
vn -0.86962883 -0.49370006 -0.00243868
vn -0.86962883 -0.49370006 -0.00243868
vn -0.86206031 -0.50680450 0.00110734
vn -0.86206031 -0.50680450 0.00110734
vn -0.86206031 -0.50680450 0.00110734
vn -0.83110377 -0.55608777 0.00573751
vn -0.83110377 -0.55608777 0.00573751
vn -0.83110377 -0.55608777 0.00573751
vn -0.78879169 -0.61465374 -0.00290689
vn -0.78879169 -0.61465374 -0.00290689
vn -0.78879169 -0.61465374 -0.00290689
vn -0.77061910 -0.63728830 0.00313293
vn -0.77061910 -0.63728830 0.00313293
vn -0.77061910 -0.63728830 0.00313293
vn -0.69887962 -0.71523920 0.00039239
vn -0.69887962 -0.71523920 0.00039239
vn -0.69887962 -0.71523920 0.00039239
vn -0.70765812 -0.70654309 -0.00410436
vn -0.70765812 -0.70654309 -0.00410436
vn -0.70765812 -0.70654309 -0.00410436
vn -0.63159536 -0.77521952 0.01104559
vn -0.63159536 -0.77521952 0.01104559
vn -0.63159536 -0.77521952 0.01104559
vn -0.53293324 -0.84611382 -0.00857702
vn -0.53293324 -0.84611382 -0.00857702
vn -0.53293324 -0.84611382 -0.00857702
vn -0.56373420 -0.82594901 0.00346254
vn -0.56373420 -0.82594901 0.00346254
vn -0.56373420 -0.82594901 0.00346254
vn -0.46465148 -0.88545926 0.00780431
vn -0.46465148 -0.88545926 0.00780431
vn -0.46465148 -0.88545926 0.00780431
vn -0.35828525 -0.93360668 -0.00320081
vn -0.35828525 -0.93360668 -0.00320081
vn -0.35828525 -0.93360668 -0.00320081
vn -0.38778407 -0.92173507 0.00528947
vn -0.38778407 -0.92173507 0.00528947
vn -0.38778407 -0.92173507 0.00528947
vn -0.23156847 -0.97281855 -0.00031995
vn -0.23156847 -0.97281855 -0.00031995
vn -0.23156847 -0.97281855 -0.00031995
vn -0.27902340 -0.96026600 0.00592942
vn -0.27902340 -0.96026600 0.00592942
vn -0.27902340 -0.96026600 0.00592942
vn -0.18902586 -0.98193713 0.00828889
vn -0.18902586 -0.98193713 0.00828889
vn -0.18902586 -0.98193713 0.00828889
vn -0.09141752 -0.99580224 0.00455292
vn -0.09141752 -0.99580224 0.00455292
vn -0.09141752 -0.99580224 0.00455292
vn -0.04808223 -0.99880076 -0.00922681
vn -0.04808223 -0.99880076 -0.00922681
vn -0.04808223 -0.99880076 -0.00922681
vn 0.04638065 -0.99886193 0.01112157
vn 0.04638065 -0.99886193 0.01112157
vn 0.04638065 -0.99886193 0.01112157
vn 0.13693119 -0.99056664 0.00525108
vn 0.13693119 -0.99056664 0.00525108
vn 0.13693119 -0.99056664 0.00525108
vn 0.18454263 -0.98278074 -0.00927518
vn 0.18454263 -0.98278074 -0.00927518
vn 0.18454263 -0.98278074 -0.00927518
vn 0.25035088 -0.96813182 0.00672388
vn 0.25035088 -0.96813182 0.00672388
vn 0.25035088 -0.96813182 0.00672388
vn 0.33174068 -0.94334763 0.00658539
vn 0.33174068 -0.94334763 0.00658539
vn 0.33174068 -0.94334763 0.00658539
vn 0.39172116 -0.92004289 -0.00869501
vn 0.39172116 -0.92004289 -0.00869501
vn 0.39172116 -0.92004289 -0.00869501
vn 0.43796685 -0.89897054 0.00608350
vn 0.43796685 -0.89897054 0.00608350
vn 0.43796685 -0.89897054 0.00608350
vn 0.51968447 -0.85428889 0.01088811
vn 0.51968447 -0.85428889 0.01088811
vn 0.51968447 -0.85428889 0.01088811
vn 0.58576575 -0.81047196 -0.00370093
vn 0.58576575 -0.81047196 -0.00370093
vn 0.58576575 -0.81047196 -0.00370093
vn 0.60236778 -0.79821579 0.00214676
vn 0.60236778 -0.79821579 0.00214676
vn 0.60236778 -0.79821579 0.00214676
vn 0.67841244 -0.73464889 0.00689673
vn 0.67841244 -0.73464889 0.00689673
vn 0.67841244 -0.73464889 0.00689673
vn 0.71068512 -0.70350476 -0.00277734
vn 0.71068512 -0.70350476 -0.00277734
vn 0.71068512 -0.70350476 -0.00277734
vn 0.75192384 -0.65922862 0.00530662
vn 0.75192384 -0.65922862 0.00530662
vn 0.75192384 -0.65922862 0.00530662
vn 0.80517565 -0.59303293 -0.00203125
vn 0.80517565 -0.59303293 -0.00203125
vn 0.80517565 -0.59303293 -0.00203125
vn 0.80823860 -0.58885461 -0.00077866
vn 0.80823860 -0.58885461 -0.00077866
vn 0.80823860 -0.58885461 -0.00077866
vn 0.84521144 -0.53442043 0.00352462
vn 0.84521144 -0.53442043 0.00352462
vn 0.84521144 -0.53442043 0.00352462
vn 0.87107379 -0.49114750 -0.00213961
vn 0.87107379 -0.49114750 -0.00213961
vn 0.87107379 -0.49114750 -0.00213961
vn 0.89178165 -0.45243367 0.00540913
vn 0.89178165 -0.45243367 0.00540913
vn 0.89178165 -0.45243367 0.00540913
vn 0.91400184 -0.40567429 0.00538482
vn 0.91400184 -0.40567429 0.00538482
vn 0.91400184 -0.40567429 0.00538482
vn 0.93403739 -0.35717408 -0.00091158
vn 0.93403739 -0.35717408 -0.00091158
vn 0.93403739 -0.35717408 -0.00091158
vn 0.93086549 -0.36534505 -0.00352602
vn 0.93086549 -0.36534505 -0.00352602
vn 0.93086549 -0.36534505 -0.00352602
vn 0.94791394 -0.31847887 0.00551213
vn 0.94791394 -0.31847887 0.00551213
vn 0.94791394 -0.31847887 0.00551213
vn 0.96256864 -0.27089855 0.00869447
vn 0.96256864 -0.27089855 0.00869447
vn 0.96256864 -0.27089855 0.00869447
vn 0.97539647 -0.22037893 0.00590296
vn 0.97539647 -0.22037893 0.00590296
vn 0.97539647 -0.22037893 0.00590296
vn 0.98481030 -0.17358858 -0.00395987
vn 0.98481030 -0.17358858 -0.00395987
vn 0.98481030 -0.17358858 -0.00395987
vn 0.99206454 -0.12545446 0.00831460
vn 0.99206454 -0.12545446 0.00831460
vn 0.99206454 -0.12545446 0.00831460
vn 0.00001403 0.00003395 1.00000000
vn 0.00002520 -0.00000973 1.00000000
vn -0.00000169 0.00001087 1.00000000
vn -0.00010017 0.00008140 0.99999999
vn -0.00023339 -0.00013454 0.99999996
vn -0.00009617 0.00007983 0.99999999
vn -0.00009244 0.00001628 1.00000000
vn -0.00007744 -0.00002897 1.00000000
vn -0.00013725 -0.00005958 0.99999999
vn -0.00000470 -0.00021457 0.99999998
vn 0.00000234 -0.00014898 0.99999999
vn -0.00019129 -0.00029845 0.99999994
vn -0.00000340 -0.00004821 1.00000000
vn 0.00001826 -0.00001698 1.00000000
vn -0.00000232 0.00001277 1.00000000
vn -0.00006133 0.00002501 1.00000000
vn -0.00003351 0.00007538 1.00000000
vn 0.00000291 0.00006228 1.00000000
vn 0.00001066 0.00008716 1.00000000
vn -0.00001047 0.00015534 0.99999999
vn -0.00008669 0.00001127 1.00000000
vn 0.00012096 -0.00022796 0.99999997
vn 0.00586763 -0.01439865 0.99987912
vn 0.00206041 -0.01157264 0.99993091
vn 0.00238271 -0.01181188 0.99992740
vn -0.00021672 0.00022598 0.99999995
vn -0.00022655 0.00003204 0.99999997
vn -0.00023124 0.00022048 0.99999995
vn 0.00011104 0.00008289 0.99999999
vn 0.00004994 0.00010032 0.99999999
vn -0.00003477 -0.00002651 1.00000000
vn -0.00011370 -0.00003297 0.99999999
vn -0.00010047 -0.00000359 0.99999999
vn 0.00019807 -0.00012108 0.99999997
vn 0.00014466 0.00009258 0.99999999
vn -0.00014981 0.00007739 0.99999999
vn 0.00000060 0.00000941 1.00000000
vn 0.00009019 0.00000655 1.00000000
vn 0.00004259 -0.00001176 1.00000000
vn 0.00007631 0.00001282 1.00000000
vn -0.00001955 -0.00003441 1.00000000
vn -0.00002419 0.00000589 1.00000000
vn 0.00005195 0.00019888 0.99999998
vn 0.00001399 0.00006545 1.00000000
vn 0.00011272 0.00001573 0.99999999
vn 0.00005993 0.00000185 1.00000000
vn 0.00014981 0.00007739 0.99999999
vn -0.00001066 0.00008716 1.00000000
vn 0.00001047 0.00015534 0.99999999
vn -0.00000145 0.00001046 1.00000000
vn 0.00006883 -0.00010495 0.99999999
vn -0.00011707 0.00001352 0.99999999
vn -0.00006818 0.00014037 0.99999999
vn -0.00005621 -0.00026134 0.99999996
vn -0.00008990 -0.00013402 0.99999999
vn 0.00015348 -0.00012563 0.99999998
vn 0.01703198 0.01683481 0.99971321
vn 0.01703198 0.01683481 0.99971321
vn 0.01703198 0.01683481 0.99971321
vn 0.00054856 -0.01045037 0.99994524
vn -0.00000487 0.00000909 1.00000000
vn -0.00008783 0.00002986 1.00000000
vn -0.00010733 -0.00003567 0.99999999
vn -0.00004996 -0.00001676 1.00000000
vn -0.00010407 -0.00007263 0.99999999
vn 0.00004076 0.00013615 0.99999999
vn 0.00000436 0.00001709 1.00000000
vn 0.00001099 0.00006837 1.00000000
vn -0.00003660 -0.00009334 0.99999999
vn -0.00002092 -0.00001729 1.00000000
vn -0.00001153 0.00015195 0.99999999
vn -0.00017319 0.00000684 0.99999998
vn -0.00002839 0.00007996 1.00000000
vn -0.00001338 -0.00000426 1.00000000
vn -0.00010987 0.00002252 0.99999999
vn -0.00003588 0.00002435 1.00000000
vn -0.00002092 0.00001729 1.00000000
vn -0.00003444 0.00002125 1.00000000
vn 0.00000152 0.00000851 1.00000000
vn 0.00000159 0.00000851 1.00000000
vn 0.00000950 0.00000101 1.00000000
vn -0.00015636 -0.00002904 0.99999999
vn 0.00008826 0.00001160 1.00000000
vn 0.00008336 0.00000666 1.00000000
vn -0.00002396 0.00017413 0.99999998
vn 0.00002126 0.00002596 1.00000000
vn -0.00008511 0.00001393 1.00000000
vn 0.00007799 -0.00001080 1.00000000
vn -0.00001274 -0.00013712 0.99999999
vn -0.00030599 -0.00019229 0.99999993
vn -0.00006390 0.00000382 1.00000000
vn -0.00006390 -0.00000381 1.00000000
vn -0.00005736 0.00001629 1.00000000
vn -0.00002029 -0.00000606 1.00000000
vn -0.00003115 -0.00000484 1.00000000
vn 0.00004858 0.00004287 1.00000000
vn -0.00002029 0.00000606 1.00000000
vn 0.00006883 0.00010495 0.99999999
vn -0.00007306 0.00001022 1.00000000
vn -0.00002439 -0.00001167 1.00000000
vn -0.00000862 0.00003221 1.00000000
vn -0.00002296 0.00005017 1.00000000
vn 0.00019306 -0.00000133 0.99999998
vn 0.00002909 0.00000538 1.00000000
vn 0.00006650 0.00005212 1.00000000
vn -0.00003660 0.00009334 0.99999999
vn 0.00011272 -0.00001573 0.99999999
vn -0.00000535 -0.00006394 1.00000000
vn -0.00000590 -0.00000224 1.00000000
vn -0.00008024 -0.00008975 0.99999999
vn -0.00001024 0.00000283 1.00000000
vn 0.00008363 -0.00000765 1.00000000
vn -0.00000568 0.00000682 1.00000000
vn -0.00005405 0.00011594 0.99999999
vn 0.00006999 -0.00001600 1.00000000
vn 0.00008669 -0.00001127 1.00000000
vn 0.00002206 -0.00005436 1.00000000
vn -0.00000369 -0.00000169 1.00000000
vn 0.00012157 0.00003410 0.99999999
vn -0.00017539 -0.00010586 0.99999998
vn 0.00004379 -0.00010664 0.99999999
vn -0.00010981 -0.00019672 0.99999997
vn -0.00001197 0.00000928 1.00000000
vn 0.00009450 0.00000184 1.00000000
vn -0.00033158 -0.00007095 0.99999994
vn 0.00003212 0.00012085 0.99999999
vn 0.00000256 0.00004834 1.00000000
vn -0.00002379 -0.00000870 1.00000000
vn 0.00009462 -0.00003810 0.99999999
vn 0.00004829 -0.00003716 1.00000000
vn 0.00014988 -0.00020380 0.99999997
vn -0.00000409 0.00007929 1.00000000
vn -0.00005689 -0.00008090 1.00000000
vn -0.00017787 0.00012324 0.99999998
vn -0.00006922 0.00025008 0.99999997
vn -0.00009815 0.00007459 0.99999999
vn 0.00003660 0.00009334 0.99999999
vn -0.00002206 -0.00005436 1.00000000
vn -0.00011846 0.00011052 0.99999999
vn -0.02067016 -0.00220471 0.99978392
vn -0.02067016 -0.00220471 0.99978392
vn -0.02067016 -0.00220471 0.99978392
vn -0.00010974 -0.00002284 0.99999999
vn 0.00063858 0.00685174 0.99997632
vn 0.00654748 0.00627160 0.99995890
vn 0.00136401 0.00678053 0.99997608
vn 0.00008889 0.00012053 0.99999999
vn -0.00010585 0.00003669 0.99999999
vn 0.00002126 -0.00002596 1.00000000
vn 0.00003660 -0.00009334 0.99999999
vn 0.00005810 0.00020069 0.99999998
vn 0.00011797 0.00018872 0.99999998
vn -0.00018757 0.00024578 0.99999995
vn -0.00001066 -0.00008716 1.00000000
vn 0.00860170 0.00606986 0.99994458
vn -0.00005593 -0.00000213 1.00000000
vn -0.00014986 -0.00007748 0.99999999
vn -0.00015348 -0.00012563 0.99999998
vn 0.00000798 -0.00008337 1.00000000
vn 0.00001564 -0.00009981 0.99999999
vn 0.00000436 -0.00001709 1.00000000
vn 0.00005993 -0.00000185 1.00000000
vn -0.00001492 -0.00001974 1.00000000
vn 0.00002046 -0.00018135 0.99999998
vn 0.00001047 -0.00015534 0.99999999
vn -0.00008760 -0.00003042 1.00000000
vn -0.00002419 -0.00000589 1.00000000
vn 0.00008990 -0.00013402 0.99999999
vn 0.00005621 -0.00026134 0.99999996
vn -0.00006133 -0.00002501 1.00000000
vn -0.00005757 0.00000250 1.00000000
vn 0.02338198 0.00694300 0.99970249
vn 0.02338198 0.00694300 0.99970249
vn 0.02338198 0.00694300 0.99970249
vn 0.00010873 0.00021729 0.99999997
vn 0.00008819 0.00019354 0.99999998
vn -0.00000690 0.00007408 1.00000000
vn 0.00022379 -0.00007728 0.99999997
vn -0.00001524 0.00007582 1.00000000
vn 0.00014981 -0.00007739 0.99999999
vn 0.00003467 0.00016455 0.99999999
vn -0.00023339 0.00013454 0.99999996
vn 0.00008783 -0.00002986 1.00000000
vn -0.00022656 -0.00003204 0.99999997
vn 0.00017773 -0.00023526 0.99999996
vn 0.00022655 -0.00003204 0.99999997
vn 0.00008819 -0.00019354 0.99999998
vn 0.00003349 -0.00035112 0.99999994
vn 0.00000060 -0.00000941 1.00000000
vn 0.00003349 0.00035112 0.99999994
vn -0.00007443 0.00001591 1.00000000
vn -0.00008253 0.00014354 0.99999999
vn 0.00010017 0.00008140 0.99999999
vn -0.00008819 -0.00019354 0.99999998
vn -0.00010017 -0.00008140 0.99999999
vn 0.00008253 -0.00014354 0.99999999
vn -0.00003349 -0.00035112 0.99999994
vn 0.00005775 -0.00000085 1.00000000
vn -0.00008253 -0.00014354 0.99999999
vn 0.00010017 -0.00008140 0.99999999
vn 0.00023339 0.00013454 0.99999996
vn 0.00023339 -0.00013454 0.99999996
vn 0.00006133 -0.00002501 1.00000000
vn -0.00031306 0.00012431 0.99999994
vn 0.00022656 0.00003204 0.99999997
vn 0.00000211 -0.00004844 1.00000000
vn -0.00017773 -0.00023526 0.99999996
vn 0.00006133 0.00002501 1.00000000
vn -0.00000107 0.00000190 1.00000000
vn -0.00001047 -0.00015534 0.99999999
vn -0.00001699 -0.00004832 1.00000000
vn 0.00001066 -0.00008716 1.00000000
vn -0.00000735 -0.00006600 1.00000000
vn 0.00006481 0.00001616 1.00000000
vn 0.00004638 0.00000385 1.00000000
vn 0.00008783 0.00002986 1.00000000
vn -0.02906917 -0.00401151 0.99956935
vn -0.02906917 -0.00401151 0.99956935
vn -0.02906917 -0.00401151 0.99956935
vn -0.99988693 -0.01420586 -0.00493201
vn -0.99988693 -0.01420586 -0.00493201
vn -0.99988693 -0.01420586 -0.00493201
vn -0.99811106 -0.06065847 0.00974020
vn -0.99811106 -0.06065847 0.00974020
vn -0.99811106 -0.06065847 0.00974020
vn -0.99457213 -0.10384459 -0.00652488
vn -0.99457213 -0.10384459 -0.00652488
vn -0.99457213 -0.10384459 -0.00652488
vn -0.97599831 -0.21769449 0.00603409
vn -0.97599831 -0.21769449 0.00603409
vn -0.97599831 -0.21769449 0.00603409
vn -0.97268593 -0.23210888 -0.00274738
vn -0.97268593 -0.23210888 -0.00274738
vn -0.97268593 -0.23210888 -0.00274738
vn -0.93360765 -0.35828706 0.00267196
vn -0.93360765 -0.35828706 0.00267196
vn -0.93360765 -0.35828706 0.00267196
vn -0.93042116 -0.36648312 -0.00256668
vn -0.93042116 -0.36648312 -0.00256668
vn -0.93042116 -0.36648312 -0.00256668
vn -0.87379225 -0.48629248 0.00259528
vn -0.87116343 -0.49099276 -0.00062373
vn -0.87232851 -0.48891957 0.00079774
vn -0.86967724 -0.49361485 -0.00242525
vn -0.79646315 -0.60468194 0.00249062
vn -0.79646315 -0.60468194 0.00249062
vn -0.79646315 -0.60468194 0.00249062
vn -0.79158138 -0.61105933 -0.00232650
vn -0.79158138 -0.61105933 -0.00232650
vn -0.79158138 -0.61105933 -0.00232650
vn -0.70324719 -0.71094161 0.00232751
vn -0.69982089 -0.71431814 -0.00056761
vn -0.70133452 -0.71283195 0.00070906
vn -0.69789142 -0.71620023 -0.00218980
vn -0.59592422 -0.80303764 0.00220735
vn -0.59227349 -0.80573682 -0.00053458
vn -0.59388433 -0.80455015 0.00067372
vn -0.59021941 -0.80724021 -0.00207185
vn -0.47669573 -0.87906596 0.00205620
vn -0.47669573 -0.87906596 0.00205620
vn -0.47669573 -0.87906596 0.00205620
vn -0.47087286 -0.88219893 -0.00195128
vn -0.47087286 -0.88219893 -0.00195128
vn -0.47087286 -0.88219893 -0.00195128
vn -0.34787086 -0.93754052 0.00190637
vn -0.34423016 -0.93888518 -0.00045398
vn -0.34583317 -0.93829584 0.00058472
vn -0.34218374 -0.93963138 -0.00177871
vn -0.22352152 -0.97469784 0.00150219
vn -0.22352152 -0.97469784 0.00150219
vn -0.22352152 -0.97469784 0.00150219
vn -0.20083137 -0.97958407 -0.00904471
vn -0.20083137 -0.97958407 -0.00904471
vn -0.20083137 -0.97958407 -0.00904471
vn -0.13146548 -0.99127715 0.00929755
vn -0.13146548 -0.99127715 0.00929755
vn -0.13146548 -0.99127715 0.00929755
vn -0.01524262 -0.99988294 0.00133150
vn -0.01524262 -0.99988294 0.00133150
vn -0.01524262 -0.99988294 0.00133150
vn -0.03763566 -0.99924092 -0.01005671
vn -0.03763566 -0.99924092 -0.01005671
vn -0.03763566 -0.99924092 -0.01005671
vn 0.07827936 -0.99692320 0.00405795
vn 0.07827936 -0.99692320 0.00405795
vn 0.07827936 -0.99692320 0.00405795
vn 0.10892029 -0.99400519 -0.00948918
vn 0.10892029 -0.99400519 -0.00948918
vn 0.10892029 -0.99400519 -0.00948918
vn 0.20565907 -0.97857666 0.00959464
vn 0.20565907 -0.97857666 0.00959464
vn 0.20565907 -0.97857666 0.00959464
vn 0.24761724 -0.96881180 -0.00945468
vn 0.24761724 -0.96881180 -0.00945468
vn 0.24761724 -0.96881180 -0.00945468
vn 0.34162912 -0.93978668 0.00951572
vn 0.34162912 -0.93978668 0.00951572
vn 0.34162912 -0.93978668 0.00951572
vn 0.38134598 -0.92438453 -0.00940677
vn 0.38134598 -0.92438453 -0.00940677
vn 0.38134598 -0.92438453 -0.00940677
vn 0.47080421 -0.88218697 0.00946230
vn 0.47080421 -0.88218697 0.00946230
vn 0.47080421 -0.88218697 0.00946230
vn 0.50752557 -0.86158620 -0.00932872
vn 0.50752557 -0.86158620 -0.00932872
vn 0.50752557 -0.86158620 -0.00932872
vn 0.59042854 -0.80703529 0.00939075
vn 0.59042854 -0.80703529 0.00939075
vn 0.59042854 -0.80703529 0.00939075
vn 0.62352919 -0.78174489 -0.00928878
vn 0.62352919 -0.78174489 -0.00928878
vn 0.62352919 -0.78174489 -0.00928878
vn 0.69839989 -0.71564679 0.00934127
vn 0.69839989 -0.71564679 0.00934127
vn 0.69839989 -0.71564679 0.00934127
vn 0.72731694 -0.68623955 -0.00923853
vn 0.72731694 -0.68623955 -0.00923853
vn 0.72731694 -0.68623955 -0.00923853
vn 0.79234867 -0.60999844 0.00924548
vn 0.79234867 -0.60999844 0.00924548
vn 0.79234867 -0.60999844 0.00924548
vn 0.81650059 -0.57727188 -0.00916368
vn 0.81650059 -0.57727188 -0.00916368
vn 0.81650059 -0.57727188 -0.00916368
vn 0.87047054 -0.49213422 0.00921661
vn 0.87047054 -0.49213422 0.00921661
vn 0.87047054 -0.49213422 0.00921661
vn 0.88957897 -0.45669092 -0.00909172
vn 0.88957897 -0.45669092 -0.00909172
vn 0.88957897 -0.45669092 -0.00909172
vn 0.93117872 -0.36444828 0.00914572
vn 0.93117872 -0.36444828 0.00914572
vn 0.93117872 -0.36444828 0.00914572
vn 0.94494536 -0.32710332 -0.00903772
vn 0.94494536 -0.32710332 -0.00903772
vn 0.94494536 -0.32710332 -0.00903772
vn 0.97327109 -0.22948007 0.00907035
vn 0.97327109 -0.22948007 0.00907035
vn 0.97327109 -0.22948007 0.00907035
vn 0.98154434 -0.19102356 -0.00898392
vn 0.98154434 -0.19102356 -0.00898392
vn 0.98154434 -0.19102356 -0.00898392
vn 0.99639976 -0.08418847 0.00999144
vn 0.99639976 -0.08418847 0.00999144
vn 0.99639976 -0.08418847 0.00999144
vn 0.99835565 -0.05711339 -0.00490398
vn 0.99835565 -0.05711339 -0.00490398
vn 0.99835565 -0.05711339 -0.00490398
vn -0.73323699 -0.00174208 0.67997095
vn -0.73323699 -0.00174208 0.67997095
vn -0.73323699 -0.00174208 0.67997095
vn -0.71698786 -0.01017205 0.69701143
vn -0.71698786 -0.01017205 0.69701143
vn -0.71698786 -0.01017205 0.69701143
vn -0.68622940 -0.07165012 0.72384768
vn -0.68622940 -0.07165012 0.72384768
vn -0.68622940 -0.07165012 0.72384768
vn -0.72635102 -0.11164345 0.67819609
vn -0.72635102 -0.11164345 0.67819609
vn -0.72635102 -0.11164345 0.67819609
vn -0.66187238 -0.15792969 0.73279135
vn -0.66187238 -0.15792969 0.73279135
vn -0.66187238 -0.15792969 0.73279135
vn -0.70341081 -0.21182676 0.67848556
vn -0.70341081 -0.21182676 0.67848556
vn -0.70341081 -0.21182676 0.67848556
vn -0.63313840 -0.24937598 0.73276694
vn -0.63313840 -0.24937598 0.73276694
vn -0.63313840 -0.24937598 0.73276694
vn -0.66679853 -0.30791778 0.67865040
vn -0.66679853 -0.30791778 0.67865040
vn -0.66679853 -0.30791778 0.67865040
vn -0.59196228 -0.33597696 0.73259821
vn -0.59196228 -0.33597696 0.73259821
vn -0.59196228 -0.33597696 0.73259821
vn -0.61723912 -0.39802337 0.67867022
vn -0.61723912 -0.39802337 0.67867022
vn -0.61723912 -0.39802337 0.67867022
vn -0.53900747 -0.41607307 0.73236203
vn -0.53900747 -0.41607307 0.73236203
vn -0.53900747 -0.41607307 0.73236203
vn -0.55547353 -0.48007119 0.67895568
vn -0.55547353 -0.48007119 0.67895568
vn -0.55547353 -0.48007119 0.67895568
vn -0.47527100 -0.48772538 0.73228507
vn -0.47527100 -0.48772538 0.73228507
vn -0.47527100 -0.48772538 0.73228507
vn -0.48291130 -0.55287385 0.67906346
vn -0.48291130 -0.55287385 0.67906346
vn -0.48291130 -0.55287385 0.67906346
vn -0.40212756 -0.54992121 0.73203831
vn -0.40212756 -0.54992121 0.73203831
vn -0.40212756 -0.54992121 0.73203831
vn -0.40092057 -0.61478114 0.67919574
vn -0.40092057 -0.61478114 0.67919574
vn -0.40092057 -0.61478114 0.67919574
vn -0.32091373 -0.60120149 0.73182726
vn -0.32091373 -0.60120149 0.73182726
vn -0.32091373 -0.60120149 0.73182726
vn -0.31106229 -0.66463740 0.67933598
vn -0.31106229 -0.66463740 0.67933598
vn -0.31106229 -0.66463740 0.67933598
vn -0.23328856 -0.64060686 0.73157316
vn -0.23328856 -0.64060686 0.73157316
vn -0.23328856 -0.64060686 0.73157316
vn -0.21519854 -0.70134155 0.67956575
vn -0.21519854 -0.70134155 0.67956575
vn -0.21519854 -0.70134155 0.67956575
vn -0.13631057 -0.66487454 0.73441220
vn -0.13631057 -0.66487454 0.73441220
vn -0.13631057 -0.66487454 0.73441220
vn -0.11501107 -0.72378288 0.68037549
vn -0.11501107 -0.72378288 0.68037549
vn -0.11501107 -0.72378288 0.68037549
vn -0.02595436 -0.68863381 0.72464463
vn -0.02595436 -0.68863381 0.72464463
vn -0.02595436 -0.68863381 0.72464463
vn -0.01259199 -0.71754737 0.69639587
vn -0.01259199 -0.71754737 0.69639587
vn -0.01259199 -0.71754737 0.69639587
vn 0.07600467 -0.69361766 0.71632243
vn 0.07600467 -0.69361766 0.71632243
vn 0.07600467 -0.69361766 0.71632243
vn 0.08769814 -0.71174189 0.69694513
vn 0.08769814 -0.71174189 0.69694513
vn 0.08769814 -0.71174189 0.69694513
vn 0.17295678 -0.67669995 0.71565574
vn 0.17295678 -0.67669995 0.71565574
vn 0.17295678 -0.67669995 0.71565574
vn 0.18602690 -0.69188814 0.69762797
vn 0.18602690 -0.69188814 0.69762797
vn 0.18602690 -0.69188814 0.69762797
vn 0.26658046 -0.64621775 0.71507865
vn 0.26658046 -0.64621775 0.71507865
vn 0.26658046 -0.64621775 0.71507865
vn 0.28061433 -0.65858969 0.69822290
vn 0.28061433 -0.65858969 0.69822290
vn 0.28061433 -0.65858969 0.69822290
vn 0.35515599 -0.60292036 0.71438873
vn 0.35515599 -0.60292036 0.71438873
vn 0.35515599 -0.60292036 0.71438873
vn 0.36948977 -0.61241100 0.69887773
vn 0.36948977 -0.61241100 0.69887773
vn 0.36948977 -0.61241100 0.69887773
vn 0.43674011 -0.54755953 0.71374830
vn 0.43674011 -0.54755953 0.71374830
vn 0.43674011 -0.54755953 0.71374830
vn 0.45103754 -0.55441684 0.69941912
vn 0.45103754 -0.55441684 0.69941912
vn 0.45103754 -0.55441684 0.69941912
vn 0.51000087 -0.48119706 0.71298563
vn 0.51000087 -0.48119706 0.71298563
vn 0.51000087 -0.48119706 0.71298563
vn 0.52338929 -0.48547771 0.70026784
vn 0.52338929 -0.48547771 0.70026784
vn 0.52338929 -0.48547771 0.70026784
vn 0.57297269 -0.40509588 0.71246026
vn 0.57297269 -0.40509588 0.71246026
vn 0.57297269 -0.40509588 0.71246026
vn 0.58560522 -0.40728727 0.70084492
vn 0.58560522 -0.40728727 0.70084492
vn 0.58560522 -0.40728727 0.70084492
vn 0.62497839 -0.32085061 0.71165785
vn 0.62497839 -0.32085061 0.71165785
vn 0.62497839 -0.32085061 0.71165785
vn 0.63610452 -0.32122860 0.70155772
vn 0.63610452 -0.32122860 0.70155772
vn 0.63610452 -0.32122860 0.70155772
vn 0.66453587 -0.23002628 0.71097115
vn 0.66453587 -0.23002628 0.71097115
vn 0.66453587 -0.23002628 0.71097115
vn 0.67408128 -0.22903209 0.70225261
vn 0.67408128 -0.22903209 0.70225261
vn 0.67408128 -0.22903209 0.70225261
vn 0.69102668 -0.13448438 0.71020847
vn 0.69102668 -0.13448438 0.71020847
vn 0.69102668 -0.13448438 0.71020847
vn 0.71565265 -0.12829039 0.68657327
vn 0.71565265 -0.12829039 0.68657327
vn 0.71565265 -0.12829039 0.68657327
vn 0.67958881 -0.03986389 0.73250933
vn 0.67958881 -0.03986389 0.73250933
vn 0.67958881 -0.03986389 0.73250933
vn -0.00144396 0.00046949 0.99999885
vn -0.00131280 0.00057216 0.99999897
vn -0.00171763 -0.00063208 0.99999833
vn 0.00154653 0.00047526 0.99999869
vn 0.00160410 0.00016471 0.99999870
vn 0.00114583 -0.00067095 0.99999912
vn 0.00127696 -0.00051424 0.99999905
vn -0.00132120 -0.00074866 0.99999885
vn -0.00197539 0.00021768 0.99999803
vn -0.00128507 -0.00075166 0.99999889
vn -0.00003204 0.00168174 0.99999859
vn 0.00006074 0.00162116 0.99999868
vn -0.00020176 0.00155561 0.99999877
vn -0.00047273 0.00136481 0.99999896
vn -0.00135127 -0.00052251 0.99999895
vn 0.00090744 0.00158180 0.99999834
vn 0.00069209 0.00154208 0.99999857
vn 0.00100359 0.00206386 0.99999737
vn 0.00010748 -0.00147531 0.99999891
vn 0.00016036 -0.00158146 0.99999874
vn -0.00022577 -0.00171216 0.99999851
vn 0.00174057 0.00258919 0.99999513
vn -0.00423146 0.00570970 0.99997475
vn -0.00423146 0.00570970 0.99997475
vn -0.00423146 0.00570970 0.99997475
vn -0.00141934 0.00078321 0.99999869
vn -0.00790295 0.00020256 0.99996875
vn -0.00790295 0.00020256 0.99996875
vn -0.00790295 0.00020256 0.99996875
vn -0.00050183 -0.00165390 0.99999851
vn 0.00111987 0.00301397 0.99999483
vn 0.00304506 0.00248621 0.99999227
vn -0.00156631 0.00067629 0.99999854
vn -0.00244210 -0.00019256 0.99999700
vn 0.00287960 0.00200204 0.99999385
vn 0.00077937 0.00191902 0.99999785
vn -0.00094461 0.00133941 0.99999866
vn -0.00083048 0.00142607 0.99999864
vn 0.00253153 0.00054701 0.99999665
vn -0.00291310 0.00152541 0.99999459
vn 0.00324043 0.00414414 0.99998616
vn 0.00324043 0.00414414 0.99998616
vn 0.00324043 0.00414414 0.99998616
vn -0.00012438 -0.00142804 0.99999897
vn -0.00140841 0.00075967 0.99999872
vn 0.00252431 0.00223597 0.99999431
vn -0.00103165 0.00138227 0.99999851
vn -0.00112914 0.00133872 0.99999847
vn -0.00361678 0.00429742 0.99998423
vn -0.00361678 0.00429742 0.99998423
vn -0.00361678 0.00429742 0.99998423
vn 0.00112914 -0.00133872 0.99999847
vn 0.00133320 -0.00155986 0.99999789
vn 0.00031431 -0.00306753 0.99999525
vn 0.00187622 -0.00222983 0.99999575
vn 0.00050183 0.00165390 0.99999851
vn 0.00096293 -0.00310593 0.99999471
vn 0.00244210 0.00019256 0.99999700
vn 0.00316019 0.00057914 0.99999484
vn -0.00144467 0.00198445 0.99999699
vn -0.00077937 -0.00191902 0.99999785
vn -0.00252431 -0.00223597 0.99999431
vn -0.00316019 -0.00057914 0.99999484
vn -0.00253153 -0.00054701 0.99999665
vn 0.00012438 0.00142804 0.99999897
vn 0.00203093 -0.00246459 0.99999490
vn 0.00361678 -0.00429742 0.99998423
vn 0.00361678 -0.00429742 0.99998423
vn 0.00361678 -0.00429742 0.99998423
vn -0.00287960 -0.00200204 0.99999385
vn -0.00133320 0.00155986 0.99999789
vn -0.00629572 -0.00192524 0.99997833
vn -0.00629572 -0.00192524 0.99997833
vn -0.00629572 -0.00192524 0.99997833
vn -0.00203093 0.00246459 0.99999490
vn -0.00187622 0.00222983 0.99999575
vn -0.00189925 -0.00232848 0.99999549
vn 0.00197539 -0.00021768 0.99999803
vn 0.00291310 -0.00152541 0.99999459
vn 0.00144467 -0.00198445 0.99999699
vn -0.00096293 0.00310593 0.99999471
vn 0.00135127 0.00052251 0.99999895
vn -0.00031431 0.00306753 0.99999525
vn -0.00100359 -0.00206386 0.99999737
vn -0.00304506 -0.00248621 0.99999227
vn 0.00629572 0.00192524 0.99997833
vn 0.00629572 0.00192524 0.99997833
vn 0.00629572 0.00192524 0.99997833
vn -0.00111987 -0.00301397 0.99999483
vn 0.00140841 -0.00075967 0.99999872
vn -0.00182965 -0.00008825 0.99999832
vn -0.00016036 0.00158146 0.99999874
vn 0.00423146 -0.00570970 0.99997475
vn 0.00423146 -0.00570970 0.99997475
vn 0.00423146 -0.00570970 0.99997475
vn 0.00132120 0.00074866 0.99999885
vn -0.00090744 -0.00158180 0.99999834
vn -0.00069209 -0.00154208 0.99999857
vn 0.00128507 0.00075166 0.99999889
vn 0.00083379 -0.00133559 0.99999876
vn 0.00109953 -0.00127595 0.99999858
vn 0.00128201 -0.00096897 0.99999871
vn 0.00124371 0.00095847 0.99999877
vn -0.00078832 -0.00125735 0.99999890
vn -0.00053292 -0.00149858 0.99999874
vn 0.00156631 -0.00067629 0.99999854
vn 0.00094524 -0.00112541 0.99999892
vn -0.00591354 0.00229122 0.99997989
vn -0.00591354 0.00229122 0.99997989
vn -0.00591354 0.00229122 0.99997989
vn 0.00446993 -0.01094799 0.99993008
vn 0.00446993 -0.01094799 0.99993008
vn 0.00446993 -0.01094799 0.99993008
vn -0.00101504 -0.00084137 0.99999913
vn -0.00110497 -0.00064866 0.99999918
vn 0.00101504 0.00084137 0.99999913
vn 0.00110497 0.00064866 0.99999918
vn 0.00048418 -0.00116325 0.99999921
vn -0.00213860 -0.00086483 0.99999734
vn 0.00013092 -0.00135191 0.99999908
vn -0.00124371 -0.00095847 0.99999877
vn 0.00078832 0.00125735 0.99999890
vn -0.00446993 0.01094799 0.99993008
vn -0.00446993 0.01094799 0.99993008
vn -0.00446993 0.01094799 0.99993008
vn 0.00591354 -0.00229122 0.99997989
vn 0.00591354 -0.00229122 0.99997989
vn 0.00591354 -0.00229122 0.99997989
vn 0.00053292 0.00149858 0.99999874
vn 0.72487468 -0.05293011 0.68684430
vn 0.72487468 -0.05293011 0.68684430
vn 0.72487468 -0.05293011 0.68684430
vn 0.67848268 -0.11996673 0.72475460
vn 0.67848268 -0.11996673 0.72475460
vn 0.67848268 -0.11996673 0.72475460
vn 0.70510341 -0.15776769 0.69133100
vn 0.70510341 -0.15776769 0.69133100
vn 0.70510341 -0.15776769 0.69133100
vn 0.65143826 -0.24760392 0.71716141
vn 0.65143826 -0.24760392 0.71716141
vn 0.65143826 -0.24760392 0.71716141
vn 0.65664521 -0.25709842 0.70902572
vn 0.65664521 -0.25709842 0.70902572
vn 0.65664521 -0.25709842 0.70902572
vn 0.61885814 -0.35022055 0.70310751
vn 0.61885814 -0.35022055 0.70310751
vn 0.61885814 -0.35022055 0.70310751
vn 0.62196845 -0.36088377 0.69492312
vn 0.62196845 -0.36088377 0.69492312
vn 0.62196845 -0.36088377 0.69492312
vn 0.55633371 -0.40821893 0.72377490
vn 0.55633371 -0.40821893 0.72377490
vn 0.55633371 -0.40821893 0.72377490
vn 0.55462943 -0.46930777 0.68712184
vn 0.55462943 -0.46930777 0.68712184
vn 0.55462943 -0.46930777 0.68712184
vn 0.49174746 -0.48735956 0.72157127
vn 0.49174746 -0.48735956 0.72157127
vn 0.49174746 -0.48735956 0.72157127
vn 0.47453724 -0.54460928 0.69153101
vn 0.47453724 -0.54460928 0.69153101
vn 0.47453724 -0.54460928 0.69153101
vn 0.39889796 -0.55638523 0.72891418
vn 0.39889796 -0.55638523 0.72891418
vn 0.39889796 -0.55638523 0.72891418
vn 0.39205501 -0.59808736 0.69898811
vn 0.39205501 -0.59808736 0.69898811
vn 0.39205501 -0.59808736 0.69898811
vn 0.30002538 -0.64486572 0.70294593
vn 0.30002538 -0.64486572 0.70294593
vn 0.30002538 -0.64486572 0.70294593
vn 0.26739589 -0.62660096 0.73203188
vn 0.26739589 -0.62660096 0.73203188
vn 0.26739589 -0.62660096 0.73203188
vn 0.18741900 -0.70513343 0.68385741
vn 0.18741900 -0.70513343 0.68385741
vn 0.18741900 -0.70513343 0.68385741
vn 0.12706450 -0.66637332 0.73471165
vn 0.12706450 -0.66637332 0.73471165
vn 0.12706450 -0.66637332 0.73471165
vn 0.06805507 -0.73020298 0.67983241
vn 0.06805507 -0.73020298 0.67983241
vn 0.06805507 -0.73020298 0.67983241
vn -0.03271777 -0.67807887 0.73426058
vn -0.03271777 -0.67807887 0.73426058
vn -0.03271777 -0.67807887 0.73426058
vn -0.06666071 -0.71524079 0.69569171
vn -0.06666071 -0.71524079 0.69569171
vn -0.06666071 -0.71524079 0.69569171
vn -0.18627319 -0.70082203 0.68858607
vn -0.18627319 -0.70082203 0.68858607
vn -0.18627319 -0.70082203 0.68858607
vn -0.16454355 -0.68756843 0.70723057
vn -0.16454355 -0.68756843 0.70723057
vn -0.16454355 -0.68756843 0.70723057
vn -0.24774833 -0.64135521 0.72614342
vn -0.24774833 -0.64135521 0.72614342
vn -0.24774833 -0.64135521 0.72614342
vn -0.30619948 -0.65813741 0.68782049
vn -0.30619948 -0.65813741 0.68782049
vn -0.30619948 -0.65813741 0.68782049
vn -0.36431338 -0.57726863 0.73077814
vn -0.36431338 -0.57726863 0.73077814
vn -0.36431338 -0.57726863 0.73077814
vn -0.38304452 -0.58434146 0.71541733
vn -0.38304452 -0.58434146 0.71541733
vn -0.38304452 -0.58434146 0.71541733
vn -0.47562316 -0.54585537 0.68980035
vn -0.47562316 -0.54585537 0.68980035
vn -0.47562316 -0.54585537 0.68980035
vn -0.48060670 -0.49526940 0.72368876
vn -0.48060670 -0.49526940 0.72368876
vn -0.48060670 -0.49526940 0.72368876
vn -0.54828704 -0.42832209 0.71827676
vn -0.54828704 -0.42832209 0.71827676
vn -0.54828704 -0.42832209 0.71827676
vn -0.55050910 -0.46582143 0.69278432
vn -0.55050910 -0.46582143 0.69278432
vn -0.55050910 -0.46582143 0.69278432
vn -0.61588637 -0.34933372 0.70615149
vn -0.61588637 -0.34933372 0.70615149
vn -0.61588637 -0.34933372 0.70615149
vn -0.61966653 -0.35954786 0.69766663
vn -0.61966653 -0.35954786 0.69766663
vn -0.61966653 -0.35954786 0.69766663
vn -0.65018338 -0.24137946 0.72041483
vn -0.65018338 -0.24137946 0.72041483
vn -0.65018338 -0.24137946 0.72041483
vn -0.65885908 -0.25796509 0.70665318
vn -0.65885908 -0.25796509 0.70665318
vn -0.65885908 -0.25796509 0.70665318
vn -0.70662283 -0.15810760 0.68970006
vn -0.70662283 -0.15810760 0.68970006
vn -0.70662283 -0.15810760 0.68970006
vn -0.68319726 -0.12251536 0.71988297
vn -0.68319726 -0.12251536 0.71988297
vn -0.68319726 -0.12251536 0.71988297
vn -0.71955460 -0.05254179 0.69244533
vn -0.71955460 -0.05254179 0.69244533
vn -0.71955460 -0.05254179 0.69244533
vn -0.68851277 -0.00921378 0.72516569
vn -0.68851277 -0.00921378 0.72516569
vn -0.68851277 -0.00921378 0.72516569
vn -0.74380557 -0.04393386 0.66695059
vn -0.74380557 -0.04393386 0.66695059
vn -0.74380557 -0.04393386 0.66695059
vn -0.66223274 -0.10604592 0.74175607
vn -0.66223274 -0.10604592 0.74175607
vn -0.66223274 -0.10604592 0.74175607
vn -0.71950059 -0.16119094 0.67552675
vn -0.71950059 -0.16119094 0.67552675
vn -0.71950059 -0.16119094 0.67552675
vn -0.64835510 -0.20767304 0.73246678
vn -0.64835510 -0.20767304 0.73246678
vn -0.64835510 -0.20767304 0.73246678
vn -0.68535708 -0.26299688 0.67905693
vn -0.68535708 -0.26299688 0.67905693
vn -0.68535708 -0.26299688 0.67905693
vn -0.61238368 -0.29845725 0.73205840
vn -0.61238368 -0.29845725 0.73205840
vn -0.61238368 -0.29845725 0.73205840
vn -0.64115262 -0.35680057 0.67942378
vn -0.64115262 -0.35680057 0.67942378
vn -0.64115262 -0.35680057 0.67942378
vn -0.56362845 -0.38318900 0.73177125
vn -0.56362845 -0.38318900 0.73177125
vn -0.56362845 -0.38318900 0.73177125
vn -0.58399732 -0.44336460 0.67998159
vn -0.58399732 -0.44336460 0.67998159
vn -0.58399732 -0.44336460 0.67998159
vn -0.50336078 -0.46007012 0.73141193
vn -0.50336078 -0.46007012 0.73141193
vn -0.50336078 -0.46007012 0.73141193
vn -0.51534726 -0.52098582 0.68043440
vn -0.51534726 -0.52098582 0.68043440
vn -0.51534726 -0.52098582 0.68043440
vn -0.43263607 -0.52769643 0.73100103
vn -0.43263607 -0.52769643 0.73100103
vn -0.43263607 -0.52769643 0.73100103
vn -0.43636791 -0.58802755 0.68103351
vn -0.43636791 -0.58802755 0.68103351
vn -0.43636791 -0.58802755 0.68103351
vn -0.35289661 -0.58453290 0.73060610
vn -0.35289661 -0.58453290 0.73060610
vn -0.35289661 -0.58453290 0.73060610
vn -0.34873509 -0.64309607 0.68177069
vn -0.34873509 -0.64309607 0.68177069
vn -0.34873509 -0.64309607 0.68177069
vn -0.26589493 -0.62939729 0.73017734
vn -0.26589493 -0.62939729 0.73017734
vn -0.26589493 -0.62939729 0.73017734
vn -0.25431446 -0.68539835 0.68231463
vn -0.25431446 -0.68539835 0.68231463
vn -0.25431446 -0.68539835 0.68231463
vn -0.17326659 -0.66163120 0.72953605
vn -0.17326659 -0.66163120 0.72953605
vn -0.17326659 -0.66163120 0.72953605
vn -0.16026463 -0.69935632 0.69657446
vn -0.16026463 -0.69935632 0.69657446
vn -0.16026463 -0.69935632 0.69657446
vn -0.09258186 -0.70457338 0.70356588
vn -0.09258186 -0.70457338 0.70356588
vn -0.09258186 -0.70457338 0.70356588
vn -0.07610088 -0.68304717 0.72639880
vn -0.07610088 -0.68304717 0.72639880
vn -0.07610088 -0.68304717 0.72639880
vn -0.01175848 -0.72661712 0.68694199
vn -0.01175848 -0.72661712 0.68694199
vn -0.01175848 -0.72661712 0.68694199
vn 0.03481788 -0.67630323 0.73580001
vn 0.03481788 -0.67630323 0.73580001
vn 0.03481788 -0.67630323 0.73580001
vn 0.05545934 -0.70826028 0.70376959
vn 0.05545934 -0.70826028 0.70376959
vn 0.05545934 -0.70826028 0.70376959
vn 0.14975521 -0.71270459 0.68529231
vn 0.14975521 -0.71270459 0.68529231
vn 0.14975521 -0.71270459 0.68529231
vn 0.16354806 -0.65612936 0.73671317
vn 0.16354806 -0.65612936 0.73671317
vn 0.16354806 -0.65612936 0.73671317
vn 0.25038363 -0.68883406 0.68030557
vn 0.25038363 -0.68883406 0.68030557
vn 0.25038363 -0.68883406 0.68030557
vn 0.26529521 -0.62797799 0.73161609
vn 0.26529521 -0.62797799 0.73161609
vn 0.26529521 -0.62797799 0.73161609
vn 0.34526898 -0.64697976 0.67985772
vn 0.34526898 -0.64697976 0.67985772
vn 0.34526898 -0.64697976 0.67985772
vn 0.35218771 -0.58335891 0.73188537
vn 0.35218771 -0.58335891 0.73188537
vn 0.35218771 -0.58335891 0.73188537
vn 0.43328473 -0.59227159 0.67932224
vn 0.43328473 -0.59227159 0.67932224
vn 0.43328473 -0.59227159 0.67932224
vn 0.43175009 -0.52661579 0.73230299
vn 0.43175009 -0.52661579 0.73230299
vn 0.43175009 -0.52661579 0.73230299
vn 0.51272567 -0.52538737 0.67902909
vn 0.51272567 -0.52538737 0.67902909
vn 0.51272567 -0.52538737 0.67902909
vn 0.50239103 -0.45918441 0.73263424
vn 0.50239103 -0.45918441 0.73263424
vn 0.50239103 -0.45918441 0.73263424
vn 0.58186952 -0.44795872 0.67879367
vn 0.58186952 -0.44795872 0.67879367
vn 0.58186952 -0.44795872 0.67879367
vn 0.56262758 -0.38250662 0.73289760
vn 0.56262758 -0.38250662 0.73289760
vn 0.56262758 -0.38250662 0.73289760
vn 0.63951723 -0.36156113 0.67844769
vn 0.63951723 -0.36156113 0.67844769
vn 0.63951723 -0.36156113 0.67844769
vn 0.61136539 -0.29795135 0.73311483
vn 0.61136539 -0.29795135 0.73311483
vn 0.61136539 -0.29795135 0.73311483
vn 0.68426538 -0.26781039 0.67827611
vn 0.68426538 -0.26781039 0.67827611
vn 0.68426538 -0.26781039 0.67827611
vn 0.64747358 -0.20739945 0.73332356
vn 0.64747358 -0.20739945 0.73332356
vn 0.64747358 -0.20739945 0.73332356
vn 0.71536191 -0.16866966 0.67809136
vn 0.71536191 -0.16866966 0.67809136
vn 0.71536191 -0.16866966 0.67809136
vn 0.67025976 -0.11254222 0.73354353
vn 0.67025976 -0.11254222 0.73354353
vn 0.67025976 -0.11254222 0.73354353
vn 0.73837343 -0.06093521 0.67163351
vn 0.73837343 -0.06093521 0.67163351
vn 0.73837343 -0.06093521 0.67163351
vn 0.67224463 -0.01038108 0.74025630
vn 0.67224463 -0.01038108 0.74025630
vn 0.67224463 -0.01038108 0.74025630
vn -0.60634275 -0.14122407 0.78256261
vn -0.60506660 -0.14137824 0.78352192
vn -0.61071164 -0.14069209 0.77925415
vn -0.87454620 -0.20648341 0.43878645
vn -0.87454620 -0.20648341 0.43878645
vn -0.87454620 -0.20648341 0.43878645
vn -0.66402077 -0.11775124 0.73838409
vn -0.66402077 -0.11775124 0.73838409
vn -0.66402077 -0.11775124 0.73838409
vn -0.91027008 -0.16141879 0.38125103
vn -0.91027008 -0.16141879 0.38125103
vn -0.91027008 -0.16141879 0.38125103
vn -0.77067926 -0.04978683 0.63527533
vn -0.77067926 -0.04978683 0.63527533
vn -0.77067926 -0.04978683 0.63527533
vn 0.77561280 -0.17149004 0.60746683
vn 0.77561280 -0.17149004 0.60746683
vn 0.77561280 -0.17149004 0.60746683
vn 0.75997294 -0.21388144 0.61375553
vn 0.75997294 -0.21388144 0.61375553
vn 0.75997294 -0.21388144 0.61375553
vn 0.74852554 -0.25148862 0.61356580
vn 0.74852554 -0.25148862 0.61356580
vn 0.74852554 -0.25148862 0.61356580
vn 0.73490400 -0.28843431 0.61377663
vn 0.73490400 -0.28843431 0.61377663
vn 0.73490400 -0.28843431 0.61377663
vn 0.71900612 -0.33240472 0.61035833
vn 0.71900612 -0.33240472 0.61035833
vn 0.71900612 -0.33240472 0.61035833
vn 0.79533170 -0.42861106 0.42864910
vn 0.79533170 -0.42861106 0.42864910
vn 0.79533170 -0.42861106 0.42864910
vn 0.76425079 -0.43896098 0.47247645
vn 0.76425079 -0.43896098 0.47247645
vn 0.76425079 -0.43896098 0.47247645
vn 0.80090631 -0.50633070 0.31965340
vn 0.80090631 -0.50633070 0.31965340
vn 0.80090631 -0.50633070 0.31965340
vn 0.72330182 -0.52688606 0.44634691
vn 0.72330182 -0.52688606 0.44634691
vn 0.72330182 -0.52688606 0.44634691
vn 0.74672292 -0.53566274 0.39429722
vn 0.74672292 -0.53566274 0.39429722
vn 0.74672292 -0.53566274 0.39429722
vn 0.64862598 -0.46430655 0.60307857
vn 0.64862598 -0.46430655 0.60307857
vn 0.64862598 -0.46430655 0.60307857
vn 0.68549138 -0.60170095 0.40994821
vn 0.68549138 -0.60170095 0.40994821
vn 0.68549138 -0.60170095 0.40994821
vn 0.69645335 -0.60665470 0.38330511
vn 0.69645335 -0.60665470 0.38330511
vn 0.69645335 -0.60665470 0.38330511
vn -0.44899812 -0.37711290 0.81005343
vn -0.44899812 -0.37711290 0.81005343
vn -0.44899812 -0.37711290 0.81005343
vn -0.71368078 -0.59123378 0.37563594
vn -0.71368078 -0.59123378 0.37563594
vn -0.71368078 -0.59123378 0.37563594
vn -0.46990085 -0.35437241 0.80846360
vn -0.46990085 -0.35437241 0.80846360
vn -0.46990085 -0.35437241 0.80846360
vn -0.71294377 -0.52422820 0.46572093
vn -0.71294377 -0.52422820 0.46572093
vn -0.71294377 -0.52422820 0.46572093
vn -0.59380047 -0.28237697 0.75343497
vn -0.59380047 -0.28237697 0.75343497
vn -0.59380047 -0.28237697 0.75343497
vn -0.49761389 -0.22224425 0.83844374
vn -0.49761389 -0.22224425 0.83844374
vn -0.49761389 -0.22224425 0.83844374
vn -0.34392896 -0.16459437 0.92445744
vn -0.34392896 -0.16459437 0.92445744
vn -0.34392896 -0.16459437 0.92445744
vn -0.54971622 -0.19447082 0.81239964
vn -0.54971622 -0.19447082 0.81239964
vn -0.54971622 -0.19447082 0.81239964
vn -0.58781966 -0.16921786 0.79109631
vn -0.58781966 -0.16921786 0.79109631
vn -0.58781966 -0.16921786 0.79109631
vn -0.61296813 -0.14041476 0.77753056
vn -0.40468060 -0.05888951 0.91255994
vn -0.40468060 -0.05888951 0.91255994
vn -0.40468060 -0.05888951 0.91255994
vn -0.60814817 -0.11964438 0.78475539
vn -0.60814817 -0.11964438 0.78475539
vn -0.60814817 -0.11964438 0.78475539
vn 0.77240707 -0.00720952 0.63508688
vn 0.77240707 -0.00720952 0.63508688
vn 0.77240707 -0.00720952 0.63508688
vn 0.76197449 -0.15464887 0.62887090
vn 0.76197449 -0.15464887 0.62887090
vn 0.76197449 -0.15464887 0.62887090
vn 0.14000011 -0.01001336 0.99010085
vn 0.14000011 -0.01001336 0.99010085
vn 0.14000011 -0.01001336 0.99010085
vn 0.41692074 -0.08259444 0.90518244
vn 0.41692074 -0.08259444 0.90518244
vn 0.41692074 -0.08259444 0.90518244
vn 0.35318468 -0.04643521 0.93440053
vn 0.35318468 -0.04643521 0.93440053
vn 0.35318468 -0.04643521 0.93440053
vn 0.72813967 -0.07099932 0.68174168
vn 0.72813967 -0.07099932 0.68174168
vn 0.72813967 -0.07099932 0.68174168
vn 0.80383837 -0.09992084 0.58639551
vn 0.80383837 -0.09992084 0.58639551
vn 0.80383837 -0.09992084 0.58639551
vn 0.74961983 -0.18861297 0.63442514
vn 0.74961983 -0.18861297 0.63442514
vn 0.74961983 -0.18861297 0.63442514
vn 0.39099692 -0.09847179 0.91510913
vn 0.39099692 -0.09847179 0.91510913
vn 0.39099692 -0.09847179 0.91510913
vn 0.34150525 -0.09649440 0.93491336
vn 0.34150525 -0.09649440 0.93491336
vn 0.34150525 -0.09649440 0.93491336
vn 0.73943350 -0.22594344 0.63418267
vn 0.73943350 -0.22594344 0.63418267
vn 0.73943350 -0.22594344 0.63418267
vn 0.37151442 -0.11356939 0.92145484
vn 0.37151442 -0.11356939 0.92145484
vn 0.37151442 -0.11356939 0.92145484
vn 0.72707516 -0.26274911 0.63429064
vn 0.72707516 -0.26274911 0.63429064
vn 0.72707516 -0.26274911 0.63429064
vn 0.38272454 -0.13849738 0.91342236
vn 0.38272454 -0.13849738 0.91342236
vn 0.38272454 -0.13849738 0.91342236
vn 0.33302047 -0.13863909 0.93267174
vn 0.33302047 -0.13863909 0.93267174
vn 0.33302047 -0.13863909 0.93267174
vn 0.70747132 -0.30111100 0.63938760
vn 0.70747132 -0.30111100 0.63938760
vn 0.70747132 -0.30111100 0.63938760
vn 0.31439063 -0.12746253 0.94069753
vn 0.31439063 -0.12746253 0.94069753
vn 0.31439063 -0.12746253 0.94069753
vn 0.28908873 -0.16938715 0.94219727
vn 0.28908873 -0.16938715 0.94219727
vn 0.28908873 -0.16938715 0.94219727
vn 0.18543776 -0.21478903 0.95889442
vn 0.18543776 -0.21478903 0.95889442
vn 0.18543776 -0.21478903 0.95889442
vn 0.30224100 -0.32991895 0.89431754
vn 0.30224100 -0.32991895 0.89431754
vn 0.30224100 -0.32991895 0.89431754
vn 0.60412723 -0.35383219 0.71402595
vn 0.60412723 -0.35383219 0.71402595
vn 0.60412723 -0.35383219 0.71402595
vn 0.46100925 -0.51659486 0.72152631
vn 0.46100925 -0.51659486 0.72152631
vn 0.46100925 -0.51659486 0.72152631
vn 0.46967402 -0.52283200 0.71137404
vn 0.46967402 -0.52283200 0.71137404
vn 0.46967402 -0.52283200 0.71137404
vn 0.64098597 -0.67158230 0.37163718
vn 0.64098597 -0.67158230 0.37163718
vn 0.64098597 -0.67158230 0.37163718
vn 0.48780213 -0.64651159 0.58657638
vn 0.48780213 -0.64651159 0.58657638
vn 0.48780213 -0.64651159 0.58657638
vn 0.29727587 -0.47881201 0.82605454
vn 0.29727587 -0.47881201 0.82605454
vn 0.29727587 -0.47881201 0.82605454
vn 0.38722892 -0.62364126 0.67906211
vn 0.38722892 -0.62364126 0.67906211
vn 0.38722892 -0.62364126 0.67906211
vn 0.36489927 -0.59989807 0.71201884
vn 0.36489927 -0.59989807 0.71201884
vn 0.36489927 -0.59989807 0.71201884
vn 0.12506514 -0.24766938 0.96073856
vn 0.12506514 -0.24766938 0.96073856
vn 0.12506514 -0.24766938 0.96073856
vn 0.18441101 -0.41049218 0.89302226
vn 0.18441101 -0.41049218 0.89302226
vn 0.18441101 -0.41049218 0.89302226
vn 0.31897818 -0.68731732 0.65257017
vn 0.31897818 -0.68731732 0.65257017
vn 0.31897818 -0.68731732 0.65257017
vn 0.32724876 -0.71919556 0.61291597
vn 0.32724876 -0.71919556 0.61291597
vn 0.32724876 -0.71919556 0.61291597
vn -0.70857391 -0.58205997 0.39891003
vn -0.70857391 -0.58205997 0.39891003
vn -0.70857391 -0.58205997 0.39891003
vn 0.30419021 -0.81412032 0.49464778
vn 0.30419021 -0.81412032 0.49464778
vn 0.30419021 -0.81412032 0.49464778
vn -0.77198995 -0.52743954 0.35473800
vn -0.77198995 -0.52743954 0.35473800
vn -0.77198995 -0.52743954 0.35473800
vn -0.72767625 -0.44345287 0.52329422
vn -0.72767625 -0.44345287 0.52329422
vn -0.72767625 -0.44345287 0.52329422
vn -0.61641780 -0.38620689 0.68620211
vn -0.61641780 -0.38620689 0.68620211
vn -0.61641780 -0.38620689 0.68620211
vn 0.10033792 -0.38192636 0.91872986
vn 0.10033792 -0.38192636 0.91872986
vn 0.10033792 -0.38192636 0.91872986
vn 0.11384811 -0.45885307 0.88118810
vn 0.11384811 -0.45885307 0.88118810
vn 0.11384811 -0.45885307 0.88118810
vn 0.18817416 -0.70564396 0.68312304
vn 0.18817416 -0.70564396 0.68312304
vn 0.18817416 -0.70564396 0.68312304
vn 0.19438859 -0.82362333 0.53278296
vn 0.19438859 -0.82362333 0.53278296
vn 0.19438859 -0.82362333 0.53278296
vn 0.07138043 -0.56559424 0.82158870
vn 0.07138043 -0.56559424 0.82158870
vn 0.07138043 -0.56559424 0.82158870
vn 0.07442298 -0.68950531 0.72044684
vn 0.07442298 -0.68950531 0.72044684
vn 0.07442298 -0.68950531 0.72044684
vn -0.85394260 -0.39919567 0.33380361
vn -0.85394260 -0.39919567 0.33380361
vn -0.85394260 -0.39919567 0.33380361
vn 0.13519869 -0.85102268 0.50742656
vn 0.13519869 -0.85102268 0.50742656
vn 0.13519869 -0.85102268 0.50742656
vn 0.00029135 -0.10468350 0.99450555
vn 0.00029135 -0.10468350 0.99450555
vn 0.00029135 -0.10468350 0.99450555
vn 0.03389418 -0.77292400 0.63359267
vn 0.03389418 -0.77292400 0.63359267
vn 0.03389418 -0.77292400 0.63359267
vn 0.02270596 -0.85163106 0.52364967
vn 0.02270596 -0.85163106 0.52364967
vn 0.02270596 -0.85163106 0.52364967
vn -0.60509369 -0.18734609 0.77379782
vn -0.60509369 -0.18734609 0.77379782
vn -0.60509369 -0.18734609 0.77379782
vn -0.79566255 -0.25374695 0.55003054
vn -0.79566255 -0.25374695 0.55003054
vn -0.79566255 -0.25374695 0.55003054
vn -0.89890022 -0.23481545 0.36991905
vn -0.89890022 -0.23481545 0.36991905
vn -0.89890022 -0.23481545 0.36991905
vn -0.03086600 -0.47946687 0.87701699
vn -0.03086600 -0.47946687 0.87701699
vn -0.03086600 -0.47946687 0.87701699
vn -0.07818343 -0.68359799 0.72565911
vn -0.07818343 -0.68359799 0.72565911
vn -0.07818343 -0.68359799 0.72565911
vn -0.06215006 -0.85927053 0.50773175
vn -0.06215006 -0.85927053 0.50773175
vn -0.06215006 -0.85927053 0.50773175
vn -0.90211973 -0.16384970 0.39916571
vn -0.90211973 -0.16384970 0.39916571
vn -0.90211973 -0.16384970 0.39916571
vn -0.13978941 -0.67832050 0.72134611
vn -0.13978941 -0.67832050 0.72134611
vn -0.13978941 -0.67832050 0.72134611
vn -0.13477193 -0.70010299 0.70120777
vn -0.13477193 -0.70010299 0.70120777
vn -0.13477193 -0.70010299 0.70120777
vn -0.22842017 -0.73652572 0.63667424
vn -0.22842017 -0.73652572 0.63667424
vn -0.22842017 -0.73652572 0.63667424
vn -0.24259834 -0.76299559 0.59915255
vn -0.24259834 -0.76299559 0.59915255
vn -0.24259834 -0.76299559 0.59915255
vn -0.03224764 -0.09123857 0.99530679
vn -0.03224764 -0.09123857 0.99530679
vn -0.03224764 -0.09123857 0.99530679
vn -0.10623394 -0.25575172 0.96088782
vn -0.10623394 -0.25575172 0.96088782
vn -0.10623394 -0.25575172 0.96088782
vn -0.32235375 -0.80876299 0.49192528
vn -0.32235375 -0.80876299 0.49192528
vn -0.32235375 -0.80876299 0.49192528
vn -0.27893704 -0.53107398 0.80009659
vn -0.27893704 -0.53107398 0.80009659
vn -0.27893704 -0.53107398 0.80009659
vn -0.32554861 -0.61981871 0.71403282
vn -0.32554861 -0.61981871 0.71403282
vn -0.32554861 -0.61981871 0.71403282
vn -0.38930989 -0.69870863 0.60020335
vn -0.38930989 -0.69870863 0.60020335
vn -0.38930989 -0.69870863 0.60020335
vn 0.72977153 -0.32558542 0.60118853
vn 0.72977153 -0.32558542 0.60118853
vn 0.72977153 -0.32558542 0.60118853
vn 0.44920923 -0.24481353 0.85923070
vn 0.44920923 -0.24481353 0.85923070
vn 0.44920923 -0.24481353 0.85923070
vn -0.18526845 -0.26137616 0.94728987
vn -0.18526845 -0.26137616 0.94728987
vn -0.18526845 -0.26137616 0.94728987
vn -0.47721950 -0.72858760 0.49134679
vn -0.47721950 -0.72858760 0.49134679
vn -0.47721950 -0.72858760 0.49134679
vn 0.46373874 -0.23899381 0.85312856
vn 0.46373874 -0.23899381 0.85312856
vn 0.46373874 -0.23899381 0.85312856
vn 0.58217101 -0.35483430 0.73155282
vn 0.58217101 -0.35483430 0.73155282
vn 0.58217101 -0.35483430 0.73155282
vn 0.41386279 -0.27844248 0.86671067
vn 0.41395184 -0.27824036 0.86673305
vn 0.41422346 -0.27762353 0.86680107
vn -0.35296246 -0.43683669 0.82740027
vn -0.35296246 -0.43683669 0.82740027
vn -0.35296246 -0.43683669 0.82740027
vn -0.44960151 -0.56769165 0.68962648
vn -0.44960151 -0.56769165 0.68962648
vn -0.44960151 -0.56769165 0.68962648
vn -0.55208008 -0.65016854 0.52200426
vn -0.55208008 -0.65016854 0.52200426
vn -0.55208008 -0.65016854 0.52200426
vn 0.55597609 -0.41505114 0.72015494
vn 0.55597609 -0.41505114 0.72015494
vn 0.55597609 -0.41505114 0.72015494
vn 0.41359708 -0.27904517 0.86664367
vn -0.34470575 -0.32101103 0.88211669
vn -0.34470575 -0.32101103 0.88211669
vn -0.34470575 -0.32101103 0.88211669
vn -0.40570182 -0.41182785 0.81596805
vn -0.40570182 -0.41182785 0.81596805
vn -0.40570182 -0.41182785 0.81596805
vn -0.62151805 -0.62752468 0.46896492
vn -0.62151805 -0.62752468 0.46896492
vn -0.62151805 -0.62752468 0.46896492
vn -0.60932819 -0.60070687 0.51756199
vn -0.60932819 -0.60070687 0.51756199
vn -0.60932819 -0.60070687 0.51756199
vn 0.37672976 -0.33370005 0.86412902
vn 0.37672976 -0.33370005 0.86412902
vn 0.37672976 -0.33370005 0.86412902
vn 0.50942573 -0.43196569 0.74423858
vn 0.50942573 -0.43196569 0.74423858
vn 0.50942573 -0.43196569 0.74423858
vn 0.56085142 -0.49295250 0.66516428
vn 0.56085142 -0.49295250 0.66516428
vn 0.56085142 -0.49295250 0.66516428
vn -0.45378016 -0.38602051 0.80316358
vn -0.45378016 -0.38602051 0.80316358
vn -0.45378016 -0.38602051 0.80316358
vn -0.30199926 -0.20778549 0.93038790
vn -0.30199926 -0.20778549 0.93038790
vn -0.30199926 -0.20778549 0.93038790
vn -0.57242665 -0.40706410 0.71177703
vn -0.57242665 -0.40706410 0.71177703
vn -0.57242665 -0.40706410 0.71177703
vn -0.39804608 -0.03508299 0.91669433
vn -0.39804608 -0.03508299 0.91669433
vn -0.39804608 -0.03508299 0.91669433
vn -0.33157947 -0.19601698 0.92283932
vn -0.33157947 -0.19601698 0.92283932
vn -0.33157947 -0.19601698 0.92283932
vn -0.31725243 -0.18987853 0.92913779
vn -0.31725243 -0.18987853 0.92913779
vn -0.31725243 -0.18987853 0.92913779
vn -0.53988619 -0.31976104 0.77863713
vn -0.53988619 -0.31976104 0.77863713
vn -0.53988619 -0.31976104 0.77863713
vn -0.66923659 -0.03423861 0.74226013
vn -0.66923659 -0.03423861 0.74226013
vn -0.66923659 -0.03423861 0.74226013
vn -0.77464096 -0.07349030 0.62811668
vn -0.77464096 -0.07349030 0.62811668
vn -0.77464096 -0.07349030 0.62811668
vn -0.76769588 -0.44185634 0.46411854
vn -0.76769588 -0.44185634 0.46411854
vn -0.76769588 -0.44185634 0.46411854
vn -0.63338443 -0.32967263 0.70010008
vn -0.63338443 -0.32967263 0.70010008
vn -0.63338443 -0.32967263 0.70010008
vn -0.76276562 -0.41093443 0.49932104
vn -0.76276562 -0.41093443 0.49932104
vn -0.76276562 -0.41093443 0.49932104
vn -0.79694226 -0.34836430 0.49348288
vn -0.79694226 -0.34836430 0.49348288
vn -0.79694226 -0.34836430 0.49348288
vn -0.55930450 -0.20809087 0.80241926
vn -0.55930450 -0.20809087 0.80241926
vn -0.55930450 -0.20809087 0.80241926
vn -0.78118643 -0.30508956 0.54467249
vn -0.78118643 -0.30508956 0.54467249
vn -0.78118643 -0.30508956 0.54467249
vn -0.83018885 -0.29206893 0.47484968
vn -0.83018885 -0.29206893 0.47484968
vn -0.83018885 -0.29206893 0.47484968
vn 0.20465782 -0.15940447 0.96576674
vn 0.20465782 -0.15940447 0.96576674
vn 0.20465782 -0.15940447 0.96576674
vn -0.17967658 -0.33784565 0.92389212
vn -0.17967658 -0.33784565 0.92389212
vn -0.17967658 -0.33784565 0.92389212
vn -0.34548124 -0.17596648 0.92178008
vn -0.34537492 -0.17663609 0.92169184
vn -0.34535105 -0.17678627 0.92167199
vn -0.26421520 -0.28346958 0.92186513
vn -0.26421520 -0.28346958 0.92186513
vn -0.26421520 -0.28346958 0.92186513
vn 0.24098674 -0.29851975 0.92347786
vn 0.24098674 -0.29851975 0.92347786
vn 0.24098674 -0.29851975 0.92347786
vn -0.03692424 -0.38777108 0.92101585
vn -0.03692424 -0.38777108 0.92101585
vn -0.03692424 -0.38777108 0.92101585
vn 0.35459489 -0.14859268 0.92313741
vn 0.35459489 -0.14859268 0.92313741
vn 0.35459489 -0.14859268 0.92313741
vn 0.31221277 -0.22444967 0.92311729
vn 0.31221277 -0.22444967 0.92311729
vn 0.31221277 -0.22444967 0.92311729
vn 0.38381119 -0.03127643 0.92288177
vn 0.38381119 -0.03127643 0.92288177
vn 0.38381119 -0.03127643 0.92288177
vn 0.13317025 -0.36588170 0.92108429
vn 0.13317025 -0.36588170 0.92108429
vn 0.13317025 -0.36588170 0.92108429
vn 0.09110679 -0.37680074 0.92180299
vn 0.09110679 -0.37680074 0.92180299
vn 0.09110679 -0.37680074 0.92180299
vn -0.34549611 -0.17587276 0.92179239
vn 0.16407846 -0.32488942 0.93141029
vn 0.16407846 -0.32488942 0.93141029
vn 0.16407846 -0.32488942 0.93141029
vn -0.38618586 -0.02221881 0.92215335
vn -0.38618586 -0.02221881 0.92215335
vn -0.38618586 -0.02221881 0.92215335
vn -0.04040461 -0.38519877 0.92194869
vn -0.04040461 -0.38519877 0.92194869
vn -0.04040461 -0.38519877 0.92194869
vn -0.19937224 -0.33373658 0.92134174
vn -0.19937224 -0.33373658 0.92134174
vn -0.19937224 -0.33373658 0.92134174
vn -0.46944175 -0.88295262 0.00437166
vn -0.46944175 -0.88295262 0.00437166
vn -0.46944175 -0.88295262 0.00437166
vn -0.57457128 -0.81844352 -0.00424864
vn -0.57457128 -0.81844352 -0.00424864
vn -0.57457128 -0.81844352 -0.00424864
vn -0.68346468 -0.72997314 0.00390539
vn -0.68346468 -0.72997314 0.00390539
vn -0.68346468 -0.72997314 0.00390539
vn 0.99722265 -0.07418353 0.00661694
vn 0.99722265 -0.07418353 0.00661694
vn 0.99722265 -0.07418353 0.00661694
vn -0.81279677 -0.58252694 -0.00487592
vn -0.81279677 -0.58252694 -0.00487592
vn -0.81279677 -0.58252694 -0.00487592
vn 0.96655530 -0.25638196 -0.00625639
vn 0.96655530 -0.25638196 -0.00625639
vn 0.96655530 -0.25638196 -0.00625639
vn -0.89049060 -0.45493854 0.00757752
vn -0.89049060 -0.45493854 0.00757752
vn -0.89049060 -0.45493854 0.00757752
vn 0.92669047 -0.37581116 0.00327724
vn 0.92669047 -0.37581116 0.00327724
vn 0.92669047 -0.37581116 0.00327724
vn -0.96009919 -0.27958280 -0.00655709
vn -0.96009919 -0.27958280 -0.00655709
vn -0.96009919 -0.27958280 -0.00655709
vn 0.80188854 -0.59747134 -0.00166638
vn 0.80188854 -0.59747134 -0.00166638
vn 0.80188854 -0.59747134 -0.00166638
vn 0.80745150 -0.58992717 -0.00282930
vn 0.80745150 -0.58992717 -0.00282930
vn 0.80745150 -0.58992717 -0.00282930
vn -0.99852635 -0.05388553 0.00644050
vn -0.99852635 -0.05388553 0.00644050
vn -0.99852635 -0.05388553 0.00644050
vn 0.63405874 -0.77327047 0.00472230
vn 0.63405874 -0.77327047 0.00472230
vn 0.63405874 -0.77327047 0.00472230
vn 0.50509554 -0.86304671 -0.00537301
vn 0.50509554 -0.86304671 -0.00537301
vn 0.50509554 -0.86304671 -0.00537301
vn 0.45319483 -0.89141031 0.00144850
vn 0.45319483 -0.89141031 0.00144850
vn 0.45319483 -0.89141031 0.00144850
vn 0.06866605 -0.99746973 0.01841506
vn 0.06866605 -0.99746973 0.01841506
vn 0.06866605 -0.99746973 0.01841506
vn 0.24478318 -0.96957734 0.00098723
vn 0.24478318 -0.96957734 0.00098723
vn 0.24478318 -0.96957734 0.00098723
vn 0.04913401 -0.99879213 -0.00035557
vn 0.04913401 -0.99879213 -0.00035557
vn 0.04913401 -0.99879213 -0.00035557
vn -0.09828889 -0.99508875 0.01173307
vn -0.09828889 -0.99508875 0.01173307
vn -0.09828889 -0.99508875 0.01173307
vn -0.31103648 -0.95038808 -0.00433614
vn -0.31103648 -0.95038808 -0.00433614
vn -0.31103648 -0.95038808 -0.00433614
vn -0.35080701 -0.49970427 0.79197859
vn -0.35080701 -0.49970427 0.79197859
vn -0.35080701 -0.49970427 0.79197859
vn -0.60827071 -0.70295506 0.36859318
vn -0.60827071 -0.70295506 0.36859318
vn -0.60827071 -0.70295506 0.36859318
vn -0.44468282 -0.31870171 0.83707014
vn -0.44468282 -0.31870171 0.83707014
vn -0.44468282 -0.31870171 0.83707014
vn 0.75100559 -0.20143012 0.62882153
vn 0.75100559 -0.20143012 0.62882153
vn 0.75100559 -0.20143012 0.62882153
vn 0.91984773 -0.21084879 0.33079138
vn 0.91984773 -0.21084879 0.33079138
vn 0.91984773 -0.21084879 0.33079138
vn -0.82707889 -0.37601171 0.41779864
vn -0.82707889 -0.37601171 0.41779864
vn -0.82707889 -0.37601171 0.41779864
vn -0.55213454 -0.15811956 0.81862425
vn -0.55213454 -0.15811956 0.81862425
vn -0.55213454 -0.15811956 0.81862425
vn 0.48815323 -0.35634264 0.79669715
vn 0.48815323 -0.35634264 0.79669715
vn 0.48815323 -0.35634264 0.79669715
vn -0.92138197 -0.03106360 0.38741491
vn -0.92138197 -0.03106360 0.38741491
vn -0.92138197 -0.03106360 0.38741491
vn 0.69028181 -0.59728948 0.40835806
vn 0.69028181 -0.59728948 0.40835806
vn 0.69028181 -0.59728948 0.40835806
vn 0.21295791 -0.45481443 0.86475012
vn 0.21295791 -0.45481443 0.86475012
vn 0.21295791 -0.45481443 0.86475012
vn 0.05505139 -0.99656176 -0.06191932
vn 0.05505139 -0.99656176 -0.06191932
vn 0.05505139 -0.99656176 -0.06191932
vn -0.19982956 -0.75284554 0.62712976
vn -0.19982956 -0.75284554 0.62712976
vn -0.19982956 -0.75284554 0.62712976
vn -0.15054230 -0.28763786 0.94583375
vn -0.15054230 -0.28763786 0.94583375
vn -0.15054230 -0.28763786 0.94583375
vn -0.14689573 -0.28281947 0.94785800
vn -0.14689573 -0.28281947 0.94785800
vn -0.14689573 -0.28281947 0.94785800
vn -0.27264197 -0.86005611 0.43124220
vn -0.27264197 -0.86005611 0.43124220
vn -0.27264197 -0.86005611 0.43124220
vn -0.27458741 -0.85376384 0.44236756
vn -0.27458741 -0.85376384 0.44236756
vn -0.27458741 -0.85376384 0.44236756
vn -0.47938569 -0.82063821 0.31103421
vn -0.47938569 -0.82063821 0.31103421
vn -0.47938569 -0.82063821 0.31103421
vn -0.31798497 -0.06763423 0.94568027
vn -0.31792788 -0.06955072 0.94556045
vn -0.31792788 -0.06955072 0.94556045
vn -0.32252869 -0.07292650 0.94374624
vn -0.32252869 -0.07292650 0.94374624
vn -0.32252869 -0.07292650 0.94374624
vn -0.47313053 -0.75770346 0.44948077
vn -0.47313053 -0.75770346 0.44948077
vn -0.47313053 -0.75770346 0.44948077
vn -0.56264202 -0.11510602 0.81864801
vn -0.56264202 -0.11510602 0.81864801
vn -0.56264202 -0.11510602 0.81864801
vn -0.40957211 -0.70859774 0.57457804
vn -0.40957211 -0.70859774 0.57457804
vn -0.40957211 -0.70859774 0.57457804
vn -0.30240368 -0.84466626 0.44169098
vn -0.30426866 -0.84611091 0.43762645
vn -0.30285900 -0.84502021 0.44070089
vn -0.30490924 -0.84660400 0.43622473
vn -0.32486784 -0.05636500 0.94407832
vn -0.32486784 -0.05636500 0.94407832
vn -0.32486784 -0.05636500 0.94407832
vn -0.31580841 -0.52142596 0.79270424
vn -0.31580841 -0.52142596 0.79270424
vn -0.31580841 -0.52142596 0.79270424
vn -0.33870479 -0.84129429 0.42131102
vn -0.33870479 -0.84129429 0.42131102
vn -0.33870479 -0.84129429 0.42131102
vn -0.57152051 -0.08302866 0.81637647
vn -0.57152051 -0.08302866 0.81637647
vn -0.57152051 -0.08302866 0.81637647
vn -0.53427690 -0.77279893 0.34253468
vn -0.53427690 -0.77279893 0.34253468
vn -0.53427690 -0.77279893 0.34253468
vn -0.49031113 -0.74602718 0.45059787
vn -0.49031113 -0.74602718 0.45059787
vn -0.49031113 -0.74602718 0.45059787
vn -0.47249581 -0.67810762 0.56295450
vn -0.47249581 -0.67810762 0.56295450
vn -0.47249581 -0.67810762 0.56295450
vn -0.32369178 -0.03710075 0.94543491
vn -0.32350302 -0.03715457 0.94549740
vn -0.32461533 -0.03683735 0.94512851
vn -0.57169303 -0.06233410 0.81809629
vn -0.57169303 -0.06233410 0.81809629
vn -0.57169303 -0.06233410 0.81809629
vn -0.37468324 -0.53782306 0.75522104
vn -0.37468324 -0.53782306 0.75522104
vn -0.37468324 -0.53782306 0.75522104
vn -0.31836597 -0.48664250 0.81352455
vn -0.31836597 -0.48664250 0.81352455
vn -0.31836597 -0.48664250 0.81352455
vn -0.37364312 -0.82430923 0.42532942
vn -0.37364312 -0.82430923 0.42532942
vn -0.37364312 -0.82430923 0.42532942
vn -0.24235229 -0.35256367 0.90386074
vn -0.24235229 -0.35256367 0.90386074
vn -0.24235229 -0.35256367 0.90386074
vn -0.40653310 -0.88850919 0.21279628
vn -0.40653310 -0.88850919 0.21279628
vn -0.40653310 -0.88850919 0.21279628
vn -0.17491394 -0.26520010 0.94819514
vn -0.17491394 -0.26520010 0.94819514
vn -0.17491394 -0.26520010 0.94819514
vn -0.02877870 -0.04750935 0.99845613
vn -0.02877870 -0.04750935 0.99845613
vn -0.02877870 -0.04750935 0.99845613
vn -0.12281725 -0.17831659 0.97627820
vn -0.12281725 -0.17831659 0.97627820
vn -0.12281725 -0.17831659 0.97627820
vn 0.92973378 -0.12252252 0.34725110
vn 0.92973378 -0.12252252 0.34725110
vn 0.92973378 -0.12252252 0.34725110
vn 0.93870350 -0.15243282 0.30919244
vn 0.93870350 -0.15243282 0.30919244
vn 0.93870350 -0.15243282 0.30919244
vn 0.91845676 -0.17236632 0.35598740
vn 0.91845676 -0.17236632 0.35598740
vn 0.91845676 -0.17236632 0.35598740
vn 0.21400573 -0.25729255 0.94233863
vn 0.21252394 -0.25680001 0.94280821
vn 0.20844584 -0.25544191 0.94408673
vn 0.20828920 -0.26521950 0.94142139
vn 0.20828920 -0.26521950 0.94142139
vn 0.20828920 -0.26521950 0.94142139
vn -0.26249954 -0.32639816 0.90805189
vn -0.26249954 -0.32639816 0.90805189
vn -0.26249954 -0.32639816 0.90805189
vn 0.18341089 -0.26561632 0.94647156
vn 0.18341089 -0.26561632 0.94647156
vn 0.18341089 -0.26561632 0.94647156
vn -0.19064399 -0.22919844 0.95452760
vn -0.19064399 -0.22919844 0.95452760
vn -0.19064399 -0.22919844 0.95452760
vn 0.36025304 -0.86999337 0.33664414
vn 0.36025304 -0.86999337 0.33664414
vn 0.36025304 -0.86999337 0.33664414
vn 0.35706501 -0.87960564 0.31432229
vn 0.35706501 -0.87960564 0.31432229
vn 0.35706501 -0.87960564 0.31432229
vn 0.30993484 -0.88149418 0.35624206
vn 0.30993484 -0.88149418 0.35624206
vn 0.30993484 -0.88149418 0.35624206
vn 0.32251089 -0.93630516 0.13899417
vn 0.32251089 -0.93630516 0.13899417
vn 0.32251089 -0.93630516 0.13899417
vn -0.30393493 -0.32580704 0.89525043
vn -0.30393493 -0.32580704 0.89525043
vn -0.30393493 -0.32580704 0.89525043
vn -0.11582450 -0.31409520 0.94229979
vn -0.11582450 -0.31409520 0.94229979
vn -0.11582450 -0.31409520 0.94229979
vn -0.19400711 -0.21887453 0.95627150
vn -0.19400711 -0.21887453 0.95627150
vn -0.19400711 -0.21887453 0.95627150
vn -0.14549400 -0.15341296 0.97739243
vn -0.14549400 -0.15341296 0.97739243
vn -0.14549400 -0.15341296 0.97739243
vn -0.12556131 -0.31305736 0.94139760
vn -0.12556131 -0.31305736 0.94139760
vn -0.12556131 -0.31305736 0.94139760
vn -0.13831557 -0.29166308 0.94646788
vn -0.13831557 -0.29166308 0.94646788
vn -0.13831557 -0.29166308 0.94646788
vn -0.56807849 -0.74038630 0.35932570
vn -0.56807849 -0.74038630 0.35932570
vn -0.56807849 -0.74038630 0.35932570
vn -0.62719652 -0.76595697 0.14118940
vn -0.62719652 -0.76595697 0.14118940
vn -0.62719652 -0.76595697 0.14118940
vn -0.60779070 -0.70818856 0.35924841
vn -0.60779070 -0.70818856 0.35924841
vn -0.60779070 -0.70818856 0.35924841
vn -0.67141324 -0.72713785 0.14309021
vn -0.67141324 -0.72713785 0.14309021
vn -0.67141324 -0.72713785 0.14309021
vn -0.67877937 -0.65998627 0.32198864
vn -0.67877937 -0.65998627 0.32198864
vn -0.67877937 -0.65998627 0.32198864
vn -0.66453572 -0.62120988 0.41531984
vn -0.66453572 -0.62120988 0.41531984
vn -0.66453572 -0.62120988 0.41531984
vn -0.86784865 -0.18773001 0.45999583
vn -0.86784865 -0.18773001 0.45999583
vn -0.86784865 -0.18773001 0.45999583
vn -0.59183264 -0.57247195 0.56745924
vn -0.59183264 -0.57247195 0.56745924
vn -0.59183264 -0.57247195 0.56745924
vn -0.31828087 -0.05697663 0.94628270
vn -0.31828087 -0.05697663 0.94628270
vn -0.33394009 -0.04648541 0.94144736
vn -0.33394009 -0.04648541 0.94144736
vn -0.33394009 -0.04648541 0.94144736
vn -0.53376370 -0.49529229 0.68540635
vn -0.53376370 -0.49529229 0.68540635
vn -0.53376370 -0.49529229 0.68540635
vn -0.32488535 -0.03676032 0.94503872
vn -0.46580232 -0.44138479 0.76694698
vn -0.46580232 -0.44138479 0.76694698
vn -0.46580232 -0.44138479 0.76694698
vn -0.88923990 -0.16177289 0.42788074
vn -0.88923990 -0.16177289 0.42788074
vn -0.88923990 -0.16177289 0.42788074
vn -0.88390954 -0.16320254 0.43825661
vn -0.88390954 -0.16320254 0.43825661
vn -0.88390954 -0.16320254 0.43825661
vn -0.40841554 -0.37825668 0.83073379
vn -0.40841554 -0.37825668 0.83073379
vn -0.40841554 -0.37825668 0.83073379
vn 0.97454873 -0.02848509 0.22235867
vn 0.97454873 -0.02848509 0.22235867
vn 0.97454873 -0.02848509 0.22235867
vn -0.31407215 -0.30048565 0.90059262
vn -0.31407215 -0.30048565 0.90059262
vn -0.31407215 -0.30048565 0.90059262
vn 0.90990896 -0.00297712 0.41479732
vn 0.90990896 -0.00297712 0.41479732
vn 0.90990896 -0.00297712 0.41479732
vn -0.23810526 -0.21860707 0.94631751
vn -0.23810526 -0.21860707 0.94631751
vn -0.23810526 -0.21860707 0.94631751
vn -0.89784997 -0.12717505 0.42153521
vn -0.89784997 -0.12717505 0.42153521
vn -0.89784997 -0.12717505 0.42153521
vn -0.14276216 -0.13864324 0.97999848
vn -0.14276216 -0.13864324 0.97999848
vn -0.14276216 -0.13864324 0.97999848
vn 0.66576032 -0.03918298 0.74513616
vn 0.66576032 -0.03918298 0.74513616
vn 0.66576032 -0.03918298 0.74513616
vn 0.97326966 -0.06367363 0.22066228
vn 0.97326966 -0.06367363 0.22066228
vn 0.97326966 -0.06367363 0.22066228
vn 0.49014886 -0.02277155 0.87134124
vn 0.49014886 -0.02277155 0.87134124
vn 0.49014886 -0.02277155 0.87134124
vn -0.69808754 -0.58623970 0.41109220
vn -0.69808754 -0.58623970 0.41109220
vn -0.69808754 -0.58623970 0.41109220
vn -0.69518282 -0.58585105 0.41653258
vn -0.69518282 -0.58585105 0.41653258
vn -0.69518282 -0.58585105 0.41653258
vn -0.90084701 -0.08857549 0.42500476
vn -0.90084701 -0.08857549 0.42500476
vn -0.90084701 -0.08857549 0.42500476
vn 0.93744388 -0.08070480 0.33865278
vn 0.93744388 -0.08070480 0.33865278
vn 0.93744388 -0.08070480 0.33865278
vn 0.44248472 -0.02770257 0.89634806
vn 0.44248472 -0.02770257 0.89634806
vn 0.44248472 -0.02770257 0.89634806
vn -0.97266793 -0.09217297 0.21312260
vn -0.97266793 -0.09217297 0.21312260
vn -0.97266793 -0.09217297 0.21312260
vn 0.82929136 -0.05748411 0.55585198
vn 0.82929136 -0.05748411 0.55585198
vn 0.82929136 -0.05748411 0.55585198
vn 0.82447899 -0.05475264 0.56323756
vn 0.82447899 -0.05475264 0.56323756
vn 0.82447899 -0.05475264 0.56323756
vn 0.10828604 -0.00227054 0.99411719
vn 0.10828604 -0.00227054 0.99411719
vn 0.10828604 -0.00227054 0.99411719
vn -0.03933813 -0.03303491 0.99867973
vn -0.03933813 -0.03303491 0.99867973
vn -0.03933813 -0.03303491 0.99867973
vn -0.60487353 -0.50796048 0.61327332
vn -0.60487353 -0.50796048 0.61327332
vn -0.60487353 -0.50796048 0.61327332
vn 0.67303498 -0.04113731 0.73846573
vn 0.67303498 -0.04113731 0.73846573
vn 0.67303498 -0.04113731 0.73846573
vn 0.19907971 -0.01548907 0.97986089
vn 0.19907971 -0.01548907 0.97986089
vn 0.19907971 -0.01548907 0.97986089
vn 0.42970752 -0.05163600 0.90149053
vn 0.43724695 -0.05042174 0.89792692
vn 0.43553183 -0.05069872 0.89874449
vn 0.65120948 -0.08226399 0.75442617
vn 0.65120948 -0.08226399 0.75442617
vn 0.65120948 -0.08226399 0.75442617
vn 0.64120399 -0.08453693 0.76269978
vn 0.64120399 -0.08453693 0.76269978
vn 0.64120399 -0.08453693 0.76269978
vn 0.63906865 -0.10077791 0.76251890
vn 0.63906865 -0.10077791 0.76251890
vn 0.63906865 -0.10077791 0.76251890
vn 0.62586588 -0.10428371 0.77292743
vn 0.62586588 -0.10428371 0.77292743
vn 0.62586588 -0.10428371 0.77292743
vn -0.72913656 -0.54263439 0.41702254
vn -0.72913656 -0.54263439 0.41702254
vn -0.72913656 -0.54263439 0.41702254
vn -0.73265902 -0.54289874 0.41045306
vn -0.73265902 -0.54289874 0.41045306
vn -0.73265902 -0.54289874 0.41045306
vn 0.44701044 -0.07670643 0.89123386
vn 0.44701044 -0.07670643 0.89123386
vn 0.44701044 -0.07670643 0.89123386
vn -0.57919131 -0.43861626 0.68713405
vn -0.57919131 -0.43861626 0.68713405
vn -0.57919131 -0.43861626 0.68713405
vn -0.60435056 -0.44782246 0.65895026
vn -0.60435056 -0.44782246 0.65895026
vn -0.60435056 -0.44782246 0.65895026
vn -0.44708872 -0.32984092 0.83145454
vn -0.44708872 -0.32984092 0.83145454
vn -0.44708872 -0.32984092 0.83145454
vn -0.39807936 -0.30144829 0.86640738
vn -0.39807936 -0.30144829 0.86640738
vn -0.39807936 -0.30144829 0.86640738
vn 0.64465688 -0.13136745 0.75310032
vn 0.64465688 -0.13136745 0.75310032
vn 0.64465688 -0.13136745 0.75310032
vn 0.62580377 -0.14018532 0.76727943
vn 0.62580377 -0.14018532 0.76727943
vn 0.62580377 -0.14018532 0.76727943
vn -0.25457505 -0.18781980 0.94863864
vn -0.25457505 -0.18781980 0.94863864
vn -0.25457505 -0.18781980 0.94863864
vn -0.25745018 -0.18946259 0.94753540
vn -0.25745018 -0.18946259 0.94753540
vn -0.25745018 -0.18946259 0.94753540
vn 0.42653983 -0.09648679 0.89930755
vn 0.42653983 -0.09648679 0.89930755
vn 0.42653983 -0.09648679 0.89930755
vn 0.64212492 -0.15380043 0.75101332
vn 0.64212492 -0.15380043 0.75101332
vn 0.64212492 -0.15380043 0.75101332
vn -0.75879698 -0.49526784 0.42300935
vn -0.75879698 -0.49526784 0.42300935
vn -0.75879698 -0.49526784 0.42300935
vn -0.76593624 -0.49574662 0.40936166
vn -0.76593624 -0.49574662 0.40936166
vn -0.76593624 -0.49574662 0.40936166
vn 0.52224958 -0.57028407 0.63405951
vn 0.52224958 -0.57028407 0.63405951
vn 0.52224958 -0.57028407 0.63405951
vn -0.63093210 -0.40855446 0.65955132
vn -0.63145028 -0.40872203 0.65895132
vn -0.63099697 -0.40857544 0.65947626
vn -0.63151342 -0.40874243 0.65887816
vn 0.90348198 -0.26022014 0.34059621
vn 0.90348198 -0.26022014 0.34059621
vn 0.90348198 -0.26022014 0.34059621
vn 0.87088725 -0.26523734 0.41376873
vn 0.87088725 -0.26523734 0.41376873
vn 0.87088725 -0.26523734 0.41376873
vn -0.50520176 -0.32713890 0.79859334
vn -0.50520176 -0.32713890 0.79859334
vn -0.50520176 -0.32713890 0.79859334
vn 0.79131135 -0.22613262 0.56805844
vn 0.79131135 -0.22613262 0.56805844
vn 0.79131135 -0.22613262 0.56805844
vn 0.69567431 -0.21446727 0.68559539
vn 0.69567431 -0.21446727 0.68559539
vn 0.69567431 -0.21446727 0.68559539
vn -0.79094212 -0.47274348 0.38848960
vn -0.79094212 -0.47274348 0.38848960
vn -0.79094212 -0.47274348 0.38848960
vn -0.84843994 -0.48376331 0.21476202
vn -0.84843994 -0.48376331 0.21476202
vn -0.84843994 -0.48376331 0.21476202
vn 0.49334242 -0.58852521 0.64050866
vn 0.49334242 -0.58852521 0.64050866
vn 0.49334242 -0.58852521 0.64050866
vn 0.61554266 -0.18278484 0.76661394
vn 0.61554266 -0.18278484 0.76661394
vn 0.61554266 -0.18278484 0.76661394
vn 0.53175037 -0.16455664 0.83076029
vn 0.53175037 -0.16455664 0.83076029
vn 0.53175037 -0.16455664 0.83076029
vn 0.47006283 -0.58796063 0.65828811
vn 0.47006283 -0.58796063 0.65828811
vn 0.47006283 -0.58796063 0.65828811
vn 0.55564168 -0.71291793 0.42779709
vn 0.55564168 -0.71291793 0.42779709
vn 0.55564168 -0.71291793 0.42779709
vn 0.41717034 -0.12171362 0.90064128
vn 0.41717034 -0.12171362 0.90064128
vn 0.41717034 -0.12171362 0.90064128
vn 0.47262120 -0.60313081 0.64254372
vn 0.47262120 -0.60313081 0.64254372
vn 0.47262120 -0.60313081 0.64254372
vn 0.29641834 -0.09413861 0.95040733
vn 0.29641834 -0.09413861 0.95040733
vn 0.29641834 -0.09413861 0.95040733
vn 0.19588630 -0.05536556 0.97906241
vn 0.19588630 -0.05536556 0.97906241
vn 0.19588630 -0.05536556 0.97906241
vn 0.52779778 -0.72732727 0.43866222
vn 0.52779778 -0.72732727 0.43866222
vn 0.52779778 -0.72732727 0.43866222
vn 0.45151787 -0.61860779 0.64300546
vn 0.45151787 -0.61860779 0.64300546
vn 0.45151787 -0.61860779 0.64300546
vn -0.75493626 -0.41589479 0.50705303
vn -0.75493626 -0.41589479 0.50705303
vn -0.75493626 -0.41589479 0.50705303
vn 0.44046920 -0.61213556 0.65671679
vn 0.44046920 -0.61213556 0.65671679
vn 0.44046920 -0.61213556 0.65671679
vn 0.85572545 -0.31122834 0.41336530
vn 0.85572545 -0.31122834 0.41336530
vn 0.85572545 -0.31122834 0.41336530
vn 0.85534386 -0.31072166 0.41453459
vn 0.85534386 -0.31072166 0.41453459
vn 0.85534386 -0.31072166 0.41453459
vn -0.66203531 -0.35616923 0.65943364
vn -0.66203531 -0.35616923 0.65943364
vn -0.66203531 -0.35616923 0.65943364
vn -0.62385594 -0.34368257 0.70191599
vn -0.62385594 -0.34368257 0.70191599
vn -0.62385594 -0.34368257 0.70191599
vn 0.74246083 -0.27003387 0.61305271
vn 0.74246083 -0.27003387 0.61305271
vn 0.74246083 -0.27003387 0.61305271
vn -0.87156114 -0.44615788 0.20328388
vn -0.87156114 -0.44615788 0.20328388
vn -0.87156114 -0.44615788 0.20328388
vn -0.45469086 -0.25082847 0.85460008
vn -0.45469086 -0.25082847 0.85460008
vn -0.45469086 -0.25082847 0.85460008
vn -0.49017331 -0.26371881 0.83077224
vn -0.49017331 -0.26371881 0.83077224
vn -0.49017331 -0.26371881 0.83077224
vn 0.17645646 -0.40840141 0.89558440
vn 0.17645646 -0.40840141 0.89558440
vn 0.17645646 -0.40840141 0.89558440
vn -0.26674772 -0.14963866 0.95207874
vn -0.26674772 -0.14963866 0.95207874
vn -0.26674772 -0.14963866 0.95207874
vn -0.28804960 -0.15889650 0.94434069
vn -0.28804960 -0.15889650 0.94434069
vn -0.28804960 -0.15889650 0.94434069
vn 0.25423252 -0.60490672 0.75462155
vn 0.25423252 -0.60490672 0.75462155
vn 0.25423252 -0.60490672 0.75462155
vn 0.24665415 -0.59772483 0.76281502
vn 0.24665415 -0.59772483 0.76281502
vn 0.24665415 -0.59772483 0.76281502
vn 0.23224607 -0.60368696 0.76264265
vn 0.23224607 -0.60368696 0.76264265
vn 0.23224607 -0.60368696 0.76264265
vn -0.05848112 -0.02855871 0.99787993
vn -0.05848112 -0.02855871 0.99787993
vn -0.05848112 -0.02855871 0.99787993
vn 0.22244409 -0.59384081 0.77322165
vn 0.22244409 -0.59384081 0.77322165
vn 0.22244409 -0.59384081 0.77322165
vn -0.83976279 -0.40118924 0.36584922
vn -0.83976279 -0.40118924 0.36584922
vn -0.83976279 -0.40118924 0.36584922
vn -0.82014610 -0.39671137 0.41228686
vn -0.82014610 -0.39671137 0.41228686
vn -0.82014610 -0.39671137 0.41228686
vn 0.83549791 -0.36240711 0.41304276
vn 0.83507660 -0.36177559 0.41444600
vn 0.83496581 -0.36160988 0.41481369
vn 0.83560782 -0.36257223 0.41267536
vn 0.15716833 -0.42581266 0.89105651
vn 0.15716833 -0.42581266 0.89105651
vn 0.15716833 -0.42581266 0.89105651
vn -0.71871767 -0.33638452 0.60851489
vn -0.71871767 -0.33638452 0.60851489
vn -0.71871767 -0.33638452 0.60851489
vn 0.68989473 -0.29934697 0.65911809
vn 0.68989473 -0.29934697 0.65911809
vn 0.68989473 -0.29934697 0.65911809
vn 0.66967812 -0.28244195 0.68684625
vn 0.66967812 -0.28244195 0.68684625
vn 0.66967812 -0.28244195 0.68684625
vn 0.50914947 -0.22225629 0.83148600
vn 0.50914947 -0.22225629 0.83148600
vn 0.50914947 -0.22225629 0.83148600
vn 0.46029067 -0.19414289 0.86628000
vn 0.46029067 -0.19414289 0.86628000
vn 0.46029067 -0.19414289 0.86628000
vn 0.20844647 -0.62351767 0.75350898
vn 0.20844647 -0.62351767 0.75350898
vn 0.20844647 -0.62351767 0.75350898
vn 0.19136897 -0.61159106 0.76768111
vn 0.19136897 -0.61159106 0.76768111
vn 0.19136897 -0.61159106 0.76768111
vn -0.87321752 -0.37720570 0.30855635
vn -0.87321752 -0.37720570 0.30855635
vn -0.87321752 -0.37720570 0.30855635
vn 0.28591743 -0.12348072 0.95026509
vn 0.28591743 -0.12348072 0.95026509
vn 0.28591743 -0.12348072 0.95026509
vn 0.12975281 -0.41769990 0.89927249
vn 0.12975281 -0.41769990 0.89927249
vn 0.12975281 -0.41769990 0.89927249
vn 0.29660480 -0.12946988 0.94618346
vn 0.29660480 -0.12946988 0.94618346
vn 0.29660480 -0.12946988 0.94618346
vn 0.18773897 -0.63252001 0.75144695
vn 0.18773897 -0.63252001 0.75144695
vn 0.18773897 -0.63252001 0.75144695
vn 0.83277366 -0.43294837 0.34502717
vn 0.83277366 -0.43294837 0.34502717
vn 0.83277366 -0.43294837 0.34502717
vn -0.86701885 -0.34599081 0.35856474
vn -0.86701885 -0.34599081 0.35856474
vn -0.86701885 -0.34599081 0.35856474
vn 0.81521221 -0.40716783 0.41187791
vn 0.81521221 -0.40716783 0.41187791
vn 0.81521221 -0.40716783 0.41187791
vn -0.23275320 -0.73759049 0.63386609
vn -0.23275320 -0.73759049 0.63386609
vn -0.23275320 -0.73759049 0.63386609
vn 0.66916363 -0.34202900 0.65972434
vn 0.66916363 -0.34202900 0.65972434
vn 0.66916363 -0.34202900 0.65972434
vn 0.67709355 -0.34922041 0.64775723
vn 0.67709355 -0.34922041 0.64775723
vn 0.67709355 -0.34922041 0.64775723
vn -0.68370260 -0.27287879 0.67682193
vn -0.68380356 -0.27289204 0.67671458
vn -0.68371260 -0.27288010 0.67681130
vn -0.68385865 -0.27289926 0.67665599
vn 0.53605521 -0.27399341 0.79848132
vn 0.53605521 -0.27399341 0.79848132
vn 0.53605521 -0.27399341 0.79848132
vn -0.51584904 -0.20609684 0.83151901
vn -0.51733654 -0.20649262 0.83049606
vn -0.51743952 -0.20652001 0.83042509
vn -0.51573948 -0.20606768 0.83159419
vn -0.89447697 -0.32363222 0.30850145
vn -0.89447697 -0.32363222 0.30850145
vn -0.89447697 -0.32363222 0.30850145
vn -0.26284904 -0.72116161 0.64096514
vn -0.26284904 -0.72116161 0.64096514
vn -0.26284904 -0.72116161 0.64096514
vn -0.30226036 -0.12156218 0.94544239
vn -0.30226036 -0.12156218 0.94544239
vn -0.30226036 -0.12156218 0.94544239
vn -0.30784769 -0.12300291 0.94345115
vn -0.30784769 -0.12300291 0.94345115
vn -0.30784769 -0.12300291 0.94345115
vn 0.04100296 -0.02100687 0.99893817
vn 0.04100296 -0.02100687 0.99893817
vn 0.04100296 -0.02100687 0.99893817
vn -0.27394941 -0.70080868 0.65864932
vn -0.27394941 -0.70080868 0.65864932
vn -0.27394941 -0.70080868 0.65864932
vn -0.33963447 -0.83765299 0.42776851
vn -0.33963447 -0.83765299 0.42776851
vn -0.33963447 -0.83765299 0.42776851
vn -0.28602826 -0.71079195 0.64262168
vn -0.28602826 -0.71079195 0.64262168
vn -0.28602826 -0.71079195 0.64262168
vn 0.81648679 -0.46491685 0.34234725
vn 0.81648679 -0.46491685 0.34234725
vn 0.81648679 -0.46491685 0.34234725
vn -0.88656825 -0.29279626 0.35814396
vn -0.88656825 -0.29279626 0.35814396
vn -0.88656825 -0.29279626 0.35814396
vn -0.36602858 -0.82073444 0.43865483
vn -0.36602858 -0.82073444 0.43865483
vn -0.36602858 -0.82073444 0.43865483
vn -0.30998426 -0.70026454 0.64307024
vn -0.30998426 -0.70026454 0.64307024
vn -0.30998426 -0.70026454 0.64307024
vn -0.75591647 -0.24964746 0.60519950
vn -0.75591647 -0.24964746 0.60519950
vn -0.75591647 -0.24964746 0.60519950
vn -0.30990330 -0.68744620 0.65679348
vn -0.30990330 -0.68744620 0.65679348
vn -0.30990330 -0.68744620 0.65679348
vn 0.77635401 -0.47092493 0.41893218
vn 0.77635401 -0.47092493 0.41893218
vn 0.77635401 -0.47092493 0.41893218
vn -0.91786258 -0.26373269 0.29660302
vn -0.91786258 -0.26373269 0.29660302
vn -0.91786258 -0.26373269 0.29660302
vn 0.65415748 -0.40431007 0.63922716
vn 0.65415748 -0.40431007 0.63922716
vn 0.65415748 -0.40431007 0.63922716
vn 0.62831410 -0.37936827 0.67919151
vn 0.62831410 -0.37936827 0.67919151
vn 0.62831410 -0.37936827 0.67919151
vn 0.44460248 -0.26840472 0.85456863
vn 0.44460248 -0.26840472 0.85456863
vn 0.44460248 -0.26840472 0.85456863
vn 0.47331173 -0.29252519 0.83090614
vn 0.47331173 -0.29252519 0.83090614
vn 0.47331173 -0.29252519 0.83090614
vn 0.78131729 -0.52461499 0.33811596
vn 0.78131729 -0.52461499 0.33811596
vn 0.78131729 -0.52461499 0.33811596
vn -0.26546333 -0.35699199 0.89559251
vn -0.26546333 -0.35699199 0.89559251
vn -0.26546333 -0.35699199 0.89559251
vn -0.39682034 -0.52258160 0.75461387
vn -0.39682034 -0.52258160 0.75461387
vn -0.39682034 -0.52258160 0.75461387
vn -0.39441790 -0.51254212 0.76271560
vn -0.39441790 -0.51254212 0.76271560
vn -0.39441790 -0.51254212 0.76271560
vn 0.26817933 -0.16190424 0.94966671
vn 0.26817933 -0.16190424 0.94966671
vn 0.26817933 -0.16190424 0.94966671
vn 0.27322997 -0.16581936 0.94754911
vn 0.27322997 -0.16581936 0.94754911
vn 0.27322997 -0.16581936 0.94754911
vn -0.90565593 -0.23705807 0.35155485
vn -0.90565593 -0.23705807 0.35155485
vn -0.90565593 -0.23705807 0.35155485
vn -0.88861405 -0.22667578 0.39872692
vn -0.88861405 -0.22667578 0.39872692
vn -0.88861405 -0.22667578 0.39872692
vn -0.40670528 -0.50311466 0.76253948
vn -0.40670528 -0.50311466 0.76253948
vn -0.40670528 -0.50311466 0.76253948
vn -0.40306069 -0.48962828 0.77317930
vn -0.40306069 -0.48962828 0.77317930
vn -0.40306069 -0.48962828 0.77317930
vn -0.71827966 -0.19682163 0.66733469
vn -0.71827966 -0.19682163 0.66733469
vn -0.71827966 -0.19682163 0.66733469
vn -0.72763342 -0.19632928 0.65727043
vn -0.72763342 -0.19632928 0.65727043
vn -0.72763342 -0.19632928 0.65727043
vn 0.76708944 -0.53135886 0.35948791
vn 0.76708944 -0.53135886 0.35948791
vn 0.76708944 -0.53135886 0.35948791
vn -0.29014253 -0.34901654 0.89106945
vn -0.29014253 -0.34901654 0.89106945
vn -0.29014253 -0.34901654 0.89106945
vn -0.53517798 -0.14887801 0.83151661
vn -0.53517798 -0.14887801 0.83151661
vn -0.53517798 -0.14887801 0.83151661
vn -0.56367699 -0.15218120 0.81185537
vn -0.56367699 -0.15218120 0.81185537
vn -0.56367699 -0.15218120 0.81185537
vn -0.29307769 -0.08266922 0.95250788
vn -0.29307769 -0.08266922 0.95250788
vn -0.29307769 -0.08266922 0.95250788
vn -0.31644648 -0.08541643 0.94475693
vn -0.31644648 -0.08541643 0.94475693
vn -0.31644648 -0.08541643 0.94475693
vn 0.64945528 -0.45432664 0.60975007
vn 0.64945528 -0.45432664 0.60975007
vn 0.64945528 -0.45432664 0.60975007
vn -0.43580273 -0.49234410 0.75344095
vn -0.43580273 -0.49234410 0.75344095
vn -0.43580273 -0.49234410 0.75344095
vn -0.43401560 -0.47160506 0.76760610
vn -0.43401560 -0.47160506 0.76760610
vn -0.43401560 -0.47160506 0.76760610
vn 0.76286726 -0.56806736 0.30876045
vn 0.76286726 -0.56806736 0.30876045
vn 0.76286726 -0.56806736 0.30876045
vn -0.29687060 -0.32124710 0.89925978
vn -0.29687060 -0.32124710 0.89925978
vn -0.29687060 -0.32124710 0.89925978
vn -0.45397651 -0.47893326 0.75135096
vn -0.45397651 -0.47893326 0.75135096
vn -0.45397651 -0.47893326 0.75135096
vn 0.73318193 -0.57788894 0.35845310
vn 0.73318193 -0.57788894 0.35845310
vn 0.73318193 -0.57788894 0.35845310
vn -0.75508613 -0.16736161 0.63390459
vn -0.75508613 -0.16736161 0.63390459
vn -0.75508613 -0.16736161 0.63390459
vn 0.57826903 -0.45570725 0.67670956
vn 0.57836605 -0.45583379 0.67654140
vn 0.57842484 -0.45591047 0.67643946
vn 0.57825836 -0.45569333 0.67672805
vn -0.75603871 -0.13283376 0.64090613
vn -0.75603871 -0.13283376 0.64090613
vn -0.75603871 -0.13283376 0.64090613
vn 0.43614617 -0.34344097 0.83176008
vn 0.43728688 -0.34458566 0.83068701
vn 0.43622442 -0.34351949 0.83168661
vn 0.43736047 -0.34465952 0.83061762
vn 0.72718557 -0.61303794 0.30884564
vn 0.72718557 -0.61303794 0.30884564
vn 0.72718557 -0.61303794 0.30884564
vn -0.74406608 -0.11320255 0.65844578
vn -0.74406608 -0.11320255 0.65844578
vn -0.74406608 -0.11320255 0.65844578
vn 0.25423929 -0.20019937 0.94619374
vn 0.25423929 -0.20019937 0.94619374
vn 0.25423929 -0.20019937 0.94619374
vn 0.24246181 -0.18873011 0.95162662
vn 0.24246181 -0.18873011 0.95162662
vn 0.24246181 -0.18873011 0.95162662
vn -0.89523540 -0.12462268 0.42781161
vn -0.89523540 -0.12462268 0.42781161
vn -0.89523540 -0.12462268 0.42781161
vn -0.75892090 -0.10767196 0.64221944
vn -0.75892090 -0.10767196 0.64221944
vn -0.75892090 -0.10767196 0.64221944
vn -0.97502831 -0.05453875 0.21527963
vn -0.97502831 -0.05453875 0.21527963
vn -0.97502831 -0.05453875 0.21527963
vn -0.89378679 -0.09349264 0.43863915
vn -0.89378679 -0.09349264 0.43863915
vn -0.89378679 -0.09349264 0.43863915
vn -0.76178434 -0.08180784 0.64264461
vn -0.76178434 -0.08180784 0.64264461
vn -0.76178434 -0.08180784 0.64264461
vn 0.69663909 -0.62132219 0.35868191
vn 0.69663909 -0.62132219 0.35868191
vn 0.69663909 -0.62132219 0.35868191
vn -0.88931381 -0.03264724 0.45613057
vn -0.88931381 -0.03264724 0.45613057
vn -0.88931381 -0.03264724 0.45613057
vn -0.89244938 -0.03150682 0.45004603
vn -0.89244938 -0.03150682 0.45004603
vn -0.89244938 -0.03150682 0.45004603
vn -0.75463677 -0.03727802 0.65508297
vn -0.75463677 -0.03727802 0.65508297
vn -0.75463677 -0.03727802 0.65508297
vn -0.75005525 -0.07513466 0.65709353
vn -0.75005525 -0.07513466 0.65709353
vn -0.75005525 -0.07513466 0.65709353
vn -0.70292388 -0.02853377 0.71069251
vn -0.70292388 -0.02853377 0.71069251
vn -0.70292388 -0.02853377 0.71069251
vn -0.56016575 -0.02842796 0.82789262
vn -0.56016575 -0.02842796 0.82789262
vn -0.56016575 -0.02842796 0.82789262
vn -0.50531280 -0.01898975 0.86272728
vn -0.50531280 -0.01898975 0.86272728
vn -0.50531280 -0.01898975 0.86272728
vn 0.59435469 -0.53009624 0.60476481
vn 0.59435469 -0.53009624 0.60476481
vn 0.59435469 -0.53009624 0.60476481
vn -0.32189565 -0.01783759 0.94660710
vn -0.32189565 -0.01783759 0.94660710
vn -0.32189565 -0.01783759 0.94660710
vn -0.22787858 -0.00203329 0.97368743
vn -0.22787858 -0.00203329 0.97368743
vn -0.22787858 -0.00203329 0.97368743
vn 0.03340705 -0.03042633 0.99897858
vn 0.03340705 -0.03042633 0.99897858
vn 0.03340705 -0.03042633 0.99897858
vn 0.68678016 -0.66310795 0.29769256
vn 0.68678016 -0.66310795 0.29769256
vn 0.68678016 -0.66310795 0.29769256
vn 0.10707840 -0.01961312 0.99405711
vn 0.10707840 -0.01961312 0.99405711
vn 0.10707840 -0.01961312 0.99405711
vn 0.81998777 -0.10679188 0.56233046
vn 0.81998777 -0.10679188 0.56233046
vn 0.81998777 -0.10679188 0.56233046
vn 0.67950618 -0.66402791 0.31199084
vn 0.67950618 -0.66402791 0.31199084
vn 0.67950618 -0.66402791 0.31199084
vn 0.63258979 -0.64627092 0.42680681
vn 0.63258979 -0.64627092 0.42680681
vn 0.63258979 -0.64627092 0.42680681
vn 0.81685603 -0.15153590 0.55658162
vn 0.81685603 -0.15153590 0.55658162
vn 0.81685603 -0.15153590 0.55658162
vn 0.52978155 -0.52392155 0.66696155
vn 0.52978155 -0.52392155 0.66696155
vn 0.52978155 -0.52392155 0.66696155
vn 0.53372198 -0.53165772 0.65763281
vn 0.53372198 -0.53165772 0.65763281
vn 0.53372198 -0.53165772 0.65763281
vn 0.39629954 -0.38886906 0.83170158
vn 0.39629954 -0.38886906 0.83170158
vn 0.39629954 -0.38886906 0.83170158
vn 0.41350496 -0.41203256 0.81193769
vn 0.41350496 -0.41203256 0.81193769
vn 0.41350496 -0.41203256 0.81193769
vn 0.22740417 -0.22544987 0.94734350
vn 0.22740417 -0.22544987 0.94734350
vn 0.22740417 -0.22544987 0.94734350
vn 0.23119772 -0.23040830 0.94522993
vn 0.23119772 -0.23040830 0.94522993
vn 0.23119772 -0.23040830 0.94522993
vn 0.80235597 -0.19297271 0.56478884
vn 0.80235597 -0.19297271 0.56478884
vn 0.80235597 -0.19297271 0.56478884
vn 0.80122528 -0.19209488 0.56669004
vn 0.80122528 -0.19209488 0.56669004
vn 0.80122528 -0.19209488 0.56669004
vn 0.03645829 -0.10215923 0.99409974
vn 0.03645829 -0.10215923 0.99409974
vn 0.03645829 -0.10215923 0.99409974
vn 0.37904254 -0.41877931 0.82519733
vn 0.37904254 -0.41877931 0.82519733
vn 0.37904254 -0.41877931 0.82519733
vn 0.49247556 -0.56215232 0.66441900
vn 0.49247556 -0.56215232 0.66441900
vn 0.49247556 -0.56215232 0.66441900
vn 0.35977660 -0.42330888 0.83148685
vn 0.35977660 -0.42330888 0.83148685
vn 0.35977660 -0.42330888 0.83148685
vn 0.33983916 -0.44625943 0.82786585
vn 0.33983916 -0.44625943 0.82786585
vn 0.33983916 -0.44625943 0.82786585
vn 0.53471285 -0.81699593 0.21586992
vn 0.53471285 -0.81699593 0.21586992
vn 0.53471285 -0.81699593 0.21586992
vn 0.47771464 -0.76099085 0.43895517
vn 0.47771464 -0.76099085 0.43895517
vn 0.47771464 -0.76099085 0.43895517
vn 0.47551496 -0.75297755 0.45487398
vn 0.47551496 -0.75297755 0.45487398
vn 0.47551496 -0.75297755 0.45487398
vn 0.32343167 -0.45281461 0.83087357
vn 0.32343167 -0.45281461 0.83087357
vn 0.32343167 -0.45281461 0.83087357
vn 0.40376308 -0.63954567 0.65418401
vn 0.40376308 -0.63954567 0.65418401
vn 0.40376308 -0.63954567 0.65418401
vn 0.40230091 -0.63583387 0.65868753
vn 0.40230091 -0.63583387 0.65868753
vn 0.40230091 -0.63583387 0.65868753
vn 0.30737264 -0.49275769 0.81407120
vn 0.30737264 -0.49275769 0.81407120
vn 0.30737264 -0.49275769 0.81407120
vn 0.29747983 -0.46996607 0.83104611
vn 0.29747983 -0.46996607 0.83104611
vn 0.29747983 -0.46996607 0.83104611
vn 0.17381619 -0.27417563 0.94584124
vn 0.17381619 -0.27417563 0.94584124
vn 0.17381619 -0.27417563 0.94584124
vn 0.17147150 -0.26861950 0.94786132
vn 0.17147150 -0.26861950 0.94786132
vn 0.17147150 -0.26861950 0.94786132
vn 0.45308160 -0.81365015 0.36426708
vn 0.45308160 -0.81365015 0.36426708
vn 0.45308160 -0.81365015 0.36426708
vn 0.31765056 -0.76369296 0.56202419
vn 0.31765056 -0.76369296 0.56202419
vn 0.31765056 -0.76369296 0.56202419
vn 0.22076630 -0.02739547 0.97494191
vn 0.22076630 -0.02739547 0.97494191
vn 0.22076630 -0.02739547 0.97494191
vn 0.40168530 -0.85588779 0.32573763
vn 0.40168530 -0.85588779 0.32573763
vn 0.40168530 -0.85588779 0.32573763
vn 0.27721487 -0.78321804 0.55652620
vn 0.27721487 -0.78321804 0.55652620
vn 0.27721487 -0.78321804 0.55652620
vn 0.40141987 -0.80551978 0.43588986
vn 0.40141987 -0.80551978 0.43588986
vn 0.40141987 -0.80551978 0.43588986
vn 0.36107573 -0.74350082 0.56287729
vn 0.36107573 -0.74350082 0.56287729
vn 0.36107573 -0.74350082 0.56287729
vn 0.33519770 -0.67211107 0.66023420
vn 0.33519770 -0.67211107 0.66023420
vn 0.33519770 -0.67211107 0.66023420
vn 0.28568158 -0.58984694 0.75529241
vn 0.28568158 -0.58984694 0.75529241
vn 0.28568158 -0.58984694 0.75529241
vn 0.24810090 -0.49510806 0.83265476
vn 0.24810090 -0.49510806 0.83265476
vn 0.24810090 -0.49510806 0.83265476
vn 0.18416654 -0.38617814 0.90385238
vn 0.18416654 -0.38617814 0.90385238
vn 0.18416654 -0.38617814 0.90385238
vn 0.14220205 -0.28403754 0.94820950
vn 0.14220205 -0.28403754 0.94820950
vn 0.14220205 -0.28403754 0.94820950
vn 0.02628313 -0.04796130 0.99850334
vn 0.02628313 -0.04796130 0.99850334
vn 0.02628313 -0.04796130 0.99850334
vn 0.09033909 -0.19067438 0.97748766
vn 0.09033909 -0.19067438 0.97748766
vn 0.09033909 -0.19067438 0.97748766
vn 0.23411947 -0.79146251 0.56460177
vn 0.23411947 -0.79146251 0.56460177
vn 0.23411947 -0.79146251 0.56460177
vn 0.23427725 -0.79031532 0.56614120
vn 0.23427725 -0.79031532 0.56614120
vn 0.23427725 -0.79031532 0.56614120
vn 0.20198358 -0.04999144 0.97811221
vn 0.20198358 -0.04999144 0.97811221
vn 0.20198358 -0.04999144 0.97811221
vn -0.17327505 -0.53754247 0.82524170
vn -0.17327505 -0.53754247 0.82524170
vn -0.17327505 -0.53754247 0.82524170
vn 0.65527573 -0.72364653 0.21667812
vn 0.65527573 -0.72364653 0.21667812
vn 0.65527573 -0.72364653 0.21667812
vn 0.65550622 -0.72844581 0.19919411
vn 0.65550622 -0.72844581 0.19919411
vn 0.65550622 -0.72844581 0.19919411
vn -0.24069177 -0.70737468 0.66459652
vn -0.24069177 -0.70737468 0.66459652
vn -0.24069177 -0.70737468 0.66459652
vn -0.18670255 -0.52337744 0.83139534
vn -0.18670255 -0.52337744 0.83139534
vn -0.18670255 -0.52337744 0.83139534
vn 0.62838008 -0.74123746 0.23602015
vn 0.62838008 -0.74123746 0.23602015
vn 0.62838008 -0.74123746 0.23602015
vn 0.61985057 -0.76306190 0.18308960
vn 0.61985057 -0.76306190 0.18308960
vn 0.61985057 -0.76306190 0.18308960
vn 0.60191896 -0.76390319 0.23269183
vn 0.60191896 -0.76390319 0.23269183
vn 0.60191896 -0.76390319 0.23269183
vn -0.21651897 -0.51739919 0.82789952
vn -0.21651897 -0.51739919 0.82789952
vn -0.21651897 -0.51739919 0.82789952
vn 0.57693220 -0.79785149 0.17487777
vn 0.57693220 -0.79785149 0.17487777
vn 0.57693220 -0.79785149 0.17487777
vn -0.23044946 -0.50661623 0.83080265
vn -0.23044946 -0.50661623 0.83080265
vn -0.23044946 -0.50661623 0.83080265
vn 0.22750362 -0.91286240 0.33900493
vn 0.22750362 -0.91286240 0.33900493
vn 0.22750362 -0.91286240 0.33900493
vn 0.20567827 -0.88611093 0.41533585
vn 0.20567827 -0.88611093 0.41533585
vn 0.20567827 -0.88611093 0.41533585
vn 0.19982171 -0.79874297 0.56752176
vn 0.19982171 -0.79874297 0.56752176
vn 0.19982171 -0.79874297 0.56752176
vn 0.16214484 -0.71015875 0.68511576
vn 0.16214484 -0.71015875 0.68511576
vn 0.16214484 -0.71015875 0.68511576
vn 0.14938796 -0.62401748 0.76699767
vn 0.14938796 -0.62401748 0.76699767
vn 0.14938796 -0.62401748 0.76699767
vn 0.12335965 -0.54261787 0.83087198
vn 0.12335965 -0.54261787 0.83087198
vn 0.12335965 -0.54261787 0.83087198
vn -0.50307263 -0.65924750 0.55884762
vn -0.50248258 -0.65685950 0.56218045
vn -0.50261666 -0.65740006 0.56142822
vn 0.10320352 -0.42220266 0.90060754
vn 0.10320352 -0.42220266 0.90060754
vn 0.10320352 -0.42220266 0.90060754
vn 0.06667447 -0.30373676 0.95042017
vn 0.06667447 -0.30373676 0.95042017
vn 0.06667447 -0.30373676 0.95042017
vn 0.04998397 -0.19726233 0.97907567
vn 0.04998397 -0.19726233 0.97907567
vn 0.04998397 -0.19726233 0.97907567
vn -0.53981629 -0.63160852 0.55647916
vn -0.53981629 -0.63160852 0.55647916
vn -0.53981629 -0.63160852 0.55647916
vn 0.15861946 -0.89734695 0.41183530
vn 0.15861946 -0.89734695 0.41183530
vn 0.15861946 -0.89734695 0.41183530
vn 0.15945746 -0.89532406 0.41589438
vn 0.15945746 -0.89532406 0.41589438
vn 0.15945746 -0.89532406 0.41589438
vn 0.13754594 -0.77812916 0.61285898
vn 0.13754594 -0.77812916 0.61285898
vn 0.13754594 -0.77812916 0.61285898
vn 0.05765756 -0.19984596 0.97812944
vn 0.05765756 -0.19984596 0.97812944
vn 0.05765756 -0.19984596 0.97812944
vn -0.56855163 -0.59867849 0.56421016
vn -0.56855163 -0.59867849 0.56421016
vn -0.56855163 -0.59867849 0.56421016
vn -0.56725534 -0.59815043 0.56607195
vn -0.56725534 -0.59815043 0.56607195
vn -0.56725534 -0.59815043 0.56607195
vn 0.10105016 -0.97994907 0.17172271
vn 0.10105016 -0.97994907 0.17172271
vn 0.10105016 -0.97994907 0.17172271
vn -0.29923670 -0.92956588 0.21532458
vn -0.29923670 -0.92956588 0.21532458
vn -0.29923670 -0.92956588 0.21532458
vn -0.30293234 -0.93194227 0.19928777
vn -0.30293234 -0.93194227 0.19928777
vn -0.30293234 -0.93194227 0.19928777
vn 0.11108527 -0.89013763 0.44194463
vn 0.11108527 -0.89013763 0.44194463
vn 0.11108527 -0.89013763 0.44194463
vn 0.10376123 -0.90584006 0.41071571
vn 0.10376123 -0.90584006 0.41071571
vn 0.10376123 -0.90584006 0.41071571
vn -0.55218563 -0.11867031 0.82523233
vn -0.55218563 -0.11867031 0.82523233
vn -0.55218563 -0.11867031 0.82523233
vn -0.73277522 -0.14525949 0.66478580
vn -0.73277522 -0.14525949 0.66478580
vn -0.73277522 -0.14525949 0.66478580
vn 0.08561474 -0.74742042 0.65881169
vn 0.08561474 -0.74742042 0.65881169
vn 0.08561474 -0.74742042 0.65881169
vn 0.09021340 -0.72108916 0.68694394
vn 0.09021340 -0.72108916 0.68694394
vn 0.09021340 -0.72108916 0.68694394
vn -0.32775374 -0.91474843 0.23624733
vn -0.32775374 -0.91474843 0.23624733
vn -0.32775374 -0.91474843 0.23624733
vn -0.35077600 -0.91828336 0.18360793
vn -0.35077600 -0.91828336 0.18360793
vn -0.35077600 -0.91828336 0.18360793
vn -0.54605943 -0.09960458 0.83180408
vn -0.54605943 -0.09960458 0.83180408
vn -0.54605943 -0.09960458 0.83180408
vn 0.06209349 -0.55189210 0.83160057
vn 0.06209349 -0.55189210 0.83160057
vn 0.06209349 -0.55189210 0.83160057
vn 0.06201293 -0.49576561 0.86623949
vn 0.06201293 -0.49576561 0.86623949
vn 0.06201293 -0.49576561 0.86623949
vn -0.36048139 -0.90320725 0.23295886
vn -0.36048139 -0.90320725 0.23295886
vn -0.36048139 -0.90320725 0.23295886
vn 0.03602307 -0.30930737 0.95027959
vn 0.03602307 -0.30930737 0.95027959
vn 0.03602307 -0.30930737 0.95027959
vn 0.03617901 -0.32147303 0.94622734
vn 0.03617901 -0.32147303 0.94622734
vn 0.03617901 -0.32147303 0.94622734
vn -0.56474637 -0.08390175 0.82098845
vn -0.56474637 -0.08390175 0.82098845
vn -0.56474637 -0.08390175 0.82098845
vn -0.40233560 -0.89867843 0.17465147
vn -0.40233560 -0.89867843 0.17465147
vn -0.40233560 -0.89867843 0.17465147
vn 0.04867777 -0.95893386 0.27942141
vn 0.04867777 -0.95893386 0.27942141
vn 0.04867777 -0.95893386 0.27942141
vn 0.04561147 -0.89556629 0.44258403
vn 0.04549666 -0.89590543 0.44190894
vn 0.04548069 -0.89595256 0.44181502
vn 0.04562774 -0.89551817 0.44267969
vn -0.55828301 -0.05631489 0.82773711
vn -0.55828301 -0.05631489 0.82773711
vn -0.55828301 -0.05631489 0.82773711
vn 0.03829014 -0.75083125 0.65938327
vn 0.03826577 -0.75094512 0.65925500
vn 0.03826237 -0.75096097 0.65923714
vn 0.03829363 -0.75081495 0.65940163
vn 0.03067695 -0.60147632 0.79830142
vn 0.03067695 -0.60147632 0.79830142
vn 0.03067695 -0.60147632 0.79830142
vn 0.01305933 -0.99183924 0.12682422
vn 0.01305933 -0.99183924 0.12682422
vn 0.01305933 -0.99183924 0.12682422
vn -0.12661857 -0.16446615 0.97822217
vn -0.12661857 -0.16446615 0.97822217
vn -0.12661857 -0.16446615 0.97822217
vn 0.94160117 -0.11084439 0.31796344
vn 0.94160117 -0.11084439 0.31796344
vn 0.94160117 -0.11084439 0.31796344
vn 0.00207799 -0.04419358 0.99902083
vn 0.00207799 -0.04419358 0.99902083
vn 0.00207799 -0.04419358 0.99902083
vn 0.82409256 -0.10560203 0.55652463
vn 0.82409256 -0.10560203 0.55652463
vn 0.82409256 -0.10560203 0.55652463
vn -0.01916112 -0.96598453 0.25788899
vn -0.01916112 -0.96598453 0.25788899
vn -0.01916112 -0.96598453 0.25788899
vn 0.80224856 -0.13137573 0.58235528
vn 0.80224856 -0.13137573 0.58235528
vn 0.80224856 -0.13137573 0.58235528
vn -0.01801202 -0.89661286 0.44244881
vn -0.01801202 -0.89661286 0.44244881
vn -0.01801202 -0.89661286 0.44244881
vn -0.01573057 -0.89110797 0.45351861
vn -0.01573057 -0.89110797 0.45351861
vn -0.01573057 -0.89110797 0.45351861
vn 0.80124394 -0.15813788 0.57706200
vn 0.80124394 -0.15813788 0.57706200
vn 0.80124394 -0.15813788 0.57706200
vn 0.92857616 -0.19435812 0.31618228
vn 0.92857616 -0.19435812 0.31618228
vn 0.92857616 -0.19435812 0.31618228
vn -0.02248445 -0.75106951 0.65984017
vn -0.02248445 -0.75106951 0.65984017
vn -0.02248445 -0.75106951 0.65984017
vn -0.01430785 -0.71222444 0.70180598
vn -0.01430785 -0.71222444 0.70180598
vn -0.01430785 -0.71222444 0.70180598
vn -0.05029440 -0.98040915 0.19044259
vn -0.05029440 -0.98040915 0.19044259
vn -0.05029440 -0.98040915 0.19044259
vn 0.91589478 -0.21708056 0.33765780
vn 0.91589478 -0.21708056 0.33765780
vn 0.91589478 -0.21708056 0.33765780
vn -0.01663863 -0.55608497 0.83095888
vn -0.01663863 -0.55608497 0.83095888
vn -0.01663863 -0.55608497 0.83095888
vn -0.01017399 -0.51954530 0.85438233
vn -0.01017399 -0.51954530 0.85438233
vn -0.01017399 -0.51954530 0.85438233
vn 0.91958911 -0.22513140 0.32198095
vn 0.91958911 -0.22513140 0.32198095
vn 0.91958911 -0.22513140 0.32198095
vn -0.00816155 -0.31935148 0.94760119
vn -0.00816155 -0.31935148 0.94760119
vn -0.00816155 -0.31935148 0.94760119
vn -0.00593253 -0.30244892 0.95314713
vn -0.00593253 -0.30244892 0.95314713
vn -0.00593253 -0.30244892 0.95314713
vn -0.96285848 -0.20489730 0.17584267
vn -0.96285848 -0.20489730 0.17584267
vn -0.96285848 -0.20489730 0.17584267
vn 0.22850031 -0.24731808 0.94160574
vn 0.22850031 -0.24731808 0.94160574
vn 0.22850031 -0.24731808 0.94160574
vn 0.38122886 -0.42983210 0.81847964
vn 0.38122886 -0.42983210 0.81847964
vn 0.38122886 -0.42983210 0.81847964
vn -0.08371749 -0.93343177 0.34885028
vn -0.08371749 -0.93343177 0.34885028
vn -0.08371749 -0.93343177 0.34885028
vn -0.95273851 -0.17718682 0.24676743
vn -0.95273851 -0.17718682 0.24676743
vn -0.95273851 -0.17718682 0.24676743
vn -0.06693317 -0.89407102 0.44289610
vn -0.06693317 -0.89407102 0.44289610
vn -0.06693317 -0.89407102 0.44289610
vn -0.97075678 -0.15529571 0.18306969
vn -0.97075678 -0.15529571 0.18306969
vn -0.97075678 -0.15529571 0.18306969
vn 0.21339089 -0.24238140 0.94642252
vn 0.21339089 -0.24238140 0.94642252
vn 0.21339089 -0.24238140 0.94642252
vn -0.06801670 -0.79068460 0.60843372
vn -0.06801670 -0.79068460 0.60843372
vn -0.06801670 -0.79068460 0.60843372
vn -0.96259710 -0.13931075 0.23237758
vn -0.96259710 -0.13931075 0.23237758
vn -0.96259710 -0.13931075 0.23237758
vn 0.20708095 -0.25498654 0.94451011
vn 0.36055880 -0.45705968 0.81307675
vn 0.36055880 -0.45705968 0.81307675
vn 0.36055880 -0.45705968 0.81307675
vn -0.11017759 -0.94483849 0.30844955
vn -0.11017759 -0.94483849 0.30844955
vn -0.11017759 -0.94483849 0.30844955
vn -0.97952669 -0.10112962 0.17406969
vn -0.97952669 -0.10112962 0.17406969
vn -0.97952669 -0.10112962 0.17406969
vn 0.33667154 -0.45899186 0.82217927
vn 0.33667154 -0.45899186 0.82217927
vn 0.33667154 -0.45899186 0.82217927
vn 0.18144280 -0.25393423 0.95005048
vn 0.18144280 -0.25393423 0.95005048
vn 0.18144280 -0.25393423 0.95005048
vn -0.13392055 -0.92392580 0.35836629
vn -0.13392055 -0.92392580 0.35836629
vn -0.13392055 -0.92392580 0.35836629
vn 0.42737503 -0.05200992 0.90257717
vn -0.10550961 -0.72861945 0.67674324
vn -0.10561087 -0.72886364 0.67646444
vn -0.10551964 -0.72864364 0.67671563
vn -0.10566613 -0.72899688 0.67631222
vn -0.07979642 -0.55105148 0.83064721
vn -0.07979642 -0.55105148 0.83064721
vn -0.07979642 -0.55105148 0.83064721
vn -0.07934467 -0.54937725 0.83179869
vn -0.07934467 -0.54937725 0.83179869
vn -0.07934467 -0.54937725 0.83179869
vn -0.16693068 -0.93638485 0.30873542
vn -0.16693068 -0.93638485 0.30873542
vn -0.16693068 -0.93638485 0.30873542
vn 0.42010536 -0.06652060 0.90503398
vn 0.42010536 -0.06652060 0.90503398
vn 0.42010536 -0.06652060 0.90503398
vn 0.32050594 -0.76643430 0.55664567
vn 0.32050594 -0.76643430 0.55664567
vn 0.32050594 -0.76643430 0.55664567
vn 0.28955563 -0.05253135 0.95571857
vn 0.28955563 -0.05253135 0.95571857
vn 0.28955563 -0.05253135 0.95571857
vn -0.04901311 -0.33936351 0.93937752
vn -0.04901311 -0.33936351 0.93937752
vn -0.04901311 -0.33936351 0.93937752
vn 0.21240486 -0.03092013 0.97669244
vn 0.21240486 -0.03092013 0.97669244
vn 0.21240486 -0.03092013 0.97669244
vn -0.04448423 -0.31944134 0.94656135
vn -0.04448423 -0.31944134 0.94656135
vn -0.04448423 -0.31944134 0.94656135
vn 0.28739338 -0.76043134 0.58236519
vn 0.28739338 -0.76043134 0.58236519
vn 0.28739338 -0.76043134 0.58236519
vn 0.31895830 -0.88941900 0.32741327
vn 0.31895830 -0.88941900 0.32741327
vn 0.31895830 -0.88941900 0.32741327
vn -0.18971741 -0.91393893 0.35877979
vn -0.18971741 -0.91393893 0.35877979
vn -0.18971741 -0.91393893 0.35877979
vn 0.43383066 -0.10022817 0.89540230
vn 0.43383066 -0.10022817 0.89540230
vn 0.43383066 -0.10022817 0.89540230
vn 0.26376974 -0.77305868 0.57689324
vn 0.26376974 -0.77305868 0.57689324
vn 0.26376974 -0.77305868 0.57689324
vn 0.29062352 -0.05971991 0.95497199
vn 0.29062352 -0.05971991 0.95497199
vn 0.29062352 -0.05971991 0.95497199
vn -0.16187214 -0.77979798 0.60474170
vn -0.16187214 -0.77979798 0.60474170
vn -0.16187214 -0.77979798 0.60474170
vn 0.26820644 -0.89672276 0.35207045
vn 0.26820644 -0.89672276 0.35207045
vn 0.26820644 -0.89672276 0.35207045
vn 0.27492335 -0.93024178 0.24303782
vn 0.27492335 -0.93024178 0.24303782
vn 0.27492335 -0.93024178 0.24303782
vn 0.26460933 -0.90886706 0.32240125
vn 0.26460933 -0.90886706 0.32240125
vn 0.26460933 -0.90886706 0.32240125
vn -0.23076590 -0.92646915 0.29732477
vn -0.23076590 -0.92646915 0.29732477
vn -0.23076590 -0.92646915 0.29732477
vn 0.60859582 -0.66615289 0.43110492
vn 0.60859582 -0.66615289 0.43110492
vn 0.60859582 -0.66615289 0.43110492
vn 0.60196858 -0.66464422 0.44258546
vn 0.60196858 -0.66464422 0.44258546
vn 0.60196858 -0.66464422 0.44258546
vn -0.02309033 -0.11208436 0.99343039
vn -0.02309033 -0.11208436 0.99343039
vn -0.02309033 -0.11208436 0.99343039
vn -0.10021114 -0.32208564 0.94139183
vn -0.10021114 -0.32208564 0.94139183
vn -0.10021114 -0.32208564 0.94139183
vn -0.18170056 -0.54491242 0.81856909
vn -0.18170056 -0.54491242 0.81856909
vn -0.18170056 -0.54491242 0.81856909
vn 0.58018738 -0.68416996 0.44192089
vn 0.58018738 -0.68416996 0.44192089
vn 0.58018738 -0.68416996 0.44192089
vn -0.23532255 -0.92049337 0.31195392
vn -0.23532255 -0.92049337 0.31195392
vn -0.23532255 -0.92049337 0.31195392
vn 0.58059553 -0.68717965 0.43668405
vn 0.58059553 -0.68717965 0.43668405
vn 0.58059553 -0.68717965 0.43668405
vn -0.24340669 -0.87091345 0.42692265
vn -0.24340669 -0.87091345 0.42692265
vn -0.24340669 -0.87091345 0.42692265
vn -0.10326639 -0.30613620 0.94637027
vn -0.10326639 -0.30613620 0.94637027
vn -0.10326639 -0.30613620 0.94637027
vn -0.18881919 -0.72077814 0.66695291
vn -0.18881919 -0.72077814 0.66695291
vn -0.18881919 -0.72077814 0.66695291
vn -0.19366346 -0.72823554 0.65739445
vn -0.19366346 -0.72823554 0.65739445
vn -0.19366346 -0.72823554 0.65739445
vn 0.55901685 -0.71386614 0.42177635
vn 0.55901685 -0.71386614 0.42177635
vn 0.55901685 -0.71386614 0.42177635
vn -0.11729939 -0.30689121 0.94448856
vn -0.11729939 -0.30689121 0.94448856
vn -0.11729939 -0.30689121 0.94448856
vn -0.13858132 -0.53760723 0.83172933
vn -0.13858132 -0.53760723 0.83172933
vn -0.13858132 -0.53760723 0.83172933
vn -0.15007234 -0.56417050 0.81190513
vn -0.15007234 -0.56417050 0.81190513
vn -0.15007234 -0.56417050 0.81190513
vn -0.21550392 -0.54090944 0.81300371
vn -0.21550392 -0.54090944 0.81300371
vn -0.21550392 -0.54090944 0.81300371
vn -0.08948806 -0.32940210 0.93993944
vn -0.08948806 -0.32940210 0.93993944
vn -0.08948806 -0.32940210 0.93993944
vn -0.08434624 -0.31714554 0.94461866
vn -0.08434624 -0.31714554 0.94461866
vn -0.08434624 -0.31714554 0.94461866
vn -0.22919112 -0.52103971 0.82218554
vn -0.22919112 -0.52103971 0.82218554
vn -0.22919112 -0.52103971 0.82218554
vn 0.52707997 -0.73579340 0.42519969
vn 0.52707997 -0.73579340 0.42519969
vn 0.52707997 -0.73579340 0.42519969
vn 0.56625480 -0.79641425 0.21232017
vn 0.56625480 -0.79641425 0.21232017
vn 0.56625480 -0.79641425 0.21232017
vn -0.12920985 -0.28413964 0.95003657
vn -0.12920985 -0.28413964 0.95003657
vn -0.12920985 -0.28413964 0.95003657
vn -0.58326451 -0.77346540 0.24810034
vn -0.58326451 -0.77346540 0.24810034
vn -0.58326451 -0.77346540 0.24810034
vn -0.56846194 -0.75992012 0.31523392
vn -0.56846194 -0.75992012 0.31523392
vn -0.56846194 -0.75992012 0.31523392
vn 0.15139305 -0.39050315 0.90806797
vn 0.15139305 -0.39050315 0.90806797
vn 0.15139305 -0.39050315 0.90806797
vn -0.50336424 -0.66043653 0.55717864
vn 0.07859048 -0.19682313 0.97728409
vn 0.07859048 -0.19682313 0.97728409
vn 0.07859048 -0.19682313 0.97728409
vn 0.10128272 -0.27537588 0.95598637
vn 0.10128272 -0.27537588 0.95598637
vn 0.10128272 -0.27537588 0.95598637
vn -0.51461180 -0.62899209 0.58270375
vn -0.51461180 -0.62899209 0.58270375
vn -0.51461180 -0.62899209 0.58270375
vn -0.62297638 -0.73757085 0.26055647
vn -0.62297638 -0.73757085 0.26055647
vn -0.62297638 -0.73757085 0.26055647
vn -0.61055938 -0.72286978 0.32353751
vn -0.61055938 -0.72286978 0.32353751
vn -0.61055938 -0.72286978 0.32353751
vn 0.13017254 -0.42616023 0.89523325
vn 0.13017254 -0.42616023 0.89523325
vn 0.13017254 -0.42616023 0.89523325
vn -0.53777575 -0.61516605 0.57651365
vn -0.53777575 -0.61516605 0.57651365
vn -0.53777575 -0.61516605 0.57651365
vn -0.44420830 -0.86949197 0.21601552
vn -0.44420830 -0.86949197 0.21601552
vn -0.44420830 -0.86949197 0.21601552
vn 0.09356495 -0.28151245 0.95498499
vn 0.09356495 -0.28151245 0.95498499
vn 0.09356495 -0.28151245 0.95498499
vn -0.44288743 -0.84165559 0.30897669
vn -0.44288743 -0.84165559 0.30897669
vn -0.44288743 -0.84165559 0.30897669
vn -0.40336390 -0.79839344 0.44706316
vn -0.40336390 -0.79839344 0.44706316
vn -0.40336390 -0.79839344 0.44706316
vn -0.38000167 -0.72586291 0.57334262
vn -0.38000167 -0.72586291 0.57334262
vn -0.38000167 -0.72586291 0.57334262
vn -0.64347091 -0.68190207 0.34778550
vn -0.64347091 -0.68190207 0.34778550
vn -0.64347091 -0.68190207 0.34778550
vn -0.65003990 -0.68367666 0.33171426
vn -0.65003990 -0.68367666 0.33171426
vn -0.65003990 -0.68367666 0.33171426
vn -0.33829215 -0.67545094 0.65522855
vn -0.33829215 -0.67545094 0.65522855
vn -0.33829215 -0.67545094 0.65522855
vn -0.25520203 -0.48849688 0.83441160
vn -0.25520203 -0.48849688 0.83441160
vn -0.25520203 -0.48849688 0.83441160
vn -0.27310320 -0.51267338 0.81399057
vn -0.27310320 -0.51267338 0.81399057
vn -0.27310320 -0.51267338 0.81399057
vn 0.00000000 0.00000000 1.00000000
vn 0.00000000 0.00000000 1.00000000
vn 0.00000000 0.00000000 1.00000000
vn 0.00000000 0.00000000 1.00000000
vn 0.00000000 0.00000000 1.00000000
vn 0.00000000 0.00000000 1.00000000
vn 0.00000000 0.00000000 1.00000000
vn 0.00000000 0.00000000 1.00000000
vn 0.00000000 0.00000000 1.00000000
vn 0.00000000 0.00000000 1.00000000
vn 0.00000000 0.00000000 1.00000000
vn 0.00000000 0.00000000 1.00000000
vn 0.00000000 0.00000000 1.00000000
vn 0.00000000 0.00000000 1.00000000
vn 0.00000000 0.00000000 1.00000000
vn 0.00000000 0.00000000 1.00000000
vn 0.00000000 0.00000000 1.00000000
vn 0.00000000 0.00000000 1.00000000
vn 0.00000000 0.00000000 1.00000000
vn 0.00000000 0.00000000 1.00000000
vn 0.00000000 0.00000000 1.00000000
vn 0.00000000 0.00000000 1.00000000
vn 0.00000000 0.00000000 1.00000000
vn 0.00000000 0.00000000 1.00000000
vn 0.00000000 0.00000000 1.00000000
vn 0.00000000 0.00000000 1.00000000
vn 0.00000000 0.00000000 1.00000000
vn 0.00000000 0.00000000 1.00000000
vn 0.96929302 0.24589752 0.00233456
vn 0.96929302 0.24589752 0.00233456
vn 0.96929302 0.24589752 0.00233456
vn 0.96555620 0.26018485 -0.00224971
vn 0.96555620 0.26018485 -0.00224971
vn 0.96555620 0.26018485 -0.00224971
vn 0.98884530 0.14894368 -0.00086787
vn 0.98884530 0.14894368 -0.00086787
vn 0.98884530 0.14894368 -0.00086787
vn 0.98835460 0.15216791 0.00032237
vn 0.98835460 0.15216791 0.00032237
vn 0.98835460 0.15216791 0.00032237
vn 0.99963699 0.02658056 0.00440133
vn 0.99963699 0.02658056 0.00440133
vn 0.99963699 0.02658056 0.00440133
vn 0.99877740 0.04937552 -0.00240083
vn 0.99877740 0.04937552 -0.00240083
vn 0.99877740 0.04937552 -0.00240083
vn -0.38483328 -0.92295889 -0.00708698
vn -0.38483328 -0.92295889 -0.00708698
vn -0.38483328 -0.92295889 -0.00708698
vn -0.48896724 -0.87227822 0.00646004
vn -0.48896724 -0.87227822 0.00646004
vn -0.48896724 -0.87227822 0.00646004
vn 0.84776457 -0.53035316 -0.00455759
vn 0.84776457 -0.53035316 -0.00455759
vn 0.84776457 -0.53035316 -0.00455759
vn 0.83687048 -0.54740091 0.00019196
vn 0.83687048 -0.54740091 0.00019196
vn 0.83687048 -0.54740091 0.00019196
vn -0.66308177 -0.74851148 -0.00728939
vn -0.66308177 -0.74851148 -0.00728939
vn -0.66308177 -0.74851148 -0.00728939
vn -0.71640192 -0.69768079 0.00313083
vn -0.71640192 -0.69768079 0.00313083
vn -0.71640192 -0.69768079 0.00313083
vn 0.67709379 -0.73586733 0.00657800
vn 0.67709379 -0.73586733 0.00657800
vn 0.67709379 -0.73586733 0.00657800
vn -0.85186480 -0.52376109 0.00082958
vn -0.85186480 -0.52376109 0.00082958
vn -0.85186480 -0.52376109 0.00082958
vn -0.86981215 -0.49335680 -0.00508919
vn -0.86981215 -0.49335680 -0.00508919
vn -0.86981215 -0.49335680 -0.00508919
vn 0.57185483 -0.82030863 -0.00870675
vn 0.57185483 -0.82030863 -0.00870675
vn 0.57185483 -0.82030863 -0.00870675
vn 0.46265209 -0.88651672 0.00641477
vn 0.46265209 -0.88651672 0.00641477
vn 0.46265209 -0.88651672 0.00641477
vn -0.96613868 -0.25798284 0.00457244
vn -0.96613868 -0.25798284 0.00457244
vn -0.96613868 -0.25798284 0.00457244
vn -0.97764834 -0.21023337 -0.00237737
vn -0.97764834 -0.21023337 -0.00237737
vn -0.97764834 -0.21023337 -0.00237737
vn 0.26171572 -0.96511846 -0.00715774
vn 0.26171572 -0.96511846 -0.00715774
vn 0.26171572 -0.96511846 -0.00715774
vn 0.14889841 -0.98880864 0.00931295
vn 0.14889841 -0.98880864 0.00931295
vn 0.14889841 -0.98880864 0.00931295
vn -0.99999193 0.00391590 0.00089519
vn -0.99999252 0.00376746 0.00087173
vn -0.99998656 0.00507098 0.00107772
vn -0.99998587 0.00520154 0.00109835
vn -0.06503721 -0.99783367 -0.00990589
vn -0.06503721 -0.99783367 -0.00990589
vn -0.06503721 -0.99783367 -0.00990589
vn -0.21971209 -0.97552956 0.00828741
vn -0.21971209 -0.97552956 0.00828741
vn -0.21971209 -0.97552956 0.00828741
vn -0.99898703 0.04429628 0.00792138
vn -0.99898703 0.04429628 0.00792138
vn -0.99898703 0.04429628 0.00792138
vn -0.99531141 0.09644352 -0.00733783
vn -0.99531141 0.09644352 -0.00733783
vn -0.99531141 0.09644352 -0.00733783
vn -0.97239824 0.23331888 0.00198997
vn -0.97239824 0.23331888 0.00198997
vn -0.97239824 0.23331888 0.00198997
vn -0.97399330 0.22657638 -0.00043473
vn -0.97399330 0.22657638 -0.00043473
vn -0.97399330 0.22657638 -0.00043473
vn -0.09049023 0.99588100 0.00570535
vn -0.09049023 0.99588100 0.00570535
vn -0.09049023 0.99588100 0.00570535
vn 0.14022652 0.99010896 0.00455671
vn 0.14022652 0.99010896 0.00455671
vn 0.14022652 0.99010896 0.00455671
vn 0.05880423 0.99826353 -0.00346164
vn 0.05880423 0.99826353 -0.00346164
vn 0.05880423 0.99826353 -0.00346164
vn -0.99977175 0.02132646 0.00127829
vn -0.99977175 0.02132646 0.00127829
vn -0.99977175 0.02132646 0.00127829
vn -0.99997182 -0.00375443 0.00650100
vn -0.99997182 -0.00375443 0.00650100
vn -0.99997182 -0.00375443 0.00650100
vn 0.28627110 0.95812261 -0.00706508
vn 0.28627110 0.95812261 -0.00706508
vn 0.28627110 0.95812261 -0.00706508
vn -0.97762279 0.21022828 -0.00759943
vn -0.97762279 0.21022828 -0.00759943
vn -0.97762279 0.21022828 -0.00759943
vn 0.45362747 0.89115888 0.00761436
vn 0.45362747 0.89115888 0.00761436
vn 0.45362747 0.89115888 0.00761436
vn -0.91665432 0.39953978 0.01062148
vn -0.91665432 0.39953978 0.01062148
vn -0.91665432 0.39953978 0.01062148
vn 0.57185497 0.82030853 -0.00870675
vn 0.57185497 0.82030853 -0.00870675
vn 0.57185497 0.82030853 -0.00870675
vn 0.67709392 0.73586722 0.00657800
vn 0.67709392 0.73586722 0.00657800
vn 0.67709392 0.73586722 0.00657800
vn -0.86980300 0.49335193 -0.00682732
vn -0.86980300 0.49335193 -0.00682732
vn -0.86980300 0.49335193 -0.00682732
vn -0.68619755 0.72739851 0.00493340
vn -0.68619755 0.72739851 0.00493340
vn -0.68619755 0.72739851 0.00493340
vn 0.84776466 0.53035301 -0.00455759
vn 0.84776466 0.53035301 -0.00455759
vn 0.84776466 0.53035301 -0.00455759
vn 0.83687058 0.54740077 0.00019196
vn 0.83687058 0.54740077 0.00019196
vn 0.83687058 0.54740077 0.00019196
vn -0.66444012 0.74734088 -0.00096808
vn -0.66444012 0.74734088 -0.00096808
vn -0.66444012 0.74734088 -0.00096808
vn -0.38501075 0.92289685 0.00530336
vn -0.38501075 0.92289685 0.00530336
vn -0.38501075 0.92289685 0.00530336
vn -0.42208711 0.90655490 -0.00082543
vn -0.42208711 0.90655490 -0.00082543
vn -0.42208711 0.90655490 -0.00082543
vn -0.21528037 0.97653542 -0.00573829
vn -0.21528037 0.97653542 -0.00573829
vn -0.21528037 0.97653542 -0.00573829
vn 0.00000000 0.00000000 1.00000000
vn 0.00000000 0.00000000 1.00000000
vn 0.00000000 0.00000000 1.00000000
vn 0.00000000 0.00000000 1.00000000
vn 0.00000000 0.00000000 1.00000000
vn 0.00000000 0.00000000 1.00000000
vn 0.00000000 0.00000000 1.00000000
vn 0.00000000 0.00000000 1.00000000
vn 0.00000000 0.00000000 1.00000000
vn 0.00000000 0.00000000 1.00000000
vn 0.00000000 0.00000000 1.00000000
vn 0.00000000 0.00000000 1.00000000
vn 0.00000000 0.00000000 1.00000000
vn 0.00000000 0.00000000 1.00000000
vn 0.00000000 0.00000000 1.00000000
vn 0.00000000 0.00000000 1.00000000
vn 0.00000000 0.00000000 1.00000000
vn 0.00000000 0.00000000 1.00000000
vn 0.00000000 0.00000000 1.00000000
vn 0.00000000 0.00000000 1.00000000
vn 0.00000000 0.00000000 1.00000000
vn 0.00000000 0.00000000 1.00000000
vn 0.00000000 0.00000000 1.00000000
vn 0.00000000 0.00000000 1.00000000
vn 0.00000000 0.00000000 1.00000000
vn 0.00000000 0.00000000 1.00000000
vn -0.96349618 -0.26772063 -0.00087915
vn -0.96349618 -0.26772063 -0.00087915
vn -0.96349618 -0.26772063 -0.00087915
vn -0.96056033 -0.27804318 -0.00397978
vn -0.96056033 -0.27804318 -0.00397978
vn -0.96056033 -0.27804318 -0.00397978
vn -0.98450831 -0.17532425 0.00218935
vn -0.98450831 -0.17532425 0.00218935
vn -0.98450831 -0.17532425 0.00218935
vn -0.98786512 -0.15525835 -0.00416481
vn -0.98786512 -0.15525835 -0.00416481
vn -0.98786512 -0.15525835 -0.00416481
vn -0.99819980 -0.05986807 0.00360301
vn -0.99819980 -0.05986807 0.00360301
vn -0.99819980 -0.05986807 0.00360301
vn -0.99944060 -0.03330049 -0.00309264
vn -0.99944060 -0.03330049 -0.00309264
vn -0.99944060 -0.03330049 -0.00309264
vn -0.99944249 0.03324411 0.00308738
vn -0.99944249 0.03324411 0.00308738
vn -0.99944249 0.03324411 0.00308738
vn -0.99819971 0.05986824 -0.00362298
vn -0.99819971 0.05986824 -0.00362298
vn -0.99819971 0.05986824 -0.00362298
vn -0.98538259 0.17027121 0.00537273
vn -0.98538259 0.17027121 0.00537273
vn -0.98538259 0.17027121 0.00537273
vn -0.98159460 0.19093135 -0.00415558
vn -0.98159460 0.19093135 -0.00415558
vn -0.98159460 0.19093135 -0.00415558
vn 0.48517199 0.87441848 -0.00067624
vn 0.48517199 0.87441848 -0.00067624
vn 0.48517199 0.87441848 -0.00067624
vn 0.49129594 0.87098984 -0.00223701
vn 0.49129594 0.87098984 -0.00223701
vn 0.49129594 0.87098984 -0.00223701
vn -0.92071413 0.39020367 0.00515655
vn -0.92071413 0.39020367 0.00515655
vn -0.92071413 0.39020367 0.00515655
vn -0.90945676 0.41579607 -0.00142378
vn -0.90945676 0.41579607 -0.00142378
vn -0.90945676 0.41579607 -0.00142378
vn 0.75593944 0.65463775 0.00223340
vn 0.75593944 0.65463775 0.00223340
vn 0.75593944 0.65463775 0.00223340
vn 0.76001997 0.64989917 0.00084316
vn 0.76001997 0.64989917 0.00084316
vn 0.76001997 0.64989917 0.00084316
vn -0.69159321 0.72228665 -0.00091352
vn -0.69159321 0.72228665 -0.00091352
vn -0.69159321 0.72228665 -0.00091352
vn -0.68185638 0.73148284 0.00217668
vn -0.68185638 0.73148284 0.00217668
vn -0.68185638 0.73148284 0.00217668
vn 0.94973760 0.31297722 0.00661431
vn 0.94973760 0.31297722 0.00661431
vn 0.94973760 0.31297722 0.00661431
vn 0.93186676 0.36278099 -0.00377922
vn 0.93186676 0.36278099 -0.00377922
vn 0.93186676 0.36278099 -0.00377922
vn -0.42776973 0.90388620 -0.00167248
vn -0.42776973 0.90388620 -0.00167248
vn -0.42776973 0.90388620 -0.00167248
vn 0.99923971 0.03848628 -0.00622989
vn 0.99923971 0.03848628 -0.00622989
vn 0.99923971 0.03848628 -0.00622989
vn -0.40188233 0.91568769 0.00257707
vn -0.40188233 0.91568769 0.00257707
vn -0.40188233 0.91568769 0.00257707
vn -0.20419765 0.97892524 -0.00294700
vn -0.20419765 0.97892524 -0.00294700
vn -0.20419765 0.97892524 -0.00294700
vn -0.14838686 0.98891792 0.00476248
vn -0.14838686 0.98891792 0.00476248
vn -0.14838686 0.98891792 0.00476248
vn 0.12021548 0.99272928 -0.00606700
vn 0.12021548 0.99272928 -0.00606700
vn 0.12021548 0.99272928 -0.00606700
vn 0.16891325 0.98562423 0.00363153
vn 0.16891325 0.98562423 0.00363153
vn 0.16891325 0.98562423 0.00363153
vn 0.97227948 0.23381417 0.00188152
vn 0.97227948 0.23381417 0.00188152
vn 0.97227948 0.23381417 0.00188152
vn 0.97360336 0.22824658 -0.00003909
vn 0.97360336 0.22824658 -0.00003909
vn 0.97360336 0.22824658 -0.00003909
vn 0.99533396 0.09644554 -0.00292600
vn 0.99533396 0.09644554 -0.00292600
vn 0.99533396 0.09644554 -0.00292600
vn 0.99722281 0.07433648 0.00455664
vn 0.99722281 0.07433648 0.00455664
vn 0.99722281 0.07433648 0.00455664
vn 0.99533259 -0.09644557 -0.00335975
vn 0.99533259 -0.09644557 -0.00335975
vn 0.99533259 -0.09644557 -0.00335975
vn 0.99365049 -0.11249827 0.00168339
vn 0.99365049 -0.11249827 0.00168339
vn 0.99365049 -0.11249827 0.00168339
vn 0.97200420 -0.23496043 -0.00119612
vn 0.97212833 -0.23444561 -0.00132696
vn 0.97202913 -0.23485715 -0.00122237
vn 0.97215311 -0.23434270 -0.00135310
vn 0.99923466 0.03859878 -0.00634232
vn 0.99923466 0.03859878 -0.00634232
vn 0.99923466 0.03859878 -0.00634232
vn -0.15371714 0.69713548 0.70026649
vn -0.15371714 0.69713548 0.70026649
vn -0.15371714 0.69713548 0.70026649
vn -0.14492453 0.72196623 0.67658085
vn -0.14492453 0.72196623 0.67658085
vn -0.14492453 0.72196623 0.67658085
vn 0.04132175 0.68545910 0.72693765
vn 0.04132175 0.68545910 0.72693765
vn 0.04132175 0.68545910 0.72693765
vn 0.09430595 0.74010994 0.66584057
vn 0.09430595 0.74010994 0.66584057
vn 0.09430595 0.74010994 0.66584057
vn -0.70151467 -0.00102564 0.71265428
vn -0.70151467 -0.00102564 0.71265428
vn -0.70151467 -0.00102564 0.71265428
vn 0.19027479 0.64044379 0.74406132
vn 0.19027479 0.64044379 0.74406132
vn 0.19027479 0.64044379 0.74406132
vn -0.75665735 0.04570226 0.65221235
vn -0.75665735 0.04570226 0.65221235
vn -0.75665735 0.04570226 0.65221235
vn -0.65515135 0.14085156 0.74225168
vn -0.65515135 0.14085156 0.74225168
vn -0.65515135 0.14085156 0.74225168
vn 0.33341590 0.68770836 0.64489615
vn 0.33341590 0.68770836 0.64489615
vn 0.33341590 0.68770836 0.64489615
vn 0.36945965 0.53001714 0.76327020
vn 0.36945965 0.53001714 0.76327020
vn 0.36945965 0.53001714 0.76327020
vn -0.70070281 0.29497027 0.64962151
vn -0.70070281 0.29497027 0.64962151
vn -0.70070281 0.29497027 0.64962151
vn -0.57269334 0.32477351 0.75269151
vn -0.57269334 0.32477351 0.75269151
vn -0.57269334 0.32477351 0.75269151
vn 0.55249800 0.55341207 0.62328247
vn 0.55249800 0.55341207 0.62328247
vn 0.55249800 0.55341207 0.62328247
vn 0.53826106 0.35391732 0.76486441
vn 0.53826106 0.35391732 0.76486441
vn 0.53826106 0.35391732 0.76486441
vn -0.57062352 0.50374683 0.64855835
vn -0.57062352 0.50374683 0.64855835
vn -0.57062352 0.50374683 0.64855835
vn -0.44036237 0.49272175 0.75053732
vn -0.44036237 0.49272175 0.75053732
vn -0.44036237 0.49272175 0.75053732
vn -0.37969287 0.65881276 0.64946061
vn -0.37969287 0.65881276 0.64946061
vn -0.37969287 0.65881276 0.64946061
vn -0.28580361 0.61904047 0.73150885
vn -0.28580361 0.61904047 0.73150885
vn -0.28580361 0.61904047 0.73150885
vn 0.67386623 0.32708683 0.66250926
vn 0.67386623 0.32708683 0.66250926
vn 0.67386623 0.32708683 0.66250926
vn 0.65073651 0.17410527 0.73907330
vn 0.65073651 0.17410527 0.73907330
vn 0.65073651 0.17410527 0.73907330
vn 0.75073109 0.15708173 0.64166047
vn 0.75073109 0.15708173 0.64166047
vn 0.75073109 0.15708173 0.64166047
vn 0.67075565 0.10327011 0.73445364
vn 0.67075565 0.10327011 0.73445364
vn 0.67075565 0.10327011 0.73445364
vn 0.73362121 0.03626727 0.67859016
vn 0.73362121 0.03626727 0.67859016
vn 0.73362121 0.03626727 0.67859016
vn 0.73521503 0.03675447 0.67683674
vn 0.73521503 0.03675447 0.67683674
vn 0.73521503 0.03675447 0.67683674
vn -0.69887547 0.16325380 0.69636289
vn -0.69887547 0.16325380 0.69636289
vn -0.69887547 0.16325380 0.69636289
vn -0.67709552 0.15098054 0.72024060
vn -0.67709552 0.15098054 0.72024060
vn -0.67709552 0.15098054 0.72024060
vn -0.65490989 0.00698878 0.75567466
vn -0.65490989 0.00698878 0.75567466
vn -0.65490989 0.00698878 0.75567466
vn -0.72433690 0.03151182 0.68872567
vn -0.72433690 0.03151182 0.68872567
vn -0.72433690 0.03151182 0.68872567
vn -0.76117877 -0.08907937 0.64239532
vn -0.76117877 -0.08907937 0.64239532
vn -0.76117877 -0.08907937 0.64239532
vn -0.65894188 -0.14408505 0.73826492
vn -0.65894188 -0.14408505 0.73826492
vn -0.65894188 -0.14408505 0.73826492
vn -0.69830475 -0.17064177 0.69516319
vn -0.69830475 -0.17064177 0.69516319
vn -0.69830475 -0.17064177 0.69516319
vn -0.25282553 -0.60623290 0.75402979
vn -0.25282553 -0.60623290 0.75402979
vn -0.25282553 -0.60623290 0.75402979
vn -0.38053140 -0.66026744 0.64748958
vn -0.38053140 -0.66026744 0.64748958
vn -0.38053140 -0.66026744 0.64748958
vn -0.43600989 -0.49214736 0.75344964
vn -0.43600989 -0.49214736 0.75344964
vn -0.43600989 -0.49214736 0.75344964
vn 0.53826100 -0.35391741 0.76486441
vn 0.53826100 -0.35391741 0.76486441
vn 0.53826100 -0.35391741 0.76486441
vn -0.57062360 -0.50374673 0.64855835
vn -0.57062360 -0.50374673 0.64855835
vn -0.57062360 -0.50374673 0.64855835
vn 0.55249791 -0.55341216 0.62328247
vn 0.55249791 -0.55341216 0.62328247
vn 0.55249791 -0.55341216 0.62328247
vn -0.57269339 -0.32477341 0.75269151
vn -0.57269339 -0.32477341 0.75269151
vn -0.57269339 -0.32477341 0.75269151
vn 0.36945956 -0.53001721 0.76327020
vn 0.36945956 -0.53001721 0.76327020
vn 0.36945956 -0.53001721 0.76327020
vn -0.70070286 -0.29497015 0.64962151
vn -0.70070286 -0.29497015 0.64962151
vn -0.70070286 -0.29497015 0.64962151
vn 0.33341578 -0.68770842 0.64489615
vn 0.33341578 -0.68770842 0.64489615
vn 0.33341578 -0.68770842 0.64489615
vn -0.65515137 -0.14085145 0.74225168
vn -0.65515137 -0.14085145 0.74225168
vn -0.65515137 -0.14085145 0.74225168
vn -0.75665736 -0.04570213 0.65221235
vn -0.75665736 -0.04570213 0.65221235
vn -0.75665736 -0.04570213 0.65221235
vn -0.70151467 0.00102576 0.71265428
vn -0.70151467 0.00102576 0.71265428
vn -0.70151467 0.00102576 0.71265428
vn 0.17160996 -0.63293279 0.75494775
vn 0.17160996 -0.63293279 0.75494775
vn 0.17160996 -0.63293279 0.75494775
vn 0.09651967 -0.75748418 0.64567923
vn 0.09651967 -0.75748418 0.64567923
vn 0.09651967 -0.75748418 0.64567923
vn -0.04267992 -0.65481689 0.75458152
vn -0.04267992 -0.65481689 0.75458152
vn -0.04267992 -0.65481689 0.75458152
vn 0.65435721 -0.33183272 0.67948782
vn 0.65435721 -0.33183272 0.67948782
vn 0.65435721 -0.33183272 0.67948782
vn -0.15015646 -0.74802934 0.64645583
vn -0.15015646 -0.74802934 0.64645583
vn -0.15015646 -0.74802934 0.64645583
vn 0.31732020 0.56128571 0.76437311
vn 0.31732020 0.56128571 0.76437311
vn 0.31732020 0.56128571 0.76437311
vn -0.60607963 0.27488698 0.74639443
vn -0.60607963 0.27488698 0.74639443
vn -0.60607963 0.27488698 0.74639443
vn 0.45501077 0.62906275 0.63027396
vn 0.45501077 0.62906275 0.63027396
vn 0.45501077 0.62906275 0.63027396
vn -0.64318283 0.33957059 0.68629998
vn -0.64318283 0.33957059 0.68629998
vn -0.64318283 0.33957059 0.68629998
vn 0.50001825 0.42760108 0.75308636
vn 0.50001825 0.42760108 0.75308636
vn 0.50001825 0.42760108 0.75308636
vn 0.62892101 0.42491935 0.65107750
vn 0.62892101 0.42491935 0.65107750
vn 0.62892101 0.42491935 0.65107750
vn -0.50058896 0.50762257 0.70123464
vn -0.50058896 0.50762257 0.70123464
vn -0.50058896 0.50762257 0.70123464
vn -0.47581974 0.49926870 0.72410382
vn -0.47581974 0.49926870 0.72410382
vn -0.47581974 0.49926870 0.72410382
vn 0.61528946 0.24079107 0.75062544
vn 0.61528946 0.24079107 0.75062544
vn 0.61528946 0.24079107 0.75062544
vn 0.74080559 0.19806215 0.64185548
vn 0.74080559 0.19806215 0.64185548
vn 0.74080559 0.19806215 0.64185548
vn -0.32050810 0.65594990 0.68337712
vn -0.32050810 0.65594990 0.68337712
vn -0.32050810 0.65594990 0.68337712
vn -0.30453743 0.64517276 0.70072039
vn -0.30453743 0.64517276 0.70072039
vn -0.30453743 0.64517276 0.70072039
vn 0.07929921 0.65110588 0.75483294
vn 0.07929921 0.65110588 0.75483294
vn 0.07929921 0.65110588 0.75483294
vn 0.16200263 0.74326344 0.64908751
vn 0.16200263 0.74326344 0.64908751
vn 0.16200263 0.74326344 0.64908751
vn -0.14151697 0.66742266 0.73110870
vn -0.14151697 0.66742266 0.73110870
vn -0.14151697 0.66742266 0.73110870
vn 0.66129479 0.02536959 0.74969699
vn 0.66129479 0.02536959 0.74969699
vn 0.66129479 0.02536959 0.74969699
vn -0.09508926 0.75759168 0.64576534
vn -0.09508926 0.75759168 0.64576534
vn -0.09508926 0.75759168 0.64576534
vn 0.76087777 0.05671849 0.64641166
vn 0.76087777 0.05671849 0.64641166
vn 0.76087777 0.05671849 0.64641166
vn 0.62411728 0.11366223 0.77301910
vn 0.62411728 0.11366223 0.77301910
vn 0.62411728 0.11366223 0.77301910
vn 0.69851865 0.16799615 0.69559255
vn 0.69851865 0.16799615 0.69559255
vn 0.69851865 0.16799615 0.69559255
vn -0.62443260 -0.18045596 0.75994709
vn -0.62443260 -0.18045596 0.75994709
vn -0.62443260 -0.18045596 0.75994709
vn -0.74982119 -0.14943248 0.64454489
vn -0.74982119 -0.14943248 0.64454489
vn -0.74982119 -0.14943248 0.64454489
vn -0.67287639 -0.10575298 0.73215686
vn -0.67287639 -0.10575298 0.73215686
vn -0.67287639 -0.10575298 0.73215686
vn -0.74043892 -0.03067018 0.67142352
vn -0.74043892 -0.03067018 0.67142352
vn -0.74043892 -0.03067018 0.67142352
vn -0.71776155 -0.02391519 0.69587817
vn -0.71776155 -0.02391519 0.69587817
vn -0.71776155 -0.02391519 0.69587817
vn -0.66766121 0.04004379 0.74338752
vn -0.66766121 0.04004379 0.74338752
vn -0.66766121 0.04004379 0.74338752
vn -0.76046994 0.09158733 0.64288198
vn -0.76046994 0.09158733 0.64288198
vn -0.76046994 0.09158733 0.64288198
vn -0.64162269 0.12500803 0.75676504
vn -0.64162269 0.12500803 0.75676504
vn -0.64162269 0.12500803 0.75676504
vn -0.72694452 0.18715502 0.66070013
vn -0.72694452 0.18715502 0.66070013
vn -0.72694452 0.18715502 0.66070013
vn 0.69224205 0.02629929 0.72118603
vn 0.69224205 0.02629929 0.72118603
vn 0.69224205 0.02629929 0.72118603
vn 0.75204871 0.08424841 0.65370096
vn 0.75204871 0.08424841 0.65370096
vn 0.75204871 0.08424841 0.65370096
vn -0.59570590 -0.26927418 0.75672048
vn -0.59570590 -0.26927418 0.75672048
vn -0.59570590 -0.26927418 0.75672048
vn -0.74332628 -0.15248790 0.65131672
vn -0.74332628 -0.15248790 0.65131672
vn -0.74332628 -0.15248790 0.65131672
vn 0.68738727 -0.04846419 0.72467231
vn 0.68738727 -0.04846419 0.72467231
vn 0.68738727 -0.04846419 0.72467231
vn -0.68739119 -0.04827690 0.72468110
vn -0.68739119 -0.04827690 0.72468110
vn -0.68739119 -0.04827690 0.72468110
vn 0.74319017 -0.15240350 0.65149178
vn 0.74319017 -0.15240350 0.65149178
vn 0.74319017 -0.15240350 0.65149178
vn 0.59571500 -0.26908031 0.75678228
vn 0.59571500 -0.26908031 0.75678228
vn 0.59571500 -0.26908031 0.75678228
vn 0.60419987 -0.47477289 0.63994783
vn 0.60419987 -0.47477289 0.63994783
vn 0.60419987 -0.47477289 0.63994783
vn 0.45239506 -0.49173215 0.74400149
vn 0.45239506 -0.49173215 0.74400149
vn 0.45239506 -0.49173215 0.74400149
vn 0.33555320 -0.65137686 0.68052350
vn 0.33555320 -0.65137686 0.68052350
vn 0.33555320 -0.65137686 0.68052350
vn 0.29830016 -0.64043035 0.70771885
vn 0.29830016 -0.64043035 0.70771885
vn 0.29830016 -0.64043035 0.70771885
vn 0.03925023 -0.68090588 0.73131840
vn 0.03925023 -0.68090588 0.73131840
vn 0.03925023 -0.68090588 0.73131840
vn 0.06616276 -0.71348307 0.69754169
vn 0.06616276 -0.71348307 0.69754169
vn 0.06616276 -0.71348307 0.69754169
vn -0.28326307 -0.66189403 0.69401608
vn -0.28326307 -0.66189403 0.69401608
vn -0.28326307 -0.66189403 0.69401608
vn -0.31113580 -0.67806049 0.66590426
vn -0.31113580 -0.67806049 0.66590426
vn -0.31113580 -0.67806049 0.66590426
vn -0.45424859 -0.49146425 0.74304852
vn -0.45424859 -0.49146425 0.74304852
vn -0.45424859 -0.49146425 0.74304852
vn -0.60418710 -0.47458364 0.64010024
vn -0.60418710 -0.47458364 0.64010024
vn -0.60418710 -0.47458364 0.64010024
vn -0.59565434 -0.26912800 0.75681307
vn -0.59565434 -0.26912800 0.75681307
vn -0.59565434 -0.26912800 0.75681307
vn -0.74321920 -0.15238349 0.65146335
vn -0.74321920 -0.15238349 0.65146335
vn -0.74321920 -0.15238349 0.65146335
vn 0.68742025 -0.04837706 0.72464685
vn 0.68742025 -0.04837706 0.72464685
vn 0.68742025 -0.04837706 0.72464685
vn -0.68735069 -0.04830550 0.72471760
vn -0.68735069 -0.04830550 0.72471760
vn -0.68735069 -0.04830550 0.72471760
vn 0.74331470 -0.15251405 0.65132382
vn 0.74331470 -0.15251405 0.65132382
vn 0.74331470 -0.15251405 0.65132382
vn 0.59572239 -0.26929683 0.75669944
vn 0.59572239 -0.26929683 0.75669944
vn 0.59572239 -0.26929683 0.75669944
vn 0.60420990 -0.47457982 0.64008155
vn 0.60420990 -0.47457982 0.64008155
vn 0.60420990 -0.47457982 0.64008155
vn 0.45244769 -0.49156242 0.74408163
vn 0.45244769 -0.49156242 0.74408163
vn 0.45244769 -0.49156242 0.74408163
vn 0.31142711 -0.67873063 0.66508487
vn 0.31142711 -0.67873063 0.66508487
vn 0.31142711 -0.67873063 0.66508487
vn 0.31754378 -0.68214028 0.65867335
vn 0.31754378 -0.68214028 0.65867335
vn 0.31754378 -0.68214028 0.65867335
vn 0.03623671 -0.63990628 0.76759811
vn 0.03623671 -0.63990628 0.76759811
vn 0.03623671 -0.63990628 0.76759811
vn -0.07002563 -0.75574302 0.65111358
vn -0.07002563 -0.75574302 0.65111358
vn -0.07002563 -0.75574302 0.65111358
vn -0.26932977 -0.63052888 0.72793874
vn -0.26932977 -0.63052888 0.72793874
vn -0.26932977 -0.63052888 0.72793874
vn -0.33536443 -0.65101552 0.68096218
vn -0.33536443 -0.65101552 0.68096218
vn -0.33536443 -0.65101552 0.68096218
vn -0.45423227 -0.49155956 0.74299545
vn -0.45423227 -0.49155956 0.74299545
vn -0.45423227 -0.49155956 0.74299545
vn -0.60412442 -0.47470672 0.64006814
vn -0.60412442 -0.47470672 0.64006814
vn -0.60412442 -0.47470672 0.64006814
vn -0.59572244 -0.26929673 0.75669944
vn -0.59572244 -0.26929673 0.75669944
vn -0.59572244 -0.26929673 0.75669944
vn -0.74331473 -0.15251392 0.65132382
vn -0.74331473 -0.15251392 0.65132382
vn -0.74331473 -0.15251392 0.65132382
vn 0.68735068 -0.04830562 0.72471760
vn 0.68735068 -0.04830562 0.72471760
vn 0.68735068 -0.04830562 0.72471760
vn -0.68742026 -0.04837695 0.72464685
vn -0.68742026 -0.04837695 0.72464685
vn -0.68742026 -0.04837695 0.72464685
vn 0.74321917 -0.15238362 0.65146335
vn 0.74321917 -0.15238362 0.65146335
vn 0.74321917 -0.15238362 0.65146335
vn 0.59565430 -0.26912810 0.75681307
vn 0.59565430 -0.26912810 0.75681307
vn 0.59565430 -0.26912810 0.75681307
vn 0.60412434 -0.47470682 0.64006814
vn 0.60412434 -0.47470682 0.64006814
vn 0.60412434 -0.47470682 0.64006814
vn 0.45244096 -0.49165701 0.74402322
vn 0.45244096 -0.49165701 0.74402322
vn 0.45244096 -0.49165701 0.74402322
vn 0.33555163 -0.65137842 0.68052278
vn 0.33555163 -0.65137842 0.68052278
vn 0.33555163 -0.65137842 0.68052278
vn 0.29829710 -0.64043161 0.70771900
vn 0.29829710 -0.64043161 0.70771900
vn 0.29829710 -0.64043161 0.70771900
vn 0.03914376 -0.68077219 0.73144856
vn 0.03914376 -0.68077219 0.73144856
vn 0.03914376 -0.68077219 0.73144856
vn 0.06616993 -0.71348148 0.69754263
vn 0.06616993 -0.71348148 0.69754263
vn 0.06616993 -0.71348148 0.69754263
vn -0.28322032 -0.66184152 0.69408361
vn -0.28322032 -0.66184152 0.69408361
vn -0.28322032 -0.66184152 0.69408361
vn -0.31111190 -0.67801863 0.66595805
vn -0.31111190 -0.67801863 0.66595805
vn -0.31111190 -0.67801863 0.66595805
vn -0.45424259 -0.49146454 0.74305200
vn -0.45424259 -0.49146454 0.74305200
vn -0.45424259 -0.49146454 0.74305200
vn -0.60420998 -0.47457972 0.64008155
vn -0.60420998 -0.47457972 0.64008155
vn -0.60420998 -0.47457972 0.64008155
vn -0.59392105 -0.25449888 0.76320908
vn -0.59392105 -0.25449888 0.76320908
vn -0.59392105 -0.25449888 0.76320908
vn -0.74916325 -0.15363204 0.64432261
vn -0.74916325 -0.15363204 0.64432261
vn -0.74916325 -0.15363204 0.64432261
vn 0.68739118 -0.04827702 0.72468110
vn 0.68739118 -0.04827702 0.72468110
vn 0.68739118 -0.04827702 0.72468110
vn 0.74332626 -0.15248802 0.65131672
vn 0.74332626 -0.15248802 0.65131672
vn 0.74332626 -0.15248802 0.65131672
vn 0.59570586 -0.26927428 0.75672048
vn 0.59570586 -0.26927428 0.75672048
vn 0.59570586 -0.26927428 0.75672048
vn 0.60418702 -0.47458374 0.64010024
vn 0.60418702 -0.47458374 0.64010024
vn 0.60418702 -0.47458374 0.64010024
vn 0.45244766 -0.49156247 0.74408162
vn 0.45244766 -0.49156247 0.74408162
vn 0.45244766 -0.49156247 0.74408162
vn 0.31143754 -0.67871910 0.66509175
vn 0.31143754 -0.67871910 0.66509175
vn 0.31143754 -0.67871910 0.66509175
vn 0.31753410 -0.68211781 0.65870129
vn 0.31753410 -0.68211781 0.65870129
vn 0.31753410 -0.68211781 0.65870129
vn 0.03629468 -0.63990081 0.76759993
vn 0.03629468 -0.63990081 0.76759993
vn 0.03629468 -0.63990081 0.76759993
vn -0.07003777 -0.75585367 0.65098383
vn -0.07003777 -0.75585367 0.65098383
vn -0.07003777 -0.75585367 0.65098383
vn -0.26934770 -0.63066535 0.72781387
vn -0.26934770 -0.63066535 0.72781387
vn -0.26934770 -0.63066535 0.72781387
vn -0.33545117 -0.65117855 0.68076355
vn -0.33545117 -0.65117855 0.68076355
vn -0.33545117 -0.65117855 0.68076355
vn -0.45439680 -0.49162330 0.74285266
vn -0.45439680 -0.49162330 0.74285266
vn -0.45439680 -0.49162330 0.74285266
vn -0.60419996 -0.47477271 0.63994788
vn -0.60419996 -0.47477271 0.63994788
vn -0.60419996 -0.47477271 0.63994788
vn 0.00000000 0.00000000 1.00000000
vn 0.00000000 0.00000000 1.00000000
vn 0.00000000 0.00000000 1.00000000
vn 0.00000000 0.00000000 1.00000000
vn 0.00000000 0.00000000 1.00000000
vn 0.00000000 0.00000000 1.00000000
vn 0.00000000 0.00000000 1.00000000
vn 0.00000000 0.00000000 1.00000000
vn 0.00000000 0.00000000 1.00000000
vn 0.00000000 0.00000000 1.00000000
vn 0.00000000 0.00000000 1.00000000
vn 0.00000000 0.00000000 1.00000000
vn 0.00000000 0.00000000 1.00000000
vn 0.00000000 0.00000000 1.00000000
vn 0.00000000 0.00000000 1.00000000
vn 0.00000000 0.00000000 1.00000000
vn 0.00000000 0.00000000 1.00000000
vn 0.00000000 0.00000000 1.00000000
vn 0.00000000 0.00000000 1.00000000
vn 0.00000000 0.00000000 1.00000000
vn 0.00000000 0.00000000 1.00000000
vn 0.00000000 0.00000000 1.00000000
vn 0.00000000 0.00000000 1.00000000
vn 0.00000000 0.00000000 1.00000000
vn 0.00000000 0.00000000 1.00000000
vn 0.00000000 0.00000000 1.00000000
vn 0.00000000 0.00000000 1.00000000
vn 0.00000000 0.00000000 1.00000000
vn 0.00000000 0.00000000 1.00000000
vn 0.00000000 0.00000000 1.00000000
vn 0.00000000 0.00000000 1.00000000
vn 0.00000000 0.00000000 1.00000000
vn 0.00000000 0.00000000 1.00000000
vn 0.00000000 0.00000000 1.00000000
vn 0.00000000 0.00000000 1.00000000
vn 0.00000000 0.00000000 1.00000000
vn 0.00000000 0.00000000 1.00000000
vn 0.00000000 0.00000000 1.00000000
vn 0.00000000 0.00000000 1.00000000
vn 0.00000000 0.00000000 1.00000000
vn 0.00000000 0.00000000 1.00000000
vn 0.00000000 0.00000000 1.00000000
vn 0.00000000 0.00000000 1.00000000
vn 0.00000000 0.00000000 1.00000000
vn 0.00000000 0.00000000 1.00000000
vn 0.00000000 0.00000000 1.00000000
vn 0.00000000 0.00000000 1.00000000
vn 0.00000000 0.00000000 1.00000000
vn 0.00000000 0.00000000 1.00000000
vn 0.00000000 0.00000000 1.00000000
vn 0.00000000 0.00000000 1.00000000
vn 0.00000000 0.00000000 1.00000000
vn 0.00000000 0.00000000 1.00000000
vn 0.00000000 0.00000000 1.00000000
vn 0.00000000 0.00000000 1.00000000
vn 0.00000000 0.00000000 1.00000000
vn 0.00000000 0.00000000 1.00000000
f 1//1 2//2 3//3
f 4//4 5//5 6//6
f 7//7 8//8 9//9
f 10//10 11//11 12//12
f 13//13 14//14 15//15
f 16//16 17//17 18//18
f 19//19 20//20 21//21
f 22//22 23//23 24//24
f 25//25 26//26 27//27
f 28//28 29//29 30//30
f 31//31 32//32 33//33
f 34//34 35//35 36//36
f 37//37 38//38 39//39
f 40//40 41//41 42//42
f 43//43 44//44 45//45
f 46//46 47//47 48//48
f 49//49 50//50 51//51
f 52//52 53//53 54//54
f 55//55 56//56 57//57
f 58//58 59//59 60//60
f 61//61 62//62 63//63
f 64//64 65//65 66//66
f 67//67 68//68 69//69
f 70//70 71//71 72//72
f 73//73 74//74 75//75
f 76//76 77//77 78//78
f 79//79 80//80 81//81
f 82//82 83//83 84//84
f 85//85 86//86 87//87
f 88//88 89//89 90//90
f 91//91 92//92 93//93
f 94//94 95//95 96//96
f 97//97 98//98 99//99
f 100//100 101//101 102//102
f 103//103 104//104 105//105
f 106//106 107//107 108//108
f 109//109 110//110 111//111
f 112//112 113//113 114//114
f 115//115 116//116 117//117
f 118//118 119//119 120//120
f 121//121 122//122 123//123
f 124//124 125//125 126//126
f 127//127 128//128 129//129
f 130//130 131//131 132//132
f 133//133 134//134 135//135
f 136//136 137//137 138//138
f 139//139 140//140 141//141
f 142//142 143//143 144//144
f 145//145 146//146 147//147
f 148//148 149//149 150//150
f 151//151 152//152 153//153
f 154//154 155//155 156//156
f 157//157 158//158 159//159
f 160//160 161//161 162//162
f 163//163 164//164 165//165
f 166//166 167//167 168//168
f 169//169 170//170 171//171
f 172//172 173//173 174//174
f 175//175 176//176 177//177
f 178//178 179//179 180//180
f 181//181 182//182 183//183
f 184//184 185//185 186//186
f 187//187 188//188 189//189
f 190//190 191//191 192//192
f 193//193 194//194 195//195
f 196//196 197//197 198//198
f 199//199 200//200 201//201
f 202//202 203//203 204//204
f 205//205 206//206 207//207
f 208//208 209//209 210//210
f 211//211 212//212 213//213
f 214//214 215//215 216//216
f 217//217 218//218 219//219
f 220//220 221//221 222//222
f 223//223 224//224 225//225
f 226//226 227//227 228//228
f 229//229 230//230 231//231
f 232//232 233//233 234//234
f 235//235 236//236 237//237
f 238//238 239//239 240//240
f 241//241 242//242 243//243
f 244//244 245//245 246//246
f 247//247 248//248 249//249
f 250//250 251//251 252//252
f 253//253 254//254 255//255
f 256//256 257//257 258//258
f 259//259 260//260 261//261
f 262//262 263//263 264//264
f 265//265 266//266 267//267
f 268//268 269//269 270//270
f 271//271 272//272 273//273
f 274//274 275//275 276//276
f 277//277 278//278 279//279
f 280//280 281//281 282//282
f 283//283 284//284 285//285
f 286//286 287//287 288//288
f 289//289 290//290 291//291
f 292//292 293//293 294//294
f 295//295 296//296 297//297
f 298//298 299//299 300//300
f 301//301 302//302 303//303
f 304//304 305//305 306//306
f 307//307 305//305 304//304
f 308//308 309//309 310//310
f 311//311 312//312 313//313
f 314//314 315//315 316//316
f 317//317 318//318 319//319
f 320//320 321//321 322//322
f 323//323 324//324 325//325
f 326//326 327//327 328//328
f 329//329 330//330 331//331
f 332//332 333//333 334//334
f 335//335 336//336 337//337
f 338//338 339//339 340//340
f 341//341 342//342 343//343
f 344//344 345//345 346//346
f 347//347 348//348 349//349
f 350//350 351//351 352//352
f 353//353 354//354 355//355
f 356//356 357//357 358//358
f 359//359 360//360 361//361
f 361//361 360//360 362//362
f 363//363 364//364 365//365
f 366//366 367//367 368//368
f 369//369 370//370 371//371
f 372//372 373//373 374//374
f 375//375 376//376 377//377
f 378//378 379//379 380//380
f 381//381 382//382 383//383
f 384//384 385//385 386//386
f 387//387 388//388 389//389
f 390//390 391//391 392//392
f 393//393 394//394 395//395
f 396//396 397//397 398//398
f 399//399 400//400 401//401
f 402//402 403//403 404//404
f 405//405 406//406 407//407
f 408//408 409//409 410//410
f 411//411 412//412 413//413
f 414//414 415//415 416//416
f 417//417 418//418 419//419
f 420//420 421//421 422//422
f 423//423 424//424 425//425
f 426//426 427//427 428//428
f 429//429 430//430 431//431
f 432//432 433//433 434//434
f 435//435 436//436 437//437
f 438//438 439//439 440//440
f 441//441 442//442 443//443
f 444//444 445//445 446//446
f 447//447 448//448 449//449
f 450//450 451//451 452//452
f 453//453 454//454 455//455
f 456//456 457//457 458//458
f 459//459 460//460 461//461
f 462//462 463//463 464//464
f 465//465 466//466 467//467
f 468//468 469//469 470//470
f 471//471 472//472 473//473
f 474//474 475//475 476//476
f 477//477 478//478 479//479
f 480//480 481//481 482//482
f 483//483 484//484 485//485
f 486//486 487//487 488//488
f 489//489 490//490 491//491
f 344//344 492//492 493//493
f 494//494 495//495 496//496
f 497//497 498//498 499//499
f 384//384 386//386 500//500
f 501//501 502//502 503//503
f 504//504 505//505 506//506
f 507//507 508//508 509//509
f 510//510 511//511 512//512
f 513//513 514//514 515//515
f 516//516 517//517 518//518
f 519//519 520//520 521//521
f 522//522 523//523 524//524
f 525//525 526//526 527//527
f 528//528 529//529 530//530
f 531//531 532//532 533//533
f 534//534 535//535 536//536
f 537//537 538//538 539//539
f 540//540 541//541 542//542
f 543//543 544//544 545//545
f 546//546 547//547 548//548
f 549//549 550//550 551//551
f 552//552 553//553 554//554
f 555//555 556//556 557//557
f 558//558 559//559 560//560
f 561//561 562//562 563//563
f 564//564 565//565 566//566
f 567//567 568//568 569//569
f 570//570 571//571 572//572
f 573//573 574//574 575//575
f 576//576 577//577 578//578
f 579//579 580//580 581//581
f 582//582 583//583 584//584
f 585//585 586//586 587//587
f 588//588 589//589 590//590
f 591//591 592//592 593//593
f 594//594 595//595 596//596
f 597//597 598//598 599//599
f 600//600 601//601 602//602
f 603//603 604//604 605//605
f 606//606 607//607 608//608
f 609//609 610//610 611//611
f 612//612 613//613 614//614
f 615//615 616//616 617//617
f 618//618 619//619 620//620
f 621//621 622//622 623//623
f 624//624 625//625 626//626
f 627//627 628//628 629//629
f 630//630 631//631 632//632
f 633//633 634//634 635//635
f 636//636 637//637 638//638
f 639//639 640//640 641//641
f 638//638 637//637 642//642
f 643//643 644//644 645//645
f 646//646 647//647 648//648
f 649//649 650//650 651//651
f 652//652 653//653 654//654
f 655//655 656//656 657//657
f 658//658 659//659 660//660
f 661//661 662//662 663//663
f 664//664 665//665 666//666
f 667//667 668//668 669//669
f 670//670 671//671 672//672
f 673//673 674//674 675//675
f 676//676 677//677 678//678
f 679//679 680//680 681//681
f 682//682 683//683 684//684
f 685//685 686//686 687//687
f 688//688 689//689 690//690
f 691//691 692//692 693//693
f 694//694 695//695 696//696
f 697//697 698//698 699//699
f 700//700 701//701 702//702
f 703//703 704//704 705//705
f 706//706 707//707 708//708
f 709//709 710//710 711//711
f 712//712 713//713 714//714
f 715//715 716//716 717//717
f 718//718 719//719 720//720
f 721//721 722//722 723//723
f 724//724 725//725 726//726
f 727//727 728//728 729//729
f 730//730 731//731 732//732
f 733//733 734//734 735//735
f 736//736 737//737 738//738
f 739//739 740//740 741//741
f 742//742 743//743 744//744
f 745//745 746//746 747//747
f 748//748 749//749 750//750
f 751//751 752//752 753//753
f 754//754 755//755 756//756
f 757//757 758//758 759//759
f 760//760 758//758 757//757
f 761//761 762//762 763//763
f 764//764 765//765 766//766
f 767//767 768//768 769//769
f 770//770 771//771 772//772
f 773//773 774//774 775//775
f 776//776 777//777 778//778
f 779//779 780//780 781//781
f 782//782 783//783 784//784
f 785//785 786//786 787//787
f 788//788 789//789 790//790
f 791//791 792//792 793//793
f 794//794 795//795 796//796
f 797//797 798//798 799//799
f 800//800 801//801 802//802
f 803//803 804//804 805//805
f 806//806 807//807 808//808
f 809//809 810//810 811//811
f 812//812 813//813 814//814
f 815//815 816//816 817//817
f 818//818 819//819 820//820
f 817//817 816//816 821//821
f 822//822 823//823 824//824
f 825//825 826//826 827//827
f 828//828 826//826 825//825
f 829//829 830//830 831//831
f 832//832 833//833 834//834
f 835//835 836//836 837//837
f 838//838 839//839 840//840
f 841//841 842//842 843//843
f 844//844 845//845 846//846
f 847//847 848//848 849//849
f 850//850 851//851 852//852
f 853//853 854//854 855//855
f 856//856 857//857 858//858
f 859//859 860//860 861//861
f 862//862 863//863 864//864
f 865//865 866//866 867//867
f 868//868 869//869 870//870
f 871//871 872//872 873//873
f 874//874 875//875 876//876
f 877//877 878//878 879//879
f 880//880 881//881 882//882
f 883//883 884//884 885//885
f 886//886 887//887 888//888
f 889//889 890//890 891//891
f 892//892 893//893 894//894
f 895//895 896//896 897//897
f 898//898 899//899 900//900
f 901//901 902//902 903//903
f 904//904 905//905 906//906
f 907//907 908//908 909//909
f 910//910 911//911 912//912
f 913//913 914//914 915//915
f 916//916 917//917 918//918
f 919//919 920//920 921//921
f 922//922 923//923 924//924
f 925//925 926//926 927//927
f 928//928 929//929 930//930
f 931//931 932//932 933//933
f 934//934 935//935 936//936
f 937//937 938//938 939//939
f 940//940 941//941 942//942
f 943//943 944//944 945//945
f 946//946 947//947 948//948
f 949//949 950//950 951//951
f 952//952 953//953 954//954
f 955//955 956//956 957//957
f 958//958 959//959 960//960
f 961//961 962//962 963//963
f 964//964 965//965 966//966
f 967//967 968//968 969//969
f 970//970 968//968 967//967
f 971//971 972//972 973//973
f 974//974 975//975 976//976
f 976//976 975//975 977//977
f 978//978 979//979 980//980
f 981//981 982//982 983//983
f 984//984 985//985 986//986
f 987//987 988//988 989//989
f 990//990 991//991 992//992
f 993//993 994//994 995//995
f 996//996 997//997 998//998
f 999//999 1000//1000 1001//1001
f 1002//1002 1003//1003 1004//1004
f 1005//1005 1006//1006 1007//1007
f 1008//1008 1009//1009 1010//1010
f 1011//1011 1012//1012 1013//1013
f 1014//1014 1015//1015 1016//1016
f 1017//1017 1018//1018 1019//1019
f 1020//1020 1021//1021 1022//1022
f 1023//1023 1024//1024 1025//1025
f 1026//1026 1027//1027 1028//1028
f 1029//1029 1030//1030 1031//1031
f 1032//1032 1033//1033 1034//1034
f 1035//1035 1036//1036 1037//1037
f 1038//1038 1039//1039 1040//1040
f 1041//1041 1042//1042 1043//1043
f 1044//1044 1045//1045 1046//1046
f 1047//1047 1048//1048 1049//1049
f 1050//1050 1051//1051 1052//1052
f 1053//1053 1054//1054 1055//1055
f 1056//1056 1057//1057 1058//1058
f 1059//1059 1060//1060 1061//1061
f 1062//1062 1063//1063 1064//1064
f 1065//1065 1066//1066 1067//1067
f 1068//1068 1069//1069 1070//1070
f 1071//1071 1072//1072 1073//1073
f 1074//1074 1075//1075 1076//1076
f 1077//1077 1078//1078 1079//1079
f 1080//1080 1081//1081 1082//1082
f 1083//1083 1084//1084 1085//1085
f 1086//1086 1087//1087 1088//1088
f 1089//1089 1090//1090 1091//1091
f 1092//1092 1093//1093 1094//1094
f 1095//1095 1096//1096 1097//1097
f 1098//1098 1099//1099 1100//1100
f 1101//1101 1102//1102 1103//1103
f 1104//1104 1105//1105 1106//1106
f 1107//1107 1108//1108 1109//1109
f 1110//1110 1111//1111 1112//1112
f 1113//1113 1114//1114 1115//1115
f 1116//1116 1117//1117 1118//1118
f 1119//1119 1120//1120 1121//1121
f 1122//1122 1123//1123 1124//1124
f 1125//1125 1126//1126 1127//1127
f 1128//1128 1129//1129 1130//1130
f 1131//1131 1132//1132 1133//1133
f 1134//1134 1135//1135 1136//1136
f 1137//1137 1138//1138 1139//1139
f 1140//1140 1141//1141 1142//1142
f 1143//1143 1144//1144 1145//1145
f 1146//1146 1147//1147 1148//1148
f 1149//1149 1150//1150 1151//1151
f 1152//1152 1153//1153 1154//1154
f 1155//1155 1156//1156 1157//1157
f 1158//1158 1159//1159 1160//1160
f 1161//1161 1162//1162 1163//1163
f 1164//1164 1165//1165 1166//1166
f 1167//1167 1168//1168 1169//1169
f 1170//1170 1171//1171 1172//1172
f 1173//1173 1174//1174 1175//1175
f 1176//1176 1177//1177 1178//1178
f 1179//1179 1180//1180 1181//1181
f 1182//1182 1183//1183 1184//1184
f 1185//1185 1186//1186 1187//1187
f 1188//1188 1189//1189 1190//1190
f 1191//1191 1192//1192 1193//1193
f 1194//1194 1195//1195 1196//1196
f 1197//1197 1198//1198 1199//1199
f 1200//1200 1201//1201 1202//1202
f 1203//1203 1204//1204 1205//1205
f 1206//1206 1207//1207 1208//1208
f 1209//1209 1210//1210 1211//1211
f 1212//1212 1213//1213 1214//1214
f 1215//1215 1216//1216 1217//1217
f 1218//1218 1219//1219 1220//1220
f 1221//1221 1222//1222 1223//1223
f 1224//1224 1225//1225 1226//1226
f 1227//1227 1228//1228 1229//1229
f 1230//1230 1231//1231 1232//1232
f 1233//1233 1234//1234 1235//1235
f 1236//1236 1237//1237 1238//1238
f 1239//1239 1240//1240 1241//1241
f 1242//1242 1243//1243 1244//1244
f 1245//1245 1246//1246 1247//1247
f 1248//1248 1249//1249 1250//1250
f 1251//1251 1252//1252 1253//1253
f 1254//1254 1255//1255 1256//1256
f 1257//1257 1258//1258 1259//1259
f 1260//1260 1261//1261 1262//1262
f 1263//1263 1264//1264 1265//1265
f 1266//1266 1267//1267 1268//1268
f 1269//1269 1270//1270 1271//1271
f 1272//1272 1273//1273 1274//1274
f 1275//1275 1276//1276 1277//1277
f 1278//1278 1279//1279 1280//1280
f 1281//1281 1282//1282 1283//1283
f 1284//1284 1285//1285 1286//1286
f 1287//1287 1288//1288 1289//1289
f 1290//1290 1291//1291 1292//1292
f 1293//1293 1294//1294 1295//1295
f 1296//1296 1297//1297 1298//1298
f 1299//1299 1300//1300 1301//1301
f 1302//1302 1303//1303 1304//1304
f 1305//1305 1306//1306 1307//1307
f 1308//1308 1309//1309 1310//1310
f 1311//1311 1312//1312 1313//1313
f 1314//1314 1315//1315 1316//1316
f 1316//1316 1315//1315 1317//1317
f 1318//1318 1319//1319 1320//1320
f 1321//1321 1322//1322 1323//1323
f 1324//1324 1322//1322 1321//1321
f 1325//1325 1326//1326 1327//1327
f 1328//1328 1329//1329 1330//1330
f 1331//1331 1332//1332 1333//1333
f 1334//1334 1335//1335 1336//1336
f 1337//1337 1338//1338 1339//1339
f 1340//1340 1341//1341 1342//1342
f 1343//1343 1344//1344 1345//1345
f 1346//1346 1347//1347 1348//1348
f 1349//1349 1350//1350 1351//1351
f 1352//1352 1353//1353 1354//1354
f 1355//1355 1356//1356 1357//1357
f 1358//1358 1359//1359 1360//1360
f 1361//1361 1362//1362 1363//1363
f 1364//1364 1365//1365 1366//1366
f 1367//1367 1368//1368 1369//1369
f 1370//1370 1371//1371 1372//1372
f 1373//1373 1374//1374 1375//1375
f 1376//1376 1377//1377 1378//1378
f 1379//1379 1380//1380 1381//1381
f 1382//1382 1383//1383 1384//1384
f 1385//1385 1386//1386 1387//1387
f 1388//1388 1389//1389 1390//1390
f 1391//1391 1392//1392 1393//1393
f 1394//1394 1395//1395 1396//1396
f 1397//1397 1398//1398 1399//1399
f 1400//1400 1401//1401 1402//1402
f 1403//1403 1404//1404 1405//1405
f 1406//1406 1407//1407 1408//1408
f 1409//1409 1410//1410 1411//1411
f 1412//1412 1413//1413 1414//1414
f 1415//1415 1416//1416 1417//1417
f 425//425 424//424 1418//1418
f 1419//1419 1420//1420 1421//1421
f 1422//1422 1423//1423 1424//1424
f 1425//1425 1426//1426 1427//1427
f 1428//1428 1429//1429 1430//1430
f 1431//1431 1432//1432 1433//1433
f 1434//1434 1435//1435 1436//1436
f 1437//1437 576//576 578//578
f 1438//1438 1439//1439 1440//1440
f 1441//1441 1439//1439 1438//1438
f 1442//1442 1443//1443 1444//1444
f 1445//1445 1446//1446 1447//1447
f 1448//1448 1449//1449 1450//1450
f 1451//1451 1452//1452 1453//1453
f 1454//1454 1455//1455 1456//1456
f 1457//1457 1458//1458 1459//1459
f 1460//1460 1461//1461 1462//1462
f 1463//1463 1464//1464 1465//1465
f 1466//1466 1467//1467 1468//1468
f 1469//1469 1470//1470 1471//1471
f 1472//1472 1473//1473 1474//1474
f 1475//1475 1476//1476 1477//1477
f 1478//1478 1479//1479 1480//1480
f 1481//1481 1482//1482 1483//1483
f 1484//1484 1485//1485 1486//1486
f 1487//1487 1488//1488 1489//1489
f 1490//1490 1491//1491 1492//1492
f 1493//1493 1494//1494 1495//1495
f 1496//1496 1497//1497 1498//1498
f 1499//1499 1500//1500 1501//1501
f 1502//1502 1503//1503 1504//1504
f 1505//1505 1506//1506 1507//1507
f 1508//1508 1509//1509 1510//1510
f 1511//1511 1512//1512 1513//1513
f 1514//1514 1515//1515 1516//1516
f 1517//1517 1518//1518 1519//1519
f 1520//1520 1521//1521 1522//1522
f 1523//1523 1524//1524 1525//1525
f 1526//1526 1527//1527 1528//1528
f 1529//1529 1530//1530 1531//1531
f 1532//1532 1533//1533 1534//1534
f 1535//1535 1536//1536 1537//1537
f 1538//1538 1539//1539 1540//1540
f 1541//1541 1542//1542 1543//1543
f 1544//1544 1545//1545 1546//1546
f 1547//1547 1548//1548 1549//1549
f 1550//1550 1551//1551 1552//1552
f 1553//1553 1554//1554 1555//1555
f 1556//1556 1557//1557 1558//1558
f 1559//1559 1560//1560 1561//1561
f 1562//1562 1563//1563 1564//1564
f 1565//1565 1566//1566 1567//1567
f 1568//1568 1569//1569 1570//1570
f 1571//1571 1572//1572 1573//1573
f 1574//1574 1575//1575 1576//1576
f 1577//1577 1224//1224 1226//1226
f 1578//1578 1579//1579 1580//1580
f 1581//1581 1582//1582 1583//1583
f 1584//1584 1585//1585 1586//1586
f 1587//1587 1588//1588 1589//1589
f 1590//1590 1591//1591 1592//1592
f 1593//1593 1594//1594 1595//1595
f 1596//1596 1597//1597 1598//1598
f 1599//1599 1600//1600 1601//1601
f 1602//1602 1603//1603 1604//1604
f 1605//1605 1606//1606 1607//1607
f 1608//1608 1609//1609 1610//1610
f 1611//1611 1612//1612 1613//1613
f 1614//1614 1615//1615 1616//1616
f 1617//1617 1618//1618 1619//1619
f 1620//1620 1621//1621 1622//1622
f 1623//1623 1624//1624 1625//1625
f 1626//1626 1627//1627 1628//1628
f 1629//1629 1630//1630 1631//1631
f 1632//1632 1633//1633 1634//1634
f 1635//1635 1636//1636 1637//1637
f 1638//1638 1639//1639 1640//1640
f 1641//1641 1642//1642 1643//1643
f 1644//1644 1645//1645 1646//1646
f 1647//1647 1648//1648 1649//1649
f 1650//1650 1651//1651 1652//1652
f 1653//1653 1654//1654 1655//1655
f 1656//1656 1657//1657 1658//1658
f 1659//1659 1660//1660 1661//1661
f 1662//1662 1663//1663 1664//1664
f 1665//1665 1666//1666 1667//1667
f 1668//1668 1669//1669 1670//1670
f 1671//1671 1672//1672 1673//1673
f 1674//1674 1675//1675 1676//1676
f 1677//1677 1678//1678 1679//1679
f 1680//1680 1681//1681 1682//1682
f 1683//1683 1684//1684 1685//1685
f 1686//1686 1687//1687 1688//1688
f 1689//1689 1690//1690 1691//1691
f 1692//1692 1693//1693 1694//1694
f 1695//1695 1696//1696 1697//1697
f 1698//1698 1699//1699 1700//1700
f 1701//1701 1702//1702 1703//1703
f 1704//1704 1705//1705 1706//1706
f 1707//1707 1708//1708 1709//1709
f 1710//1710 1711//1711 1712//1712
f 1713//1713 1714//1714 1715//1715
f 1716//1716 1717//1717 1718//1718
f 1719//1719 1720//1720 1721//1721
f 1722//1722 1723//1723 1724//1724
f 1725//1725 1726//1726 1727//1727
f 1728//1728 1729//1729 1730//1730
f 1731//1731 1732//1732 1733//1733
f 1734//1734 1735//1735 1736//1736
f 1737//1737 1738//1738 1739//1739
f 1740//1740 1741//1741 1742//1742
f 1743//1743 1744//1744 1745//1745
f 1746//1746 1747//1747 1748//1748
f 1749//1749 1750//1750 1751//1751
f 1752//1752 1753//1753 1754//1754
f 1755//1755 1756//1756 1757//1757
f 1758//1758 1759//1759 1760//1760
f 1761//1761 1762//1762 1763//1763
f 1764//1764 1765//1765 1766//1766
f 1767//1767 1768//1768 1769//1769
f 1770//1770 1771//1771 1772//1772
f 1773//1773 1774//1774 1775//1775
f 1776//1776 1777//1777 1778//1778
f 1779//1779 1780//1780 1781//1781
f 1782//1782 1783//1783 1784//1784
f 1785//1785 1786//1786 1787//1787
f 1788//1788 1789//1789 1790//1790
f 1791//1791 1792//1792 1793//1793
f 1794//1794 1795//1795 1796//1796
f 1797//1797 1798//1798 1799//1799
f 1800//1800 1801//1801 1802//1802
f 1803//1803 1804//1804 1805//1805
f 1806//1806 1807//1807 1808//1808
f 1809//1809 1810//1810 1811//1811
f 1812//1812 1813//1813 1814//1814
f 1815//1815 1816//1816 1817//1817
f 1818//1818 1819//1819 1820//1820
f 1821//1821 1822//1822 1823//1823
f 1824//1824 1825//1825 1826//1826
f 1827//1827 1828//1828 1829//1829
f 1830//1830 1831//1831 1832//1832
f 1833//1833 1834//1834 1835//1835
f 1836//1836 1837//1837 1838//1838
f 1839//1839 1840//1840 1841//1841
f 1842//1842 1843//1843 1844//1844
f 1845//1845 1846//1846 1847//1847
f 1848//1848 1849//1849 1850//1850
f 1851//1851 1852//1852 1853//1853
f 1854//1854 1855//1855 1856//1856
f 1857//1857 1858//1858 1859//1859
f 1860//1860 1861//1861 1862//1862
f 1863//1863 1864//1864 1865//1865
f 1866//1866 1867//1867 1868//1868
f 1869//1869 1870//1870 1871//1871
f 1872//1872 1873//1873 1874//1874
f 1875//1875 1876//1876 1877//1877
f 1878//1878 1879//1879 1880//1880
f 1881//1881 1882//1882 1883//1883
f 1884//1884 1885//1885 1886//1886
f 1887//1887 1888//1888 1889//1889
f 1890//1890 1891//1891 1892//1892
f 1893//1893 1894//1894 1895//1895
f 1896//1896 1897//1897 1898//1898
f 1899//1899 1900//1900 1901//1901
f 1902//1902 1903//1903 1904//1904
f 1905//1905 1906//1906 1907//1907
f 1908//1908 1909//1909 1910//1910
f 1911//1911 1912//1912 1913//1913
f 1914//1914 1915//1915 1916//1916
f 1917//1917 1918//1918 1919//1919
f 1920//1920 1921//1921 1922//1922
f 1923//1923 1924//1924 1925//1925
f 1926//1926 1927//1927 1928//1928
f 1929//1929 1930//1930 1931//1931
f 1932//1932 1933//1933 1934//1934
f 1935//1935 1936//1936 1937//1937
f 1938//1938 1939//1939 1940//1940
f 1941//1941 1942//1942 1943//1943
f 1944//1944 1945//1945 1946//1946
f 1947//1947 1948//1948 1949//1949
f 1950//1950 1951//1951 1952//1952
f 1953//1953 1954//1954 1955//1955
f 1956//1956 1957//1957 1958//1958
f 1959//1959 1960//1960 1961//1961
f 1962//1962 1963//1963 1964//1964
f 1965//1965 1966//1966 1967//1967
f 1968//1968 1969//1969 1970//1970
f 1971//1971 1972//1972 1973//1973
f 1974//1974 1975//1975 1976//1976
f 1977//1977 1978//1978 1979//1979
f 1980//1980 1981//1981 1982//1982
f 1983//1983 1984//1984 1985//1985
f 1986//1986 1987//1987 1988//1988
f 1989//1989 1990//1990 1991//1991
f 1992//1992 1993//1993 1994//1994
f 1995//1995 1996//1996 1997//1997
f 1998//1998 1999//1999 2000//2000
f 2001//2001 2002//2002 2003//2003
f 2004//2004 2005//2005 2006//2006
f 2007//2007 2008//2008 2009//2009
f 2010//2010 2011//2011 2012//2012
f 2013//2013 2014//2014 2015//2015
f 2016//2016 2017//2017 2018//2018
f 2019//2019 2020//2020 2021//2021
f 2022//2022 2023//2023 2024//2024
f 2025//2025 2026//2026 2027//2027
f 2028//2028 2029//2029 2030//2030
f 2031//2031 2032//2032 2033//2033
f 2034//2034 2035//2035 2036//2036
f 2037//2037 2038//2038 2039//2039
f 2040//2040 2041//2041 2042//2042
f 2043//2043 2044//2044 2045//2045
f 2046//2046 2047//2047 2048//2048
f 2049//2049 2050//2050 2051//2051
f 2052//2052 2053//2053 2054//2054
f 2055//2055 2056//2056 2057//2057
f 2058//2058 2059//2059 2060//2060
f 2061//2061 2062//2062 2063//2063
f 2064//2064 2065//2065 2066//2066
f 2067//2067 2068//2068 2069//2069
f 2070//2070 2071//2071 2072//2072
f 2073//2073 2074//2074 2075//2075
f 2076//2076 2077//2077 2078//2078
f 2079//2079 2080//2080 2081//2081
f 2082//2082 2083//2083 2084//2084
f 2085//2085 2086//2086 2087//2087
f 2088//2088 2089//2089 2090//2090
f 2091//2091 2092//2092 2093//2093
f 2094//2094 2095//2095 2096//2096
f 2097//2097 2098//2098 2099//2099
f 2100//2100 2101//2101 2102//2102
f 2103//2103 2104//2104 2105//2105
f 2106//2106 2107//2107 2108//2108
f 2109//2109 2110//2110 2111//2111
f 2112//2112 2113//2113 2114//2114
f 2115//2115 2116//2116 2117//2117
f 2118//2118 2119//2119 2120//2120
f 2121//2121 2122//2122 2123//2123
f 2124//2124 2125//2125 2126//2126
f 2127//2127 2128//2128 2129//2129
f 2130//2130 2131//2131 2132//2132
f 2133//2133 2134//2134 2135//2135
f 2136//2136 2137//2137 2138//2138
f 2139//2139 2140//2140 2141//2141
f 2142//2142 2143//2143 2144//2144
f 2145//2145 2146//2146 2147//2147
f 2148//2148 2149//2149 2150//2150
f 2151//2151 2152//2152 2153//2153
f 2154//2154 2155//2155 2156//2156
f 2157//2157 2158//2158 2159//2159
f 2160//2160 2161//2161 2162//2162
f 2163//2163 2164//2164 2165//2165
f 2166//2166 2167//2167 2168//2168
f 2169//2169 2170//2170 2171//2171
f 2172//2172 2173//2173 2174//2174
f 2175//2175 2176//2176 2177//2177
f 2178//2178 2179//2179 2180//2180
f 2181//2181 2182//2182 2183//2183
f 2184//2184 2185//2185 2186//2186
f 2187//2187 2188//2188 2189//2189
f 2190//2190 2191//2191 2192//2192
f 2193//2193 2194//2194 2195//2195
f 2196//2196 2197//2197 2198//2198
f 2199//2199 2200//2200 2201//2201
f 2202//2202 2203//2203 2204//2204
f 2205//2205 2206//2206 2207//2207
f 2208//2208 2209//2209 2210//2210
f 2211//2211 2212//2212 2213//2213
f 2214//2214 2215//2215 2216//2216
f 2217//2217 2218//2218 2219//2219
f 2220//2220 2221//2221 2222//2222
f 2223//2223 2224//2224 2225//2225
f 2226//2226 2227//2227 2228//2228
f 2229//2229 2230//2230 2231//2231
f 2232//2232 2233//2233 2234//2234
f 2235//2235 2236//2236 2237//2237
f 2238//2238 2239//2239 2240//2240
f 2241//2241 2242//2242 2243//2243
f 2244//2244 2245//2245 2246//2246
f 2247//2247 2248//2248 2249//2249
f 2250//2250 2251//2251 2252//2252
f 2253//2253 2254//2254 2255//2255
f 2256//2256 2257//2257 2258//2258
f 2259//2259 2260//2260 2261//2261
f 2262//2262 2263//2263 2264//2264
f 2265//2265 2266//2266 2267//2267
f 2268//2268 2269//2269 2270//2270
f 2271//2271 2272//2272 2273//2273
f 2274//2274 2275//2275 2276//2276
f 2277//2277 2278//2278 2279//2279
f 2280//2280 2281//2281 2282//2282
f 2283//2283 2284//2284 2285//2285
f 2286//2286 2287//2287 2288//2288
f 2289//2289 2290//2290 2291//2291
f 2292//2292 2293//2293 2294//2294
f 2295//2295 2296//2296 2297//2297
f 2298//2298 2299//2299 2300//2300
f 2301//2301 2302//2302 2303//2303
f 2304//2304 2305//2305 2306//2306
f 2307//2307 2308//2308 2309//2309
f 2310//2310 2311//2311 2312//2312
f 2313//2313 2314//2314 2315//2315
f 2316//2316 2317//2317 2318//2318
f 2319//2319 2320//2320 2321//2321
f 2322//2322 2323//2323 2324//2324
f 2325//2325 2326//2326 2327//2327
f 2328//2328 2329//2329 2330//2330
f 2331//2331 2332//2332 2333//2333
f 2334//2334 2335//2335 2336//2336
f 2337//2337 2338//2338 2339//2339
f 2340//2340 2341//2341 2342//2342
f 2343//2343 2344//2344 2345//2345
f 2346//2346 2347//2347 2348//2348
f 2349//2349 2350//2350 2351//2351
f 2352//2352 2353//2353 2354//2354
f 2355//2355 2356//2356 2357//2357
f 2358//2358 2359//2359 2360//2360
f 2361//2361 2362//2362 2363//2363
f 2364//2364 2365//2365 2366//2366
f 2367//2367 2368//2368 2369//2369
f 2370//2370 2371//2371 2372//2372
f 2373//2373 2374//2374 2375//2375
f 2376//2376 2377//2377 2378//2378
f 2379//2379 2380//2380 2381//2381
f 2382//2382 2383//2383 2384//2384
f 2385//2385 2386//2386 2387//2387
f 2388//2388 2389//2389 2390//2390
f 2391//2391 2392//2392 2393//2393
f 2394//2394 2395//2395 2396//2396
f 2397//2397 2398//2398 2399//2399
f 2400//2400 2401//2401 2402//2402
f 2403//2403 2404//2404 2405//2405
f 2406//2406 2407//2407 2408//2408
f 2409//2409 2410//2410 2411//2411
f 2412//2412 2413//2413 2414//2414
f 2415//2415 2416//2416 2417//2417
f 2418//2418 2419//2419 2420//2420
f 2421//2421 2422//2422 2423//2423
f 2424//2424 2425//2425 2426//2426
f 2427//2427 2428//2428 2429//2429
f 2430//2430 2431//2431 2432//2432
f 2433//2433 2434//2434 2435//2435
f 2436//2436 2437//2437 2438//2438
f 2439//2439 2440//2440 2441//2441
f 2442//2442 2443//2443 2444//2444
f 2445//2445 2446//2446 2447//2447
f 2448//2448 2449//2449 2450//2450
f 2451//2451 2452//2452 2453//2453
f 2454//2454 2455//2455 2456//2456
f 2457//2457 2458//2458 2459//2459
f 2460//2460 2461//2461 2462//2462
f 2463//2463 2464//2464 2465//2465
f 2466//2466 2467//2467 2468//2468
f 2469//2469 2470//2470 2471//2471
f 2472//2472 2473//2473 2474//2474
f 2475//2475 2476//2476 2477//2477
f 2478//2478 2479//2479 2480//2480
f 2481//2481 2482//2482 2483//2483
f 2484//2484 2485//2485 2486//2486
f 2487//2487 2488//2488 2489//2489
f 2490//2490 2491//2491 2492//2492
f 2493//2493 2494//2494 2495//2495
f 2496//2496 2497//2497 2498//2498
f 2499//2499 2500//2500 2501//2501
f 2502//2502 2503//2503 2504//2504
f 2505//2505 2506//2506 2507//2507
f 2508//2508 2509//2509 2510//2510
f 2511//2511 2512//2512 2513//2513
f 2514//2514 2515//2515 2516//2516
f 2517//2517 2518//2518 2519//2519
f 2520//2520 2521//2521 2522//2522
f 2523//2523 2524//2524 2525//2525
f 2526//2526 2527//2527 2528//2528
f 2529//2529 2530//2530 2531//2531
f 2532//2532 2533//2533 2534//2534
f 2535//2535 2536//2536 2537//2537
f 2538//2538 2539//2539 2540//2540
f 2541//2541 2542//2542 2543//2543
f 2544//2544 2545//2545 2546//2546
f 2547//2547 2548//2548 2549//2549
f 2550//2550 2551//2551 2552//2552
f 2553//2553 2554//2554 2555//2555
f 2556//2556 2557//2557 2558//2558
f 2559//2559 2560//2560 2561//2561
f 2562//2562 2563//2563 2564//2564
f 2565//2565 2566//2566 2567//2567
f 2568//2568 2569//2569 2570//2570
f 2571//2571 2572//2572 2573//2573
f 2574//2574 2575//2575 2576//2576
f 2577//2577 2578//2578 2579//2579
f 2580//2580 2581//2581 2582//2582
f 2583//2583 2584//2584 2585//2585
f 2586//2586 2587//2587 2588//2588
f 2589//2589 2590//2590 2591//2591
f 2592//2592 2593//2593 2594//2594
f 2595//2595 2596//2596 2597//2597
f 2598//2598 2599//2599 2600//2600
f 2601//2601 2602//2602 2603//2603
f 2604//2604 2605//2605 2606//2606
f 2607//2607 2608//2608 2609//2609
f 2610//2610 2611//2611 2612//2612
f 2613//2613 2614//2614 2615//2615
f 2616//2616 2617//2617 2618//2618
f 2619//2619 2617//2617 2616//2616
f 2620//2620 2621//2621 2622//2622
f 2623//2623 2624//2624 2625//2625
f 2626//2626 2627//2627 2628//2628
f 2628//2628 2627//2627 2629//2629
f 2630//2630 2631//2631 2632//2632
f 2632//2632 2631//2631 2633//2633
f 2634//2634 2635//2635 2636//2636
f 2637//2637 2638//2638 2639//2639
f 2640//2640 2641//2641 2642//2642
f 2643//2643 2641//2641 2640//2640
f 2644//2644 2645//2645 2646//2646
f 2647//2647 2648//2648 2649//2649
f 2650//2650 2651//2651 2652//2652
f 2653//2653 2654//2654 2655//2655
f 2656//2656 2657//2657 2658//2658
f 2659//2659 2660//2660 2661//2661
f 2662//2662 2663//2663 2664//2664
f 2665//2665 2666//2666 2667//2667
f 2668//2668 2669//2669 2670//2670
f 2671//2671 2672//2672 2673//2673
f 2674//2674 2675//2675 2676//2676
f 2677//2677 2678//2678 2679//2679
f 2680//2680 2681//2681 2682//2682
f 2683//2683 2684//2684 2685//2685
f 2686//2686 2687//2687 2688//2688
f 2689//2689 2690//2690 2691//2691
f 2692//2692 2693//2693 2694//2694
f 2695//2695 2696//2696 2697//2697
f 2698//2698 2699//2699 2700//2700
f 2701//2701 2702//2702 2703//2703
f 2704//2704 2705//2705 2706//2706
f 2707//2707 2708//2708 2709//2709
f 2710//2710 2711//2711 2712//2712
f 2713//2713 2714//2714 2715//2715
f 2716//2716 2717//2717 2718//2718
f 2719//2719 2720//2720 2721//2721
f 2722//2722 2723//2723 2724//2724
f 2725//2725 2726//2726 2727//2727
f 2728//2728 2729//2729 2730//2730
f 2731//2731 2732//2732 2733//2733
f 2734//2734 2735//2735 2736//2736
f 2737//2737 2738//2738 2739//2739
f 2740//2740 2741//2741 2742//2742
f 2743//2743 2744//2744 2745//2745
f 2746//2746 2747//2747 2748//2748
f 2749//2749 2750//2750 2751//2751
f 2752//2752 2753//2753 2754//2754
f 2755//2755 2756//2756 2757//2757
f 2758//2758 2759//2759 2760//2760
f 2761//2761 2762//2762 2763//2763
f 2764//2764 2765//2765 2766//2766
f 2767//2767 2768//2768 2769//2769
f 2770//2770 2771//2771 2772//2772
f 2773//2773 2774//2774 2775//2775
f 2776//2776 2777//2777 2778//2778
f 2779//2779 2780//2780 2781//2781
f 2782//2782 2783//2783 2784//2784
f 2785//2785 2786//2786 2787//2787
f 2788//2788 2789//2789 2790//2790
f 2791//2791 2792//2792 2793//2793
f 2794//2794 2795//2795 2796//2796
f 2797//2797 2798//2798 2799//2799
f 2800//2800 2801//2801 2802//2802
f 2803//2803 2804//2804 2805//2805
f 2806//2806 2807//2807 2808//2808
f 2809//2809 2810//2810 2811//2811
f 2812//2812 2813//2813 2814//2814
f 2815//2815 2816//2816 2817//2817
f 2818//2818 2819//2819 2820//2820
f 2821//2821 2822//2822 2823//2823
f 2824//2824 2825//2825 2826//2826
f 2827//2827 2828//2828 2829//2829
f 2830//2830 2828//2828 2827//2827
f 2831//2831 2832//2832 2833//2833
f 2834//2834 2835//2835 2836//2836
f 2835//2835 2837//2837 2836//2836
f 2838//2838 2839//2839 2840//2840
f 2841//2841 2842//2842 2843//2843
f 2844//2844 2845//2845 2846//2846
f 2847//2847 2848//2848 2849//2849
f 2850//2850 2851//2851 2852//2852
f 2853//2853 2851//2851 2850//2850
f 2854//2854 2855//2855 2856//2856
f 2857//2857 2858//2858 2859//2859
f 2860//2860 2861//2861 2862//2862
f 2863//2863 2864//2864 2865//2865
f 2866//2866 2867//2867 2868//2868
f 2868//2868 2867//2867 2869//2869
f 2870//2870 2871//2871 2872//2872
f 2873//2873 2874//2874 2875//2875
f 2876//2876 2874//2874 2873//2873
f 2877//2877 2878//2878 2879//2879
f 2880//2880 2881//2881 2882//2882
f 2883//2883 2884//2884 2885//2885
f 2886//2886 2887//2887 2888//2888
f 2889//2889 2890//2890 2891//2891
f 2892//2892 2893//2893 2894//2894
f 2895//2895 2896//2896 2897//2897
f 2898//2898 2899//2899 2900//2900
f 2901//2901 2902//2902 2903//2903
f 2904//2904 2905//2905 2906//2906
f 2907//2907 2908//2908 2909//2909
f 2910//2910 2911//2911 2912//2912
f 2913//2913 2914//2914 2915//2915
f 2916//2916 2917//2917 2918//2918
f 2919//2919 2920//2920 2921//2921
f 2922//2922 2923//2923 2924//2924
f 2925//2925 2926//2926 2927//2927
f 2928//2928 2929//2929 2930//2930
f 2931//2931 2932//2932 2933//2933
f 2934//2934 2935//2935 2936//2936
f 2937//2937 2938//2938 2939//2939
f 2940//2940 2941//2941 2942//2942
f 2943//2943 2944//2944 2945//2945
f 2946//2946 2947//2947 2948//2948
f 2949//2949 2950//2950 2951//2951
f 2952//2952 2953//2953 2954//2954
f 2955//2955 2956//2956 2957//2957
f 2958//2958 2959//2959 2960//2960
f 2961//2961 2962//2962 2963//2963
f 2964//2964 2965//2965 2966//2966
f 2967//2967 2968//2968 2969//2969
f 2970//2970 2971//2971 2972//2972
f 2973//2973 2974//2974 2975//2975
f 2976//2976 2977//2977 2978//2978
f 2979//2979 2980//2980 2981//2981
f 2982//2982 2983//2983 2984//2984
f 2985//2985 2986//2986 2987//2987
f 2988//2988 2989//2989 2990//2990
f 2991//2991 2992//2992 2993//2993
f 2994//2994 2995//2995 2996//2996
f 2997//2997 2998//2998 2999//2999
f 3000//3000 3001//3001 3002//3002
f 3003//3003 3004//3004 3005//3005
f 3006//3006 3007//3007 3008//3008
f 3009//3009 3010//3010 3011//3011
f 3012//3012 3013//3013 3014//3014
f 3015//3015 3016//3016 3017//3017
f 3018//3018 3019//3019 3020//3020
f 3021//3021 3022//3022 3023//3023
f 3024//3024 3025//3025 3026//3026
f 3027//3027 3028//3028 3029//3029
f 3030//3030 3031//3031 3032//3032
f 3033//3033 3034//3034 3035//3035
f 3034//3034 3036//3036 3035//3035
f 3037//3037 3038//3038 3039//3039
f 3040//3040 3041//3041 3042//3042
f 3043//3043 3044//3044 3045//3045
f 3046//3046 3047//3047 3048//3048
f 3049//3049 3050//3050 3051//3051
f 3052//3052 3053//3053 3054//3054
f 3055//3055 3056//3056 3057//3057
f 3058//3058 3059//3059 3060//3060
f 3061//3061 3062//3062 3063//3063
f 3064//3064 3065//3065 3066//3066
f 3067//3067 3068//3068 3069//3069
f 3070//3070 3071//3071 3072//3072
f 3073//3073 3074//3074 3075//3075
f 3076//3076 3077//3077 3078//3078
f 3076//3076 3079//3079 3077//3077
f 3080//3080 3081//3081 3082//3082
f 3083//3083 3084//3084 3085//3085
f 3086//3086 3087//3087 3088//3088
f 3089//3089 3090//3090 3091//3091
f 3092//3092 3093//3093 3094//3094
f 3095//3095 3096//3096 3097//3097
f 3098//3098 3099//3099 3100//3100
f 3101//3101 3102//3102 3103//3103
f 3104//3104 3105//3105 3106//3106
f 3107//3107 3108//3108 3109//3109
f 3110//3110 3111//3111 3112//3112
f 3113//3113 3114//3114 3115//3115
f 3116//3116 3117//3117 3118//3118
f 3119//3119 3120//3120 3121//3121
f 3122//3122 3123//3123 3124//3124
f 3125//3125 3126//3126 3127//3127
f 3128//3128 3129//3129 3130//3130
f 3131//3131 3132//3132 3133//3133
f 3134//3134 3135//3135 3136//3136
f 3137//3137 3138//3138 3139//3139
f 3140//3140 3141//3141 3142//3142
f 3143//3143 3144//3144 3145//3145
f 3146//3146 3147//3147 3148//3148
f 3149//3149 3150//3150 3151//3151
f 3152//3152 3153//3153 3154//3154
f 3155//3155 3156//3156 3157//3157
f 3158//3158 3159//3159 3160//3160
f 3161//3161 3162//3162 3163//3163
f 3164//3164 3165//3165 3166//3166
f 3167//3167 3168//3168 3169//3169
f 3170//3170 3171//3171 3172//3172
f 3173//3173 3174//3174 3175//3175
f 3176//3176 3177//3177 3178//3178
f 3179//3179 3180//3180 3181//3181
f 3182//3182 3183//3183 3184//3184
f 3185//3185 3186//3186 3187//3187
f 3188//3188 3189//3189 3190//3190
f 3191//3191 3192//3192 3193//3193
f 3194//3194 3195//3195 3196//3196
f 3197//3197 3198//3198 3199//3199
f 3200//3200 3201//3201 3202//3202
f 3203//3203 3204//3204 3205//3205
f 3206//3206 3207//3207 3208//3208
f 3209//3209 3210//3210 3211//3211
f 3212//3212 3213//3213 3214//3214
f 3215//3215 3216//3216 3217//3217
f 3218//3218 3219//3219 3220//3220
f 3221//3221 3222//3222 3223//3223
f 3224//3224 3225//3225 3226//3226
f 3227//3227 3228//3228 3229//3229
f 3230//3230 3231//3231 3232//3232
f 3233//3233 3234//3234 3235//3235
f 3236//3236 3237//3237 3238//3238
f 3239//3239 3240//3240 3241//3241
f 3242//3242 3243//3243 3244//3244
f 3245//3245 3246//3246 3247//3247
f 3248//3248 3249//3249 3250//3250
f 3251//3251 3252//3252 3253//3253
f 3254//3254 3255//3255 3256//3256
f 3257//3257 3258//3258 3259//3259
f 3260//3260 3261//3261 3262//3262
f 3263//3263 3264//3264 3265//3265
f 3266//3266 3267//3267 3268//3268
f 3269//3269 3270//3270 3271//3271
f 3272//3272 3273//3273 3274//3274
f 3275//3275 3276//3276 3277//3277
f 3278//3278 3279//3279 3280//3280
f 3281//3281 3282//3282 3283//3283
f 3284//3284 3285//3285 3286//3286
f 3287//3287 3288//3288 3289//3289
f 3290//3290 3291//3291 3292//3292
f 3293//3293 3294//3294 3295//3295
f 3296//3296 3297//3297 3298//3298
f 3299//3299 3300//3300 3301//3301
f 3302//3302 3303//3303 3304//3304
f 3305//3305 3306//3306 3307//3307
f 3308//3308 3309//3309 3310//3310
f 3311//3311 3312//3312 3313//3313
f 3314//3314 3315//3315 3316//3316
f 3317//3317 3318//3318 3319//3319
f 3320//3320 3321//3321 3322//3322
f 3323//3323 3324//3324 3325//3325
f 3326//3326 3327//3327 3328//3328
f 3329//3329 3330//3330 3331//3331
f 3332//3332 3333//3333 3334//3334
f 3335//3335 3336//3336 3337//3337
f 3338//3338 3339//3339 3340//3340
f 3341//3341 3342//3342 3343//3343
f 3344//3344 3345//3345 3346//3346
f 3347//3347 3348//3348 3349//3349
f 3350//3350 3351//3351 3352//3352
f 3353//3353 3354//3354 3355//3355
f 3356//3356 3357//3357 3358//3358
f 3359//3359 3360//3360 3361//3361
f 3362//3362 3363//3363 3364//3364
f 3365//3365 3366//3366 3367//3367
f 3368//3368 3369//3369 3370//3370
f 3371//3371 3372//3372 3373//3373
f 3374//3374 3375//3375 3376//3376
f 3377//3377 3378//3378 3379//3379
f 3380//3380 3381//3381 3382//3382
f 3383//3383 3384//3384 3385//3385
f 3386//3386 3387//3387 3388//3388
f 3389//3389 3390//3390 3391//3391
f 3392//3392 3393//3393 3394//3394
f 3395//3395 3396//3396 3397//3397
f 3398//3398 3399//3399 3400//3400
f 3401//3401 3402//3402 3403//3403
f 3404//3404 3405//3405 3406//3406
f 3407//3407 3408//3408 3409//3409
f 3410//3410 3411//3411 3412//3412
f 3413//3413 3414//3414 3415//3415
f 3416//3416 3417//3417 3418//3418
f 3419//3419 3420//3420 3421//3421
f 3422//3422 3423//3423 3424//3424
f 3425//3425 3426//3426 3427//3427
f 3428//3428 3429//3429 3430//3430
f 3431//3431 3432//3432 3433//3433
f 3434//3434 3435//3435 3436//3436
f 3437//3437 3438//3438 3439//3439
f 3440//3440 3441//3441 3442//3442
f 3443//3443 3444//3444 3445//3445
f 3446//3446 3447//3447 3448//3448
f 3449//3449 3450//3450 3451//3451
f 3452//3452 3453//3453 3454//3454
f 3455//3455 3456//3456 3457//3457
f 3458//3458 3459//3459 3460//3460
f 3461//3461 3462//3462 3463//3463
f 3464//3464 3465//3465 3466//3466
f 3467//3467 3468//3468 3469//3469
f 3470//3470 3471//3471 3472//3472
f 3473//3473 3474//3474 3475//3475
f 3476//3476 3477//3477 3478//3478
f 3479//3479 3480//3480 3481//3481
f 3482//3482 3483//3483 3484//3484
f 3485//3485 3486//3486 3487//3487
f 3488//3488 3489//3489 3490//3490
f 3491//3491 3492//3492 3493//3493
f 3494//3494 3495//3495 3496//3496
f 3497//3497 3498//3498 3499//3499
f 3500//3500 3501//3501 3502//3502
f 3503//3503 3504//3504 3505//3505
f 3506//3506 3507//3507 3508//3508
f 3509//3509 3510//3510 3511//3511
f 3512//3512 3513//3513 3514//3514
f 3515//3515 3516//3516 3517//3517
f 3518//3518 3519//3519 3520//3520
f 3521//3521 3522//3522 3523//3523
f 3524//3524 3525//3525 3526//3526
f 3527//3527 3528//3528 3529//3529
f 3530//3530 3531//3531 3532//3532
f 3533//3533 3534//3534 3535//3535
f 3536//3536 3537//3537 3538//3538
f 3539//3539 3540//3540 3541//3541
f 3542//3542 3543//3543 3544//3544
f 3545//3545 3546//3546 3547//3547
f 3548//3548 3549//3549 3550//3550
f 3551//3551 3552//3552 3553//3553
f 3554//3554 3555//3555 3556//3556
f 3557//3557 3558//3558 3559//3559
f 3560//3560 3561//3561 3562//3562
f 3563//3563 3564//3564 3565//3565
f 3566//3566 3567//3567 3568//3568
f 3569//3569 3570//3570 3571//3571
f 3572//3572 3573//3573 3574//3574
f 3575//3575 3576//3576 3577//3577
f 3578//3578 3579//3579 3580//3580
f 3581//3581 3582//3582 3583//3583
f 3584//3584 3585//3585 3586//3586
f 3587//3587 3588//3588 3589//3589
f 3590//3590 3591//3591 3592//3592
f 3593//3593 3594//3594 3595//3595
f 3596//3596 3597//3597 3598//3598
f 3599//3599 3600//3600 3601//3601
f 3602//3602 3603//3603 3604//3604
f 3605//3605 3606//3606 3607//3607
f 3608//3608 3609//3609 3610//3610
f 3611//3611 3612//3612 3613//3613
f 3614//3614 3615//3615 3616//3616
f 3617//3617 3618//3618 3619//3619
f 3620//3620 3621//3621 3622//3622
f 3623//3623 3624//3624 3625//3625
f 3626//3626 3627//3627 3628//3628
f 3629//3629 3630//3630 3631//3631
f 3632//3632 3633//3633 3634//3634
f 3635//3635 3636//3636 3637//3637
f 3638//3638 3639//3639 3640//3640
f 3641//3641 3642//3642 3643//3643
f 3644//3644 3645//3645 3646//3646
f 3647//3647 3648//3648 3649//3649
f 3650//3650 3651//3651 3652//3652
f 3653//3653 3654//3654 3655//3655
f 3656//3656 3657//3657 3658//3658
f 3659//3659 3660//3660 3661//3661
f 3662//3662 3663//3663 3664//3664
f 3665//3665 3666//3666 3667//3667
f 3668//3668 3669//3669 3670//3670
f 3671//3671 3672//3672 3673//3673
f 3674//3674 3675//3675 3676//3676
f 3677//3677 3678//3678 3679//3679
f 3680//3680 3681//3681 3682//3682
f 3683//3683 3684//3684 3685//3685
f 3686//3686 3687//3687 3688//3688
f 3689//3689 3690//3690 3691//3691
f 3692//3692 3693//3693 3694//3694
f 3695//3695 3696//3696 3697//3697
f 3698//3698 3699//3699 3700//3700
f 3701//3701 3702//3702 3703//3703
f 3704//3704 3705//3705 3706//3706
f 3707//3707 3708//3708 3709//3709
f 3710//3710 3711//3711 3712//3712
f 3713//3713 3714//3714 3715//3715
f 3716//3716 3717//3717 3718//3718
f 3719//3719 3720//3720 3721//3721
f 3722//3722 3723//3723 3724//3724
f 3725//3725 3726//3726 3727//3727
f 3728//3728 3729//3729 3730//3730
f 3731//3731 3732//3732 3733//3733
f 3734//3734 3735//3735 3736//3736
f 3737//3737 3738//3738 3739//3739
f 3740//3740 3741//3741 3742//3742
f 3743//3743 3744//3744 3745//3745
f 3746//3746 3747//3747 3748//3748
f 3749//3749 3750//3750 3751//3751
f 3752//3752 3753//3753 3754//3754
f 3755//3755 3756//3756 3757//3757
f 3758//3758 3759//3759 3760//3760
f 3761//3761 3762//3762 3763//3763
f 3764//3764 3765//3765 3766//3766
f 3767//3767 3768//3768 3769//3769
f 3770//3770 3771//3771 3772//3772
f 3773//3773 3774//3774 3775//3775
f 3776//3776 3777//3777 3778//3778
f 3779//3779 3780//3780 3781//3781
f 3782//3782 3783//3783 3784//3784
f 3785//3785 3786//3786 3787//3787
f 3788//3788 3789//3789 3790//3790
f 3791//3791 3792//3792 3793//3793
f 3794//3794 3795//3795 3796//3796
f 3797//3797 3798//3798 3799//3799
f 3800//3800 3801//3801 3802//3802
f 3803//3803 3804//3804 3805//3805
f 3806//3806 3807//3807 3808//3808
f 3809//3809 3810//3810 3811//3811
f 3812//3812 3813//3813 3814//3814
f 3815//3815 3816//3816 3817//3817
f 3818//3818 3819//3819 3820//3820
f 3821//3821 3822//3822 3823//3823
f 3824//3824 3825//3825 3826//3826
f 3827//3827 3828//3828 3829//3829
f 3830//3830 3831//3831 3832//3832
f 3833//3833 3834//3834 3835//3835
f 3836//3836 3837//3837 3838//3838
f 3839//3839 3840//3840 3841//3841
f 3842//3842 3843//3843 3844//3844
f 3845//3845 3846//3846 3847//3847
f 3848//3848 3849//3849 3850//3850
f 3851//3851 3852//3852 3853//3853
f 3854//3854 3855//3855 3856//3856
f 3857//3857 3858//3858 3859//3859
f 3860//3860 3861//3861 3862//3862
f 3863//3863 3864//3864 3865//3865
f 3866//3866 3867//3867 3868//3868
f 3869//3869 3870//3870 3871//3871
f 3872//3872 3873//3873 3874//3874
f 3875//3875 3876//3876 3877//3877
f 3878//3878 3879//3879 3880//3880
f 3881//3881 3882//3882 3883//3883
f 3884//3884 3885//3885 3886//3886
f 3887//3887 3888//3888 3889//3889
f 3890//3890 3891//3891 3892//3892
f 3893//3893 3894//3894 3895//3895
f 3896//3896 3897//3897 3898//3898
f 3899//3899 3900//3900 3901//3901
f 3902//3902 3903//3903 3904//3904
f 3905//3905 3906//3906 3907//3907
f 3908//3908 3909//3909 3910//3910
f 3911//3911 3912//3912 3913//3913
f 3914//3914 3915//3915 3916//3916
f 3917//3917 3918//3918 3919//3919
f 3920//3920 3921//3921 3922//3922
f 3923//3923 3924//3924 3925//3925
f 3926//3926 3927//3927 3928//3928
f 3929//3929 3930//3930 3931//3931
f 3932//3932 3933//3933 3934//3934
f 3935//3935 3936//3936 3937//3937
f 3938//3938 3939//3939 3940//3940
f 3941//3941 3942//3942 3943//3943
f 3944//3944 3945//3945 3946//3946
f 3947//3947 3948//3948 3949//3949
f 3950//3950 3951//3951 3952//3952
f 3953//3953 3954//3954 3955//3955
f 3956//3956 3957//3957 3958//3958
f 3959//3959 3960//3960 3961//3961
f 3962//3962 3963//3963 3964//3964
f 3965//3965 3966//3966 3967//3967
f 3968//3968 3969//3969 3970//3970
f 3971//3971 3972//3972 3973//3973
f 3974//3974 3975//3975 3976//3976
f 3977//3977 3978//3978 3979//3979
f 3980//3980 3981//3981 3982//3982
f 3983//3983 3984//3984 3985//3985
f 3986//3986 3987//3987 3988//3988
f 3989//3989 3990//3990 3991//3991
f 3992//3992 3993//3993 3994//3994
f 3995//3995 3996//3996 3997//3997
f 3998//3998 3999//3999 4000//4000
f 4001//4001 4002//4002 4003//4003
f 4004//4004 4005//4005 4006//4006
f 4007//4007 4008//4008 4009//4009
f 4010//4010 4011//4011 4012//4012
f 4013//4013 4014//4014 4015//4015
f 4016//4016 4017//4017 4018//4018
f 4019//4019 4020//4020 4021//4021
f 4022//4022 4023//4023 4024//4024
f 4025//4025 4026//4026 4027//4027
f 4028//4028 4029//4029 4030//4030
f 4031//4031 4032//4032 4033//4033
f 4034//4034 4035//4035 4036//4036
f 4037//4037 4038//4038 4039//4039
f 4040//4040 4041//4041 4042//4042
f 4043//4043 4044//4044 4045//4045
f 4046//4046 4047//4047 4048//4048
f 4049//4049 4050//4050 4051//4051
f 4052//4052 4053//4053 4054//4054
f 4055//4055 4056//4056 4057//4057
f 4058//4058 4059//4059 4060//4060
f 4061//4061 4062//4062 4063//4063
f 4064//4064 4065//4065 4066//4066
f 4067//4067 4068//4068 4069//4069
f 4070//4070 4071//4071 4072//4072
f 4073//4073 4074//4074 4075//4075
f 4076//4076 4077//4077 4078//4078
f 4079//4079 4080//4080 4081//4081
f 4082//4082 4083//4083 4084//4084
f 4085//4085 4086//4086 4087//4087
f 4088//4088 4089//4089 4090//4090
f 4091//4091 4092//4092 4093//4093
f 4094//4094 4095//4095 4096//4096
f 4097//4097 4098//4098 4099//4099
f 4100//4100 4101//4101 4102//4102
f 4102//4102 4101//4101 4103//4103
f 4104//4104 4105//4105 4106//4106
f 4107//4107 4108//4108 4109//4109
f 4110//4110 4111//4111 4112//4112
f 4101//4101 4113//4113 4114//4114
f 4114//4114 4113//4113 4115//4115
f 4115//4115 4113//4113 4116//4116
f 4105//4105 4117//4117 4106//4106
f 4100//4100 4117//4117 4101//4101
f 4118//4118 4117//4117 4119//4119
f 4119//4119 4117//4117 4100//4100
f 4106//4106 4117//4117 4118//4118
f 4120//4120 4121//4121 4122//4122
f 4117//4117 4123//4123 4101//4101
f 4101//4101 4123//4123 4113//4113
f 4117//4117 4124//4124 4123//4123
f 4125//4125 4126//4126 4127//4127
f 4108//4108 4126//4126 4125//4125
f 4128//4128 4129//4129 4107//4107
f 4121//4121 4129//4129 4122//4122
f 4122//4122 4129//4129 4128//4128
f 4107//4107 4129//4129 4108//4108
f 4108//4108 4130//4130 4126//4126
f 4131//4131 4130//4130 4129//4129
f 4129//4129 4130//4130 4108//4108
f 4132//4132 4133//4133 4131//4131
f 4131//4131 4133//4133 4130//4130
f 4132//4132 4134//4134 4133//4133
f 4135//4135 4134//4134 4132//4132
f 4136//4136 4137//4137 4135//4135
f 4135//4135 4138//4138 4134//4134
f 4134//4134 4138//4138 4139//4139
f 4137//4137 4138//4138 4135//4135
f 4138//4138 4140//4140 4141//4141
f 4142//4142 4143//4143 4144//4144
f 4144//4144 4143//4143 4137//4137
f 4140//4140 4145//4145 4146//4146
f 4137//4137 4145//4145 4138//4138
f 4138//4138 4145//4145 4140//4140
f 4137//4137 4118//4118 4145//4145
f 4147//4147 4118//4118 4143//4143
f 4145//4145 4118//4118 4148//4148
f 4143//4143 4118//4118 4137//4137
f 4118//4118 4119//4119 4148//4148
f 4149//4149 4150//4150 4118//4118
f 4151//4151 4150//4150 4149//4149
f 4119//4119 4100//4100 4152//4152
f 4150//4150 4106//4106 4118//4118
f 4153//4153 4154//4154 4155//4155
f 4156//4156 4154//4154 4153//4153
f 4157//4157 4158//4158 4159//4159
f 4158//4158 4160//4160 4159//4159
f 4161//4161 4162//4162 4163//4163
f 4161//4161 4164//4164 4162//4162
f 4165//4165 4166//4166 4167//4167
f 4168//4168 4169//4169 4170//4170
f 4171//4171 4172//4172 4173//4173
f 4174//4174 4175//4175 4176//4176
f 4177//4177 4178//4178 4179//4179
f 4180//4180 4181//4181 4182//4182
f 4183//4183 4184//4184 4185//4185
f 4186//4186 4187//4187 4188//4188
f 4189//4189 4190//4190 4191//4191
f 4192//4192 4193//4193 4194//4194
f 4195//4195 4196//4196 4197//4197
f 4198//4198 4199//4199 4200//4200
f 4201//4201 4202//4202 4203//4203
f 4204//4204 4205//4205 4206//4206
f 4207//4207 4208//4208 4209//4209
f 4210//4210 4211//4211 4212//4212
f 4213//4213 4214//4214 4215//4215
f 4216//4216 4217//4217 4218//4218
f 4219//4219 4220//4220 4221//4221
f 4222//4222 4223//4223 4224//4224
f 4225//4225 4226//4226 4227//4227
f 4228//4228 4229//4229 4230//4230
f 4231//4231 4232//4232 4233//4233
f 4234//4234 4235//4235 4236//4236
f 4237//4237 4238//4238 4239//4239
f 4240//4240 4241//4241 4242//4242
f 4243//4243 4244//4244 4245//4245
f 4246//4246 4247//4247 4248//4248
f 4249//4249 4250//4250 4251//4251
f 4252//4252 4253//4253 4254//4254
f 4255//4255 4256//4256 4257//4257
f 4258//4258 4259//4259 4260//4260
f 4255//4255 4261//4261 4256//4256
f 4259//4259 4262//4262 4260//4260
f 4261//4261 4263//4263 4264//4264
f 4264//4264 4263//4263 4265//4265
f 4266//4266 4267//4267 4268//4268
f 4269//4269 4270//4270 4271//4271
f 4272//4272 4273//4273 4274//4274
f 4275//4275 4276//4276 4277//4277
f 4278//4278 4279//4279 4280//4280
f 4281//4281 4282//4282 4283//4283
f 4284//4284 4285//4285 4286//4286
f 4287//4287 4288//4288 4289//4289
f 4290//4290 4291//4291 4292//4292
f 4293//4293 4294//4294 4295//4295
f 4296//4296 4297//4297 4298//4298
f 4299//4299 4300//4300 4301//4301
f 4302//4302 4303//4303 4304//4304
f 4305//4305 4306//4306 4307//4307
f 4308//4308 4309//4309 4310//4310
f 4311//4311 4312//4312 4313//4313
f 4314//4314 4315//4315 4316//4316
f 4317//4317 4318//4318 4319//4319
f 4320//4320 4321//4321 4322//4322
f 4323//4323 4324//4324 4325//4325
f 4326//4326 4327//4327 4328//4328
f 4329//4329 4330//4330 4331//4331
f 4332//4332 4333//4333 4334//4334
f 4335//4335 4336//4336 4337//4337
f 4338//4338 4339//4339 4340//4340
f 4341//4341 4342//4342 4343//4343
f 4344//4344 4345//4345 4346//4346
f 4347//4347 4348//4348 4349//4349
f 4350//4350 4351//4351 4352//4352
f 4353//4353 4354//4354 4355//4355
f 4356//4356 4357//4357 4358//4358
f 4359//4359 4360//4360 4361//4361
f 4362//4362 4363//4363 4364//4364
f 4365//4365 4366//4366 4367//4367
f 4368//4368 4369//4369 4370//4370
f 4371//4371 4372//4372 4373//4373
f 4374//4374 4375//4375 4376//4376
f 4377//4377 4378//4378 4379//4379
f 4380//4380 4381//4381 4382//4382
f 4383//4383 4384//4384 4385//4385
f 4386//4386 4387//4387 4388//4388
f 4389//4389 4390//4390 4391//4391
f 4392//4392 4393//4393 4394//4394
f 4395//4395 4396//4396 4397//4397
f 4398//4398 4399//4399 4400//4400
f 4401//4401 4402//4402 4403//4403
f 4404//4404 4405//4405 4406//4406
f 4407//4407 4408//4408 4409//4409
f 4410//4410 4411//4411 4412//4412
f 4413//4413 4414//4414 4415//4415
f 4416//4416 4417//4417 4418//4418
f 4419//4419 4420//4420 4421//4421
f 4422//4422 4423//4423 4424//4424
f 4425//4425 4426//4426 4427//4427
f 4428//4428 4429//4429 4430//4430
f 4431//4431 4432//4432 4433//4433
f 4434//4434 4435//4435 4436//4436
f 4437//4437 4438//4438 4439//4439
f 4440//4440 4441//4441 4442//4442
f 4443//4443 4444//4444 4445//4445
f 4446//4446 4447//4447 4448//4448
f 4449//4449 4450//4450 4451//4451
f 4452//4452 4453//4453 4454//4454
f 4455//4455 4456//4456 4457//4457
f 4458//4458 4459//4459 4460//4460
f 4461//4461 4462//4462 4463//4463
f 4464//4464 4465//4465 4466//4466
f 4467//4467 4468//4468 4469//4469
f 4470//4470 4471//4471 4472//4472
f 4473//4473 4474//4474 4475//4475
f 4476//4476 4477//4477 4478//4478
f 4479//4479 4480//4480 4481//4481
f 4482//4482 4483//4483 4484//4484
f 4485//4485 4486//4486 4487//4487
f 4488//4488 4489//4489 4490//4490
f 4491//4491 4492//4492 4493//4493
f 4494//4494 4495//4495 4496//4496
f 4497//4497 4498//4498 4499//4499
f 4500//4500 4501//4501 4502//4502
f 4503//4503 4504//4504 4505//4505
f 4506//4506 4507//4507 4508//4508
f 4509//4509 4510//4510 4511//4511
f 4512//4512 4513//4513 4514//4514
f 4515//4515 4516//4516 4517//4517
f 4518//4518 4519//4519 4520//4520
f 4521//4521 4522//4522 4523//4523
f 4524//4524 4525//4525 4526//4526
f 4527//4527 4528//4528 4529//4529
f 4530//4530 4531//4531 4532//4532
f 4533//4533 4534//4534 4535//4535
f 4536//4536 4537//4537 4538//4538
f 4539//4539 4540//4540 4541//4541
f 4542//4542 4543//4543 4544//4544
f 4545//4545 4546//4546 4547//4547
f 4548//4548 4545//4545 4547//4547
f 4549//4549 4550//4550 4551//4551
f 4552//4552 4553//4553 4554//4554
f 4555//4555 4556//4556 4557//4557
f 4558//4558 4559//4559 4560//4560
f 4561//4561 4562//4562 4563//4563
f 4564//4564 4565//4565 4566//4566
f 4567//4567 4568//4568 4569//4569
f 4570//4570 4571//4571 4572//4572
f 4573//4573 4574//4574 4575//4575
f 4576//4576 4577//4577 4578//4578
f 4579//4579 4580//4580 4581//4581
f 4582//4582 4583//4583 4584//4584
f 4585//4585 4586//4586 4587//4587
f 4588//4588 4589//4589 4590//4590
f 4591//4591 4592//4592 4593//4593
f 4594//4594 4595//4595 4596//4596
f 4597//4597 4598//4598 4599//4599
f 4600//4600 4601//4601 4602//4602
f 4603//4603 4604//4604 4605//4605
f 4603//4603 4606//4606 4604//4604
f 4607//4607 4608//4608 4609//4609
f 4610//4610 4611//4611 4612//4612
f 4613//4613 4614//4614 4615//4615
f 4616//4616 4617//4617 4618//4618
f 4619//4619 4620//4620 4621//4621
f 4622//4622 4623//4623 4624//4624
f 4625//4625 4626//4626 4627//4627
f 4628//4628 4629//4629 4630//4630
f 4631//4631 4632//4632 4633//4633
f 4634//4634 4635//4635 4636//4636
f 4637//4637 4638//4638 4639//4639
f 4640//4640 4641//4641 4642//4642
f 4643//4643 4644//4644 4645//4645
f 4646//4646 4647//4647 4648//4648
f 4649//4649 4650//4650 4651//4651
f 4652//4652 4653//4653 4654//4654
f 4655//4655 4656//4656 4657//4657
f 4658//4658 4659//4659 4660//4660
f 4661//4661 4662//4662 4663//4663
f 4664//4664 4665//4665 4666//4666
f 4667//4667 4668//4668 4669//4669
f 4670//4670 4671//4671 4672//4672
f 4673//4673 4674//4674 4675//4675
f 4676//4676 4677//4677 4678//4678
f 4679//4679 4680//4680 4681//4681
f 4682//4682 4683//4683 4684//4684
f 4685//4685 4686//4686 4687//4687
f 4688//4688 4689//4689 4690//4690
f 4691//4691 4692//4692 4693//4693
f 4694//4694 4695//4695 4696//4696
f 4697//4697 4698//4698 4699//4699
f 4700//4700 4701//4701 4702//4702
f 4703//4703 4704//4704 4705//4705
f 4706//4706 4707//4707 4708//4708
f 4709//4709 4710//4710 4711//4711
f 4712//4712 4713//4713 4714//4714
f 4715//4715 4716//4716 4717//4717
f 4718//4718 4719//4719 4720//4720
f 4721//4721 4722//4722 4723//4723
f 4724//4724 4725//4725 4726//4726
f 4727//4727 4728//4728 4729//4729
f 4730//4730 4731//4731 4732//4732
f 4733//4733 4734//4734 4735//4735
f 4736//4736 4737//4737 4738//4738
f 4739//4739 4740//4740 4741//4741
f 4742//4742 4743//4743 4744//4744
f 4745//4745 4746//4746 4747//4747
f 4748//4748 4749//4749 4750//4750
f 4751//4751 4752//4752 4753//4753
f 4754//4754 4755//4755 4756//4756
f 4757//4757 4758//4758 4759//4759
f 4760//4760 4761//4761 4762//4762
f 4763//4763 4764//4764 4765//4765
f 4766//4766 4767//4767 4768//4768
f 4769//4769 4770//4770 4771//4771
f 4772//4772 4773//4773 4774//4774
f 4775//4775 4776//4776 4777//4777
f 4778//4778 4779//4779 4780//4780
f 4781//4781 4782//4782 4783//4783
f 4784//4784 4785//4785 4786//4786
f 4787//4787 4788//4788 4789//4789
f 4790//4790 4791//4791 4792//4792
f 4792//4792 4791//4791 4793//4793
f 4794//4794 4795//4795 4796//4796
f 4797//4797 4798//4798 4799//4799
f 4800//4800 4801//4801 4802//4802
f 4803//4803 4804//4804 4805//4805
f 4806//4806 4807//4807 4808//4808
f 4809//4809 4810//4810 4811//4811
f 4812//4812 4813//4813 4814//4814
f 4815//4815 4816//4816 4817//4817
f 4818//4818 4819//4819 4820//4820
f 4821//4821 4822//4822 4823//4823
f 4824//4824 4825//4825 4826//4826
f 4827//4827 4828//4828 4829//4829
f 4830//4830 4831//4831 4832//4832
f 4833//4833 4834//4834 4835//4835
f 4836//4836 4837//4837 4838//4838
f 4839//4839 4840//4840 4841//4841
f 4842//4842 4843//4843 4844//4844
f 4844//4844 4843//4843 4845//4845
f 4846//4846 4847//4847 4848//4848
f 4849//4849 4850//4850 4851//4851
f 4852//4852 4853//4853 4854//4854
f 4855//4855 4856//4856 4857//4857
f 4857//4857 4856//4856 4858//4858
f 4859//4859 4860//4860 4861//4861
f 4862//4862 4863//4863 4864//4864
f 4865//4865 4866//4866 4867//4867
f 4868//4868 4869//4869 4870//4870
f 4871//4871 4872//4872 4873//4873
f 4874//4874 4875//4875 4876//4876
f 4877//4877 4878//4878 4879//4879
f 4880//4880 4881//4881 4882//4882
f 4883//4883 4884//4884 4885//4885
f 4886//4886 4887//4887 4888//4888
f 4889//4889 4890//4890 4891//4891
f 4892//4892 4893//4893 4894//4894
f 4895//4895 4896//4896 4897//4897
f 4898//4898 4899//4899 4900//4900
f 4901//4901 4902//4902 4903//4903
f 4904//4904 4905//4905 4906//4906
f 4907//4907 4908//4908 4909//4909
f 4910//4910 4911//4911 4912//4912
f 4913//4913 4914//4914 4915//4915
f 4916//4916 4917//4917 4918//4918
f 4919//4919 4920//4920 4921//4921
f 4922//4922 4923//4923 4924//4924
f 4925//4925 4926//4926 4927//4927
f 4928//4928 4929//4929 4930//4930
f 4931//4931 4932//4932 4933//4933
f 4934//4934 4935//4935 4936//4936
f 4937//4937 4938//4938 4939//4939
f 4940//4940 4941//4941 4942//4942
f 4943//4943 4944//4944 4945//4945
f 4946//4946 4947//4947 4948//4948
f 4949//4949 4950//4950 4951//4951
f 4947//4947 4952//4952 4948//4948
f 4953//4953 4954//4954 4955//4955
f 4956//4956 4957//4957 4958//4958
f 4959//4959 4960//4960 4961//4961
f 4962//4962 4963//4963 4964//4964
f 4965//4965 4966//4966 4967//4967
f 4968//4968 4969//4969 4970//4970
f 4971//4971 4972//4972 4973//4973
f 4974//4974 4972//4972 4971//4971
f 4975//4975 4976//4976 4977//4977
f 4978//4978 4979//4979 4980//4980
f 4973//4973 4981//4981 4982//4982
f 4983//4983 4984//4984 4985//4985
f 4986//4986 4987//4987 4988//4988
f 4989//4989 4990//4990 4991//4991
f 4992//4992 4993//4993 4978//4978
f 4994//4994 4995//4995 4996//4996
f 4997//4997 4998//4998 4999//4999
f 5000//5000 5001//5001 5002//5002
f 5002//5002 5001//5001 5003//5003
f 5004//5004 5005//5005 5006//5006
f 5007//5007 5008//5008 5009//5009
f 5010//5010 5011//5011 5012//5012
f 5013//5013 5014//5014 5015//5015
f 5000//5000 5016//5016 5001//5001
f 5017//5017 5018//5018 5019//5019
f 5020//5020 5021//5021 5022//5022
f 4982//4982 5016//5016 5000//5000
f 5023//5023 5024//5024 5025//5025
f 4982//4982 5026//5026 5016//5016
f 5027//5027 5028//5028 5029//5029
f 5009//5009 5026//5026 4982//4982
f 5008//5008 5026//5026 5009//5009
f 5030//5030 5026//5026 5008//5008
f 5031//5031 5026//5026 5030//5030
f 5032//5032 5033//5033 5034//5034
f 5031//5031 5035//5035 5026//5026
f 5036//5036 5035//5035 5031//5031
f 5037//5037 5038//5038 5039//5039
f 5035//5035 5040//5040 5041//5041
f 5036//5036 5042//5042 5035//5035
f 5043//5043 5044//5044 5045//5045
f 5035//5035 5042//5042 5040//5040
f 5044//5044 5046//5046 5047//5047
f 5048//5048 5049//5049 5050//5050
f 5051//5051 5052//5052 5053//5053
f 5054//5054 5055//5055 5056//5056
f 5057//5057 5058//5058 5059//5059
f 5060//5060 5061//5061 5062//5062
f 5063//5063 5064//5064 5065//5065
f 5066//5066 5067//5067 5068//5068
f 5069//5069 5070//5070 5071//5071
f 5072//5072 5073//5073 5074//5074
f 5075//5075 5076//5076 5077//5077
f 5078//5078 5079//5079 5080//5080
f 5081//5081 5082//5082 5083//5083
f 5084//5084 5085//5085 5086//5086
f 5087//5087 5088//5088 5089//5089
f 5090//5090 5091//5091 5092//5092
f 5093//5093 5094//5094 5095//5095
f 5096//5096 5097//5097 5098//5098
f 5099//5099 5100//5100 5101//5101
f 5102//5102 5103//5103 5104//5104
f 5105//5105 5106//5106 5107//5107
f 5108//5108 5109//5109 5110//5110
f 5111//5111 5112//5112 5113//5113
f 5114//5114 5115//5115 5116//5116
f 5117//5117 5118//5118 5119//5119
f 5120//5120 5121//5121 5122//5122
f 5123//5123 5124//5124 5125//5125
f 5126//5126 5127//5127 5128//5128
f 5129//5129 5130//5130 5131//5131
f 5132//5132 5133//5133 5134//5134
f 5135//5135 5136//5136 5137//5137
f 5138//5138 5139//5139 5140//5140
f 5141//5141 5142//5142 5143//5143
f 5144//5144 5145//5145 5146//5146
f 5147//5147 5148//5148 5149//5149
f 5150//5150 5151//5151 5152//5152
f 5153//5153 5154//5154 5155//5155
f 5156//5156 5157//5157 5158//5158
f 5159//5159 5160//5160 5161//5161
f 5162//5162 5163//5163 5164//5164
f 5165//5165 5166//5166 5167//5167
f 5168//5168 5169//5169 5170//5170
f 5171//5171 5172//5172 5173//5173
f 5174//5174 5175//5175 5176//5176
f 5177//5177 5178//5178 5179//5179
f 5180//5180 5181//5181 5182//5182
f 5183//5183 5184//5184 5185//5185
f 5186//5186 5187//5187 5188//5188
f 5189//5189 5190//5190 5191//5191
f 5192//5192 5193//5193 5194//5194
f 5195//5195 5196//5196 5197//5197
f 5198//5198 5199//5199 5200//5200
f 5201//5201 5202//5202 5203//5203
f 5204//5204 5205//5205 5206//5206
f 5207//5207 5208//5208 5209//5209
f 5210//5210 5211//5211 5212//5212
f 5213//5213 5214//5214 5215//5215
f 5216//5216 5217//5217 5218//5218
f 5219//5219 5220//5220 5221//5221
f 5222//5222 5223//5223 5219//5219
f 5211//5211 5224//5224 5212//5212
f 5219//5219 5223//5223 5220//5220
f 5225//5225 5214//5214 5213//5213
f 5213//5213 5215//5215 5226//5226
f 5227//5227 5228//5228 5229//5229
f 5216//5216 5230//5230 5217//5217
f 5220//5220 5231//5231 5221//5221
f 5232//5232 5233//5233 5234//5234
f 5235//5235 5236//5236 5237//5237
f 5226//5226 5238//5238 5239//5239
f 5215//5215 5238//5238 5226//5226
f 5240//5240 5241//5241 5242//5242
f 5221//5221 5231//5231 5243//5243
f 5239//5239 5238//5238 5244//5244
f 5245//5245 5236//5236 5235//5235
f 5222//5222 5246//5246 5223//5223
f 5247//5247 5248//5248 5249//5249
f 5240//5240 5250//5250 5241//5241
f 5251//5251 5246//5246 5222//5222
f 5237//5237 5252//5252 5235//5235
f 5227//5227 5253//5253 5228//5228
f 5254//5254 5255//5255 5256//5256
f 5257//5257 5258//5258 5225//5225
f 5225//5225 5258//5258 5214//5214
f 5224//5224 5259//5259 5212//5212
f 5243//5243 5260//5260 5254//5254
f 5231//5231 5260//5260 5243//5243
f 5216//5216 5261//5261 5230//5230
f 5235//5235 5252//5252 5262//5262
f 5263//5263 5264//5264 5265//5265
f 5266//5266 5267//5267 5268//5268
f 5233//5233 5269//5269 5234//5234
f 5212//5212 5259//5259 5270//5270
f 5245//5245 5271//5271 5236//5236
f 5251//5251 5272//5272 5246//5246
f 5273//5273 5261//5261 5216//5216
f 5274//5274 5272//5272 5251//5251
f 5254//5254 5260//5260 5255//5255
f 5238//5238 5275//5275 5244//5244
f 5260//5260 5276//5276 5255//5255
f 5257//5257 5277//5277 5258//5258
f 5264//5264 5278//5278 5265//5265
f 5240//5240 5279//5279 5250//5250
f 5244//5244 5275//5275 5280//5280
f 5252//5252 5281//5281 5262//5262
f 5282//5282 5277//5277 5257//5257
f 5273//5273 5283//5283 5261//5261
f 5245//5245 5284//5284 5271//5271
f 5285//5285 5286//5286 5287//5287
f 5259//5259 5288//5288 5270//5270
f 5270//5270 5288//5288 5289//5289
f 5290//5290 5248//5248 5247//5247
f 5291//5291 5277//5277 5282//5282
f 5274//5274 5292//5292 5272//5272
f 5274//5274 5293//5293 5292//5292
f 5275//5275 5294//5294 5280//5280
f 5276//5276 5295//5295 5255//5255
f 5273//5273 5296//5296 5283//5283
f 5297//5297 5298//5298 5299//5299
f 5287//5287 5286//5286 5300//5300
f 5265//5265 5278//5278 5227//5227
f 5300//5300 5284//5284 5245//5245
f 5240//5240 5301//5301 5279//5279
f 5287//5287 5302//5302 5285//5285
f 5301//5301 5303//5303 5279//5279
f 5304//5304 5302//5302 5287//5287
f 5295//5295 5305//5305 5255//5255
f 5286//5286 5306//5306 5300//5300
f 5280//5280 5294//5294 5307//5307
f 5296//5296 5308//5308 5283//5283
f 5288//5288 5309//5309 5289//5289
f 5289//5289 5309//5309 5310//5310
f 5281//5281 5311//5311 5262//5262
f 5293//5293 5312//5312 5292//5292
f 5290//5290 5313//5313 5248//5248
f 5314//5314 5305//5305 5295//5295
f 5262//5262 5311//5311 5315//5315
f 5294//5294 5316//5316 5307//5307
f 5278//5278 5317//5317 5227//5227
f 5304//5304 5318//5318 5302//5302
f 5300//5300 5319//5319 5284//5284
f 5306//5306 5319//5319 5300//5300
f 5320//5320 5308//5308 5296//5296
f 5312//5312 5321//5321 5292//5292
f 5320//5320 5322//5322 5308//5308
f 5299//5299 5298//5298 5291//5291
f 5303//5303 5301//5301 5323//5323
f 5324//5324 5313//5313 5290//5290
f 5325//5325 5321//5321 5312//5312
f 5311//5311 5326//5326 5315//5315
f 5327//5327 5318//5318 5304//5304
f 5328//5328 5305//5305 5314//5314
f 5284//5284 5319//5319 5329//5329
f 5315//5315 5326//5326 5210//5210
f 5298//5298 5330//5330 5291//5291
f 5319//5319 5331//5331 5329//5329
f 5332//5332 5322//5322 5320//5320
f 5328//5328 5333//5333 5305//5305
f 5253//5253 5334//5334 5335//5335
f 5332//5332 5336//5336 5322//5322
f 5327//5327 5337//5337 5318//5318
f 5338//5338 5339//5339 5324//5324
f 5329//5329 5331//5331 5340//5340
f 5341//5341 5336//5336 5332//5332
f 5324//5324 5339//5339 5313//5313
f 5253//5253 5342//5342 5334//5334
f 5323//5323 5343//5343 5344//5344
f 5345//5345 5321//5321 5325//5325
f 5317//5317 5342//5342 5227//5227
f 5227//5227 5342//5342 5253//5253
f 5346//5346 5347//5347 5348//5348
f 5349//5349 5350//5350 5351//5351
f 5323//5323 5352//5352 5343//5343
f 5353//5353 5354//5354 5355//5355
f 5346//5346 5348//5348 5356//5356
f 5291//5291 5330//5330 5277//5277
f 5310//5310 5347//5347 5346//5346
f 5345//5345 5357//5357 5321//5321
f 5358//5358 5339//5339 5338//5338
f 5309//5309 5347//5347 5310//5310
f 5301//5301 5352//5352 5323//5323
f 5330//5330 5359//5359 5277//5277
f 5348//5348 5360//5360 5356//5356
f 5343//5343 5361//5361 5344//5344
f 5344//5344 5361//5361 5362//5362
f 5363//5363 5347//5347 5309//5309
f 5354//5354 5364//5364 5355//5355
f 5327//5327 5365//5365 5337//5337
f 5366//5366 5352//5352 5301//5301
f 5277//5277 5359//5359 5367//5367
f 5317//5317 5368//5368 5342//5342
f 5331//5331 5369//5369 5340//5340
f 5370//5370 5371//5371 5358//5358
f 5358//5358 5371//5371 5339//5339
f 5317//5317 5372//5372 5368//5368
f 5340//5340 5369//5369 5373//5373
f 5363//5363 5374//5374 5347//5347
f 5366//5366 5375//5375 5352//5352
f 5376//5376 5357//5357 5345//5345
f 5359//5359 5377//5377 5367//5367
f 5367//5367 5377//5377 5378//5378
f 5362//5362 5361//5361 5341//5341
f 5379//5379 5374//5374 5363//5363
f 5316//5316 5371//5371 5307//5307
f 5307//5307 5371//5371 5370//5370
f 5365//5365 5380//5380 5337//5337
f 5381//5381 5382//5382 5383//5383
f 5360//5360 5384//5384 5356//5356
f 5356//5356 5384//5384 5385//5385
f 5386//5386 5387//5387 5388//5388
f 5316//5316 5389//5389 5371//5371
f 5361//5361 5390//5390 5341//5341
f 5379//5379 5391//5391 5374//5374
f 5392//5392 5389//5389 5316//5316
f 5366//5366 5393//5393 5375//5375
f 5378//5378 5377//5377 5394//5394
f 5395//5395 5389//5389 5392//5392
f 5377//5377 5396//5396 5394//5394
f 5341//5341 5390//5390 5336//5336
f 5394//5394 5396//5396 5397//5397
f 5395//5395 5396//5396 5389//5389
f 5376//5376 5398//5398 5357//5357
f 5397//5397 5396//5396 5395//5395
f 5384//5384 5399//5399 5385//5385
f 5368//5368 5372//5372 5400//5400
f 5390//5390 5401//5401 5336//5336
f 5336//5336 5401//5401 5402//5402
f 5403//5403 5393//5393 5366//5366
f 5242//5242 5380//5380 5365//5365
f 5379//5379 5404//5404 5391//5391
f 5404//5404 5405//5405 5391//5391
f 5403//5403 5406//5406 5393//5393
f 5407//5407 5333//5333 5328//5328
f 5226//5226 5398//5398 5376//5376
f 5408//5408 5409//5409 5410//5410
f 5388//5388 5387//5387 5282//5282
f 5411//5411 5402//5402 5401//5401
f 5409//5409 5412//5412 5410//5410
f 5387//5387 5413//5413 5282//5282
f 5414//5414 5385//5385 5399//5399
f 5408//5408 5415//5415 5409//5409
f 5373//5373 5415//5415 5408//5408
f 5369//5369 5415//5415 5373//5373
f 5407//5407 5249//5249 5333//5333
f 5406//5406 5403//5403 5416//5416
f 5411//5411 5417//5417 5402//5402
f 5226//5226 5239//5239 5398//5398
f 5418//5418 5415//5415 5369//5369
f 5410//5410 5412//5412 5419//5419
f 5400//5400 5372//5372 5420//5420
f 5405//5405 5222//5222 5219//5219
f 5404//5404 5222//5222 5405//5405
f 5412//5412 5421//5421 5419//5419
f 5414//5414 5256//5256 5385//5385
f 5413//5413 5291//5291 5282//5282
f 5242//5242 5241//5241 5380//5380
f 5372//5372 5422//5422 5420//5420
f 5423//5423 5424//5424 5418//5418
f 5418//5418 5424//5424 5415//5415
f 5419//5419 5421//5421 5326//5326
f 5229//5229 5417//5417 5411//5411
f 5425//5425 5256//5256 5414//5414
f 5421//5421 5211//5211 5326//5326
f 5426//5426 5427//5427 5428//5428
f 5326//5326 5211//5211 5210//5210
f 5247//5247 5249//5249 5407//5407
f 5403//5403 5264//5264 5416//5416
f 5416//5416 5264//5264 5263//5263
f 5218//5218 5217//5217 5423//5423
f 5423//5423 5217//5217 5424//5424
f 5229//5229 5228//5228 5417//5417
f 5254//5254 5256//5256 5425//5425
f 5429//5429 5430//5430 5431//5431
f 5432//5432 5433//5433 5434//5434
f 5435//5435 5436//5436 5437//5437
f 5438//5438 5439//5439 5440//5440
f 5441//5441 5442//5442 5443//5443
f 5444//5444 5445//5445 5446//5446
f 5447//5447 5448//5448 5449//5449
f 5450//5450 5451//5451 5452//5452
f 5451//5451 5453//5453 5452//5452
f 5454//5454 5455//5455 5456//5456
f 5457//5457 5458//5458 5459//5459
f 5460//5460 5461//5461 5462//5462
f 5461//5461 5463//5463 5462//5462
f 5464//5464 5465//5465 5466//5466
f 5465//5465 5467//5467 5466//5466
f 5468//5468 5469//5469 5470//5470
f 5471//5471 5472//5472 5473//5473
f 5474//5474 5475//5475 5476//5476
f 5475//5475 5477//5477 5476//5476
f 5478//5478 5479//5479 5480//5480
f 5481//5481 5482//5482 5483//5483
f 5484//5484 5485//5485 5486//5486
f 5487//5487 5488//5488 5489//5489
f 5490//5490 5491//5491 5492//5492
f 5493//5493 5494//5494 5495//5495
f 5496//5496 5497//5497 5498//5498
f 5499//5499 5500//5500 5501//5501
f 5502//5502 5503//5503 5504//5504
f 5505//5505 5506//5506 5507//5507
f 5508//5508 5509//5509 5510//5510
f 5511//5511 5512//5512 5513//5513
f 5514//5514 5515//5515 5516//5516
f 5517//5517 5518//5518 5519//5519
f 5520//5520 5521//5521 5522//5522
f 5523//5523 5524//5524 5525//5525
f 5526//5526 5527//5527 5528//5528
f 5529//5529 5530//5530 5531//5531
f 5532//5532 5533//5533 5534//5534
f 5535//5535 5536//5536 5537//5537
f 5538//5538 5539//5539 5540//5540
f 5541//5541 5542//5542 5543//5543
f 5544//5544 5545//5545 5546//5546
f 5547//5547 5548//5548 5549//5549
f 5550//5550 5551//5551 5552//5552
f 5553//5553 5554//5554 5555//5555
f 5556//5556 5557//5557 5558//5558
f 5559//5559 5560//5560 5561//5561
f 5562//5562 5563//5563 5564//5564
f 5565//5565 5566//5566 5567//5567
f 5568//5568 5569//5569 5570//5570
f 5571//5571 5572//5572 5573//5573
f 5574//5574 5575//5575 5576//5576
f 5577//5577 5578//5578 5579//5579
f 5580//5580 5581//5581 5582//5582
f 5583//5583 5584//5584 5585//5585
f 5586//5586 5587//5587 5588//5588
f 5589//5589 5590//5590 5591//5591
f 5592//5592 5593//5593 5594//5594
f 5595//5595 5596//5596 5597//5597
f 5598//5598 5599//5599 5600//5600
f 5601//5601 5602//5602 5603//5603
f 5604//5604 5605//5605 5606//5606
f 5607//5607 5608//5608 5609//5609
f 5610//5610 5611//5611 5612//5612
f 5613//5613 5614//5614 5615//5615
f 5616//5616 5617//5617 5618//5618
f 5619//5619 5620//5620 5621//5621
f 5622//5622 5623//5623 5624//5624
f 5625//5625 5626//5626 5627//5627
f 5628//5628 5629//5629 5630//5630
f 5631//5631 5632//5632 5633//5633
f 5634//5634 5635//5635 5636//5636
f 5637//5637 5638//5638 5639//5639
f 5640//5640 5641//5641 5642//5642
f 5643//5643 5644//5644 5645//5645
f 5646//5646 5647//5647 5648//5648
f 5649//5649 5650//5650 5651//5651
f 5652//5652 5653//5653 5654//5654
f 5655//5655 5656//5656 5657//5657
f 5658//5658 5659//5659 5660//5660
f 5661//5661 5662//5662 5663//5663
f 5664//5664 5665//5665 5666//5666
f 5667//5667 5668//5668 5669//5669
f 5670//5670 5671//5671 5672//5672
f 5673//5673 5674//5674 5675//5675
f 5676//5676 5677//5677 5678//5678
f 5679//5679 5680//5680 5681//5681
f 5682//5682 5683//5683 5684//5684
f 5685//5685 5686//5686 5687//5687
f 5688//5688 5689//5689 5690//5690
f 5691//5691 5692//5692 5693//5693
f 5694//5694 5695//5695 5696//5696
f 5697//5697 5698//5698 5699//5699
f 5699//5699 5698//5698 5700//5700
f 5701//5701 5702//5702 5703//5703
f 5704//5704 5705//5705 5706//5706
f 5706//5706 5705//5705 5707//5707
f 5708//5708 5702//5702 5701//5701
f 5709//5709 5710//5710 5711//5711
f 5712//5712 5713//5713 5714//5714
f 5715//5715 5698//5698 5697//5697
f 5716//5716 5717//5717 5718//5718
f 5694//5694 5719//5719 5695//5695
f 5720//5720 5721//5721 5722//5722
f 5714//5714 5713//5713 5723//5723
f 5724//5724 5725//5725 5711//5711
f 5726//5726 5719//5719 5694//5694
f 5727//5727 5702//5702 5708//5708
f 5711//5711 5728//5728 5729//5729
f 5725//5725 5728//5728 5711//5711
f 5707//5707 5730//5730 5731//5731
f 5715//5715 5732//5732 5698//5698
f 5727//5727 5733//5733 5702//5702
f 5734//5734 5735//5735 5736//5736
f 5713//5713 5737//5737 5723//5723
f 5738//5738 5719//5719 5726//5726
f 5739//5739 5732//5732 5715//5715
f 5730//5730 5740//5740 5731//5731
f 5738//5738 5741//5741 5719//5719
f 5742//5742 5743//5743 5744//5744
f 5745//5745 5746//5746 5747//5747
f 5747//5747 5746//5746 5748//5748
f 5728//5728 5749//5749 5729//5729
f 5747//5747 5748//5748 5750//5750
f 5739//5739 5751//5751 5732//5732
f 5752//5752 5751//5751 5739//5739
f 5731//5731 5740//5740 5753//5753
f 5737//5737 5754//5754 5723//5723
f 5727//5727 5755//5755 5756//5756
f 5757//5757 5755//5755 5727//5727
f 5729//5729 5749//5749 5758//5758
f 5750//5750 5748//5748 5759//5759
f 5760//5760 5761//5761 5762//5762
f 5723//5723 5754//5754 5763//5763
f 5764//5764 5741//5741 5738//5738
f 5765//5765 5766//5766 5767//5767
f 5753//5753 5768//5768 5769//5769
f 5757//5757 5770//5770 5755//5755
f 5771//5771 5751//5751 5772//5772
f 5748//5748 5773//5773 5759//5759
f 5768//5768 5774//5774 5769//5769
f 5771//5771 5775//5775 5751//5751
f 5764//5764 5776//5776 5741//5741
f 5769//5769 5776//5776 5764//5764
f 5774//5774 5776//5776 5769//5769
f 5754//5754 5777//5777 5763//5763
f 5763//5763 5777//5777 5778//5778
f 5779//5779 5780//5780 5781//5781
f 5778//5778 5777//5777 5782//5782
f 5745//5745 5783//5783 5746//5746
f 5784//5784 5770//5770 5757//5757
f 5758//5758 5749//5749 5785//5785
f 5786//5786 5787//5787 5788//5788
f 5771//5771 5789//5789 5775//5775
f 5777//5777 5790//5790 5791//5791
f 5792//5792 5789//5789 5771//5771
f 5773//5773 5793//5793 5794//5794
f 5795//5795 5783//5783 5745//5745
f 5792//5792 5796//5796 5789//5789
f 5790//5790 5797//5797 5791//5791
f 5791//5791 5797//5797 5798//5798
f 5795//5795 5799//5799 5783//5783
f 5794//5794 5793//5793 5800//5800
f 5749//5749 5704//5704 5785//5785
f 5801//5801 5802//5802 5803//5803
f 5804//5804 5805//5805 5806//5806
f 5797//5797 5807//5807 5808//5808
f 5792//5792 5809//5809 5796//5796
f 5810//5810 5809//5809 5792//5792
f 5793//5793 5811//5811 5800//5800
f 5784//5784 5812//5812 5770//5770
f 5800//5800 5811//5811 5813//5813
f 5814//5814 5703//5703 5807//5807
f 5807//5807 5703//5703 5808//5808
f 5809//5809 5810//5810 5815//5815
f 5795//5795 5700//5700 5799//5799
f 5816//5816 5817//5817 5818//5818
f 5785//5785 5704//5704 5706//5706
f 5699//5699 5700//5700 5795//5795
f 5819//5819 5820//5820 5821//5821
f 5784//5784 5696//5696 5812//5812
f 5701//5701 5703//5703 5814//5814
f 5811//5811 5712//5712 5813//5813
f 5813//5813 5712//5712 5714//5714
f 5822//5822 5710//5710 5815//5815
f 5815//5815 5710//5710 5709//5709
f 5694//5694 5696//5696 5784//5784
f 5823//5823 5824//5824 5825//5825
f 5826//5826 5827//5827 5828//5828
f 5829//5829 5830//5830 5831//5831
f 5832//5832 5833//5833 5834//5834
f 5835//5835 5836//5836 5837//5837
f 5838//5838 5839//5839 5840//5840
f 5841//5841 5842//5842 5843//5843
f 5844//5844 5845//5845 5846//5846
f 5847//5847 5848//5848 5849//5849
f 5850//5850 5851//5851 5852//5852
f 5853//5853 5854//5854 5855//5855
f 5856//5856 5857//5857 5858//5858
f 5859//5859 5860//5860 5861//5861
f 5862//5862 5863//5863 5864//5864
f 5865//5865 5866//5866 5867//5867
f 5868//5868 5869//5869 5870//5870
f 5871//5871 5872//5872 5873//5873
f 5874//5874 5875//5875 5876//5876
f 5877//5877 5878//5878 5879//5879
f 5880//5880 5881//5881 5882//5882
f 5883//5883 5884//5884 5885//5885
f 5886//5886 5887//5887 5888//5888
f 5889//5889 5890//5890 5891//5891
f 5892//5892 5893//5893 5894//5894
f 5895//5895 5896//5896 5897//5897
f 5898//5898 5899//5899 5900//5900
f 5901//5901 5902//5902 5903//5903
f 5904//5904 5905//5905 5906//5906
f 5907//5907 5908//5908 5909//5909
f 5910//5910 5911//5911 5912//5912
f 5913//5913 5914//5914 5915//5915
f 5916//5916 5917//5917 5918//5918
f 5919//5919 5920//5920 5921//5921
f 5922//5922 5923//5923 5924//5924
f 5925//5925 5926//5926 5927//5927
f 5928//5928 5929//5929 5930//5930
f 5931//5931 5932//5932 5933//5933
f 5934//5934 5935//5935 5936//5936
f 5937//5937 5938//5938 5939//5939
f 5940//5940 5941//5941 5942//5942
f 5943//5943 5944//5944 5945//5945
f 5946//5946 5947//5947 5948//5948
f 5949//5949 5950//5950 5951//5951
f 5952//5952 5953//5953 5954//5954
f 5955//5955 5956//5956 5957//5957
f 5958//5958 5959//5959 5960//5960
f 5961//5961 5962//5962 5963//5963
f 5964//5964 5965//5965 5966//5966
f 5967//5967 5968//5968 5969//5969
f 5970//5970 5971//5971 5972//5972
f 5973//5973 5974//5974 5975//5975
f 5976//5976 5977//5977 5978//5978
f 5979//5979 5980//5980 5981//5981
f 5982//5982 5983//5983 5984//5984
f 5985//5985 5986//5986 5987//5987
f 5988//5988 5989//5989 5990//5990
f 5991//5991 5992//5992 5993//5993
f 5994//5994 5995//5995 5996//5996
f 5997//5997 5998//5998 5999//5999
f 6000//6000 6001//6001 6002//6002
f 6003//6003 6004//6004 6005//6005
f 6006//6006 6007//6007 6008//6008
f 6009//6009 6010//6010 6011//6011
f 6012//6012 6013//6013 6014//6014
f 6015//6015 6016//6016 6017//6017
f 6018//6018 6019//6019 6020//6020
f 6021//6021 6022//6022 6023//6023
f 6024//6024 6025//6025 6026//6026
f 6027//6027 6028//6028 6029//6029
f 6030//6030 6031//6031 6032//6032
f 6033//6033 6034//6034 6035//6035
f 6036//6036 6037//6037 6038//6038
f 6039//6039 6040//6040 6041//6041
f 6042//6042 6043//6043 6044//6044
f 6045//6045 6046//6046 6047//6047
f 6048//6048 6049//6049 6050//6050
f 6051//6051 6052//6052 6053//6053
f 6054//6054 6055//6055 6056//6056
f 6057//6057 6058//6058 6059//6059
f 6060//6060 6061//6061 6062//6062
f 6063//6063 6064//6064 6065//6065
f 6066//6066 6067//6067 6068//6068
f 6069//6069 6070//6070 6071//6071
f 6072//6072 6073//6073 6074//6074
f 6075//6075 6076//6076 6077//6077
f 6078//6078 6079//6079 6080//6080
f 6081//6081 6082//6082 6083//6083
f 6084//6084 6085//6085 6086//6086
f 6087//6087 6088//6088 6089//6089
f 6090//6090 6091//6091 6092//6092
f 6093//6093 6094//6094 6095//6095
f 6096//6096 6097//6097 6098//6098
f 6099//6099 6100//6100 6101//6101
f 6102//6102 6103//6103 6104//6104
f 6105//6105 6106//6106 6107//6107
f 6108//6108 6109//6109 6110//6110
f 6111//6111 6112//6112 6113//6113
f 6114//6114 6115//6115 6116//6116
f 6117//6117 6118//6118 6119//6119
f 6120//6120 6121//6121 6122//6122
f 6123//6123 6124//6124 6125//6125
f 6126//6126 6127//6127 6128//6128
f 6129//6129 6130//6130 6131//6131
f 6132//6132 6133//6133 6134//6134
f 6135//6135 6136//6136 6137//6137
f 6138//6138 6139//6139 6140//6140
f 6141//6141 6142//6142 6143//6143
f 6144//6144 6145//6145 6146//6146
f 6147//6147 6148//6148 6149//6149
f 6150//6150 6069//6069 6071//6071
f 6151//6151 6152//6152 6153//6153
f 6154//6154 6155//6155 6156//6156
f 6157//6157 6158//6158 6159//6159
f 6160//6160 6161//6161 6162//6162
f 6163//6163 6164//6164 6165//6165
f 6166//6166 6167//6167 6168//6168
f 6169//6169 6170//6170 6171//6171
f 6172//6172 6173//6173 6174//6174
f 6175//6175 6176//6176 6177//6177
f 6178//6178 6179//6179 6180//6180
f 6181//6181 6182//6182 6183//6183
f 6184//6184 6185//6185 6186//6186
f 6187//6187 6188//6188 6189//6189
f 6190//6190 6191//6191 6192//6192
f 6193//6193 6194//6194 6195//6195
f 6196//6196 6197//6197 6198//6198
f 6199//6199 6200//6200 6201//6201
f 6202//6202 6203//6203 6204//6204
f 6205//6205 6206//6206 6207//6207
f 6208//6208 6209//6209 6210//6210
f 6211//6211 6212//6212 6213//6213
f 6214//6214 6215//6215 6216//6216
f 6217//6217 6218//6218 6219//6219
f 6220//6220 6221//6221 6222//6222
f 6223//6223 6224//6224 6225//6225
f 6226//6226 6227//6227 6228//6228
f 6229//6229 6230//6230 6231//6231
f 6232//6232 6233//6233 6234//6234
f 6235//6235 6236//6236 6237//6237
f 6238//6238 6239//6239 6240//6240
f 6241//6241 6242//6242 6243//6243
f 6244//6244 6245//6245 6246//6246
f 6247//6247 6248//6248 6249//6249
f 6250//6250 6251//6251 6252//6252
f 6253//6253 6254//6254 6255//6255
f 6256//6256 6257//6257 6258//6258
f 6259//6259 6260//6260 6261//6261
f 6262//6262 6263//6263 6264//6264
f 6265//6265 6266//6266 6267//6267
f 6268//6268 6269//6269 6270//6270
f 6271//6271 6272//6272 6273//6273
f 6274//6274 6275//6275 6276//6276
f 6277//6277 6278//6278 6279//6279
f 6280//6280 6281//6281 6282//6282
f 6283//6283 6284//6284 6285//6285
f 6286//6286 6287//6287 6288//6288
f 6289//6289 6290//6290 6291//6291
f 6292//6292 6293//6293 6294//6294
f 6295//6295 6296//6296 6297//6297
f 6298//6298 6299//6299 6300//6300
f 6301//6301 6302//6302 6303//6303
f 6304//6304 6305//6305 6306//6306
f 6307//6307 6308//6308 6309//6309
f 6310//6310 6311//6311 6312//6312
f 6313//6313 6314//6314 6315//6315
f 6316//6316 6317//6317 6318//6318
f 6319//6319 6320//6320 6321//6321
f 6322//6322 6323//6323 6324//6324
f 6325//6325 6326//6326 6327//6327
f 6328//6328 6329//6329 6330//6330
f 6331//6331 6332//6332 6333//6333
f 6334//6334 6335//6335 6336//6336
f 6337//6337 6338//6338 6339//6339
f 6340//6340 6341//6341 6342//6342
f 6343//6343 6344//6344 6345//6345
f 6346//6346 6347//6347 6348//6348
f 6349//6349 6350//6350 6351//6351
f 6352//6352 6353//6353 6354//6354
f 6355//6355 6356//6356 6357//6357
f 6358//6358 6359//6359 6360//6360
f 6361//6361 6362//6362 6363//6363
f 6364//6364 6365//6365 6366//6366
f 6367//6367 6368//6368 6369//6369
f 6370//6370 6371//6371 6372//6372
f 6373//6373 6374//6374 6375//6375
f 6376//6376 6377//6377 6378//6378
f 6379//6379 6380//6380 6381//6381
f 6382//6382 6383//6383 6384//6384
f 6371//6371 6370//6370 6385//6385
f 6386//6386 6387//6387 6388//6388
f 6389//6389 6390//6390 6391//6391
f 6392//6392 6393//6393 6394//6394
f 6395//6395 6396//6396 6397//6397
f 6398//6398 6399//6399 6400//6400
f 6401//6401 6402//6402 6403//6403
f 6404//6404 6405//6405 6406//6406
f 6407//6407 6408//6408 6409//6409
f 6410//6410 6411//6411 6412//6412
f 6413//6413 6414//6414 6415//6415
f 6416//6416 6417//6417 6418//6418
f 6419//6419 6420//6420 6421//6421
f 6422//6422 6423//6423 6424//6424
f 6425//6425 6426//6426 6427//6427
f 6428//6428 6429//6429 6430//6430
f 6431//6431 6432//6432 6433//6433
f 6434//6434 6435//6435 6436//6436
f 6437//6437 6438//6438 6439//6439
f 6440//6440 6441//6441 6442//6442
f 6443//6443 6444//6444 6445//6445
f 6446//6446 6447//6447 6448//6448
f 6449//6449 6450//6450 6451//6451
f 6452//6452 6453//6453 6454//6454
f 6455//6455 6456//6456 6457//6457
f 6458//6458 6459//6459 6460//6460
f 6461//6461 6462//6462 6463//6463
f 6464//6464 6465//6465 6466//6466
f 6467//6467 6468//6468 6469//6469
f 6470//6470 6471//6471 6472//6472
f 6473//6473 6474//6474 6475//6475
f 6476//6476 6477//6477 6478//6478
f 6479//6479 6480//6480 6481//6481
f 6482//6482 6483//6483 6484//6484
f 6485//6485 6486//6486 6487//6487
f 6488//6488 6462//6462 6461//6461
f 6489//6489 6490//6490 6491//6491
f 6492//6492 6493//6493 6494//6494
f 6495//6495 6496//6496 6497//6497
f 6498//6498 6499//6499 6500//6500
f 6501//6501 6502//6502 6503//6503
f 6504//6504 6505//6505 6506//6506
f 6507//6507 6508//6508 6509//6509
f 6510//6510 6511//6511 6512//6512
f 6513//6513 6514//6514 6515//6515
f 6516//6516 6517//6517 6518//6518
f 6519//6519 6520//6520 6521//6521
f 6522//6522 6523//6523 6524//6524
f 6525//6525 6526//6526 6527//6527
f 6528//6528 6529//6529 6530//6530
f 6531//6531 6532//6532 6533//6533
f 6534//6534 6535//6535 6536//6536
f 6537//6537 6538//6538 6539//6539
f 6540//6540 6541//6541 6542//6542
f 6543//6543 6544//6544 6545//6545
f 6546//6546 6547//6547 6548//6548
f 6549//6549 6550//6550 6551//6551
f 6552//6552 6553//6553 6554//6554
f 6555//6555 6556//6556 6557//6557
f 6558//6558 6559//6559 6560//6560
f 6561//6561 6562//6562 6563//6563
f 6564//6564 6565//6565 6566//6566
f 6567//6567 6568//6568 6569//6569
f 6570//6570 6571//6571 6572//6572
f 6573//6573 6574//6574 6575//6575
f 6576//6576 6577//6577 6578//6578
f 6579//6579 6580//6580 6581//6581
f 6582//6582 6583//6583 6584//6584
f 6585//6585 6586//6586 6587//6587
f 6588//6588 6589//6589 6590//6590
f 6591//6591 6592//6592 6593//6593
f 6594//6594 6595//6595 6596//6596
f 6597//6597 6598//6598 6599//6599
f 6600//6600 6601//6601 6602//6602
f 6603//6603 6604//6604 6605//6605
f 6606//6606 6607//6607 6608//6608
f 6609//6609 6610//6610 6611//6611
f 6612//6612 6613//6613 6614//6614
f 6615//6615 6616//6616 6617//6617
f 6618//6618 6619//6619 6620//6620
f 6621//6621 6622//6622 6623//6623
f 6624//6624 6625//6625 6626//6626
f 6627//6627 6628//6628 6629//6629
f 6630//6630 6631//6631 6632//6632
f 6632//6632 6631//6631 6633//6633
f 6634//6634 6635//6635 6636//6636
f 6637//6637 6638//6638 6639//6639
f 6640//6640 6641//6641 6642//6642
f 6643//6643 6644//6644 6645//6645
f 6646//6646 6647//6647 6648//6648
f 6649//6649 6650//6650 6651//6651
f 6652//6652 6653//6653 6654//6654
f 6655//6655 6656//6656 6657//6657
f 6658//6658 6659//6659 6660//6660
f 6661//6661 6662//6662 6663//6663
f 6664//6664 6665//6665 6666//6666
f 6667//6667 6668//6668 6669//6669
f 6670//6670 6671//6671 6672//6672
f 6673//6673 6674//6674 6675//6675
f 6676//6676 6677//6677 6678//6678
f 6679//6679 6680//6680 6681//6681
f 6682//6682 6683//6683 6684//6684
f 6685//6685 6686//6686 6687//6687
f 6688//6688 6689//6689 6690//6690
f 6691//6691 6692//6692 6693//6693
f 6694//6694 6695//6695 6696//6696
f 6697//6697 6698//6698 6699//6699
f 6700//6700 6701//6701 6702//6702
f 6703//6703 6704//6704 6705//6705
f 6706//6706 6707//6707 6708//6708
f 6709//6709 6710//6710 6711//6711
f 6712//6712 6713//6713 6714//6714
f 6715//6715 6716//6716 6717//6717
f 6718//6718 6719//6719 6720//6720
f 6721//6721 6722//6722 6723//6723
f 6724//6724 6725//6725 6726//6726
f 6727//6727 6728//6728 6729//6729
f 6730//6730 6731//6731 6732//6732
f 6733//6733 6734//6734 6735//6735
f 6736//6736 6737//6737 6738//6738
f 6739//6739 6740//6740 6741//6741
f 6742//6742 6743//6743 6744//6744
f 6745//6745 6746//6746 6747//6747
f 6748//6748 6749//6749 6750//6750
f 6751//6751 6752//6752 6753//6753
f 6754//6754 6755//6755 6756//6756
f 6757//6757 6758//6758 6759//6759
f 6760//6760 6761//6761 6762//6762
f 6615//6615 6763//6763 6764//6764
f 6765//6765 6766//6766 6767//6767
f 6768//6768 6769//6769 6770//6770
f 6655//6655 6657//6657 6771//6771
f 6772//6772 6773//6773 6774//6774
f 6775//6775 6776//6776 6777//6777
f 6778//6778 6779//6779 6780//6780
f 6781//6781 6782//6782 6783//6783
f 6784//6784 6785//6785 6786//6786
f 6787//6787 6788//6788 6789//6789
f 6790//6790 6791//6791 6792//6792
f 6793//6793 6794//6794 6795//6795
f 6796//6796 6797//6797 6798//6798
f 6799//6799 6800//6800 6801//6801
f 6802//6802 6803//6803 6804//6804
f 6805//6805 6806//6806 6807//6807
f 6808//6808 6809//6809 6810//6810
f 6811//6811 6812//6812 6813//6813
f 6814//6814 6815//6815 6816//6816
f 6817//6817 6818//6818 6819//6819
f 6820//6820 6821//6821 6822//6822
f 6823//6823 6824//6824 6825//6825
f 6826//6826 6827//6827 6828//6828
f 6829//6829 6830//6830 6831//6831
f 6832//6832 6833//6833 6834//6834
f 6835//6835 6836//6836 6837//6837
f 6838//6838 6839//6839 6840//6840
f 6841//6841 6842//6842 6843//6843
f 6844//6844 6845//6845 6846//6846
f 6847//6847 6848//6848 6849//6849
f 6850//6850 6851//6851 6852//6852
f 6853//6853 6854//6854 6855//6855
f 6856//6856 6857//6857 6858//6858
f 6859//6859 6860//6860 6861//6861
f 6862//6862 6863//6863 6864//6864
f 6865//6865 6866//6866 6867//6867
f 6868//6868 6869//6869 6870//6870
f 6871//6871 6872//6872 6873//6873
f 6874//6874 6875//6875 6876//6876
f 6877//6877 6878//6878 6879//6879
f 6880//6880 6881//6881 6882//6882
f 6883//6883 6884//6884 6885//6885
f 6886//6886 6887//6887 6888//6888
f 6889//6889 6890//6890 6891//6891
f 6892//6892 6893//6893 6894//6894
f 6895//6895 6896//6896 6897//6897
f 6898//6898 6899//6899 6900//6900
f 6901//6901 6902//6902 6903//6903
f 6904//6904 6905//6905 6906//6906
f 6907//6907 6908//6908 6909//6909
f 6910//6910 6911//6911 6912//6912
f 6913//6913 6914//6914 6915//6915
f 6915//6915 6914//6914 6916//6916
f 6917//6917 6918//6918 6919//6919
f 6920//6920 6921//6921 6922//6922
f 6923//6923 6924//6924 6925//6925
f 6926//6926 6927//6927 6928//6928
f 6929//6929 6930//6930 6931//6931
f 6932//6932 6933//6933 6934//6934
f 6935//6935 6936//6936 6937//6937
f 6938//6938 6939//6939 6940//6940
f 6941//6941 6942//6942 6943//6943
f 6944//6944 6945//6945 6946//6946
f 6947//6947 6948//6948 6949//6949
f 6950//6950 6951//6951 6952//6952
f 6953//6953 6954//6954 6955//6955
f 6956//6956 6957//6957 6958//6958
f 6959//6959 6960//6960 6961//6961
f 6962//6962 6963//6963 6964//6964
f 6965//6965 6966//6966 6967//6967
f 6968//6968 6969//6969 6970//6970
f 6971//6971 6972//6972 6973//6973
f 6974//6974 6975//6975 6976//6976
f 6977//6977 6978//6978 6979//6979
f 6980//6980 6981//6981 6982//6982
f 6983//6983 6984//6984 6985//6985
f 6986//6986 6987//6987 6988//6988
f 6989//6989 6990//6990 6991//6991
f 6992//6992 6993//6993 6994//6994
f 6995//6995 6996//6996 6997//6997
f 6998//6998 6999//6999 7000//7000
f 7001//7001 7002//7002 7003//7003
f 7004//7004 7005//7005 7006//7006
f 7007//7007 7008//7008 7009//7009
f 7010//7010 7011//7011 7012//7012
f 7013//7013 7014//7014 7015//7015
f 7016//7016 7017//7017 7018//7018
f 7019//7019 7020//7020 7021//7021
f 7022//7022 7023//7023 7024//7024
f 7025//7025 7026//7026 7027//7027
f 7028//7028 7029//7029 7030//7030
f 7031//7031 7032//7032 7033//7033
f 7034//7034 7032//7032 7031//7031
f 7035//7035 7036//7036 7037//7037
f 7038//7038 7039//7039 7040//7040
f 7041//7041 7042//7042 7043//7043
f 7044//7044 7045//7045 7046//7046
f 7047//7047 7048//7048 7049//7049
f 7050//7050 7051//7051 7052//7052
f 7053//7053 7054//7054 7055//7055
f 7056//7056 7057//7057 7058//7058
f 7059//7059 7060//7060 7061//7061
f 7062//7062 7063//7063 7064//7064
f 7065//7065 7066//7066 7067//7067
f 7068//7068 7069//7069 7070//7070
f 7071//7071 7072//7072 7073//7073
f 7074//7074 7075//7075 7076//7076
f 7077//7077 7078//7078 7079//7079
f 7080//7080 7081//7081 7082//7082
f 7083//7083 7084//7084 7085//7085
f 7086//7086 7087//7087 7088//7088
f 7089//7089 7090//7090 7091//7091
f 7092//7092 7093//7093 7094//7094
f 7094//7094 7093//7093 7095//7095
f 7096//7096 7097//7097 7098//7098
f 7099//7099 7100//7100 7101//7101
f 7102//7102 7100//7100 7099//7099
f 7103//7103 7104//7104 7105//7105
f 7106//7106 7107//7107 7108//7108
f 7109//7109 7110//7110 7111//7111
f 7112//7112 7113//7113 7114//7114
f 7115//7115 7116//7116 7117//7117
f 7118//7118 7119//7119 7120//7120
f 7121//7121 7122//7122 7123//7123
f 7124//7124 7125//7125 7126//7126
f 7127//7127 7128//7128 7129//7129
f 7130//7130 7131//7131 7132//7132
f 7133//7133 7134//7134 7135//7135
f 7136//7136 7137//7137 7138//7138
f 7139//7139 7140//7140 7141//7141
f 7142//7142 7143//7143 7144//7144
f 7145//7145 7146//7146 7147//7147
f 7148//7148 7149//7149 7150//7150
f 7151//7151 7152//7152 7153//7153
f 7154//7154 7155//7155 7156//7156
f 7157//7157 7158//7158 7159//7159
f 7160//7160 7161//7161 7162//7162
f 7163//7163 7164//7164 7165//7165
f 7166//7166 7167//7167 7168//7168
f 7169//7169 7170//7170 7171//7171
f 7172//7172 7173//7173 7174//7174
f 7175//7175 7176//7176 7177//7177
f 7178//7178 7179//7179 7180//7180
f 7181//7181 7182//7182 7183//7183
f 7184//7184 7185//7185 7186//7186
f 7187//7187 7188//7188 7189//7189
f 7190//7190 7191//7191 7192//7192
f 7193//7193 7194//7194 7195//7195
f 7196//7196 7197//7197 7198//7198
f 7199//7199 7200//7200 7201//7201
f 7202//7202 7203//7203 7204//7204
f 7205//7205 7206//7206 7207//7207
f 7208//7208 7209//7209 7210//7210
f 7211//7211 7212//7212 7213//7213
f 7214//7214 7215//7215 7216//7216
f 7217//7217 7218//7218 7219//7219
f 7220//7220 7221//7221 7222//7222
f 7223//7223 7224//7224 7225//7225
f 7226//7226 7227//7227 7228//7228
f 7229//7229 7230//7230 7231//7231
f 7232//7232 7233//7233 7234//7234
f 7235//7235 7236//7236 7237//7237
f 7238//7238 7239//7239 7240//7240
f 7241//7241 7242//7242 7243//7243
f 7244//7244 7242//7242 7241//7241
f 7245//7245 7246//7246 7247//7247
f 7248//7248 7249//7249 7250//7250
f 7250//7250 7249//7249 7251//7251
f 7252//7252 7253//7253 7254//7254
f 7255//7255 7256//7256 7257//7257
f 7258//7258 7259//7259 7260//7260
f 7261//7261 7262//7262 7263//7263
f 7264//7264 7265//7265 7266//7266
f 7267//7267 7268//7268 7269//7269
f 7270//7270 7271//7271 7272//7272
f 7273//7273 7274//7274 7275//7275
f 7276//7276 7277//7277 7278//7278
f 7279//7279 7280//7280 7281//7281
f 7282//7282 7283//7283 7284//7284
f 7285//7285 7286//7286 7287//7287
f 7288//7288 7289//7289 7290//7290
f 7291//7291 7292//7292 7293//7293
f 7294//7294 7295//7295 7296//7296
f 7297//7297 7298//7298 7299//7299
f 7300//7300 7301//7301 7302//7302
f 7303//7303 7304//7304 7305//7305
f 7306//7306 7307//7307 7308//7308
f 7309//7309 7310//7310 7311//7311
f 7312//7312 7313//7313 7314//7314
f 7315//7315 7316//7316 7317//7317
f 7318//7318 7319//7319 7320//7320
f 7321//7321 7322//7322 7323//7323
f 7324//7324 7325//7325 7326//7326
f 7327//7327 7328//7328 7329//7329
f 7330//7330 7331//7331 7332//7332
f 7333//7333 7334//7334 7335//7335
f 7336//7336 7337//7337 7338//7338
f 7339//7339 7340//7340 7341//7341
f 7342//7342 7343//7343 7344//7344
f 7345//7345 7346//7346 7347//7347
f 7348//7348 7349//7349 7350//7350
f 7351//7351 7352//7352 7353//7353
f 7354//7354 7355//7355 7356//7356
f 7357//7357 7358//7358 7359//7359
f 7360//7360 7361//7361 7362//7362
f 7363//7363 7364//7364 7365//7365
f 7366//7366 7367//7367 7368//7368
f 7369//7369 7370//7370 7371//7371
f 7372//7372 7373//7373 7374//7374
f 7375//7375 7376//7376 7377//7377
f 7378//7378 7379//7379 7380//7380
f 7381//7381 7382//7382 7383//7383
f 7384//7384 7385//7385 7386//7386
f 7387//7387 7388//7388 7389//7389
f 7390//7390 7391//7391 7392//7392
f 7393//7393 7394//7394 7395//7395
f 7396//7396 7397//7397 7398//7398
f 7399//7399 7400//7400 7401//7401
f 7402//7402 7403//7403 7404//7404
f 7405//7405 7406//7406 7407//7407
f 7408//7408 7409//7409 7410//7410
f 7411//7411 7412//7412 7413//7413
f 7414//7414 7415//7415 7416//7416
f 7417//7417 7418//7418 7419//7419
f 7420//7420 7421//7421 7422//7422
f 7423//7423 7424//7424 7425//7425
f 7426//7426 7427//7427 7428//7428
f 7429//7429 7430//7430 7431//7431
f 7432//7432 7433//7433 7434//7434
f 7435//7435 7436//7436 7437//7437
f 7438//7438 7439//7439 7440//7440
f 7441//7441 7442//7442 7443//7443
f 7444//7444 7445//7445 7446//7446
f 7447//7447 7448//7448 7449//7449
f 7450//7450 7451//7451 7452//7452
f 7453//7453 7454//7454 7455//7455
f 7456//7456 7457//7457 7458//7458
f 7459//7459 7460//7460 7461//7461
f 7462//7462 7463//7463 7464//7464
f 7465//7465 7466//7466 7467//7467
f 7468//7468 7469//7469 7470//7470
f 7471//7471 7472//7472 7473//7473
f 7474//7474 7475//7475 7476//7476
f 7477//7477 7478//7478 7479//7479
f 7480//7480 7481//7481 7482//7482
f 7483//7483 7484//7484 7485//7485
f 7486//7486 7487//7487 7488//7488
f 7489//7489 7490//7490 7491//7491
f 7492//7492 7493//7493 7494//7494
f 7495//7495 7496//7496 7497//7497
f 7498//7498 7499//7499 7500//7500
f 7501//7501 7502//7502 7503//7503
f 7504//7504 7505//7505 7506//7506
f 7507//7507 7508//7508 7509//7509
f 7510//7510 7511//7511 7512//7512
f 7513//7513 7514//7514 7515//7515
f 7516//7516 7517//7517 7518//7518
f 7519//7519 7520//7520 7521//7521
f 7522//7522 7523//7523 7524//7524
f 7525//7525 7526//7526 7527//7527
f 7528//7528 7529//7529 7530//7530
f 7531//7531 7532//7532 7533//7533
f 7534//7534 7535//7535 7536//7536
f 7537//7537 7538//7538 7539//7539
f 7540//7540 7541//7541 7542//7542
f 7543//7543 7544//7544 7545//7545
f 7546//7546 7547//7547 7548//7548
f 7549//7549 7550//7550 7551//7551
f 7552//7552 7553//7553 7554//7554
f 7555//7555 7556//7556 7557//7557
f 7558//7558 7559//7559 7560//7560
f 7561//7561 7562//7562 7563//7563
f 7564//7564 7565//7565 7566//7566
f 7567//7567 7568//7568 7569//7569
f 7570//7570 7571//7571 7572//7572
f 7573//7573 7574//7574 7575//7575
f 7576//7576 7577//7577 7578//7578
f 7579//7579 7580//7580 7581//7581
f 7582//7582 7583//7583 7584//7584
f 7585//7585 7586//7586 7587//7587
f 7588//7588 7589//7589 7590//7590
f 7591//7591 7592//7592 7593//7593
f 7594//7594 7595//7595 7596//7596
f 7597//7597 7598//7598 7599//7599
f 7600//7600 7598//7598 7597//7597
f 7601//7601 7602//7602 7603//7603
f 7604//7604 7605//7605 7606//7606
f 7607//7607 7605//7605 7604//7604
f 7608//7608 7609//7609 7610//7610
f 7611//7611 7612//7612 7613//7613
f 7614//7614 7615//7615 7616//7616
f 7617//7617 7618//7618 7619//7619
f 7620//7620 7621//7621 7622//7622
f 7623//7623 7624//7624 7625//7625
f 7626//7626 7627//7627 7628//7628
f 7629//7629 7630//7630 7631//7631
f 7632//7632 7633//7633 7634//7634
f 7635//7635 7636//7636 7637//7637
f 7638//7638 7639//7639 7640//7640
f 7641//7641 7642//7642 7643//7643
f 7644//7644 7645//7645 7646//7646
f 7647//7647 7648//7648 7649//7649
f 7650//7650 7651//7651 7652//7652
f 7653//7653 7654//7654 7655//7655
f 7656//7656 7657//7657 7658//7658
f 7659//7659 7660//7660 7661//7661
f 7662//7662 7663//7663 7664//7664
f 7665//7665 7666//7666 7667//7667
f 7668//7668 7669//7669 7670//7670
f 7671//7671 7672//7672 7673//7673
f 7674//7674 7675//7675 7676//7676
f 7677//7677 7678//7678 7679//7679
f 7680//7680 7681//7681 7682//7682
f 7683//7683 7684//7684 7685//7685
f 7686//7686 7687//7687 7688//7688
f 7689//7689 7690//7690 7691//7691
f 7692//7692 7693//7693 7694//7694
f 7695//7695 7696//7696 7697//7697
f 7698//7698 7699//7699 7700//7700
f 6696//6696 6695//6695 7701//7701
f 7702//7702 7703//7703 7704//7704
f 7705//7705 7706//7706 7707//7707
f 7708//7708 7709//7709 7710//7710
f 7711//7711 7712//7712 7713//7713
f 7714//7714 7715//7715 7716//7716
f 7717//7717 7718//7718 7719//7719
f 7720//7720 6850//6850 6852//6852
f 7721//7721 7722//7722 7723//7723
f 7723//7723 7722//7722 7724//7724
f 7725//7725 7726//7726 7727//7727
f 7728//7728 7729//7729 7730//7730
f 7731//7731 7732//7732 7733//7733
f 7734//7734 7735//7735 7736//7736
f 7737//7737 7738//7738 7739//7739
f 7740//7740 7741//7741 7742//7742
f 7743//7743 7744//7744 7745//7745
f 7746//7746 7747//7747 7748//7748
f 7749//7749 7750//7750 7751//7751
f 7752//7752 7753//7753 7754//7754
f 7755//7755 7756//7756 7757//7757
f 7758//7758 7759//7759 7760//7760
f 7761//7761 7762//7762 7763//7763
f 7764//7764 7765//7765 7766//7766
f 7767//7767 7768//7768 7769//7769
f 7770//7770 7771//7771 7772//7772
f 7773//7773 7774//7774 7775//7775
f 7776//7776 7777//7777 7778//7778
f 7779//7779 7780//7780 7781//7781
f 7782//7782 7783//7783 7784//7784
f 7785//7785 7786//7786 7787//7787
f 7788//7788 7789//7789 7790//7790
f 7791//7791 7792//7792 7793//7793
f 7794//7794 7795//7795 7796//7796
f 7797//7797 7798//7798 7799//7799
f 7800//7800 7801//7801 7802//7802
f 7803//7803 7804//7804 7805//7805
f 7806//7806 7807//7807 7808//7808
f 7809//7809 7810//7810 7811//7811
f 7812//7812 7813//7813 7814//7814
f 7815//7815 7816//7816 7817//7817
f 7818//7818 7819//7819 7820//7820
f 7821//7821 7822//7822 7823//7823
f 7824//7824 7825//7825 7826//7826
f 7827//7827 7828//7828 7829//7829
f 7830//7830 7831//7831 7832//7832
f 7833//7833 7834//7834 7835//7835
f 7836//7836 7837//7837 7838//7838
f 7839//7839 7840//7840 7841//7841
f 7842//7842 7843//7843 7844//7844
f 7845//7845 7846//7846 7847//7847
f 7848//7848 7849//7849 7850//7850
f 7851//7851 7852//7852 7853//7853
f 7854//7854 7855//7855 7856//7856
f 7857//7857 7858//7858 7859//7859
f 7860//7860 7861//7861 7862//7862
f 7863//7863 7504//7504 7506//7506
f 7864//7864 7865//7865 7866//7866
f 7867//7867 7868//7868 7869//7869
f 7870//7870 7871//7871 7872//7872
f 7873//7873 7874//7874 7875//7875
f 7876//7876 7877//7877 7878//7878
f 7879//7879 7880//7880 7881//7881
f 7882//7882 7883//7883 7884//7884
f 7885//7885 7886//7886 7887//7887
f 7888//7888 7889//7889 7890//7890
f 7891//7891 7892//7892 7893//7893
f 7894//7894 7895//7895 7896//7896
f 7897//7897 7898//7898 7899//7899
f 7900//7900 7901//7901 7902//7902
f 7903//7903 7904//7904 7905//7905
f 7906//7906 7907//7907 7908//7908
f 7909//7909 7910//7910 7911//7911
f 7912//7912 7913//7913 7914//7914
f 7915//7915 7916//7916 7917//7917
f 7918//7918 7915//7915 7919//7919
f 7918//7918 7916//7916 7915//7915
f 7920//7920 7921//7921 7916//7916
f 7920//7920 7916//7916 7918//7918
f 7920//7920 7918//7918 7922//7922
f 7923//7923 7920//7920 7924//7924
f 7923//7923 7921//7921 7920//7920
f 7925//7925 7921//7921 7923//7923
f 7925//7925 7926//7926 7921//7921
f 7925//7925 7927//7927 7926//7926
f 7928//7928 7927//7927 7925//7925
f 7928//7928 7929//7929 7927//7927
f 7928//7928 7930//7930 7929//7929
f 7931//7931 7930//7930 7928//7928
f 7931//7931 7932//7932 7930//7930
f 7933//7933 7932//7932 7931//7931
f 7934//7934 7935//7935 7932//7932
f 7934//7934 7936//7936 7935//7935
f 7937//7937 7934//7934 7932//7932
f 7937//7937 7938//7938 7934//7934
f 7939//7939 7932//7932 7933//7933
f 7939//7939 7933//7933 7940//7940
f 7941//7941 7932//7932 7939//7939
f 7942//7942 7932//7932 7941//7941
f 7942//7942 7937//7937 7932//7932
f 7943//7943 7944//7944 7945//7945
f 7946//7946 7947//7947 7948//7948
f 7949//7949 7950//7950 7951//7951
f 7952//7952 7953//7953 7954//7954
f 7955//7955 7956//7956 7957//7957
f 7958//7958 7959//7959 7960//7960
f 7961//7961 7962//7962 7963//7963
f 7964//7964 7965//7965 7966//7966
f 7967//7967 7968//7968 7969//7969
f 7970//7970 7971//7971 7972//7972
f 7973//7973 7974//7974 7975//7975
f 7976//7976 7977//7977 7978//7978
f 7979//7979 7980//7980 7981//7981
f 7982//7982 7983//7983 7984//7984
f 7985//7985 7986//7986 7987//7987
f 7988//7988 7989//7989 7990//7990
f 7991//7991 7992//7992 7993//7993
f 7994//7994 7995//7995 7996//7996
f 7997//7997 7998//7998 7999//7999
f 8000//8000 8001//8001 8002//8002
f 8003//8003 8004//8004 8005//8005
f 8006//8006 8007//8007 8008//8008
f 8006//8006 8008//8008 8009//8009
f 8010//8010 8011//8011 8012//8012
f 8013//8013 8014//8014 8015//8015
f 8016//8016 8017//8017 8018//8018
f 8019//8019 8020//8020 8021//8021
f 8022//8022 8023//8023 8024//8024
f 8025//8025 8026//8026 8027//8027
f 8028//8028 8029//8029 8030//8030
f 8031//8031 8032//8032 8033//8033
f 8034//8034 8035//8035 8036//8036
f 8037//8037 8038//8038 8039//8039
f 8040//8040 8041//8041 8042//8042
f 8043//8043 8044//8044 8045//8045
f 8046//8046 8047//8047 8048//8048
f 8049//8049 8050//8050 8051//8051
f 8052//8052 8053//8053 8054//8054
f 8055//8055 8056//8056 8057//8057
f 8058//8058 8059//8059 8060//8060
f 8061//8061 8062//8062 8063//8063
f 8064//8064 8065//8065 8066//8066
f 8067//8067 8068//8068 8069//8069
f 8070//8070 8071//8071 8072//8072
f 8073//8073 8074//8074 8075//8075
f 8076//8076 8077//8077 8078//8078
f 8079//8079 8080//8080 8081//8081
f 8082//8082 8083//8083 8084//8084
f 8085//8085 8086//8086 8087//8087
f 8088//8088 8085//8085 8089//8089
f 8088//8088 8089//8089 8090//8090
f 8091//8091 8086//8086 8085//8085
f 8091//8091 8092//8092 8086//8086
f 8091//8091 8085//8085 8088//8088
f 8091//8091 8093//8093 8092//8092
f 8091//8091 8088//8088 8094//8094
f 8091//8091 8095//8095 8093//8093
f 8096//8096 8095//8095 8091//8091
f 8096//8096 8097//8097 8095//8095
f 8098//8098 8097//8097 8096//8096
f 8099//8099 8100//8100 8101//8101
f 8102//8102 8097//8097 8098//8098
f 8102//8102 8103//8103 8097//8097
f 8104//8104 8105//8105 8099//8099
f 8106//8106 8103//8103 8102//8102
f 8106//8106 8107//8107 8103//8103
f 8108//8108 8101//8101 8107//8107
f 8108//8108 8107//8107 8106//8106
f 8109//8109 8104//8104 8099//8099
f 8110//8110 8099//8099 8101//8101
f 8110//8110 8101//8101 8108//8108
f 8110//8110 8109//8109 8099//8099
f 8111//8111 8112//8112 8113//8113
f 8114//8114 8115//8115 8116//8116
f 8117//8117 8118//8118 8119//8119
f 8120//8120 8121//8121 8122//8122
f 8123//8123 8124//8124 8125//8125
f 8126//8126 8127//8127 8128//8128
f 8129//8129 8130//8130 8131//8131
f 8132//8132 8133//8133 8134//8134
f 8135//8135 8136//8136 8137//8137
f 8138//8138 8139//8139 8140//8140
f 8141//8141 8142//8142 8143//8143
f 8144//8144 8145//8145 8146//8146
f 8147//8147 8148//8148 8149//8149
f 8150//8150 8151//8151 8152//8152
f 8153//8153 8154//8154 8155//8155
f 8156//8156 8157//8157 8158//8158
f 8159//8159 8160//8160 8161//8161
f 8162//8162 8163//8163 8164//8164
f 8165//8165 8166//8166 8167//8167
f 8168//8168 8169//8169 8170//8170
f 8171//8171 8172//8172 8173//8173
f 8174//8174 8175//8175 8176//8176
f 8177//8177 8178//8178 8179//8179
f 8180//8180 8181//8181 8182//8182
f 8183//8183 8184//8184 8185//8185
f 8186//8186 8187//8187 8188//8188
f 8189//8189 8190//8190 8191//8191
f 8192//8192 8193//8193 8194//8194
f 8195//8195 8196//8196 8197//8197
f 8198//8198 8199//8199 8200//8200
f 8201//8201 8202//8202 8203//8203
f 8204//8204 8205//8205 8206//8206
f 8207//8207 8208//8208 8209//8209
f 8210//8210 8211//8211 8212//8212
f 8211//8211 8213//8213 8212//8212
f 8214//8214 8215//8215 8216//8216
f 8217//8217 8218//8218 8219//8219
f 8220//8220 8221//8221 8222//8222
f 8223//8223 8224//8224 8225//8225
f 8226//8226 8227//8227 8228//8228
f 8229//8229 8230//8230 8231//8231
f 8232//8232 8233//8233 8234//8234
f 8235//8235 8236//8236 8237//8237
f 8238//8238 8239//8239 8240//8240
f 8241//8241 8242//8242 8243//8243
f 8244//8244 8245//8245 8246//8246
f 8247//8247 8248//8248 8249//8249
f 8250//8250 8251//8251 8252//8252
f 8253//8253 8254//8254 8255//8255
f 8256//8256 8257//8257 8258//8258
f 8259//8259 8260//8260 8261//8261
f 8262//8262 8263//8263 8264//8264
f 8265//8265 8266//8266 8267//8267
f 8268//8268 8269//8269 8270//8270
f 8271//8271 8272//8272 8273//8273
f 8274//8274 8275//8275 8276//8276
f 8277//8277 8278//8278 8279//8279
f 8280//8280 8281//8281 8282//8282
f 8283//8283 8284//8284 8285//8285
f 8286//8286 8287//8287 8288//8288
f 8289//8289 8290//8290 8291//8291
f 8292//8292 8293//8293 8294//8294
f 8295//8295 8296//8296 8297//8297
f 8298//8298 8299//8299 8300//8300
f 8301//8301 8302//8302 8303//8303
f 8304//8304 8305//8305 8306//8306
f 8307//8307 8308//8308 8309//8309
f 8310//8310 8311//8311 8312//8312
f 8313//8313 8314//8314 8315//8315
f 8316//8316 8317//8317 8318//8318
f 8319//8319 8320//8320 8321//8321
f 8322//8322 8323//8323 8324//8324
f 8325//8325 8326//8326 8327//8327
f 8328//8328 8329//8329 8330//8330
f 8331//8331 8332//8332 8333//8333
f 8334//8334 8335//8335 8336//8336
f 8337//8337 8338//8338 8339//8339
f 8340//8340 8341//8341 8342//8342
f 8343//8343 8344//8344 8345//8345
f 8346//8346 8347//8347 8348//8348
f 8349//8349 8350//8350 8351//8351
f 8352//8352 8353//8353 8354//8354
f 8355//8355 8356//8356 8357//8357
f 8358//8358 8359//8359 8360//8360
f 8361//8361 8362//8362 8363//8363
f 8364//8364 8365//8365 8366//8366
f 8367//8367 8368//8368 8369//8369
f 8370//8370 8371//8371 8372//8372
f 8373//8373 8374//8374 8375//8375
f 8376//8376 8377//8377 8378//8378
f 8379//8379 8380//8380 8381//8381
f 8382//8382 8383//8383 8384//8384
f 8385//8385 8386//8386 8387//8387
f 8388//8388 8389//8389 8390//8390
f 8391//8391 8392//8392 8393//8393
f 8394//8394 8395//8395 8396//8396
f 8397//8397 8398//8398 8399//8399
f 8400//8400 8401//8401 8402//8402
f 8403//8403 8404//8404 8405//8405
f 8406//8406 8407//8407 8408//8408
f 8409//8409 8410//8410 8411//8411
f 8412//8412 8413//8413 8414//8414
f 8415//8415 8416//8416 8417//8417
f 8418//8418 8419//8419 8420//8420
f 8421//8421 8422//8422 8423//8423
f 8424//8424 8425//8425 8426//8426
f 8427//8427 8428//8428 8429//8429
f 8430//8430 8431//8431 8432//8432
f 8433//8433 8434//8434 8435//8435
f 8436//8436 8437//8437 8438//8438
f 8439//8439 8440//8440 8441//8441
f 8442//8442 8443//8443 8444//8444
f 8445//8445 8446//8446 8447//8447
f 8448//8448 8449//8449 8450//8450
f 8451//8451 8452//8452 8453//8453
f 8454//8454 8455//8455 8456//8456
f 8457//8457 8458//8458 8459//8459
f 8460//8460 8461//8461 8462//8462
f 8463//8463 8464//8464 8465//8465
f 8466//8466 8467//8467 8468//8468
f 8469//8469 8470//8470 8471//8471
f 8472//8472 8473//8473 8474//8474
f 8475//8475 8476//8476 8477//8477
f 8478//8478 8479//8479 8480//8480
f 8481//8481 8482//8482 8483//8483
f 8484//8484 8485//8485 8486//8486
f 8487//8487 8488//8488 8489//8489
f 8490//8490 8491//8491 8492//8492
f 8493//8493 8494//8494 8495//8495
f 8496//8496 8497//8497 8498//8498
f 8499//8499 8500//8500 8501//8501
f 8502//8502 8503//8503 8504//8504
f 8505//8505 8506//8506 8507//8507
f 8508//8508 8509//8509 8510//8510
f 8511//8511 8512//8512 8513//8513
f 8514//8514 8515//8515 8516//8516
f 8517//8517 8518//8518 8519//8519
f 8520//8520 8521//8521 8522//8522
f 8523//8523 8524//8524 8525//8525
f 8526//8526 8527//8527 8528//8528
f 8529//8529 8530//8530 8531//8531
f 8532//8532 8533//8533 8534//8534
f 8535//8535 8536//8536 8537//8537
f 8538//8538 8539//8539 8540//8540
f 8541//8541 8542//8542 8543//8543
f 8544//8544 8545//8545 8546//8546
f 8547//8547 8548//8548 8549//8549
f 8550//8550 8551//8551 8552//8552
f 8553//8553 8554//8554 8555//8555
f 8556//8556 8557//8557 8558//8558
f 8559//8559 8560//8560 8561//8561
f 8562//8562 8563//8563 8564//8564
f 8565//8565 8566//8566 8567//8567
f 8568//8568 8569//8569 8570//8570
f 8571//8571 8572//8572 8573//8573
f 8574//8574 8575//8575 8576//8576
f 8577//8577 8578//8578 8579//8579
f 8580//8580 8581//8581 8582//8582
f 8583//8583 8584//8584 8585//8585
f 8586//8586 8587//8587 8588//8588
f 8589//8589 8590//8590 8591//8591
f 8592//8592 8593//8593 8594//8594
f 8595//8595 8596//8596 8597//8597
f 8598//8598 8599//8599 8600//8600
f 8601//8601 8602//8602 8603//8603
f 8604//8604 8605//8605 8606//8606
f 8607//8607 8608//8608 8609//8609
f 8610//8610 8611//8611 8612//8612
f 8613//8613 8614//8614 8615//8615
f 8616//8616 8617//8617 8618//8618
f 8619//8619 8620//8620 8621//8621
f 8622//8622 8623//8623 8624//8624
f 8625//8625 8626//8626 8627//8627
f 8628//8628 8629//8629 8630//8630
f 8631//8631 8632//8632 8633//8633
f 8634//8634 8635//8635 8636//8636
f 8637//8637 8638//8638 8639//8639
f 8640//8640 8641//8641 8642//8642
f 8643//8643 8644//8644 8645//8645
f 8646//8646 8647//8647 8648//8648
f 8649//8649 8647//8647 8650//8650
f 8651//8651 8647//8647 8646//8646
f 8651//8651 8652//8652 8647//8647
f 8653//8653 8652//8652 8651//8651
f 8648//8648 8649//8649 8654//8654
f 8648//8648 8647//8647 8649//8649
f 8653//8653 8655//8655 8652//8652
f 8656//8656 8657//8657 8655//8655
f 8656//8656 8658//8658 8657//8657
f 8656//8656 8655//8655 8653//8653
f 8659//8659 8656//8656 8653//8653
f 8660//8660 8661//8661 8662//8662
f 8660//8660 8663//8663 8661//8661
f 8664//8664 8663//8663 8665//8665
f 8664//8664 8665//8665 8666//8666
f 8660//8660 8667//8667 8668//8668
f 8660//8660 8668//8668 8663//8663
f 8669//8669 8670//8670 8671//8671
f 8669//8669 8667//8667 8660//8660
f 8669//8669 8671//8671 8667//8667
f 8672//8672 8673//8673 8670//8670
f 8672//8672 8674//8674 8673//8673
f 8672//8672 8670//8670 8669//8669
f 8661//8661 8663//8663 8664//8664
f 8675//8675 8676//8676 8677//8677
f 8678//8678 8679//8679 8680//8680
f 8675//8675 8681//8681 8682//8682
f 8675//8675 8682//8682 8676//8676
f 8683//8683 8681//8681 8675//8675
f 8683//8683 8675//8675 8684//8684
f 8683//8683 8680//8680 8681//8681
f 8683//8683 8678//8678 8680//8680
f 8683//8683 8685//8685 8678//8678
f 8683//8683 8686//8686 8685//8685
f 8677//8677 8676//8676 8687//8687
f 8677//8677 8687//8687 8688//8688
f 8677//8677 8688//8688 8689//8689
f 8690//8690 8691//8691 8692//8692
f 8693//8693 8694//8694 8695//8695
f 8693//8693 8696//8696 8694//8694
f 8693//8693 8697//8697 8696//8696
f 8698//8698 8699//8699 8691//8691
f 8692//8692 8697//8697 8693//8693
f 8692//8692 8691//8691 8697//8697
f 8690//8690 8698//8698 8691//8691
f 8694//8694 8696//8696 8700//8700
f 8694//8694 8700//8700 8701//8701
f 8694//8694 8701//8701 8702//8702
