# https://github.com/mikedh/trimesh
v -0.03475278 -0.03943571 0.08590789
v -0.03483071 -0.03957526 0.08648051
v -0.03479779 -0.03940308 0.08633388
v -0.03493700 -0.03964547 0.08733035
v -0.03483071 -0.03957526 0.08648051
v -0.03475163 -0.03979956 0.08585597
v -0.03563959 -0.03893024 0.08262075
v -0.03633358 -0.03827283 0.08222640
v -0.03627023 -0.03814879 0.08192141
v -0.03479779 -0.03940308 0.08633388
v -0.03483071 -0.03957526 0.08648051
v -0.03485207 -0.03934880 0.08668281
v -0.03538603 -0.03891102 0.08243645
v -0.03563959 -0.03893024 0.08262075
v -0.03627023 -0.03814879 0.08192141
v -0.03483071 -0.03957526 0.08648051
v -0.03498277 -0.03922282 0.08719397
v -0.03485207 -0.03934880 0.08668281
v -0.03461390 -0.03982661 0.08758272
v -0.03519882 -0.03930939 0.08858425
v -0.03465369 -0.03993021 0.08698750
v -0.03493700 -0.03964547 0.08733035
v -0.03526764 -0.03925312 0.08794475
v -0.03483071 -0.03957526 0.08648051
v -0.03526764 -0.03925312 0.08794475
v -0.03498277 -0.03922282 0.08719397
v -0.03483071 -0.03957526 0.08648051
v -0.03633358 -0.03827283 0.08222640
v -0.03657716 -0.03797379 0.08235604
v -0.03714934 -0.03745454 0.08203633
v -0.03519882 -0.03930939 0.08858425
v -0.03560233 -0.03900357 0.08870603
v -0.03465369 -0.03993021 0.08698750
v -0.03465369 -0.03993021 0.08698750
v -0.03560233 -0.03900357 0.08870603
v -0.03493700 -0.03964547 0.08733035
v -0.03498277 -0.03922282 0.08719397
v -0.03526060 -0.03908407 0.08781202
v -0.03524008 -0.03897614 0.08775289
v -0.03526764 -0.03925312 0.08794475
v -0.03526060 -0.03908407 0.08781202
v -0.03498277 -0.03922282 0.08719397
v -0.03657716 -0.03797379 0.08235604
v -0.03633358 -0.03827283 0.08222640
v -0.03577635 -0.03880451 0.08287389
v -0.03560233 -0.03900357 0.08870603
v -0.03526764 -0.03925312 0.08794475
v -0.03493700 -0.03964547 0.08733035
v -0.03517745 -0.03863584 0.08929856
v -0.03556224 -0.03874584 0.08932001
v -0.03484065 -0.03925148 0.08868737
v -0.03435263 -0.04007085 0.08646763
v -0.03461390 -0.03982661 0.08758272
v -0.03465369 -0.03993021 0.08698750
v -0.03484065 -0.03925148 0.08868737
v -0.03556224 -0.03874584 0.08932001
v -0.03519882 -0.03930939 0.08858425
v -0.03684815 -0.03735272 0.08251906
v -0.03668892 -0.03772790 0.08245809
v -0.03650214 -0.03771728 0.08263118
v -0.03646980 -0.03739845 0.08158709
v -0.03689185 -0.03740495 0.08163912
v -0.03736062 -0.03669889 0.08156771
v -0.03551348 -0.03869429 0.08820421
v -0.03526060 -0.03908407 0.08781202
v -0.03551348 -0.03869429 0.08820421
v -0.03524008 -0.03897614 0.08775289
v -0.03556224 -0.03874584 0.08932001
v -0.03617308 -0.03840382 0.08940936
v -0.03519882 -0.03930939 0.08858425
v -0.03560233 -0.03900357 0.08870603
v -0.03594372 -0.03853220 0.08872838
v -0.03526764 -0.03925312 0.08794475
v -0.03595662 -0.03812658 0.08976478
v -0.03556224 -0.03874584 0.08932001
v -0.03517745 -0.03863584 0.08929856
v -0.03714934 -0.03745454 0.08203633
v -0.03657716 -0.03797379 0.08235604
v -0.03746618 -0.03702079 0.08233936
v -0.03657716 -0.03797379 0.08235604
v -0.03668892 -0.03772790 0.08245809
v -0.03746618 -0.03702079 0.08233936
v -0.03617308 -0.03840382 0.08940936
v -0.03560233 -0.03900357 0.08870603
v -0.03519882 -0.03930939 0.08858425
v -0.03746618 -0.03702079 0.08233936
v -0.03668892 -0.03772790 0.08245809
v -0.03711393 -0.03709301 0.08250637
v -0.03594372 -0.03853220 0.08872838
v -0.03551348 -0.03869429 0.08820421
v -0.03526764 -0.03925312 0.08794475
v -0.03711393 -0.03709301 0.08250637
v -0.03668892 -0.03772790 0.08245809
v -0.03684815 -0.03735272 0.08251906
v -0.03595662 -0.03812658 0.08976478
v -0.03628793 -0.03813725 0.08967555
v -0.03556224 -0.03874584 0.08932001
v -0.03551348 -0.03869429 0.08820421
v -0.03594372 -0.03853220 0.08872838
v -0.03583996 -0.03837626 0.08855475
v -0.03556224 -0.03874584 0.08932001
v -0.03628793 -0.03813725 0.08967555
v -0.03617308 -0.03840382 0.08940936
v -0.03644611 -0.03813315 0.08921749
v -0.03594372 -0.03853220 0.08872838
v -0.03560233 -0.03900357 0.08870603
v -0.03563959 -0.03893024 0.08262075
v -0.03577635 -0.03880451 0.08287389
v -0.03633358 -0.03827283 0.08222640
v -0.03583996 -0.03837626 0.08855475
v -0.03594372 -0.03853220 0.08872838
v -0.03612065 -0.03808022 0.08879496
v -0.03617308 -0.03840382 0.08940936
v -0.03644611 -0.03813315 0.08921749
v -0.03560233 -0.03900357 0.08870603
v -0.03587463 -0.03783420 0.08981551
v -0.03656147 -0.03752434 0.08998902
v -0.03595662 -0.03812658 0.08976478
v -0.03644611 -0.03813315 0.08921749
v -0.03642702 -0.03797186 0.08902139
v -0.03594372 -0.03853220 0.08872838
v -0.03650214 -0.03771728 0.08263118
v -0.03668892 -0.03772790 0.08245809
v -0.03612065 -0.03808022 0.08280499
v -0.03668892 -0.03772790 0.08245809
v -0.03592871 -0.03827823 0.08295561
v -0.03612065 -0.03808022 0.08280499
v -0.03657716 -0.03797379 0.08235604
v -0.03592871 -0.03827823 0.08295561
v -0.03668892 -0.03772790 0.08245809
v -0.03494471 -0.03896028 0.08262117
v -0.03538603 -0.03891102 0.08243645
v -0.03555179 -0.03843539 0.08206285
v -0.03594372 -0.03853220 0.08872838
v -0.03642702 -0.03797186 0.08902139
v -0.03612065 -0.03808022 0.08879496
v -0.03612065 -0.03808022 0.08879496
v -0.03642702 -0.03797186 0.08902139
v -0.03635541 -0.03784546 0.08892722
v -0.03656147 -0.03752434 0.08998902
v -0.03693843 -0.03743701 0.08992363
v -0.03595662 -0.03812658 0.08976478
v -0.03595662 -0.03812658 0.08976478
v -0.03693843 -0.03743701 0.08992363
v -0.03628793 -0.03813725 0.08967555
v -0.03693843 -0.03743701 0.08992363
v -0.03617308 -0.03840382 0.08940936
v -0.03628793 -0.03813725 0.08967555
v -0.03635541 -0.03784546 0.08892722
v -0.03642702 -0.03797186 0.08902139
v -0.03659882 -0.03760206 0.08902265
v -0.03693843 -0.03743701 0.08992363
v -0.03656147 -0.03752434 0.08998902
v -0.03697369 -0.03693308 0.09006591
v -0.03577635 -0.03880451 0.08287389
v -0.03570424 -0.03872262 0.08312000
v -0.03657716 -0.03797379 0.08235604
v -0.03617308 -0.03840382 0.08940936
v -0.03742592 -0.03717685 0.08956618
v -0.03644611 -0.03813315 0.08921749
v -0.03742592 -0.03717685 0.08956618
v -0.03701202 -0.03746069 0.08924974
v -0.03644611 -0.03813315 0.08921749
v -0.03592871 -0.03827823 0.08295561
v -0.03570424 -0.03872262 0.08312000
v -0.03568835 -0.03851252 0.08317287
v -0.03568835 -0.03851252 0.08317287
v -0.03570424 -0.03872262 0.08312000
v -0.03547193 -0.03874429 0.08346737
v -0.03570424 -0.03872262 0.08312000
v -0.03592871 -0.03827823 0.08295561
v -0.03657716 -0.03797379 0.08235604
v -0.03644611 -0.03813315 0.08921749
v -0.03701202 -0.03746069 0.08924974
v -0.03642702 -0.03797186 0.08902139
v -0.03693843 -0.03743701 0.08992363
v -0.03747212 -0.03706391 0.08976985
v -0.03617308 -0.03840382 0.08940936
v -0.03642702 -0.03797186 0.08902139
v -0.03701202 -0.03746069 0.08924974
v -0.03659882 -0.03760206 0.08902265
v -0.03659882 -0.03760206 0.08902265
v -0.03701202 -0.03746069 0.08924974
v -0.03684815 -0.03735272 0.08908058
v -0.03747212 -0.03706391 0.08976985
v -0.03742592 -0.03717685 0.08956618
v -0.03617308 -0.03840382 0.08940936
v -0.03461256 -0.03936705 0.08319266
v -0.03481705 -0.03953766 0.08332659
v -0.03494471 -0.03896028 0.08262117
v -0.03494471 -0.03896028 0.08262117
v -0.03481705 -0.03953766 0.08332659
v -0.03538603 -0.03891102 0.08243645
v -0.03701202 -0.03746069 0.08924974
v -0.03709302 -0.03711392 0.08909352
v -0.03684815 -0.03735272 0.08908058
v -0.03590646 -0.03785516 0.08177722
v -0.03615213 -0.03802277 0.08178992
v -0.03646980 -0.03739845 0.08158709
v -0.03538603 -0.03891102 0.08243645
v -0.03481705 -0.03953766 0.08332659
v -0.03563959 -0.03893024 0.08262075
v -0.03590646 -0.03785516 0.08177722
v -0.03555179 -0.03843539 0.08206285
v -0.03615213 -0.03802277 0.08178992
v -0.03563959 -0.03893024 0.08262075
v -0.03509758 -0.03951675 0.08366443
v -0.03577635 -0.03880451 0.08287389
v -0.03422581 -0.03958436 0.08383794
v -0.03481705 -0.03953766 0.08332659
v -0.03461256 -0.03936705 0.08319266
v -0.03509758 -0.03951675 0.08366443
v -0.03530798 -0.03920672 0.08362932
v -0.03577635 -0.03880451 0.08287389
v -0.03461390 -0.03982661 0.08758272
v -0.03409482 -0.04001451 0.08655996
v -0.03446070 -0.03972332 0.08779545
v -0.03481705 -0.03953766 0.08332659
v -0.03509758 -0.03951675 0.08366443
v -0.03563959 -0.03893024 0.08262075
v -0.03446070 -0.03972332 0.08779545
v -0.03409482 -0.04001451 0.08655996
v -0.03412331 -0.03966562 0.08746780
v -0.03577635 -0.03880451 0.08287389
v -0.03530798 -0.03920672 0.08362932
v -0.03570424 -0.03872262 0.08312000
v -0.03442963 -0.03946263 0.08813245
v -0.03484065 -0.03925148 0.08868737
v -0.03446070 -0.03972332 0.08779545
v -0.03446070 -0.03972332 0.08779545
v -0.03484065 -0.03925148 0.08868737
v -0.03461390 -0.03982661 0.08758272
v -0.03484065 -0.03925148 0.08868737
v -0.03519882 -0.03930939 0.08858425
v -0.03461390 -0.03982661 0.08758272
v -0.03530798 -0.03920672 0.08362932
v -0.03547193 -0.03874429 0.08346737
v -0.03570424 -0.03872262 0.08312000
v -0.03422581 -0.03958436 0.08383794
v -0.03442660 -0.03994101 0.08440036
v -0.03481705 -0.03953766 0.08332659
v -0.03469676 -0.03983673 0.08416141
v -0.03509758 -0.03951675 0.08366443
v -0.03481705 -0.03953766 0.08332659
v -0.03442660 -0.03994101 0.08440036
v -0.03469676 -0.03983673 0.08416141
v -0.03481705 -0.03953766 0.08332659
v -0.03400943 -0.03979079 0.08458216
v -0.03442660 -0.03994101 0.08440036
v -0.03422581 -0.03958436 0.08383794
v -0.03615213 -0.03802277 0.08178992
v -0.03689185 -0.03740495 0.08163912
v -0.03646980 -0.03739845 0.08158709
v -0.03627023 -0.03814879 0.08192141
v -0.03689185 -0.03740495 0.08163912
v -0.03615213 -0.03802277 0.08178992
v -0.03509758 -0.03951675 0.08366443
v -0.03492246 -0.03959165 0.08456303
v -0.03530798 -0.03920672 0.08362932
v -0.03400943 -0.03979079 0.08458216
v -0.03420622 -0.04007373 0.08523853
v -0.03442660 -0.03994101 0.08440036
v -0.03555179 -0.03843539 0.08206285
v -0.03538603 -0.03891102 0.08243645
v -0.03615213 -0.03802277 0.08178992
v -0.03530798 -0.03920672 0.08362932
v -0.03504725 -0.03915555 0.08423723
v -0.03547193 -0.03874429 0.08346737
v -0.03492246 -0.03959165 0.08456303
v -0.03504725 -0.03915555 0.08423723
v -0.03530798 -0.03920672 0.08362932
v -0.03459253 -0.04001615 0.08533169
v -0.03492246 -0.03959165 0.08456303
v -0.03509758 -0.03951675 0.08366443
v -0.03469676 -0.03983673 0.08416141
v -0.03459253 -0.04001615 0.08533169
v -0.03509758 -0.03951675 0.08366443
v -0.03393808 -0.03996372 0.08557750
v -0.03420622 -0.04007373 0.08523853
v -0.03400943 -0.03979079 0.08458216
v -0.03461390 -0.03982661 0.08758272
v -0.03435263 -0.04007085 0.08646763
v -0.03409482 -0.04001451 0.08655996
v -0.03420622 -0.04007373 0.08523853
v -0.03459253 -0.04001615 0.08533169
v -0.03442660 -0.03994101 0.08440036
v -0.03492246 -0.03959165 0.08456303
v -0.03489776 -0.03930134 0.08468373
v -0.03504725 -0.03915555 0.08423723
v -0.03442660 -0.03994101 0.08440036
v -0.03459253 -0.04001615 0.08533169
v -0.03469676 -0.03983673 0.08416141
v -0.03393808 -0.03996372 0.08557750
v -0.03409482 -0.04001451 0.08655996
v -0.03420622 -0.04007373 0.08523853
v -0.03627023 -0.03814879 0.08192141
v -0.03706394 -0.03747209 0.08182985
v -0.03689185 -0.03740495 0.08163912
v -0.03459253 -0.04001615 0.08533169
v -0.03475163 -0.03979956 0.08585597
v -0.03492246 -0.03959165 0.08456303
v -0.03633358 -0.03827283 0.08222640
v -0.03706394 -0.03747209 0.08182985
v -0.03627023 -0.03814879 0.08192141
v -0.03409482 -0.04001451 0.08655996
v -0.03435263 -0.04007085 0.08646763
v -0.03420622 -0.04007373 0.08523853
v -0.03420622 -0.04007373 0.08523853
v -0.03435263 -0.04007085 0.08646763
v -0.03459253 -0.04001615 0.08533169
v -0.03475163 -0.03979956 0.08585597
v -0.03475278 -0.03943571 0.08590789
v -0.03492246 -0.03959165 0.08456303
v -0.03489776 -0.03930134 0.08468373
v -0.03475278 -0.03943571 0.08590789
v -0.03479779 -0.03940308 0.08526582
v -0.03492246 -0.03959165 0.08456303
v -0.03475278 -0.03943571 0.08590789
v -0.03489776 -0.03930134 0.08468373
v -0.03435263 -0.04007085 0.08646763
v -0.03465369 -0.03993021 0.08698750
v -0.03459253 -0.04001615 0.08533169
v -0.03538603 -0.03891102 0.08243645
v -0.03627023 -0.03814879 0.08192141
v -0.03615213 -0.03802277 0.08178992
v -0.03465369 -0.03993021 0.08698750
v -0.03475163 -0.03979956 0.08585597
v -0.03459253 -0.04001615 0.08533169
v -0.03465369 -0.03993021 0.08698750
v -0.03493700 -0.03964547 0.08733035
v -0.03475163 -0.03979956 0.08585597
v -0.03475163 -0.03979956 0.08585597
v -0.03483071 -0.03957526 0.08648051
v -0.03475278 -0.03943571 0.08590789
v -0.03633358 -0.03827283 0.08222640
v -0.03714934 -0.03745454 0.08203633
v -0.03706394 -0.03747209 0.08182985
v -0.03442963 -0.03946263 0.08813245
v -0.03446070 -0.03972332 0.08779545
v -0.03412331 -0.03966562 0.08746780
v -0.03463093 -0.03894777 0.08703876
v -0.03454908 -0.03867533 0.08786328
v -0.03431723 -0.03895574 0.08705319
v -0.03614686 -0.03703161 0.08206345
v -0.03528808 -0.03789798 0.08249892
v -0.03569838 -0.03758824 0.08198960
v -0.03409482 -0.04001451 0.08655996
v -0.03386339 -0.03974641 0.08658321
v -0.03412331 -0.03966562 0.08746780
v -0.03484162 -0.03874989 0.08761794
v -0.03454908 -0.03867533 0.08786328
v -0.03463093 -0.03894777 0.08703876
v -0.03425022 -0.03925380 0.08803142
v -0.03442723 -0.03881379 0.08830667
v -0.03460311 -0.03902507 0.08863998
v -0.03431723 -0.03895574 0.08705319
v -0.03454908 -0.03867533 0.08786328
v -0.03411535 -0.03908142 0.08686394
v -0.03653253 -0.03704632 0.08252479
v -0.03633551 -0.03695474 0.08233721
v -0.03679222 -0.03679221 0.08249999
v -0.03484162 -0.03874989 0.08761794
v -0.03506677 -0.03821092 0.08854026
v -0.03454908 -0.03867533 0.08786328
v -0.03505139 -0.03854224 0.08800829
v -0.03506677 -0.03821092 0.08854026
v -0.03484162 -0.03874989 0.08761794
v -0.03581332 -0.03756923 0.08263201
v -0.03633551 -0.03695474 0.08233721
v -0.03653253 -0.03704632 0.08252479
v -0.03614686 -0.03703161 0.08206345
v -0.03633551 -0.03695474 0.08233721
v -0.03542540 -0.03779944 0.08261527
v -0.03542540 -0.03779944 0.08261527
v -0.03633551 -0.03695474 0.08233721
v -0.03581332 -0.03756923 0.08263201
v -0.03454908 -0.03867533 0.08786328
v -0.03507710 -0.03810264 0.08889301
v -0.03442723 -0.03881379 0.08830667
v -0.03507710 -0.03810264 0.08889301
v -0.03475944 -0.03854852 0.08884157
v -0.03442723 -0.03881379 0.08830667
v -0.03425022 -0.03925380 0.08803142
v -0.03403025 -0.03931824 0.08746631
v -0.03442723 -0.03881379 0.08830667
v -0.03442963 -0.03946263 0.08813245
v -0.03460311 -0.03902507 0.08863998
v -0.03484065 -0.03925148 0.08868737
v -0.03538013 -0.03820430 0.08842708
v -0.03574597 -0.03784260 0.08875758
v -0.03505139 -0.03854224 0.08800829
v -0.03506677 -0.03821092 0.08854026
v -0.03507710 -0.03810264 0.08889301
v -0.03454908 -0.03867533 0.08786328
v -0.03574597 -0.03784260 0.08875758
v -0.03506677 -0.03821092 0.08854026
v -0.03505139 -0.03854224 0.08800829
v -0.03475944 -0.03854852 0.08884157
v -0.03460311 -0.03902507 0.08863998
v -0.03442723 -0.03881379 0.08830667
v -0.03614686 -0.03703161 0.08206345
v -0.03542540 -0.03779944 0.08261527
v -0.03528808 -0.03789798 0.08249892
v -0.03397289 -0.03922531 0.08691365
v -0.03403025 -0.03931824 0.08746631
v -0.03382369 -0.03954512 0.08648647
v -0.03454908 -0.03867533 0.08786328
v -0.03442723 -0.03881379 0.08830667
v -0.03411535 -0.03908142 0.08686394
v -0.03411535 -0.03908142 0.08686394
v -0.03442723 -0.03881379 0.08830667
v -0.03397289 -0.03922531 0.08691365
v -0.03574597 -0.03784260 0.08875758
v -0.03590267 -0.03748207 0.08901782
v -0.03506677 -0.03821092 0.08854026
v -0.03475944 -0.03854852 0.08884157
v -0.03517745 -0.03863584 0.08929856
v -0.03460311 -0.03902507 0.08863998
v -0.03540175 -0.03781136 0.08934302
v -0.03604719 -0.03753724 0.08267255
v -0.03581332 -0.03756923 0.08263201
v -0.03629060 -0.03729384 0.08257712
v -0.03460311 -0.03902507 0.08863998
v -0.03517745 -0.03863584 0.08929856
v -0.03484065 -0.03925148 0.08868737
v -0.03581243 -0.03777200 0.08280499
v -0.03581332 -0.03756923 0.08263201
v -0.03604719 -0.03753724 0.08267255
v -0.03629060 -0.03729384 0.08257712
v -0.03581332 -0.03756923 0.08263201
v -0.03653253 -0.03704632 0.08252479
v -0.03604719 -0.03753724 0.08892722
v -0.03590267 -0.03748207 0.08901782
v -0.03574597 -0.03784260 0.08875758
v -0.03442723 -0.03881379 0.08830667
v -0.03403025 -0.03931824 0.08746631
v -0.03397289 -0.03922531 0.08691365
v -0.03540175 -0.03781136 0.08934302
v -0.03529588 -0.03824025 0.08944739
v -0.03475944 -0.03854852 0.08884157
v -0.03529588 -0.03824025 0.08944739
v -0.03590267 -0.03748207 0.08901782
v -0.03594664 -0.03726539 0.08928765
v -0.03506677 -0.03821092 0.08854026
v -0.03506677 -0.03821092 0.08854026
v -0.03594664 -0.03726539 0.08928765
v -0.03507710 -0.03810264 0.08889301
v -0.03641836 -0.03717264 0.08907355
v -0.03590267 -0.03748207 0.08901782
v -0.03604719 -0.03753724 0.08892722
v -0.03594664 -0.03726539 0.08928765
v -0.03540175 -0.03781136 0.08934302
v -0.03507710 -0.03810264 0.08889301
v -0.03517745 -0.03863584 0.08929856
v -0.03529588 -0.03824025 0.08944739
v -0.03595662 -0.03812658 0.08976478
v -0.03581243 -0.03777200 0.08280499
v -0.03511705 -0.03824695 0.08316989
v -0.03581332 -0.03756923 0.08263201
v -0.03558922 -0.03799521 0.08297236
v -0.03511705 -0.03824695 0.08316989
v -0.03581243 -0.03777200 0.08280499
v -0.03540175 -0.03781136 0.08934302
v -0.03576889 -0.03759713 0.08968450
v -0.03529588 -0.03824025 0.08944739
v -0.03576889 -0.03759713 0.08968450
v -0.03587463 -0.03783420 0.08981551
v -0.03529588 -0.03824025 0.08944739
v -0.03511705 -0.03824695 0.08316989
v -0.03542540 -0.03779944 0.08261527
v -0.03581332 -0.03756923 0.08263201
v -0.03641836 -0.03717264 0.08907355
v -0.03594664 -0.03726539 0.08928765
v -0.03590267 -0.03748207 0.08901782
v -0.03538013 -0.03820430 0.08317287
v -0.03511705 -0.03824695 0.08316989
v -0.03558922 -0.03799521 0.08297236
v -0.03529588 -0.03824025 0.08944739
v -0.03587463 -0.03783420 0.08981551
v -0.03595662 -0.03812658 0.08976478
v -0.03594664 -0.03726539 0.08928765
v -0.03690910 -0.03626936 0.08955331
v -0.03540175 -0.03781136 0.08934302
v -0.03678434 -0.03649638 0.08927608
v -0.03641836 -0.03717264 0.08907355
v -0.03679222 -0.03679221 0.08909971
v -0.03690910 -0.03626936 0.08955331
v -0.03625252 -0.03704818 0.08980394
v -0.03540175 -0.03781136 0.08934302
v -0.03510685 -0.03846106 0.08352436
v -0.03511705 -0.03824695 0.08316989
v -0.03538013 -0.03820430 0.08317287
v -0.03678434 -0.03649638 0.08927608
v -0.03594664 -0.03726539 0.08928765
v -0.03641836 -0.03717264 0.08907355
v -0.03540175 -0.03781136 0.08934302
v -0.03625252 -0.03704818 0.08980394
v -0.03576889 -0.03759713 0.08968450
v -0.03511705 -0.03824695 0.08316989
v -0.03474898 -0.03845596 0.08329822
v -0.03542540 -0.03779944 0.08261527
v -0.03690910 -0.03626936 0.08955331
v -0.03594664 -0.03726539 0.08928765
v -0.03678434 -0.03649638 0.08927608
v -0.03576889 -0.03759713 0.08968450
v -0.03637773 -0.03725189 0.08997793
v -0.03587463 -0.03783420 0.08981551
v -0.03625252 -0.03704818 0.08980394
v -0.03637773 -0.03725189 0.08997793
v -0.03576889 -0.03759713 0.08968450
v -0.03542540 -0.03779944 0.08261527
v -0.03474898 -0.03845596 0.08329822
v -0.03528808 -0.03789798 0.08249892
v -0.03587463 -0.03783420 0.08981551
v -0.03637773 -0.03725189 0.08997793
v -0.03656147 -0.03752434 0.08998902
v -0.03714065 -0.03611343 0.08972354
v -0.03625252 -0.03704818 0.08980394
v -0.03690910 -0.03626936 0.08955331
v -0.03474898 -0.03845596 0.08329822
v -0.03448097 -0.03872886 0.08327729
v -0.03528808 -0.03789798 0.08249892
v -0.03686926 -0.03657094 0.08994682
v -0.03625252 -0.03704818 0.08980394
v -0.03714065 -0.03611343 0.08972354
v -0.03528808 -0.03789798 0.08249892
v -0.03448097 -0.03872886 0.08327729
v -0.03509855 -0.03819195 0.08240570
v -0.03686926 -0.03657094 0.08994682
v -0.03637773 -0.03725189 0.08997793
v -0.03625252 -0.03704818 0.08980394
v -0.03656147 -0.03752434 0.08998902
v -0.03637773 -0.03725189 0.08997793
v -0.03697369 -0.03693308 0.09006591
v -0.03697369 -0.03693308 0.09006591
v -0.03637773 -0.03725189 0.08997793
v -0.03686926 -0.03657094 0.08994682
v -0.03510685 -0.03846106 0.08352436
v -0.03485902 -0.03871807 0.08395673
v -0.03511705 -0.03824695 0.08316989
v -0.03615552 -0.03727642 0.08173449
v -0.03691785 -0.03642425 0.08172602
v -0.03639735 -0.03684686 0.08185006
v -0.03615552 -0.03727642 0.08173449
v -0.03665833 -0.03698165 0.08157767
v -0.03691785 -0.03642425 0.08172602
v -0.03485902 -0.03871807 0.08395673
v -0.03443229 -0.03879255 0.08399315
v -0.03511705 -0.03824695 0.08316989
v -0.03615552 -0.03727642 0.08173449
v -0.03646980 -0.03739845 0.08158709
v -0.03665833 -0.03698165 0.08157767
v -0.03511705 -0.03824695 0.08316989
v -0.03443229 -0.03879255 0.08399315
v -0.03474898 -0.03845596 0.08329822
v -0.03590646 -0.03785516 0.08177722
v -0.03615552 -0.03727642 0.08173449
v -0.03569838 -0.03758824 0.08198960
v -0.03615552 -0.03727642 0.08173449
v -0.03590646 -0.03785516 0.08177722
v -0.03646980 -0.03739845 0.08158709
v -0.03443229 -0.03879255 0.08399315
v -0.03401268 -0.03919007 0.08442981
v -0.03474898 -0.03845596 0.08329822
v -0.03474898 -0.03845596 0.08329822
v -0.03401268 -0.03919007 0.08442981
v -0.03448097 -0.03872886 0.08327729
v -0.03569838 -0.03758824 0.08198960
v -0.03542633 -0.03823128 0.08205683
v -0.03590646 -0.03785516 0.08177722
v -0.03590646 -0.03785516 0.08177722
v -0.03542633 -0.03823128 0.08205683
v -0.03555179 -0.03843539 0.08206285
v -0.03509855 -0.03819195 0.08240570
v -0.03542633 -0.03823128 0.08205683
v -0.03569838 -0.03758824 0.08198960
v -0.03463531 -0.03894465 0.08454431
v -0.03450339 -0.03893487 0.08455850
v -0.03485902 -0.03871807 0.08395673
v -0.03474548 -0.03868848 0.08272100
v -0.03448439 -0.03915189 0.08316273
v -0.03494471 -0.03896028 0.08262117
v -0.03494471 -0.03896028 0.08262117
v -0.03448439 -0.03915189 0.08316273
v -0.03461256 -0.03936705 0.08319266
v -0.03450339 -0.03893487 0.08455850
v -0.03426164 -0.03900062 0.08469124
v -0.03485902 -0.03871807 0.08395673
v -0.03485902 -0.03871807 0.08395673
v -0.03426164 -0.03900062 0.08469124
v -0.03443229 -0.03879255 0.08399315
v -0.03448097 -0.03872886 0.08327729
v -0.03409322 -0.03928781 0.08392842
v -0.03474548 -0.03868848 0.08272100
v -0.03474548 -0.03868848 0.08272100
v -0.03542633 -0.03823128 0.08205683
v -0.03509855 -0.03819195 0.08240570
v -0.03555179 -0.03843539 0.08206285
v -0.03542633 -0.03823128 0.08205683
v -0.03494471 -0.03896028 0.08262117
v -0.03494471 -0.03896028 0.08262117
v -0.03542633 -0.03823128 0.08205683
v -0.03474548 -0.03868848 0.08272100
v -0.03448097 -0.03872886 0.08327729
v -0.03474548 -0.03868848 0.08272100
v -0.03509855 -0.03819195 0.08240570
v -0.03409322 -0.03928781 0.08392842
v -0.03448439 -0.03915189 0.08316273
v -0.03474548 -0.03868848 0.08272100
v -0.03450010 -0.03908449 0.08511067
v -0.03450339 -0.03893487 0.08455850
v -0.03463531 -0.03894465 0.08454431
v -0.03401268 -0.03919007 0.08442981
v -0.03409322 -0.03928781 0.08392842
v -0.03448097 -0.03872886 0.08327729
v -0.03412331 -0.03966562 0.08746780
v -0.03386339 -0.03974641 0.08658321
v -0.03403025 -0.03931824 0.08746631
v -0.03425022 -0.03925380 0.08803142
v -0.03412331 -0.03966562 0.08746780
v -0.03403025 -0.03931824 0.08746631
v -0.03412331 -0.03966562 0.08746780
v -0.03425022 -0.03925380 0.08803142
v -0.03442963 -0.03946263 0.08813245
v -0.03425022 -0.03925380 0.08803142
v -0.03460311 -0.03902507 0.08863998
v -0.03442963 -0.03946263 0.08813245
v -0.03409322 -0.03928781 0.08392842
v -0.03422581 -0.03958436 0.08383794
v -0.03448439 -0.03915189 0.08316273
v -0.03450010 -0.03908449 0.08511067
v -0.03426164 -0.03900062 0.08469124
v -0.03450339 -0.03893487 0.08455850
v -0.03448439 -0.03915189 0.08316273
v -0.03422581 -0.03958436 0.08383794
v -0.03461256 -0.03936705 0.08319266
v -0.03443229 -0.03879255 0.08399315
v -0.03385407 -0.03932186 0.08564121
v -0.03401268 -0.03919007 0.08442981
v -0.03736062 -0.03669889 0.08156771
v -0.03665833 -0.03698165 0.08157767
v -0.03646980 -0.03739845 0.08158709
v -0.03426164 -0.03900062 0.08469124
v -0.03385407 -0.03932186 0.08564121
v -0.03443229 -0.03879255 0.08399315
v -0.03450010 -0.03908449 0.08511067
v -0.03423593 -0.03909967 0.08591391
v -0.03426164 -0.03900062 0.08469124
v -0.03446112 -0.03910865 0.08589871
v -0.03423593 -0.03909967 0.08591391
v -0.03450010 -0.03908449 0.08511067
v -0.03509855 -0.03819195 0.08240570
v -0.03569838 -0.03758824 0.08198960
v -0.03528808 -0.03789798 0.08249892
v -0.03409322 -0.03928781 0.08392842
v -0.03400943 -0.03979079 0.08458216
v -0.03422581 -0.03958436 0.08383794
v -0.03401268 -0.03919007 0.08442981
v -0.03381105 -0.03966532 0.08521915
v -0.03409322 -0.03928781 0.08392842
v -0.03381105 -0.03966532 0.08521915
v -0.03400943 -0.03979079 0.08458216
v -0.03409322 -0.03928781 0.08392842
v -0.03423593 -0.03909967 0.08591391
v -0.03385407 -0.03932186 0.08564121
v -0.03426164 -0.03900062 0.08469124
v -0.03397289 -0.03922531 0.08691365
v -0.03382369 -0.03954512 0.08648647
v -0.03385407 -0.03932186 0.08564121
v -0.03385407 -0.03932186 0.08564121
v -0.03381105 -0.03966532 0.08521915
v -0.03401268 -0.03919007 0.08442981
v -0.03386339 -0.03974641 0.08658321
v -0.03382369 -0.03954512 0.08648647
v -0.03403025 -0.03931824 0.08746631
v -0.03446112 -0.03910865 0.08589871
v -0.03452434 -0.03902857 0.08667667
v -0.03423593 -0.03909967 0.08591391
v -0.03400943 -0.03979079 0.08458216
v -0.03381105 -0.03966532 0.08521915
v -0.03393808 -0.03996372 0.08557750
v -0.03423593 -0.03909967 0.08591391
v -0.03411535 -0.03908142 0.08686394
v -0.03385407 -0.03932186 0.08564121
v -0.03385407 -0.03932186 0.08564121
v -0.03382369 -0.03954512 0.08648647
v -0.03381105 -0.03966532 0.08521915
v -0.03452434 -0.03902857 0.08667667
v -0.03431723 -0.03895574 0.08705319
v -0.03423593 -0.03909967 0.08591391
v -0.03411535 -0.03908142 0.08686394
v -0.03397289 -0.03922531 0.08691365
v -0.03385407 -0.03932186 0.08564121
v -0.03382369 -0.03954512 0.08648647
v -0.03386339 -0.03974641 0.08658321
v -0.03381105 -0.03966532 0.08521915
v -0.03431723 -0.03895574 0.08705319
v -0.03411535 -0.03908142 0.08686394
v -0.03423593 -0.03909967 0.08591391
v -0.03639735 -0.03684686 0.08185006
v -0.03614686 -0.03703161 0.08206345
v -0.03569838 -0.03758824 0.08198960
v -0.03381105 -0.03966532 0.08521915
v -0.03386339 -0.03974641 0.08658321
v -0.03393808 -0.03996372 0.08557750
v -0.03393808 -0.03996372 0.08557750
v -0.03386339 -0.03974641 0.08658321
v -0.03409482 -0.04001451 0.08655996
v -0.03615552 -0.03727642 0.08173449
v -0.03639735 -0.03684686 0.08185006
v -0.03569838 -0.03758824 0.08198960
v -0.03463093 -0.03894777 0.08703876
v -0.03431723 -0.03895574 0.08705319
v -0.03452434 -0.03902857 0.08667667
v -0.03804411 -0.03526494 0.08863992
v -0.03789077 -0.03529393 0.08912499
v -0.03735362 -0.03585411 0.08925755
v -0.03874020 -0.03484768 0.08397181
v -0.03856390 -0.03481105 0.08365203
v -0.03902027 -0.03455548 0.08486892
v -0.03999724 -0.03410797 0.08495165
v -0.03974642 -0.03386339 0.08501668
v -0.03966562 -0.03412331 0.08413191
v -0.03902027 -0.03455548 0.08486892
v -0.03856390 -0.03481105 0.08365203
v -0.03888847 -0.03438204 0.08432896
v -0.03925381 -0.03425021 0.08356828
v -0.03874450 -0.03459766 0.08294363
v -0.03902503 -0.03460314 0.08295972
v -0.03856390 -0.03481105 0.08365203
v -0.03852782 -0.03467576 0.08336420
v -0.03888847 -0.03438204 0.08432896
v -0.03857056 -0.03501387 0.08366335
v -0.03856390 -0.03481105 0.08365203
v -0.03874020 -0.03484768 0.08397181
v -0.03888847 -0.03438204 0.08432896
v -0.03852782 -0.03467576 0.08336420
v -0.03907076 -0.03412777 0.08469737
v -0.03704451 -0.03653992 0.08908058
v -0.03678434 -0.03649638 0.08927608
v -0.03679222 -0.03679221 0.08909971
v -0.03735362 -0.03585411 0.08925755
v -0.03678434 -0.03649638 0.08927608
v -0.03727808 -0.03629901 0.08901913
v -0.03727808 -0.03629901 0.08901913
v -0.03678434 -0.03649638 0.08927608
v -0.03704451 -0.03653992 0.08908058
v -0.03857056 -0.03501387 0.08366335
v -0.03819414 -0.03535909 0.08317334
v -0.03856390 -0.03481105 0.08365203
v -0.03756924 -0.03581331 0.08896769
v -0.03735362 -0.03585411 0.08925755
v -0.03727808 -0.03629901 0.08901913
v -0.03714065 -0.03611343 0.08972354
v -0.03690910 -0.03626936 0.08955331
v -0.03789077 -0.03529393 0.08912499
v -0.03789077 -0.03529393 0.08912499
v -0.03690910 -0.03626936 0.08955331
v -0.03735362 -0.03585411 0.08925755
v -0.03925381 -0.03425021 0.08356828
v -0.03931766 -0.03403067 0.08413232
v -0.03874450 -0.03459766 0.08294363
v -0.03819414 -0.03535909 0.08317334
v -0.03799821 -0.03527341 0.08286501
v -0.03856390 -0.03481105 0.08365203
v -0.03874450 -0.03459766 0.08294363
v -0.03931766 -0.03403067 0.08413232
v -0.03863303 -0.03456374 0.08318973
v -0.03799821 -0.03527341 0.08286501
v -0.03852782 -0.03467576 0.08336420
v -0.03856390 -0.03481105 0.08365203
v -0.03946264 -0.03442962 0.08346725
v -0.03902503 -0.03460314 0.08295972
v -0.03924702 -0.03485767 0.08289779
v -0.03678434 -0.03649638 0.08927608
v -0.03735362 -0.03585411 0.08925755
v -0.03690910 -0.03626936 0.08955331
v -0.03784332 -0.03574516 0.08284266
v -0.03799821 -0.03527341 0.08286501
v -0.03819414 -0.03535909 0.08317334
v -0.03922472 -0.03397254 0.08468909
v -0.03931766 -0.03403067 0.08413232
v -0.03950589 -0.03380358 0.08526815
v -0.03907076 -0.03412777 0.08469737
v -0.03863303 -0.03456374 0.08318973
v -0.03922472 -0.03397254 0.08468909
v -0.03852782 -0.03467576 0.08336420
v -0.03863303 -0.03456374 0.08318973
v -0.03907076 -0.03412777 0.08469737
v -0.03799821 -0.03527341 0.08286501
v -0.03742585 -0.03575987 0.08212925
v -0.03852782 -0.03467576 0.08336420
v -0.03704173 -0.03617080 0.08228124
v -0.03742585 -0.03575987 0.08212925
v -0.03743218 -0.03586296 0.08252395
v -0.03742585 -0.03575987 0.08212925
v -0.03863303 -0.03456374 0.08318973
v -0.03852782 -0.03467576 0.08336420
v -0.03784332 -0.03574516 0.08284266
v -0.03743218 -0.03586296 0.08252395
v -0.03799821 -0.03527341 0.08286501
v -0.03874450 -0.03459766 0.08294363
v -0.03843426 -0.03519948 0.08223386
v -0.03902503 -0.03460314 0.08295972
v -0.03777201 -0.03581242 0.08879496
v -0.03756924 -0.03581331 0.08896769
v -0.03753725 -0.03604718 0.08892722
v -0.03863303 -0.03456374 0.08318973
v -0.03809865 -0.03522608 0.08227719
v -0.03874450 -0.03459766 0.08294363
v -0.03863303 -0.03456374 0.08318973
v -0.03931766 -0.03403067 0.08413232
v -0.03922472 -0.03397254 0.08468909
v -0.03924702 -0.03485767 0.08289779
v -0.03843426 -0.03519948 0.08223386
v -0.03871732 -0.03526228 0.08231677
v -0.03753725 -0.03604718 0.08892722
v -0.03756924 -0.03581331 0.08896769
v -0.03727808 -0.03629901 0.08901913
v -0.03902503 -0.03460314 0.08295972
v -0.03843426 -0.03519948 0.08223386
v -0.03924702 -0.03485767 0.08289779
v -0.03753725 -0.03604718 0.08267255
v -0.03743218 -0.03586296 0.08252395
v -0.03784332 -0.03574516 0.08284266
v -0.03809865 -0.03522608 0.08227719
v -0.03843426 -0.03519948 0.08223386
v -0.03874450 -0.03459766 0.08294363
v -0.03742585 -0.03575987 0.08212925
v -0.03809865 -0.03522608 0.08227719
v -0.03863303 -0.03456374 0.08318973
v -0.03743218 -0.03586296 0.08252395
v -0.03742585 -0.03575987 0.08212925
v -0.03799821 -0.03527341 0.08286501
v -0.03717294 -0.03641815 0.08252634
v -0.03743218 -0.03586296 0.08252395
v -0.03753725 -0.03604718 0.08267255
v -0.03871732 -0.03526228 0.08231677
v -0.03843426 -0.03519948 0.08223386
v -0.03812009 -0.03595779 0.08183158
v -0.03777201 -0.03581242 0.08879496
v -0.03804411 -0.03526494 0.08863992
v -0.03756924 -0.03581331 0.08896769
v -0.03742585 -0.03575987 0.08212925
v -0.03759524 -0.03576598 0.08191873
v -0.03809865 -0.03522608 0.08227719
v -0.03799522 -0.03558921 0.08862759
v -0.03804411 -0.03526494 0.08863992
v -0.03777201 -0.03581242 0.08879496
v -0.03756924 -0.03581331 0.08896769
v -0.03804411 -0.03526494 0.08863992
v -0.03735362 -0.03585411 0.08925755
v -0.03809865 -0.03522608 0.08227719
v -0.03783421 -0.03587463 0.08178444
v -0.03843426 -0.03519948 0.08223386
v -0.03759524 -0.03576598 0.08191873
v -0.03783421 -0.03587463 0.08178444
v -0.03809865 -0.03522608 0.08227719
v -0.03717294 -0.03641815 0.08252634
v -0.03704173 -0.03617080 0.08228124
v -0.03743218 -0.03586296 0.08252395
v -0.03820431 -0.03538012 0.08842708
v -0.03804411 -0.03526494 0.08863992
v -0.03799522 -0.03558921 0.08862759
v -0.03843426 -0.03519948 0.08223386
v -0.03783421 -0.03587463 0.08178444
v -0.03812009 -0.03595779 0.08183158
v -0.03704173 -0.03617080 0.08228124
v -0.03614686 -0.03703161 0.08206345
v -0.03742585 -0.03575987 0.08212925
v -0.03633551 -0.03695474 0.08233721
v -0.03717294 -0.03641815 0.08252634
v -0.03679222 -0.03679221 0.08249999
v -0.03845015 -0.03511835 0.08808953
v -0.03839923 -0.03492422 0.08820100
v -0.03820431 -0.03538012 0.08842708
v -0.03820431 -0.03538012 0.08842708
v -0.03839923 -0.03492422 0.08820100
v -0.03804411 -0.03526494 0.08863992
v -0.03633551 -0.03695474 0.08233721
v -0.03704173 -0.03617080 0.08228124
v -0.03717294 -0.03641815 0.08252634
v -0.03742585 -0.03575987 0.08212925
v -0.03691785 -0.03642425 0.08172602
v -0.03759524 -0.03576598 0.08191873
v -0.03614686 -0.03703161 0.08206345
v -0.03704173 -0.03617080 0.08228124
v -0.03633551 -0.03695474 0.08233721
v -0.03691785 -0.03642425 0.08172602
v -0.03725191 -0.03637770 0.08162177
v -0.03759524 -0.03576598 0.08191873
v -0.03759524 -0.03576598 0.08191873
v -0.03725191 -0.03637770 0.08162177
v -0.03783421 -0.03587463 0.08178444
v -0.03839923 -0.03492422 0.08820100
v -0.03789077 -0.03529393 0.08912499
v -0.03804411 -0.03526494 0.08863992
v -0.03783421 -0.03587463 0.08178444
v -0.03725191 -0.03637770 0.08162177
v -0.03736062 -0.03669889 0.08156771
v -0.03639735 -0.03684686 0.08185006
v -0.03742585 -0.03575987 0.08212925
v -0.03614686 -0.03703161 0.08206345
v -0.03639735 -0.03684686 0.08185006
v -0.03691785 -0.03642425 0.08172602
v -0.03742585 -0.03575987 0.08212925
v -0.03789077 -0.03529393 0.08912499
v -0.03864925 -0.03452408 0.08824397
v -0.03799521 -0.03525575 0.08928687
v -0.03665833 -0.03698165 0.08157767
v -0.03725191 -0.03637770 0.08162177
v -0.03691785 -0.03642425 0.08172602
v -0.03736062 -0.03669889 0.08156771
v -0.03725191 -0.03637770 0.08162177
v -0.03665833 -0.03698165 0.08157767
v -0.03845015 -0.03511835 0.08808953
v -0.03871807 -0.03485902 0.08764316
v -0.03839923 -0.03492422 0.08820100
v -0.03748882 -0.03592070 0.08979006
v -0.03686926 -0.03657094 0.08994682
v -0.03714065 -0.03611343 0.08972354
v -0.03839923 -0.03492422 0.08820100
v -0.03864925 -0.03452408 0.08824397
v -0.03789077 -0.03529393 0.08912499
v -0.03871807 -0.03485902 0.08764316
v -0.03882340 -0.03444922 0.08749093
v -0.03839923 -0.03492422 0.08820100
v -0.03748882 -0.03592070 0.08979006
v -0.03760510 -0.03614361 0.08992572
v -0.03686926 -0.03657094 0.08994682
v -0.03686926 -0.03657094 0.08994682
v -0.03760510 -0.03614361 0.08992572
v -0.03697369 -0.03693308 0.09006591
v -0.03882340 -0.03444922 0.08749093
v -0.03864925 -0.03452408 0.08824397
v -0.03839923 -0.03492422 0.08820100
v -0.03760510 -0.03614361 0.08992572
v -0.03823423 -0.03542337 0.08954061
v -0.03819056 -0.03590241 0.08972360
v -0.03748882 -0.03592070 0.08979006
v -0.03823423 -0.03542337 0.08954061
v -0.03760510 -0.03614361 0.08992572
v -0.03819056 -0.03590241 0.08972360
v -0.03823423 -0.03542337 0.08954061
v -0.03843974 -0.03554762 0.08953334
v -0.03873603 -0.03462030 0.08866985
v -0.03915190 -0.03448438 0.08843697
v -0.03854152 -0.03492574 0.08909322
v -0.03854152 -0.03492574 0.08909322
v -0.03823423 -0.03542337 0.08954061
v -0.03799521 -0.03525575 0.08928687
v -0.03799521 -0.03525575 0.08928687
v -0.03823423 -0.03542337 0.08954061
v -0.03748882 -0.03592070 0.08979006
v -0.03864925 -0.03452408 0.08824397
v -0.03905997 -0.03424401 0.08799143
v -0.03873603 -0.03462030 0.08866985
v -0.03854152 -0.03492574 0.08909322
v -0.03915190 -0.03448438 0.08843697
v -0.03893698 -0.03495149 0.08899553
v -0.03893698 -0.03495149 0.08899553
v -0.03915190 -0.03448438 0.08843697
v -0.03946058 -0.03458511 0.08830757
v -0.03894736 -0.03463354 0.08705218
v -0.03882340 -0.03444922 0.08749093
v -0.03871807 -0.03485902 0.08764316
v -0.03843974 -0.03554762 0.08953334
v -0.03823423 -0.03542337 0.08954061
v -0.03893698 -0.03495149 0.08899553
v -0.03893698 -0.03495149 0.08899553
v -0.03823423 -0.03542337 0.08954061
v -0.03854152 -0.03492574 0.08909322
v -0.03799521 -0.03525575 0.08928687
v -0.03873603 -0.03462030 0.08866985
v -0.03854152 -0.03492574 0.08909322
v -0.03864925 -0.03452408 0.08824397
v -0.03873603 -0.03462030 0.08866985
v -0.03799521 -0.03525575 0.08928687
v -0.03923112 -0.03397465 0.08705206
v -0.03905997 -0.03424401 0.08799143
v -0.03864925 -0.03452408 0.08824397
v -0.03905997 -0.03424401 0.08799143
v -0.03915190 -0.03448438 0.08843697
v -0.03873603 -0.03462030 0.08866985
v -0.03966562 -0.03412331 0.08413191
v -0.03974642 -0.03386339 0.08501668
v -0.03931766 -0.03403067 0.08413232
v -0.03925381 -0.03425021 0.08356828
v -0.03966562 -0.03412331 0.08413191
v -0.03931766 -0.03403067 0.08413232
v -0.03966562 -0.03412331 0.08413191
v -0.03925381 -0.03425021 0.08356828
v -0.03946264 -0.03442962 0.08346725
v -0.03925381 -0.03425021 0.08356828
v -0.03902503 -0.03460314 0.08295972
v -0.03946264 -0.03442962 0.08346725
v -0.03905997 -0.03424401 0.08799143
v -0.03944836 -0.03408533 0.08761127
v -0.03915190 -0.03448438 0.08843697
v -0.03882340 -0.03444922 0.08749093
v -0.03919105 -0.03400176 0.08636499
v -0.03864925 -0.03452408 0.08824397
v -0.03894736 -0.03463354 0.08705218
v -0.03911700 -0.03416508 0.08612663
v -0.03882340 -0.03444922 0.08749093
v -0.03907940 -0.03450629 0.08652044
v -0.03911700 -0.03416508 0.08612663
v -0.03894736 -0.03463354 0.08705218
v -0.03915190 -0.03448438 0.08843697
v -0.03944836 -0.03408533 0.08761127
v -0.03946058 -0.03458511 0.08830757
v -0.03919105 -0.03400176 0.08636499
v -0.03923112 -0.03397465 0.08705206
v -0.03864925 -0.03452408 0.08824397
v -0.03923112 -0.03397465 0.08705206
v -0.03944836 -0.03408533 0.08761127
v -0.03905997 -0.03424401 0.08799143
v -0.03911700 -0.03416508 0.08612663
v -0.03919105 -0.03400176 0.08636499
v -0.03882340 -0.03444922 0.08749093
v -0.03946058 -0.03458511 0.08830757
v -0.03944836 -0.03408533 0.08761127
v -0.03984091 -0.03410666 0.08712632
v -0.03799521 -0.03525575 0.08928687
v -0.03714065 -0.03611343 0.08972354
v -0.03789077 -0.03529393 0.08912499
v -0.03714065 -0.03611343 0.08972354
v -0.03799521 -0.03525575 0.08928687
v -0.03748882 -0.03592070 0.08979006
v -0.03913520 -0.03444998 0.08579452
v -0.03911700 -0.03416508 0.08612663
v -0.03907940 -0.03450629 0.08652044
v -0.03944836 -0.03408533 0.08761127
v -0.03967813 -0.03395821 0.08701993
v -0.03984091 -0.03410666 0.08712632
v -0.03923112 -0.03397465 0.08705206
v -0.03965188 -0.03380804 0.08639676
v -0.03944836 -0.03408533 0.08761127
v -0.03965188 -0.03380804 0.08639676
v -0.03967813 -0.03395821 0.08701993
v -0.03944836 -0.03408533 0.08761127
v -0.03974642 -0.03386339 0.08501668
v -0.03950589 -0.03380358 0.08526815
v -0.03931766 -0.03403067 0.08413232
v -0.03909487 -0.03448956 0.08526582
v -0.03904219 -0.03433117 0.08507008
v -0.03913520 -0.03444998 0.08579452
v -0.03923112 -0.03397465 0.08705206
v -0.03950589 -0.03380358 0.08526815
v -0.03965188 -0.03380804 0.08639676
v -0.03984091 -0.03410666 0.08712632
v -0.03965188 -0.03380804 0.08639676
v -0.04002210 -0.03399130 0.08593143
v -0.03967813 -0.03395821 0.08701993
v -0.03965188 -0.03380804 0.08639676
v -0.03984091 -0.03410666 0.08712632
v -0.03913520 -0.03444998 0.08579452
v -0.03904219 -0.03433117 0.08507008
v -0.03911700 -0.03416508 0.08612663
v -0.03919105 -0.03400176 0.08636499
v -0.03922472 -0.03397254 0.08468909
v -0.03923112 -0.03397465 0.08705206
v -0.03922472 -0.03397254 0.08468909
v -0.03950589 -0.03380358 0.08526815
v -0.03923112 -0.03397465 0.08705206
v -0.03904219 -0.03433117 0.08507008
v -0.03907076 -0.03412777 0.08469737
v -0.03911700 -0.03416508 0.08612663
v -0.03902027 -0.03455548 0.08486892
v -0.03904219 -0.03433117 0.08507008
v -0.03909487 -0.03448956 0.08526582
v -0.03911700 -0.03416508 0.08612663
v -0.03907076 -0.03412777 0.08469737
v -0.03919105 -0.03400176 0.08636499
v -0.03919105 -0.03400176 0.08636499
v -0.03950589 -0.03380358 0.08526815
v -0.03974642 -0.03386339 0.08501668
v -0.03965188 -0.03380804 0.08639676
v -0.03965188 -0.03380804 0.08639676
v -0.03974642 -0.03386339 0.08501668
v -0.04002210 -0.03399130 0.08593143
v -0.04002210 -0.03399130 0.08593143
v -0.03974642 -0.03386339 0.08501668
v -0.03999724 -0.03410797 0.08495165
v -0.03902027 -0.03455548 0.08486892
v -0.03888847 -0.03438204 0.08432896
v -0.03904219 -0.03433117 0.08507008
v -0.03904219 -0.03433117 0.08507008
v -0.03888847 -0.03438204 0.08432896
v -0.03907076 -0.03412777 0.08469737
v -0.03943040 -0.03477047 0.08562131
v -0.03963186 -0.03478691 0.08577062
v -0.03940309 -0.03479778 0.08526582
v -0.03975868 -0.03482379 0.08478923
v -0.03946112 -0.03494660 0.08457942
v -0.03987707 -0.03470590 0.08581145
v -0.03987707 -0.03470590 0.08581145
v -0.03946112 -0.03494660 0.08457942
v -0.03963186 -0.03478691 0.08577062
v -0.03888498 -0.03564253 0.08906949
v -0.03813131 -0.03645419 0.08949042
v -0.03814880 -0.03627022 0.08967848
v -0.03963186 -0.03478691 0.08577062
v -0.03946112 -0.03494660 0.08457942
v -0.03940309 -0.03479778 0.08526582
v -0.03940309 -0.03479778 0.08526582
v -0.03946112 -0.03494660 0.08457942
v -0.03934880 -0.03485207 0.08491714
v -0.03890723 -0.03537869 0.08916695
v -0.03888498 -0.03564253 0.08906949
v -0.03814880 -0.03627022 0.08967848
v -0.03934880 -0.03485207 0.08491714
v -0.03946112 -0.03494660 0.08457942
v -0.03926813 -0.03493274 0.08457828
v -0.03982624 -0.03461200 0.08401687
v -0.03942438 -0.03507304 0.08320446
v -0.03979784 -0.03480006 0.08428974
v -0.03979784 -0.03480006 0.08428974
v -0.03919687 -0.03531117 0.08359534
v -0.03975868 -0.03482379 0.08478923
v -0.03919687 -0.03531117 0.08359534
v -0.03946112 -0.03494660 0.08457942
v -0.03975868 -0.03482379 0.08478923
v -0.03813131 -0.03645419 0.08949042
v -0.03797378 -0.03657717 0.08924366
v -0.03742592 -0.03717685 0.08956618
v -0.03926813 -0.03493274 0.08457828
v -0.03946112 -0.03494660 0.08457942
v -0.03916205 -0.03503882 0.08425404
v -0.03813131 -0.03645419 0.08949042
v -0.03885610 -0.03573630 0.08897681
v -0.03797378 -0.03657717 0.08924366
v -0.03942438 -0.03507304 0.08320446
v -0.03890795 -0.03567317 0.08260144
v -0.03979784 -0.03480006 0.08428974
v -0.03888498 -0.03564253 0.08906949
v -0.03885610 -0.03573630 0.08897681
v -0.03813131 -0.03645419 0.08949042
v -0.03919687 -0.03531117 0.08359534
v -0.03897226 -0.03524024 0.08383627
v -0.03946112 -0.03494660 0.08457942
v -0.03946112 -0.03494660 0.08457942
v -0.03897226 -0.03524024 0.08383627
v -0.03916205 -0.03503882 0.08425404
v -0.03797378 -0.03657717 0.08924366
v -0.03885610 -0.03573630 0.08897681
v -0.03878914 -0.03579333 0.08874525
v -0.03871732 -0.03526228 0.08231677
v -0.03883735 -0.03547057 0.08235748
v -0.03924702 -0.03485767 0.08289779
v -0.04004212 -0.03454110 0.08546616
v -0.03982624 -0.03461200 0.08401687
v -0.03979784 -0.03480006 0.08428974
v -0.04006779 -0.03435275 0.08510650
v -0.03982624 -0.03461200 0.08401687
v -0.04004212 -0.03454110 0.08546616
v -0.03890795 -0.03567317 0.08260144
v -0.03872558 -0.03585521 0.08278353
v -0.03979784 -0.03480006 0.08428974
v -0.03872558 -0.03585521 0.08278353
v -0.03919687 -0.03531117 0.08359534
v -0.03979784 -0.03480006 0.08428974
v -0.03735273 -0.03684814 0.08908058
v -0.03772793 -0.03668889 0.08914174
v -0.03771723 -0.03650218 0.08896852
v -0.03697369 -0.03693308 0.09006591
v -0.03768213 -0.03652456 0.08993668
v -0.03693843 -0.03743701 0.08992363
v -0.03768213 -0.03652456 0.08993668
v -0.03747212 -0.03706391 0.08976985
v -0.03693843 -0.03743701 0.08992363
v -0.03919687 -0.03531117 0.08359534
v -0.03869430 -0.03551347 0.08339549
v -0.03897226 -0.03524024 0.08383627
v -0.03812009 -0.03595779 0.08183158
v -0.03883735 -0.03547057 0.08235748
v -0.03871732 -0.03526228 0.08231677
v -0.03742592 -0.03717685 0.08956618
v -0.03797378 -0.03657717 0.08924366
v -0.03701202 -0.03746069 0.08924974
v -0.03872558 -0.03585521 0.08278353
v -0.03849124 -0.03591421 0.08292122
v -0.03919687 -0.03531117 0.08359534
v -0.03797378 -0.03657717 0.08924366
v -0.03772793 -0.03668889 0.08914174
v -0.03701202 -0.03746069 0.08924974
v -0.03849124 -0.03591421 0.08292122
v -0.03869430 -0.03551347 0.08339549
v -0.03919687 -0.03531117 0.08359534
v -0.03701202 -0.03746069 0.08924974
v -0.03772793 -0.03668889 0.08914174
v -0.03709302 -0.03711392 0.08909352
v -0.03709302 -0.03711392 0.08909352
v -0.03772793 -0.03668889 0.08914174
v -0.03735273 -0.03684814 0.08908058
v -0.03812009 -0.03595779 0.08183158
v -0.03796525 -0.03647324 0.08184517
v -0.03883735 -0.03547057 0.08235748
v -0.03869430 -0.03551347 0.08339549
v -0.03849124 -0.03591421 0.08292122
v -0.03837627 -0.03583995 0.08304496
v -0.03883735 -0.03547057 0.08235748
v -0.03796525 -0.03647324 0.08184517
v -0.03890795 -0.03567317 0.08260144
v -0.03796525 -0.03647324 0.08184517
v -0.03816477 -0.03642292 0.08212073
v -0.03890795 -0.03567317 0.08260144
v -0.03872558 -0.03585521 0.08278353
v -0.03796879 -0.03643118 0.08257593
v -0.03849124 -0.03591421 0.08292122
v -0.03837627 -0.03583995 0.08304496
v -0.03849124 -0.03591421 0.08292122
v -0.03808023 -0.03612064 0.08280499
v -0.03813443 -0.03644206 0.08239222
v -0.03816477 -0.03642292 0.08212073
v -0.03813443 -0.03644206 0.08239222
v -0.03890795 -0.03567317 0.08260144
v -0.03783421 -0.03587463 0.08178444
v -0.03736062 -0.03669889 0.08156771
v -0.03812009 -0.03595779 0.08183158
v -0.03813443 -0.03644206 0.08239222
v -0.03796879 -0.03643118 0.08257593
v -0.03872558 -0.03585521 0.08278353
v -0.03771723 -0.03650218 0.08896852
v -0.03772793 -0.03668889 0.08914174
v -0.03808023 -0.03612064 0.08879496
v -0.03772793 -0.03668889 0.08914174
v -0.03828561 -0.03591948 0.08863945
v -0.03808023 -0.03612064 0.08879496
v -0.03797378 -0.03657717 0.08924366
v -0.03828561 -0.03591948 0.08863945
v -0.03772793 -0.03668889 0.08914174
v -0.03893698 -0.03495149 0.08899553
v -0.03890723 -0.03537869 0.08916695
v -0.03843974 -0.03554762 0.08953334
v -0.03849124 -0.03591421 0.08292122
v -0.03796879 -0.03643118 0.08257593
v -0.03808023 -0.03612064 0.08280499
v -0.03808023 -0.03612064 0.08280499
v -0.03796879 -0.03643118 0.08257593
v -0.03784547 -0.03635540 0.08267255
v -0.03736062 -0.03669889 0.08156771
v -0.03796525 -0.03647324 0.08184517
v -0.03812009 -0.03595779 0.08183158
v -0.03784547 -0.03635540 0.08267255
v -0.03796879 -0.03643118 0.08257593
v -0.03760206 -0.03659881 0.08257712
v -0.03878914 -0.03579333 0.08874525
v -0.03877476 -0.03563574 0.08839793
v -0.03797378 -0.03657717 0.08924366
v -0.03816477 -0.03642292 0.08212073
v -0.03714934 -0.03745454 0.08203633
v -0.03813443 -0.03644206 0.08239222
v -0.03689185 -0.03740495 0.08163912
v -0.03796525 -0.03647324 0.08184517
v -0.03736062 -0.03669889 0.08156771
v -0.03828561 -0.03591948 0.08863945
v -0.03877476 -0.03563574 0.08839793
v -0.03857798 -0.03563545 0.08834655
v -0.03714934 -0.03745454 0.08203633
v -0.03746618 -0.03702079 0.08233936
v -0.03813443 -0.03644206 0.08239222
v -0.03706394 -0.03747209 0.08182985
v -0.03796525 -0.03647324 0.08184517
v -0.03689185 -0.03740495 0.08163912
v -0.03877476 -0.03563574 0.08839793
v -0.03828561 -0.03591948 0.08863945
v -0.03797378 -0.03657717 0.08924366
v -0.03813443 -0.03644206 0.08239222
v -0.03746618 -0.03702079 0.08233936
v -0.03796879 -0.03643118 0.08257593
v -0.03796525 -0.03647324 0.08184517
v -0.03706394 -0.03747209 0.08182985
v -0.03816477 -0.03642292 0.08212073
v -0.03796879 -0.03643118 0.08257593
v -0.03746618 -0.03702079 0.08233936
v -0.03760206 -0.03659881 0.08257712
v -0.03760206 -0.03659881 0.08257712
v -0.03746618 -0.03702079 0.08233936
v -0.03735273 -0.03684814 0.08251906
v -0.03706394 -0.03747209 0.08182985
v -0.03714934 -0.03745454 0.08203633
v -0.03816477 -0.03642292 0.08212073
v -0.03893698 -0.03495149 0.08899553
v -0.03946058 -0.03458511 0.08830757
v -0.03890723 -0.03537869 0.08916695
v -0.03746618 -0.03702079 0.08233936
v -0.03711393 -0.03709301 0.08250637
v -0.03735273 -0.03684814 0.08251906
v -0.03946058 -0.03458511 0.08830757
v -0.03948464 -0.03500704 0.08831275
v -0.03890723 -0.03537869 0.08916695
v -0.03760510 -0.03614361 0.08992572
v -0.03768213 -0.03652456 0.08993668
v -0.03697369 -0.03693308 0.09006591
v -0.03890723 -0.03537869 0.08916695
v -0.03948464 -0.03500704 0.08831275
v -0.03888498 -0.03564253 0.08906949
v -0.03760510 -0.03614361 0.08992572
v -0.03819056 -0.03590241 0.08972360
v -0.03768213 -0.03652456 0.08993668
v -0.03888498 -0.03564253 0.08906949
v -0.03948464 -0.03500704 0.08831275
v -0.03885610 -0.03573630 0.08897681
v -0.03946058 -0.03458511 0.08830757
v -0.03978266 -0.03453706 0.08771349
v -0.03948464 -0.03500704 0.08831275
v -0.03885610 -0.03573630 0.08897681
v -0.03938328 -0.03519691 0.08789975
v -0.03878914 -0.03579333 0.08874525
v -0.03972332 -0.03446069 0.08380432
v -0.03999724 -0.03410797 0.08495165
v -0.03966562 -0.03412331 0.08413191
v -0.03982624 -0.03461200 0.08401687
v -0.03999724 -0.03410797 0.08495165
v -0.03972332 -0.03446069 0.08380432
v -0.03938328 -0.03519691 0.08789975
v -0.03877476 -0.03563574 0.08839793
v -0.03878914 -0.03579333 0.08874525
v -0.03946264 -0.03442962 0.08346725
v -0.03924702 -0.03485767 0.08289779
v -0.03972332 -0.03446069 0.08380432
v -0.03972332 -0.03446069 0.08380432
v -0.03924702 -0.03485767 0.08289779
v -0.03982624 -0.03461200 0.08401687
v -0.03924702 -0.03485767 0.08289779
v -0.03942438 -0.03507304 0.08320446
v -0.03982624 -0.03461200 0.08401687
v -0.03877476 -0.03563574 0.08839793
v -0.03888662 -0.03532133 0.08791758
v -0.03857798 -0.03563545 0.08834655
v -0.03984091 -0.03410666 0.08712632
v -0.03978266 -0.03453706 0.08771349
v -0.03946058 -0.03458511 0.08830757
v -0.03994872 -0.03458334 0.08706726
v -0.03979779 -0.03480600 0.08712454
v -0.03948464 -0.03500704 0.08831275
v -0.03948464 -0.03500704 0.08831275
v -0.03979779 -0.03480600 0.08712454
v -0.03885610 -0.03573630 0.08897681
v -0.03938328 -0.03519691 0.08789975
v -0.03929764 -0.03510790 0.08748264
v -0.03877476 -0.03563574 0.08839793
v -0.03978266 -0.03453706 0.08771349
v -0.03994872 -0.03458334 0.08706726
v -0.03948464 -0.03500704 0.08831275
v -0.03979779 -0.03480600 0.08712454
v -0.03938328 -0.03519691 0.08789975
v -0.03885610 -0.03573630 0.08897681
v -0.03929764 -0.03510790 0.08748264
v -0.03888662 -0.03532133 0.08791758
v -0.03877476 -0.03563574 0.08839793
v -0.03768213 -0.03652456 0.08993668
v -0.03819056 -0.03590241 0.08972360
v -0.03814880 -0.03627022 0.08967848
v -0.03984091 -0.03410666 0.08712632
v -0.04007756 -0.03429686 0.08646447
v -0.03978266 -0.03453706 0.08771349
v -0.03843974 -0.03554762 0.08953334
v -0.03890723 -0.03537869 0.08916695
v -0.03819056 -0.03590241 0.08972360
v -0.03888662 -0.03532133 0.08791758
v -0.03929764 -0.03510790 0.08748264
v -0.03911834 -0.03509812 0.08745022
v -0.03979779 -0.03480600 0.08712454
v -0.03955237 -0.03491082 0.08684541
v -0.03938328 -0.03519691 0.08789975
v -0.03938328 -0.03519691 0.08789975
v -0.03955237 -0.03491082 0.08684541
v -0.03929764 -0.03510790 0.08748264
v -0.03999724 -0.03410797 0.08495165
v -0.04006779 -0.03435275 0.08510650
v -0.04002210 -0.03399130 0.08593143
v -0.04007756 -0.03429686 0.08646447
v -0.03994872 -0.03458334 0.08706726
v -0.03978266 -0.03453706 0.08771349
v -0.04002210 -0.03399130 0.08593143
v -0.04007756 -0.03429686 0.08646447
v -0.03984091 -0.03410666 0.08712632
v -0.03911834 -0.03509812 0.08745022
v -0.03929764 -0.03510790 0.08748264
v -0.03926813 -0.03493274 0.08702142
v -0.03982624 -0.03461200 0.08401687
v -0.04006779 -0.03435275 0.08510650
v -0.03999724 -0.03410797 0.08495165
v -0.03929764 -0.03510790 0.08748264
v -0.03955237 -0.03491082 0.08684541
v -0.03926813 -0.03493274 0.08702142
v -0.03883735 -0.03547057 0.08235748
v -0.03942438 -0.03507304 0.08320446
v -0.03924702 -0.03485767 0.08289779
v -0.03926813 -0.03493274 0.08702142
v -0.03955237 -0.03491082 0.08684541
v -0.03934880 -0.03485207 0.08668281
v -0.03942438 -0.03507304 0.08320446
v -0.03883735 -0.03547057 0.08235748
v -0.03890795 -0.03567317 0.08260144
v -0.03979779 -0.03480600 0.08712454
v -0.03987707 -0.03470590 0.08581145
v -0.03955237 -0.03491082 0.08684541
v -0.03994872 -0.03458334 0.08706726
v -0.04004212 -0.03454110 0.08546616
v -0.03979779 -0.03480600 0.08712454
v -0.03814880 -0.03627022 0.08967848
v -0.03747212 -0.03706391 0.08976985
v -0.03768213 -0.03652456 0.08993668
v -0.03934880 -0.03485207 0.08668281
v -0.03955237 -0.03491082 0.08684541
v -0.03940309 -0.03479778 0.08633388
v -0.04007756 -0.03429686 0.08646447
v -0.04004212 -0.03454110 0.08546616
v -0.03994872 -0.03458334 0.08706726
v -0.03813131 -0.03645419 0.08949042
v -0.03747212 -0.03706391 0.08976985
v -0.03814880 -0.03627022 0.08967848
v -0.04002210 -0.03399130 0.08593143
v -0.04006779 -0.03435275 0.08510650
v -0.04007756 -0.03429686 0.08646447
v -0.03987707 -0.03470590 0.08581145
v -0.03963186 -0.03478691 0.08577062
v -0.03955237 -0.03491082 0.08684541
v -0.04004212 -0.03454110 0.08546616
v -0.03987707 -0.03470590 0.08581145
v -0.03979779 -0.03480600 0.08712454
v -0.03940309 -0.03479778 0.08633388
v -0.03963186 -0.03478691 0.08577062
v -0.03943040 -0.03477047 0.08597864
v -0.03955237 -0.03491082 0.08684541
v -0.03963186 -0.03478691 0.08577062
v -0.03940309 -0.03479778 0.08633388
v -0.04006779 -0.03435275 0.08510650
v -0.04004212 -0.03454110 0.08546616
v -0.04007756 -0.03429686 0.08646447
v -0.03890723 -0.03537869 0.08916695
v -0.03814880 -0.03627022 0.08967848
v -0.03819056 -0.03590241 0.08972360
v -0.03943040 -0.03477047 0.08597864
v -0.03963186 -0.03478691 0.08577062
v -0.03943040 -0.03477047 0.08562131
v -0.04004212 -0.03454110 0.08546616
v -0.03975868 -0.03482379 0.08478923
v -0.03987707 -0.03470590 0.08581145
v -0.03813131 -0.03645419 0.08949042
v -0.03742592 -0.03717685 0.08956618
v -0.03747212 -0.03706391 0.08976985
v -0.03946264 -0.03442962 0.08346725
v -0.03972332 -0.03446069 0.08380432
v -0.03966562 -0.03412331 0.08413191
v -0.03979784 -0.03480006 0.08428974
v -0.03975868 -0.03482379 0.08478923
v -0.04004212 -0.03454110 0.08546616
vn -0.98928316 0.09399945 -0.11172704
vn -0.98928316 0.09399945 -0.11172704
vn -0.98928316 0.09399945 -0.11172704
vn -0.99222795 -0.00345316 -0.12438561
vn -0.99222795 -0.00345316 -0.12438561
vn -0.99222795 -0.00345316 -0.12438561
vn -0.49105066 -0.76658614 -0.41378127
vn -0.49105066 -0.76658614 -0.41378127
vn -0.49105066 -0.76658614 -0.41378127
vn -0.98558502 0.05108946 -0.16128248
vn -0.98558502 0.05108946 -0.16128248
vn -0.98558502 0.05108946 -0.16128248
vn -0.34008158 -0.76451134 -0.54760108
vn -0.34008158 -0.76451134 -0.54760108
vn -0.34008158 -0.76451134 -0.54760108
vn -0.94558781 0.16256494 -0.28184451
vn -0.94558781 0.16256494 -0.28184451
vn -0.94558781 0.16256494 -0.28184451
vn -0.45777435 -0.87022788 0.18206067
vn -0.45777435 -0.87022788 0.18206067
vn -0.45777435 -0.87022788 0.18206067
vn -0.85819212 -0.49154634 -0.14794758
vn -0.85819212 -0.49154634 -0.14794758
vn -0.85819212 -0.49154634 -0.14794758
vn -0.90114059 0.28044411 -0.33060057
vn -0.90114059 0.28044411 -0.33060057
vn -0.90114059 0.28044411 -0.33060057
vn -0.71684302 -0.66901274 0.19636202
vn -0.71684302 -0.66901274 0.19636202
vn -0.71684302 -0.66901274 0.19636202
vn -0.57715507 -0.80818354 0.11718103
vn -0.57715507 -0.80818354 0.11718103
vn -0.57715507 -0.80818354 0.11718103
vn -0.72761562 -0.68523025 -0.03217149
vn -0.72761562 -0.68523025 -0.03217149
vn -0.72761562 -0.68523025 -0.03217149
vn -0.91493095 -0.04574772 -0.40100935
vn -0.91493095 -0.04574772 -0.40100935
vn -0.91493095 -0.04574772 -0.40100935
vn -0.90569408 -0.23781339 -0.35094591
vn -0.90547865 -0.23810397 -0.35130459
vn -0.90453610 -0.23937092 -0.35286827
vn -0.74804335 -0.65516341 0.10579245
vn -0.74804335 -0.65516341 0.10579245
vn -0.74804335 -0.65516341 0.10579245
vn -0.90789070 -0.28780537 -0.30479920
vn -0.90789070 -0.28780537 -0.30479920
vn -0.90789070 -0.28780537 -0.30479920
vn 0.22015861 -0.62395120 0.74981003
vn 0.22015861 -0.62395120 0.74981003
vn 0.22015861 -0.62395120 0.74981003
vn -0.14535080 -0.97303993 0.17907107
vn -0.14535080 -0.97303993 0.17907107
vn -0.14535080 -0.97303993 0.17907107
vn -0.04135901 -0.80296005 0.59459615
vn -0.04135901 -0.80296005 0.59459615
vn -0.04135901 -0.80296005 0.59459615
vn -0.61861543 -0.37476520 0.69055485
vn -0.61861543 -0.37476520 0.69055485
vn -0.61861543 -0.37476520 0.69055485
vn -0.11773412 -0.17699484 -0.97714457
vn -0.11773412 -0.17699484 -0.97714457
vn -0.11773412 -0.17699484 -0.97714457
vn -0.90660052 -0.23658656 -0.34943140
vn -0.87619727 -0.09254356 -0.47298417
vn -0.87619727 -0.09254356 -0.47298417
vn -0.87619727 -0.09254356 -0.47298417
vn -0.39269450 -0.81343739 0.42908116
vn -0.39269450 -0.81343739 0.42908116
vn -0.39269450 -0.81343739 0.42908116
vn -0.80251527 -0.57340500 -0.16485128
vn -0.80251527 -0.57340500 -0.16485128
vn -0.80251527 -0.57340500 -0.16485128
vn 0.18783873 -0.49124754 0.85052482
vn 0.18783873 -0.49124754 0.85052482
vn 0.18783873 -0.49124754 0.85052482
vn -0.71778958 -0.66605022 0.20286752
vn -0.71778958 -0.66605022 0.20286752
vn -0.71778958 -0.66605022 0.20286752
vn -0.57188982 -0.52242627 0.63246567
vn -0.57188982 -0.52242627 0.63246567
vn -0.57188982 -0.52242627 0.63246567
vn -0.53442964 -0.80620972 0.25379293
vn -0.53442964 -0.80620972 0.25379293
vn -0.53442964 -0.80620972 0.25379293
vn -0.45887279 -0.36865434 0.80841187
vn -0.45887279 -0.36865434 0.80841187
vn -0.45887279 -0.36865434 0.80841187
vn -0.77991119 -0.05356145 -0.62359418
vn -0.77991119 -0.05356145 -0.62359418
vn -0.77991119 -0.05356145 -0.62359418
vn -0.31922901 -0.28248809 0.90459567
vn -0.31922901 -0.28248809 0.90459567
vn -0.31922901 -0.28248809 0.90459567
vn -0.17891111 -0.64656542 0.74158207
vn -0.17891111 -0.64656542 0.74158207
vn -0.17891111 -0.64656542 0.74158207
vn -0.78632410 -0.14535857 -0.60047090
vn -0.78632410 -0.14535857 -0.60047090
vn -0.78632410 -0.14535857 -0.60047090
vn -0.32421562 -0.73471318 0.59588655
vn -0.32421562 -0.73471318 0.59588655
vn -0.32421562 -0.73471318 0.59588655
vn -0.76701565 -0.53900756 -0.34807736
vn -0.76701565 -0.53900756 -0.34807736
vn -0.76701565 -0.53900756 -0.34807736
vn -0.68516764 -0.72833693 -0.00840385
vn -0.68516764 -0.72833693 -0.00840385
vn -0.68516764 -0.72833693 -0.00840385
vn -0.75068549 -0.20116045 -0.62928990
vn -0.75068549 -0.20116045 -0.62928990
vn -0.75068549 -0.20116045 -0.62928990
vn -0.71147513 -0.70237977 0.02158232
vn -0.71147513 -0.70237977 0.02158232
vn -0.71147513 -0.70237977 0.02158232
vn 0.14954567 -0.20959353 0.96628497
vn 0.14954567 -0.20959353 0.96628497
vn 0.14954567 -0.20959353 0.96628497
vn -0.78079455 -0.44310935 -0.44047017
vn -0.78079455 -0.44310935 -0.44047017
vn -0.78079455 -0.44310935 -0.44047017
vn -0.63199097 -0.32804310 0.70212188
vn -0.63199097 -0.32804310 0.70212188
vn -0.63199097 -0.32804310 0.70212188
vn -0.30511428 0.37131843 0.87694236
vn -0.30511428 0.37131843 0.87694236
vn -0.30511428 0.37131843 0.87694236
vn -0.69835306 -0.52106987 0.49070275
vn -0.69835306 -0.52106987 0.49070275
vn -0.69835306 -0.52106987 0.49070275
vn 0.27550925 -0.53258845 -0.80027758
vn 0.27550925 -0.53258845 -0.80027758
vn 0.27550925 -0.53258845 -0.80027758
vn -0.61833447 -0.12781936 -0.77545129
vn -0.61833447 -0.12781936 -0.77545129
vn -0.61833447 -0.12781936 -0.77545129
vn -0.62753351 -0.20425101 -0.75132098
vn -0.62753351 -0.20425101 -0.75132098
vn -0.62753351 -0.20425101 -0.75132098
vn -0.26577631 -0.55929510 0.78520821
vn -0.26577631 -0.55929510 0.78520821
vn -0.26577631 -0.55929510 0.78520821
vn -0.21110951 -0.49477103 0.84299134
vn -0.21110951 -0.49477103 0.84299134
vn -0.21110951 -0.49477103 0.84299134
vn -0.57309933 -0.68936959 0.44308773
vn -0.57309933 -0.68936959 0.44308773
vn -0.57309933 -0.68936959 0.44308773
vn -0.56710337 -0.26079718 -0.78126730
vn -0.56710337 -0.26079718 -0.78126730
vn -0.56710337 -0.26079718 -0.78126730
vn -0.22656427 -0.27930361 0.93309063
vn -0.22656427 -0.27930361 0.93309063
vn -0.22656427 -0.27930361 0.93309063
vn -0.77217064 -0.49969834 0.39249722
vn -0.77217064 -0.49969834 0.39249722
vn -0.77217064 -0.49969834 0.39249722
vn -0.70031347 -0.71376034 -0.01035466
vn -0.70031347 -0.71376034 -0.01035466
vn -0.70031347 -0.71376034 -0.01035466
vn -0.70773979 -0.57598378 -0.40908076
vn -0.70773979 -0.57598378 -0.40908076
vn -0.70773979 -0.57598378 -0.40908076
vn -0.72577249 -0.11575286 0.67812652
vn -0.72577249 -0.11575286 0.67812652
vn -0.72577249 -0.11575286 0.67812652
vn -0.83102937 -0.07581235 0.55103781
vn -0.83102937 -0.07581235 0.55103781
vn -0.83102937 -0.07581235 0.55103781
vn -0.69865718 -0.09036693 0.70972668
vn -0.69865718 -0.09036693 0.70972668
vn -0.69865718 -0.09036693 0.70972668
vn -0.67037404 -0.53973700 -0.50919801
vn -0.67037404 -0.53973700 -0.50919801
vn -0.67037404 -0.53973700 -0.50919801
vn -0.59934888 -0.69016802 0.40552316
vn -0.59934888 -0.69016802 0.40552316
vn -0.59934888 -0.69016802 0.40552316
vn -0.52977691 -0.24335029 -0.81247589
vn -0.52977691 -0.24335029 -0.81247589
vn -0.52977691 -0.24335029 -0.81247589
vn -0.54121827 -0.36524500 -0.75741592
vn -0.54121827 -0.36524500 -0.75741592
vn -0.54121827 -0.36524500 -0.75741592
vn -0.66319360 -0.70814751 0.24228361
vn -0.66319360 -0.70814751 0.24228361
vn -0.66319360 -0.70814751 0.24228361
vn 0.19752895 -0.74077188 -0.64205867
vn 0.19752895 -0.74077188 -0.64205867
vn 0.19752895 -0.74077188 -0.64205867
vn 0.18581843 -0.74361575 -0.64226718
vn 0.18581843 -0.74361575 -0.64226718
vn 0.18581843 -0.74361575 -0.64226718
vn -0.47968818 -0.45109330 -0.75260487
vn -0.47968818 -0.45109330 -0.75260487
vn -0.47968818 -0.45109330 -0.75260487
vn 0.12118111 -0.25039729 -0.96052920
vn 0.12118111 -0.25039729 -0.96052920
vn 0.12118111 -0.25039729 -0.96052920
vn -0.25591282 -0.85986531 -0.44174684
vn -0.25591282 -0.85986531 -0.44174684
vn -0.25591282 -0.85986531 -0.44174684
vn 0.18484970 -0.34077957 -0.92179166
vn 0.18484970 -0.34077957 -0.92179166
vn 0.18484970 -0.34077957 -0.92179166
vn -0.70647136 -0.70708548 -0.03046861
vn -0.70647136 -0.70708548 -0.03046861
vn -0.70647136 -0.70708548 -0.03046861
vn 0.35340412 -0.80183407 -0.48183779
vn 0.35340412 -0.80183407 -0.48183779
vn 0.35340412 -0.80183407 -0.48183779
vn -0.81786341 -0.52954156 0.22513369
vn -0.81786341 -0.52954156 0.22513369
vn -0.81786341 -0.52954156 0.22513369
vn 0.22872601 -0.93022932 0.28698054
vn 0.22872601 -0.93022932 0.28698054
vn 0.22872601 -0.93022932 0.28698054
vn -0.40272855 -0.87128521 -0.28048494
vn -0.40272855 -0.87128521 -0.28048494
vn -0.40272855 -0.87128521 -0.28048494
vn 0.46195066 -0.82292272 0.33075639
vn 0.46195066 -0.82292272 0.33075639
vn 0.46195066 -0.82292272 0.33075639
vn -0.87097359 -0.32921515 0.36472234
vn -0.87097359 -0.32921515 0.36472234
vn -0.87097359 -0.32921515 0.36472234
vn 0.35615122 -0.75471137 0.55096920
vn 0.35615122 -0.75471137 0.55096920
vn 0.35615122 -0.75471137 0.55096920
vn -0.03369995 -0.88929449 0.45609169
vn -0.03369995 -0.88929449 0.45609169
vn -0.03369995 -0.88929449 0.45609169
vn 0.00986502 -0.88610740 0.46337497
vn 0.00986502 -0.88610740 0.46337497
vn 0.00986502 -0.88610740 0.46337497
vn -0.82983094 -0.10208370 0.54859778
vn -0.82983094 -0.10208370 0.54859778
vn -0.82983094 -0.10208370 0.54859778
vn 0.30482797 -0.84978556 -0.43005165
vn 0.30482797 -0.84978556 -0.43005165
vn 0.30482797 -0.84978556 -0.43005165
vn -0.38204737 -0.88610871 -0.26239505
vn -0.38204737 -0.88610871 -0.26239505
vn -0.38204737 -0.88610871 -0.26239505
vn -0.07462880 -0.94215327 -0.32676867
vn -0.07462880 -0.94215327 -0.32676867
vn -0.07462880 -0.94215327 -0.32676867
vn 0.45046877 -0.81793380 -0.35785777
vn 0.45046877 -0.81793380 -0.35785777
vn 0.45046877 -0.81793380 -0.35785777
vn -0.10888150 -0.35682480 -0.92780433
vn -0.10888150 -0.35682480 -0.92780433
vn -0.10888150 -0.35682480 -0.92780433
vn -0.29425988 -0.54409730 -0.78572848
vn -0.29425988 -0.54409730 -0.78572848
vn -0.29425988 -0.54409730 -0.78572848
vn -0.82793430 -0.54877968 0.11560994
vn -0.82793430 -0.54877968 0.11560994
vn -0.82793430 -0.54877968 0.11560994
vn 0.42235667 -0.87154182 -0.24905764
vn 0.42235667 -0.87154182 -0.24905764
vn 0.42235667 -0.87154182 -0.24905764
vn -0.08616362 -0.63381052 -0.76867422
vn -0.08616362 -0.63381052 -0.76867422
vn -0.08616362 -0.63381052 -0.76867422
vn -0.89877020 -0.17839657 0.40048319
vn -0.89877020 -0.17839657 0.40048319
vn -0.89877020 -0.17839657 0.40048319
vn -0.91953884 0.02962460 0.39188098
vn -0.91953884 0.02962460 0.39188098
vn -0.91953884 0.02962460 0.39188098
vn -0.88622329 -0.44290911 0.13579323
vn -0.88622329 -0.44290911 0.13579323
vn -0.88622329 -0.44290911 0.13579323
vn -0.56278248 -0.82309805 -0.07606229
vn -0.56278248 -0.82309805 -0.07606229
vn -0.56278248 -0.82309805 -0.07606229
vn 0.56003975 -0.80853672 -0.18062076
vn 0.56003975 -0.80853672 -0.18062076
vn 0.56003975 -0.80853672 -0.18062076
vn 0.12444927 -0.96275467 0.24003297
vn 0.12444927 -0.96275467 0.24003297
vn 0.12444927 -0.96275467 0.24003297
vn -0.17235949 -0.97890817 -0.10968596
vn -0.17235949 -0.97890817 -0.10968596
vn -0.17235949 -0.97890817 -0.10968596
vn -0.95165162 -0.04536026 0.30381186
vn -0.95165162 -0.04536026 0.30381186
vn -0.95165162 -0.04536026 0.30381186
vn -0.26026078 -0.95759116 -0.12362643
vn -0.26026078 -0.95759116 -0.12362643
vn -0.26026078 -0.95759116 -0.12362643
vn 0.36798681 -0.92977008 0.01064483
vn 0.36798681 -0.92977008 0.01064483
vn 0.36798681 -0.92977008 0.01064483
vn -0.45854650 -0.62351236 -0.63321990
vn -0.45854650 -0.62351236 -0.63321990
vn -0.45854650 -0.62351236 -0.63321990
vn -0.79652589 -0.60455117 0.00802412
vn -0.79652589 -0.60455117 0.00802412
vn -0.79652589 -0.60455117 0.00802412
vn -0.56429379 -0.71719426 -0.40890697
vn -0.56429379 -0.71719426 -0.40890697
vn -0.56429379 -0.71719426 -0.40890697
vn 0.20432897 -0.97854009 0.02662634
vn 0.20432897 -0.97854009 0.02662634
vn 0.20432897 -0.97854009 0.02662634
vn -0.15110640 -0.98839296 -0.01569092
vn -0.15110640 -0.98839296 -0.01569092
vn -0.15110640 -0.98839296 -0.01569092
vn -0.99159882 -0.02132048 0.12758218
vn -0.99159882 -0.02132048 0.12758218
vn -0.99159882 -0.02132048 0.12758218
vn 0.77310445 0.63389754 -0.02198697
vn 0.77310445 0.63389754 -0.02198697
vn 0.77310445 0.63389754 -0.02198697
vn -0.99204296 0.03398958 0.12122486
vn -0.99204296 0.03398958 0.12122486
vn -0.99204296 0.03398958 0.12122486
vn -0.37378460 -0.92688116 0.03429849
vn -0.37378460 -0.92688116 0.03429849
vn -0.37378460 -0.92688116 0.03429849
vn -0.13056858 -0.65459802 -0.74461619
vn -0.13056858 -0.65459802 -0.74461619
vn -0.13056858 -0.65459802 -0.74461619
vn -0.80465124 -0.59374674 0.00109477
vn -0.80465124 -0.59374674 0.00109477
vn -0.80465124 -0.59374674 0.00109477
vn -0.71945678 -0.69430674 -0.01789130
vn -0.71945678 -0.69430674 -0.01789130
vn -0.71945678 -0.69430674 -0.01789130
vn -0.99124626 0.01559357 -0.13110187
vn -0.99124626 0.01559357 -0.13110187
vn -0.99124626 0.01559357 -0.13110187
vn -0.66625317 -0.71409908 -0.21487023
vn -0.66625317 -0.71409908 -0.21487023
vn -0.66625317 -0.71409908 -0.21487023
vn 0.57065352 -0.67416575 0.46888709
vn 0.57065352 -0.67416575 0.46888709
vn 0.57065352 -0.67416575 0.46888709
vn 0.03863265 0.94765123 -0.31696162
vn 0.03863265 0.94765123 -0.31696162
vn 0.03863265 0.94765123 -0.31696162
vn 0.74569303 0.62969169 -0.21778494
vn 0.74569303 0.62969169 -0.21778494
vn 0.74569303 0.62969169 -0.21778494
vn 0.71729588 -0.64255870 0.26945303
vn 0.71729588 -0.64255870 0.26945303
vn 0.71729588 -0.64255870 0.26945303
vn 0.02300981 0.94857474 -0.31571586
vn 0.02300981 0.94857474 -0.31571586
vn 0.02300981 0.94857474 -0.31571586
vn 0.87145515 0.04506027 0.48840095
vn 0.87145515 0.04506027 0.48840095
vn 0.87145515 0.04506027 0.48840095
vn 0.36903710 0.90585641 -0.20793216
vn 0.36903710 0.90585641 -0.20793216
vn 0.36903710 0.90585641 -0.20793216
vn 0.44540515 0.52589554 0.72460205
vn 0.44540515 0.52589554 0.72460205
vn 0.44540515 0.52589554 0.72460205
vn 0.16953824 0.86835861 -0.46605806
vn 0.16953824 0.86835861 -0.46605806
vn 0.16953824 0.86835861 -0.46605806
vn -0.14959736 0.83733107 -0.52583011
vn -0.14959736 0.83733107 -0.52583011
vn -0.14959736 0.83733107 -0.52583011
vn 0.35837354 0.63351462 0.68573146
vn 0.35837354 0.63351462 0.68573146
vn 0.35837354 0.63351462 0.68573146
vn 0.62614443 0.74756349 0.22156709
vn 0.62614443 0.74756349 0.22156709
vn 0.62614443 0.74756349 0.22156709
vn 0.41640571 0.65590186 0.62960228
vn 0.41640571 0.65590186 0.62960228
vn 0.41640571 0.65590186 0.62960228
vn 0.74072601 0.67177852 0.00621215
vn 0.74072601 0.67177852 0.00621215
vn 0.74072601 0.67177852 0.00621215
vn 0.80537865 0.54761453 0.22689988
vn 0.80517984 0.54730620 0.22834481
vn 0.80513790 0.54724135 0.22864789
vn 0.92610497 0.15836433 0.34241835
vn 0.92610497 0.15836433 0.34241835
vn 0.92610497 0.15836433 0.34241835
vn 0.59755239 -0.49486962 0.63090031
vn 0.59755239 -0.49486962 0.63090031
vn 0.59755239 -0.49486962 0.63090031
vn -0.66400106 -0.74356966 0.07878292
vn -0.66400106 -0.74356966 0.07878292
vn -0.66400106 -0.74356966 0.07878292
vn 0.44348694 0.86038830 -0.25110020
vn 0.44348694 0.86038830 -0.25110020
vn 0.44348694 0.86038830 -0.25110020
vn 0.28311427 0.81775285 -0.50112533
vn 0.28311427 0.81775285 -0.50112533
vn 0.28311427 0.81775285 -0.50112533
vn 0.86280390 0.07132136 0.50048246
vn 0.86280390 0.07132136 0.50048246
vn 0.86280390 0.07132136 0.50048246
vn 0.66049450 0.73404990 0.15785361
vn 0.66049450 0.73404990 0.15785361
vn 0.66049450 0.73404990 0.15785361
vn 0.95614709 0.25599775 0.14229512
vn 0.95614709 0.25599775 0.14229512
vn 0.95614709 0.25599775 0.14229512
vn 0.71174125 0.70204423 0.02362812
vn 0.71174125 0.70204423 0.02362812
vn 0.71174125 0.70204423 0.02362812
vn 0.70671831 0.70716547 0.02159226
vn 0.70671831 0.70716547 0.02159226
vn 0.70671831 0.70716547 0.02159226
vn 0.07416207 0.60466568 -0.79301917
vn 0.07416207 0.60466568 -0.79301917
vn 0.07416207 0.60466568 -0.79301917
vn 0.74097324 -0.03841627 0.67043482
vn 0.74060964 -0.03308860 0.67112033
vn 0.74110224 -0.04038597 0.67017643
vn 0.80542503 0.54768670 0.22656079
vn 0.21482626 0.53513872 0.81699218
vn 0.21482626 0.53513872 0.81699218
vn 0.21482626 0.53513872 0.81699218
vn 0.54570402 -0.42085538 0.72462947
vn 0.54570402 -0.42085538 0.72462947
vn 0.54570402 -0.42085538 0.72462947
vn 0.21546967 0.63431842 0.74243718
vn 0.21546967 0.63431842 0.74243718
vn 0.21546967 0.63431842 0.74243718
vn 0.01562734 0.22142255 0.97505274
vn 0.01562734 0.22142255 0.97505274
vn 0.01562734 0.22142255 0.97505274
vn 0.22349202 0.63248095 -0.74163277
vn 0.22349202 0.63248095 -0.74163277
vn 0.22349202 0.63248095 -0.74163277
vn 0.88942650 0.42661952 0.16406183
vn 0.88942650 0.42661952 0.16406183
vn 0.88942650 0.42661952 0.16406183
vn 0.78411913 0.32257678 0.53018997
vn 0.78411913 0.32257678 0.53018997
vn 0.78411913 0.32257678 0.53018997
vn 0.74045506 -0.03091362 0.67139456
vn 0.34547957 0.75838403 -0.55271831
vn 0.34547957 0.75838403 -0.55271831
vn 0.34547957 0.75838403 -0.55271831
vn 0.62622678 0.75027745 -0.21195228
vn 0.62622678 0.75027745 -0.21195228
vn 0.62622678 0.75027745 -0.21195228
vn 0.26343572 0.57812604 -0.77225119
vn 0.26343572 0.57812604 -0.77225119
vn 0.26343572 0.57812604 -0.77225119
vn 0.70439854 0.70805006 0.04987803
vn 0.70439854 0.70805006 0.04987803
vn 0.70439854 0.70805006 0.04987803
vn 0.39162067 -0.21898014 0.89368952
vn 0.39162067 -0.21898014 0.89368952
vn 0.39162067 -0.21898014 0.89368952
vn 0.04415315 0.64849660 0.75993596
vn 0.04415315 0.64849660 0.75993596
vn 0.04415315 0.64849660 0.75993596
vn -0.03240885 0.57865228 0.81493018
vn -0.03240885 0.57865228 0.81493018
vn -0.03240885 0.57865228 0.81493018
vn 0.73881346 0.32591358 0.58986016
vn 0.73881346 0.32591358 0.58986016
vn 0.73881346 0.32591358 0.58986016
vn 0.60704636 0.15944986 0.77850527
vn 0.60704636 0.15944986 0.77850527
vn 0.60704636 0.15944986 0.77850527
vn 0.48605169 0.79221272 0.36898885
vn 0.48605169 0.79221272 0.36898885
vn 0.48605169 0.79221272 0.36898885
vn 0.39067442 0.74778109 -0.53683977
vn 0.39067442 0.74778109 -0.53683977
vn 0.39067442 0.74778109 -0.53683977
vn 0.12901541 0.75053366 0.64811592
vn 0.12901541 0.75053366 0.64811592
vn 0.12901541 0.75053366 0.64811592
vn 0.38119312 -0.26078100 0.88695269
vn 0.38119312 -0.26078100 0.88695269
vn 0.38119312 -0.26078100 0.88695269
vn 0.70958245 0.70196895 -0.06109288
vn 0.70958245 0.70196895 -0.06109288
vn 0.70958245 0.70196895 -0.06109288
vn 0.41153991 0.45859193 -0.78760926
vn 0.41153991 0.45859193 -0.78760926
vn 0.41153991 0.45859193 -0.78760926
vn 0.71336682 0.66878435 0.20936875
vn 0.71336682 0.66878435 0.20936875
vn 0.71336682 0.66878435 0.20936875
vn 0.14338914 0.84894135 0.50866310
vn 0.14338914 0.84894135 0.50866310
vn 0.14338914 0.84894135 0.50866310
vn 0.43990870 0.46766991 -0.76665846
vn 0.43990870 0.46766991 -0.76665846
vn 0.43990870 0.46766991 -0.76665846
vn 0.72026614 0.53974365 0.43576769
vn 0.72026614 0.53974365 0.43576769
vn 0.72026614 0.53974365 0.43576769
vn 0.29044315 0.81716699 0.49787638
vn 0.29044315 0.81716699 0.49787638
vn 0.29044315 0.81716699 0.49787638
vn 0.65053629 0.70437042 -0.28401556
vn 0.65053629 0.70437042 -0.28401556
vn 0.65053629 0.70437042 -0.28401556
vn 0.52255977 0.22185171 0.82323333
vn 0.52255977 0.22185171 0.82323333
vn 0.52255977 0.22185171 0.82323333
vn 0.55206955 0.31873699 0.77047125
vn 0.55206955 0.31873699 0.77047125
vn 0.55206955 0.31873699 0.77047125
vn 0.63656626 0.76416248 0.10411101
vn 0.63656626 0.76416248 0.10411101
vn 0.63656626 0.76416248 0.10411101
vn 0.20246703 -0.09688141 0.97448504
vn 0.20246703 -0.09688141 0.97448504
vn 0.20246703 -0.09688141 0.97448504
vn 0.67655567 0.66924181 0.30722601
vn 0.67655567 0.66924181 0.30722601
vn 0.67655567 0.66924181 0.30722601
vn 0.71374384 0.70036644 0.00752218
vn 0.71374384 0.70036644 0.00752218
vn 0.71374384 0.70036644 0.00752218
vn 0.59319126 0.60890733 0.52664598
vn 0.59319126 0.60890733 0.52664598
vn 0.59319126 0.60890733 0.52664598
vn 0.79133942 0.57557215 -0.20615194
vn 0.79133942 0.57557215 -0.20615194
vn 0.79133942 0.57557215 -0.20615194
vn 0.47843000 0.38147776 0.79093581
vn 0.47843000 0.38147776 0.79093581
vn 0.47843000 0.38147776 0.79093581
vn 0.12342126 -0.04288139 0.99142745
vn 0.12342126 -0.04288139 0.99142745
vn 0.12342126 -0.04288139 0.99142745
vn 0.26251523 0.23227748 0.93655375
vn 0.26251523 0.23227748 0.93655375
vn 0.26251523 0.23227748 0.93655375
vn -0.01511395 0.85567677 0.51728990
vn -0.01511395 0.85567677 0.51728990
vn -0.01511395 0.85567677 0.51728990
vn 0.55973020 0.49410332 -0.66525485
vn 0.55973020 0.49410332 -0.66525485
vn 0.55973020 0.49410332 -0.66525485
vn 0.48869061 0.42961824 -0.75934818
vn 0.48869061 0.42961824 -0.75934818
vn 0.48869061 0.42961824 -0.75934818
vn 0.11025368 0.86825582 0.48371061
vn 0.11025368 0.86825582 0.48371061
vn 0.11025368 0.86825582 0.48371061
vn 0.37237002 0.14772617 -0.91625190
vn 0.37237002 0.14772617 -0.91625190
vn 0.37237002 0.14772617 -0.91625190
vn 0.41652752 0.87809527 0.23548571
vn 0.41652752 0.87809527 0.23548571
vn 0.41652752 0.87809527 0.23548571
vn 0.57320807 0.18779092 -0.79760083
vn 0.57320807 0.18779092 -0.79760083
vn 0.57320807 0.18779092 -0.79760083
vn 0.39026671 0.10037885 -0.91521363
vn 0.39026671 0.10037885 -0.91521363
vn 0.39026671 0.10037885 -0.91521363
vn 0.64274743 0.76226956 0.07629459
vn 0.64274743 0.76226956 0.07629459
vn 0.64274743 0.76226956 0.07629459
vn 0.71309185 0.70101000 -0.00921905
vn 0.71309185 0.70101000 -0.00921905
vn 0.71309185 0.70101000 -0.00921905
vn 0.59079661 0.16743885 -0.78925509
vn 0.59079661 0.16743885 -0.78925509
vn 0.59079661 0.16743885 -0.78925509
vn 0.34304108 -0.23766870 -0.90875542
vn 0.34304108 -0.23766870 -0.90875542
vn 0.34304108 -0.23766870 -0.90875542
vn 0.69755509 0.22396362 -0.68063000
vn 0.69755509 0.22396362 -0.68063000
vn 0.69755509 0.22396362 -0.68063000
vn -0.11001779 0.91258818 0.39380059
vn -0.11001779 0.91258818 0.39380059
vn -0.11001779 0.91258818 0.39380059
vn 0.68965593 -0.25682329 -0.67706462
vn 0.68965593 -0.25682329 -0.67706462
vn 0.68965593 -0.25682329 -0.67706462
vn 0.59670660 -0.44806075 -0.66571975
vn 0.59670660 -0.44806075 -0.66571975
vn 0.59670660 -0.44806075 -0.66571975
vn 0.10471294 0.95376187 0.28173301
vn 0.10471294 0.95376187 0.28173301
vn 0.10471294 0.95376187 0.28173301
vn 0.14576593 0.95728876 0.24970088
vn 0.14576593 0.95728876 0.24970088
vn 0.14576593 0.95728876 0.24970088
vn 0.89839083 0.13722140 -0.41721003
vn 0.89839083 0.13722140 -0.41721003
vn 0.89839083 0.13722140 -0.41721003
vn 0.72226733 0.07714316 -0.68729822
vn 0.72226733 0.07714316 -0.68729822
vn 0.72226733 0.07714316 -0.68729822
vn 0.47803828 -0.31799657 -0.81875368
vn 0.47803828 -0.31799657 -0.81875368
vn 0.47803828 -0.31799657 -0.81875368
vn 0.62357315 -0.17742325 -0.76136556
vn 0.62357315 -0.17742325 -0.76136556
vn 0.62357315 -0.17742325 -0.76136556
vn 0.85082336 0.36492148 -0.37806337
vn 0.85082336 0.36492148 -0.37806337
vn 0.85082336 0.36492148 -0.37806337
vn 0.89334315 0.08220347 -0.44179250
vn 0.89334315 0.08220347 -0.44179250
vn 0.89334315 0.08220347 -0.44179250
vn -0.09924803 0.96027730 0.26080133
vn -0.09924803 0.96027730 0.26080133
vn -0.09924803 0.96027730 0.26080133
vn 0.90218993 0.37247191 -0.21752703
vn 0.90218993 0.37247191 -0.21752703
vn 0.90218993 0.37247191 -0.21752703
vn 0.92360422 -0.24616492 0.29386747
vn 0.92360422 -0.24616492 0.29386747
vn 0.92360422 -0.24616492 0.29386747
vn 0.89555438 -0.23829932 0.37576028
vn 0.89555438 -0.23829932 0.37576028
vn 0.89555438 -0.23829932 0.37576028
vn 0.76599748 -0.42456976 0.48268870
vn 0.76599748 -0.42456976 0.48268870
vn 0.76599748 -0.42456976 0.48268870
vn 0.74059841 -0.36257182 0.56573463
vn 0.74059841 -0.36257182 0.56573463
vn 0.74059841 -0.36257182 0.56573463
vn 0.84823511 -0.23436491 -0.47494241
vn 0.84823511 -0.23436491 -0.47494241
vn 0.84823511 -0.23436491 -0.47494241
vn 0.11847909 0.95857135 0.25904376
vn 0.11847909 0.95857135 0.25904376
vn 0.11847909 0.95857135 0.25904376
vn 0.67237831 -0.47902962 -0.56430314
vn 0.67237831 -0.47902962 -0.56430314
vn 0.67237831 -0.47902962 -0.56430314
vn 0.69461457 0.71927009 -0.01269391
vn 0.69461457 0.71927009 -0.01269391
vn 0.69461457 0.71927009 -0.01269391
vn 0.00621613 -0.01978300 -0.99978497
vn 0.00621613 -0.01978300 -0.99978497
vn 0.00621613 -0.01978300 -0.99978497
vn 0.20642480 0.95036274 0.23280777
vn 0.20642480 0.95036274 0.23280777
vn 0.20642480 0.95036274 0.23280777
vn -0.19709542 0.97684096 0.08327741
vn -0.19709542 0.97684096 0.08327741
vn -0.19709542 0.97684096 0.08327741
vn -0.04200324 0.99858285 0.03268059
vn -0.04200324 0.99858285 0.03268059
vn -0.04200324 0.99858285 0.03268059
vn 0.76930430 0.58056038 -0.26668433
vn 0.76930430 0.58056038 -0.26668433
vn 0.76930430 0.58056038 -0.26668433
vn 0.89248728 -0.29492807 -0.34129736
vn 0.89248728 -0.29492807 -0.34129736
vn 0.89248728 -0.29492807 -0.34129736
vn 0.97685912 0.11619950 -0.17956596
vn 0.97685912 0.11619950 -0.17956596
vn 0.97685912 0.11619950 -0.17956596
vn 0.94869133 -0.17992858 -0.26002011
vn 0.94869133 -0.17992858 -0.26002011
vn 0.94869133 -0.17992858 -0.26002011
vn 0.53231745 0.84460817 0.05722911
vn 0.53231745 0.84460817 0.05722911
vn 0.53231745 0.84460817 0.05722911
vn 0.93298057 0.35485791 0.06019233
vn 0.93298057 0.35485791 0.06019233
vn 0.93298057 0.35485791 0.06019233
vn 0.96474760 0.24351235 -0.09981887
vn 0.96474760 0.24351235 -0.09981887
vn 0.96474760 0.24351235 -0.09981887
vn 0.97095694 -0.08380682 0.22409607
vn 0.97095694 -0.08380682 0.22409607
vn 0.97095694 -0.08380682 0.22409607
vn -0.03252884 0.99394517 -0.10495178
vn -0.03252884 0.99394517 -0.10495178
vn -0.03252884 0.99394517 -0.10495178
vn 0.82984301 -0.53668714 -0.15273343
vn 0.82984301 -0.53668714 -0.15273343
vn 0.82984301 -0.53668714 -0.15273343
vn 0.46068403 0.88435062 -0.07545995
vn 0.46068403 0.88435062 -0.07545995
vn 0.46068403 0.88435062 -0.07545995
vn 0.99191516 0.12688476 -0.00214054
vn 0.99191516 0.12688476 -0.00214054
vn 0.99191516 0.12688476 -0.00214054
vn -0.10640943 0.98550822 -0.13210066
vn -0.10640943 0.98550822 -0.13210066
vn -0.10640943 0.98550822 -0.13210066
vn 0.70838780 0.70571100 0.01259787
vn 0.70838780 0.70571100 0.01259787
vn 0.70838780 0.70571100 0.01259787
vn 0.98312320 -0.18094587 0.02696966
vn 0.98312320 -0.18094587 0.02696966
vn 0.98312320 -0.18094587 0.02696966
vn 0.47392691 0.87719085 -0.07700326
vn 0.47392691 0.87719085 -0.07700326
vn 0.47392691 0.87719085 -0.07700326
vn 0.72051616 0.62135635 -0.30785182
vn 0.72051616 0.62135635 -0.30785182
vn 0.72051616 0.62135635 -0.30785182
vn 0.92556170 -0.37837270 0.01302462
vn 0.92556170 -0.37837270 0.01302462
vn 0.92556170 -0.37837270 0.01302462
vn 0.75048451 -0.65528696 0.08586030
vn 0.75048451 -0.65528696 0.08586030
vn 0.75048451 -0.65528696 0.08586030
vn 0.65817344 0.51762646 -0.54669056
vn 0.65817344 0.51762646 -0.54669056
vn 0.65817344 0.51762646 -0.54669056
vn 0.03437947 0.97752441 -0.20800019
vn 0.03437947 0.97752441 -0.20800019
vn 0.03437947 0.97752441 -0.20800019
vn 0.73066136 0.65524585 -0.19179898
vn 0.73066136 0.65524585 -0.19179898
vn 0.73066136 0.65524585 -0.19179898
vn 0.80732727 -0.43852053 0.39487014
vn 0.80732727 -0.43852053 0.39487014
vn 0.80732727 -0.43852053 0.39487014
vn -0.63524865 0.72338060 -0.27051739
vn -0.63524865 0.72338060 -0.27051739
vn -0.63524865 0.72338060 -0.27051739
vn 0.92638052 0.22834746 0.29946045
vn 0.92638052 0.22834746 0.29946045
vn 0.92638052 0.22834746 0.29946045
vn -0.04622119 0.85648821 -0.51409293
vn -0.04622119 0.85648821 -0.51409293
vn -0.04622119 0.85648821 -0.51409293
vn 0.92089202 0.29544176 0.25430702
vn 0.92089202 0.29544176 0.25430702
vn 0.92089202 0.29544176 0.25430702
vn 0.87581441 -0.00182657 0.48264458
vn 0.87581441 -0.00182657 0.48264458
vn 0.87581441 -0.00182657 0.48264458
vn 0.92220523 0.28921636 0.25669323
vn 0.92220523 0.28921636 0.25669323
vn 0.92220523 0.28921636 0.25669323
vn 0.49292932 0.43581997 -0.75304823
vn 0.49292932 0.43581997 -0.75304823
vn 0.49292932 0.43581997 -0.75304823
vn 0.54783015 0.46551577 -0.69510948
vn 0.54783015 0.46551577 -0.69510948
vn 0.54783015 0.46551577 -0.69510948
vn 0.53471236 0.31880689 -0.78258856
vn 0.53471236 0.31880689 -0.78258856
vn 0.53471236 0.31880689 -0.78258856
vn 0.79560889 0.00768045 0.60576192
vn 0.79560889 0.00768045 0.60576192
vn 0.79560889 0.00768045 0.60576192
vn 0.76081250 0.40213779 -0.50936189
vn 0.76081250 0.40213779 -0.50936189
vn 0.76081250 0.40213779 -0.50936189
vn 0.64473380 0.73735790 0.20154813
vn 0.64473380 0.73735790 0.20154813
vn 0.64473380 0.73735790 0.20154813
vn 0.73104895 0.66042564 -0.17148005
vn 0.73104895 0.66042564 -0.17148005
vn 0.73104895 0.66042564 -0.17148005
vn 0.21822723 0.91753335 -0.33242958
vn 0.21822723 0.91753335 -0.33242958
vn 0.21822723 0.91753335 -0.33242958
vn 0.83108552 0.08000900 0.55035935
vn 0.83108552 0.08000900 0.55035935
vn 0.83108552 0.08000900 0.55035935
vn 0.32798334 0.90431586 -0.27320276
vn 0.32798334 0.90431586 -0.27320276
vn 0.32798334 0.90431586 -0.27320276
vn 0.82582823 0.46340762 0.32134267
vn 0.82582823 0.46340762 0.32134267
vn 0.82582823 0.46340762 0.32134267
vn -0.50033074 0.59045440 -0.63327147
vn -0.50033074 0.59045440 -0.63327147
vn -0.50033074 0.59045440 -0.63327147
vn 0.73631240 0.64691286 -0.19836278
vn 0.73631240 0.64691286 -0.19836278
vn 0.73631240 0.64691286 -0.19836278
vn 0.79029588 0.23262844 0.56684780
vn 0.79029588 0.23262844 0.56684780
vn 0.79029588 0.23262844 0.56684780
vn 0.27311310 0.95100957 -0.14487938
vn 0.27311310 0.95100957 -0.14487938
vn 0.27311310 0.95100957 -0.14487938
vn 0.71000268 0.70419878 0.00051677
vn 0.70994828 0.70424946 0.00247901
vn 0.71001932 0.70418218 -0.00010397
vn 0.72159767 0.69224976 0.00933134
vn 0.72159767 0.69224976 0.00933134
vn 0.72159767 0.69224976 0.00933134
vn 0.82685626 0.43654387 0.35459579
vn 0.82685626 0.43654387 0.35459579
vn 0.82685626 0.43654387 0.35459579
vn 0.67927179 0.70733046 0.19563606
vn 0.67927179 0.70733046 0.19563606
vn 0.67927179 0.70733046 0.19563606
vn 0.71269925 0.70117227 0.02042592
vn 0.71269925 0.70117227 0.02042592
vn 0.71269925 0.70117227 0.02042592
vn 0.63387183 0.17240288 0.75397862
vn 0.63387183 0.17240288 0.75397862
vn 0.63387183 0.17240288 0.75397862
vn -0.05246028 0.75024821 -0.65907173
vn -0.05246028 0.75024821 -0.65907173
vn -0.05246028 0.75024821 -0.65907173
vn 0.63381790 0.21526645 -0.74292343
vn 0.63381790 0.21526645 -0.74292343
vn 0.63381790 0.21526645 -0.74292343
vn 0.46601514 0.82310965 -0.32453105
vn 0.46601514 0.82310965 -0.32453105
vn 0.46601514 0.82310965 -0.32453105
vn 0.45228153 0.87610685 -0.16696768
vn 0.45228153 0.87610685 -0.16696768
vn 0.45228153 0.87610685 -0.16696768
vn -0.34470459 0.59331497 -0.72743116
vn -0.34470459 0.59331497 -0.72743116
vn -0.34470459 0.59331497 -0.72743116
vn 0.50440077 0.21377192 -0.83658916
vn 0.50440077 0.21377192 -0.83658916
vn 0.50440077 0.21377192 -0.83658916
vn -0.39381563 0.52675581 -0.75328452
vn -0.39381563 0.52675581 -0.75328452
vn -0.39381563 0.52675581 -0.75328452
vn 0.63656405 0.23058301 0.73594680
vn 0.63656405 0.23058301 0.73594680
vn 0.63656405 0.23058301 0.73594680
vn 0.14015738 0.78457487 -0.60398525
vn 0.14015738 0.78457487 -0.60398525
vn 0.14015738 0.78457487 -0.60398525
vn 0.57170907 0.78589404 -0.23562534
vn 0.57170907 0.78589404 -0.23562534
vn 0.57170907 0.78589404 -0.23562534
vn 0.75896320 0.62692131 0.17591057
vn 0.75896320 0.62692131 0.17591057
vn 0.75896320 0.62692131 0.17591057
vn 0.58775888 0.27772050 0.75987553
vn 0.58775888 0.27772050 0.75987553
vn 0.58775888 0.27772050 0.75987553
vn -0.33214044 0.33096218 -0.88325917
vn -0.33214044 0.33096218 -0.88325917
vn -0.33214044 0.33096218 -0.88325917
vn 0.64506957 0.10631588 -0.75669160
vn 0.64506957 0.10631588 -0.75669160
vn 0.64506957 0.10631588 -0.75669160
vn 0.50279840 0.75191299 -0.42640431
vn 0.50279840 0.75191299 -0.42640431
vn 0.50279840 0.75191299 -0.42640431
vn 0.67440815 0.12932067 -0.72694553
vn 0.67440815 0.12932067 -0.72694553
vn 0.67440815 0.12932067 -0.72694553
vn 0.77316262 0.35566902 -0.52508962
vn 0.77316262 0.35566902 -0.52508962
vn 0.77316262 0.35566902 -0.52508962
vn 0.14818404 0.63589023 -0.75742004
vn 0.14818404 0.63589023 -0.75742004
vn 0.14818404 0.63589023 -0.75742004
vn 0.13890771 0.63439301 -0.76042762
vn 0.13890771 0.63439301 -0.76042762
vn 0.13890771 0.63439301 -0.76042762
vn 0.66753124 0.31460365 0.67485301
vn 0.66753124 0.31460365 0.67485301
vn 0.66753124 0.31460365 0.67485301
vn 0.75396925 0.13809456 -0.64223070
vn 0.75396925 0.13809456 -0.64223070
vn 0.75396925 0.13809456 -0.64223070
vn -0.25467157 0.36873746 -0.89396593
vn -0.25467157 0.36873746 -0.89396593
vn -0.25467157 0.36873746 -0.89396593
vn 0.70319595 0.70108677 0.11829113
vn 0.70319595 0.70108677 0.11829113
vn 0.70319595 0.70108677 0.11829113
vn 0.42704332 0.37673839 0.82201106
vn 0.42704332 0.37673839 0.82201106
vn 0.42704332 0.37673839 0.82201106
vn 0.83706514 0.09031142 -0.53959781
vn 0.83706514 0.09031142 -0.53959781
vn 0.83706514 0.09031142 -0.53959781
vn 0.78963782 0.03381182 -0.61264090
vn 0.78963782 0.03381182 -0.61264090
vn 0.78963782 0.03381182 -0.61264090
vn 0.47418960 0.47987699 0.73814788
vn 0.47418960 0.47987699 0.73814788
vn 0.47418960 0.47987699 0.73814788
vn 0.54756546 0.69840515 -0.46087126
vn 0.54756546 0.69840515 -0.46087126
vn 0.54756546 0.69840515 -0.46087126
vn 0.69838029 0.65045897 0.29861029
vn 0.69838029 0.65045897 0.29861029
vn 0.69838029 0.65045897 0.29861029
vn 0.31748343 0.55236244 -0.77077883
vn 0.31748343 0.55236244 -0.77077883
vn 0.31748343 0.55236244 -0.77077883
vn 0.22340776 0.52428790 -0.82171234
vn 0.22340776 0.52428790 -0.82171234
vn 0.22340776 0.52428790 -0.82171234
vn 0.80346935 0.55283315 -0.22093553
vn 0.80346935 0.55283315 -0.22093553
vn 0.80346935 0.55283315 -0.22093553
vn -0.10103994 0.19828883 -0.97492178
vn -0.10103994 0.19828883 -0.97492178
vn -0.10103994 0.19828883 -0.97492178
vn 0.68582176 0.70003069 -0.19901144
vn 0.68582176 0.70003069 -0.19901144
vn 0.68582176 0.70003069 -0.19901144
vn 0.64097229 0.69185534 -0.33240143
vn 0.64097229 0.69185534 -0.33240143
vn 0.64097229 0.69185534 -0.33240143
vn 0.58245687 0.79050852 0.18931526
vn 0.58245687 0.79050852 0.18931526
vn 0.58245687 0.79050852 0.18931526
vn 0.32337890 0.38107556 -0.86614520
vn 0.32337890 0.38107556 -0.86614520
vn 0.32337890 0.38107556 -0.86614520
vn 0.07120759 0.14207716 -0.98729102
vn 0.07120759 0.14207716 -0.98729102
vn 0.07120759 0.14207716 -0.98729102
vn 0.86963113 0.05373223 -0.49076934
vn 0.86963113 0.05373223 -0.49076934
vn 0.86963113 0.05373223 -0.49076934
vn 0.45545231 0.59386361 0.66324145
vn 0.45545231 0.59386361 0.66324145
vn 0.45545231 0.59386361 0.66324145
vn 0.81300744 0.53313400 -0.23406633
vn 0.81300744 0.53313400 -0.23406633
vn 0.81300744 0.53313400 -0.23406633
vn 0.86951416 0.04062671 -0.49223428
vn 0.86951416 0.04062671 -0.49223428
vn 0.86951416 0.04062671 -0.49223428
vn 0.21934294 0.42116348 0.88006250
vn 0.21934294 0.42116348 0.88006250
vn 0.21934294 0.42116348 0.88006250
vn 0.13238075 0.27498124 0.95229231
vn 0.13238075 0.27498124 0.95229231
vn 0.13238075 0.27498124 0.95229231
vn 0.83298273 0.53544947 -0.13940459
vn 0.83298273 0.53544947 -0.13940459
vn 0.83298273 0.53544947 -0.13940459
vn -0.18038699 0.33660027 0.92420820
vn -0.18038699 0.33660027 0.92420820
vn -0.18038699 0.33660027 0.92420820
vn 0.04574233 0.50180649 0.86376958
vn 0.04574233 0.50180649 0.86376958
vn 0.04574233 0.50180649 0.86376958
vn -0.23114497 0.32872427 0.91570320
vn -0.23114497 0.32872427 0.91570320
vn -0.23114497 0.32872427 0.91570320
vn -0.08207056 0.78997007 0.60762794
vn -0.08207056 0.78997007 0.60762794
vn -0.08207056 0.78997007 0.60762794
vn 0.19978101 0.72043943 0.66411940
vn 0.19978101 0.72043943 0.66411940
vn 0.19978101 0.72043943 0.66411940
vn 0.23543221 0.69409375 0.68029812
vn 0.23543221 0.69409375 0.68029812
vn 0.23543221 0.69409375 0.68029812
vn 0.41716040 0.86452100 0.28032239
vn 0.41716040 0.86452100 0.28032239
vn 0.41716040 0.86452100 0.28032239
vn -0.21250234 0.70780821 0.67368411
vn -0.21250234 0.70780821 0.67368411
vn -0.21250234 0.70780821 0.67368411
vn -0.46858326 0.58059976 0.66583305
vn -0.46858326 0.58059976 0.66583305
vn -0.46858326 0.58059976 0.66583305
vn 0.94013795 0.12366442 -0.31756535
vn 0.94013795 0.12366442 -0.31756535
vn 0.94013795 0.12366442 -0.31756535
vn -0.31678149 0.47594382 0.82044316
vn -0.31678149 0.47594382 0.82044316
vn -0.31678149 0.47594382 0.82044316
vn -0.23213527 0.56712090 0.79024496
vn -0.23213527 0.56712090 0.79024496
vn -0.23213527 0.56712090 0.79024496
vn 0.34503344 0.82921639 0.43971821
vn 0.34503344 0.82921639 0.43971821
vn 0.34503344 0.82921639 0.43971821
vn 0.47619927 0.83187871 0.28497731
vn 0.47619927 0.83187871 0.28497731
vn 0.47619927 0.83187871 0.28497731
vn 0.48865733 0.85822271 0.15705982
vn 0.48865733 0.85822271 0.15705982
vn 0.48865733 0.85822271 0.15705982
vn 0.01946673 0.87823902 0.47782556
vn 0.01946673 0.87823902 0.47782556
vn 0.01946673 0.87823902 0.47782556
vn -0.24558573 0.92377824 -0.29380507
vn -0.24558573 0.92377824 -0.29380507
vn -0.24558573 0.92377824 -0.29380507
vn -0.23801556 0.89570464 -0.37558193
vn -0.23801556 0.89570464 -0.37558193
vn -0.23801556 0.89570464 -0.37558193
vn -0.42457247 0.76599855 -0.48268461
vn -0.42457247 0.76599855 -0.48268461
vn -0.42457247 0.76599855 -0.48268461
vn -0.36253187 0.74058006 -0.56578425
vn -0.36253187 0.74058006 -0.56578425
vn -0.36253187 0.74058006 -0.56578425
vn -0.08791277 0.88414928 0.45885879
vn -0.08791277 0.88414928 0.45885879
vn -0.08791277 0.88414928 0.45885879
vn 0.93576629 0.29916307 -0.18666254
vn 0.93576629 0.29916307 -0.18666254
vn 0.93576629 0.29916307 -0.18666254
vn 0.96768891 -0.10368405 -0.22984295
vn 0.96768891 -0.10368405 -0.22984295
vn 0.96768891 -0.10368405 -0.22984295
vn 0.93112052 -0.22692373 -0.28551742
vn 0.93112052 -0.22692373 -0.28551742
vn 0.93112052 -0.22692373 -0.28551742
vn -0.45322318 0.72791627 0.51451593
vn -0.45322318 0.72791627 0.51451593
vn -0.45322318 0.72791627 0.51451593
vn 0.67529092 0.73747970 0.01028947
vn 0.67529092 0.73747970 0.01028947
vn 0.67529092 0.73747970 0.01028947
vn 0.14900644 0.95739191 0.24738190
vn 0.14900644 0.95739191 0.24738190
vn 0.14900644 0.95739191 0.24738190
vn 0.85906908 0.50563846 -0.07956173
vn 0.85906908 0.50563846 -0.07956173
vn 0.85906908 0.50563846 -0.07956173
vn -0.60203788 0.65363979 0.45859069
vn -0.60203788 0.65363979 0.45859069
vn -0.60203788 0.65363979 0.45859069
vn 0.62831478 0.74316098 0.23007022
vn 0.62831478 0.74316098 0.23007022
vn 0.62831478 0.74316098 0.23007022
vn 0.49462841 0.73164731 0.46907882
vn 0.49462841 0.73164731 0.46907882
vn 0.49462841 0.73164731 0.46907882
vn 0.99692072 0.02351795 -0.07480631
vn 0.99692072 0.02351795 -0.07480631
vn 0.99692072 0.02351795 -0.07480631
vn -0.48872416 0.79439370 0.36067622
vn -0.48872416 0.79439370 0.36067622
vn -0.48872416 0.79439370 0.36067622
vn 0.05329701 0.97542852 0.21377237
vn 0.05329701 0.97542852 0.21377237
vn 0.05329701 0.97542852 0.21377237
vn -0.05861809 0.97106031 0.23152924
vn -0.05861809 0.97106031 0.23152924
vn -0.05861809 0.97106031 0.23152924
vn -0.03305944 0.97898980 -0.20121144
vn -0.03305944 0.97898980 -0.20121144
vn -0.03305944 0.97898980 -0.20121144
vn 0.97304290 -0.21228862 0.09011692
vn 0.97304290 -0.21228862 0.09011692
vn 0.97304290 -0.21228862 0.09011692
vn 0.30830970 0.95028445 0.04364157
vn 0.30830970 0.95028445 0.04364157
vn 0.30830970 0.95028445 0.04364157
vn -0.59738560 0.78451705 0.16632328
vn -0.59738560 0.78451705 0.16632328
vn -0.59738560 0.78451705 0.16632328
vn -0.60484555 0.77961133 0.16238240
vn -0.60484555 0.77961133 0.16238240
vn -0.60484555 0.77961133 0.16238240
vn 0.97966807 -0.17562860 0.09697972
vn 0.97966807 -0.17562860 0.09697972
vn 0.97966807 -0.17562860 0.09697972
vn 0.58721758 0.80942582 0.00231387
vn 0.58721758 0.80942582 0.00231387
vn 0.58721758 0.80942582 0.00231387
vn 0.51835692 0.85516162 0.00216796
vn 0.51835692 0.85516162 0.00216796
vn 0.51835692 0.85516162 0.00216796
vn 0.97802244 0.20519130 0.03699517
vn 0.97802244 0.20519130 0.03699517
vn 0.97802244 0.20519130 0.03699517
vn 0.97699507 -0.08133826 0.19714135
vn 0.97699507 -0.08133826 0.19714135
vn 0.97699507 -0.08133826 0.19714135
vn 0.93051382 0.36410906 0.03960586
vn 0.93051382 0.36410906 0.03960586
vn 0.93051382 0.36410906 0.03960586
vn 0.71006820 0.70413010 -0.00198970
vn -0.21727974 0.97580819 -0.02424632
vn -0.21727974 0.97580819 -0.02424632
vn -0.21727974 0.97580819 -0.02424632
vn -0.43745521 0.89921956 -0.00609269
vn -0.43745521 0.89921956 -0.00609269
vn -0.43745521 0.89921956 -0.00609269
vn -0.68048261 0.72539750 -0.10364306
vn -0.68048261 0.72539750 -0.10364306
vn -0.68048261 0.72539750 -0.10364306
vn 0.97377401 -0.09161952 0.20825474
vn 0.97377401 -0.09161952 0.20825474
vn 0.97377401 -0.09161952 0.20825474
vn 0.89634440 0.41445534 0.15745949
vn 0.89634440 0.41445534 0.15745949
vn 0.89634440 0.41445534 0.15745949
vn 0.14479116 -0.98564357 0.08684622
vn 0.14479116 -0.98564357 0.08684622
vn 0.14479116 -0.98564357 0.08684622
vn -0.33866775 -0.93837345 0.06898861
vn -0.33866775 -0.93837345 0.06898861
vn -0.33866775 -0.93837345 0.06898861
vn -0.29986151 -0.95024115 0.08440867
vn -0.29986151 -0.95024115 0.08440867
vn -0.29986151 -0.95024115 0.08440867
vn -0.76414930 -0.49519178 0.41335331
vn -0.76414930 -0.49519178 0.41335331
vn -0.76414930 -0.49519178 0.41335331
vn 0.33622174 -0.92588454 0.17231588
vn 0.33622174 -0.92588454 0.17231588
vn 0.33622174 -0.92588454 0.17231588
vn 0.24228322 -0.95221582 0.18596738
vn 0.24228322 -0.95221582 0.18596738
vn 0.24228322 -0.95221582 0.18596738
vn -0.74368599 -0.28593877 0.60429312
vn -0.74368599 -0.28593877 0.60429312
vn -0.74368599 -0.28593877 0.60429312
vn 0.07089999 -0.96643190 0.24694652
vn 0.07089999 -0.96643190 0.24694652
vn 0.07089999 -0.96643190 0.24694652
vn -0.88482064 -0.42155888 -0.19844531
vn -0.88482064 -0.42155888 -0.19844531
vn -0.88482064 -0.42155888 -0.19844531
vn -0.63868747 -0.76934738 0.01352492
vn -0.63868747 -0.76934738 0.01352492
vn -0.63868747 -0.76934738 0.01352492
vn -0.17525373 -0.93760795 0.30029564
vn -0.17525373 -0.93760795 0.30029564
vn -0.17525373 -0.93760795 0.30029564
vn -0.70651097 -0.70031133 -0.10201127
vn -0.70651097 -0.70031133 -0.10201127
vn -0.70651097 -0.70031133 -0.10201127
vn 0.06957945 -0.94116910 0.33069537
vn 0.06957945 -0.94116910 0.33069537
vn 0.06957945 -0.94116910 0.33069537
vn -0.67753888 -0.73237978 -0.06753467
vn -0.67753888 -0.73237978 -0.06753467
vn -0.67753888 -0.73237978 -0.06753467
vn -0.81548218 -0.56176440 -0.13931825
vn -0.81548218 -0.56176440 -0.13931825
vn -0.81548218 -0.56176440 -0.13931825
vn -0.77133161 -0.55148473 0.31766670
vn -0.77133161 -0.55148473 0.31766670
vn -0.77133161 -0.55148473 0.31766670
vn -0.05959505 -0.94115863 0.33266931
vn -0.05959505 -0.94115863 0.33266931
vn -0.05959505 -0.94115863 0.33266931
vn 0.33377759 -0.78083821 0.52809488
vn 0.33377759 -0.78083821 0.52809488
vn 0.33377759 -0.78083821 0.52809488
vn -0.68664650 -0.72672697 -0.01960847
vn -0.68664650 -0.72672697 -0.01960847
vn -0.68664650 -0.72672697 -0.01960847
vn -0.63778423 0.22348421 -0.73707943
vn -0.63778423 0.22348421 -0.73707943
vn -0.63778423 0.22348421 -0.73707943
vn -0.93864914 -0.32178131 -0.12407488
vn -0.93864914 -0.32178131 -0.12407488
vn -0.93864914 -0.32178131 -0.12407488
vn -0.92648695 -0.35649108 -0.12056548
vn -0.92648695 -0.35649108 -0.12056548
vn -0.92648695 -0.35649108 -0.12056548
vn -0.70468291 -0.70951341 -0.00356514
vn -0.70492678 -0.70927339 -0.00308095
vn -0.70437059 -0.70982009 -0.00418453
vn -0.19978570 -0.86365915 0.46279428
vn -0.19978570 -0.86365915 0.46279428
vn -0.19978570 -0.86365915 0.46279428
vn -0.37515555 -0.61881184 -0.69016681
vn -0.37515555 -0.61881184 -0.69016681
vn -0.37515555 -0.61881184 -0.69016681
vn -0.32516884 -0.27795648 0.90388352
vn -0.32516884 -0.27795648 0.90388352
vn -0.32516884 -0.27795648 0.90388352
vn -0.51432044 -0.42981116 0.74211647
vn -0.51432044 -0.42981116 0.74211647
vn -0.51432044 -0.42981116 0.74211647
vn -0.18391385 -0.88317093 0.43149136
vn -0.18391385 -0.88317093 0.43149136
vn -0.18391385 -0.88317093 0.43149136
vn -0.52337873 0.13724792 -0.84097426
vn -0.52337873 0.13724792 -0.84097426
vn -0.52337873 0.13724792 -0.84097426
vn -0.65959662 -0.71949866 -0.21737978
vn -0.65959662 -0.71949866 -0.21737978
vn -0.65959662 -0.71949866 -0.21737978
vn -0.40910838 -0.84991880 0.33206681
vn -0.40910838 -0.84991880 0.33206681
vn -0.40910838 -0.84991880 0.33206681
vn -0.52222540 -0.57281508 -0.63179389
vn -0.52222540 -0.57281508 -0.63179389
vn -0.52222540 -0.57281508 -0.63179389
vn -0.06215960 -0.77532227 0.62849945
vn -0.06215960 -0.77532227 0.62849945
vn -0.06215960 -0.77532227 0.62849945
vn -0.36437308 -0.45192478 -0.81424582
vn -0.36437308 -0.45192478 -0.81424582
vn -0.36437308 -0.45192478 -0.81424582
vn -0.28358721 -0.32111064 -0.90358522
vn -0.28358721 -0.32111064 -0.90358522
vn -0.28358721 -0.32111064 -0.90358522
vn -0.66953896 -0.21984101 -0.70949807
vn -0.66953896 -0.21984101 -0.70949807
vn -0.66953896 -0.21984101 -0.70949807
vn -0.14162890 -0.78520348 0.60282397
vn -0.14162890 -0.78520348 0.60282397
vn -0.14162890 -0.78520348 0.60282397
vn -0.75347485 -0.38191496 -0.53517904
vn -0.75347485 -0.38191496 -0.53517904
vn -0.75347485 -0.38191496 -0.53517904
vn -0.75928504 -0.45320028 -0.46700721
vn -0.75928504 -0.45320028 -0.46700721
vn -0.75928504 -0.45320028 -0.46700721
vn -0.45832652 -0.76518151 0.45214386
vn -0.45832652 -0.76518151 0.45214386
vn -0.45832652 -0.76518151 0.45214386
vn -0.19721674 -0.74888286 0.63267687
vn -0.19721674 -0.74888286 0.63267687
vn -0.19721674 -0.74888286 0.63267687
vn -0.70529945 -0.70890564 -0.00234008
vn -0.70087469 -0.71273153 0.02807921
vn -0.70087469 -0.71273153 0.02807921
vn -0.70087469 -0.71273153 0.02807921
vn -0.20054270 0.13973673 -0.96966812
vn -0.20054270 0.13973673 -0.96966812
vn -0.20054270 0.13973673 -0.96966812
vn -0.45614142 -0.76388774 0.45652002
vn -0.45614142 -0.76388774 0.45652002
vn -0.45614142 -0.76388774 0.45652002
vn -0.32891097 -0.63209214 -0.70162461
vn -0.32891097 -0.63209214 -0.70162461
vn -0.32891097 -0.63209214 -0.70162461
vn 0.35696641 -0.31529628 -0.87929701
vn 0.35696641 -0.31529628 -0.87929701
vn 0.35696641 -0.31529628 -0.87929701
vn -0.52088696 -0.69817720 -0.49114699
vn -0.52088696 -0.69817720 -0.49114699
vn -0.52088696 -0.69817720 -0.49114699
vn -0.52531310 0.28511194 0.80172148
vn -0.52531310 0.28511194 0.80172148
vn -0.52531310 0.28511194 0.80172148
vn -0.08420958 -0.61089686 0.78721901
vn -0.08420958 -0.61089686 0.78721901
vn -0.08420958 -0.61089686 0.78721901
vn -0.20337876 -0.62742427 0.75164876
vn -0.20337876 -0.62742427 0.75164876
vn -0.20337876 -0.62742427 0.75164876
vn -0.46073514 -0.16141825 -0.87273551
vn -0.46073514 -0.16141825 -0.87273551
vn -0.46073514 -0.16141825 -0.87273551
vn -0.26218073 -0.56803854 0.78012402
vn -0.26218073 -0.56803854 0.78012402
vn -0.26218073 -0.56803854 0.78012402
vn -0.51518784 -0.77227071 -0.37172495
vn -0.51518784 -0.77227071 -0.37172495
vn -0.51518784 -0.77227071 -0.37172495
vn -0.71113095 -0.70242126 0.02995228
vn -0.71113095 -0.70242126 0.02995228
vn -0.71113095 -0.70242126 0.02995228
vn -0.50240860 -0.41052464 -0.76095671
vn -0.50240860 -0.41052464 -0.76095671
vn -0.50240860 -0.41052464 -0.76095671
vn -0.15622911 -0.78244636 -0.60280193
vn -0.15622911 -0.78244636 -0.60280193
vn -0.15622911 -0.78244636 -0.60280193
vn -0.57999888 -0.70672019 0.40515166
vn -0.57999888 -0.70672019 0.40515166
vn -0.57999888 -0.70672019 0.40515166
vn -0.55442518 -0.48996699 -0.67271470
vn -0.55442518 -0.48996699 -0.67271470
vn -0.55442518 -0.48996699 -0.67271470
vn -0.03922488 -0.68603517 -0.72651026
vn -0.03922488 -0.68603517 -0.72651026
vn -0.03922488 -0.68603517 -0.72651026
vn -0.53466115 -0.66499294 0.52146126
vn -0.53466115 -0.66499294 0.52146126
vn -0.53466115 -0.66499294 0.52146126
vn -0.68788536 -0.61479535 -0.38579840
vn -0.68788536 -0.61479535 -0.38579840
vn -0.68788536 -0.61479535 -0.38579840
vn -0.24709358 -0.53483401 0.80802064
vn -0.24709358 -0.53483401 0.80802064
vn -0.24709358 -0.53483401 0.80802064
vn -0.36786956 -0.54355243 0.75446852
vn -0.36786956 -0.54355243 0.75446852
vn -0.36786956 -0.54355243 0.75446852
vn -0.70247202 -0.67235266 -0.23339871
vn -0.70247202 -0.67235266 -0.23339871
vn -0.70247202 -0.67235266 -0.23339871
vn -0.71838944 0.21538290 0.66145810
vn -0.71838944 0.21538290 0.66145810
vn -0.71838944 0.21538290 0.66145810
vn -0.45411588 -0.48170251 0.74949414
vn -0.45411588 -0.48170251 0.74949414
vn -0.45411588 -0.48170251 0.74949414
vn -0.81630781 0.05361344 0.57512361
vn -0.81630781 0.05361344 0.57512361
vn -0.81630781 0.05361344 0.57512361
vn -0.14665275 0.05806087 0.98748261
vn -0.14665275 0.05806087 0.98748261
vn -0.14665275 0.05806087 0.98748261
vn -0.84936614 -0.24442952 0.46779415
vn -0.84936614 -0.24442952 0.46779415
vn -0.84936614 -0.24442952 0.46779415
vn -0.29302470 0.08663921 0.95217129
vn -0.29302470 0.08663921 0.95217129
vn -0.29302470 0.08663921 0.95217129
vn -0.83315826 -0.49676810 0.24304066
vn -0.83315826 -0.49676810 0.24304066
vn -0.83315826 -0.49676810 0.24304066
vn -0.87584154 0.05583222 0.47935827
vn -0.87584154 0.05583222 0.47935827
vn -0.87584154 0.05583222 0.47935827
vn -0.69214311 -0.72140926 -0.02250772
vn -0.69214311 -0.72140926 -0.02250772
vn -0.69214311 -0.72140926 -0.02250772
vn -0.81589299 0.46852511 -0.33882570
vn -0.81589299 0.46852511 -0.33882570
vn -0.81589299 0.46852511 -0.33882570
vn -0.93015253 0.22400110 -0.29092915
vn -0.93015253 0.22400110 -0.29092915
vn -0.93015253 0.22400110 -0.29092915
vn -0.29293209 -0.86607913 -0.40508978
vn -0.29293209 -0.86607913 -0.40508978
vn -0.29293209 -0.86607913 -0.40508978
vn -0.75546719 0.35341208 -0.55169668
vn -0.75546719 0.35341208 -0.55169668
vn -0.75546719 0.35341208 -0.55169668
vn -0.89048303 -0.03191908 -0.45389553
vn -0.89048303 -0.03191908 -0.45389553
vn -0.89048303 -0.03191908 -0.45389553
vn -0.88133176 0.05807387 -0.46891551
vn -0.88133176 0.05807387 -0.46891551
vn -0.88133176 0.05807387 -0.46891551
vn -0.13465909 -0.84315538 -0.52053428
vn -0.13465909 -0.84315538 -0.52053428
vn -0.13465909 -0.84315538 -0.52053428
vn -0.74167994 0.50377836 0.44285237
vn -0.74167994 0.50377836 0.44285237
vn -0.74167994 0.50377836 0.44285237
vn -0.83595476 -0.53315189 0.13011035
vn -0.83595476 -0.53315189 0.13011035
vn -0.83595476 -0.53315189 0.13011035
vn -0.80068888 -0.58862606 0.11143014
vn -0.80068888 -0.58862606 0.11143014
vn -0.80068888 -0.58862606 0.11143014
vn -0.40800325 -0.87217375 -0.26990053
vn -0.40800325 -0.87217375 -0.26990053
vn -0.40800325 -0.87217375 -0.26990053
vn -0.93022825 -0.26123946 0.25773892
vn -0.93022825 -0.26123946 0.25773892
vn -0.93022825 -0.26123946 0.25773892
vn -0.06928138 -0.90515694 -0.41939362
vn -0.06928138 -0.90515694 -0.41939362
vn -0.06928138 -0.90515694 -0.41939362
vn 0.18454071 -0.80208498 -0.56798275
vn 0.18454071 -0.80208498 -0.56798275
vn 0.18454071 -0.80208498 -0.56798275
vn -0.54409963 -0.16275493 0.82308348
vn -0.54409963 -0.16275493 0.82308348
vn -0.54409963 -0.16275493 0.82308348
vn -0.93445171 0.23659351 0.26612687
vn -0.93445171 0.23659351 0.26612687
vn -0.93445171 0.23659351 0.26612687
vn -0.62011547 -0.01488630 0.78436930
vn -0.62011547 -0.01488630 0.78436930
vn -0.62011547 -0.01488630 0.78436930
vn -0.02648137 -0.90709365 -0.42009505
vn -0.02648137 -0.90709365 -0.42009505
vn -0.02648137 -0.90709365 -0.42009505
vn -0.52278318 -0.84019111 -0.14414105
vn -0.52278318 -0.84019111 -0.14414105
vn -0.52278318 -0.84019111 -0.14414105
vn -0.15206432 -0.95977066 -0.23604391
vn -0.15206432 -0.95977066 -0.23604391
vn -0.15206432 -0.95977066 -0.23604391
vn -0.96803141 0.24500433 -0.05374067
vn -0.96803141 0.24500433 -0.05374067
vn -0.96803141 0.24500433 -0.05374067
vn -0.96700852 0.07642088 0.24301107
vn -0.96700852 0.07642088 0.24301107
vn -0.96700852 0.07642088 0.24301107
vn -0.86741678 0.46524671 0.17644725
vn -0.86741678 0.46524671 0.17644725
vn -0.86741678 0.46524671 0.17644725
vn -0.01335244 -0.93448470 -0.35575281
vn -0.01335244 -0.93448470 -0.35575281
vn -0.01335244 -0.93448470 -0.35575281
vn -0.96216614 0.12375838 -0.24273482
vn -0.96216614 0.12375838 -0.24273482
vn -0.96216614 0.12375838 -0.24273482
vn 0.14116548 -0.92845366 -0.34357838
vn 0.14116548 -0.92845366 -0.34357838
vn 0.14116548 -0.92845366 -0.34357838
vn -0.83672715 -0.08194500 -0.54145424
vn -0.83672715 -0.08194500 -0.54145424
vn -0.83672715 -0.08194500 -0.54145424
vn 0.07973062 -0.96522999 -0.24894597
vn 0.07973062 -0.96522999 -0.24894597
vn 0.07973062 -0.96522999 -0.24894597
vn -0.84636254 -0.26288455 -0.46320856
vn -0.84636254 -0.26288455 -0.46320856
vn -0.84636254 -0.26288455 -0.46320856
vn -0.43291310 -0.90043316 -0.04250145
vn -0.43291310 -0.90043316 -0.04250145
vn -0.43291310 -0.90043316 -0.04250145
vn -0.83131597 -0.55476771 0.03386065
vn -0.83131597 -0.55476771 0.03386065
vn -0.83131597 -0.55476771 0.03386065
vn -0.60640172 -0.44081636 0.66178387
vn -0.60640172 -0.44081636 0.66178387
vn -0.60640172 -0.44081636 0.66178387
vn 0.14244167 -0.97443212 -0.17375966
vn 0.14244167 -0.97443212 -0.17375966
vn 0.14244167 -0.97443212 -0.17375966
vn -0.94394448 -0.32682085 0.04644304
vn -0.94394448 -0.32682085 0.04644304
vn -0.94394448 -0.32682085 0.04644304
vn -0.69918004 -0.54249369 0.46566927
vn -0.69918004 -0.54249369 0.46566927
vn -0.69918004 -0.54249369 0.46566927
vn -0.98771321 0.15569163 -0.01351782
vn -0.98771321 0.15569163 -0.01351782
vn -0.98771321 0.15569163 -0.01351782
vn -0.32521980 -0.94185285 -0.08452984
vn -0.32521980 -0.94185285 -0.08452984
vn -0.32521980 -0.94185285 -0.08452984
vn -0.69260686 -0.72119525 -0.01315858
vn -0.69260686 -0.72119525 -0.01315858
vn -0.69260686 -0.72119525 -0.01315858
vn 0.17156953 -0.98117783 -0.08862262
vn 0.17156953 -0.98117783 -0.08862262
vn 0.17156953 -0.98117783 -0.08862262
vn 0.27522113 -0.95252786 -0.13016916
vn 0.27522113 -0.95252786 -0.13016916
vn 0.27522113 -0.95252786 -0.13016916
vn -0.99046256 -0.13777443 -0.00145958
vn -0.99046256 -0.13777443 -0.00145958
vn -0.99046256 -0.13777443 -0.00145958
vn -0.67734924 -0.16486652 0.71694982
vn -0.67734924 -0.16486652 0.71694982
vn -0.67734924 -0.16486652 0.71694982
vn 0.08132892 -0.99668732 0.00000000
vn 0.08132892 -0.99668732 0.00000000
vn 0.08132892 -0.99668732 0.00000000
vn -0.70639019 -0.70782262 -0.00018794
vn -0.70639019 -0.70782262 -0.00018794
vn -0.70639019 -0.70782262 -0.00018794
vn -0.71045003 -0.67132607 0.21114463
vn -0.71045003 -0.67132607 0.21114463
vn -0.71045003 -0.67132607 0.21114463
vn -0.67425174 0.57056733 -0.46886834
vn -0.67425174 0.57056733 -0.46886834
vn -0.67425174 0.57056733 -0.46886834
vn -0.68308610 -0.73009403 0.01887003
vn -0.68308610 -0.73009403 0.01887003
vn -0.68308610 -0.73009403 0.01887003
f 1//1 2//2 3//3
f 4//4 5//5 6//6
f 7//7 8//8 9//9
f 10//10 11//11 12//12
f 13//13 14//14 15//15
f 16//16 17//17 18//18
f 19//19 20//20 21//21
f 22//22 23//23 24//24
f 25//25 26//26 27//27
f 28//28 29//29 30//30
f 31//31 32//32 33//33
f 34//34 35//35 36//36
f 37//37 38//38 39//39
f 40//40 41//41 42//42
f 43//43 44//44 45//45
f 46//46 47//47 48//48
f 49//49 50//50 51//51
f 52//52 53//53 54//54
f 55//55 56//56 57//57
f 58//58 59//59 60//60
f 61//61 62//62 63//63
f 40//40 64//64 41//41
f 65//65 66//66 67//67
f 68//68 69//69 70//70
f 71//71 72//72 73//73
f 74//74 75//75 76//76
f 77//77 78//78 79//79
f 80//80 81//81 82//82
f 83//83 84//84 85//85
f 86//86 87//87 88//88
f 89//89 90//90 91//91
f 92//92 93//93 94//94
f 95//95 96//96 97//97
f 98//98 99//99 100//100
f 101//101 102//102 103//103
f 104//104 105//105 106//106
f 107//107 108//108 109//109
f 110//110 111//111 112//112
f 113//113 114//114 115//115
f 116//116 117//117 118//118
f 119//119 120//120 121//121
f 122//122 123//123 124//124
f 125//125 126//126 127//127
f 128//128 129//129 130//130
f 131//131 132//132 133//133
f 134//134 135//135 136//136
f 137//137 138//138 139//139
f 140//140 141//141 142//142
f 143//143 144//144 145//145
f 146//146 147//147 148//148
f 149//149 150//150 151//151
f 152//152 153//153 154//154
f 155//155 156//156 157//157
f 158//158 159//159 160//160
f 161//161 162//162 163//163
f 164//164 165//165 166//166
f 167//167 168//168 169//169
f 170//170 171//171 172//172
f 173//173 174//174 175//175
f 176//176 177//177 178//178
f 179//179 180//180 181//181
f 182//182 183//183 184//184
f 185//185 186//186 187//187
f 188//188 189//189 190//190
f 191//191 192//192 193//193
f 194//194 195//195 196//196
f 197//197 198//198 199//199
f 200//200 201//201 202//202
f 203//203 204//204 205//205
f 206//206 207//207 208//208
f 209//209 210//210 211//211
f 212//212 213//213 214//214
f 215//215 216//216 217//217
f 218//218 219//219 220//220
f 221//221 222//222 223//223
f 224//224 225//225 226//226
f 227//227 228//228 229//229
f 230//230 231//231 232//232
f 233//233 234//234 235//235
f 236//236 237//237 238//238
f 239//239 240//240 241//241
f 242//242 243//243 244//244
f 245//245 246//246 247//247
f 248//248 249//249 250//250
f 251//251 252//252 253//253
f 254//254 255//255 256//256
f 257//257 258//258 259//259
f 260//260 261//261 262//262
f 263//263 264//264 265//265
f 266//266 267//267 268//268
f 269//269 270//270 271//271
f 272//272 273//273 274//274
f 275//275 276//276 277//277
f 278//278 279//279 280//280
f 281//281 282//282 283//283
f 284//284 285//285 286//286
f 287//287 288//288 289//289
f 290//290 291//291 292//292
f 293//293 294//294 295//295
f 296//296 297//297 298//298
f 299//299 300//300 301//301
f 302//302 303//303 304//304
f 305//305 306//306 307//307
f 308//308 309//309 310//310
f 311//311 312//312 313//313
f 314//314 315//315 316//316
f 317//317 318//318 319//319
f 320//320 321//321 322//322
f 323//323 324//324 325//325
f 326//326 327//327 328//328
f 329//329 330//330 331//331
f 332//332 333//333 334//334
f 335//335 336//336 337//337
f 338//338 339//339 340//340
f 341//341 342//342 343//343
f 344//344 345//345 346//346
f 347//347 348//348 349//349
f 350//350 351//351 352//352
f 353//353 354//354 355//355
f 356//356 357//357 358//358
f 359//359 360//360 361//361
f 362//362 363//363 364//364
f 365//365 366//366 367//367
f 368//368 369//369 370//370
f 371//371 372//372 373//373
f 374//374 375//375 376//376
f 377//377 378//378 379//379
f 380//380 381//381 382//382
f 383//383 384//384 385//385
f 386//386 387//387 388//388
f 389//389 390//390 391//391
f 392//392 393//393 394//394
f 395//395 396//396 397//397
f 398//398 399//399 400//400
f 401//401 402//402 403//403
f 404//404 405//405 406//406
f 407//407 408//408 409//409
f 410//410 411//411 412//412
f 413//413 414//414 415//415
f 416//416 417//417 418//418
f 380//380 419//419 381//381
f 420//420 421//421 422//422
f 423//423 424//424 425//425
f 426//426 427//427 428//428
f 429//429 430//430 431//431
f 432//432 433//433 434//434
f 435//435 436//436 437//437
f 438//438 439//439 440//440
f 441//441 417//417 416//416
f 442//442 443//443 444//444
f 445//445 446//446 447//447
f 448//448 449//449 450//450
f 451//451 452//452 453//453
f 454//454 455//455 456//456
f 457//457 458//458 459//459
f 460//460 461//461 462//462
f 463//463 464//464 465//465
f 466//466 467//467 468//468
f 469//469 470//470 471//471
f 472//472 473//473 474//474
f 475//475 476//476 477//477
f 478//478 479//479 480//480
f 481//481 482//482 483//483
f 484//484 485//485 486//486
f 487//487 488//488 489//489
f 490//490 491//491 492//492
f 493//493 494//494 495//495
f 496//496 497//497 498//498
f 499//499 500//500 501//501
f 502//502 503//503 504//504
f 505//505 506//506 507//507
f 508//508 509//509 510//510
f 511//511 512//512 513//513
f 514//514 515//515 516//516
f 517//517 518//518 519//519
f 520//520 521//521 522//522
f 523//523 524//524 525//525
f 526//526 527//527 528//528
f 529//529 530//530 531//531
f 532//532 533//533 534//534
f 535//535 536//536 537//537
f 538//538 539//539 540//540
f 541//541 542//542 543//543
f 544//544 545//545 546//546
f 547//547 548//548 549//549
f 550//550 551//551 552//552
f 553//553 554//554 555//555
f 556//556 557//557 558//558
f 559//559 560//560 561//561
f 562//562 563//563 564//564
f 565//565 566//566 567//567
f 568//568 569//569 570//570
f 571//571 572//572 573//573
f 574//574 575//575 576//576
f 577//577 578//578 579//579
f 580//580 581//581 582//582
f 583//583 584//584 585//585
f 586//586 587//587 588//588
f 589//589 590//590 591//591
f 592//592 593//593 594//594
f 595//595 596//596 597//597
f 598//598 599//599 600//600
f 601//601 602//602 603//603
f 604//604 605//605 606//606
f 607//607 608//608 609//609
f 610//610 611//611 612//612
f 613//613 614//614 615//615
f 616//616 617//617 618//618
f 619//619 620//620 621//621
f 622//622 623//623 624//624
f 625//625 626//626 627//627
f 628//628 629//629 630//630
f 631//631 632//632 633//633
f 634//634 635//635 636//636
f 637//637 638//638 639//639
f 640//640 641//641 642//642
f 643//643 644//644 645//645
f 646//646 647//647 648//648
f 649//649 650//650 651//651
f 652//652 653//653 654//654
f 655//655 656//656 657//657
f 658//658 659//659 660//660
f 661//661 662//662 663//663
f 664//664 665//665 666//666
f 667//667 668//668 669//669
f 670//670 671//671 672//672
f 673//673 674//674 675//675
f 676//676 677//677 678//678
f 679//679 680//680 681//681
f 682//682 683//683 684//684
f 685//685 686//686 687//687
f 688//688 689//689 690//690
f 691//691 692//692 693//693
f 694//694 695//695 696//696
f 697//697 698//698 699//699
f 700//700 701//701 702//702
f 703//703 704//704 705//705
f 706//706 707//707 708//708
f 709//709 710//710 711//711
f 712//712 713//713 714//714
f 715//715 716//716 717//717
f 718//718 719//719 720//720
f 721//721 722//722 723//723
f 724//724 725//725 726//726
f 727//727 728//728 729//729
f 730//730 731//731 732//732
f 733//733 734//734 735//735
f 736//736 737//737 738//738
f 739//739 740//740 741//741
f 742//742 743//743 744//744
f 745//745 746//746 747//747
f 748//748 749//749 750//750
f 751//751 752//752 753//753
f 754//754 755//755 756//756
f 757//757 758//758 759//759
f 760//760 761//761 762//762
f 763//763 764//764 765//765
f 766//766 767//767 768//768
f 769//769 770//770 771//771
f 772//772 773//773 774//774
f 775//775 776//776 777//777
f 778//778 779//779 780//780
f 781//781 782//782 783//783
f 784//784 785//785 786//786
f 787//787 788//788 789//789
f 790//790 791//791 792//792
f 793//793 794//794 795//795
f 796//796 797//797 798//798
f 799//799 800//800 801//801
f 802//802 803//803 804//804
f 805//805 806//806 807//807
f 808//808 809//809 810//810
f 811//811 812//812 813//813
f 814//814 815//815 816//816
f 817//817 818//818 819//819
f 820//820 821//821 822//822
f 823//823 824//824 825//825
f 826//826 827//827 828//828
f 829//829 830//830 831//831
f 832//832 833//833 834//834
f 835//835 836//836 837//837
f 838//838 839//839 840//840
f 841//841 842//842 843//843
f 844//844 845//845 846//846
f 847//847 848//848 849//849
f 850//850 851//851 852//852
f 853//853 854//854 855//855
f 856//856 857//857 858//858
f 859//859 860//860 861//861
f 862//862 863//863 864//864
f 865//865 866//866 867//867
f 868//868 869//869 870//870
f 871//871 872//872 873//873
f 874//874 875//875 876//876
f 877//877 878//878 879//879
f 880//880 881//881 882//882
f 883//883 884//884 885//885
f 886//886 887//887 888//888
f 889//889 890//890 891//891
f 892//892 893//893 894//894
f 895//895 896//896 897//897
f 898//898 899//899 900//900
f 901//901 902//902 903//903
f 904//904 905//905 906//906
f 907//907 908//908 909//909
f 910//910 911//911 912//912
f 913//913 914//914 915//915
f 916//916 917//917 918//918
f 919//919 920//920 921//921
f 922//922 923//923 924//924
f 925//925 926//926 927//927
f 928//928 929//929 930//930
f 931//931 932//932 933//933
f 934//934 935//935 936//936
f 937//937 938//938 939//939
f 940//940 941//941 942//942
f 943//943 944//944 945//945
f 946//946 947//947 948//948
f 949//949 950//950 951//951
f 952//952 953//953 954//954
f 955//955 956//956 957//957
f 958//958 959//959 960//960
f 961//961 962//962 963//963
f 964//964 965//965 966//966
f 967//967 968//968 969//969
f 970//970 971//971 972//972
f 973//973 974//974 975//975
f 976//976 977//977 978//978
f 979//979 980//980 981//981
f 982//982 983//983 984//984
f 985//985 986//986 987//987
f 988//988 989//989 990//990
f 991//991 992//992 993//993
f 994//994 995//995 996//996
f 997//997 998//998 999//999
f 1000//1000 1001//1001 1002//1002
f 1003//1003 1004//1004 1005//1005
f 1006//1006 1007//1007 1008//1008
f 1009//1009 1010//1010 1011//1011
f 1012//1012 1013//1013 1014//1014
f 1015//1015 1016//1016 1017//1017
f 1018//1018 1019//1019 1020//1020
f 1021//1021 1022//1022 1023//1023
f 1024//1024 1025//1025 1026//1026
f 1027//1027 1028//1028 1029//1029
f 1030//1030 1031//1031 1032//1032
f 1033//1033 1034//1034 1035//1035
f 1036//1036 1037//1037 1038//1038
f 1039//1039 1040//1040 1041//1041
f 1042//1042 1043//1043 1044//1044
f 1045//1045 1046//1046 1047//1047
f 1048//1048 1049//1049 1050//1050
f 1051//1051 1052//1052 1053//1053
f 1054//1054 1055//1055 1056//1056
f 1057//1057 1058//1058 1059//1059
f 1060//1060 1061//1061 1062//1062
f 1063//1063 1064//1064 1065//1065
f 1066//1066 1067//1067 1068//1068
f 1069//1069 1070//1070 1071//1071
f 1072//1072 1073//1073 1074//1074
f 784//784 786//786 1075//1075
f 1076//1076 1077//1077 1078//1078
f 1079//1079 1080//1080 1081//1081
f 1082//1082 1083//1083 1084//1084
f 1085//1085 1086//1086 1087//1087
f 1088//1088 1089//1089 1090//1090
f 1091//1091 1092//1092 1093//1093
f 1094//1094 1095//1095 1096//1096
f 1097//1097 1098//1098 1099//1099
f 1100//1100 1101//1101 1102//1102
f 1103//1103 1104//1104 1105//1105
f 1106//1106 1107//1107 1108//1108
f 1109//1109 1110//1110 1111//1111
f 1112//1112 1113//1113 1114//1114
f 1115//1115 1116//1116 1117//1117
f 1118//1118 1119//1119 1120//1120
f 1121//1121 1122//1122 1123//1123
f 1124//1124 1125//1125 1126//1126
f 1127//1127 1128//1128 1129//1129
f 1130//1130 1131//1131 1132//1132
f 1133//1133 1134//1134 1135//1135
f 1136//1136 1137//1137 1138//1138
f 1139//1139 1140//1140 1141//1141
f 1142//1142 1143//1143 1144//1144
f 1145//1145 1146//1146 1147//1147
f 1148//1148 1149//1149 1150//1150
f 1151//1151 1152//1152 1153//1153
f 1154//1154 1155//1155 1156//1156
f 1157//1157 1158//1158 1159//1159
f 1160//1160 1161//1161 1162//1162
f 1163//1163 1164//1164 1165//1165
f 1166//1166 1167//1167 1168//1168
f 1169//1169 1170//1170 1171//1171
f 1172//1172 1173//1173 1174//1174
f 1175//1175 1176//1176 1177//1177
f 1178//1178 1179//1179 1180//1180
f 1181//1181 1182//1182 1183//1183
f 1184//1184 1185//1185 1186//1186
f 1187//1187 1188//1188 1189//1189
f 1190//1190 1191//1191 1192//1192
f 1193//1193 1194//1194 1195//1195
f 1196//1196 1197//1197 1198//1198
f 1199//1199 1200//1200 1201//1201
f 1202//1202 1203//1203 1204//1204
f 1205//1205 1206//1206 1207//1207
f 1208//1208 1209//1209 1210//1210
f 1211//1211 1212//1212 1213//1213
f 1157//1157 1214//1214 1158//1158
f 1215//1215 1216//1216 1217//1217
f 1218//1218 1219//1219 1220//1220
f 1221//1221 1222//1222 1223//1223
f 1224//1224 1225//1225 1226//1226
f 1227//1227 1228//1228 1229//1229
f 1230//1230 1231//1231 1232//1232
f 1233//1233 1234//1234 1235//1235
f 1236//1236 1237//1237 1238//1238
f 1239//1239 1240//1240 1241//1241
f 1242//1242 1243//1243 1244//1244
f 1245//1245 1246//1246 1247//1247
f 1248//1248 1249//1249 1250//1250
f 1251//1251 1252//1252 1253//1253
f 1254//1254 1255//1255 1256//1256
f 1257//1257 1258//1258 1259//1259
f 1260//1260 1261//1261 1262//1262
f 1263//1263 1264//1264 1265//1265
f 1266//1266 1267//1267 1268//1268
f 1269//1269 1270//1270 1271//1271
f 1272//1272 1273//1273 1274//1274
f 1275//1275 1276//1276 1277//1277
f 1278//1278 1279//1279 1280//1280
f 1281//1281 1282//1282 1283//1283
f 1284//1284 1285//1285 1286//1286
f 1287//1287 1288//1288 1289//1289
f 1290//1290 1291//1291 1292//1292
f 1293//1293 1294//1294 1295//1295
f 1296//1296 1297//1297 1298//1298
f 1299//1299 1300//1300 1301//1301
f 1302//1302 1303//1303 1304//1304
f 1305//1305 1306//1306 1307//1307
f 1308//1308 1309//1309 1310//1310
f 1311//1311 1312//1312 1313//1313
f 1314//1314 1315//1315 1316//1316
f 1317//1317 1318//1318 1319//1319
f 1320//1320 1321//1321 1322//1322
f 1323//1323 1324//1324 1325//1325
f 1326//1326 1327//1327 1328//1328
f 1329//1329 1330//1330 1331//1331
f 1332//1332 1333//1333 1334//1334
f 1335//1335 1336//1336 1337//1337
f 1338//1338 1339//1339 1340//1340
f 1341//1341 1342//1342 1343//1343
f 1344//1344 1345//1345 1346//1346
f 1347//1347 1348//1348 1349//1349
f 1350//1350 1351//1351 1352//1352
f 1353//1353 1354//1354 1355//1355
f 1356//1356 1357//1357 1358//1358
f 1359//1359 1360//1360 1361//1361
f 1362//1362 1363//1363 1364//1364
f 1365//1365 1366//1366 1367//1367
f 1368//1368 1369//1369 1370//1370
f 1371//1371 1372//1372 1373//1373
f 1374//1374 1375//1375 1376//1376
f 1377//1377 1378//1378 1379//1379
f 1380//1380 1381//1381 1382//1382
f 1383//1383 1384//1384 1385//1385
f 1386//1386 1387//1387 1388//1388
f 1389//1389 1390//1390 1391//1391
f 1392//1392 1393//1393 1394//1394
f 1395//1395 1396//1396 1397//1397
f 1398//1398 1399//1399 1400//1400
f 1401//1401 1402//1402 1403//1403
f 1404//1404 1405//1405 1406//1406
f 1407//1407 1408//1408 1409//1409
f 1410//1410 1411//1411 1412//1412
f 1413//1413 1414//1414 1415//1415
f 1416//1416 1417//1417 1418//1418
f 1419//1419 1420//1420 1421//1421
f 1422//1422 1423//1423 1424//1424
f 1425//1425 1426//1426 1427//1427
f 1428//1428 1429//1429 1430//1430
f 1431//1431 1432//1432 1433//1433
f 1434//1434 1435//1435 1436//1436
f 1437//1437 1438//1438 1439//1439
f 1440//1440 1441//1441 1442//1442
f 1443//1443 1444//1444 1445//1445
f 1446//1446 1447//1447 1448//1448
f 1449//1449 1450//1450 1451//1451
