# https://github.com/mikedh/trimesh
v -0.02769595 0.05633322 0.07081019
v -0.02883160 0.05731926 0.07083314
v -0.02881664 0.05716435 0.07068699
v -0.03475433 0.05517665 0.07077193
v -0.03807109 0.05696801 0.07080495
v -0.03995043 0.05226455 0.07078325
v -0.05418318 0.03429506 0.07082992
v -0.05531334 0.03520880 0.07081294
v -0.05928653 0.03622649 0.07080352
v -0.05849903 0.02916328 0.07082605
v -0.05928653 0.03622649 0.07080352
v -0.06292104 0.02751902 0.07081401
v -0.05935484 0.02848098 0.07081151
v -0.05849903 0.02916328 0.07082605
v -0.06292104 0.02751902 0.07081401
v -0.05418318 0.03429506 0.07082992
v -0.03475433 0.05517665 0.07077193
v -0.03062194 0.06025961 0.07081156
v -0.03807109 0.05696801 0.07080495
v -0.05732768 0.02892003 0.07077890
v -0.05418318 0.03429506 0.07082992
v -0.05849903 0.02916328 0.07082605
v -0.05237329 0.04105422 0.07081097
v -0.04943144 0.04437682 0.07076412
v -0.05517929 0.04251704 0.07080924
v -0.04943144 0.04437682 0.07076412
v -0.04845362 0.04968444 0.07081967
v -0.05517929 0.04251704 0.07080924
v -0.06156617 0.02137742 0.07080453
v -0.05935484 0.02848098 0.07081151
v -0.02964586 0.05735276 0.07082033
v -0.03062194 0.06025961 0.07081156
v -0.03475433 0.05517665 0.07077193
v -0.05237329 0.04105422 0.07081097
v -0.05517929 0.04251704 0.07080924
v -0.04710501 0.04660258 0.07073974
v -0.04845362 0.04968444 0.07081967
v -0.04943144 0.04437682 0.07076412
v -0.06531828 0.01758925 0.07081174
v -0.02883160 0.05731926 0.07083314
v -0.03062194 0.06025961 0.07081156
v -0.02964586 0.05735276 0.07082033
v -0.04630339 0.04672686 0.07077574
v -0.04845362 0.04968444 0.07081967
v -0.04710501 0.04660258 0.07073974
v -0.02883160 0.05731926 0.07083314
v -0.02637511 0.06079314 0.07080310
v -0.03062194 0.06025961 0.07081156
v -0.05549436 0.03641495 0.07081377
v -0.06225574 0.01668314 0.07081705
v -0.02769595 0.05633322 0.07081019
v -0.02637511 0.06079314 0.07080310
v -0.02883160 0.05731926 0.07083314
v -0.05531334 0.03520880 0.07081294
v -0.06137061 0.01563564 0.07079309
v -0.06225574 0.01668314 0.07081705
v -0.06531828 0.01758925 0.07081174
v -0.02769595 0.05633322 0.07081019
v -0.02332288 0.06039200 0.07079708
v -0.02637511 0.06079314 0.07080310
v -0.03995043 0.05226455 0.07078325
v -0.04334259 0.05386535 0.07079225
v -0.04056501 0.05165938 0.07082092
v -0.02123850 0.05736098 0.07085984
v -0.02332288 0.06039200 0.07079708
v -0.02769595 0.05633322 0.07081019
v -0.06034773 0.00983314 0.07088708
v -0.06049466 0.01511071 0.07086086
v -0.06137061 0.01563564 0.07079309
v -0.06034773 0.00983314 0.07088708
v -0.06137061 0.01563564 0.07079309
v -0.06531828 0.01758925 0.07081174
v -0.06034773 0.00983314 0.07088708
v -0.06531828 0.01758925 0.07081174
v -0.06499880 0.01317671 0.07081508
v -0.01575821 0.05724696 0.07092332
v -0.03995043 0.05226455 0.07078325
v -0.03807109 0.05696801 0.07080495
v -0.04334259 0.05386535 0.07079225
v -0.04570204 0.04653410 0.07081258
v -0.04845362 0.04968444 0.07081967
v -0.04630339 0.04672686 0.07077574
v -0.05979216 0.00302589 0.07079988
v -0.06034773 0.00983314 0.07088708
v -0.06499880 0.01317671 0.07081508
v -0.04570204 0.04653410 0.07081258
v -0.04845362 0.04968444 0.07081967
v -0.04570204 0.04653410 0.07081258
v -0.04056501 0.05165938 0.07082092
v -0.04334259 0.05386535 0.07079225
v -0.04570204 0.04653410 0.07081258
v -0.04024308 0.05002425 0.07079577
v -0.04053121 0.05056093 0.07074069
v -0.04570204 0.04653410 0.07081258
v -0.04053121 0.05056093 0.07074069
v -0.04056501 0.05165938 0.07082092
v -0.06374645 0.00934855 0.07066154
v -0.06488484 0.01102404 0.07040119
v -0.05491381 -0.00647428 0.07036763
v -0.06374645 0.00934855 0.07066154
v -0.05491381 -0.00647428 0.07036763
v -0.05636483 -0.00331583 0.07071214
v -0.05979216 0.00302589 0.07079988
v -0.05636483 -0.00331583 0.07071214
v -0.05751878 -0.00003966 0.07100611
v -0.05979216 0.00302589 0.07079988
v -0.06374645 0.00934855 0.07066154
v -0.05636483 -0.00331583 0.07071214
v -0.06499880 0.01317671 0.07081508
v -0.06571799 0.01681993 0.07055854
v -0.06574910 0.01469449 0.07040041
v -0.06531828 0.01758925 0.07081174
v -0.06571799 0.01681993 0.07055854
v -0.06499880 0.01317671 0.07081508
v -0.06499880 0.01317671 0.07081508
v -0.06574910 0.01469449 0.07040041
v -0.06488484 0.01102404 0.07040119
v -0.06374645 0.00934855 0.07066154
v -0.06499880 0.01317671 0.07081508
v -0.06488484 0.01102404 0.07040119
v -0.06499880 0.01317671 0.07081508
v -0.06374645 0.00934855 0.07066154
v -0.05979216 0.00302589 0.07079988
v -0.06292104 0.02751902 0.07081401
v -0.05928653 0.03622649 0.07080352
v -0.06216627 0.03092567 0.07056367
v -0.05517929 0.04251704 0.07080924
v -0.05420202 0.04434464 0.07054799
v -0.05682355 0.04099068 0.07047617
v -0.04808276 0.05064986 0.07052278
v -0.04334259 0.05386535 0.07079225
v -0.04390311 0.05399546 0.07041180
v -0.04845362 0.04968444 0.07081967
v -0.04334259 0.05386535 0.07079225
v -0.04808276 0.05064986 0.07052278
v -0.05928653 0.03622649 0.07080352
v -0.05682355 0.04099068 0.07047617
v -0.05999684 0.03586045 0.07038873
v -0.05928653 0.03622649 0.07080352
v -0.05517929 0.04251704 0.07080924
v -0.05682355 0.04099068 0.07047617
v -0.06499558 0.02125898 0.07063323
v -0.06292104 0.02751902 0.07081401
v -0.06398487 0.02573041 0.07052540
v -0.06531828 0.01758925 0.07081174
v -0.06499558 0.02125898 0.07063323
v -0.06571799 0.01681993 0.07055854
v -0.06292104 0.02751902 0.07081401
v -0.06216627 0.03092567 0.07056367
v -0.06398487 0.02573041 0.07052540
v -0.06499558 0.02125898 0.07063323
v -0.06531828 0.01758925 0.07081174
v -0.06292104 0.02751902 0.07081401
v -0.05136913 0.04751340 0.07057476
v -0.05517929 0.04251704 0.07080924
v -0.04845362 0.04968444 0.07081967
v -0.03062194 0.06025961 0.07081156
v -0.03376805 0.05949089 0.07051855
v -0.03807109 0.05696801 0.07080495
v -0.03376805 0.05949089 0.07051855
v -0.03897017 0.05697170 0.07050621
v -0.03807109 0.05696801 0.07080495
v -0.03807109 0.05696801 0.07080495
v -0.03897017 0.05697170 0.07050621
v -0.04334259 0.05386535 0.07079225
v -0.05136913 0.04751340 0.07057476
v -0.04845362 0.04968444 0.07081967
v -0.04808276 0.05064986 0.07052278
v -0.05420202 0.04434464 0.07054799
v -0.05517929 0.04251704 0.07080924
v -0.05136913 0.04751340 0.07057476
v -0.04390311 0.05399546 0.07041180
v -0.04334259 0.05386535 0.07079225
v -0.03897017 0.05697170 0.07050621
v -0.05928653 0.03622649 0.07080352
v -0.05999684 0.03586045 0.07038873
v -0.06216627 0.03092567 0.07056367
v -0.02637511 0.06079314 0.07080310
v -0.02358210 0.06094245 0.07046920
v -0.02661675 0.06125299 0.07048171
v -0.02637511 0.06079314 0.07080310
v -0.02332288 0.06039200 0.07079708
v -0.02358210 0.06094245 0.07046920
v -0.02961683 0.06091968 0.07051885
v -0.03376805 0.05949089 0.07051855
v -0.03062194 0.06025961 0.07081156
v -0.02637511 0.06079314 0.07080310
v -0.02661675 0.06125299 0.07048171
v -0.02961683 0.06091968 0.07051885
v -0.03062194 0.06025961 0.07081156
v -0.02637511 0.06079314 0.07080310
v -0.02961683 0.06091968 0.07051885
v -0.00813609 0.05567924 0.07070243
v -0.00396228 0.05478380 0.07024347
v -0.02358210 0.06094245 0.07046920
v -0.01279968 0.05709127 0.07074147
v -0.00813609 0.05567924 0.07070243
v -0.02358210 0.06094245 0.07046920
v -0.02332288 0.06039200 0.07079708
v -0.01279968 0.05709127 0.07074147
v -0.02358210 0.06094245 0.07046920
v -0.01575821 0.05724696 0.07092332
v -0.01279968 0.05709127 0.07074147
v -0.02332288 0.06039200 0.07079708
v -0.01116991 0.05543688 0.07159042
v -0.00928390 0.05474875 0.07222008
v -0.00602490 0.05472228 0.07128167
v -0.00813609 0.05567924 0.07070243
v -0.01116991 0.05543688 0.07159042
v -0.00602490 0.05472228 0.07128167
v -0.01282680 0.05605474 0.07128405
v -0.01349562 0.05473730 0.07281219
v -0.00928390 0.05474875 0.07222008
v -0.01116991 0.05543688 0.07159042
v -0.01282680 0.05605474 0.07128405
v -0.00813609 0.05567924 0.07070243
v -0.01279968 0.05709127 0.07074147
v -0.01349562 0.05473730 0.07281219
v -0.01116991 0.05543688 0.07159042
v -0.01589030 0.05502907 0.07234984
v -0.00602490 0.05472228 0.07128167
v -0.00396228 0.05478380 0.07024347
v -0.00813609 0.05567924 0.07070243
v -0.01279968 0.05709127 0.07074147
v -0.01575821 0.05724696 0.07092332
v -0.01282680 0.05605474 0.07128405
v -0.01282680 0.05605474 0.07128405
v -0.01589030 0.05502907 0.07234984
v -0.01116991 0.05543688 0.07159042
v -0.01575821 0.05724696 0.07092332
v -0.01713252 0.05605105 0.07141095
v -0.01282680 0.05605474 0.07128405
v -0.01713252 0.05605105 0.07141095
v -0.01589030 0.05502907 0.07234984
v -0.01282680 0.05605474 0.07128405
v -0.01589030 0.05502907 0.07234984
v -0.01813155 0.05448679 0.07307940
v -0.01349562 0.05473730 0.07281219
v -0.03376203 0.05173842 0.07136774
v -0.03765082 0.04862819 0.07187861
v -0.03199321 0.05185768 0.07188344
v -0.03376203 0.05173842 0.07136774
v -0.03831648 0.04914377 0.07129293
v -0.03765082 0.04862819 0.07187861
v -0.02530610 0.05513660 0.07128566
v -0.02466005 0.05395911 0.07236427
v -0.02102226 0.05500099 0.07195264
v -0.02530610 0.05513660 0.07128566
v -0.02102226 0.05500099 0.07195264
v -0.02200371 0.05595246 0.07120054
v -0.04041910 0.04601846 0.07241612
v -0.03639930 0.04868696 0.07262623
v -0.03765082 0.04862819 0.07187861
v -0.04449564 0.04497496 0.07107377
v -0.04176712 0.04714230 0.07111543
v -0.04491031 0.04591844 0.07083165
v -0.02749878 0.05586955 0.07085382
v -0.02200371 0.05595246 0.07120054
v -0.02123850 0.05736098 0.07085984
v -0.04895579 0.03829465 0.07188314
v -0.04413211 0.04269663 0.07261300
v -0.04469168 0.04310534 0.07182443
v -0.04895579 0.03829465 0.07188314
v -0.04813271 0.03823892 0.07268923
v -0.04413211 0.04269663 0.07261300
v -0.02102226 0.05500099 0.07195264
v -0.01813155 0.05448679 0.07307940
v -0.01589030 0.05502907 0.07234984
v -0.04916024 0.03924320 0.07134044
v -0.04895579 0.03829465 0.07188314
v -0.04469168 0.04310534 0.07182443
v -0.04916024 0.03924320 0.07134044
v -0.04469168 0.04310534 0.07182443
v -0.04460150 0.04420141 0.07131040
v -0.04176712 0.04714230 0.07111543
v -0.03765082 0.04862819 0.07187861
v -0.03831648 0.04914377 0.07129293
v -0.02200371 0.05595246 0.07120054
v -0.01589030 0.05502907 0.07234984
v -0.01713252 0.05605105 0.07141095
v -0.02769595 0.05633322 0.07081019
v -0.02749878 0.05586955 0.07085382
v -0.02123850 0.05736098 0.07085984
v -0.02200371 0.05595246 0.07120054
v -0.02102226 0.05500099 0.07195264
v -0.01589030 0.05502907 0.07234984
v -0.04460150 0.04420141 0.07131040
v -0.04041910 0.04601846 0.07241612
v -0.03765082 0.04862819 0.07187861
v -0.04176712 0.04714230 0.07111543
v -0.03831648 0.04914377 0.07129293
v -0.03949004 0.04940996 0.07091879
v -0.02768808 0.05442045 0.07131963
v -0.02466005 0.05395911 0.07236427
v -0.02530610 0.05513660 0.07128566
v -0.02768808 0.05442045 0.07131963
v -0.02779912 0.05308399 0.07232791
v -0.02466005 0.05395911 0.07236427
v -0.02195185 0.05426464 0.07266497
v -0.01813155 0.05448679 0.07307940
v -0.02102226 0.05500099 0.07195264
v -0.03199321 0.05185768 0.07188344
v -0.02768808 0.05442045 0.07131963
v -0.03376203 0.05173842 0.07136774
v -0.03199321 0.05185768 0.07188344
v -0.03172487 0.05130908 0.07255381
v -0.02779912 0.05308399 0.07232791
v -0.04176712 0.04714230 0.07111543
v -0.04460150 0.04420141 0.07131040
v -0.03765082 0.04862819 0.07187861
v -0.02530610 0.05513660 0.07128566
v -0.02200371 0.05595246 0.07120054
v -0.02749878 0.05586955 0.07085382
v -0.04491031 0.04591844 0.07083165
v -0.04176712 0.04714230 0.07111543
v -0.03949004 0.04940996 0.07091879
v -0.04491031 0.04591844 0.07083165
v -0.03949004 0.04940996 0.07091879
v -0.04024308 0.05002425 0.07079577
v -0.02740103 0.05528096 0.07098489
v -0.02768808 0.05442045 0.07131963
v -0.02530610 0.05513660 0.07128566
v -0.04570204 0.04653410 0.07081258
v -0.04491031 0.04591844 0.07083165
v -0.04024308 0.05002425 0.07079577
v -0.02740103 0.05528096 0.07098489
v -0.02530610 0.05513660 0.07128566
v -0.02749878 0.05586955 0.07085382
v -0.04469168 0.04310534 0.07182443
v -0.04413211 0.04269663 0.07261300
v -0.04041910 0.04601846 0.07241612
v -0.02200371 0.05595246 0.07120054
v -0.01713252 0.05605105 0.07141095
v -0.01575821 0.05724696 0.07092332
v -0.04449564 0.04497496 0.07107377
v -0.04460150 0.04420141 0.07131040
v -0.04176712 0.04714230 0.07111543
v -0.02768808 0.05442045 0.07131963
v -0.03199321 0.05185768 0.07188344
v -0.02779912 0.05308399 0.07232791
v -0.04469168 0.04310534 0.07182443
v -0.04041910 0.04601846 0.07241612
v -0.04460150 0.04420141 0.07131040
v -0.02123850 0.05736098 0.07085984
v -0.02200371 0.05595246 0.07120054
v -0.01575821 0.05724696 0.07092332
v -0.02466005 0.05395911 0.07236427
v -0.02195185 0.05426464 0.07266497
v -0.02102226 0.05500099 0.07195264
v -0.03199321 0.05185768 0.07188344
v -0.03639930 0.04868696 0.07262623
v -0.03172487 0.05130908 0.07255381
v -0.03765082 0.04862819 0.07187861
v -0.03639930 0.04868696 0.07262623
v -0.03199321 0.05185768 0.07188344
v -0.05303442 0.03041760 0.07266980
v -0.05495691 0.02788029 0.07183772
v -0.05502444 0.02616761 0.07245838
v -0.05844599 0.01053564 0.07180434
v -0.05931103 0.01176212 0.07127350
v -0.05807018 0.00426606 0.07157164
v -0.05765622 0.01926956 0.07187044
v -0.05900537 0.01577816 0.07129454
v -0.05823600 0.01476053 0.07194370
v -0.05845165 0.01872144 0.07137012
v -0.05753654 0.01492706 0.07290655
v -0.05765622 0.01926956 0.07187044
v -0.05823600 0.01476053 0.07194370
v -0.05769819 0.01053653 0.07263767
v -0.05844599 0.01053564 0.07180434
v -0.05807018 0.00426606 0.07157164
v -0.05769819 0.01053653 0.07263767
v -0.05807018 0.00426606 0.07157164
v -0.05757701 0.00641594 0.07230263
v -0.05648493 0.02133266 0.07263875
v -0.05765622 0.01926956 0.07187044
v -0.05753654 0.01492706 0.07290655
v -0.05665332 0.02351240 0.07176053
v -0.05728185 0.02344934 0.07136631
v -0.05765622 0.01926956 0.07187044
v -0.05434948 0.03123984 0.07125425
v -0.05418318 0.03429506 0.07082992
v -0.05645388 0.02816579 0.07097423
v -0.05769819 0.01053653 0.07263767
v -0.05757701 0.00641594 0.07230263
v -0.05690395 0.00515000 0.07309812
v -0.05502444 0.02616761 0.07245838
v -0.05665332 0.02351240 0.07176053
v -0.05648493 0.02133266 0.07263875
v -0.05495691 0.02788029 0.07183772
v -0.05728185 0.02344934 0.07136631
v -0.05665332 0.02351240 0.07176053
v -0.05495691 0.02788029 0.07183772
v -0.05607748 0.02724943 0.07129073
v -0.05728185 0.02344934 0.07136631
v -0.05502444 0.02616761 0.07245838
v -0.05495691 0.02788029 0.07183772
v -0.05665332 0.02351240 0.07176053
v -0.05200397 0.03312228 0.07216113
v -0.05434948 0.03123984 0.07125425
v -0.05495691 0.02788029 0.07183772
v -0.04813271 0.03823892 0.07268923
v -0.04895579 0.03829465 0.07188314
v -0.05200397 0.03312228 0.07216113
v -0.05303442 0.03041760 0.07266980
v -0.05200397 0.03312228 0.07216113
v -0.05495691 0.02788029 0.07183772
v -0.05200397 0.03312228 0.07216113
v -0.05252552 0.03438571 0.07130539
v -0.05434948 0.03123984 0.07125425
v -0.05329895 0.03415493 0.07104259
v -0.05418318 0.03429506 0.07082992
v -0.05434948 0.03123984 0.07125425
v -0.05252552 0.03438571 0.07130539
v -0.05329895 0.03415493 0.07104259
v -0.05434948 0.03123984 0.07125425
v -0.05823600 0.01476053 0.07194370
v -0.05931103 0.01176212 0.07127350
v -0.05844599 0.01053564 0.07180434
v -0.04895579 0.03829465 0.07188314
v -0.04916024 0.03924320 0.07134044
v -0.05252552 0.03438571 0.07130539
v -0.04895579 0.03829465 0.07188314
v -0.05252552 0.03438571 0.07130539
v -0.05200397 0.03312228 0.07216113
v -0.05957895 0.01529244 0.07107079
v -0.06049466 0.01511071 0.07086086
v -0.06034773 0.00983314 0.07088708
v -0.05823600 0.01476053 0.07194370
v -0.05844599 0.01053564 0.07180434
v -0.05769819 0.01053653 0.07263767
v -0.05957895 0.01529244 0.07107079
v -0.06034773 0.00983314 0.07088708
v -0.05931103 0.01176212 0.07127350
v -0.05753654 0.01492706 0.07290655
v -0.05823600 0.01476053 0.07194370
v -0.05769819 0.01053653 0.07263767
v -0.05900537 0.01577816 0.07129454
v -0.05957895 0.01529244 0.07107079
v -0.05931103 0.01176212 0.07127350
v -0.05931103 0.01176212 0.07127350
v -0.06034773 0.00983314 0.07088708
v -0.05979216 0.00302589 0.07079988
v -0.05931103 0.01176212 0.07127350
v -0.05979216 0.00302589 0.07079988
v -0.05878639 0.00392232 0.07112574
v -0.05434948 0.03123984 0.07125425
v -0.05645388 0.02816579 0.07097423
v -0.05607748 0.02724943 0.07129073
v -0.05765622 0.01926956 0.07187044
v -0.05728185 0.02344934 0.07136631
v -0.05845165 0.01872144 0.07137012
v -0.05418318 0.03429506 0.07082992
v -0.05732768 0.02892003 0.07077890
v -0.05645388 0.02816579 0.07097423
v -0.05823600 0.01476053 0.07194370
v -0.05900537 0.01577816 0.07129454
v -0.05931103 0.01176212 0.07127350
v -0.05931103 0.01176212 0.07127350
v -0.05878639 0.00392232 0.07112574
v -0.05807018 0.00426606 0.07157164
v -0.05434948 0.03123984 0.07125425
v -0.05607748 0.02724943 0.07129073
v -0.05495691 0.02788029 0.07183772
v -0.05765622 0.01926956 0.07187044
v -0.05648493 0.02133266 0.07263875
v -0.05665332 0.02351240 0.07176053
v -0.05807018 0.00426606 0.07157164
v -0.05751878 -0.00003966 0.07100611
v -0.05705291 0.00299626 0.07216447
v -0.05705291 0.00299626 0.07216447
v -0.05690395 0.00515000 0.07309812
v -0.05757701 0.00641594 0.07230263
v -0.05600535 -0.00156786 0.07182258
v -0.05491381 -0.00647428 0.07036763
v -0.05514794 -0.00364860 0.07211363
v -0.05705291 0.00299626 0.07216447
v -0.05584537 -0.00011172 0.07283157
v -0.05690395 0.00515000 0.07309812
v -0.05705291 0.00299626 0.07216447
v -0.05600535 -0.00156786 0.07182258
v -0.05584537 -0.00011172 0.07283157
v -0.05807018 0.00426606 0.07157164
v -0.05878639 0.00392232 0.07112574
v -0.05751878 -0.00003966 0.07100611
v -0.05600535 -0.00156786 0.07182258
v -0.05514794 -0.00364860 0.07211363
v -0.05584537 -0.00011172 0.07283157
v -0.05751878 -0.00003966 0.07100611
v -0.05878639 0.00392232 0.07112574
v -0.05979216 0.00302589 0.07079988
v -0.05600535 -0.00156786 0.07182258
v -0.05751878 -0.00003966 0.07100611
v -0.05636483 -0.00331583 0.07071214
v -0.05751878 -0.00003966 0.07100611
v -0.05600535 -0.00156786 0.07182258
v -0.05705291 0.00299626 0.07216447
v -0.05636483 -0.00331583 0.07071214
v -0.05491381 -0.00647428 0.07036763
v -0.05600535 -0.00156786 0.07182258
v -0.05757701 0.00641594 0.07230263
v -0.05807018 0.00426606 0.07157164
v -0.05705291 0.00299626 0.07216447
v -0.05400037 -0.00844295 0.07030081
v -0.05514794 -0.00364860 0.07211363
v -0.05491381 -0.00647428 0.07036763
v -0.06512504 0.00816748 0.06563079
v -0.05505383 -0.00945111 0.06515026
v -0.05491381 -0.00647428 0.07036763
v -0.05491381 -0.00647428 0.07036763
v -0.06488484 0.01102404 0.07040119
v -0.06512504 0.00816748 0.06563079
v -0.06571799 0.01681993 0.07055854
v -0.06782972 0.02001188 0.06554818
v -0.06814807 0.01744751 0.06547528
v -0.06574910 0.01469449 0.07040041
v -0.06770718 0.01355228 0.06539428
v -0.06488484 0.01102404 0.07040119
v -0.06488484 0.01102404 0.07040119
v -0.06676322 0.01091848 0.06536149
v -0.06512504 0.00816748 0.06563079
v -0.06488484 0.01102404 0.07040119
v -0.06770718 0.01355228 0.06539428
v -0.06676322 0.01091848 0.06536149
v -0.06574910 0.01469449 0.07040041
v -0.06806868 0.01547406 0.06532233
v -0.06770718 0.01355228 0.06539428
v -0.06574910 0.01469449 0.07040041
v -0.06814807 0.01744751 0.06547528
v -0.06806868 0.01547406 0.06532233
v -0.06571799 0.01681993 0.07055854
v -0.06814807 0.01744751 0.06547528
v -0.06574910 0.01469449 0.07040041
v -0.06541174 0.02836386 0.06557887
v -0.06398487 0.02573041 0.07052540
v -0.06216627 0.03092567 0.07056367
v -0.06782972 0.02001188 0.06554818
v -0.06398487 0.02573041 0.07052540
v -0.06674587 0.02426199 0.06553626
v -0.06782972 0.02001188 0.06554818
v -0.06499558 0.02125898 0.07063323
v -0.06398487 0.02573041 0.07052540
v -0.05999684 0.03586045 0.07038873
v -0.05682355 0.04099068 0.07047617
v -0.06090760 0.03791485 0.06575971
v -0.03376805 0.05949089 0.07051855
v -0.03335011 0.06231293 0.06549388
v -0.03670138 0.06069515 0.06563347
v -0.06357502 0.03277049 0.06576126
v -0.06216627 0.03092567 0.07056367
v -0.05999684 0.03586045 0.07038873
v -0.06357502 0.03277049 0.06576126
v -0.05999684 0.03586045 0.07038873
v -0.06090760 0.03791485 0.06575971
v -0.03897017 0.05697170 0.07050621
v -0.03670138 0.06069515 0.06563347
v -0.04265195 0.05716417 0.06582415
v -0.03897017 0.05697170 0.07050621
v -0.03376805 0.05949089 0.07051855
v -0.03670138 0.06069515 0.06563347
v -0.06541174 0.02836386 0.06557887
v -0.06216627 0.03092567 0.07056367
v -0.06357502 0.03277049 0.06576126
v -0.04265195 0.05716417 0.06582415
v -0.04390311 0.05399546 0.07041180
v -0.03897017 0.05697170 0.07050621
v -0.06674587 0.02426199 0.06553626
v -0.06398487 0.02573041 0.07052540
v -0.06541174 0.02836386 0.06557887
v -0.04390311 0.05399546 0.07041180
v -0.04265195 0.05716417 0.06582415
v -0.04777479 0.05335322 0.06591552
v -0.04390311 0.05399546 0.07041180
v -0.04777479 0.05335322 0.06591552
v -0.04808276 0.05064986 0.07052278
v -0.05108124 0.05036077 0.06586867
v -0.05136913 0.04751340 0.07057476
v -0.04808276 0.05064986 0.07052278
v -0.05108124 0.05036077 0.06586867
v -0.04808276 0.05064986 0.07052278
v -0.04777479 0.05335322 0.06591552
v -0.05364561 0.04770694 0.06585586
v -0.05136913 0.04751340 0.07057476
v -0.05108124 0.05036077 0.06586867
v -0.05527389 0.04586468 0.06592279
v -0.05420202 0.04434464 0.07054799
v -0.05136913 0.04751340 0.07057476
v -0.05527389 0.04586468 0.06592279
v -0.05136913 0.04751340 0.07057476
v -0.05364561 0.04770694 0.06585586
v -0.06571799 0.01681993 0.07055854
v -0.06499558 0.02125898 0.07063323
v -0.06782972 0.02001188 0.06554818
v -0.05527389 0.04586468 0.06592279
v -0.05682355 0.04099068 0.07047617
v -0.05420202 0.04434464 0.07054799
v -0.05801719 0.04231903 0.06582188
v -0.05682355 0.04099068 0.07047617
v -0.05527389 0.04586468 0.06592279
v -0.06090760 0.03791485 0.06575971
v -0.05682355 0.04099068 0.07047617
v -0.05801719 0.04231903 0.06582188
v -0.02700603 0.06334988 0.06542247
v -0.02985537 0.06326798 0.06533026
v -0.02661675 0.06125299 0.07048171
v -0.02661675 0.06125299 0.07048171
v -0.02358210 0.06094245 0.07046920
v -0.02700603 0.06334988 0.06542247
v -0.02423650 0.06291369 0.06531149
v -0.02700603 0.06334988 0.06542247
v -0.02358210 0.06094245 0.07046920
v -0.02961683 0.06091968 0.07051885
v -0.03180629 0.06284640 0.06546634
v -0.03335011 0.06231293 0.06549388
v -0.02961683 0.06091968 0.07051885
v -0.03335011 0.06231293 0.06549388
v -0.03376805 0.05949089 0.07051855
v -0.02961683 0.06091968 0.07051885
v -0.02985537 0.06326798 0.06533026
v -0.03180629 0.06284640 0.06546634
v -0.02661675 0.06125299 0.07048171
v -0.02985537 0.06326798 0.06533026
v -0.02961683 0.06091968 0.07051885
v -0.00396228 0.05478380 0.07024347
v -0.00281775 0.05591754 0.06524425
v -0.01565289 0.06008491 0.06538671
v -0.02423650 0.06291369 0.06531149
v -0.02423650 0.06291369 0.06531149
v -0.02358210 0.06094245 0.07046920
v -0.00396228 0.05478380 0.07024347
v -0.05491381 -0.00647428 0.07036763
v -0.05505383 -0.00945111 0.06515026
v -0.05400037 -0.00844295 0.07030081
v -0.03726989 0.04159061 0.08246314
v -0.03201383 0.04190097 0.08722603
v -0.03165078 0.04484800 0.08363580
v -0.03726989 0.04159061 0.08246314
v -0.03689402 0.03796390 0.08715140
v -0.03201383 0.04190097 0.08722603
v -0.00396228 0.05478380 0.07024347
v 0.00201487 0.05008278 0.08260518
v 0.00450158 0.05196301 0.07457333
v -0.04140394 0.03668318 0.08361905
v -0.03689402 0.03796390 0.08715140
v -0.03726989 0.04159061 0.08246314
v -0.01349562 0.05473730 0.07281219
v -0.00475079 0.05165974 0.08045852
v -0.00928390 0.05474875 0.07222008
v 0.02285957 0.04373095 0.08134126
v 0.02029180 0.04678098 0.07385420
v 0.01802808 0.04541842 0.08324432
v 0.00450158 0.05196301 0.07457333
v 0.01208895 0.04776726 0.08246040
v 0.00860882 0.05204711 0.06994128
v -0.00396228 0.05478380 0.07024347
v -0.00475079 0.05165974 0.08045852
v 0.00201487 0.05008278 0.08260518
v 0.00476319 0.04805658 0.08680534
v 0.00083723 0.04784802 0.08874452
v 0.00845837 0.04626808 0.08931255
v -0.02226078 0.05108670 0.07976609
v -0.01721483 0.05021367 0.08353632
v -0.02195185 0.05426464 0.07266497
v -0.02614289 0.04954335 0.08054518
v -0.03172487 0.05130908 0.07255381
v -0.02857810 0.04716382 0.08277386
v 0.02547085 0.04144887 0.08436179
v 0.02989137 0.03848067 0.08445173
v 0.02831614 0.04265520 0.07268840
v -0.01721483 0.05021367 0.08353632
v -0.01409274 0.05107049 0.08237481
v -0.02195185 0.05426464 0.07266497
v -0.02226078 0.05108670 0.07976609
v -0.02466005 0.05395911 0.07236427
v -0.02779912 0.05308399 0.07232791
v 0.03133374 0.04042694 0.07309544
v 0.03460240 0.03962765 0.06487172
v 0.02924132 0.04373172 0.06490558
v 0.02831614 0.04265520 0.07268840
v 0.03133374 0.04042694 0.07309544
v 0.02924132 0.04373172 0.06490558
v -0.01082855 0.04850254 0.08811634
v -0.00536758 0.04837630 0.08849918
v -0.00686490 0.04993073 0.08528381
v 0.02523255 0.04619155 0.06507730
v 0.02831614 0.04265520 0.07268840
v 0.02924132 0.04373172 0.06490558
v -0.01721483 0.05021367 0.08353632
v -0.01565963 0.04808471 0.08796805
v -0.01082855 0.04850254 0.08811634
v -0.03172487 0.05130908 0.07255381
v -0.02614289 0.04954335 0.08054518
v -0.02779912 0.05308399 0.07232791
v -0.02614289 0.04954335 0.08054518
v -0.02058655 0.04751733 0.08737868
v -0.02226078 0.05108670 0.07976609
v -0.03436273 0.04811564 0.07574605
v -0.03172487 0.05130908 0.07255381
v -0.03639930 0.04868696 0.07262623
v 0.02029180 0.04678098 0.07385420
v 0.02282547 0.04742328 0.06485939
v 0.01832062 0.04955385 0.06489509
v -0.02857810 0.04716382 0.08277386
v -0.03172487 0.05130908 0.07255381
v -0.03436273 0.04811564 0.07574605
v 0.02285957 0.04373095 0.08134126
v 0.02831614 0.04265520 0.07268840
v 0.02523255 0.04619155 0.06507730
v -0.03859686 0.04427520 0.07729542
v -0.03436273 0.04811564 0.07574605
v -0.03639930 0.04868696 0.07262623
v -0.03859686 0.04427520 0.07729542
v -0.03639930 0.04868696 0.07262623
v -0.04041910 0.04601846 0.07241612
v 0.02029180 0.04678098 0.07385420
v 0.02523255 0.04619155 0.06507730
v 0.02282547 0.04742328 0.06485939
v 0.01546645 0.04907659 0.07274842
v 0.01832062 0.04955385 0.06489509
v 0.01477450 0.05097029 0.06489217
v -0.03165078 0.04484800 0.08363580
v -0.02857810 0.04716382 0.08277386
v -0.03436273 0.04811564 0.07574605
v 0.02831614 0.04265520 0.07268840
v 0.02989137 0.03848067 0.08445173
v 0.03133374 0.04042694 0.07309544
v -0.03859686 0.04427520 0.07729542
v -0.04041910 0.04601846 0.07241612
v -0.04413211 0.04269663 0.07261300
v -0.03165078 0.04484800 0.08363580
v -0.02643775 0.04525260 0.08737152
v -0.02857810 0.04716382 0.08277386
v -0.04335314 0.03997896 0.07734584
v -0.03859686 0.04427520 0.07729542
v -0.04413211 0.04269663 0.07261300
v 0.02029180 0.04678098 0.07385420
v 0.02285957 0.04373095 0.08134126
v 0.02523255 0.04619155 0.06507730
v -0.03165078 0.04484800 0.08363580
v -0.03201383 0.04190097 0.08722603
v -0.02643775 0.04525260 0.08737152
v 0.01546645 0.04907659 0.07274842
v 0.01477450 0.05097029 0.06489217
v 0.01140046 0.05221120 0.06501883
v -0.03726989 0.04159061 0.08246314
v -0.03165078 0.04484800 0.08363580
v -0.03859686 0.04427520 0.07729542
v 0.01546645 0.04907659 0.07274842
v 0.02029180 0.04678098 0.07385420
v 0.01832062 0.04955385 0.06489509
v -0.04335314 0.03997896 0.07734584
v -0.04413211 0.04269663 0.07261300
v -0.04813271 0.03823892 0.07268923
v 0.02285957 0.04373095 0.08134126
v 0.02547085 0.04144887 0.08436179
v 0.02831614 0.04265520 0.07268840
v 0.00860882 0.05204711 0.06994128
v 0.01546645 0.04907659 0.07274842
v 0.01140046 0.05221120 0.06501883
v -0.04335314 0.03997896 0.07734584
v -0.03726989 0.04159061 0.08246314
v -0.03859686 0.04427520 0.07729542
v -0.04140394 0.03668318 0.08361905
v -0.03726989 0.04159061 0.08246314
v -0.04335314 0.03997896 0.07734584
v -0.04335314 0.03997896 0.07734584
v -0.04813271 0.03823892 0.07268923
v -0.04685223 0.03537313 0.07790261
v 0.00860882 0.05204711 0.06994128
v 0.01140046 0.05221120 0.06501883
v 0.00684863 0.05362896 0.06512379
v -0.04140394 0.03668318 0.08361905
v -0.04335314 0.03997896 0.07734584
v -0.04685223 0.03537313 0.07790261
v -0.04140394 0.03668318 0.08361905
v -0.04074203 0.03380070 0.08718800
v -0.03689402 0.03796390 0.08715140
v 0.02787721 0.03865955 0.08787906
v 0.03253328 0.03497360 0.08767801
v 0.02989137 0.03848067 0.08445173
v 0.02787721 0.03865955 0.08787906
v 0.02989137 0.03848067 0.08445173
v 0.02547085 0.04144887 0.08436179
v 0.02418482 0.03995785 0.09027785
v 0.02787721 0.03865955 0.08787906
v 0.02547085 0.04144887 0.08436179
v 0.02787721 0.03865955 0.08787906
v 0.02418482 0.03995785 0.09027785
v 0.02828902 0.03699986 0.09073263
v 0.02107203 0.04290811 0.08694112
v 0.02547085 0.04144887 0.08436179
v 0.02285957 0.04373095 0.08134126
v 0.02418482 0.03995785 0.09027785
v 0.02547085 0.04144887 0.08436179
v 0.02107203 0.04290811 0.08694112
v 0.01208895 0.04776726 0.08246040
v 0.01546645 0.04907659 0.07274842
v 0.00860882 0.05204711 0.06994128
v 0.02107203 0.04290811 0.08694112
v 0.02285957 0.04373095 0.08134126
v 0.01802808 0.04541842 0.08324432
v 0.01208895 0.04776726 0.08246040
v 0.01802808 0.04541842 0.08324432
v 0.01546645 0.04907659 0.07274842
v 0.01694834 0.04470507 0.08682179
v 0.02107203 0.04290811 0.08694112
v 0.01802808 0.04541842 0.08324432
v 0.00207531 0.05482898 0.06514966
v 0.00860882 0.05204711 0.06994128
v 0.00684863 0.05362896 0.06512379
v 0.01694834 0.04470507 0.08682179
v 0.01802808 0.04541842 0.08324432
v 0.01208895 0.04776726 0.08246040
v 0.00450158 0.05196301 0.07457333
v 0.00946581 0.04768452 0.08512932
v 0.01208895 0.04776726 0.08246040
v 0.00946581 0.04768452 0.08512932
v 0.01694834 0.04470507 0.08682179
v 0.01208895 0.04776726 0.08246040
v 0.00946581 0.04768452 0.08512932
v 0.01580530 0.04394433 0.08975970
v 0.01694834 0.04470507 0.08682179
v 0.00450158 0.05196301 0.07457333
v 0.00201487 0.05008278 0.08260518
v 0.00946581 0.04768452 0.08512932
v 0.00946581 0.04768452 0.08512932
v 0.00845837 0.04626808 0.08931255
v 0.01580530 0.04394433 0.08975970
v 0.00450158 0.05196301 0.07457333
v -0.00281775 0.05591754 0.06524425
v -0.00396228 0.05478380 0.07024347
v 0.00450158 0.05196301 0.07457333
v 0.00207531 0.05482898 0.06514966
v -0.00281775 0.05591754 0.06524425
v -0.00475079 0.05165974 0.08045852
v -0.00396228 0.05478380 0.07024347
v -0.00602490 0.05472228 0.07128167
v -0.00475079 0.05165974 0.08045852
v -0.00602490 0.05472228 0.07128167
v -0.00928390 0.05474875 0.07222008
v 0.00946581 0.04768452 0.08512932
v 0.00476319 0.04805658 0.08680534
v 0.00845837 0.04626808 0.08931255
v 0.01546645 0.04907659 0.07274842
v 0.01802808 0.04541842 0.08324432
v 0.02029180 0.04678098 0.07385420
v 0.00201487 0.05008278 0.08260518
v 0.00476319 0.04805658 0.08680534
v 0.00946581 0.04768452 0.08512932
v -0.00939959 0.05169788 0.08105558
v -0.00475079 0.05165974 0.08045852
v -0.01349562 0.05473730 0.07281219
v 0.00450158 0.05196301 0.07457333
v 0.00860882 0.05204711 0.06994128
v 0.00207531 0.05482898 0.06514966
v -0.00056267 0.04943893 0.08533960
v 0.00476319 0.04805658 0.08680534
v 0.00201487 0.05008278 0.08260518
v -0.00056267 0.04943893 0.08533960
v 0.00083723 0.04784802 0.08874452
v 0.00476319 0.04805658 0.08680534
v -0.00056267 0.04943893 0.08533960
v 0.00201487 0.05008278 0.08260518
v -0.00475079 0.05165974 0.08045852
v -0.01409274 0.05107049 0.08237481
v -0.01349562 0.05473730 0.07281219
v -0.01813155 0.05448679 0.07307940
v -0.00939959 0.05169788 0.08105558
v -0.01349562 0.05473730 0.07281219
v -0.01409274 0.05107049 0.08237481
v -0.00686490 0.04993073 0.08528381
v -0.00056267 0.04943893 0.08533960
v -0.00475079 0.05165974 0.08045852
v -0.00686490 0.04993073 0.08528381
v -0.00475079 0.05165974 0.08045852
v -0.00939959 0.05169788 0.08105558
v -0.00686490 0.04993073 0.08528381
v -0.00536758 0.04837630 0.08849918
v 0.00083723 0.04784802 0.08874452
v -0.00686490 0.04993073 0.08528381
v 0.00083723 0.04784802 0.08874452
v -0.00056267 0.04943893 0.08533960
v -0.02195185 0.05426464 0.07266497
v -0.01409274 0.05107049 0.08237481
v -0.01813155 0.05448679 0.07307940
v 0.02107203 0.04290811 0.08694112
v 0.02087593 0.04167650 0.09011971
v 0.02418482 0.03995785 0.09027785
v -0.02226078 0.05108670 0.07976609
v -0.02195185 0.05426464 0.07266497
v -0.02466005 0.05395911 0.07236427
v -0.01409274 0.05107049 0.08237481
v -0.00686490 0.04993073 0.08528381
v -0.00939959 0.05169788 0.08105558
v -0.01409274 0.05107049 0.08237481
v -0.01082855 0.04850254 0.08811634
v -0.00686490 0.04993073 0.08528381
v -0.02614289 0.04954335 0.08054518
v -0.02226078 0.05108670 0.07976609
v -0.02779912 0.05308399 0.07232791
v 0.02107203 0.04290811 0.08694112
v 0.01580530 0.04394433 0.08975970
v 0.02087593 0.04167650 0.09011971
v -0.01409274 0.05107049 0.08237481
v -0.01721483 0.05021367 0.08353632
v -0.01082855 0.04850254 0.08811634
v -0.01721483 0.05021367 0.08353632
v -0.02058655 0.04751733 0.08737868
v -0.01565963 0.04808471 0.08796805
v 0.01694834 0.04470507 0.08682179
v -0.02058655 0.04751733 0.08737868
v -0.01721483 0.05021367 0.08353632
v -0.02226078 0.05108670 0.07976609
v -0.02318704 0.04666976 0.08739012
v -0.02058655 0.04751733 0.08737868
v -0.02614289 0.04954335 0.08054518
v -0.02857810 0.04716382 0.08277386
v -0.02318704 0.04666976 0.08739012
v -0.02614289 0.04954335 0.08054518
v -0.02857810 0.04716382 0.08277386
v -0.02643775 0.04525260 0.08737152
v -0.02318704 0.04666976 0.08739012
v -0.03165078 0.04484800 0.08363580
v -0.03436273 0.04811564 0.07574605
v -0.03859686 0.04427520 0.07729542
v 0.04725325 -0.00116917 0.08899861
v 0.04556763 0.00243114 0.09301775
v 0.04549223 -0.00079938 0.09322839
v 0.01904261 -0.04505415 0.08370119
v 0.02456504 -0.04232003 0.08347910
v 0.02152413 -0.04256030 0.08785784
v 0.02832216 -0.03644408 0.09178024
v 0.03297096 -0.03277584 0.09105324
v 0.02940565 -0.03427102 0.09389859
v 0.04678481 -0.00468369 0.08969575
v 0.04549223 -0.00079938 0.09322839
v 0.04507917 -0.00558444 0.09343963
v 0.04725325 -0.00116917 0.08899861
v 0.04801142 0.00338470 0.08645671
v 0.04556763 0.00243114 0.09301775
v 0.01475679 -0.04542472 0.08762723
v 0.01828092 -0.04420664 0.08740651
v 0.01612901 -0.04244377 0.09346842
v 0.04511409 -0.01747479 0.08566343
v 0.04342675 -0.01655020 0.09106689
v 0.04239434 -0.02099635 0.08900958
v 0.01904261 -0.04505415 0.08370119
v 0.02152413 -0.04256030 0.08785784
v 0.01828092 -0.04420664 0.08740651
v 0.04868298 0.00035898 0.08453911
v 0.04801142 0.00338470 0.08645671
v 0.04725325 -0.00116917 0.08899861
v 0.04868298 0.00035898 0.08453911
v 0.04820013 0.00700090 0.08451151
v 0.04801142 0.00338470 0.08645671
v 0.02832216 -0.03644408 0.09178024
v 0.02940565 -0.03427102 0.09389859
v 0.02597630 -0.03695901 0.09384298
v 0.04725325 -0.00116917 0.08899861
v 0.04549223 -0.00079938 0.09322839
v 0.04678481 -0.00468369 0.08969575
v 0.03253328 0.03497360 0.08767801
v 0.02828902 0.03699986 0.09073263
v 0.03230828 0.03337065 0.09109723
v 0.03253328 0.03497360 0.08767801
v 0.02787721 0.03865955 0.08787906
v 0.02828902 0.03699986 0.09073263
v 0.01115942 -0.04652180 0.08737814
v 0.01475679 -0.04542472 0.08762723
v 0.01225399 -0.04383542 0.09324568
v 0.03563886 0.03092841 0.08928430
v 0.03253328 0.03497360 0.08767801
v 0.03230828 0.03337065 0.09109723
v 0.04844009 -0.00411065 0.08482378
v 0.04868298 0.00035898 0.08453911
v 0.04725325 -0.00116917 0.08899861
v 0.03870964 -0.02499361 0.09196370
v 0.04011327 -0.02092113 0.09381955
v 0.03625220 -0.02693679 0.09395414
v 0.03153133 -0.03552069 0.08841449
v 0.03297096 -0.03277584 0.09105324
v 0.02832216 -0.03644408 0.09178024
v 0.03563886 0.03092841 0.08928430
v 0.03230828 0.03337065 0.09109723
v 0.03619527 0.02881208 0.09151571
v 0.03465145 0.03448818 0.08366489
v 0.02989137 0.03848067 0.08445173
v 0.03253328 0.03497360 0.08767801
v 0.03710407 0.03078470 0.08621120
v 0.03253328 0.03497360 0.08767801
v 0.03563886 0.03092841 0.08928430
v 0.01115942 -0.04652180 0.08737814
v 0.01225399 -0.04383542 0.09324568
v 0.00828731 -0.04477431 0.09318447
v 0.03937464 0.02661816 0.08836352
v 0.03619527 0.02881208 0.09151571
v 0.03982269 0.02325592 0.09191489
v 0.01904261 -0.04505415 0.08370119
v 0.01828092 -0.04420664 0.08740651
v 0.01475679 -0.04542472 0.08762723
v 0.03465145 0.03448818 0.08366489
v 0.03253328 0.03497360 0.08767801
v 0.03710407 0.03078470 0.08621120
v 0.03764021 0.03150878 0.08285075
v 0.03465145 0.03448818 0.08366489
v 0.03710407 0.03078470 0.08621120
v 0.03870964 -0.02499361 0.09196370
v 0.04239434 -0.02099635 0.08900958
v 0.04011327 -0.02092113 0.09381955
v 0.00495946 -0.04658331 0.09014737
v 0.00828731 -0.04477431 0.09318447
v 0.00256622 -0.04557653 0.09289324
v 0.04844009 -0.00411065 0.08482378
v 0.04725325 -0.00116917 0.08899861
v 0.04678481 -0.00468369 0.08969575
v 0.04604792 -0.00956448 0.08968514
v 0.04507917 -0.00558444 0.09343963
v 0.04441773 -0.00895240 0.09360218
v 0.00850648 -0.04700001 0.08758080
v 0.01115942 -0.04652180 0.08737814
v 0.00828731 -0.04477431 0.09318447
v 0.02375859 -0.03946550 0.09199953
v 0.02832216 -0.03644408 0.09178024
v 0.02597630 -0.03695901 0.09384298
v 0.01121550 -0.04769077 0.08338981
v 0.01904261 -0.04505415 0.08370119
v 0.01475679 -0.04542472 0.08762723
v 0.04208207 0.02247104 0.08784711
v 0.03937464 0.02661816 0.08836352
v 0.03982269 0.02325592 0.09191489
v 0.04043102 0.02761898 0.08347433
v 0.03764021 0.03150878 0.08285075
v 0.03710407 0.03078470 0.08621120
v 0.04043102 0.02761898 0.08347433
v 0.03710407 0.03078470 0.08621120
v 0.03937464 0.02661816 0.08836352
v 0.03124511 -0.03714497 0.08511555
v 0.03531152 -0.03252746 0.08684438
v 0.03153133 -0.03552069 0.08841449
v 0.04604792 -0.00956448 0.08968514
v 0.04678481 -0.00468369 0.08969575
v 0.04507917 -0.00558444 0.09343963
v 0.02239781 -0.03928579 0.09374582
v 0.02375859 -0.03946550 0.09199953
v 0.02597630 -0.03695901 0.09384298
v 0.01121550 -0.04769077 0.08338981
v 0.01475679 -0.04542472 0.08762723
v 0.01115942 -0.04652180 0.08737814
v 0.04208207 0.02247104 0.08784711
v 0.03982269 0.02325592 0.09191489
v 0.04239666 0.01770822 0.09227901
v 0.02628046 -0.03975161 0.08804154
v 0.03153133 -0.03552069 0.08841449
v 0.02832216 -0.03644408 0.09178024
v 0.00495946 -0.04658331 0.09014737
v 0.00850648 -0.04700001 0.08758080
v 0.00828731 -0.04477431 0.09318447
v 0.03124511 -0.03714497 0.08511555
v 0.03651934 -0.03261735 0.08348077
v 0.03531152 -0.03252746 0.08684438
v 0.04349118 0.01873562 0.08873760
v 0.04208207 0.02247104 0.08784711
v 0.04239666 0.01770822 0.09227901
v 0.04325515 0.02298651 0.08329641
v 0.04043102 0.02761898 0.08347433
v 0.04208207 0.02247104 0.08784711
v 0.03892374 -0.02654334 0.08945924
v 0.04239434 -0.02099635 0.08900958
v 0.03870964 -0.02499361 0.09196370
v 0.04763156 -0.00906415 0.08531802
v 0.04844009 -0.00411065 0.08482378
v 0.04678481 -0.00468369 0.08969575
v 0.04477030 0.01429460 0.08975392
v 0.04239666 0.01770822 0.09227901
v 0.04372251 0.01358602 0.09257274
v 0.04514855 0.01766339 0.08533710
v 0.04208207 0.02247104 0.08784711
v 0.04349118 0.01873562 0.08873760
v 0.04604792 -0.00956448 0.08968514
v 0.04441773 -0.00895240 0.09360218
v 0.04322654 -0.01369365 0.09362238
v -0.00026987 -0.04659470 0.09078091
v 0.00495946 -0.04658331 0.09014737
v 0.00256622 -0.04557653 0.09289324
v 0.00446492 -0.04836549 0.08499217
v 0.00850648 -0.04700001 0.08758080
v 0.00495946 -0.04658331 0.09014737
v -0.00026987 -0.04659470 0.09078091
v 0.00256622 -0.04557653 0.09289324
v -0.00213701 -0.04569467 0.09268635
v 0.03623038 -0.02904894 0.09112811
v 0.03870964 -0.02499361 0.09196370
v 0.03625220 -0.02693679 0.09395414
v 0.01121550 -0.04769077 0.08338981
v 0.01115942 -0.04652180 0.08737814
v 0.00850648 -0.04700001 0.08758080
v 0.04325515 0.02298651 0.08329641
v 0.04208207 0.02247104 0.08784711
v 0.04514855 0.01766339 0.08533710
v 0.04470211 0.00971762 0.09271317
v 0.04477030 0.01429460 0.08975392
v 0.04372251 0.01358602 0.09257274
v 0.04763156 -0.00906415 0.08531802
v 0.04678481 -0.00468369 0.08969575
v 0.04604792 -0.00956448 0.08968514
v 0.03124511 -0.03714497 0.08511555
v 0.03153133 -0.03552069 0.08841449
v 0.02628046 -0.03975161 0.08804154
v 0.00227541 -0.04774363 0.08745700
v 0.00495946 -0.04658331 0.09014737
v -0.00026987 -0.04659470 0.09078091
v 0.00446492 -0.04836549 0.08499217
v 0.01121550 -0.04769077 0.08338981
v 0.00850648 -0.04700001 0.08758080
v 0.00227541 -0.04774363 0.08745700
v 0.00446492 -0.04836549 0.08499217
v 0.00495946 -0.04658331 0.09014737
v 0.03623038 -0.02904894 0.09112811
v 0.03892374 -0.02654334 0.08945924
v 0.03870964 -0.02499361 0.09196370
v 0.04148972 -0.02524038 0.08501082
v 0.04239434 -0.02099635 0.08900958
v 0.03892374 -0.02654334 0.08945924
v 0.01900660 -0.04117479 0.09356480
v 0.02375859 -0.03946550 0.09199953
v 0.02239781 -0.03928579 0.09374582
v 0.04643470 0.01047991 0.08806937
v 0.04477030 0.01429460 0.08975392
v 0.04470211 0.00971762 0.09271317
v -0.00459415 -0.04677685 0.08974325
v -0.00026987 -0.04659470 0.09078091
v -0.00213701 -0.04569467 0.09268635
v 0.02793622 -0.03962328 0.08526128
v 0.03124511 -0.03714497 0.08511555
v 0.02628046 -0.03975161 0.08804154
v -0.00177562 -0.04830738 0.08585381
v 0.00227541 -0.04774363 0.08745700
v -0.00026987 -0.04659470 0.09078091
v -0.00459415 -0.04677685 0.08974325
v -0.00213701 -0.04569467 0.09268635
v -0.00749707 -0.04527231 0.09236806
v 0.03276938 -0.03107502 0.09391164
v 0.03623038 -0.02904894 0.09112811
v 0.03625220 -0.02693679 0.09395414
v 0.04676651 0.01318244 0.08490228
v 0.04477030 0.01429460 0.08975392
v 0.04643470 0.01047991 0.08806937
v 0.04575443 -0.01300652 0.08816504
v 0.04604792 -0.00956448 0.08968514
v 0.04322654 -0.01369365 0.09362238
v -0.00177562 -0.04830738 0.08585381
v 0.00446492 -0.04836549 0.08499217
v 0.00227541 -0.04774363 0.08745700
v 0.04703807 0.00659172 0.08839154
v 0.04643470 0.01047991 0.08806937
v 0.04470211 0.00971762 0.09271317
v 0.02152413 -0.04256030 0.08785784
v 0.02628046 -0.03975161 0.08804154
v 0.02375859 -0.03946550 0.09199953
v 0.04703807 0.00659172 0.08839154
v 0.04470211 0.00971762 0.09271317
v 0.04519075 0.00650338 0.09290790
v -0.00675410 -0.04808523 0.08503687
v -0.00177562 -0.04830738 0.08585381
v -0.00459415 -0.04677685 0.08974325
v -0.00999892 -0.04622193 0.08900713
v -0.00459415 -0.04677685 0.08974325
v -0.00749707 -0.04527231 0.09236806
v 0.04342675 -0.01655020 0.09106689
v 0.04322654 -0.01369365 0.09362238
v 0.04142975 -0.01800265 0.09384393
v 0.04575443 -0.01300652 0.08816504
v 0.04763156 -0.00906415 0.08531802
v 0.04604792 -0.00956448 0.08968514
v 0.03894937 -0.02874263 0.08561110
v 0.04148972 -0.02524038 0.08501082
v 0.03892374 -0.02654334 0.08945924
v -0.00999892 -0.04622193 0.08900713
v -0.00749707 -0.04527231 0.09236806
v -0.01291275 -0.04416742 0.09206074
v -0.00675410 -0.04808523 0.08503687
v -0.00459415 -0.04677685 0.08974325
v -0.00999892 -0.04622193 0.08900713
v 0.03297096 -0.03277584 0.09105324
v 0.03623038 -0.02904894 0.09112811
v 0.03276938 -0.03107502 0.09391164
v 0.04820013 0.00700090 0.08451151
v 0.04643470 0.01047991 0.08806937
v 0.04703807 0.00659172 0.08839154
v 0.04820013 0.00700090 0.08451151
v 0.04676651 0.01318244 0.08490228
v 0.04643470 0.01047991 0.08806937
v -0.01470810 -0.04537054 0.08781141
v -0.01291275 -0.04416742 0.09206074
v -0.01593464 -0.04331412 0.09181106
v -0.01470810 -0.04537054 0.08781141
v -0.00999892 -0.04622193 0.08900713
v -0.01291275 -0.04416742 0.09206074
v 0.04342675 -0.01655020 0.09106689
v 0.04575443 -0.01300652 0.08816504
v 0.04322654 -0.01369365 0.09362238
v 0.04670780 -0.01423462 0.08393537
v 0.04763156 -0.00906415 0.08531802
v 0.04575443 -0.01300652 0.08816504
v -0.01470810 -0.04537054 0.08781141
v -0.01593464 -0.04331412 0.09181106
v -0.01942175 -0.04346456 0.08811610
v -0.01531022 -0.04624947 0.08441847
v -0.01470810 -0.04537054 0.08781141
v -0.01942175 -0.04346456 0.08811610
v 0.04703807 0.00659172 0.08839154
v 0.04519075 0.00650338 0.09290790
v 0.04556763 0.00243114 0.09301775
v -0.01531022 -0.04624947 0.08441847
v -0.01942175 -0.04346456 0.08811610
v -0.02104812 -0.04394080 0.08447444
v 0.02456504 -0.04232003 0.08347910
v 0.02793622 -0.03962328 0.08526128
v 0.02628046 -0.03975161 0.08804154
v 0.03937464 0.02661816 0.08836352
v 0.03563886 0.03092841 0.08928430
v 0.03619527 0.02881208 0.09151571
v 0.03710407 0.03078470 0.08621120
v 0.03563886 0.03092841 0.08928430
v 0.03937464 0.02661816 0.08836352
v 0.04043102 0.02761898 0.08347433
v 0.03937464 0.02661816 0.08836352
v 0.04208207 0.02247104 0.08784711
v 0.04477030 0.01429460 0.08975392
v 0.04349118 0.01873562 0.08873760
v 0.04239666 0.01770822 0.09227901
v 0.03297096 -0.03277584 0.09105324
v 0.03276938 -0.03107502 0.09391164
v 0.02940565 -0.03427102 0.09389859
v 0.04477030 0.01429460 0.08975392
v 0.04514855 0.01766339 0.08533710
v 0.04349118 0.01873562 0.08873760
v 0.04676651 0.01318244 0.08490228
v 0.04514855 0.01766339 0.08533710
v 0.04477030 0.01429460 0.08975392
v 0.04703807 0.00659172 0.08839154
v 0.04801142 0.00338470 0.08645671
v 0.04820013 0.00700090 0.08451151
v 0.04239434 -0.02099635 0.08900958
v 0.04342675 -0.01655020 0.09106689
v 0.04011327 -0.02092113 0.09381955
v 0.04142975 -0.01800265 0.09384393
v 0.04372692 -0.02127071 0.08475041
v 0.04511409 -0.01747479 0.08566343
v 0.04239434 -0.02099635 0.08900958
v 0.04239434 -0.02099635 0.08900958
v 0.04148972 -0.02524038 0.08501082
v 0.04372692 -0.02127071 0.08475041
v 0.03623038 -0.02904894 0.09112811
v 0.03894937 -0.02874263 0.08561110
v 0.03892374 -0.02654334 0.08945924
v 0.03297096 -0.03277584 0.09105324
v 0.03153133 -0.03552069 0.08841449
v 0.03531152 -0.03252746 0.08684438
v 0.02628046 -0.03975161 0.08804154
v 0.02832216 -0.03644408 0.09178024
v 0.02375859 -0.03946550 0.09199953
v 0.02152413 -0.04256030 0.08785784
v 0.02375859 -0.03946550 0.09199953
v 0.01900660 -0.04117479 0.09356480
v 0.01475679 -0.04542472 0.08762723
v 0.01612901 -0.04244377 0.09346842
v 0.01225399 -0.04383542 0.09324568
v -0.00459415 -0.04677685 0.08974325
v -0.00177562 -0.04830738 0.08585381
v -0.00026987 -0.04659470 0.09078091
v -0.00675410 -0.04808523 0.08503687
v -0.00999892 -0.04622193 0.08900713
v -0.00981915 -0.04773183 0.08436733
v 0.03531152 -0.03252746 0.08684438
v 0.03623038 -0.02904894 0.09112811
v 0.03297096 -0.03277584 0.09105324
v 0.03531152 -0.03252746 0.08684438
v 0.03894937 -0.02874263 0.08561110
v 0.03623038 -0.02904894 0.09112811
v -0.00981915 -0.04773183 0.08436733
v -0.01470810 -0.04537054 0.08781141
v -0.01531022 -0.04624947 0.08441847
v -0.00981915 -0.04773183 0.08436733
v -0.00999892 -0.04622193 0.08900713
v -0.01470810 -0.04537054 0.08781141
v 0.04511409 -0.01747479 0.08566343
v 0.04575443 -0.01300652 0.08816504
v 0.04342675 -0.01655020 0.09106689
v 0.04801142 0.00338470 0.08645671
v 0.04703807 0.00659172 0.08839154
v 0.04556763 0.00243114 0.09301775
v 0.01828092 -0.04420664 0.08740651
v 0.02152413 -0.04256030 0.08785784
v 0.01900660 -0.04117479 0.09356480
v 0.01828092 -0.04420664 0.08740651
v 0.01900660 -0.04117479 0.09356480
v 0.01612901 -0.04244377 0.09346842
v 0.03651934 -0.03261735 0.08348077
v 0.03894937 -0.02874263 0.08561110
v 0.03531152 -0.03252746 0.08684438
v 0.02456504 -0.04232003 0.08347910
v 0.02628046 -0.03975161 0.08804154
v 0.02152413 -0.04256030 0.08785784
v 0.04670780 -0.01423462 0.08393537
v 0.04575443 -0.01300652 0.08816504
v 0.04511409 -0.01747479 0.08566343
v 0.01436465 -0.04898729 0.07361459
v 0.01121550 -0.04769077 0.08338981
v 0.00948888 -0.04998697 0.07442915
v 0.04989278 -0.00919046 0.07527899
v 0.05105501 -0.01280238 0.06504034
v 0.05164659 -0.01006504 0.06504458
v 0.05229741 -0.00571050 0.06486260
v 0.04989278 -0.00919046 0.07527899
v 0.05164659 -0.01006504 0.06504458
v 0.04148972 -0.02524038 0.08501082
v 0.04229640 -0.02810677 0.07485175
v 0.04502344 -0.02439608 0.07284218
v 0.04877465 -0.01582475 0.07249784
v 0.05105501 -0.01280238 0.06504034
v 0.04989278 -0.00919046 0.07527899
v 0.04868298 0.00035898 0.08453911
v 0.05120325 -0.00170132 0.07277703
v 0.05043381 0.00324381 0.07606166
v 0.05120325 -0.00170132 0.07277703
v 0.05229741 -0.00571050 0.06486260
v 0.05257707 -0.00109710 0.06484401
v 0.05120325 -0.00170132 0.07277703
v 0.05257707 -0.00109710 0.06484401
v 0.05253261 0.00342668 0.06500774
v 0.01904261 -0.04505415 0.08370119
v 0.02315336 -0.04552658 0.07344275
v 0.02456504 -0.04232003 0.08347910
v 0.03894937 -0.02874263 0.08561110
v 0.04229640 -0.02810677 0.07485175
v 0.04148972 -0.02524038 0.08501082
v 0.04995948 0.01265357 0.07113093
v 0.05203402 0.00804178 0.06509757
v 0.05080986 0.01358751 0.06485617
v 0.04995948 0.01265357 0.07113093
v 0.05080986 0.01358751 0.06485617
v 0.04957091 0.01771155 0.06511282
v 0.05043381 0.00324381 0.07606166
v 0.04640913 0.02115450 0.07380896
v 0.04957091 0.01771155 0.06511282
v 0.04831492 0.02084318 0.06498759
v 0.02713286 -0.04510446 0.06503856
v 0.02672964 -0.04259904 0.07728844
v 0.02315336 -0.04552658 0.07344275
v 0.01904261 -0.04505415 0.08370119
v 0.01121550 -0.04769077 0.08338981
v 0.01436465 -0.04898729 0.07361459
v 0.04471129 0.02508751 0.07253116
v 0.04831492 0.02084318 0.06498759
v 0.04682672 0.02395246 0.06488257
v 0.04471129 0.02508751 0.07253116
v 0.04640913 0.02115450 0.07380896
v 0.04831492 0.02084318 0.06498759
v 0.03894937 -0.02874263 0.08561110
v 0.03651934 -0.03261735 0.08348077
v 0.03996104 -0.03147061 0.07452976
v 0.04471129 0.02508751 0.07253116
v 0.04682672 0.02395246 0.06488257
v 0.04499220 0.02724621 0.06486630
v 0.04877465 -0.01582475 0.07249784
v 0.04989278 -0.00919046 0.07527899
v 0.04670780 -0.01423462 0.08393537
v 0.04820013 0.00700090 0.08451151
v 0.05043381 0.00324381 0.07606166
v 0.04938244 0.00884078 0.07795989
v 0.04225409 0.02917365 0.07201600
v 0.04499220 0.02724621 0.06486630
v 0.04240936 0.03111080 0.06486624
v 0.04225409 0.02917365 0.07201600
v 0.04471129 0.02508751 0.07253116
v 0.04499220 0.02724621 0.06486630
v -0.01531022 -0.04624947 0.08441847
v -0.01381564 -0.04932489 0.07278656
v -0.00981915 -0.04773183 0.08436733
v -0.01531022 -0.04624947 0.08441847
v -0.01775783 -0.04778274 0.07408326
v -0.01381564 -0.04932489 0.07278656
v 0.05253261 0.00342668 0.06500774
v 0.05043381 0.00324381 0.07606166
v 0.05120325 -0.00170132 0.07277703
v 0.03965896 0.03289763 0.07110220
v 0.04225409 0.02917365 0.07201600
v 0.04240936 0.03111080 0.06486624
v 0.03965896 0.03289763 0.07110220
v 0.04240936 0.03111080 0.06486624
v 0.04041928 0.03363118 0.06485903
v 0.05203402 0.00804178 0.06509757
v 0.05043381 0.00324381 0.07606166
v 0.05253261 0.00342668 0.06500774
v 0.03965896 0.03289763 0.07110220
v 0.04041928 0.03363118 0.06485903
v 0.03737998 0.03704361 0.06502050
v 0.03732043 -0.03545423 0.07144457
v 0.03601711 -0.03835107 0.06509184
v 0.03968662 -0.03456785 0.06500375
v -0.01775783 -0.04778274 0.07408326
v -0.01531022 -0.04624947 0.08441847
v -0.02104812 -0.04394080 0.08447444
v 0.03527832 0.03676692 0.07416212
v 0.03965896 0.03289763 0.07110220
v 0.03737998 0.03704361 0.06502050
v 0.03460240 0.03962765 0.06487172
v 0.03527832 0.03676692 0.07416212
v 0.03737998 0.03704361 0.06502050
v 0.03601711 -0.03835107 0.06509184
v 0.03315669 -0.03856452 0.07462984
v 0.03306001 -0.04089888 0.06484860
v 0.03527832 0.03676692 0.07416212
v 0.03460240 0.03962765 0.06487172
v 0.03133374 0.04042694 0.07309544
v -0.01014190 -0.05030348 0.07223993
v -0.00981915 -0.04773183 0.08436733
v -0.01381564 -0.04932489 0.07278656
v -0.00981915 -0.04773183 0.08436733
v -0.01014190 -0.05030348 0.07223993
v -0.00600588 -0.05078443 0.07312285
v -0.00268924 -0.05073245 0.07487148
v -0.00177562 -0.04830738 0.08585381
v -0.00675410 -0.04808523 0.08503687
v -0.00268924 -0.05073245 0.07487148
v -0.00675410 -0.04808523 0.08503687
v -0.00600588 -0.05078443 0.07312285
v -0.01381564 -0.04932489 0.07278656
v -0.01775783 -0.04778274 0.07408326
v -0.01886582 -0.04910119 0.06494206
v -0.01509702 -0.05035736 0.06486815
v 0.00111425 -0.05093064 0.07416564
v -0.00177562 -0.04830738 0.08585381
v -0.00268924 -0.05073245 0.07487148
v 0.00111425 -0.05093064 0.07416564
v 0.00446492 -0.04836549 0.08499217
v -0.00177562 -0.04830738 0.08585381
v -0.01381564 -0.04932489 0.07278656
v -0.01509702 -0.05035736 0.06486815
v -0.01207476 -0.05120076 0.06500792
v 0.00547957 -0.05056365 0.07462692
v 0.00446492 -0.04836549 0.08499217
v 0.00111425 -0.05093064 0.07416564
v 0.00547957 -0.05056365 0.07462692
v 0.01121550 -0.04769077 0.08338981
v 0.00446492 -0.04836549 0.08499217
v 0.00948888 -0.04998697 0.07442915
v -0.01014190 -0.05030348 0.07223993
v -0.01381564 -0.04932489 0.07278656
v -0.01207476 -0.05120076 0.06500792
v 0.01939791 -0.04763122 0.07171237
v 0.01904261 -0.04505415 0.08370119
v 0.01436465 -0.04898729 0.07361459
v -0.01014190 -0.05030348 0.07223993
v -0.01207476 -0.05120076 0.06500792
v -0.00825524 -0.05193539 0.06487357
v 0.02315336 -0.04552658 0.07344275
v 0.01904261 -0.04505415 0.08370119
v 0.01939791 -0.04763122 0.07171237
v 0.02672964 -0.04259904 0.07728844
v 0.02713286 -0.04510446 0.06503856
v 0.02982187 -0.04337169 0.06507807
v 0.02672964 -0.04259904 0.07728844
v 0.02456504 -0.04232003 0.08347910
v 0.02315336 -0.04552658 0.07344275
v -0.00600588 -0.05078443 0.07312285
v -0.00825524 -0.05193539 0.06487357
v -0.00366080 -0.05246486 0.06488889
v -0.00600588 -0.05078443 0.07312285
v -0.01014190 -0.05030348 0.07223993
v -0.00825524 -0.05193539 0.06487357
v 0.03015983 -0.04015692 0.07754099
v 0.02672964 -0.04259904 0.07728844
v 0.02982187 -0.04337169 0.06507807
v 0.03315669 -0.03856452 0.07462984
v 0.03015983 -0.04015692 0.07754099
v 0.02982187 -0.04337169 0.06507807
v 0.03732043 -0.03545423 0.07144457
v 0.03315669 -0.03856452 0.07462984
v 0.03601711 -0.03835107 0.06509184
v -0.00268924 -0.05073245 0.07487148
v -0.00600588 -0.05078443 0.07312285
v -0.00366080 -0.05246486 0.06488889
v 0.02672964 -0.04259904 0.07728844
v 0.02793622 -0.03962328 0.08526128
v 0.02456504 -0.04232003 0.08347910
v -0.00268924 -0.05073245 0.07487148
v -0.00366080 -0.05246486 0.06488889
v 0.00081988 -0.05258449 0.06486618
v 0.03015983 -0.04015692 0.07754099
v 0.02793622 -0.03962328 0.08526128
v 0.02672964 -0.04259904 0.07728844
v 0.03015983 -0.04015692 0.07754099
v 0.03124511 -0.03714497 0.08511555
v 0.02793622 -0.03962328 0.08526128
v 0.00111425 -0.05093064 0.07416564
v -0.00268924 -0.05073245 0.07487148
v 0.00081988 -0.05258449 0.06486618
v 0.03315669 -0.03856452 0.07462984
v 0.03124511 -0.03714497 0.08511555
v 0.03015983 -0.04015692 0.07754099
v 0.03732043 -0.03545423 0.07144457
v 0.03651934 -0.03261735 0.08348077
v 0.03315669 -0.03856452 0.07462984
v 0.04229640 -0.02810677 0.07485175
v 0.03996104 -0.03147061 0.07452976
v 0.04321116 -0.03002305 0.06500631
v 0.03651934 -0.03261735 0.08348077
v 0.03124511 -0.03714497 0.08511555
v 0.03315669 -0.03856452 0.07462984
v 0.00111425 -0.05093064 0.07416564
v 0.00081988 -0.05258449 0.06486618
v 0.00588816 -0.05229958 0.06494218
v 0.03651934 -0.03261735 0.08348077
v 0.03732043 -0.03545423 0.07144457
v 0.03996104 -0.03147061 0.07452976
v 0.04229640 -0.02810677 0.07485175
v 0.04321116 -0.03002305 0.06500631
v 0.04516714 -0.02699627 0.06512123
v 0.00547957 -0.05056365 0.07462692
v 0.00111425 -0.05093064 0.07416564
v 0.00588816 -0.05229958 0.06494218
v 0.04229640 -0.02810677 0.07485175
v 0.03894937 -0.02874263 0.08561110
v 0.03996104 -0.03147061 0.07452976
v 0.04372692 -0.02127071 0.08475041
v 0.04502344 -0.02439608 0.07284218
v 0.04682546 -0.01948853 0.07529968
v 0.04372692 -0.02127071 0.08475041
v 0.04148972 -0.02524038 0.08501082
v 0.04502344 -0.02439608 0.07284218
v 0.00948888 -0.04998697 0.07442915
v 0.00547957 -0.05056365 0.07462692
v 0.00588816 -0.05229958 0.06494218
v 0.00948888 -0.04998697 0.07442915
v 0.00588816 -0.05229958 0.06494218
v 0.01181197 -0.05127318 0.06507456
v 0.04670780 -0.01423462 0.08393537
v 0.04682546 -0.01948853 0.07529968
v 0.04877465 -0.01582475 0.07249784
v 0.01436465 -0.04898729 0.07361459
v 0.00948888 -0.04998697 0.07442915
v 0.01181197 -0.05127318 0.06507456
v 0.05120325 -0.00170132 0.07277703
v 0.04989278 -0.00919046 0.07527899
v 0.05229741 -0.00571050 0.06486260
v 0.01702076 -0.04978205 0.06489098
v 0.01436465 -0.04898729 0.07361459
v 0.01181197 -0.05127318 0.06507456
v 0.04989278 -0.00919046 0.07527899
v 0.04844009 -0.00411065 0.08482378
v 0.04763156 -0.00906415 0.08531802
v 0.04844009 -0.00411065 0.08482378
v 0.04989278 -0.00919046 0.07527899
v 0.05120325 -0.00170132 0.07277703
v 0.04868298 0.00035898 0.08453911
v 0.04844009 -0.00411065 0.08482378
v 0.05120325 -0.00170132 0.07277703
v 0.05203402 0.00804178 0.06509757
v 0.04938244 0.00884078 0.07795989
v 0.05043381 0.00324381 0.07606166
v 0.04938244 0.00884078 0.07795989
v 0.05203402 0.00804178 0.06509757
v 0.04995948 0.01265357 0.07113093
v 0.04727417 0.01698885 0.07758033
v 0.04995948 0.01265357 0.07113093
v 0.04957091 0.01771155 0.06511282
v 0.01939791 -0.04763122 0.07171237
v 0.01702076 -0.04978205 0.06489098
v 0.02184981 -0.04786261 0.06491178
v 0.01939791 -0.04763122 0.07171237
v 0.01436465 -0.04898729 0.07361459
v 0.01702076 -0.04978205 0.06489098
v 0.04995948 0.01265357 0.07113093
v 0.04676651 0.01318244 0.08490228
v 0.04938244 0.00884078 0.07795989
v 0.04995948 0.01265357 0.07113093
v 0.04727417 0.01698885 0.07758033
v 0.04676651 0.01318244 0.08490228
v 0.04938244 0.00884078 0.07795989
v 0.04676651 0.01318244 0.08490228
v 0.04820013 0.00700090 0.08451151
v 0.04727417 0.01698885 0.07758033
v 0.04957091 0.01771155 0.06511282
v 0.04640913 0.02115450 0.07380896
v 0.04727417 0.01698885 0.07758033
v 0.04514855 0.01766339 0.08533710
v 0.04676651 0.01318244 0.08490228
v 0.02315336 -0.04552658 0.07344275
v 0.01939791 -0.04763122 0.07171237
v 0.02184981 -0.04786261 0.06491178
v 0.04471129 0.02508751 0.07253116
v 0.04325515 0.02298651 0.08329641
v 0.04640913 0.02115450 0.07380896
v 0.04640913 0.02115450 0.07380896
v 0.04325515 0.02298651 0.08329641
v 0.04514855 0.01766339 0.08533710
v 0.04640913 0.02115450 0.07380896
v 0.04514855 0.01766339 0.08533710
v 0.04727417 0.01698885 0.07758033
v 0.02315336 -0.04552658 0.07344275
v 0.02184981 -0.04786261 0.06491178
v 0.02713286 -0.04510446 0.06503856
v 0.04471129 0.02508751 0.07253116
v 0.04043102 0.02761898 0.08347433
v 0.04325515 0.02298651 0.08329641
v 0.04043102 0.02761898 0.08347433
v 0.04471129 0.02508751 0.07253116
v 0.04225409 0.02917365 0.07201600
v 0.04043102 0.02761898 0.08347433
v 0.04225409 0.02917365 0.07201600
v 0.03965896 0.03289763 0.07110220
v 0.03527832 0.03676692 0.07416212
v 0.03764021 0.03150878 0.08285075
v 0.03965896 0.03289763 0.07110220
v 0.03764021 0.03150878 0.08285075
v 0.03527832 0.03676692 0.07416212
v 0.03465145 0.03448818 0.08366489
v 0.03764021 0.03150878 0.08285075
v 0.02989137 0.03848067 0.08445173
v 0.03465145 0.03448818 0.08366489
v 0.03527832 0.03676692 0.07416212
v 0.03315669 -0.03856452 0.07462984
v 0.02982187 -0.04337169 0.06507807
v 0.03306001 -0.04089888 0.06484860
v 0.03996104 -0.03147061 0.07452976
v 0.03732043 -0.03545423 0.07144457
v 0.03968662 -0.03456785 0.06500375
v 0.03996104 -0.03147061 0.07452976
v 0.03968662 -0.03456785 0.06500375
v 0.04321116 -0.03002305 0.06500631
v 0.04516714 -0.02699627 0.06512123
v 0.04502344 -0.02439608 0.07284218
v 0.04229640 -0.02810677 0.07485175
v 0.04682546 -0.01948853 0.07529968
v 0.04511409 -0.01747479 0.08566343
v 0.04372692 -0.02127071 0.08475041
v 0.04682546 -0.01948853 0.07529968
v 0.04670780 -0.01423462 0.08393537
v 0.04511409 -0.01747479 0.08566343
v 0.04670780 -0.01423462 0.08393537
v 0.04989278 -0.00919046 0.07527899
v 0.04763156 -0.00906415 0.08531802
v 0.04502344 -0.02439608 0.07284218
v 0.04516714 -0.02699627 0.06512123
v 0.04708445 -0.02350421 0.06499928
v 0.04682546 -0.01948853 0.07529968
v 0.04502344 -0.02439608 0.07284218
v 0.04708445 -0.02350421 0.06499928
v 0.04682546 -0.01948853 0.07529968
v 0.04708445 -0.02350421 0.06499928
v 0.04938954 -0.01816209 0.06500440
v 0.04877465 -0.01582475 0.07249784
v 0.04682546 -0.01948853 0.07529968
v 0.04938954 -0.01816209 0.06500440
v 0.04877465 -0.01582475 0.07249784
v 0.04938954 -0.01816209 0.06500440
v 0.05105501 -0.01280238 0.06504034
v 0.03133374 0.04042694 0.07309544
v 0.02989137 0.03848067 0.08445173
v 0.03527832 0.03676692 0.07416212
v -0.00675410 -0.04808523 0.08503687
v -0.03326064 -0.03932203 0.07118654
v -0.03508353 -0.03914507 0.06491374
v -0.03008764 -0.04317393 0.06506097
v -0.02995491 -0.04130836 0.07378214
v -0.03326064 -0.03932203 0.07118654
v -0.03008764 -0.04317393 0.06506097
v -0.02580446 -0.04404761 0.07359051
v -0.02995491 -0.04130836 0.07378214
v -0.03008764 -0.04317393 0.06506097
v -0.02580446 -0.04404761 0.07359051
v -0.03008764 -0.04317393 0.06506097
v -0.02594119 -0.04573704 0.06488859
v -0.02232182 -0.04577769 0.07424688
v -0.02580446 -0.04404761 0.07359051
v -0.02594119 -0.04573704 0.06488859
v -0.02232182 -0.04577769 0.07424688
v -0.02594119 -0.04573704 0.06488859
v -0.02227056 -0.04764105 0.06491023
v -0.01775783 -0.04778274 0.07408326
v -0.02227056 -0.04764105 0.06491023
v -0.01886582 -0.04910119 0.06494206
v -0.02232182 -0.04577769 0.07424688
v -0.02995491 -0.04130836 0.07378214
v -0.02860409 -0.03921457 0.08503276
v -0.03243321 -0.03665646 0.08345943
v -0.02577340 -0.04125156 0.08473742
v -0.02860409 -0.03921457 0.08503276
v -0.02995491 -0.04130836 0.07378214
v -0.02104812 -0.04394080 0.08447444
v -0.02577340 -0.04125156 0.08473742
v -0.02580446 -0.04404761 0.07359051
v -0.02232182 -0.04577769 0.07424688
v -0.01775783 -0.04778274 0.07408326
v -0.02104812 -0.04394080 0.08447444
v -0.02580446 -0.04404761 0.07359051
v -0.02577340 -0.04125156 0.08473742
v -0.02995491 -0.04130836 0.07378214
v -0.02580446 -0.04404761 0.07359051
v -0.02232182 -0.04577769 0.07424688
v -0.02104812 -0.04394080 0.08447444
v -0.02860409 -0.03921457 0.08503276
v -0.02577340 -0.04125156 0.08473742
v -0.02458310 -0.04057713 0.08859854
v -0.02860409 -0.03921457 0.08503276
v -0.02973198 -0.03737082 0.08768486
v -0.03243321 -0.03665646 0.08345943
v -0.02860409 -0.03921457 0.08503276
v -0.02458310 -0.04057713 0.08859854
v -0.02973198 -0.03737082 0.08768486
v -0.02236068 -0.04061867 0.09135615
v -0.01942175 -0.04346456 0.08811610
v -0.01593464 -0.04331412 0.09181106
v -0.02458310 -0.04057713 0.08859854
v -0.01942175 -0.04346456 0.08811610
v -0.02236068 -0.04061867 0.09135615
v -0.02104812 -0.04394080 0.08447444
v -0.01942175 -0.04346456 0.08811610
v -0.02458310 -0.04057713 0.08859854
v -0.02577340 -0.04125156 0.08473742
v -0.02104812 -0.04394080 0.08447444
v -0.02458310 -0.04057713 0.08859854
v -0.02458310 -0.04057713 0.08859854
v -0.02236068 -0.04061867 0.09135615
v -0.02811884 -0.03706063 0.09091210
v -0.02973198 -0.03737082 0.08768486
v -0.02458310 -0.04057713 0.08859854
v -0.02811884 -0.03706063 0.09091210
v -0.03848570 -0.02802946 0.08744543
v -0.03620994 -0.02947720 0.09009367
v -0.03932046 -0.02505811 0.08989524
v -0.05169147 -0.01236256 0.07270008
v -0.04941684 -0.01706644 0.07304233
v -0.04643160 -0.01613577 0.08424675
v -0.04433023 -0.02129813 0.08291172
v -0.04006326 -0.02800395 0.08325695
v -0.04097652 -0.02467831 0.08673965
v -0.04898589 -0.01147319 0.08245372
v -0.05169147 -0.01236256 0.07270008
v -0.04643160 -0.01613577 0.08424675
v -0.04898589 -0.01147319 0.08245372
v -0.04919672 -0.00846847 0.08467960
v -0.05514794 -0.00364860 0.07211363
v -0.05203408 -0.00202276 0.08208912
v -0.05584537 -0.00011172 0.07283157
v -0.05514794 -0.00364860 0.07211363
v -0.04521572 -0.01433082 0.08897274
v -0.04898589 -0.01147319 0.08245372
v -0.04643160 -0.01613577 0.08424675
v -0.04919672 -0.00846847 0.08467960
v -0.04898589 -0.01147319 0.08245372
v -0.04521572 -0.01433082 0.08897274
v -0.05203408 -0.00202276 0.08208912
v -0.05514794 -0.00364860 0.07211363
v -0.04919672 -0.00846847 0.08467960
v -0.05294716 0.00282388 0.08217662
v -0.05690395 0.00515000 0.07309812
v -0.05203408 -0.00202276 0.08208912
v -0.04792249 -0.00695129 0.08845359
v -0.05203408 -0.00202276 0.08208912
v -0.04919672 -0.00846847 0.08467960
v -0.05769819 0.01053653 0.07263767
v -0.05690395 0.00515000 0.07309812
v -0.05294716 0.00282388 0.08217662
v -0.05203408 -0.00202276 0.08208912
v -0.04792249 -0.00695129 0.08845359
v -0.04965800 -0.00025435 0.08804547
v -0.04643160 -0.01613577 0.08424675
v -0.04941684 -0.01706644 0.07304233
v -0.04433023 -0.02129813 0.08291172
v -0.05514878 0.01321718 0.07840698
v -0.05753654 0.01492706 0.07290655
v -0.05366998 0.00779811 0.08167761
v -0.04097652 -0.02467831 0.08673965
v -0.03848570 -0.02802946 0.08744543
v -0.03932046 -0.02505811 0.08989524
v -0.05514878 0.01321718 0.07840698
v -0.05448544 0.01809904 0.07830166
v -0.05753654 0.01492706 0.07290655
v -0.04211175 -0.02081587 0.08927702
v -0.04433023 -0.02129813 0.08291172
v -0.04097652 -0.02467831 0.08673965
v -0.05514878 0.01321718 0.07840698
v -0.05366998 0.00779811 0.08167761
v -0.05231446 0.01097451 0.08439713
v -0.05251801 0.02333901 0.07907164
v -0.05648493 0.02133266 0.07263875
v -0.05448544 0.01809904 0.07830166
v -0.04898589 -0.01147319 0.08245372
v -0.05400037 -0.00844295 0.07030081
v -0.05169147 -0.01236256 0.07270008
v -0.05303442 0.03041760 0.07266980
v -0.05201470 0.02653096 0.07770222
v -0.04962354 0.03058044 0.07833564
v -0.05200397 0.03312228 0.07216113
v -0.04962354 0.03058044 0.07833564
v -0.04685223 0.03537313 0.07790261
v -0.05200397 0.03312228 0.07216113
v -0.03979009 -0.03212120 0.07310914
v -0.04581844 -0.02655842 0.06523644
v -0.04239279 -0.03121556 0.06497824
v -0.05514794 -0.00364860 0.07211363
v -0.05400037 -0.00844295 0.07030081
v -0.04898589 -0.01147319 0.08245372
v -0.04581844 -0.02655842 0.06523644
v -0.04730129 -0.02172001 0.07152849
v -0.04878377 -0.02173700 0.06503266
v -0.04730129 -0.02172001 0.07152849
v -0.05136758 -0.01719304 0.06523919
v -0.04878377 -0.02173700 0.06503266
v -0.04006326 -0.02800395 0.08325695
v -0.04345434 -0.02607717 0.07591944
v -0.03979009 -0.03212120 0.07310914
v -0.04345434 -0.02607717 0.07591944
v -0.04433023 -0.02129813 0.08291172
v -0.04730129 -0.02172001 0.07152849
v -0.04211175 -0.02081587 0.08927702
v -0.04097652 -0.02467831 0.08673965
v -0.03932046 -0.02505811 0.08989524
v -0.04643160 -0.01613577 0.08424675
v -0.04433023 -0.02129813 0.08291172
v -0.04211175 -0.02081587 0.08927702
v -0.04521572 -0.01433082 0.08897274
v -0.04643160 -0.01613577 0.08424675
v -0.04211175 -0.02081587 0.08927702
v -0.05203408 -0.00202276 0.08208912
v -0.05690395 0.00515000 0.07309812
v -0.05584537 -0.00011172 0.07283157
v -0.03602737 -0.03624000 0.07315522
v -0.03811681 -0.03623445 0.06508165
v -0.03508353 -0.03914507 0.06491374
v -0.03602737 -0.03624000 0.07315522
v -0.03508353 -0.03914507 0.06491374
v -0.03326064 -0.03932203 0.07118654
v -0.03979009 -0.03212120 0.07310914
v -0.03811681 -0.03623445 0.06508165
v -0.03602737 -0.03624000 0.07315522
v -0.04919672 -0.00846847 0.08467960
v -0.04521572 -0.01433082 0.08897274
v -0.04792249 -0.00695129 0.08845359
v -0.03979009 -0.03212120 0.07310914
v -0.04239279 -0.03121556 0.06497824
v -0.03811681 -0.03623445 0.06508165
v -0.03243321 -0.03665646 0.08345943
v -0.03326064 -0.03932203 0.07118654
v -0.02995491 -0.04130836 0.07378214
v -0.05366998 0.00779811 0.08167761
v -0.05753654 0.01492706 0.07290655
v -0.05769819 0.01053653 0.07263767
v -0.04965800 -0.00025435 0.08804547
v -0.05294716 0.00282388 0.08217662
v -0.05203408 -0.00202276 0.08208912
v -0.05366998 0.00779811 0.08167761
v -0.05769819 0.01053653 0.07263767
v -0.05294716 0.00282388 0.08217662
v -0.03243321 -0.03665646 0.08345943
v -0.03602737 -0.03624000 0.07315522
v -0.03326064 -0.03932203 0.07118654
v -0.04345434 -0.02607717 0.07591944
v -0.04581844 -0.02655842 0.06523644
v -0.03979009 -0.03212120 0.07310914
v -0.05043751 0.00517187 0.08775091
v -0.05294716 0.00282388 0.08217662
v -0.04965800 -0.00025435 0.08804547
v -0.05043751 0.00517187 0.08775091
v -0.05366998 0.00779811 0.08167761
v -0.05294716 0.00282388 0.08217662
v -0.03589773 -0.03281202 0.08440274
v -0.03979009 -0.03212120 0.07310914
v -0.03602737 -0.03624000 0.07315522
v -0.05448544 0.01809904 0.07830166
v -0.05648493 0.02133266 0.07263875
v -0.05753654 0.01492706 0.07290655
v -0.05250626 0.01472053 0.08336281
v -0.05514878 0.01321718 0.07840698
v -0.05231446 0.01097451 0.08439713
v -0.05231446 0.01097451 0.08439713
v -0.05366998 0.00779811 0.08167761
v -0.05043751 0.00517187 0.08775091
v -0.05250626 0.01472053 0.08336281
v -0.05448544 0.01809904 0.07830166
v -0.05514878 0.01321718 0.07840698
v -0.05054998 0.00893966 0.08768600
v -0.05251801 0.02333901 0.07907164
v -0.05502444 0.02616761 0.07245838
v -0.05648493 0.02133266 0.07263875
v -0.04730129 -0.02172001 0.07152849
v -0.04581844 -0.02655842 0.06523644
v -0.04345434 -0.02607717 0.07591944
v -0.03589773 -0.03281202 0.08440274
v -0.03602737 -0.03624000 0.07315522
v -0.03243321 -0.03665646 0.08345943
v -0.05201470 0.02653096 0.07770222
v -0.05502444 0.02616761 0.07245838
v -0.05251801 0.02333901 0.07907164
v -0.03313148 -0.03424890 0.08780980
v -0.03243321 -0.03665646 0.08345943
v -0.02973198 -0.03737082 0.08768486
v -0.05031549 0.01355192 0.08745771
v -0.05231446 0.01097451 0.08439713
v -0.05054998 0.00893966 0.08768600
v -0.05193454 0.01829181 0.08292907
v -0.05251801 0.02333901 0.07907164
v -0.05448544 0.01809904 0.07830166
v -0.05193454 0.01829181 0.08292907
v -0.05448544 0.01809904 0.07830166
v -0.05250626 0.01472053 0.08336281
v -0.05031549 0.01355192 0.08745771
v -0.05250626 0.01472053 0.08336281
v -0.05231446 0.01097451 0.08439713
v -0.05303442 0.03041760 0.07266980
v -0.05502444 0.02616761 0.07245838
v -0.05201470 0.02653096 0.07770222
v -0.03249979 -0.03347273 0.09053349
v -0.02973198 -0.03737082 0.08768486
v -0.02811884 -0.03706063 0.09091210
v -0.03313148 -0.03424890 0.08780980
v -0.03589773 -0.03281202 0.08440274
v -0.03243321 -0.03665646 0.08345943
v -0.04937952 0.01725296 0.08757233
v -0.05193454 0.01829181 0.08292907
v -0.05250626 0.01472053 0.08336281
v -0.05031549 0.01355192 0.08745771
v -0.03249979 -0.03347273 0.09053349
v -0.03313148 -0.03424890 0.08780980
v -0.02973198 -0.03737082 0.08768486
v -0.04840844 0.02095732 0.08714973
v -0.05193454 0.01829181 0.08292907
v -0.04937952 0.01725296 0.08757233
v -0.04840844 0.02095732 0.08714973
v -0.05251801 0.02333901 0.07907164
v -0.05193454 0.01829181 0.08292907
v -0.04941684 -0.01706644 0.07304233
v -0.05505383 -0.00945111 0.06515026
v -0.05136758 -0.01719304 0.06523919
v -0.04776102 0.02707354 0.08403468
v -0.05201470 0.02653096 0.07770222
v -0.05251801 0.02333901 0.07907164
v -0.04840844 0.02095732 0.08714973
v -0.05169147 -0.01236256 0.07270008
v -0.05505383 -0.00945111 0.06515026
v -0.04941684 -0.01706644 0.07304233
v -0.04685223 0.03537313 0.07790261
v -0.04813271 0.03823892 0.07268923
v -0.05200397 0.03312228 0.07216113
v -0.04962354 0.03058044 0.07833564
v -0.05201470 0.02653096 0.07770222
v -0.04776102 0.02707354 0.08403468
v -0.04596138 0.02612088 0.08716446
v -0.04776102 0.02707354 0.08403468
v -0.04840844 0.02095732 0.08714973
v -0.03848570 -0.02802946 0.08744543
v -0.04006326 -0.02800395 0.08325695
v -0.03589773 -0.03281202 0.08440274
v -0.04570186 0.03287957 0.08197671
v -0.04685223 0.03537313 0.07790261
v -0.04962354 0.03058044 0.07833564
v -0.04570186 0.03287957 0.08197671
v -0.04962354 0.03058044 0.07833564
v -0.04776102 0.02707354 0.08403468
v -0.03249979 -0.03347273 0.09053349
v -0.03620994 -0.02947720 0.09009367
v -0.03313148 -0.03424890 0.08780980
v -0.04297024 0.03080902 0.08729171
v -0.04570186 0.03287957 0.08197671
v -0.04776102 0.02707354 0.08403468
v -0.04570186 0.03287957 0.08197671
v -0.04140394 0.03668318 0.08361905
v -0.04685223 0.03537313 0.07790261
v -0.04596138 0.02612088 0.08716446
v -0.04297024 0.03080902 0.08729171
v -0.04140394 0.03668318 0.08361905
v -0.04570186 0.03287957 0.08197671
v -0.04297024 0.03080902 0.08729171
v -0.04074203 0.03380070 0.08718800
v -0.04140394 0.03668318 0.08361905
v -0.05136758 -0.01719304 0.06523919
v -0.04730129 -0.02172001 0.07152849
v -0.04941684 -0.01706644 0.07304233
v -0.04433023 -0.02129813 0.08291172
v -0.04345434 -0.02607717 0.07591944
v -0.04006326 -0.02800395 0.08325695
v -0.05169147 -0.01236256 0.07270008
v -0.05400037 -0.00844295 0.07030081
v -0.05505383 -0.00945111 0.06515026
v -0.04006326 -0.02800395 0.08325695
v -0.03979009 -0.03212120 0.07310914
v -0.03589773 -0.03281202 0.08440274
v -0.03620994 -0.02947720 0.09009367
v -0.03589773 -0.03281202 0.08440274
v -0.03313148 -0.03424890 0.08780980
v -0.04097652 -0.02467831 0.08673965
v -0.04006326 -0.02800395 0.08325695
v -0.03848570 -0.02802946 0.08744543
v -0.03620994 -0.02947720 0.09009367
v -0.03848570 -0.02802946 0.08744543
v -0.03589773 -0.03281202 0.08440274
v -0.04941684 -0.01706644 0.07304233
v -0.04730129 -0.02172001 0.07152849
v -0.04433023 -0.02129813 0.08291172
v 0.00166136 -0.03665663 0.10092500
v -0.00423032 -0.03642215 0.10093610
v -0.00213701 -0.04569467 0.09268635
v 0.03625220 -0.02693679 0.09395414
v 0.02793169 -0.02374674 0.10093090
v 0.03276938 -0.03107502 0.09391164
v 0.02223718 0.02914307 0.10092060
v 0.02703732 0.02477906 0.10093580
v 0.03230828 0.03337065 0.09109723
v 0.00828731 -0.04477431 0.09318447
v 0.00829250 -0.03576727 0.10092780
v 0.00166136 -0.03665663 0.10092500
v 0.00829250 -0.03576727 0.10092780
v 0.01225399 -0.04383542 0.09324568
v 0.01612901 -0.04244377 0.09346842
v 0.00829250 -0.03576727 0.10092780
v 0.01612901 -0.04244377 0.09346842
v 0.01364535 -0.03400006 0.10093180
v 0.01900660 -0.04117479 0.09356480
v 0.01864463 -0.03155698 0.10094080
v 0.01364535 -0.03400006 0.10093180
v 0.02597630 -0.03695901 0.09384298
v 0.02424103 -0.02749868 0.10093330
v 0.01864463 -0.03155698 0.10094080
v 0.02940565 -0.03427102 0.09389859
v 0.02424103 -0.02749868 0.10093330
v 0.02597630 -0.03695901 0.09384298
v 0.03418982 -0.01333906 0.10092160
v 0.03062653 -0.02015253 0.10093700
v 0.04011327 -0.02092113 0.09381955
v 0.03583467 -0.00760086 0.10094350
v 0.03418982 -0.01333906 0.10092160
v 0.04322654 -0.01369365 0.09362238
v 0.03669214 -0.00131281 0.10093340
v 0.04507917 -0.00558444 0.09343963
v 0.04549223 -0.00079938 0.09322839
v 0.03669214 -0.00131281 0.10093340
v 0.04549223 -0.00079938 0.09322839
v 0.04556763 0.00243114 0.09301775
v 0.03602874 0.00703434 0.10093240
v 0.04556763 0.00243114 0.09301775
v 0.04519075 0.00650338 0.09290790
v 0.04556763 0.00243114 0.09301775
v 0.03602874 0.00703434 0.10093240
v 0.03669214 -0.00131281 0.10093340
v 0.03376263 0.01432529 0.10093990
v 0.04239666 0.01770822 0.09227901
v 0.03982269 0.02325592 0.09191489
v 0.03619527 0.02881208 0.09151571
v 0.02703732 0.02477906 0.10093580
v 0.03066432 0.02005491 0.10093370
v 0.03619527 0.02881208 0.09151571
v 0.03066432 0.02005491 0.10093370
v 0.03982269 0.02325592 0.09191489
v 0.03066432 0.02005491 0.10093370
v 0.03230828 0.03337065 0.09109723
v 0.02828902 0.03699986 0.09073263
v 0.02223718 0.02914307 0.10092060
v 0.03276938 -0.03107502 0.09391164
v 0.02424103 -0.02749868 0.10093330
v 0.02940565 -0.03427102 0.09389859
v 0.03276938 -0.03107502 0.09391164
v 0.02793169 -0.02374674 0.10093090
v 0.02424103 -0.02749868 0.10093330
v -0.01593464 -0.04331412 0.09181106
v -0.01596421 -0.03300955 0.10092440
v -0.02236068 -0.04061867 0.09135615
v -0.01596421 -0.03300955 0.10092440
v -0.01593464 -0.04331412 0.09181106
v -0.01035422 -0.03521045 0.10092180
v 0.03062653 -0.02015253 0.10093700
v 0.02793169 -0.02374674 0.10093090
v 0.03625220 -0.02693679 0.09395414
v 0.00828731 -0.04477431 0.09318447
v 0.01225399 -0.04383542 0.09324568
v 0.00829250 -0.03576727 0.10092780
v 0.03062653 -0.02015253 0.10093700
v 0.03625220 -0.02693679 0.09395414
v 0.04011327 -0.02092113 0.09381955
v 0.01612901 -0.04244377 0.09346842
v 0.01900660 -0.04117479 0.09356480
v 0.01364535 -0.03400006 0.10093180
v 0.03418982 -0.01333906 0.10092160
v 0.04011327 -0.02092113 0.09381955
v 0.04142975 -0.01800265 0.09384393
v 0.02239781 -0.03928579 0.09374582
v 0.02597630 -0.03695901 0.09384298
v 0.01864463 -0.03155698 0.10094080
v 0.02239781 -0.03928579 0.09374582
v 0.04322654 -0.01369365 0.09362238
v 0.03418982 -0.01333906 0.10092160
v 0.04142975 -0.01800265 0.09384393
v 0.03583467 -0.00760086 0.10094350
v 0.04322654 -0.01369365 0.09362238
v 0.04441773 -0.00895240 0.09360218
v 0.03583467 -0.00760086 0.10094350
v 0.04441773 -0.00895240 0.09360218
v 0.03669214 -0.00131281 0.10093340
v 0.03602874 0.00703434 0.10093240
v 0.04519075 0.00650338 0.09290790
v 0.04470211 0.00971762 0.09271317
v 0.03602874 0.00703434 0.10093240
v 0.04372251 0.01358602 0.09257274
v 0.03376263 0.01432529 0.10093990
v 0.03619527 0.02881208 0.09151571
v 0.03230828 0.03337065 0.09109723
v 0.02703732 0.02477906 0.10093580
v -0.01035422 -0.03521045 0.10092180
v -0.01593464 -0.04331412 0.09181106
v -0.01291275 -0.04416742 0.09206074
v 0.04507917 -0.00558444 0.09343963
v -0.02121216 -0.02993097 0.10092300
v -0.02811884 -0.03706063 0.09091210
v -0.02236068 -0.04061867 0.09135615
v -0.01596421 -0.03300955 0.10092440
v -0.02121216 -0.02993097 0.10092300
v -0.02236068 -0.04061867 0.09135615
v -0.01035422 -0.03521045 0.10092180
v -0.01291275 -0.04416742 0.09206074
v -0.00749707 -0.04527231 0.09236806
v -0.00213701 -0.04569467 0.09268635
v -0.00423032 -0.03642215 0.10093610
v -0.00749707 -0.04527231 0.09236806
v 0.00256622 -0.04557653 0.09289324
v 0.00166136 -0.03665663 0.10092500
v -0.00213701 -0.04569467 0.09268635
v -0.00423032 -0.03642215 0.10093610
v -0.01035422 -0.03521045 0.10092180
v -0.00749707 -0.04527231 0.09236806
v 0.00166136 -0.03665663 0.10092500
v 0.00256622 -0.04557653 0.09289324
v 0.00828731 -0.04477431 0.09318447
v 0.03602874 0.00703434 0.10093240
v 0.04470211 0.00971762 0.09271317
v 0.04372251 0.01358602 0.09257274
v 0.04239666 0.01770822 0.09227901
v 0.03376263 0.01432529 0.10093990
v 0.04372251 0.01358602 0.09257274
v 0.01688772 0.03259567 0.10091870
v 0.02418482 0.03995785 0.09027785
v 0.02087593 0.04167650 0.09011971
v 0.01688772 0.03259567 0.10091870
v 0.02828902 0.03699986 0.09073263
v 0.02418482 0.03995785 0.09027785
v 0.01580530 0.04394433 0.08975970
v 0.01324445 0.03796325 0.09709960
v 0.02087593 0.04167650 0.09011971
v 0.01324445 0.03796325 0.09709960
v 0.01688772 0.03259567 0.10091870
v 0.02087593 0.04167650 0.09011971
v 0.01688772 0.03259567 0.10091870
v 0.02223718 0.02914307 0.10092060
v 0.02828902 0.03699986 0.09073263
v 0.00845837 0.04626808 0.08931255
v 0.00791824 0.03972820 0.09677791
v 0.01580530 0.04394433 0.08975970
v 0.00791824 0.03972820 0.09677791
v 0.01324445 0.03796325 0.09709960
v 0.01580530 0.04394433 0.08975970
v 0.01324445 0.03796325 0.09709960
v 0.00956803 0.03542844 0.10093930
v 0.01688772 0.03259567 0.10091870
v 0.00174445 0.04151789 0.09586524
v 0.00845837 0.04626808 0.08931255
v 0.00083723 0.04784802 0.08874452
v -0.00536758 0.04837630 0.08849918
v 0.00174445 0.04151789 0.09586524
v 0.00083723 0.04784802 0.08874452
v 0.00791824 0.03972820 0.09677791
v 0.00956803 0.03542844 0.10093930
v 0.01324445 0.03796325 0.09709960
v 0.00174445 0.04151789 0.09586524
v 0.00791824 0.03972820 0.09677791
v 0.00845837 0.04626808 0.08931255
v -0.00512213 0.04339913 0.09404945
v 0.00174445 0.04151789 0.09586524
v -0.00536758 0.04837630 0.08849918
v -0.01082855 0.04850254 0.08811634
v -0.00512213 0.04339913 0.09404945
v -0.00536758 0.04837630 0.08849918
v -0.01077914 0.04214165 0.09487247
v -0.01082855 0.04850254 0.08811634
v -0.01565963 0.04808471 0.08796805
v 0.00337553 0.03648964 0.10093200
v 0.00956803 0.03542844 0.10093930
v 0.00791824 0.03972820 0.09677791
v 0.00337553 0.03648964 0.10093200
v 0.00791824 0.03972820 0.09677791
v 0.00174445 0.04151789 0.09586524
v -0.01077914 0.04214165 0.09487247
v -0.00512213 0.04339913 0.09404945
v -0.01082855 0.04850254 0.08811634
v -0.00279301 0.03894630 0.09869873
v 0.00174445 0.04151789 0.09586524
v -0.00512213 0.04339913 0.09404945
v -0.00279301 0.03894630 0.09869873
v 0.00337553 0.03648964 0.10093200
v 0.00174445 0.04151789 0.09586524
v -0.01077914 0.04214165 0.09487247
v -0.00279301 0.03894630 0.09869873
v -0.00512213 0.04339913 0.09404945
v -0.01077914 0.04214165 0.09487247
v -0.01565963 0.04808471 0.08796805
v -0.01894629 0.04383800 0.09146219
v -0.00279301 0.03894630 0.09869873
v -0.00392747 0.03650049 0.10092860
v 0.00337553 0.03648964 0.10093200
v -0.01894629 0.04383800 0.09146219
v -0.02318704 0.04666976 0.08739012
v -0.02335453 0.04212878 0.09144788
v -0.01872020 0.03915522 0.09557873
v -0.01446408 0.03822104 0.09758245
v -0.01894629 0.04383800 0.09146219
v -0.01446408 0.03822104 0.09758245
v -0.01077914 0.04214165 0.09487247
v -0.01894629 0.04383800 0.09146219
v -0.00392747 0.03650049 0.10092860
v -0.00279301 0.03894630 0.09869873
v -0.01077914 0.04214165 0.09487247
v -0.02335453 0.04212878 0.09144788
v -0.01872020 0.03915522 0.09557873
v -0.01894629 0.04383800 0.09146219
v -0.00852847 0.03570268 0.10092470
v -0.01077914 0.04214165 0.09487247
v -0.01446408 0.03822104 0.09758245
v -0.00392747 0.03650049 0.10092860
v -0.01077914 0.04214165 0.09487247
v -0.00852847 0.03570268 0.10092470
v -0.02785193 0.03987024 0.09116148
v -0.02769106 0.03463063 0.09510195
v -0.02335453 0.04212878 0.09144788
v -0.02255958 0.03580055 0.09660345
v -0.01872020 0.03915522 0.09557873
v -0.02335453 0.04212878 0.09144788
v -0.01872020 0.03915522 0.09557873
v -0.01579648 0.03317133 0.10093520
v -0.01446408 0.03822104 0.09758245
v -0.01446408 0.03822104 0.09758245
v -0.01579648 0.03317133 0.10093520
v -0.00852847 0.03570268 0.10092470
v -0.02255958 0.03580055 0.09660345
v -0.02335453 0.04212878 0.09144788
v -0.02769106 0.03463063 0.09510195
v -0.02769106 0.03463063 0.09510195
v -0.02785193 0.03987024 0.09116148
v -0.03305912 0.03648839 0.09080404
v -0.02255958 0.03580055 0.09660345
v -0.01579648 0.03317133 0.10093520
v -0.01872020 0.03915522 0.09557873
v -0.03739655 0.03265933 0.09050130
v -0.03689402 0.03796390 0.08715140
v -0.04074203 0.03380070 0.08718800
v -0.03739655 0.03265933 0.09050130
v -0.03305912 0.03648839 0.09080404
v -0.03689402 0.03796390 0.08715140
v -0.02335453 0.04212878 0.09144788
v -0.02318704 0.04666976 0.08739012
v -0.02643775 0.04525260 0.08737152
v -0.02785193 0.03987024 0.09116148
v -0.02643775 0.04525260 0.08737152
v -0.03201383 0.04190097 0.08722603
v -0.02769106 0.03463063 0.09510195
v -0.02051037 0.03042981 0.10093640
v -0.02255958 0.03580055 0.09660345
v -0.03353554 0.03110204 0.09400606
v -0.02769106 0.03463063 0.09510195
v -0.03305912 0.03648839 0.09080404
v -0.02051037 0.03042981 0.10093640
v -0.01579648 0.03317133 0.10093520
v -0.02255958 0.03580055 0.09660345
v -0.02769106 0.03463063 0.09510195
v -0.02561295 0.02882705 0.09963774
v -0.02051037 0.03042981 0.10093640
v -0.03739655 0.03265933 0.09050130
v -0.03353554 0.03110204 0.09400606
v -0.03305912 0.03648839 0.09080404
v -0.03305912 0.03648839 0.09080404
v -0.02785193 0.03987024 0.09116148
v -0.03201383 0.04190097 0.08722603
v -0.03353554 0.03110204 0.09400606
v -0.03001290 0.02928999 0.09712076
v -0.02769106 0.03463063 0.09510195
v -0.03001290 0.02928999 0.09712076
v -0.02561295 0.02882705 0.09963774
v -0.02769106 0.03463063 0.09510195
v -0.03305912 0.03648839 0.09080404
v -0.03201383 0.04190097 0.08722603
v -0.03689402 0.03796390 0.08715140
v -0.03739655 0.03265933 0.09050130
v -0.03689169 0.02756665 0.09377455
v -0.03353554 0.03110204 0.09400606
v -0.02561295 0.02882705 0.09963774
v -0.02596288 0.02597747 0.10093870
v -0.02051037 0.03042981 0.10093640
v -0.03353554 0.03110204 0.09400606
v -0.03309530 0.02534905 0.09737485
v -0.03001290 0.02928999 0.09712076
v -0.02596288 0.02597747 0.10093870
v -0.03001290 0.02928999 0.09712076
v -0.03309530 0.02534905 0.09737485
v -0.02596288 0.02597747 0.10093870
v -0.02561295 0.02882705 0.09963774
v -0.03001290 0.02928999 0.09712076
v -0.02058655 0.04751733 0.08737868
v -0.01894629 0.04383800 0.09146219
v -0.01565963 0.04808471 0.08796805
v -0.02058655 0.04751733 0.08737868
v -0.02318704 0.04666976 0.08739012
v -0.01894629 0.04383800 0.09146219
v -0.02643775 0.04525260 0.08737152
v -0.02785193 0.03987024 0.09116148
v -0.02335453 0.04212878 0.09144788
v -0.03353554 0.03110204 0.09400606
v -0.03689169 0.02756665 0.09377455
v -0.03309530 0.02534905 0.09737485
v -0.03751742 -0.01741018 0.09580904
v -0.04521572 -0.01433082 0.08897274
v -0.04211175 -0.02081587 0.08927702
v -0.03249979 -0.03347273 0.09053349
v -0.02619326 -0.02565082 0.10093560
v -0.03042769 -0.02048065 0.10093370
v -0.03751742 -0.01741018 0.09580904
v -0.04211175 -0.02081587 0.08927702
v -0.03932046 -0.02505811 0.08989524
v -0.03891956 -0.01269300 0.09641885
v -0.04521572 -0.01433082 0.08897274
v -0.03751742 -0.01741018 0.09580904
v -0.04792249 -0.00695129 0.08845359
v -0.04521572 -0.01433082 0.08897274
v -0.04388654 -0.00692787 0.09301030
v -0.03932046 -0.02505811 0.08989524
v -0.03620994 -0.02947720 0.09009367
v -0.03042769 -0.02048065 0.10093370
v -0.03932046 -0.02505811 0.08989524
v -0.03042769 -0.02048065 0.10093370
v -0.03751742 -0.01741018 0.09580904
v -0.04388654 -0.00692787 0.09301030
v -0.04521572 -0.01433082 0.08897274
v -0.03891956 -0.01269300 0.09641885
v -0.04572784 0.00065551 0.09247422
v -0.04965800 -0.00025435 0.08804547
v -0.04388654 -0.00692787 0.09301030
v -0.04388654 -0.00692787 0.09301030
v -0.03891956 -0.01269300 0.09641885
v -0.03567332 -0.00864329 0.10092350
v -0.03364592 -0.01454736 0.10093210
v -0.03891956 -0.01269300 0.09641885
v -0.03751742 -0.01741018 0.09580904
v -0.04388654 -0.00692787 0.09301030
v -0.03567332 -0.00864329 0.10092350
v -0.04055362 -0.00227090 0.09734761
v -0.04055362 -0.00227090 0.09734761
v -0.04572784 0.00065551 0.09247422
v -0.04388654 -0.00692787 0.09301030
v -0.03567332 -0.00864329 0.10092350
v -0.03891956 -0.01269300 0.09641885
v -0.03364592 -0.01454736 0.10093210
v -0.04510033 0.00508336 0.09332835
v -0.05054998 0.00893966 0.08768600
v -0.05043751 0.00517187 0.08775091
v -0.04510033 0.00508336 0.09332835
v -0.05043751 0.00517187 0.08775091
v -0.04572784 0.00065551 0.09247422
v -0.04572784 0.00065551 0.09247422
v -0.04055362 -0.00227090 0.09734761
v -0.04510033 0.00508336 0.09332835
v -0.04677057 0.00929532 0.09152233
v -0.05031549 0.01355192 0.08745771
v -0.05054998 0.00893966 0.08768600
v -0.04677057 0.00929532 0.09152233
v -0.05054998 0.00893966 0.08768600
v -0.04510033 0.00508336 0.09332835
v -0.04612821 0.01305733 0.09158486
v -0.05031549 0.01355192 0.08745771
v -0.04677057 0.00929532 0.09152233
v -0.04510033 0.00508336 0.09332835
v -0.04055362 -0.00227090 0.09734761
v -0.03672415 -0.00100889 0.10093680
v -0.04055362 -0.00227090 0.09734761
v -0.03567332 -0.00864329 0.10092350
v -0.03672415 -0.00100889 0.10093680
v -0.03249979 -0.03347273 0.09053349
v -0.02811884 -0.03706063 0.09091210
v -0.02619326 -0.02565082 0.10093560
v -0.04510033 0.00508336 0.09332835
v -0.03672415 -0.00100889 0.10093680
v -0.04115504 0.00788329 0.09678345
v -0.04115504 0.00788329 0.09678345
v -0.04677057 0.00929532 0.09152233
v -0.04510033 0.00508336 0.09332835
v -0.04612821 0.01305733 0.09158486
v -0.04677057 0.00929532 0.09152233
v -0.04115504 0.00788329 0.09678345
v -0.03672415 -0.00100889 0.10093680
v -0.03663694 0.00132296 0.10093860
v -0.04115504 0.00788329 0.09678345
v -0.04015952 0.01499311 0.09620869
v -0.04937952 0.01725296 0.08757233
v -0.04612821 0.01305733 0.09158486
v -0.04251366 0.02096030 0.09241616
v -0.04840844 0.02095732 0.08714973
v -0.04937952 0.01725296 0.08757233
v -0.04251366 0.02096030 0.09241616
v -0.04596138 0.02612088 0.08716446
v -0.04840844 0.02095732 0.08714973
v -0.04251366 0.02096030 0.09241616
v -0.04937952 0.01725296 0.08757233
v -0.04015952 0.01499311 0.09620869
v -0.04015952 0.01499311 0.09620869
v -0.04612821 0.01305733 0.09158486
v -0.04115504 0.00788329 0.09678345
v -0.03853261 0.00715587 0.09900021
v -0.04115504 0.00788329 0.09678345
v -0.03663694 0.00132296 0.10093860
v -0.04596138 0.02612088 0.08716446
v -0.04251366 0.02096030 0.09241616
v -0.04169750 0.02592102 0.09094941
v -0.03853261 0.00715587 0.09900021
v -0.03663694 0.00132296 0.10093860
v -0.03561389 0.00888059 0.10094210
v -0.04015952 0.01499311 0.09620869
v -0.04115504 0.00788329 0.09678345
v -0.03853261 0.00715587 0.09900021
v -0.03561389 0.00888059 0.10094210
v -0.04169750 0.02592102 0.09094941
v -0.04251366 0.02096030 0.09241616
v -0.03761452 0.02118776 0.09608185
v -0.04251366 0.02096030 0.09241616
v -0.04015952 0.01499311 0.09620869
v -0.03761452 0.02118776 0.09608185
v -0.03372967 0.01452586 0.10093590
v -0.04015952 0.01499311 0.09620869
v -0.03561389 0.00888059 0.10094210
v -0.04297024 0.03080902 0.08729171
v -0.04169750 0.02592102 0.09094941
v -0.03689169 0.02756665 0.09377455
v -0.04169750 0.02592102 0.09094941
v -0.03761452 0.02118776 0.09608185
v -0.03689169 0.02756665 0.09377455
v -0.04297024 0.03080902 0.08729171
v -0.03689169 0.02756665 0.09377455
v -0.03739655 0.03265933 0.09050130
v -0.04297024 0.03080902 0.08729171
v -0.03739655 0.03265933 0.09050130
v -0.04074203 0.03380070 0.08718800
v -0.03761452 0.02118776 0.09608185
v -0.03372967 0.01452586 0.10093590
v -0.03138262 0.01908628 0.10093920
v -0.03761452 0.02118776 0.09608185
v -0.04015952 0.01499311 0.09620869
v -0.03372967 0.01452586 0.10093590
v -0.03689169 0.02756665 0.09377455
v -0.03761452 0.02118776 0.09608185
v -0.03309530 0.02534905 0.09737485
v -0.03309530 0.02534905 0.09737485
v -0.03761452 0.02118776 0.09608185
v -0.03138262 0.01908628 0.10093920
v -0.03309530 0.02534905 0.09737485
v -0.03138262 0.01908628 0.10093920
v -0.02596288 0.02597747 0.10093870
v -0.03042769 -0.02048065 0.10093370
v -0.03364592 -0.01454736 0.10093210
v -0.03751742 -0.01741018 0.09580904
v -0.04965800 -0.00025435 0.08804547
v -0.04572784 0.00065551 0.09247422
v -0.05043751 0.00517187 0.08775091
v -0.04937952 0.01725296 0.08757233
v -0.05031549 0.01355192 0.08745771
v -0.04612821 0.01305733 0.09158486
v -0.02619326 -0.02565082 0.10093560
v -0.02811884 -0.03706063 0.09091210
v -0.02121216 -0.02993097 0.10092300
v -0.04169750 0.02592102 0.09094941
v -0.04297024 0.03080902 0.08729171
v -0.04596138 0.02612088 0.08716446
v -0.04388654 -0.00692787 0.09301030
v -0.04965800 -0.00025435 0.08804547
v -0.04792249 -0.00695129 0.08845359
v -0.03042769 -0.02048065 0.10093370
v -0.03620994 -0.02947720 0.09009367
v -0.03249979 -0.03347273 0.09053349
v 0.00166136 -0.03665663 0.10092500
v -0.00269997 -0.03362627 0.10095500
v -0.00423032 -0.03642215 0.10093610
v -0.03343147 -0.00348892 0.10095980
v -0.03358864 -0.00079705 0.10096020
v -0.03663694 0.00132296 0.10093860
v -0.03672415 -0.00100889 0.10093680
v -0.00149900 0.03371171 0.10095280
v 0.00337553 0.03648964 0.10093200
v -0.00392747 0.03650049 0.10092860
v 0.00469017 -0.03334113 0.10096280
v 0.03669214 -0.00131281 0.10093340
v 0.03602874 0.00703434 0.10093240
v 0.03343552 0.00433961 0.10096000
v 0.00301790 0.03352330 0.10095810
v 0.03361088 -0.00232561 0.10096090
v -0.03271245 -0.00791611 0.10095880
v -0.03567332 -0.00864329 0.10092350
v 0.00829250 -0.03576727 0.10092780
v 0.00803858 0.03271929 0.10096030
v 0.00956803 0.03542844 0.10093930
v -0.03135097 -0.01238336 0.10095510
v -0.03364592 -0.01454736 0.10093210
v 0.03583467 -0.00760086 0.10094350
v 0.03249210 -0.00902064 0.10096070
v -0.02441442 0.02322999 0.10096010
v -0.02596288 0.02597747 0.10093870
v -0.03138262 0.01908628 0.10093920
v 0.01086819 -0.03185614 0.10096000
v -0.02781558 0.01915566 0.10096000
v 0.01358932 0.03080807 0.10095980
v -0.02907449 -0.01705958 0.10096010
v -0.03042769 -0.02048065 0.10093370
v 0.01364535 -0.03400006 0.10093180
v 0.01358932 0.03080807 0.10095980
v 0.01688772 0.03259567 0.10091870
v 0.00956803 0.03542844 0.10093930
v -0.01874339 0.02811245 0.10095880
v -0.02596288 0.02597747 0.10093870
v -0.02441442 0.02322999 0.10096010
v 0.01965630 0.02746091 0.10095250
v -0.03055292 0.01447717 0.10096030
v 0.02223718 0.02914307 0.10092060
v -0.03372967 0.01452586 0.10093590
v 0.01662462 -0.02932252 0.10096330
v -0.02434563 -0.02327158 0.10096020
v -0.02907449 -0.01705958 0.10096010
v -0.03042769 -0.02048065 0.10093370
v -0.02051037 0.03042981 0.10093640
v -0.02619326 -0.02565082 0.10093560
v 0.02703732 0.02477906 0.10093580
v 0.01864463 -0.03155698 0.10094080
v 0.02400833 0.02368084 0.10095870
v 0.02703732 0.02477906 0.10093580
v 0.01965630 0.02746091 0.10095250
v -0.02077788 -0.02655538 0.10095160
v -0.02434563 -0.02327158 0.10096020
v -0.02619326 -0.02565082 0.10093560
v 0.03418982 -0.01333906 0.10092160
v 0.03583467 -0.00760086 0.10094350
v 0.03249210 -0.00902064 0.10096070
v -0.01579648 0.03317133 0.10093520
v -0.02121216 -0.02993097 0.10092300
v 0.03418982 -0.01333906 0.10092160
v 0.02964681 -0.01598211 0.10096030
v -0.03561389 0.00888059 0.10094210
v 0.02885699 0.01741133 0.10096180
v 0.02703732 0.02477906 0.10093580
v 0.02400833 0.02368084 0.10095870
v 0.03066432 0.02005491 0.10093370
v 0.02885699 0.01741133 0.10096180
v -0.01584875 -0.02967318 0.10095940
v -0.02077788 -0.02655538 0.10095160
v -0.02121216 -0.02993097 0.10092300
v -0.03298902 0.00701837 0.10096130
v 0.03062653 -0.02015253 0.10093700
v 0.02180254 -0.02563729 0.10096000
v -0.01596421 -0.03300955 0.10092440
v 0.02424103 -0.02749868 0.10093330
v 0.02180254 -0.02563729 0.10096000
v 0.01864463 -0.03155698 0.10094080
v -0.00999182 0.03220109 0.10096180
v -0.01596421 -0.03300955 0.10092440
v -0.01100051 -0.03189387 0.10095050
v -0.01584875 -0.02967318 0.10095940
v 0.03376263 0.01432529 0.10093990
v 0.02606076 -0.02131768 0.10096200
v -0.01035422 -0.03521045 0.10092180
v 0.02606076 -0.02131768 0.10096200
v 0.02793169 -0.02374674 0.10093090
v 0.03062653 -0.02015253 0.10093700
v 0.03376263 0.01432529 0.10093990
v 0.03186380 0.01089064 0.10095910
v -0.00852847 0.03570268 0.10092470
v -0.00769049 -0.03285886 0.10095100
v 0.03722900 0.03332678 0.06307595
v 0.03970330 0.03024725 0.06319069
v 0.03668898 0.03389845 0.06314343
v -0.03885710 -0.03126629 0.06326264
v -0.04009473 -0.03041442 0.06328833
v -0.03956687 -0.03002556 0.06444770
v -0.01605570 -0.04537357 0.07278442
v -0.01687479 -0.04697497 0.06321531
v -0.01708602 -0.04694255 0.06309241
v -0.04039293 -0.02945413 0.06293761
v -0.03956687 -0.03002556 0.06444770
v -0.04009473 -0.03041442 0.06328833
v -0.05484992 0.03866747 0.05439347
v -0.05267739 0.03988621 0.05349028
v -0.05504781 0.03743104 0.05349457
v -0.05067944 0.04245249 0.05442190
v -0.05267739 0.03988621 0.05349028
v -0.05484992 0.03866747 0.05439347
v -0.05067944 0.04245249 0.05442190
v -0.05041795 0.04180751 0.05347949
v -0.05267739 0.03988621 0.05349028
v -0.06155622 0.02457694 0.05349045
v -0.06215322 0.02116141 0.05348873
v -0.06328010 0.02038721 0.05396682
v -0.06328010 0.02038721 0.05396682
v -0.06225967 0.02565048 0.05410891
v -0.06155622 0.02457694 0.05349045
v -0.06225967 0.02565048 0.05410891
v -0.06073391 0.02736780 0.05348992
v -0.06155622 0.02457694 0.05349045
v -0.05942720 0.03063617 0.05348992
v -0.06225967 0.02565048 0.05410891
v -0.06084156 0.02950839 0.05422019
v -0.05942720 0.03063617 0.05348992
v -0.06073391 0.02736780 0.05348992
v -0.06225967 0.02565048 0.05410891
v -0.05942720 0.03063617 0.05348992
v -0.06084156 0.02950839 0.05422019
v -0.05946511 0.03232035 0.05428963
v -0.05712747 0.03468070 0.05348253
v -0.05942720 0.03063617 0.05348992
v -0.05946511 0.03232035 0.05428963
v -0.05678898 0.03640387 0.05436742
v -0.05712747 0.03468070 0.05348253
v -0.05946511 0.03232035 0.05428963
v -0.05678898 0.03640387 0.05436742
v -0.05504781 0.03743104 0.05349457
v -0.05712747 0.03468070 0.05348253
v -0.05484992 0.03866747 0.05439347
v -0.05504781 0.03743104 0.05349457
v -0.05678898 0.03640387 0.05436742
v -0.06328010 0.02038721 0.05396682
v -0.06332081 0.01692740 0.05402565
v -0.06250309 0.01855258 0.05614256
v -0.06225967 0.02565048 0.05410891
v -0.06328010 0.02038721 0.05396682
v -0.06186550 0.02159200 0.05650252
v -0.06225967 0.02565048 0.05410891
v -0.06186550 0.02159200 0.05650252
v -0.06173563 0.02384696 0.05568099
v -0.06087476 0.02675227 0.05554634
v -0.06225967 0.02565048 0.05410891
v -0.06173563 0.02384696 0.05568099
v -0.06087476 0.02675227 0.05554634
v -0.06020408 0.02865783 0.05537420
v -0.05963683 0.03058818 0.05498301
v -0.06084156 0.02950839 0.05422019
v -0.06225967 0.02565048 0.05410891
v -0.06087476 0.02675227 0.05554634
v -0.06084156 0.02950839 0.05422019
v -0.06087476 0.02675227 0.05554634
v -0.05963683 0.03058818 0.05498301
v -0.05946511 0.03232035 0.05428963
v -0.06084156 0.02950839 0.05422019
v -0.05963683 0.03058818 0.05498301
v -0.04135048 -0.03005256 0.06311112
v -0.04039293 -0.02945413 0.06293761
v -0.04009473 -0.03041442 0.06328833
v -0.04681313 -0.02223303 0.06276232
v -0.04689455 -0.02015962 0.06244659
v -0.04039293 -0.02945413 0.06293761
v -0.04681313 -0.02223303 0.06276232
v -0.04039293 -0.02945413 0.06293761
v -0.04135048 -0.03005256 0.06311112
v -0.05115813 -0.01567187 0.06205332
v -0.05004096 -0.01540275 0.06190907
v -0.04689455 -0.02015962 0.06244659
v -0.05115813 -0.01567187 0.06205332
v -0.04689455 -0.02015962 0.06244659
v -0.04681313 -0.02223303 0.06276232
v -0.05115813 -0.01567187 0.06205332
v -0.05382758 -0.00906207 0.06080639
v -0.05004096 -0.01540275 0.06190907
v -0.05425494 -0.01051410 0.06114858
v -0.05382758 -0.00906207 0.06080639
v -0.05115813 -0.01567187 0.06205332
v -0.05698812 -0.00519158 0.05985540
v -0.05382758 -0.00906207 0.06080639
v -0.05425494 -0.01051410 0.06114858
v -0.05698812 -0.00519158 0.05985540
v -0.05732405 -0.00157865 0.05872571
v -0.05382758 -0.00906207 0.06080639
v -0.05955129 0.00129251 0.05781728
v -0.05732405 -0.00157865 0.05872571
v -0.05698812 -0.00519158 0.05985540
v -0.05955129 0.00129251 0.05781728
v -0.05984157 0.00599758 0.05618566
v -0.05732405 -0.00157865 0.05872571
v -0.06098341 0.00582961 0.05631345
v -0.05984157 0.00599758 0.05618566
v -0.05955129 0.00129251 0.05781728
v -0.06215924 0.01020411 0.05506289
v -0.05984157 0.00599758 0.05618566
v -0.06098341 0.00582961 0.05631345
v -0.06215924 0.01020411 0.05506289
v -0.06095343 0.01015035 0.05496037
v -0.05984157 0.00599758 0.05618566
v -0.06285971 0.01335374 0.05441009
v -0.06095343 0.01015035 0.05496037
v -0.06215924 0.01020411 0.05506289
v -0.06285971 0.01335374 0.05441009
v -0.06141561 0.01200757 0.05450445
v -0.06095343 0.01015035 0.05496037
v -0.06285971 0.01335374 0.05441009
v -0.06186676 0.01420954 0.05405575
v -0.06141561 0.01200757 0.05450445
v -0.06317824 0.01555232 0.05415099
v -0.06186676 0.01420954 0.05405575
v -0.06285971 0.01335374 0.05441009
v -0.06317824 0.01555232 0.05415099
v -0.06208688 0.01563350 0.05383503
v -0.06186676 0.01420954 0.05405575
v -0.06332081 0.01692740 0.05402565
v -0.06208688 0.01563350 0.05383503
v -0.06317824 0.01555232 0.05415099
v -0.06332081 0.01692740 0.05402565
v -0.06228572 0.01765040 0.05361044
v -0.06208688 0.01563350 0.05383503
v -0.06332081 0.01692740 0.05402565
v -0.06229341 0.01933620 0.05351620
v -0.06228572 0.01765040 0.05361044
v -0.06328010 0.02038721 0.05396682
v -0.06229341 0.01933620 0.05351620
v -0.06332081 0.01692740 0.05402565
v -0.06328010 0.02038721 0.05396682
v -0.06215322 0.02116141 0.05348873
v -0.06229341 0.01933620 0.05351620
v -0.05067944 0.04245249 0.05442190
v -0.04628366 0.04445151 0.05348718
v -0.05041795 0.04180751 0.05347949
v -0.04505097 0.04575441 0.05442065
v -0.04628366 0.04445151 0.05348718
v -0.05067944 0.04245249 0.05442190
v -0.04505097 0.04575441 0.05442065
v -0.04033297 0.04691080 0.05347961
v -0.04628366 0.04445151 0.05348718
v -0.03942167 0.04786978 0.05437195
v -0.04033297 0.04691080 0.05347961
v -0.04505097 0.04575441 0.05442065
v -0.03241676 0.04959873 0.05426687
v -0.03277099 0.04868862 0.05349206
v -0.04033297 0.04691080 0.05347961
v -0.02408689 0.05093900 0.05413180
v -0.02656888 0.04969255 0.05348062
v -0.03241676 0.04959873 0.05426687
v -0.03942167 0.04786978 0.05437195
v -0.03241676 0.04959873 0.05426687
v -0.04033297 0.04691080 0.05347961
v -0.03241676 0.04959873 0.05426687
v -0.02656888 0.04969255 0.05348062
v -0.03277099 0.04868862 0.05349206
v -0.04760587 0.04221180 0.05587697
v -0.04792732 0.04100112 0.05664443
v -0.04414874 0.04276351 0.05705899
v -0.04505097 0.04575441 0.05442065
v -0.05067944 0.04245249 0.05442190
v -0.04760587 0.04221180 0.05587697
v -0.04505097 0.04575441 0.05442065
v -0.04760587 0.04221180 0.05587697
v -0.04303449 0.04505811 0.05551302
v -0.04760587 0.04221180 0.05587697
v -0.04414874 0.04276351 0.05705899
v -0.04303449 0.04505811 0.05551302
v -0.03241676 0.04959873 0.05426687
v -0.03942167 0.04786978 0.05437195
v -0.03678983 0.04669688 0.05613666
v -0.03241676 0.04959873 0.05426687
v -0.03320950 0.04787282 0.05596208
v -0.02706354 0.04947320 0.05562770
v -0.03241676 0.04959873 0.05426687
v -0.02706354 0.04947320 0.05562770
v -0.02408689 0.05093900 0.05413180
v -0.02408689 0.05093900 0.05413180
v -0.02036803 0.05061940 0.05555063
v -0.01780360 0.05136130 0.05459040
v -0.02706354 0.04947320 0.05562770
v -0.02924394 0.04779277 0.05755490
v -0.02513575 0.04876319 0.05764335
v -0.02706354 0.04947320 0.05562770
v -0.03320950 0.04787282 0.05596208
v -0.02924394 0.04779277 0.05755490
v -0.02706354 0.04947320 0.05562770
v -0.02513575 0.04876319 0.05764335
v -0.02036803 0.05061940 0.05555063
v -0.02408689 0.05093900 0.05413180
v -0.02706354 0.04947320 0.05562770
v -0.02036803 0.05061940 0.05555063
v -0.02036803 0.05061940 0.05555063
v -0.02280390 0.04857085 0.05934327
v -0.01703149 0.05023680 0.05804294
v -0.02036803 0.05061940 0.05555063
v -0.02513575 0.04876319 0.05764335
v -0.02280390 0.04857085 0.05934327
v -0.02280390 0.04857085 0.05934327
v -0.02161645 0.04739949 0.06375837
v -0.01703149 0.05023680 0.05804294
v -0.01780360 0.05136130 0.05459040
v -0.02036803 0.05061940 0.05555063
v -0.01703149 0.05023680 0.05804294
v -0.01090615 0.05161801 0.05628407
v -0.01780360 0.05136130 0.05459040
v -0.01703149 0.05023680 0.05804294
v -0.03942167 0.04786978 0.05437195
v -0.04303449 0.04505811 0.05551302
v -0.04056483 0.04562572 0.05588454
v -0.03942167 0.04786978 0.05437195
v -0.04505097 0.04575441 0.05442065
v -0.04303449 0.04505811 0.05551302
v -0.04414874 0.04276351 0.05705899
v -0.04655808 0.04014483 0.05830127
v -0.04615134 0.03899256 0.05985671
v -0.04723227 0.04041312 0.05758357
v -0.04655808 0.04014483 0.05830127
v -0.04414874 0.04276351 0.05705899
v -0.04414874 0.04276351 0.05705899
v -0.04792732 0.04100112 0.05664443
v -0.04723227 0.04041312 0.05758357
v -0.04056483 0.04562572 0.05588454
v -0.04414874 0.04276351 0.05705899
v -0.04270631 0.04164794 0.05907177
v -0.04303449 0.04505811 0.05551302
v -0.04414874 0.04276351 0.05705899
v -0.04056483 0.04562572 0.05588454
v -0.03942167 0.04786978 0.05437195
v -0.04056483 0.04562572 0.05588454
v -0.03678983 0.04669688 0.05613666
v 0.04938954 -0.01816209 0.06500440
v 0.04840922 -0.02048119 0.06482440
v 0.05011773 -0.01554044 0.06473469
v 0.03968662 -0.03456785 0.06500375
v 0.03601711 -0.03835107 0.06509184
v 0.03743422 -0.03684880 0.06481438
v 0.05105501 -0.01280238 0.06504034
v 0.04938954 -0.01816209 0.06500440
v 0.05011773 -0.01554044 0.06473469
v 0.04321116 -0.03002305 0.06500631
v 0.03968662 -0.03456785 0.06500375
v 0.04091554 -0.03295262 0.06479215
v 0.05229741 -0.00571050 0.06486260
v 0.05164659 -0.01006504 0.06504458
v 0.05134385 -0.01107945 0.06478613
v -0.03008764 -0.04317393 0.06506097
v -0.03508353 -0.03914507 0.06491374
v -0.03067541 -0.04261913 0.06481814
v 0.04840922 -0.02048119 0.06482440
v 0.04708445 -0.02350421 0.06499928
v 0.04569405 -0.02592130 0.06479316
v 0.04938954 -0.01816209 0.06500440
v 0.04708445 -0.02350421 0.06499928
v 0.04840922 -0.02048119 0.06482440
v 0.05105501 -0.01280238 0.06504034
v 0.05011773 -0.01554044 0.06473469
v 0.05134385 -0.01107945 0.06478613
v 0.05213356 0.00650279 0.06479060
v 0.05253261 0.00342668 0.06500774
v 0.05257707 -0.00109710 0.06484401
v 0.05134356 0.01111625 0.06478589
v 0.05203402 0.00804178 0.06509757
v 0.05213356 0.00650279 0.06479060
v 0.05203402 0.00804178 0.06509757
v 0.05253261 0.00342668 0.06500774
v 0.05213356 0.00650279 0.06479060
v 0.04831492 0.02084318 0.06498759
v 0.04905933 0.01879475 0.06479269
v 0.04682672 0.02395246 0.06488257
v 0.04905933 0.01879475 0.06479269
v 0.04957091 0.01771155 0.06511282
v 0.05080986 0.01358751 0.06485617
v 0.04957091 0.01771155 0.06511282
v 0.04905933 0.01879475 0.06479269
v 0.04831492 0.02084318 0.06498759
v 0.03737998 0.03704361 0.06502050
v 0.03830099 0.03593401 0.06479519
v 0.03460240 0.03962765 0.06487172
v -0.03008764 -0.04317393 0.06506097
v -0.03067541 -0.04261913 0.06481814
v -0.02594119 -0.04573704 0.06488859
v 0.01394098 -0.05067285 0.06482607
v 0.01702076 -0.04978205 0.06489098
v 0.01181197 -0.05127318 0.06507456
v -0.01207476 -0.05120076 0.06500792
v -0.01509702 -0.05035736 0.06486815
v -0.00825524 -0.05193539 0.06487357
v 0.02478003 -0.04630764 0.06480509
v 0.02713286 -0.04510446 0.06503856
v 0.02184981 -0.04786261 0.06491178
v 0.02809602 -0.04437246 0.06478577
v 0.02982187 -0.04337169 0.06507807
v 0.02713286 -0.04510446 0.06503856
v 0.02809602 -0.04437246 0.06478577
v 0.02713286 -0.04510446 0.06503856
v 0.02478003 -0.04630764 0.06480509
v 0.03306001 -0.04089888 0.06484860
v 0.02982187 -0.04337169 0.06507807
v 0.02809602 -0.04437246 0.06478577
v 0.04569405 -0.02592130 0.06479316
v 0.04516714 -0.02699627 0.06512123
v 0.04321116 -0.03002305 0.06500631
v 0.05134356 0.01111625 0.06478589
v 0.05080986 0.01358751 0.06485617
v 0.05203402 0.00804178 0.06509757
v 0.00955582 -0.05165829 0.06483662
v 0.01181197 -0.05127318 0.06507456
v 0.00588816 -0.05229958 0.06494218
v 0.03601711 -0.03835107 0.06509184
v 0.03306001 -0.04089888 0.06484860
v 0.03743422 -0.03684880 0.06481438
v 0.01394098 -0.05067285 0.06482607
v 0.01181197 -0.05127318 0.06507456
v 0.00955582 -0.05165829 0.06483662
v 0.04041928 0.03363118 0.06485903
v 0.03830099 0.03593401 0.06479519
v 0.03737998 0.03704361 0.06502050
v 0.03968662 -0.03456785 0.06500375
v 0.03743422 -0.03684880 0.06481438
v 0.04091554 -0.03295262 0.06479215
v 0.05134385 -0.01107945 0.06478613
v 0.05164659 -0.01006504 0.06504458
v 0.05105501 -0.01280238 0.06504034
v 0.04346120 -0.02940931 0.06475812
v 0.04321116 -0.03002305 0.06500631
v 0.04091554 -0.03295262 0.06479215
v 0.04321116 -0.03002305 0.06500631
v 0.04346120 -0.02940931 0.06475812
v 0.04569405 -0.02592130 0.06479316
v 0.04516714 -0.02699627 0.06512123
v 0.04569405 -0.02592130 0.06479316
v 0.04708445 -0.02350421 0.06499928
v 0.00207531 0.05482898 0.06514966
v 0.00684863 0.05362896 0.06512379
v 0.00435776 0.05411593 0.06485253
v 0.02523255 0.04619155 0.06507730
v 0.02924132 0.04373172 0.06490558
v 0.02282547 0.04742328 0.06485939
v 0.03460240 0.03962765 0.06487172
v 0.03212440 0.04151598 0.06474334
v 0.02924132 0.04373172 0.06490558
v 0.00964290 0.05259172 0.06476318
v 0.00435776 0.05411593 0.06485253
v 0.00684863 0.05362896 0.06512379
v 0.01140046 0.05221120 0.06501883
v 0.00964290 0.05259172 0.06476318
v 0.00684863 0.05362896 0.06512379
v 0.00964290 0.05259172 0.06476318
v 0.01140046 0.05221120 0.06501883
v 0.01477450 0.05097029 0.06489217
v -0.00281775 0.05591754 0.06524425
v 0.00207531 0.05482898 0.06514966
v 0.00435776 0.05411593 0.06485253
v -0.00281775 0.05591754 0.06524425
v 0.00435776 0.05411593 0.06485253
v -0.00309950 0.05574987 0.06488400
v -0.02423650 0.06291369 0.06531149
v -0.01565289 0.06008491 0.06538671
v -0.01901698 0.06109170 0.06517976
v -0.00309950 0.05574987 0.06488400
v -0.01078444 0.05816064 0.06495672
v -0.01565289 0.06008491 0.06538671
v -0.00281775 0.05591754 0.06524425
v -0.00309950 0.05574987 0.06488400
v -0.01565289 0.06008491 0.06538671
v -0.02410858 0.06249646 0.06491386
v -0.01901698 0.06109170 0.06517976
v -0.01778364 0.06041930 0.06499308
v -0.01901698 0.06109170 0.06517976
v -0.01565289 0.06008491 0.06538671
v -0.01078444 0.05816064 0.06495672
v -0.02410858 0.06249646 0.06491386
v -0.02423650 0.06291369 0.06531149
v -0.01901698 0.06109170 0.06517976
v -0.01778364 0.06041930 0.06499308
v -0.01901698 0.06109170 0.06517976
v -0.01078444 0.05816064 0.06495672
v -0.02721995 0.06308660 0.06493306
v -0.02889937 0.06327019 0.06513935
v -0.02700603 0.06334988 0.06542247
v -0.03197324 0.06255338 0.06497907
v -0.03461420 0.06156961 0.06515675
v -0.03335011 0.06231293 0.06549388
v -0.03197324 0.06255338 0.06497907
v -0.03474175 0.06113860 0.06500369
v -0.03461420 0.06156961 0.06515675
v -0.03197324 0.06255338 0.06497907
v -0.03335011 0.06231293 0.06549388
v -0.03180629 0.06284640 0.06546634
v -0.02889937 0.06327019 0.06513935
v -0.02985537 0.06326798 0.06533026
v -0.02700603 0.06334988 0.06542247
v -0.02985537 0.06326798 0.06533026
v -0.03197324 0.06255338 0.06497907
v -0.03180629 0.06284640 0.06546634
v -0.02889937 0.06327019 0.06513935
v -0.03197324 0.06255338 0.06497907
v -0.02985537 0.06326798 0.06533026
v -0.02721995 0.06308660 0.06493306
v -0.03197324 0.06255338 0.06497907
v -0.02889937 0.06327019 0.06513935
v -0.02423650 0.06291369 0.06531149
v -0.02721995 0.06308660 0.06493306
v -0.02700603 0.06334988 0.06542247
v -0.02410858 0.06249646 0.06491386
v -0.02721995 0.06308660 0.06493306
v -0.02423650 0.06291369 0.06531149
v -0.05650842 0.04409436 0.06558549
v -0.05391097 0.04710970 0.06553834
v -0.05381304 0.04680691 0.06543970
v -0.04451704 0.05574581 0.06555336
v -0.04340368 0.05614368 0.06530261
v -0.04860723 0.05206332 0.06542575
v -0.04978650 0.05143038 0.06559550
v -0.04451704 0.05574581 0.06555336
v -0.04860723 0.05206332 0.06542575
v -0.04777479 0.05335322 0.06591552
v -0.04451704 0.05574581 0.06555336
v -0.04978650 0.05143038 0.06559550
v -0.06299805 0.03362558 0.06537288
v -0.06357502 0.03277049 0.06576126
v -0.06090760 0.03791485 0.06575971
v -0.06158220 0.03574703 0.06530398
v -0.05908542 0.04037252 0.06545454
v -0.05914980 0.03964511 0.06538248
v -0.06090760 0.03791485 0.06575971
v -0.05801719 0.04231903 0.06582188
v -0.05908542 0.04037252 0.06545454
v -0.06770676 0.01917825 0.06494623
v -0.06674534 0.02368215 0.06514620
v -0.06618255 0.02480612 0.06507408
v -0.06674587 0.02426199 0.06553626
v -0.06674534 0.02368215 0.06514620
v -0.06801718 0.01892922 0.06524813
v -0.06674534 0.02368215 0.06514620
v -0.06770676 0.01917825 0.06494623
v -0.06801718 0.01892922 0.06524813
v -0.06463307 0.02944962 0.06517851
v -0.06299805 0.03362558 0.06537288
v -0.06237608 0.03422091 0.06526643
v -0.03461420 0.06156961 0.06515675
v -0.03768628 0.05967167 0.06511402
v -0.03843981 0.05965189 0.06537580
v -0.04265195 0.05716417 0.06582415
v -0.03843981 0.05965189 0.06537580
v -0.04145669 0.05775389 0.06536281
v -0.04145669 0.05775389 0.06536281
v -0.04340368 0.05614368 0.06530261
v -0.04451704 0.05574581 0.06555336
v -0.03670138 0.06069515 0.06563347
v -0.03335011 0.06231293 0.06549388
v -0.03461420 0.06156961 0.06515675
v -0.06674534 0.02368215 0.06514620
v -0.06541174 0.02836386 0.06557887
v -0.06463307 0.02944962 0.06517851
v -0.06674587 0.02426199 0.06553626
v -0.06541174 0.02836386 0.06557887
v -0.06674534 0.02368215 0.06514620
v -0.03670138 0.06069515 0.06563347
v -0.03843981 0.05965189 0.06537580
v -0.04265195 0.05716417 0.06582415
v -0.06801718 0.01892922 0.06524813
v -0.06782972 0.02001188 0.06554818
v -0.06674587 0.02426199 0.06553626
v -0.03843981 0.05965189 0.06537580
v -0.03670138 0.06069515 0.06563347
v -0.03461420 0.06156961 0.06515675
v -0.05364561 0.04770694 0.06585586
v -0.05108124 0.05036077 0.06586867
v -0.04978650 0.05143038 0.06559550
v -0.05650842 0.04409436 0.06558549
v -0.05381304 0.04680691 0.06543970
v -0.05908542 0.04037252 0.06545454
v -0.05650842 0.04409436 0.06558549
v -0.05908542 0.04037252 0.06545454
v -0.05801719 0.04231903 0.06582188
v -0.05801719 0.04231903 0.06582188
v -0.05527389 0.04586468 0.06592279
v -0.05650842 0.04409436 0.06558549
v -0.04340368 0.05614368 0.06530261
v -0.04145669 0.05775389 0.06536281
v -0.03768628 0.05967167 0.06511402
v -0.06299805 0.03362558 0.06537288
v -0.05908542 0.04037252 0.06545454
v -0.06158220 0.03574703 0.06530398
v -0.06299805 0.03362558 0.06537288
v -0.06090760 0.03791485 0.06575971
v -0.05908542 0.04037252 0.06545454
v -0.06541174 0.02836386 0.06557887
v -0.06299805 0.03362558 0.06537288
v -0.06463307 0.02944962 0.06517851
v -0.06674534 0.02368215 0.06514620
v -0.06463307 0.02944962 0.06517851
v -0.06618255 0.02480612 0.06507408
v -0.04265195 0.05716417 0.06582415
v -0.04145669 0.05775389 0.06536281
v -0.04451704 0.05574581 0.06555336
v -0.05391097 0.04710970 0.06553834
v -0.04978650 0.05143038 0.06559550
v -0.04860723 0.05206332 0.06542575
v -0.03768628 0.05967167 0.06511402
v -0.03461420 0.06156961 0.06515675
v -0.03474175 0.06113860 0.06500369
v -0.04777479 0.05335322 0.06591552
v -0.04265195 0.05716417 0.06582415
v -0.04451704 0.05574581 0.06555336
v -0.05108124 0.05036077 0.06586867
v -0.04777479 0.05335322 0.06591552
v -0.04978650 0.05143038 0.06559550
v -0.05391097 0.04710970 0.06553834
v -0.04860723 0.05206332 0.06542575
v -0.05381304 0.04680691 0.06543970
v -0.03843981 0.05965189 0.06537580
v -0.03768628 0.05967167 0.06511402
v -0.04145669 0.05775389 0.06536281
v -0.05391097 0.04710970 0.06553834
v -0.05364561 0.04770694 0.06585586
v -0.04978650 0.05143038 0.06559550
v -0.05381304 0.04680691 0.06543970
v -0.06299805 0.03362558 0.06537288
v -0.06541174 0.02836386 0.06557887
v -0.06357502 0.03277049 0.06576126
v -0.05391097 0.04710970 0.06553834
v -0.05527389 0.04586468 0.06592279
v -0.05364561 0.04770694 0.06585586
v -0.05527389 0.04586468 0.06592279
v -0.05391097 0.04710970 0.06553834
v -0.05650842 0.04409436 0.06558549
v -0.06299805 0.03362558 0.06537288
v -0.06158220 0.03574703 0.06530398
v -0.06237608 0.03422091 0.06526643
v -0.06814807 0.01744751 0.06547528
v -0.06801211 0.01606831 0.06501632
v -0.06806868 0.01547406 0.06532233
v -0.06806868 0.01547406 0.06532233
v -0.06752872 0.01321969 0.06503731
v -0.06770718 0.01355228 0.06539428
v -0.06697958 0.01194505 0.06494903
v -0.06539416 0.00884775 0.06511044
v -0.06676322 0.01091848 0.06536149
v -0.06752872 0.01321969 0.06503731
v -0.06697958 0.01194505 0.06494903
v -0.06676322 0.01091848 0.06536149
v -0.06752872 0.01321969 0.06503731
v -0.06676322 0.01091848 0.06536149
v -0.06770718 0.01355228 0.06539428
v -0.06767976 0.01480708 0.06484168
v -0.06697958 0.01194505 0.06494903
v -0.06752872 0.01321969 0.06503731
v -0.06801718 0.01892922 0.06524813
v -0.06801211 0.01606831 0.06501632
v -0.06814807 0.01744751 0.06547528
v -0.06770676 0.01917825 0.06494623
v -0.06801211 0.01606831 0.06501632
v -0.06801718 0.01892922 0.06524813
v -0.06770676 0.01917825 0.06494623
v -0.06767976 0.01480708 0.06484168
v -0.06801211 0.01606831 0.06501632
v -0.06801211 0.01606831 0.06501632
v -0.06767976 0.01480708 0.06484168
v -0.06752872 0.01321969 0.06503731
v -0.06801211 0.01606831 0.06501632
v -0.06752872 0.01321969 0.06503731
v -0.06806868 0.01547406 0.06532233
v -0.06782972 0.02001188 0.06554818
v -0.06801718 0.01892922 0.06524813
v -0.06814807 0.01744751 0.06547528
v -0.05861812 -0.00295009 0.06498748
v -0.05515170 -0.00894381 0.06484472
v -0.05505383 -0.00945111 0.06515026
v -0.06512504 0.00816748 0.06563079
v -0.05861812 -0.00295009 0.06498748
v -0.05505383 -0.00945111 0.06515026
v -0.06676322 0.01091848 0.06536149
v -0.06358087 0.00574593 0.06518805
v -0.06512504 0.00816748 0.06563079
v -0.06126087 0.00198100 0.06506478
v -0.05861812 -0.00295009 0.06498748
v -0.06358087 0.00574593 0.06518805
v -0.06512504 0.00816748 0.06563079
v -0.06358087 0.00574593 0.06518805
v -0.05861812 -0.00295009 0.06498748
v -0.06676322 0.01091848 0.06536149
v -0.06539416 0.00884775 0.06511044
v -0.06358087 0.00574593 0.06518805
v -0.05505383 -0.00945111 0.06515026
v -0.05515170 -0.00894381 0.06484472
v -0.05237996 -0.01496299 0.06494081
v -0.03898352 -0.03507044 0.06480407
v -0.03508353 -0.03914507 0.06491374
v -0.03811681 -0.03623445 0.06508165
v -0.04239279 -0.03121556 0.06497824
v -0.04023098 -0.03373619 0.06491088
v -0.03811681 -0.03623445 0.06508165
v -0.04512250 -0.02731605 0.06490987
v -0.04239279 -0.03121556 0.06497824
v -0.04581844 -0.02655842 0.06523644
v -0.04581844 -0.02655842 0.06523644
v -0.04878377 -0.02173700 0.06503266
v -0.04512250 -0.02731605 0.06490987
v -0.04878377 -0.02173700 0.06503266
v -0.05136758 -0.01719304 0.06523919
v -0.05003315 -0.01938625 0.06494444
v -0.05237996 -0.01496299 0.06494081
v -0.05003315 -0.01938625 0.06494444
v -0.05136758 -0.01719304 0.06523919
v -0.05237996 -0.01496299 0.06494081
v -0.05136758 -0.01719304 0.06523919
v -0.05505383 -0.00945111 0.06515026
v -0.03898352 -0.03507044 0.06480407
v -0.03811681 -0.03623445 0.06508165
v -0.04023098 -0.03373619 0.06491088
v -0.06020408 0.02865783 0.05537420
v -0.05604231 0.02589777 0.06375330
v -0.05429828 0.02831808 0.06379234
v -0.04135048 -0.03005256 0.06311112
v -0.04009473 -0.03041442 0.06328833
v -0.04117906 -0.03010269 0.06352365
v -0.05963683 0.03058818 0.05498301
v -0.06020408 0.02865783 0.05537420
v -0.05429828 0.02831808 0.06379234
v -0.04450047 -0.02545633 0.06352967
v -0.04135048 -0.03005256 0.06311112
v -0.04117906 -0.03010269 0.06352365
v -0.05963683 0.03058818 0.05498301
v -0.05429828 0.02831808 0.06379234
v -0.05288141 0.03003607 0.06386923
v -0.05946511 0.03232035 0.05428963
v -0.05963683 0.03058818 0.05498301
v -0.05288141 0.03003607 0.06386923
v -0.04681313 -0.02223303 0.06276232
v -0.04135048 -0.03005256 0.06311112
v -0.04450047 -0.02545633 0.06352967
v -0.05946511 0.03232035 0.05428963
v -0.05288141 0.03003607 0.06386923
v -0.04655808 0.04014483 0.05830127
v -0.05113381 -0.01522710 0.06354385
v -0.04681313 -0.02223303 0.06276232
v -0.04450047 -0.02545633 0.06352967
v -0.05115813 -0.01567187 0.06205332
v -0.04681313 -0.02223303 0.06276232
v -0.05113381 -0.01522710 0.06354385
v -0.05678898 0.03640387 0.05436742
v -0.05946511 0.03232035 0.05428963
v -0.04655808 0.04014483 0.05830127
v -0.06215924 0.01020411 0.05506289
v -0.05943799 0.00488857 0.06362789
v -0.05993092 0.00803242 0.06371510
v -0.06215924 0.01020411 0.05506289
v -0.06098341 0.00582961 0.05631345
v -0.05943799 0.00488857 0.06362789
v -0.05678898 0.03640387 0.05436742
v -0.04655808 0.04014483 0.05830127
v -0.04723227 0.04041312 0.05758357
v -0.06250309 0.01855258 0.05614256
v -0.06332081 0.01692740 0.05402565
v -0.06000673 0.01561919 0.06357055
v -0.05678898 0.03640387 0.05436742
v -0.04723227 0.04041312 0.05758357
v -0.04792732 0.04100112 0.05664443
v -0.05484992 0.03866747 0.05439347
v -0.05678898 0.03640387 0.05436742
v -0.04792732 0.04100112 0.05664443
v -0.05425494 -0.01051410 0.06114858
v -0.05115813 -0.01567187 0.06205332
v -0.05113381 -0.01522710 0.06354385
v -0.05425494 -0.01051410 0.06114858
v -0.05113381 -0.01522710 0.06354385
v -0.05463838 -0.00886645 0.06354457
v -0.06215924 0.01020411 0.05506289
v -0.05993092 0.00803242 0.06371510
v -0.06015896 0.01066033 0.06365889
v -0.05484992 0.03866747 0.05439347
v -0.04792732 0.04100112 0.05664443
v -0.04760587 0.04221180 0.05587697
v -0.05067944 0.04245249 0.05442190
v -0.05484992 0.03866747 0.05439347
v -0.04760587 0.04221180 0.05587697
v -0.06285971 0.01335374 0.05441009
v -0.06215924 0.01020411 0.05506289
v -0.06015896 0.01066033 0.06365889
v -0.06285971 0.01335374 0.05441009
v -0.06015896 0.01066033 0.06365889
v -0.06022018 0.01291732 0.06357055
v -0.05698812 -0.00519158 0.05985540
v -0.05425494 -0.01051410 0.06114858
v -0.05463838 -0.00886645 0.06354457
v -0.05698812 -0.00519158 0.05985540
v -0.05463838 -0.00886645 0.06354457
v -0.05711704 -0.00319072 0.06355321
v -0.06317824 0.01555232 0.05415099
v -0.06285971 0.01335374 0.05441009
v -0.06022018 0.01291732 0.06357055
v -0.06317824 0.01555232 0.05415099
v -0.06022018 0.01291732 0.06357055
v -0.06000673 0.01561919 0.06357055
v -0.06250309 0.01855258 0.05614256
v -0.06000673 0.01561919 0.06357055
v -0.05903804 0.01979188 0.06361424
v -0.05955129 0.00129251 0.05781728
v -0.05711704 -0.00319072 0.06355321
v -0.05842947 0.00084702 0.06357657
v -0.05955129 0.00129251 0.05781728
v -0.05698812 -0.00519158 0.05985540
v -0.05711704 -0.00319072 0.06355321
v -0.06328010 0.02038721 0.05396682
v -0.06250309 0.01855258 0.05614256
v -0.05903804 0.01979188 0.06361424
v -0.06186550 0.02159200 0.05650252
v -0.06328010 0.02038721 0.05396682
v -0.05903804 0.01979188 0.06361424
v -0.06186550 0.02159200 0.05650252
v -0.05903804 0.01979188 0.06361424
v -0.05796915 0.02242265 0.06367301
v -0.06173563 0.02384696 0.05568099
v -0.06186550 0.02159200 0.05650252
v -0.05796915 0.02242265 0.06367301
v -0.04615134 0.03899256 0.05985671
v -0.04918634 0.03362957 0.06395149
v -0.04644644 0.03575460 0.06393814
v -0.06173563 0.02384696 0.05568099
v -0.05796915 0.02242265 0.06367301
v -0.05708736 0.02415571 0.06371194
v -0.04615134 0.03899256 0.05985671
v -0.05105173 0.03189746 0.06391364
v -0.04918634 0.03362957 0.06395149
v -0.06332081 0.01692740 0.05402565
v -0.06317824 0.01555232 0.05415099
v -0.06000673 0.01561919 0.06357055
v -0.06087476 0.02675227 0.05554634
v -0.06173563 0.02384696 0.05568099
v -0.05708736 0.02415571 0.06371194
v -0.05955129 0.00129251 0.05781728
v -0.05842947 0.00084702 0.06357657
v -0.05943799 0.00488857 0.06362789
v -0.04655808 0.04014483 0.05830127
v -0.05105173 0.03189746 0.06391364
v -0.04615134 0.03899256 0.05985671
v -0.06087476 0.02675227 0.05554634
v -0.05708736 0.02415571 0.06371194
v -0.05604231 0.02589777 0.06375330
v -0.04655808 0.04014483 0.05830127
v -0.05288141 0.03003607 0.06386923
v -0.05105173 0.03189746 0.06391364
v -0.06098341 0.00582961 0.05631345
v -0.05955129 0.00129251 0.05781728
v -0.05943799 0.00488857 0.06362789
v -0.06020408 0.02865783 0.05537420
v -0.06087476 0.02675227 0.05554634
v -0.05604231 0.02589777 0.06375330
v -0.03678983 0.04669688 0.05613666
v -0.03320950 0.04787282 0.05596208
v -0.03241676 0.04959873 0.05426687
v -0.04270631 0.04164794 0.05907177
v -0.04644644 0.03575460 0.06393814
v -0.04361701 0.03771225 0.06395643
v -0.04270631 0.04164794 0.05907177
v -0.04361701 0.03771225 0.06395643
v -0.04023975 0.04143951 0.06116592
v -0.04270631 0.04164794 0.05907177
v -0.04615134 0.03899256 0.05985671
v -0.04644644 0.03575460 0.06393814
v -0.04270631 0.04164794 0.05907177
v -0.04414874 0.04276351 0.05705899
v -0.04615134 0.03899256 0.05985671
v -0.03940033 0.04422531 0.05787742
v -0.03940033 0.04422531 0.05787742
v -0.04023975 0.04143951 0.06116592
v -0.03445088 0.04581520 0.05822402
v -0.03940033 0.04422531 0.05787742
v -0.04056483 0.04562572 0.05588454
v -0.04270631 0.04164794 0.05907177
v -0.03678983 0.04669688 0.05613666
v -0.03940033 0.04422531 0.05787742
v -0.03445088 0.04581520 0.05822402
v -0.03678983 0.04669688 0.05613666
v -0.04056483 0.04562572 0.05588454
v -0.03940033 0.04422531 0.05787742
v -0.03320950 0.04787282 0.05596208
v -0.03678983 0.04669688 0.05613666
v -0.03445088 0.04581520 0.05822402
v -0.02924394 0.04779277 0.05755490
v -0.03320950 0.04787282 0.05596208
v -0.03445088 0.04581520 0.05822402
v -0.04023975 0.04143951 0.06116592
v -0.04361701 0.03771225 0.06395643
v -0.03700786 0.04148439 0.06399542
v -0.03745335 0.04252932 0.06154137
v -0.04023975 0.04143951 0.06116592
v -0.03700786 0.04148439 0.06399542
v -0.03745335 0.04252932 0.06154137
v -0.03700786 0.04148439 0.06399542
v -0.03449696 0.04371938 0.06170523
v -0.03745335 0.04252932 0.06154137
v -0.03445088 0.04581520 0.05822402
v -0.04023975 0.04143951 0.06116592
v -0.03445088 0.04581520 0.05822402
v -0.03449696 0.04371938 0.06170523
v -0.03007578 0.04579404 0.06085962
v -0.03445088 0.04581520 0.05822402
v -0.03745335 0.04252932 0.06154137
v -0.03449696 0.04371938 0.06170523
v -0.02924394 0.04779277 0.05755490
v -0.03445088 0.04581520 0.05822402
v -0.03007578 0.04579404 0.06085962
v -0.02924394 0.04779277 0.05755490
v -0.03007578 0.04579404 0.06085962
v -0.02513575 0.04876319 0.05764335
v -0.03007578 0.04579404 0.06085962
v -0.03700786 0.04148439 0.06399542
v -0.02853858 0.04508225 0.06388705
v -0.03449696 0.04371938 0.06170523
v -0.03700786 0.04148439 0.06399542
v -0.03007578 0.04579404 0.06085962
v -0.02513575 0.04876319 0.05764335
v -0.03007578 0.04579404 0.06085962
v -0.02280390 0.04857085 0.05934327
v -0.02280390 0.04857085 0.05934327
v -0.03007578 0.04579404 0.06085962
v -0.02161645 0.04739949 0.06375837
v -0.03007578 0.04579404 0.06085962
v -0.02853858 0.04508225 0.06388705
v -0.02161645 0.04739949 0.06375837
v -0.01703149 0.05023680 0.05804294
v -0.02161645 0.04739949 0.06375837
v -0.01452165 0.04936669 0.06364971
v -0.01090615 0.05161801 0.05628407
v -0.01703149 0.05023680 0.05804294
v -0.01452165 0.04936669 0.06364971
v 0.04837793 -0.01316317 0.06301802
v 0.04727590 -0.01599433 0.06318217
v 0.04857081 -0.01146861 0.06318426
v 0.02315032 0.04447732 0.06303101
v 0.02198082 0.04481575 0.06314510
v 0.01949208 0.04616776 0.06300008
v 0.04576969 -0.02057316 0.06303703
v 0.04544109 -0.02067419 0.06313043
v 0.04727590 -0.01599433 0.06318217
v 0.04544109 -0.02067419 0.06313043
v 0.04576969 -0.02057316 0.06303703
v 0.04527688 -0.02170463 0.06306219
v 0.04490453 -0.02184232 0.06310707
v 0.04527688 -0.02170463 0.06306219
v 0.04470402 -0.02284517 0.06306612
v 0.02411961 0.04376325 0.06308281
v 0.02198082 0.04481575 0.06314510
v 0.02315032 0.04447732 0.06303101
v 0.04433310 -0.02298220 0.06310647
v 0.04470402 -0.02284517 0.06306612
v 0.04396545 -0.02412357 0.06303954
v 0.04369169 -0.02407690 0.06317871
v 0.04396545 -0.02412357 0.06303954
v 0.04333662 -0.02523680 0.06303811
v 0.03349208 0.03732655 0.06303763
v 0.03221762 0.03803823 0.06324863
v 0.03152453 0.03901378 0.06304782
v 0.03725719 0.03361389 0.06302702
v 0.03390145 0.03665314 0.06319254
v 0.03349208 0.03732655 0.06303763
v 0.04306101 -0.02518596 0.06317913
v 0.04333662 -0.02523680 0.06303811
v 0.04276949 -0.02630366 0.06306290
v 0.04222244 -0.02702285 0.06301689
v 0.04200714 -0.02693243 0.06316292
v 0.04276949 -0.02630366 0.06306290
v 0.04058384 0.02948532 0.06302797
v 0.03970330 0.03024725 0.06319069
v 0.03725719 0.03361389 0.06302702
v 0.04327040 0.02495101 0.06310486
v 0.04350382 0.02499894 0.06303095
v 0.04452157 0.02306608 0.06302726
v 0.04590380 0.02015344 0.06302368
v 0.04569566 0.02014336 0.06310564
v 0.04452157 0.02306608 0.06302726
v 0.04741734 0.01627419 0.06301885
v 0.04723095 0.01614288 0.06318193
v 0.04590380 0.02015344 0.06302368
v 0.04034847 -0.02946235 0.06304049
v 0.04200714 -0.02693243 0.06316292
v 0.04222244 -0.02702285 0.06301689
v 0.04857665 0.01228831 0.06301879
v 0.04842782 0.01212046 0.06313735
v 0.04741734 0.01627419 0.06301885
v 0.04887992 0.01105295 0.06301289
v 0.04842782 0.01212046 0.06313735
v 0.04857665 0.01228831 0.06301879
v 0.04919809 0.00980900 0.06302231
v 0.04871428 0.01077179 0.06318211
v 0.04887992 0.01105295 0.06301289
v 0.04994827 0.00473372 0.06302994
v 0.04951697 0.00617532 0.06319111
v 0.04919809 0.00980900 0.06302231
v 0.04034847 -0.02946235 0.06304049
v 0.04222244 -0.02702285 0.06301689
v 0.04047358 -0.02971234 0.06306278
v 0.04990005 -0.00210687 0.06310039
v 0.05012923 0.00141660 0.06302523
v 0.05011814 -0.00217213 0.06302630
v 0.04955434 -0.00772233 0.06301987
v 0.04949069 -0.00643571 0.06318408
v 0.05011814 -0.00217213 0.06302630
v 0.04837793 -0.01316317 0.06301802
v 0.04857081 -0.01146861 0.06318426
v 0.04955434 -0.00772233 0.06301987
v 0.04753512 -0.01597352 0.06303679
v 0.03954744 -0.03048684 0.06309825
v 0.04047358 -0.02971234 0.06306278
v 0.03961825 -0.03084327 0.06306481
v 0.04576969 -0.02057316 0.06303703
v 0.04727590 -0.01599433 0.06318217
v 0.04753512 -0.01597352 0.06303679
v 0.03954744 -0.03048684 0.06309825
v 0.04034847 -0.02946235 0.06304049
v 0.04047358 -0.02971234 0.06306278
v 0.03873312 -0.03148653 0.06312614
v 0.03961825 -0.03084327 0.06306481
v 0.03864270 -0.03217735 0.06309294
v 0.04490453 -0.02184232 0.06310707
v 0.04544109 -0.02067419 0.06313043
v 0.04527688 -0.02170463 0.06306219
v 0.04433310 -0.02298220 0.06310647
v 0.04490453 -0.02184232 0.06310707
v 0.04470402 -0.02284517 0.06306612
v 0.04369169 -0.02407690 0.06317871
v 0.04433310 -0.02298220 0.06310647
v 0.04396545 -0.02412357 0.06303954
v 0.03709805 -0.03341897 0.06311672
v 0.03864270 -0.03217735 0.06309294
v 0.03706115 -0.03387483 0.06306535
v 0.04306101 -0.02518596 0.06317913
v 0.04200714 -0.02693243 0.06316292
v 0.04306101 -0.02518596 0.06317913
v 0.04276949 -0.02630366 0.06306290
v 0.03615379 -0.03440400 0.06319600
v 0.03706115 -0.03387483 0.06306535
v 0.03625839 -0.03459557 0.06303793
v 0.03873312 -0.03148653 0.06312614
v 0.03954744 -0.03048684 0.06309825
v 0.03961825 -0.03084327 0.06306481
v 0.03709805 -0.03341897 0.06311672
v 0.03873312 -0.03148653 0.06312614
v 0.03864270 -0.03217735 0.06309294
v 0.03615379 -0.03440400 0.06319600
v 0.03709805 -0.03341897 0.06311672
v 0.03706115 -0.03387483 0.06306535
v 0.03615379 -0.03440400 0.06319600
v 0.03625839 -0.03459557 0.06303793
v 0.03362298 -0.03719200 0.06302827
v 0.02745229 -0.04166891 0.06316602
v 0.02990001 -0.04000791 0.06308740
v 0.02923870 -0.04078432 0.06305664
v 0.03362298 -0.03719200 0.06302827
v 0.03332614 -0.03713925 0.06319159
v 0.03615379 -0.03440400 0.06319600
v 0.02447408 -0.04374685 0.06302350
v 0.02569144 -0.04278346 0.06319713
v 0.02701807 -0.04225005 0.06303197
v 0.02049988 -0.04574855 0.06303387
v 0.02040570 -0.04558458 0.06313854
v 0.02447408 -0.04374685 0.06302350
v 0.01781511 -0.04684509 0.06303393
v 0.02040570 -0.04558458 0.06313854
v 0.02049988 -0.04574855 0.06303387
v 0.01391404 -0.04816415 0.06303280
v 0.01481831 -0.04766227 0.06319850
v 0.01781511 -0.04684509 0.06303393
v 0.03332614 -0.03713925 0.06319159
v 0.03362298 -0.03719200 0.06302827
v 0.02990001 -0.04000791 0.06308740
v 0.02923870 -0.04078432 0.06305664
v 0.02990001 -0.04000791 0.06308740
v 0.03362298 -0.03719200 0.06302827
v -0.00178456 -0.04986109 0.06321167
v 0.00259954 -0.05007054 0.06303542
v -0.00172108 -0.05012836 0.06305515
v -0.00178456 -0.04986109 0.06321167
v 0.00252074 -0.04987510 0.06308573
v 0.00259954 -0.05007054 0.06303542
v -0.00402999 -0.04975321 0.06316947
v -0.00178456 -0.04986109 0.06321167
v -0.00358814 -0.05004902 0.06304931
v 0.02797305 -0.04155482 0.06301140
v 0.02745229 -0.04166891 0.06316602
v 0.02923870 -0.04078432 0.06305664
v -0.00672352 -0.04967632 0.06303393
v -0.00402999 -0.04975321 0.06316947
v -0.00358814 -0.05004902 0.06304931
v -0.01110249 -0.04887875 0.06305259
v -0.01014173 -0.04887875 0.06320548
v -0.00672352 -0.04967632 0.06303393
v -0.01717633 -0.04717280 0.06305658
v -0.01014173 -0.04887875 0.06320548
v -0.01110249 -0.04887875 0.06305259
v 0.02797305 -0.04155482 0.06301140
v 0.02701807 -0.04225005 0.06303197
v 0.02745229 -0.04166891 0.06316602
v -0.02273869 -0.04440697 0.06317758
v -0.02094030 -0.04536148 0.06312483
v -0.02325284 -0.04447200 0.06308680
v -0.02395457 -0.04379608 0.06315225
v -0.02273869 -0.04440697 0.06317758
v -0.02325284 -0.04447200 0.06308680
v -0.02496773 -0.04322775 0.06315255
v -0.02395457 -0.04379608 0.06315225
v -0.02452284 -0.04382087 0.06310838
v -0.02609914 -0.04254665 0.06315720
v -0.02496773 -0.04322775 0.06315255
v -0.02563035 -0.04318299 0.06311076
v -0.02726012 -0.04181935 0.06315666
v -0.02609914 -0.04254665 0.06315720
v -0.02672064 -0.04251684 0.06311333
v 0.02701807 -0.04225005 0.06303197
v 0.02569144 -0.04278346 0.06319713
v 0.02745229 -0.04166891 0.06316602
v -0.02837663 -0.04107006 0.06315863
v -0.02726012 -0.04181935 0.06315666
v -0.02779364 -0.04182400 0.06311607
v -0.02945238 -0.04029705 0.06316369
v -0.02837663 -0.04107006 0.06315863
v -0.02895528 -0.04102077 0.06312453
v -0.03060925 -0.03941478 0.06324046
v -0.02945238 -0.04029705 0.06316369
v -0.02999413 -0.04027565 0.06312203
v -0.03060925 -0.03941478 0.06324046
v -0.03079241 -0.03954937 0.06308770
v -0.03355985 -0.03725834 0.06308996
v -0.03500479 -0.03588911 0.06308585
v -0.03431046 -0.03618844 0.06326562
v -0.03355985 -0.03725834 0.06308996
v -0.03594273 -0.03455271 0.06329059
v -0.03500479 -0.03588911 0.06308585
v -0.03640753 -0.03452142 0.06312197
v -0.04009473 -0.03041442 0.06328833
v -0.03885710 -0.03126629 0.06326264
v -0.03843837 -0.03221651 0.06311470
v 0.02447408 -0.04374685 0.06302350
v 0.02040570 -0.04558458 0.06313854
v 0.02569144 -0.04278346 0.06319713
v 0.01781511 -0.04684509 0.06303393
v 0.01481831 -0.04766227 0.06319850
v 0.02040570 -0.04558458 0.06313854
v 0.00928140 -0.04905816 0.06316977
v 0.01391404 -0.04816415 0.06303280
v 0.00918061 -0.04930069 0.06303423
v 0.00928140 -0.04905816 0.06316977
v 0.01481831 -0.04766227 0.06319850
v 0.01391404 -0.04816415 0.06303280
v 0.02626353 0.04244242 0.06316375
v 0.02411961 0.04376325 0.06308281
v 0.02636796 0.04255364 0.06306487
v 0.02935564 0.04056725 0.06304496
v 0.02626353 0.04244242 0.06316375
v 0.02636796 0.04255364 0.06306487
v 0.02935564 0.04056725 0.06304496
v 0.02945572 0.04027591 0.06318306
v 0.02626353 0.04244242 0.06316375
v 0.02935564 0.04056725 0.06304496
v 0.03152453 0.03901378 0.06304782
v 0.03107059 0.03907314 0.06318283
v 0.00918061 -0.04930069 0.06303423
v 0.00610495 -0.04981603 0.06305491
v 0.00617385 -0.04954489 0.06310510
v 0.00928140 -0.04905816 0.06316977
v 0.00918061 -0.04930069 0.06303423
v 0.00617385 -0.04954489 0.06310510
v 0.02935564 0.04056725 0.06304496
v 0.03107059 0.03907314 0.06318283
v 0.02945572 0.04027591 0.06318306
v 0.00617385 -0.04954489 0.06310510
v 0.00610495 -0.04981603 0.06305491
v 0.00462639 -0.04965241 0.06322985
v 0.03152453 0.03901378 0.06304782
v 0.03221762 0.03803823 0.06324863
v 0.03107059 0.03907314 0.06318283
v 0.00259954 -0.05007054 0.06303542
v 0.00462639 -0.04965241 0.06322985
v 0.00610495 -0.04981603 0.06305491
v 0.00252074 -0.04987510 0.06308573
v 0.00462639 -0.04965241 0.06322985
v 0.00259954 -0.05007054 0.06303542
v 0.03221762 0.03803823 0.06324863
v 0.03349208 0.03732655 0.06303763
v 0.03390145 0.03665314 0.06319254
v -0.00178456 -0.04986109 0.06321167
v -0.00172108 -0.05012836 0.06305515
v -0.00358814 -0.05004902 0.06304931
v 0.03725719 0.03361389 0.06302702
v 0.03668898 0.03389845 0.06314343
v 0.03390145 0.03665314 0.06319254
v 0.03722900 0.03332678 0.06307595
v 0.03668898 0.03389845 0.06314343
v 0.03725719 0.03361389 0.06302702
v 0.03725719 0.03361389 0.06302702
v 0.03970330 0.03024725 0.06319069
v 0.03722900 0.03332678 0.06307595
v -0.00672352 -0.04967632 0.06303393
v -0.01014173 -0.04887875 0.06320548
v -0.00402999 -0.04975321 0.06316947
v 0.04043591 0.02929309 0.06310129
v 0.03970330 0.03024725 0.06319069
v 0.04058384 0.02948532 0.06302797
v 0.04350382 0.02499894 0.06303095
v 0.04043591 0.02929309 0.06310129
v 0.04058384 0.02948532 0.06302797
v 0.04327040 0.02495101 0.06310486
v -0.01687479 -0.04697497 0.06321531
v -0.01708602 -0.04694255 0.06309241
v -0.01687479 -0.04697497 0.06321531
v -0.01717633 -0.04717280 0.06305658
v 0.04452157 0.02306608 0.06302726
v 0.04440385 0.02275733 0.06318068
v 0.04327040 0.02495101 0.06310486
v -0.02325284 -0.04447200 0.06308680
v -0.02094030 -0.04536148 0.06312483
v -0.01708602 -0.04694255 0.06309241
v -0.02325284 -0.04447200 0.06308680
v -0.01708602 -0.04694255 0.06309241
v -0.01717633 -0.04717280 0.06305658
v 0.04452157 0.02306608 0.06302726
v 0.04569566 0.02014336 0.06310564
v 0.04440385 0.02275733 0.06318068
v -0.02395457 -0.04379608 0.06315225
v -0.02325284 -0.04447200 0.06308680
v -0.02452284 -0.04382087 0.06310838
v -0.02563035 -0.04318299 0.06311076
v -0.02609914 -0.04254665 0.06315720
v -0.02563035 -0.04318299 0.06311076
v -0.02672064 -0.04251684 0.06311333
v -0.02726012 -0.04181935 0.06315666
v -0.02672064 -0.04251684 0.06311333
v -0.02779364 -0.04182400 0.06311607
v -0.02895528 -0.04102077 0.06312453
v -0.02945238 -0.04029705 0.06316369
v -0.02895528 -0.04102077 0.06312453
v -0.02999413 -0.04027565 0.06312203
v -0.03060925 -0.03941478 0.06324046
v -0.02999413 -0.04027565 0.06312203
v -0.03079241 -0.03954937 0.06308770
v 0.04590380 0.02015344 0.06302368
v 0.04723095 0.01614288 0.06318193
v 0.04569566 0.02014336 0.06310564
v -0.03355985 -0.03725834 0.06308996
v -0.03431046 -0.03618844 0.06326562
v -0.03060925 -0.03941478 0.06324046
v 0.04741734 0.01627419 0.06301885
v 0.04842782 0.01212046 0.06313735
v 0.04723095 0.01614288 0.06318193
v -0.03500479 -0.03588911 0.06308585
v -0.03594273 -0.03455271 0.06329059
v -0.03431046 -0.03618844 0.06326562
v 0.04842782 0.01212046 0.06313735
v -0.03717976 -0.03362276 0.06309831
v -0.03594273 -0.03455271 0.06329059
v -0.03640753 -0.03452142 0.06312197
v 0.04899495 0.00968389 0.06308794
v 0.04871428 0.01077179 0.06318211
v 0.04919809 0.00980900 0.06302231
v -0.03717976 -0.03362276 0.06309831
v -0.03765887 -0.03270002 0.06325989
v -0.03594273 -0.03455271 0.06329059
v 0.04919809 0.00980900 0.06302231
v 0.04951697 0.00617532 0.06319111
v 0.04899495 0.00968389 0.06308794
v -0.03780192 -0.03286173 0.06307476
v -0.03765887 -0.03270002 0.06325989
v -0.03717976 -0.03362276 0.06309831
v -0.03780192 -0.03286173 0.06307476
v -0.03843837 -0.03221651 0.06311470
v -0.03765887 -0.03270002 0.06325989
v -0.03843837 -0.03221651 0.06311470
v -0.03885710 -0.03126629 0.06326264
v -0.03765887 -0.03270002 0.06325989
v 0.04974943 0.00442062 0.06312215
v 0.04951697 0.00617532 0.06319111
v 0.04994827 0.00473372 0.06302994
v 0.05012923 0.00141660 0.06302523
v 0.04974943 0.00442062 0.06312215
v 0.04994827 0.00473372 0.06302994
v 0.05012923 0.00141660 0.06302523
v 0.04988372 0.00144194 0.06316214
v 0.04974943 0.00442062 0.06312215
v 0.05012923 0.00141660 0.06302523
v 0.04990005 -0.00210687 0.06310039
v 0.04988372 0.00144194 0.06316214
v 0.05011814 -0.00217213 0.06302630
v 0.04949069 -0.00643571 0.06318408
v 0.04990005 -0.00210687 0.06310039
v 0.04955434 -0.00772233 0.06301987
v 0.04857081 -0.01146861 0.06318426
v 0.04949069 -0.00643571 0.06318408
v -0.02408689 0.05093900 0.05413180
v -0.02007246 0.05025742 0.05377107
v -0.02656888 0.04969255 0.05348062
v -0.00205034 0.05185298 0.05948430
v -0.00914305 0.05058065 0.05661982
v -0.01090615 0.05161801 0.05628407
v -0.00205034 0.05185298 0.05948430
v -0.00025221 0.05069879 0.05991017
v -0.00914305 0.05058065 0.05661982
v -0.01780360 0.05136130 0.05459040
v -0.02007246 0.05025742 0.05377107
v -0.02408689 0.05093900 0.05413180
v -0.01780360 0.05136130 0.05459040
v -0.01471436 0.05039809 0.05486023
v -0.02007246 0.05025742 0.05377107
v -0.01090615 0.05161801 0.05628407
v -0.01471436 0.05039809 0.05486023
v -0.01780360 0.05136130 0.05459040
v -0.01090615 0.05161801 0.05628407
v -0.00914305 0.05058065 0.05661982
v -0.01471436 0.05039809 0.05486023
v -0.01090615 0.05161801 0.05628407
v -0.01452165 0.04936669 0.06364971
v -0.00940484 0.05038152 0.06357449
v 0.02408099 0.04496006 0.06306141
v 0.02315032 0.04447732 0.06303101
v 0.01949208 0.04616776 0.06300008
v 0.02408099 0.04496006 0.06306141
v 0.01949208 0.04616776 0.06300008
v 0.01745080 0.04795072 0.06290644
v 0.02408099 0.04496006 0.06306141
v 0.02411961 0.04376325 0.06308281
v 0.02315032 0.04447732 0.06303101
v 0.00275981 0.05158303 0.06092220
v 0.00357723 0.05040953 0.06101042
v -0.00025221 0.05069879 0.05991017
v 0.00275981 0.05158303 0.06092220
v -0.00025221 0.05069879 0.05991017
v -0.00205034 0.05185298 0.05948430
v 0.02636796 0.04255364 0.06306487
v 0.02411961 0.04376325 0.06308281
v 0.02408099 0.04496006 0.06306141
v 0.00709772 0.05094234 0.06184345
v 0.00357723 0.05040953 0.06101042
v 0.00275981 0.05158303 0.06092220
v 0.02917802 0.04182807 0.06306701
v 0.02935564 0.04056725 0.06304496
v 0.02636796 0.04255364 0.06306487
v 0.00709772 0.05094234 0.06184345
v 0.00928974 0.04948000 0.06215435
v 0.00357723 0.05040953 0.06101042
v 0.02917802 0.04182807 0.06306701
v 0.02636796 0.04255364 0.06306487
v 0.02408099 0.04496006 0.06306141
v 0.03208774 0.03964559 0.06306469
v 0.03152453 0.03901378 0.06304782
v 0.01185464 0.04980877 0.06249409
v 0.00928974 0.04948000 0.06215435
v 0.00709772 0.05094234 0.06184345
v 0.03193897 0.03962765 0.06360167
v 0.02917802 0.04182807 0.06306701
v 0.02793151 0.04251168 0.06359601
v 0.00308669 0.05103574 0.06359958
v 0.00709772 0.05094234 0.06184345
v 0.00275981 0.05158303 0.06092220
v 0.03193897 0.03962765 0.06360167
v 0.03208774 0.03964559 0.06306469
v 0.02917802 0.04182807 0.06306701
v 0.00922561 0.05017427 0.06357628
v 0.00709772 0.05094234 0.06184345
v 0.00308669 0.05103574 0.06359958
v 0.00922561 0.05017427 0.06357628
v 0.01185464 0.04980877 0.06249409
v 0.00709772 0.05094234 0.06184345
v 0.01408267 0.04892311 0.06353241
v 0.01185464 0.04980877 0.06249409
v 0.00922561 0.05017427 0.06357628
v 0.01408267 0.04892311 0.06353241
v 0.01745080 0.04795072 0.06290644
v 0.01185464 0.04980877 0.06249409
v 0.01823031 0.04748843 0.06353497
v 0.01745080 0.04795072 0.06290644
v 0.01408267 0.04892311 0.06353241
v 0.02408099 0.04496006 0.06306141
v 0.01745080 0.04795072 0.06290644
v 0.01823031 0.04748843 0.06353497
v 0.02386695 0.04489926 0.06356579
v 0.02408099 0.04496006 0.06306141
v 0.01823031 0.04748843 0.06353497
v -0.00396788 0.05106673 0.06356006
v 0.00275981 0.05158303 0.06092220
v -0.00205034 0.05185298 0.05948430
v 0.00308669 0.05103574 0.06359958
v 0.00275981 0.05158303 0.06092220
v -0.00396788 0.05106673 0.06356006
v 0.02793151 0.04251168 0.06359601
v 0.02408099 0.04496006 0.06306141
v 0.02386695 0.04489926 0.06356579
v 0.02793151 0.04251168 0.06359601
v 0.02917802 0.04182807 0.06306701
v 0.02408099 0.04496006 0.06306141
v -0.01090615 0.05161801 0.05628407
v -0.00940484 0.05038152 0.06357449
v -0.00396788 0.05106673 0.06356006
v -0.01090615 0.05161801 0.05628407
v -0.00396788 0.05106673 0.06356006
v -0.00205034 0.05185298 0.05948430
v -0.05105173 0.03189746 0.06391364
v -0.04960525 0.03684083 0.06577420
v -0.04918634 0.03362957 0.06395149
v -0.05667781 0.03755531 0.06638032
v -0.05914980 0.03964511 0.06538248
v -0.05381304 0.04172424 0.06662070
v -0.05259448 0.03517947 0.06593596
v -0.05447036 0.03521458 0.06629830
v -0.05386734 0.03555248 0.06630617
v -0.05296564 0.03180686 0.06476700
v -0.05259448 0.03517947 0.06593596
v -0.04960525 0.03684083 0.06577420
v -0.05296564 0.03180686 0.06476700
v -0.05447036 0.03521458 0.06629830
v -0.05259448 0.03517947 0.06593596
v -0.02598536 0.04990665 0.06561708
v -0.02461194 0.05140946 0.06571036
v -0.01976048 0.04987345 0.06468206
v 0.00955582 -0.05165829 0.06483662
v 0.01391404 -0.04816415 0.06303280
v 0.01394098 -0.05067285 0.06482607
v 0.00955582 -0.05165829 0.06483662
v 0.00918061 -0.04930069 0.06303423
v 0.01391404 -0.04816415 0.06303280
v -0.05296564 0.03180686 0.06476700
v -0.04960525 0.03684083 0.06577420
v -0.05105173 0.03189746 0.06391364
v -0.05296564 0.03180686 0.06476700
v -0.05529010 0.03520540 0.06638133
v -0.05447036 0.03521458 0.06629830
v -0.05296564 0.03180686 0.06476700
v -0.05105173 0.03189746 0.06391364
v -0.05288141 0.03003607 0.06386923
v -0.05296564 0.03180686 0.06476700
v -0.05848181 0.03002069 0.06576579
v -0.05529010 0.03520540 0.06638133
v -0.03474175 0.06113860 0.06500369
v -0.03197324 0.06255338 0.06497907
v -0.03002279 0.06069783 0.06515580
v -0.05296564 0.03180686 0.06476700
v -0.05778354 0.02944753 0.06552112
v -0.05848181 0.03002069 0.06576579
v 0.00955582 -0.05165829 0.06483662
v 0.00610495 -0.04981603 0.06305491
v 0.00918061 -0.04930069 0.06303423
v -0.05309540 0.03061822 0.06427264
v -0.05296564 0.03180686 0.06476700
v -0.05288141 0.03003607 0.06386923
v -0.05309540 0.03061822 0.06427264
v -0.05778354 0.02944753 0.06552112
v -0.05296564 0.03180686 0.06476700
v -0.02516430 0.05391941 0.06593054
v -0.02916419 0.05544982 0.06603795
v -0.02881735 0.05615083 0.06595230
v -0.02516430 0.05391941 0.06593054
v -0.02881735 0.05615083 0.06595230
v -0.02585810 0.05763916 0.06556129
v -0.05309540 0.03061822 0.06427264
v -0.05288141 0.03003607 0.06386923
v -0.05429828 0.02831808 0.06379234
v -0.05309540 0.03061822 0.06427264
v -0.05429828 0.02831808 0.06379234
v -0.05778354 0.02944753 0.06552112
v 0.00259954 -0.05007054 0.06303542
v 0.00955582 -0.05165829 0.06483662
v 0.00588816 -0.05229958 0.06494218
v 0.00259954 -0.05007054 0.06303542
v 0.00588816 -0.05229958 0.06494218
v 0.00081988 -0.05258449 0.06486618
v 0.00259954 -0.05007054 0.06303542
v 0.00610495 -0.04981603 0.06305491
v 0.00955582 -0.05165829 0.06483662
v 0.00081988 -0.05258449 0.06486618
v -0.00172108 -0.05012836 0.06305515
v 0.00259954 -0.05007054 0.06303542
v -0.00457048 -0.05113115 0.06394159
v 0.00081988 -0.05258449 0.06486618
v -0.00366080 -0.05246486 0.06488889
v -0.00457048 -0.05113115 0.06394159
v -0.00172108 -0.05012836 0.06305515
v 0.00081988 -0.05258449 0.06486618
v -0.00457048 -0.05113115 0.06394159
v -0.00358814 -0.05004902 0.06304931
v -0.00172108 -0.05012836 0.06305515
v -0.02663964 0.04768709 0.06494480
v -0.01976048 0.04987345 0.06468206
v -0.02161645 0.04739949 0.06375837
v -0.00457048 -0.05113115 0.06394159
v -0.00672352 -0.04967632 0.06303393
v -0.00358814 -0.05004902 0.06304931
v -0.05515170 -0.00894381 0.06484472
v -0.05429852 -0.00950857 0.06448286
v -0.05300050 -0.01194669 0.06442546
v -0.00457048 -0.05113115 0.06394159
v -0.00366080 -0.05246486 0.06488889
v -0.00825524 -0.05193539 0.06487357
v -0.03474175 0.06113860 0.06500369
v -0.03087162 0.05862520 0.06555145
v -0.03454548 0.05720655 0.06587421
v -0.03474175 0.06113860 0.06500369
v -0.03002279 0.06069783 0.06515580
v -0.03087162 0.05862520 0.06555145
v 0.03743422 -0.03684880 0.06481438
v 0.03864270 -0.03217735 0.06309294
v 0.04091554 -0.03295262 0.06479215
v -0.05914980 0.03964511 0.06538248
v -0.05667781 0.03755531 0.06638032
v -0.05669713 0.03650687 0.06641674
v -0.03617161 0.05196903 0.06688082
v -0.02916419 0.05544982 0.06603795
v -0.01110249 -0.04887875 0.06305259
v -0.00672352 -0.04967632 0.06303393
v -0.00457048 -0.05113115 0.06394159
v -0.00825524 -0.05193539 0.06487357
v -0.01110249 -0.04887875 0.06305259
v -0.00457048 -0.05113115 0.06394159
v -0.02663964 0.04768709 0.06494480
v -0.02598536 0.04990665 0.06561708
v -0.01976048 0.04987345 0.06468206
v 0.03706115 -0.03387483 0.06306535
v -0.01654160 -0.04826798 0.06376314
v -0.01717633 -0.04717280 0.06305658
v -0.01110249 -0.04887875 0.06305259
v -0.00825524 -0.05193539 0.06487357
v -0.01509702 -0.05035736 0.06486815
v -0.01110249 -0.04887875 0.06305259
v -0.01509702 -0.05035736 0.06486815
v -0.01654160 -0.04826798 0.06376314
v -0.01110249 -0.04887875 0.06305259
v -0.01654160 -0.04826798 0.06376314
v -0.01509702 -0.05035736 0.06486815
v -0.01886582 -0.04910119 0.06494206
v -0.02295660 -0.04567088 0.06384420
v -0.02325284 -0.04447200 0.06308680
v -0.01717633 -0.04717280 0.06305658
v -0.01654160 -0.04826798 0.06376314
v -0.02295660 -0.04567088 0.06384420
v -0.01717633 -0.04717280 0.06305658
v -0.02227056 -0.04764105 0.06491023
v -0.01654160 -0.04826798 0.06376314
v -0.01886582 -0.04910119 0.06494206
v -0.02227056 -0.04764105 0.06491023
v -0.02295660 -0.04567088 0.06384420
v -0.01654160 -0.04826798 0.06376314
v -0.02295660 -0.04567088 0.06384420
v -0.02227056 -0.04764105 0.06491023
v -0.02594119 -0.04573704 0.06488859
v -0.02295660 -0.04567088 0.06384420
v -0.02452284 -0.04382087 0.06310838
v -0.02325284 -0.04447200 0.06308680
v 0.03743422 -0.03684880 0.06481438
v 0.03625839 -0.03459557 0.06303793
v 0.03706115 -0.03387483 0.06306535
v -0.05791336 -0.00081339 0.06414550
v -0.05861812 -0.00295009 0.06498748
v -0.06126087 0.00198100 0.06506478
v -0.02295660 -0.04567088 0.06384420
v -0.02563035 -0.04318299 0.06311076
v -0.02452284 -0.04382087 0.06310838
v -0.02834331 -0.04244556 0.06381958
v -0.02563035 -0.04318299 0.06311076
v -0.02295660 -0.04567088 0.06384420
v -0.02834331 -0.04244556 0.06381958
v -0.02672064 -0.04251684 0.06311333
v -0.02563035 -0.04318299 0.06311076
v -0.03791368 0.04818038 0.06703788
v -0.02516430 0.05391941 0.06593054
v -0.02461194 0.05140946 0.06571036
v -0.02834331 -0.04244556 0.06381958
v -0.02779364 -0.04182400 0.06311607
v -0.02672064 -0.04251684 0.06311333
v -0.02594119 -0.04573704 0.06488859
v -0.02834331 -0.04244556 0.06381958
v -0.02295660 -0.04567088 0.06384420
v -0.05861812 -0.00295009 0.06498748
v -0.05727016 -0.00269093 0.06421315
v -0.05640155 -0.00493999 0.06432271
v -0.05861812 -0.00295009 0.06498748
v -0.05791336 -0.00081339 0.06414550
v -0.05727016 -0.00269093 0.06421315
v -0.02663964 0.04768709 0.06494480
v -0.02161645 0.04739949 0.06375837
v -0.02853858 0.04508225 0.06388705
v -0.05861812 -0.00295009 0.06498748
v -0.05640155 -0.00493999 0.06432271
v -0.05515170 -0.00894381 0.06484472
v -0.03067541 -0.04261913 0.06481814
v -0.02834331 -0.04244556 0.06381958
v -0.02594119 -0.04573704 0.06488859
v 0.03743422 -0.03684880 0.06481438
v 0.03362298 -0.03719200 0.06302827
v 0.03625839 -0.03459557 0.06303793
v -0.02834331 -0.04244556 0.06381958
v -0.02895528 -0.04102077 0.06312453
v -0.02779364 -0.04182400 0.06311607
v -0.02834331 -0.04244556 0.06381958
v -0.02999413 -0.04027565 0.06312203
v -0.02895528 -0.04102077 0.06312453
v -0.05515170 -0.00894381 0.06484472
v -0.05640155 -0.00493999 0.06432271
v -0.05522453 -0.00762715 0.06444430
v -0.03079241 -0.03954937 0.06308770
v -0.02999413 -0.04027565 0.06312203
v -0.02834331 -0.04244556 0.06381958
v -0.06158220 0.03574703 0.06530398
v -0.05914980 0.03964511 0.06538248
v -0.05669713 0.03650687 0.06641674
v -0.06158220 0.03574703 0.06530398
v -0.05669713 0.03650687 0.06641674
v -0.05612099 0.03568659 0.06640064
v -0.05515170 -0.00894381 0.06484472
v -0.05522453 -0.00762715 0.06444430
v -0.05429852 -0.00950857 0.06448286
v -0.03232049 -0.04012211 0.06421846
v -0.03355985 -0.03725834 0.06308996
v -0.03079241 -0.03954937 0.06308770
v -0.05300050 -0.01194669 0.06442546
v -0.05237996 -0.01496299 0.06494081
v -0.05515170 -0.00894381 0.06484472
v -0.03232049 -0.04012211 0.06421846
v -0.02834331 -0.04244556 0.06381958
v -0.03067541 -0.04261913 0.06481814
v -0.03232049 -0.04012211 0.06421846
v -0.03079241 -0.03954937 0.06308770
v -0.02834331 -0.04244556 0.06381958
v -0.03232049 -0.04012211 0.06421846
v -0.03469604 -0.03791686 0.06416273
v -0.03355985 -0.03725834 0.06308996
v -0.05134660 -0.01477637 0.06435525
v -0.05237996 -0.01496299 0.06494081
v -0.05300050 -0.01194669 0.06442546
v -0.03469604 -0.03791686 0.06416273
v -0.03500479 -0.03588911 0.06308585
v -0.03355985 -0.03725834 0.06308996
v -0.03301316 0.04454103 0.06480598
v -0.02663964 0.04768709 0.06494480
v -0.02853858 0.04508225 0.06388705
v -0.03705602 -0.03509458 0.06390810
v -0.03640753 -0.03452142 0.06312197
v -0.03500479 -0.03588911 0.06308585
v -0.03469604 -0.03791686 0.06416273
v -0.05848181 0.03002069 0.06576579
v -0.05612099 0.03568659 0.06640064
v -0.05529010 0.03520540 0.06638133
v -0.05916851 0.03031591 0.06587374
v -0.05612099 0.03568659 0.06640064
v -0.05848181 0.03002069 0.06576579
v -0.03232049 -0.04012211 0.06421846
v -0.03067541 -0.04261913 0.06481814
v -0.03508353 -0.03914507 0.06491374
v -0.05003315 -0.01938625 0.06494444
v -0.05134660 -0.01477637 0.06435525
v -0.05012029 -0.01676859 0.06430494
v -0.05003315 -0.01938625 0.06494444
v -0.03791368 0.04818038 0.06703788
v -0.03232049 -0.04012211 0.06421846
v -0.03508353 -0.03914507 0.06491374
v -0.03469604 -0.03791686 0.06416273
v -0.03791368 0.04818038 0.06703788
v -0.03617161 0.05196903 0.06688082
v -0.02516430 0.05391941 0.06593054
v -0.05012029 -0.01676859 0.06430494
v -0.04921329 -0.01827254 0.06421262
v -0.05003315 -0.01938625 0.06494444
v -0.04781949 -0.02038796 0.06419312
v -0.04878377 -0.02173700 0.06503266
v -0.05003315 -0.01938625 0.06494444
v -0.04781949 -0.02038796 0.06419312
v -0.05003315 -0.01938625 0.06494444
v -0.04921329 -0.01827254 0.06421262
v -0.04141801 0.05316827 0.06650644
v -0.03768628 0.05967167 0.06511402
v -0.03474175 0.06113860 0.06500369
v -0.04492896 -0.02599616 0.06453239
v -0.04581362 -0.02347632 0.06408703
v -0.04317194 -0.02732845 0.06401443
v 0.03362298 -0.03719200 0.06302827
v 0.03743422 -0.03684880 0.06481438
v 0.03306001 -0.04089888 0.06484860
v -0.03705602 -0.03509458 0.06390810
v -0.03717976 -0.03362276 0.06309831
v -0.03640753 -0.03452142 0.06312197
v -0.03855621 -0.03376337 0.06410819
v -0.03780192 -0.03286173 0.06307476
v -0.03717976 -0.03362276 0.06309831
v -0.04492896 -0.02599616 0.06453239
v -0.04781949 -0.02038796 0.06419312
v -0.04581362 -0.02347632 0.06408703
v -0.03978765 -0.03262778 0.06427592
v -0.04009473 -0.03041442 0.06328833
v -0.03843837 -0.03221651 0.06311470
v -0.03978765 -0.03262778 0.06427592
v -0.03843837 -0.03221651 0.06311470
v -0.03780192 -0.03286173 0.06307476
v -0.04492896 -0.02599616 0.06453239
v -0.04512250 -0.02731605 0.06490987
v -0.04878377 -0.02173700 0.06503266
v -0.04141801 0.05316827 0.06650644
v -0.03474175 0.06113860 0.06500369
v -0.03454548 0.05720655 0.06587421
v -0.04878377 -0.02173700 0.06503266
v -0.04781949 -0.02038796 0.06419312
v -0.04492896 -0.02599616 0.06453239
v -0.05771780 0.02847723 0.06533354
v -0.05429828 0.02831808 0.06379234
v -0.05604231 0.02589777 0.06375330
v -0.03898352 -0.03507044 0.06480407
v -0.03469604 -0.03791686 0.06416273
v -0.03508353 -0.03914507 0.06491374
v -0.03898352 -0.03507044 0.06480407
v -0.03705602 -0.03509458 0.06390810
v -0.03469604 -0.03791686 0.06416273
v -0.05771780 0.02847723 0.06533354
v -0.05778354 0.02944753 0.06552112
v -0.05429828 0.02831808 0.06379234
v -0.03978765 -0.03262778 0.06427592
v -0.04129046 -0.02991815 0.06397867
v -0.04009473 -0.03041442 0.06328833
v -0.03978765 -0.03262778 0.06427592
v -0.04239279 -0.03121556 0.06497824
v -0.04129046 -0.02991815 0.06397867
v -0.04512250 -0.02731605 0.06490987
v -0.04317194 -0.02732845 0.06401443
v -0.04129046 -0.02991815 0.06397867
v -0.04512250 -0.02731605 0.06490987
v -0.04129046 -0.02991815 0.06397867
v -0.04239279 -0.03121556 0.06497824
v -0.05916851 0.03031591 0.06587374
v -0.06158220 0.03574703 0.06530398
v -0.05612099 0.03568659 0.06640064
v -0.05916851 0.03031591 0.06587374
v -0.06237608 0.03422091 0.06526643
v -0.06158220 0.03574703 0.06530398
v -0.03898352 -0.03507044 0.06480407
v -0.03717976 -0.03362276 0.06309831
v -0.03705602 -0.03509458 0.06390810
v -0.03898352 -0.03507044 0.06480407
v -0.03855621 -0.03376337 0.06410819
v -0.03717976 -0.03362276 0.06309831
v -0.03978765 -0.03262778 0.06427592
v -0.04023098 -0.03373619 0.06491088
v -0.04239279 -0.03121556 0.06497824
v -0.04023098 -0.03373619 0.06491088
v -0.03780192 -0.03286173 0.06307476
v -0.03855621 -0.03376337 0.06410819
v -0.04023098 -0.03373619 0.06491088
v -0.03855621 -0.03376337 0.06410819
v -0.03898352 -0.03507044 0.06480407
v -0.04023098 -0.03373619 0.06491088
v -0.03978765 -0.03262778 0.06427592
v -0.03780192 -0.03286173 0.06307476
v -0.04492896 -0.02599616 0.06453239
v -0.04317194 -0.02732845 0.06401443
v -0.04512250 -0.02731605 0.06490987
v -0.05993384 0.03027979 0.06586772
v -0.06237608 0.03422091 0.06526643
v -0.05916851 0.03031591 0.06587374
v -0.03572565 0.04540971 0.06596142
v -0.02598536 0.04990665 0.06561708
v -0.02663964 0.04768709 0.06494480
v -0.06067699 0.02984456 0.06580817
v -0.06237608 0.03422091 0.06526643
v -0.05993384 0.03027979 0.06586772
v -0.05873847 0.02587673 0.06498026
v -0.05771780 0.02847723 0.06533354
v -0.05604231 0.02589777 0.06375330
v -0.03572565 0.04540971 0.06596142
v -0.02663964 0.04768709 0.06494480
v -0.03301316 0.04454103 0.06480598
v 0.04452157 0.02306608 0.06302726
v 0.04499220 0.02724621 0.06486630
v 0.04682672 0.02395246 0.06488257
v 0.04240936 0.03111080 0.06486624
v 0.04058384 0.02948532 0.06302797
v 0.03725719 0.03361389 0.06302702
v 0.04350382 0.02499894 0.06303095
v 0.04499220 0.02724621 0.06486630
v 0.04452157 0.02306608 0.06302726
v -0.05873847 0.02587673 0.06498026
v -0.05604231 0.02589777 0.06375330
v -0.05708736 0.02415571 0.06371194
v 0.03830099 0.03593401 0.06479519
v 0.04240936 0.03111080 0.06486624
v 0.03725719 0.03361389 0.06302702
v 0.03830099 0.03593401 0.06479519
v 0.04041928 0.03363118 0.06485903
v 0.04240936 0.03111080 0.06486624
v 0.04590380 0.02015344 0.06302368
v 0.04452157 0.02306608 0.06302726
v 0.04682672 0.02395246 0.06488257
v 0.04058384 0.02948532 0.06302797
v 0.04240936 0.03111080 0.06486624
v 0.04499220 0.02724621 0.06486630
v 0.03460240 0.03962765 0.06487172
v 0.03725719 0.03361389 0.06302702
v 0.03349208 0.03732655 0.06303763
v 0.03460240 0.03962765 0.06487172
v 0.03830099 0.03593401 0.06479519
v 0.03725719 0.03361389 0.06302702
v 0.04350382 0.02499894 0.06303095
v 0.04058384 0.02948532 0.06302797
v 0.04499220 0.02724621 0.06486630
v -0.03301316 0.04454103 0.06480598
v -0.02853858 0.04508225 0.06388705
v -0.03700786 0.04148439 0.06399542
v -0.06010514 0.02158389 0.06448554
v -0.05873847 0.02587673 0.06498026
v -0.05708736 0.02415571 0.06371194
v 0.02923870 -0.04078432 0.06305664
v 0.03362298 -0.03719200 0.06302827
v 0.03306001 -0.04089888 0.06484860
v 0.03460240 0.03962765 0.06487172
v 0.03193897 0.03962765 0.06360167
v 0.03212440 0.04151598 0.06474334
v 0.04590380 0.02015344 0.06302368
v 0.04682672 0.02395246 0.06488257
v 0.04905933 0.01879475 0.06479269
v -0.03791368 0.04818038 0.06703788
v -0.03939741 0.05005423 0.06722146
v -0.03617161 0.05196903 0.06688082
v -0.06463307 0.02944962 0.06517851
v -0.06237608 0.03422091 0.06526643
v -0.06067699 0.02984456 0.06580817
v 0.03193897 0.03962765 0.06360167
v 0.03460240 0.03962765 0.06487172
v 0.03152453 0.03901378 0.06304782
v 0.03152453 0.03901378 0.06304782
v 0.03460240 0.03962765 0.06487172
v 0.03349208 0.03732655 0.06303763
v 0.03193897 0.03962765 0.06360167
v 0.02793151 0.04251168 0.06359601
v 0.03212440 0.04151598 0.06474334
v -0.04399222 0.05297998 0.06621438
v -0.04340368 0.05614368 0.06530261
v -0.03768628 0.05967167 0.06511402
v 0.02793151 0.04251168 0.06359601
v 0.02924132 0.04373172 0.06490558
v 0.03212440 0.04151598 0.06474334
v 0.04741734 0.01627419 0.06301885
v 0.04590380 0.02015344 0.06302368
v 0.04905933 0.01879475 0.06479269
v -0.05796915 0.02242265 0.06367301
v 0.04741734 0.01627419 0.06301885
v 0.04905933 0.01879475 0.06479269
v 0.05080986 0.01358751 0.06485617
v -0.06463307 0.02944962 0.06517851
v -0.06067699 0.02984456 0.06580817
v -0.06230849 0.02572063 0.06547087
v 0.02386695 0.04489926 0.06356579
v 0.02924132 0.04373172 0.06490558
v 0.02793151 0.04251168 0.06359601
v 0.02386695 0.04489926 0.06356579
v 0.02282547 0.04742328 0.06485939
v 0.02924132 0.04373172 0.06490558
v 0.02923870 -0.04078432 0.06305664
v 0.03306001 -0.04089888 0.06484860
v 0.02809602 -0.04437246 0.06478577
v -0.04399222 0.05297998 0.06621438
v -0.03768628 0.05967167 0.06511402
v -0.04141801 0.05316827 0.06650644
v -0.04399222 0.05297998 0.06621438
v -0.04141801 0.05316827 0.06650644
v -0.04185765 0.05203060 0.06675702
v 0.04887992 0.01105295 0.06301289
v 0.05080986 0.01358751 0.06485617
v 0.05134356 0.01111625 0.06478589
v -0.03791368 0.04818038 0.06703788
v -0.04018867 0.04995147 0.06714236
v -0.03939741 0.05005423 0.06722146
v 0.04857665 0.01228831 0.06301879
v 0.04857665 0.01228831 0.06301879
v 0.04741734 0.01627419 0.06301885
v 0.05080986 0.01358751 0.06485617
v 0.04887992 0.01105295 0.06301289
v 0.05134356 0.01111625 0.06478589
v 0.05213356 0.00650279 0.06479060
v 0.04887992 0.01105295 0.06301289
v 0.05213356 0.00650279 0.06479060
v 0.04919809 0.00980900 0.06302231
v 0.02282547 0.04742328 0.06485939
v 0.02386695 0.04489926 0.06356579
v 0.01823031 0.04748843 0.06353497
v 0.01832062 0.04955385 0.06489509
v 0.02282547 0.04742328 0.06485939
v 0.01823031 0.04748843 0.06353497
v 0.05213356 0.00650279 0.06479060
v 0.04994827 0.00473372 0.06302994
v 0.04919809 0.00980900 0.06302231
v -0.06010514 0.02158389 0.06448554
v -0.05796915 0.02242265 0.06367301
v -0.05903804 0.01979188 0.06361424
v 0.01408267 0.04892311 0.06353241
v 0.01832062 0.04955385 0.06489509
v 0.01823031 0.04748843 0.06353497
v 0.05012923 0.00141660 0.06302523
v 0.04994827 0.00473372 0.06302994
v 0.05213356 0.00650279 0.06479060
v 0.01408267 0.04892311 0.06353241
v 0.01477450 0.05097029 0.06489217
v 0.01832062 0.04955385 0.06489509
v 0.05012923 0.00141660 0.06302523
v 0.05213356 0.00650279 0.06479060
v 0.05257707 -0.00109710 0.06484401
v 0.00922561 0.05017427 0.06357628
v 0.00964290 0.05259172 0.06476318
v 0.01477450 0.05097029 0.06489217
v -0.04321020 0.04241679 0.06648147
v -0.02598536 0.04990665 0.06561708
v -0.03572565 0.04540971 0.06596142
v 0.01408267 0.04892311 0.06353241
v 0.00922561 0.05017427 0.06357628
v 0.01477450 0.05097029 0.06489217
v 0.02701807 -0.04225005 0.06303197
v 0.02923870 -0.04078432 0.06305664
v 0.02809602 -0.04437246 0.06478577
v -0.04269158 0.04738823 0.06727063
v -0.04018867 0.04995147 0.06714236
v -0.03791368 0.04818038 0.06703788
v 0.05011814 -0.00217213 0.06302630
v 0.05012923 0.00141660 0.06302523
v 0.05257707 -0.00109710 0.06484401
v -0.04161185 0.05123398 0.06694442
v -0.04399222 0.05297998 0.06621438
v -0.04185765 0.05203060 0.06675702
v 0.05011814 -0.00217213 0.06302630
v 0.05257707 -0.00109710 0.06484401
v 0.05229741 -0.00571050 0.06486260
v -0.04039543 0.04143259 0.06522035
v -0.03572565 0.04540971 0.06596142
v -0.03301316 0.04454103 0.06480598
v -0.04321020 0.04241679 0.06648147
v -0.03791368 0.04818038 0.06703788
v -0.02598536 0.04990665 0.06561708
v 0.00463516 0.05253455 0.06438761
v 0.00435776 0.05411593 0.06485253
v 0.00964290 0.05259172 0.06476318
v 0.04955434 -0.00772233 0.06301987
v 0.05011814 -0.00217213 0.06302630
v 0.05229741 -0.00571050 0.06486260
v 0.00463516 0.05253455 0.06438761
v 0.00964290 0.05259172 0.06476318
v 0.00922561 0.05017427 0.06357628
v 0.00463516 0.05253455 0.06438761
v 0.00922561 0.05017427 0.06357628
v 0.00308669 0.05103574 0.06359958
v 0.05134385 -0.01107945 0.06478613
v 0.04955434 -0.00772233 0.06301987
v 0.05229741 -0.00571050 0.06486260
v 0.02701807 -0.04225005 0.06303197
v 0.02797305 -0.04155482 0.06301140
v 0.02923870 -0.04078432 0.06305664
v -0.06618255 0.02480612 0.06507408
v -0.06463307 0.02944962 0.06517851
v -0.06230849 0.02572063 0.06547087
v -0.00439274 0.05356023 0.06456035
v -0.00309950 0.05574987 0.06488400
v 0.00435776 0.05411593 0.06485253
v -0.00439274 0.05356023 0.06456035
v 0.00435776 0.05411593 0.06485253
v 0.00463516 0.05253455 0.06438761
v 0.04837793 -0.01316317 0.06301802
v 0.04955434 -0.00772233 0.06301987
v 0.05134385 -0.01107945 0.06478613
v -0.04126316 0.05073646 0.06706100
v -0.04399222 0.05297998 0.06621438
v -0.04161185 0.05123398 0.06694442
v 0.00308669 0.05103574 0.06359958
v -0.00439274 0.05356023 0.06456035
v 0.00463516 0.05253455 0.06438761
v 0.04837793 -0.01316317 0.06301802
v 0.05134385 -0.01107945 0.06478613
v 0.05011773 -0.01554044 0.06473469
v -0.06090974 0.01752881 0.06423979
v -0.06010514 0.02158389 0.06448554
v -0.05903804 0.01979188 0.06361424
v -0.04269158 0.04738823 0.06727063
v -0.04126316 0.05073646 0.06706100
v -0.04018867 0.04995147 0.06714236
v -0.00457287 0.05219219 0.06411045
v 0.00308669 0.05103574 0.06359958
v -0.00396788 0.05106673 0.06356006
v -0.00457287 0.05219219 0.06411045
v -0.00439274 0.05356023 0.06456035
v 0.00308669 0.05103574 0.06359958
v -0.06090974 0.01752881 0.06423979
v -0.05903804 0.01979188 0.06361424
v -0.06000673 0.01561919 0.06357055
v -0.04321020 0.04241679 0.06648147
v -0.03572565 0.04540971 0.06596142
v -0.04039543 0.04143259 0.06522035
v 0.04753512 -0.01597352 0.06303679
v 0.04837793 -0.01316317 0.06301802
v 0.05011773 -0.01554044 0.06473469
v -0.00752574 0.05478952 0.06484693
v -0.01078444 0.05816064 0.06495672
v -0.00309950 0.05574987 0.06488400
v -0.06140542 0.01684299 0.06436747
v -0.06090974 0.01752881 0.06423979
v -0.06000673 0.01561919 0.06357055
v -0.00752574 0.05478952 0.06484693
v -0.00309950 0.05574987 0.06488400
v -0.00439274 0.05356023 0.06456035
v -0.04399222 0.05297998 0.06621438
v -0.04860723 0.05206332 0.06542575
v -0.04340368 0.05614368 0.06530261
v 0.04840922 -0.02048119 0.06482440
v 0.04576969 -0.02057316 0.06303703
v 0.04753512 -0.01597352 0.06303679
v 0.04840922 -0.02048119 0.06482440
v 0.04753512 -0.01597352 0.06303679
v 0.05011773 -0.01554044 0.06473469
v -0.00457287 0.05219219 0.06411045
v -0.00752574 0.05478952 0.06484693
v -0.00439274 0.05356023 0.06456035
v -0.06618255 0.02480612 0.06507408
v -0.06230849 0.02572063 0.06547087
v -0.06372761 0.02025018 0.06507784
v -0.04039543 0.04143259 0.06522035
v -0.03301316 0.04454103 0.06480598
v -0.03700786 0.04148439 0.06399542
v -0.01284289 0.05305007 0.06480371
v -0.00752574 0.05478952 0.06484693
v -0.00457287 0.05219219 0.06411045
v -0.06207329 0.01661984 0.06454843
v -0.06140542 0.01684299 0.06436747
v -0.06000673 0.01561919 0.06357055
v -0.01179111 0.05150703 0.06428796
v -0.00457287 0.05219219 0.06411045
v -0.00396788 0.05106673 0.06356006
v -0.01179111 0.05150703 0.06428796
v -0.00396788 0.05106673 0.06356006
v -0.00940484 0.05038152 0.06357449
v -0.06022018 0.01291732 0.06357055
v -0.06274944 0.01668701 0.06466084
v -0.06207329 0.01661984 0.06454843
v -0.06022018 0.01291732 0.06357055
v -0.06207329 0.01661984 0.06454843
v -0.06000673 0.01561919 0.06357055
v -0.01285696 0.05476216 0.06509172
v -0.01078444 0.05816064 0.06495672
v -0.00752574 0.05478952 0.06484693
v -0.04699099 0.04759095 0.06701689
v -0.04399222 0.05297998 0.06621438
v -0.04126316 0.05073646 0.06706100
v -0.01179111 0.05150703 0.06428796
v -0.01284289 0.05305007 0.06480371
v -0.00457287 0.05219219 0.06411045
v -0.01284289 0.05305007 0.06480371
v -0.01285696 0.05476216 0.06509172
v -0.00752574 0.05478952 0.06484693
v 0.04840922 -0.02048119 0.06482440
v 0.04527688 -0.02170463 0.06306219
v 0.04576969 -0.02057316 0.06303703
v -0.06770676 0.01917825 0.06494623
v -0.06618255 0.02480612 0.06507408
v -0.06372761 0.02025018 0.06507784
v -0.04411101 0.04424820 0.06706488
v -0.04269158 0.04738823 0.06727063
v -0.03791368 0.04818038 0.06703788
v 0.02478003 -0.04630764 0.06480509
v 0.02701807 -0.04225005 0.06303197
v 0.02809602 -0.04437246 0.06478577
v 0.04470402 -0.02284517 0.06306612
v 0.04527688 -0.02170463 0.06306219
v 0.04840922 -0.02048119 0.06482440
v 0.04470402 -0.02284517 0.06306612
v 0.04840922 -0.02048119 0.06482440
v 0.04569405 -0.02592130 0.06479316
v -0.04699099 0.04759095 0.06701689
v -0.04820948 0.04949543 0.06634980
v -0.04399222 0.05297998 0.06621438
v -0.04820948 0.04949543 0.06634980
v -0.04860723 0.05206332 0.06542575
v -0.04399222 0.05297998 0.06621438
v -0.06770676 0.01917825 0.06494623
v -0.06372761 0.02025018 0.06507784
v -0.06399643 0.01819793 0.06493383
v -0.04411101 0.04424820 0.06706488
v -0.04699099 0.04759095 0.06701689
v -0.04126316 0.05073646 0.06706100
v -0.04583656 0.04672936 0.06724846
v 0.04569405 -0.02592130 0.06479316
v 0.04396545 -0.02412357 0.06303954
v 0.04470402 -0.02284517 0.06306612
v 0.04569405 -0.02592130 0.06479316
v 0.04333662 -0.02523680 0.06303811
v 0.04396545 -0.02412357 0.06303954
v -0.01179111 0.05150703 0.06428796
v -0.00940484 0.05038152 0.06357449
v -0.01452165 0.04936669 0.06364971
v -0.04583656 0.04672936 0.06724846
v -0.04269158 0.04738823 0.06727063
v -0.04551643 0.04595629 0.06729352
v -0.04583656 0.04672936 0.06724846
v 0.02478003 -0.04630764 0.06480509
v 0.02447408 -0.04374685 0.06302350
v 0.02701807 -0.04225005 0.06303197
v -0.06770676 0.01917825 0.06494623
v -0.06399643 0.01819793 0.06493383
v -0.06371593 0.01749251 0.06485635
v -0.06767976 0.01480708 0.06484168
v -0.06770676 0.01917825 0.06494623
v -0.06371593 0.01749251 0.06485635
v -0.04411101 0.04424820 0.06706488
v -0.04551643 0.04595629 0.06729352
v -0.04269158 0.04738823 0.06727063
v -0.04411101 0.04424820 0.06706488
v -0.04572504 0.04500762 0.06728154
v -0.04551643 0.04595629 0.06729352
v -0.06767976 0.01480708 0.06484168
v -0.06371593 0.01749251 0.06485635
v -0.06274944 0.01668701 0.06466084
v -0.04820948 0.04949543 0.06634980
v -0.04699099 0.04759095 0.06701689
v -0.04828310 0.04758642 0.06679391
v 0.04346120 -0.02940931 0.06475812
v 0.04276949 -0.02630366 0.06306290
v 0.04333662 -0.02523680 0.06303811
v 0.04346120 -0.02940931 0.06475812
v 0.04333662 -0.02523680 0.06303811
v 0.04569405 -0.02592130 0.06479316
v 0.04346120 -0.02940931 0.06475812
v 0.04222244 -0.02702285 0.06301689
v 0.04276949 -0.02630366 0.06306290
v 0.02478003 -0.04630764 0.06480509
v 0.02049988 -0.04574855 0.06303387
v 0.02447408 -0.04374685 0.06302350
v -0.04361701 0.03771225 0.06395643
v -0.04039543 0.04143259 0.06522035
v -0.03700786 0.04148439 0.06399542
v -0.04820948 0.04949543 0.06634980
v -0.05381304 0.04680691 0.06543970
v -0.04860723 0.05206332 0.06542575
v -0.06697958 0.01194505 0.06494903
v -0.06767976 0.01480708 0.06484168
v -0.06274944 0.01668701 0.06466084
v -0.06697958 0.01194505 0.06494903
v -0.06274944 0.01668701 0.06466084
v -0.06022018 0.01291732 0.06357055
v -0.02461194 0.05140946 0.06571036
v -0.01284289 0.05305007 0.06480371
v -0.01179111 0.05150703 0.06428796
v 0.02049988 -0.04574855 0.06303387
v 0.02478003 -0.04630764 0.06480509
v 0.02184981 -0.04786261 0.06491178
v -0.01284289 0.05305007 0.06480371
v -0.02516430 0.05391941 0.06593054
v -0.01285696 0.05476216 0.06509172
v -0.02585810 0.05763916 0.06556129
v -0.02410858 0.06249646 0.06491386
v -0.01778364 0.06041930 0.06499308
v -0.05008906 0.04591069 0.06678456
v -0.04820948 0.04949543 0.06634980
v -0.04828310 0.04758642 0.06679391
v -0.05008906 0.04591069 0.06678456
v -0.05381304 0.04680691 0.06543970
v -0.04820948 0.04949543 0.06634980
v -0.02516430 0.05391941 0.06593054
v -0.01778364 0.06041930 0.06499308
v -0.01078444 0.05816064 0.06495672
v -0.02516430 0.05391941 0.06593054
v -0.01078444 0.05816064 0.06495672
v -0.01285696 0.05476216 0.06509172
v -0.06697958 0.01194505 0.06494903
v -0.06022018 0.01291732 0.06357055
v -0.06015896 0.01066033 0.06365889
v -0.04361701 0.03771225 0.06395643
v -0.04644644 0.03575460 0.06393814
v -0.04039543 0.04143259 0.06522035
v -0.06539416 0.00884775 0.06511044
v -0.06697958 0.01194505 0.06494903
v -0.06015896 0.01066033 0.06365889
v -0.06539416 0.00884775 0.06511044
v -0.06015896 0.01066033 0.06365889
v -0.05993092 0.00803242 0.06371510
v -0.01976048 0.04987345 0.06468206
v -0.02461194 0.05140946 0.06571036
v -0.01179111 0.05150703 0.06428796
v -0.06358087 0.00574593 0.06518805
v -0.06539416 0.00884775 0.06511044
v -0.05993092 0.00803242 0.06371510
v -0.05174005 0.03850601 0.06668275
v -0.04572504 0.04500762 0.06728154
v -0.04411101 0.04424820 0.06706488
v -0.02516430 0.05391941 0.06593054
v -0.02585810 0.05763916 0.06556129
v -0.01778364 0.06041930 0.06499308
v -0.04644644 0.03575460 0.06393814
v -0.04321020 0.04241679 0.06648147
v -0.04039543 0.04143259 0.06522035
v -0.06358087 0.00574593 0.06518805
v -0.05993092 0.00803242 0.06371510
v -0.05958282 0.00576107 0.06387627
v -0.01976048 0.04987345 0.06468206
v -0.01179111 0.05150703 0.06428796
v -0.01452165 0.04936669 0.06364971
v -0.06126087 0.00198100 0.06506478
v -0.06358087 0.00574593 0.06518805
v -0.05958282 0.00576107 0.06387627
v -0.06126087 0.00198100 0.06506478
v -0.05958282 0.00576107 0.06387627
v -0.05905342 0.00322169 0.06398671
v -0.04960525 0.03684083 0.06577420
v -0.04411101 0.04424820 0.06706488
v -0.04321020 0.04241679 0.06648147
v 0.01781511 -0.04684509 0.06303393
v 0.02049988 -0.04574855 0.06303387
v 0.02184981 -0.04786261 0.06491178
v 0.01781511 -0.04684509 0.06303393
v 0.02184981 -0.04786261 0.06491178
v 0.01702076 -0.04978205 0.06489098
v -0.06126087 0.00198100 0.06506478
v -0.05905342 0.00322169 0.06398671
v -0.05851203 0.00115196 0.06406182
v -0.06126087 0.00198100 0.06506478
v -0.05851203 0.00115196 0.06406182
v -0.05791336 -0.00081339 0.06414550
v -0.03002279 0.06069783 0.06515580
v -0.02410858 0.06249646 0.06491386
v -0.02585810 0.05763916 0.06556129
v -0.03002279 0.06069783 0.06515580
v -0.02721995 0.06308660 0.06493306
v -0.02410858 0.06249646 0.06491386
v -0.01976048 0.04987345 0.06468206
v -0.01452165 0.04936669 0.06364971
v -0.02161645 0.04739949 0.06375837
v -0.02461194 0.05140946 0.06571036
v -0.02516430 0.05391941 0.06593054
v -0.01284289 0.05305007 0.06480371
v 0.04047358 -0.02971234 0.06306278
v 0.04222244 -0.02702285 0.06301689
v 0.04346120 -0.02940931 0.06475812
v -0.05381304 0.04680691 0.06543970
v -0.05008906 0.04591069 0.06678456
v -0.05381304 0.04172424 0.06662070
v -0.03002279 0.06069783 0.06515580
v -0.03197324 0.06255338 0.06497907
v -0.02721995 0.06308660 0.06493306
v -0.05259448 0.03517947 0.06593596
v -0.05174005 0.03850601 0.06668275
v -0.04411101 0.04424820 0.06706488
v -0.04918634 0.03362957 0.06395149
v -0.04321020 0.04241679 0.06648147
v -0.04644644 0.03575460 0.06393814
v 0.04091554 -0.03295262 0.06479215
v 0.04047358 -0.02971234 0.06306278
v 0.04346120 -0.02940931 0.06475812
v -0.04918634 0.03362957 0.06395149
v -0.04960525 0.03684083 0.06577420
v -0.04321020 0.04241679 0.06648147
v 0.01391404 -0.04816415 0.06303280
v 0.01781511 -0.04684509 0.06303393
v 0.01702076 -0.04978205 0.06489098
v -0.05914980 0.03964511 0.06538248
v -0.05381304 0.04680691 0.06543970
v -0.05381304 0.04172424 0.06662070
v 0.03961825 -0.03084327 0.06306481
v 0.04047358 -0.02971234 0.06306278
v 0.04091554 -0.03295262 0.06479215
v -0.05259448 0.03517947 0.06593596
v -0.05386734 0.03555248 0.06630617
v -0.05174005 0.03850601 0.06668275
v 0.01391404 -0.04816415 0.06303280
v 0.01702076 -0.04978205 0.06489098
v 0.01394098 -0.05067285 0.06482607
v -0.05259448 0.03517947 0.06593596
v -0.04411101 0.04424820 0.06706488
v -0.04960525 0.03684083 0.06577420
v 0.03864270 -0.03217735 0.06309294
v 0.03961825 -0.03084327 0.06306481
v 0.04091554 -0.03295262 0.06479215
v -0.02881735 0.05615083 0.06595230
v -0.02882826 0.05698887 0.06580692
v -0.02585810 0.05763916 0.06556129
v -0.02912855 0.05757538 0.06572109
v -0.03000879 0.05833659 0.06559085
v -0.02585810 0.05763916 0.06556129
v -0.02912855 0.05757538 0.06572109
v -0.03000879 0.05833659 0.06559085
v -0.03002279 0.06069783 0.06515580
v -0.02585810 0.05763916 0.06556129
v -0.03000879 0.05833659 0.06559085
v -0.03087162 0.05862520 0.06555145
v -0.03002279 0.06069783 0.06515580
v 0.03208774 0.03964559 0.06306469
v 0.03193897 0.03962765 0.06360167
v 0.03152453 0.03901378 0.06304782
v -0.06207329 0.01661984 0.06454843
v -0.05957895 0.01529244 0.07107079
v -0.06140542 0.01684299 0.06436747
v -0.06207329 0.01661984 0.06454843
v -0.06056869 0.01530627 0.07068490
v -0.05957895 0.01529244 0.07107079
v -0.06274944 0.01668701 0.06466084
v -0.06056869 0.01530627 0.07068490
v -0.06207329 0.01661984 0.06454843
v -0.06088382 0.01541999 0.07065618
v -0.06280767 0.01679907 0.06478428
v -0.06056869 0.01530627 0.07068490
v -0.06280767 0.01679907 0.06478428
v -0.06088382 0.01541999 0.07065618
v -0.06274944 0.01668701 0.06466084
v -0.06280767 0.01679907 0.06478428
v -0.06056869 0.01530627 0.07068490
v -0.06088382 0.01541999 0.07065618
v -0.06280767 0.01679907 0.06478428
v -0.06137061 0.01563564 0.07079309
v -0.06140542 0.01684299 0.06436747
v -0.05900537 0.01577816 0.07129454
v -0.06090974 0.01752881 0.06423979
v -0.06140542 0.01684299 0.06436747
v -0.05957895 0.01529244 0.07107079
v -0.05900537 0.01577816 0.07129454
v -0.06137061 0.01563564 0.07079309
v -0.06280767 0.01679907 0.06478428
v -0.06188338 0.01621429 0.07069152
v -0.06280767 0.01679907 0.06478428
v -0.06371593 0.01749251 0.06485635
v -0.06188338 0.01621429 0.07069152
v -0.06218296 0.01689402 0.07067817
v -0.06188338 0.01621429 0.07069152
v -0.06371593 0.01749251 0.06485635
v -0.06371593 0.01749251 0.06485635
v -0.06399643 0.01819793 0.06493383
v -0.06218296 0.01689402 0.07067817
v -0.06230849 0.02572063 0.06547087
v -0.06179779 0.01967279 0.07066315
v -0.06372761 0.02025018 0.06507784
v -0.06047707 0.02498261 0.07065230
v -0.06230849 0.02572063 0.06547087
v -0.05910956 0.02865968 0.07066988
v -0.06067699 0.02984456 0.06580817
v -0.06230849 0.02572063 0.06547087
v -0.06047707 0.02498261 0.07065230
v -0.06179779 0.01967279 0.07066315
v -0.06372761 0.02025018 0.06507784
v -0.06179779 0.01967279 0.07066315
v -0.06399643 0.01819793 0.06493383
v -0.06399643 0.01819793 0.06493383
v -0.06179779 0.01967279 0.07066315
v -0.06218296 0.01689402 0.07067817
v -0.06067699 0.02984456 0.06580817
v -0.05993384 0.03027979 0.06586772
v -0.05910956 0.02865968 0.07066988
v -0.05916851 0.03031591 0.06587374
v -0.05821990 0.02907530 0.07066446
v -0.05993384 0.03027979 0.06586772
v -0.05848181 0.03002069 0.06576579
v -0.05732768 0.02892003 0.07077890
v -0.05916851 0.03031591 0.06587374
v -0.05916851 0.03031591 0.06587374
v -0.05732768 0.02892003 0.07077890
v -0.05821990 0.02907530 0.07066446
v -0.05993384 0.03027979 0.06586772
v -0.05821990 0.02907530 0.07066446
v -0.05910956 0.02865968 0.07066988
v -0.05785983 0.02932910 0.06563526
v -0.05732768 0.02892003 0.07077890
v -0.05848181 0.03002069 0.06576579
v -0.05785983 0.02932910 0.06563526
v -0.05645388 0.02816579 0.07097423
v -0.05732768 0.02892003 0.07077890
v -0.05771780 0.02847723 0.06533354
v -0.05607748 0.02724943 0.07129073
v -0.05785983 0.02932910 0.06563526
v -0.05785983 0.02932910 0.06563526
v -0.05607748 0.02724943 0.07129073
v -0.05645388 0.02816579 0.07097423
v -0.06090974 0.01752881 0.06423979
v -0.05845165 0.01872144 0.07137012
v -0.06010514 0.02158389 0.06448554
v -0.05873847 0.02587673 0.06498026
v -0.05728185 0.02344934 0.07136631
v -0.05607748 0.02724943 0.07129073
v -0.05900537 0.01577816 0.07129454
v -0.06010514 0.02158389 0.06448554
v -0.05728185 0.02344934 0.07136631
v -0.05873847 0.02587673 0.06498026
v -0.05771780 0.02847723 0.06533354
v -0.05873847 0.02587673 0.06498026
v -0.05607748 0.02724943 0.07129073
v -0.06010514 0.02158389 0.06448554
v -0.05845165 0.01872144 0.07137012
v -0.05728185 0.02344934 0.07136631
v -0.06056869 0.01530627 0.07068490
v -0.06137061 0.01563564 0.07079309
v -0.06049466 0.01511071 0.07086086
v -0.06056869 0.01530627 0.07068490
v -0.06088382 0.01541999 0.07065618
v -0.06137061 0.01563564 0.07079309
v -0.05957895 0.01529244 0.07107079
v -0.06056869 0.01530627 0.07068490
v -0.06049466 0.01511071 0.07086086
v -0.06225574 0.01668314 0.07081705
v -0.06137061 0.01563564 0.07079309
v -0.06188338 0.01621429 0.07069152
v -0.06218296 0.01689402 0.07067817
v -0.06225574 0.01668314 0.07081705
v -0.06188338 0.01621429 0.07069152
v -0.06156617 0.02137742 0.07080453
v -0.06218296 0.01689402 0.07067817
v -0.06179779 0.01967279 0.07066315
v -0.06156617 0.02137742 0.07080453
v -0.06179779 0.01967279 0.07066315
v -0.06047707 0.02498261 0.07065230
v -0.06156617 0.02137742 0.07080453
v -0.06047707 0.02498261 0.07065230
v -0.05935484 0.02848098 0.07081151
v -0.06225574 0.01668314 0.07081705
v -0.06218296 0.01689402 0.07067817
v -0.06156617 0.02137742 0.07080453
v -0.05910956 0.02865968 0.07066988
v -0.05935484 0.02848098 0.07081151
v -0.06047707 0.02498261 0.07065230
v -0.05849903 0.02916328 0.07082605
v -0.05935484 0.02848098 0.07081151
v -0.05910956 0.02865968 0.07066988
v -0.05849903 0.02916328 0.07082605
v -0.05910956 0.02865968 0.07066988
v -0.05821990 0.02907530 0.07066446
v -0.05732768 0.02892003 0.07077890
v -0.05849903 0.02916328 0.07082605
v -0.05821990 0.02907530 0.07066446
v -0.05529010 0.03520540 0.06638133
v -0.05612099 0.03568659 0.06640064
v -0.05418318 0.03429506 0.07082992
v -0.05386734 0.03555248 0.06630617
v -0.05329895 0.03415493 0.07104259
v -0.05252552 0.03438571 0.07130539
v -0.05447036 0.03521458 0.06629830
v -0.05329895 0.03415493 0.07104259
v -0.05386734 0.03555248 0.06630617
v -0.05529010 0.03520540 0.06638133
v -0.05329895 0.03415493 0.07104259
v -0.05447036 0.03521458 0.06629830
v -0.05529010 0.03520540 0.06638133
v -0.05418318 0.03429506 0.07082992
v -0.05329895 0.03415493 0.07104259
v -0.05174005 0.03850601 0.06668275
v -0.04916024 0.03924320 0.07134044
v -0.04886943 0.04192636 0.06716299
v -0.05174005 0.03850601 0.06668275
v -0.05252552 0.03438571 0.07130539
v -0.04916024 0.03924320 0.07134044
v -0.05386734 0.03555248 0.06630617
v -0.05252552 0.03438571 0.07130539
v -0.05174005 0.03850601 0.06668275
v -0.04886943 0.04192636 0.06716299
v -0.04460150 0.04420141 0.07131040
v -0.04572504 0.04500762 0.06728154
v -0.04886943 0.04192636 0.06716299
v -0.04916024 0.03924320 0.07134044
v -0.04460150 0.04420141 0.07131040
v -0.04551643 0.04595629 0.06729352
v -0.04449564 0.04497496 0.07107377
v -0.04583656 0.04672936 0.06724846
v -0.04583656 0.04672936 0.06724846
v -0.04449564 0.04497496 0.07107377
v -0.04491031 0.04591844 0.07083165
v -0.04556548 0.04545764 0.06743097
v -0.04449564 0.04497496 0.07107377
v -0.04551643 0.04595629 0.06729352
v -0.04556548 0.04545764 0.06743097
v -0.04460150 0.04420141 0.07131040
v -0.04449564 0.04497496 0.07107377
v -0.04572504 0.04500762 0.06728154
v -0.04460150 0.04420141 0.07131040
v -0.04556548 0.04545764 0.06743097
v -0.05669713 0.03650687 0.06641674
v -0.05520290 0.03523443 0.07065755
v -0.05612099 0.03568659 0.06640064
v -0.05669713 0.03650687 0.06641674
v -0.05541110 0.03639380 0.07065343
v -0.05520290 0.03523443 0.07065755
v -0.05667781 0.03755531 0.06638032
v -0.05541110 0.03639380 0.07065343
v -0.05669713 0.03650687 0.06641674
v -0.05612099 0.03568659 0.06640064
v -0.05520290 0.03523443 0.07065755
v -0.05418318 0.03429506 0.07082992
v -0.05381304 0.04172424 0.06662070
v -0.05541110 0.03639380 0.07065343
v -0.05667781 0.03755531 0.06638032
v -0.05381304 0.04172424 0.06662070
v -0.05188453 0.04154626 0.07066667
v -0.05541110 0.03639380 0.07065343
v -0.05008906 0.04591069 0.06678456
v -0.05188453 0.04154626 0.07066667
v -0.05381304 0.04172424 0.06662070
v -0.05008906 0.04591069 0.06678456
v -0.04943144 0.04437682 0.07076412
v -0.05188453 0.04154626 0.07066667
v -0.04828310 0.04758642 0.06679391
v -0.04943144 0.04437682 0.07076412
v -0.05008906 0.04591069 0.06678456
v -0.04828310 0.04758642 0.06679391
v -0.04710501 0.04660258 0.07073974
v -0.04943144 0.04437682 0.07076412
v -0.04699099 0.04759095 0.06701689
v -0.04570204 0.04653410 0.07081258
v -0.04630339 0.04672686 0.07077574
v -0.04583656 0.04672936 0.06724846
v -0.04570204 0.04653410 0.07081258
v -0.04699099 0.04759095 0.06701689
v -0.04491031 0.04591844 0.07083165
v -0.04570204 0.04653410 0.07081258
v -0.04583656 0.04672936 0.06724846
v -0.04828310 0.04758642 0.06679391
v -0.04630339 0.04672686 0.07077574
v -0.04710501 0.04660258 0.07073974
v -0.04699099 0.04759095 0.06701689
v -0.04630339 0.04672686 0.07077574
v -0.04828310 0.04758642 0.06679391
v -0.05520290 0.03523443 0.07065755
v -0.05531334 0.03520880 0.07081294
v -0.05418318 0.03429506 0.07082992
v -0.05541110 0.03639380 0.07065343
v -0.05531334 0.03520880 0.07081294
v -0.05520290 0.03523443 0.07065755
v -0.05549436 0.03641495 0.07081377
v -0.05531334 0.03520880 0.07081294
v -0.05541110 0.03639380 0.07065343
v -0.05188453 0.04154626 0.07066667
v -0.05237329 0.04105422 0.07081097
v -0.05541110 0.03639380 0.07065343
v -0.05237329 0.04105422 0.07081097
v -0.05549436 0.03641495 0.07081377
v -0.05541110 0.03639380 0.07065343
v -0.04943144 0.04437682 0.07076412
v -0.05237329 0.04105422 0.07081097
v -0.05188453 0.04154626 0.07066667
v -0.02912855 0.05757538 0.06572109
v -0.02749878 0.05586955 0.07085382
v -0.02769595 0.05633322 0.07081019
v -0.02740103 0.05528096 0.07098489
v -0.02749878 0.05586955 0.07085382
v -0.02882826 0.05698887 0.06580692
v -0.02882826 0.05698887 0.06580692
v -0.02881735 0.05615083 0.06595230
v -0.02740103 0.05528096 0.07098489
v -0.02882826 0.05698887 0.06580692
v -0.02749878 0.05586955 0.07085382
v -0.02912855 0.05757538 0.06572109
v -0.02881735 0.05615083 0.06595230
v -0.02924335 0.05550918 0.06621968
v -0.02768808 0.05442045 0.07131963
v -0.02740103 0.05528096 0.07098489
v -0.02881735 0.05615083 0.06595230
v -0.02768808 0.05442045 0.07131963
v -0.02881664 0.05716435 0.07068699
v -0.02912855 0.05757538 0.06572109
v -0.02769595 0.05633322 0.07081019
v -0.03000879 0.05833659 0.06559085
v -0.02912855 0.05757538 0.06572109
v -0.02881664 0.05716435 0.07068699
v -0.03087162 0.05862520 0.06555145
v -0.03000879 0.05833659 0.06559085
v -0.02881664 0.05716435 0.07068699
v -0.02881664 0.05716435 0.07068699
v -0.02969473 0.05726037 0.07068306
v -0.03087162 0.05862520 0.06555145
v -0.04141801 0.05316827 0.06650644
v -0.03995043 0.05226455 0.07078325
v -0.04030483 0.05189458 0.07061946
v -0.03454548 0.05720655 0.06587421
v -0.03475433 0.05517665 0.07077193
v -0.04141801 0.05316827 0.06650644
v -0.04141801 0.05316827 0.06650644
v -0.03475433 0.05517665 0.07077193
v -0.03995043 0.05226455 0.07078325
v -0.03454548 0.05720655 0.06587421
v -0.02969473 0.05726037 0.07068306
v -0.03475433 0.05517665 0.07077193
v -0.03087162 0.05862520 0.06555145
v -0.02969473 0.05726037 0.07068306
v -0.03454548 0.05720655 0.06587421
v -0.04141801 0.05316827 0.06650644
v -0.04030483 0.05189458 0.07061946
v -0.04185765 0.05203060 0.06675702
v -0.04185765 0.05203060 0.06675702
v -0.04030483 0.05189458 0.07061946
v -0.04057484 0.05127851 0.07070976
v -0.04185765 0.05203060 0.06675702
v -0.04053121 0.05056093 0.07074069
v -0.04161185 0.05123398 0.06694442
v -0.04185765 0.05203060 0.06675702
v -0.04057484 0.05127851 0.07070976
v -0.04053121 0.05056093 0.07074069
v -0.04126316 0.05073646 0.06706100
v -0.04161185 0.05123398 0.06694442
v -0.04053121 0.05056093 0.07074069
v -0.04053121 0.05056093 0.07074069
v -0.04024308 0.05002425 0.07079577
v -0.04126316 0.05073646 0.06706100
v -0.04126316 0.05073646 0.06706100
v -0.04024308 0.05002425 0.07079577
v -0.04041785 0.05016902 0.06725382
v -0.04024308 0.05002425 0.07079577
v -0.03949004 0.04940996 0.07091879
v -0.04041785 0.05016902 0.06725382
v -0.04041785 0.05016902 0.06725382
v -0.03949004 0.04940996 0.07091879
v -0.03939741 0.05005423 0.06722146
v -0.03939741 0.05005423 0.06722146
v -0.03949004 0.04940996 0.07091879
v -0.03831648 0.04914377 0.07129293
v -0.03517127 0.05265937 0.06688404
v -0.03376203 0.05173842 0.07136774
v -0.03154242 0.05449692 0.06645971
v -0.03154242 0.05449692 0.06645971
v -0.03376203 0.05173842 0.07136774
v -0.02768808 0.05442045 0.07131963
v -0.03831648 0.04914377 0.07129293
v -0.03517127 0.05265937 0.06688404
v -0.03939741 0.05005423 0.06722146
v -0.03831648 0.04914377 0.07129293
v -0.03376203 0.05173842 0.07136774
v -0.03517127 0.05265937 0.06688404
v -0.03154242 0.05449692 0.06645971
v -0.02768808 0.05442045 0.07131963
v -0.02924335 0.05550918 0.06621968
v -0.02881664 0.05716435 0.07068699
v -0.02964586 0.05735276 0.07082033
v -0.02969473 0.05726037 0.07068306
v -0.02883160 0.05731926 0.07083314
v -0.02964586 0.05735276 0.07082033
v -0.02881664 0.05716435 0.07068699
v -0.02969473 0.05726037 0.07068306
v -0.02964586 0.05735276 0.07082033
v -0.03475433 0.05517665 0.07077193
v -0.04030483 0.05189458 0.07061946
v -0.03995043 0.05226455 0.07078325
v -0.04056501 0.05165938 0.07082092
v -0.04057484 0.05127851 0.07070976
v -0.04030483 0.05189458 0.07061946
v -0.04056501 0.05165938 0.07082092
v -0.04056501 0.05165938 0.07082092
v -0.04053121 0.05056093 0.07074069
v -0.04057484 0.05127851 0.07070976
v -0.04018867 0.04995147 0.06714236
v -0.04126316 0.05073646 0.06706100
v -0.04041785 0.05016902 0.06725382
v -0.03939741 0.05005423 0.06722146
v -0.04018867 0.04995147 0.06714236
v -0.04041785 0.05016902 0.06725382
v -0.03154242 0.05449692 0.06645971
v -0.02916419 0.05544982 0.06603795
v -0.03517127 0.05265937 0.06688404
v -0.02916419 0.05544982 0.06603795
v -0.03617161 0.05196903 0.06688082
v -0.03517127 0.05265937 0.06688404
v -0.03939741 0.05005423 0.06722146
v -0.03517127 0.05265937 0.06688404
v -0.03617161 0.05196903 0.06688082
v -0.02924335 0.05550918 0.06621968
v -0.02916419 0.05544982 0.06603795
v -0.03154242 0.05449692 0.06645971
v -0.02924335 0.05550918 0.06621968
v -0.02881735 0.05615083 0.06595230
v -0.02916419 0.05544982 0.06603795
v -0.04551643 0.04595629 0.06729352
v -0.04572504 0.04500762 0.06728154
v -0.04556548 0.04545764 0.06743097
v -0.04572504 0.04500762 0.06728154
v -0.05174005 0.03850601 0.06668275
v -0.04886943 0.04192636 0.06716299
v -0.05778354 0.02944753 0.06552112
v -0.05771780 0.02847723 0.06533354
v -0.05785983 0.02932910 0.06563526
v -0.05778354 0.02944753 0.06552112
v -0.05785983 0.02932910 0.06563526
v -0.05848181 0.03002069 0.06576579
v -0.06274944 0.01668701 0.06466084
v -0.06371593 0.01749251 0.06485635
v -0.06280767 0.01679907 0.06478428
vn -0.51962736 -0.61233615 0.59584549
vn -0.51962736 -0.61233615 0.59584549
vn -0.51962736 -0.61233615 0.59584549
vn 0.00613856 -0.00706694 0.99995619
vn 0.00613856 -0.00706694 0.99995619
vn 0.00613856 -0.00706694 0.99995619
vn 0.00349664 0.02290268 0.99973158
vn 0.00349664 0.02290268 0.99973158
vn 0.00349664 0.02290268 0.99973158
vn -0.00387256 0.00275805 0.99998870
vn -0.00320839 0.00187229 0.99999310
vn -0.00002611 -0.00009199 1.00000000
vn 0.00974482 -0.03352542 0.99939036
vn 0.00974482 -0.03352542 0.99939036
vn 0.00974482 -0.03352542 0.99939036
vn -0.00413997 0.00272823 0.99998771
vn 0.00399178 -0.01104130 0.99993108
vn 0.00399178 -0.01104130 0.99993108
vn 0.00399178 -0.01104130 0.99993108
vn 0.03410342 -0.02943386 0.99898479
vn 0.03410342 -0.02943386 0.99898479
vn 0.03410342 -0.02943386 0.99898479
vn 0.00460651 0.01002293 0.99993916
vn 0.00460651 0.01002293 0.99993916
vn 0.00460651 0.01002293 0.99993916
vn 0.01194697 -0.01266577 0.99984841
vn 0.01194697 -0.01266577 0.99984841
vn 0.01194697 -0.01266577 0.99984841
vn 0.00184282 -0.00026284 0.99999827
vn 0.00105572 -0.00131142 0.99999858
vn -0.00941252 -0.00014395 0.99995569
vn -0.00941252 -0.00014395 0.99995569
vn -0.00941252 -0.00014395 0.99995569
vn -0.00132343 0.00035185 0.99999906
vn -0.00081488 -0.00037638 0.99999960
vn 0.02486656 -0.01504310 0.99957759
vn 0.02486656 -0.01504310 0.99957759
vn 0.02486656 -0.01504310 0.99957759
vn 0.00035258 0.00155463 0.99999873
vn -0.01582151 -0.00229625 0.99987220
vn -0.01582151 -0.00229625 0.99987220
vn -0.01582151 -0.00229625 0.99987220
vn -0.03822885 -0.04262182 0.99835962
vn -0.03822885 -0.04262182 0.99835962
vn -0.03822885 -0.04262182 0.99835962
vn 0.00099494 0.00794377 0.99996795
vn 0.00099494 0.00794377 0.99996795
vn 0.00099494 0.00794377 0.99996795
vn -0.00274923 0.00096073 0.99999576
vn -0.00090584 0.00280107 0.99999567
vn 0.01716934 -0.00349470 0.99984649
vn 0.01716934 -0.00349470 0.99984649
vn 0.01716934 -0.00349470 0.99984649
vn -0.00264767 -0.00108303 0.99999591
vn -0.01133001 -0.03243478 0.99940963
vn -0.01133001 -0.03243478 0.99940963
vn -0.01133001 -0.03243478 0.99940963
vn 0.00209964 0.00096855 0.99999733
vn 0.00209964 0.00096855 0.99999733
vn 0.00209964 0.00096855 0.99999733
vn 0.02162923 0.04021674 0.99895685
vn 0.02162923 0.04021674 0.99895685
vn 0.02162923 0.04021674 0.99895685
vn -0.01083326 0.01325422 0.99985347
vn -0.01030539 0.01361725 0.99985417
vn -0.00989951 0.01389637 0.99985443
vn -0.07543720 0.00285350 0.99714647
vn -0.07543720 0.00285350 0.99714647
vn -0.07543720 0.00285350 0.99714647
vn 0.01395389 0.01865346 0.99972863
vn 0.01395389 0.01865346 0.99972863
vn 0.01395389 0.01865346 0.99972863
vn -0.01575522 -0.00038437 0.99987580
vn -0.01575522 -0.00038437 0.99987580
vn -0.01575522 -0.00038437 0.99987580
vn -0.01131253 0.01292462 0.99985248
vn 0.00040022 -0.00477424 0.99998852
vn 0.00040022 -0.00477424 0.99998852
vn 0.00181062 -0.00247593 0.99999530
vn -0.08552003 -0.07692941 0.99336206
vn -0.08552003 -0.07692941 0.99336206
vn -0.08552003 -0.07692941 0.99336206
vn -0.02621672 -0.01494394 0.99954458
vn -0.02621672 -0.01494394 0.99954458
vn -0.02621672 -0.01494394 0.99954458
vn 0.00420202 0.00142104 0.99999016
vn 0.00420202 0.00142104 0.99999016
vn -0.00646617 0.00485437 0.99996731
vn -0.00646617 0.00485437 0.99996731
vn -0.00646617 0.00485437 0.99996731
vn -0.04636164 0.07731293 0.99592837
vn -0.04636164 0.07731293 0.99592837
vn -0.04636164 0.07731293 0.99592837
vn 0.06878870 -0.07056516 0.99513249
vn 0.06878870 -0.07056516 0.99513249
vn 0.06878870 -0.07056516 0.99513249
vn -0.74293122 -0.42433608 0.51767952
vn -0.74293122 -0.42433608 0.51767952
vn -0.74293122 -0.42433608 0.51767952
vn -0.62909833 -0.36393480 0.68686734
vn -0.62909833 -0.36393480 0.68686734
vn -0.62909833 -0.36393480 0.68686734
vn -0.36562195 -0.21014213 0.90673087
vn -0.36562195 -0.21014213 0.90673087
vn -0.36562195 -0.21014213 0.90673087
vn -0.37825416 -0.21687513 0.89993831
vn -0.37825416 -0.21687513 0.89993831
vn -0.37825416 -0.21687513 0.89993831
vn -0.56317706 -0.05310752 0.82462791
vn -0.56317706 -0.05310752 0.82462791
vn -0.56317706 -0.05310752 0.82462791
vn -0.48649062 -0.03456297 0.87300188
vn -0.48649062 -0.03456297 0.87300188
vn -0.48649062 -0.03456297 0.87300188
vn -0.71527095 -0.16827601 0.67828508
vn -0.71527095 -0.16827601 0.67828508
vn -0.71527095 -0.16827601 0.67828508
vn -0.47634837 -0.19026286 0.85842430
vn -0.47634837 -0.19026286 0.85842430
vn -0.47634837 -0.19026286 0.85842430
vn -0.20234640 -0.10524696 0.97364214
vn -0.20234640 -0.10524696 0.97364214
vn -0.20234640 -0.10524696 0.97364214
vn -0.34263855 0.14413619 0.92834454
vn -0.34263855 0.14413619 0.92834454
vn -0.34263855 0.14413619 0.92834454
vn -0.51176897 0.38354807 0.76875445
vn -0.51176897 0.38354807 0.76875445
vn -0.51176897 0.38354807 0.76875445
vn -0.39467890 0.51823893 0.75872062
vn -0.39467890 0.51823893 0.75872062
vn -0.39467890 0.51823893 0.75872062
vn -0.31161720 0.38663464 0.86799100
vn -0.31161720 0.38663464 0.86799100
vn -0.31161720 0.38663464 0.86799100
vn -0.60183755 0.36011535 0.71281730
vn -0.60183755 0.36011535 0.71281730
vn -0.60183755 0.36011535 0.71281730
vn -0.43698193 0.28454005 0.85327824
vn -0.43698193 0.28454005 0.85327824
vn -0.43698193 0.28454005 0.85327824
vn -0.44598781 0.12219224 0.88665886
vn -0.44598781 0.12219224 0.88665886
vn -0.44598781 0.12219224 0.88665886
vn -0.65567475 0.09409870 0.74915690
vn -0.65567475 0.09409870 0.74915690
vn -0.65567475 0.09409870 0.74915690
vn -0.52413972 0.17733986 0.83296346
vn -0.52413972 0.17733986 0.83296346
vn -0.52413972 0.17733986 0.83296346
vn -0.30260388 0.07283696 0.95032924
vn -0.30260388 0.07283696 0.95032924
vn -0.30260388 0.07283696 0.95032924
vn -0.25760441 0.24036614 0.93587611
vn -0.25760441 0.24036614 0.93587611
vn -0.25760441 0.24036614 0.93587611
vn -0.18454656 0.41585498 0.89050952
vn -0.18454656 0.41585498 0.89050952
vn -0.18454656 0.41585498 0.89050952
vn -0.26340140 0.54000539 0.79938344
vn -0.26340140 0.54000539 0.79938344
vn -0.26340140 0.54000539 0.79938344
vn -0.27705458 0.46728560 0.83957425
vn -0.27705458 0.46728560 0.83957425
vn -0.27705458 0.46728560 0.83957425
vn -0.36807099 0.39957782 0.83956019
vn -0.36807099 0.39957782 0.83956019
vn -0.36807099 0.39957782 0.83956019
vn -0.36771896 0.32137053 0.87264182
vn -0.36771896 0.32137053 0.87264182
vn -0.36771896 0.32137053 0.87264182
vn -0.36244371 0.57752574 0.73150432
vn -0.36244371 0.57752574 0.73150432
vn -0.36244371 0.57752574 0.73150432
vn -0.58876436 0.28563872 0.75615280
vn -0.58876436 0.28563872 0.75615280
vn -0.58876436 0.28563872 0.75615280
vn 0.06409934 0.59408854 0.80184168
vn 0.06409934 0.59408854 0.80184168
vn 0.06409934 0.59408854 0.80184168
vn 0.07200264 0.53523023 0.84163188
vn 0.07200264 0.53523023 0.84163188
vn 0.07200264 0.53523023 0.84163188
vn -0.22851450 0.66377938 0.71216435
vn -0.22851450 0.66377938 0.71216435
vn -0.22851450 0.66377938 0.71216435
vn -0.05124707 0.55387162 0.83102344
vn -0.05124707 0.55387162 0.83102344
vn -0.05124707 0.55387162 0.83102344
vn -0.05823643 0.47746400 0.87671925
vn -0.05823643 0.47746400 0.87671925
vn -0.05823643 0.47746400 0.87671925
vn 0.22332910 0.68608928 0.69239122
vn 0.22332910 0.68608928 0.69239122
vn 0.22332910 0.68608928 0.69239122
vn 0.16405719 0.51864461 0.83910250
vn 0.16405719 0.51864461 0.83910250
vn 0.16405719 0.51864461 0.83910250
vn 0.18144794 0.56492014 0.80494837
vn 0.18144794 0.56492014 0.80494837
vn 0.18144794 0.56492014 0.80494837
vn 0.07098447 0.20987924 0.97514712
vn 0.07098447 0.20987924 0.97514712
vn 0.07098447 0.20987924 0.97514712
vn 0.14866528 0.85774639 0.49210747
vn 0.14866528 0.85774639 0.49210747
vn 0.14866528 0.85774639 0.49210747
vn 0.14096788 0.72103342 0.67840906
vn 0.14183156 0.71868360 0.68071851
vn 0.14087664 0.72128090 0.67816490
vn 0.14194926 0.71836241 0.68103294
vn 0.08365986 0.78773582 0.61030591
vn 0.08365986 0.78773582 0.61030591
vn 0.08365986 0.78773582 0.61030591
vn 0.14537026 0.45584807 0.87810593
vn 0.14537026 0.45584807 0.87810593
vn 0.14537026 0.45584807 0.87810593
vn 0.00711314 0.86188577 0.50705258
vn 0.00711314 0.86188577 0.50705258
vn 0.00711314 0.86188577 0.50705258
vn 0.23361459 0.82594413 0.51306970
vn 0.23361459 0.82594413 0.51306970
vn 0.23361459 0.82594413 0.51306970
vn 0.07858545 0.46071367 0.88406292
vn 0.07858545 0.46071367 0.88406292
vn 0.07858545 0.46071367 0.88406292
vn 0.07634040 0.59971080 0.79656707
vn 0.07634040 0.59971080 0.79656707
vn 0.07634040 0.59971080 0.79656707
vn 0.02729197 0.35037289 0.93621258
vn 0.02729197 0.35037289 0.93621258
vn 0.02729197 0.35037289 0.93621258
vn 0.02073403 0.68994231 0.72356735
vn 0.02073403 0.68994231 0.72356735
vn 0.02073403 0.68994231 0.72356735
vn -0.01113553 0.81860152 0.57425391
vn -0.01113553 0.81860152 0.57425391
vn -0.01113553 0.81860152 0.57425391
vn -0.27514756 0.48077474 0.83255599
vn -0.27514756 0.48077474 0.83255599
vn -0.27514756 0.48077474 0.83255599
vn -0.30624744 0.51446947 0.80095797
vn -0.30624744 0.51446947 0.80095797
vn -0.30624744 0.51446947 0.80095797
vn -0.09799837 0.64244734 0.76003798
vn -0.09799837 0.64244734 0.76003798
vn -0.09799837 0.64244734 0.76003798
vn -0.11248530 0.54218273 0.83269739
vn -0.11248530 0.54218273 0.83269739
vn -0.11248530 0.54218273 0.83269739
vn -0.43180684 0.59725028 0.67589567
vn -0.43180684 0.59725028 0.67589567
vn -0.43180684 0.59725028 0.67589567
vn -0.15769644 0.17986626 0.97096857
vn -0.15769644 0.17986626 0.97096857
vn -0.15769644 0.17986626 0.97096857
vn -0.06469565 0.26768017 0.96133334
vn -0.06469565 0.26768017 0.96133334
vn -0.06469565 0.26768017 0.96133334
vn -0.55942220 0.50389363 0.65813221
vn -0.55942220 0.50389363 0.65813221
vn -0.55942220 0.50389363 0.65813221
vn -0.57591250 0.52753593 0.62452432
vn -0.57591250 0.52753593 0.62452432
vn -0.57591250 0.52753593 0.62452432
vn -0.04385398 0.86159519 0.50569808
vn -0.04385398 0.86159519 0.50569808
vn -0.04385398 0.86159519 0.50569808
vn -0.41879276 0.38126854 0.82416438
vn -0.41879276 0.38126854 0.82416438
vn -0.41879276 0.38126854 0.82416438
vn -0.44125038 0.41053470 0.79797203
vn -0.44125038 0.41053470 0.79797203
vn -0.44125038 0.41053470 0.79797203
vn -0.32740708 0.49297776 0.80608779
vn -0.32740708 0.49297776 0.80608779
vn -0.32740708 0.49297776 0.80608779
vn -0.04600361 0.64492256 0.76286208
vn -0.04600361 0.64492256 0.76286208
vn -0.04600361 0.64492256 0.76286208
vn -0.02114762 0.08474629 0.99617812
vn -0.02114762 0.08474629 0.99617812
vn -0.02114762 0.08474629 0.99617812
vn -0.06622049 0.57582603 0.81488602
vn -0.06622049 0.57582603 0.81488602
vn -0.06622049 0.57582603 0.81488602
vn -0.43806724 0.60215428 0.66746334
vn -0.43806724 0.60215428 0.66746334
vn -0.43806724 0.60215428 0.66746334
vn -0.22532931 0.30645978 0.92482923
vn -0.22532931 0.30645978 0.92482923
vn -0.22532931 0.30645978 0.92482923
vn -0.17299085 0.61199404 0.77171073
vn -0.17299085 0.61199404 0.77171073
vn -0.17299085 0.61199404 0.77171073
vn -0.17687172 0.60209408 0.77858790
vn -0.17687172 0.60209408 0.77858790
vn -0.17687172 0.60209408 0.77858790
vn -0.11353569 0.76110894 0.63861008
vn -0.11353569 0.76110894 0.63861008
vn -0.11353569 0.76110894 0.63861008
vn -0.26043926 0.60333302 0.75376432
vn -0.26043926 0.60333302 0.75376432
vn -0.26043926 0.60333302 0.75376432
vn -0.27249513 0.68827540 0.67232683
vn -0.27249513 0.68827540 0.67232683
vn -0.27249513 0.68827540 0.67232683
vn -0.28779972 0.33681301 0.89650896
vn -0.28779972 0.33681301 0.89650896
vn -0.28779972 0.33681301 0.89650896
vn -0.06418571 0.35702670 0.93188633
vn -0.06418571 0.35702670 0.93188633
vn -0.06418571 0.35702670 0.93188633
vn -0.19192342 0.27442670 0.94226078
vn -0.19192342 0.27442670 0.94226078
vn -0.19192342 0.27442670 0.94226078
vn -0.08039696 0.10005731 0.99172822
vn -0.08039696 0.10005731 0.99172822
vn -0.08039696 0.10005731 0.99172822
vn -0.10439329 0.39061179 0.91461712
vn -0.10439329 0.39061179 0.91461712
vn -0.10439329 0.39061179 0.91461712
vn -0.00917320 0.01916487 0.99977425
vn -0.00917320 0.01916487 0.99977425
vn -0.00917320 0.01916487 0.99977425
vn -0.12614485 0.19561913 0.97253310
vn -0.12614485 0.19561913 0.97253310
vn -0.12614485 0.19561913 0.97253310
vn -0.48794412 0.58386144 0.64885773
vn -0.48794412 0.58386144 0.64885773
vn -0.48794412 0.58386144 0.64885773
vn -0.04764616 0.42359861 0.90459608
vn -0.04764616 0.42359861 0.90459608
vn -0.04764616 0.42359861 0.90459608
vn -0.26413413 0.31500468 0.91159487
vn -0.26413413 0.31500468 0.91159487
vn -0.26413413 0.31500468 0.91159487
vn -0.25491298 0.59577820 0.76162177
vn -0.25491298 0.59577820 0.76162177
vn -0.25491298 0.59577820 0.76162177
vn -0.39709307 0.41626925 0.81794682
vn -0.39709307 0.41626925 0.81794682
vn -0.39709307 0.41626925 0.81794682
vn -0.00629060 0.23832823 0.97116429
vn -0.00629060 0.23832823 0.97116429
vn -0.00629060 0.23832823 0.97116429
vn -0.15527267 0.78109291 0.60480101
vn -0.15527267 0.78109291 0.60480101
vn -0.15527267 0.78109291 0.60480101
vn -0.35385850 0.64941041 0.67309010
vn -0.35385850 0.64941041 0.67309010
vn -0.35385850 0.64941041 0.67309010
vn -0.39461626 0.69040513 0.60631573
vn -0.39461626 0.69040513 0.60631573
vn -0.39461626 0.69040513 0.60631573
vn -0.66577623 0.27728437 0.69271595
vn -0.66577623 0.27728437 0.69271595
vn -0.66577623 0.27728437 0.69271595
vn -0.58739462 -0.06514950 0.80667410
vn -0.58739462 -0.06514950 0.80667410
vn -0.58739462 -0.06514950 0.80667410
vn -0.57265121 0.08682005 0.81518886
vn -0.57277502 0.08688335 0.81509512
vn -0.57279627 0.08689422 0.81507903
vn -0.57258591 0.08678666 0.81523828
vn -0.81305197 0.11382022 0.57095662
vn -0.81305197 0.11382022 0.57095662
vn -0.81305197 0.11382022 0.57095662
vn -0.74244725 -0.06923430 0.66631726
vn -0.74244725 -0.06923430 0.66631726
vn -0.74244725 -0.06923430 0.66631726
vn -0.70481949 -0.07805636 0.70507921
vn -0.70481949 -0.07805636 0.70507921
vn -0.70481949 -0.07805636 0.70507921
vn -0.70866303 0.14520639 0.69044320
vn -0.70866303 0.14520639 0.69044320
vn -0.70866303 0.14520639 0.69044320
vn -0.53610198 0.14824897 0.83103364
vn -0.53610198 0.14824897 0.83103364
vn -0.53610198 0.14824897 0.83103364
vn -0.33909702 0.14750012 0.92911621
vn -0.33909702 0.14750012 0.92911621
vn -0.33909702 0.14750012 0.92911621
vn -0.81421304 -0.07079723 0.57623335
vn -0.81421304 -0.07079723 0.57623335
vn -0.81421304 -0.07079723 0.57623335
vn -0.67533351 0.23013696 0.70068654
vn -0.67533351 0.23013696 0.70068654
vn -0.67533351 0.23013696 0.70068654
vn -0.53516490 0.19331525 0.82233068
vn -0.53516490 0.19331525 0.82233068
vn -0.53516490 0.19331525 0.82233068
vn -0.51101603 0.17867977 0.84079496
vn -0.51101603 0.17867977 0.84079496
vn -0.51101603 0.17867977 0.84079496
vn -0.71040205 0.26438015 0.65225153
vn -0.71040205 0.26438015 0.65225153
vn -0.71040205 0.26438015 0.65225153
vn -0.50927681 0.23582502 0.82766158
vn -0.50927681 0.23582502 0.82766158
vn -0.50927681 0.23582502 0.82766158
vn -0.62573526 0.40460047 0.66689868
vn -0.62573526 0.40460047 0.66689868
vn -0.62573526 0.40460047 0.66689868
vn -0.74503242 0.38613893 0.54389651
vn -0.74503242 0.38613893 0.54389651
vn -0.74503242 0.38613893 0.54389651
vn -0.54571552 0.30370862 0.78099657
vn -0.54571552 0.30370862 0.78099657
vn -0.54571552 0.30370862 0.78099657
vn -0.20946384 0.14569206 0.96690161
vn -0.20946384 0.14569206 0.96690161
vn -0.20946384 0.14569206 0.96690161
vn -0.36790588 0.19854437 0.90841917
vn -0.36790588 0.19854437 0.90841917
vn -0.36790588 0.19854437 0.90841917
vn -0.52506309 -0.00197592 0.85106101
vn -0.52506309 -0.00197592 0.85106101
vn -0.52506309 -0.00197592 0.85106101
vn -0.50490962 0.34408970 0.79162400
vn -0.50490962 0.34408970 0.79162400
vn -0.50490962 0.34408970 0.79162400
vn -0.49756601 0.33620108 0.79962298
vn -0.49756601 0.33620108 0.79962298
vn -0.49756601 0.33620108 0.79962298
vn -0.22319562 -0.00137139 0.97477271
vn -0.22319562 -0.00137139 0.97477271
vn -0.22319562 -0.00137139 0.97477271
vn -0.74419478 0.01496088 0.66779510
vn -0.74419478 0.01496088 0.66779510
vn -0.74419478 0.01496088 0.66779510
vn -0.38730938 0.02352667 0.92164958
vn -0.38730938 0.02352667 0.92164958
vn -0.38730938 0.02352667 0.92164958
vn -0.80852052 -0.00626751 0.58843461
vn -0.80852052 -0.00626751 0.58843461
vn -0.80852052 -0.00626751 0.58843461
vn -0.38099888 0.02415547 0.92425990
vn -0.38099888 0.02415547 0.92425990
vn -0.38099888 0.02415547 0.92425990
vn -0.28970907 -0.03589648 0.95644137
vn -0.28970907 -0.03589648 0.95644137
vn -0.28970907 -0.03589648 0.95644137
vn -0.27824736 -0.03671021 0.95980767
vn -0.27824736 -0.03671021 0.95980767
vn -0.27824736 -0.03671021 0.95980767
vn -0.36502144 0.16644197 0.91600023
vn -0.36502144 0.16644197 0.91600023
vn -0.36502144 0.16644197 0.91600023
vn -0.59784520 0.14855572 0.78772604
vn -0.59784520 0.14855572 0.78772604
vn -0.59784520 0.14855572 0.78772604
vn -0.15170648 0.07939913 0.98523141
vn -0.15170648 0.07939913 0.98523141
vn -0.15170648 0.07939913 0.98523141
vn -0.61097551 0.04235966 0.79051539
vn -0.61097551 0.04235966 0.79051539
vn -0.61097551 0.04235966 0.79051539
vn -0.51033473 -0.05033216 0.85850168
vn -0.51033473 -0.05033216 0.85850168
vn -0.51033473 -0.05033216 0.85850168
vn -0.53074679 0.23727174 0.81363995
vn -0.53074679 0.23727174 0.81363995
vn -0.53074679 0.23727174 0.81363995
vn -0.75407876 0.19449610 0.62732487
vn -0.75407876 0.19449610 0.62732487
vn -0.75407876 0.19449610 0.62732487
vn -0.65344173 -0.18024542 0.73520439
vn -0.65344173 -0.18024542 0.73520439
vn -0.65344173 -0.18024542 0.73520439
vn -0.86029162 -0.15151466 0.48676652
vn -0.86029162 -0.15151466 0.48676652
vn -0.86029162 -0.15151466 0.48676652
vn -0.87298670 -0.30668227 0.37926271
vn -0.87298670 -0.30668227 0.37926271
vn -0.87298670 -0.30668227 0.37926271
vn -0.80197664 -0.19003530 0.56632151
vn -0.80197664 -0.19003530 0.56632151
vn -0.80197664 -0.19003530 0.56632151
vn -0.85285467 -0.23083071 0.46835466
vn -0.85285467 -0.23083071 0.46835466
vn -0.85285467 -0.23083071 0.46835466
vn -0.45927137 -0.17324671 0.87123784
vn -0.45927137 -0.17324671 0.87123784
vn -0.45927137 -0.17324671 0.87123784
vn -0.81703337 -0.26505018 0.51205945
vn -0.81703337 -0.26505018 0.51205945
vn -0.81703337 -0.26505018 0.51205945
vn -0.22407006 -0.10095735 0.96932978
vn -0.22407006 -0.10095735 0.96932978
vn -0.22407006 -0.10095735 0.96932978
vn -0.66772833 -0.29646061 0.68282500
vn -0.66772833 -0.29646061 0.68282500
vn -0.66772833 -0.29646061 0.68282500
vn -0.61265870 -0.19793371 0.76516113
vn -0.61265870 -0.19793371 0.76516113
vn -0.61265870 -0.19793371 0.76516113
vn -0.58181036 -0.34749878 0.73535114
vn -0.58181036 -0.34749878 0.73535114
vn -0.58181036 -0.34749878 0.73535114
vn -0.61163418 -0.12529950 0.78115534
vn -0.61163418 -0.12529950 0.78115534
vn -0.61163418 -0.12529950 0.78115534
vn -0.77561468 -0.37705686 0.50621141
vn -0.77561468 -0.37705686 0.50621141
vn -0.77561468 -0.37705686 0.50621141
vn -0.82574208 -0.48008933 0.29608151
vn -0.82574208 -0.48008933 0.29608151
vn -0.82574208 -0.48008933 0.29608151
vn -0.82220574 -0.46913420 0.32232100
vn -0.82220574 -0.46913420 0.32232100
vn -0.82220574 -0.46913420 0.32232100
vn -0.89304851 0.09838298 0.43907305
vn -0.89304851 0.09838298 0.43907305
vn -0.89304851 0.09838298 0.43907305
vn -0.89325585 -0.21024493 0.39735508
vn -0.89325585 -0.21024493 0.39735508
vn -0.89325585 -0.21024493 0.39735508
vn -0.82789819 -0.46184907 0.31824524
vn -0.82789819 -0.46184907 0.31824524
vn -0.82789819 -0.46184907 0.31824524
vn -0.88508970 -0.32140827 0.33661988
vn -0.88508970 -0.32140827 0.33661988
vn -0.88508970 -0.32140827 0.33661988
vn -0.90728988 -0.15604915 0.39047886
vn -0.90728988 -0.15604915 0.39047886
vn -0.90728988 -0.15604915 0.39047886
vn -0.91139614 -0.06811701 0.40585359
vn -0.91139614 -0.06811701 0.40585359
vn -0.91139614 -0.06811701 0.40585359
vn -0.90294579 -0.01872511 0.42934632
vn -0.90294579 -0.01872511 0.42934632
vn -0.90294579 -0.01872511 0.42934632
vn -0.86264492 0.29896373 0.40800052
vn -0.86264492 0.29896373 0.40800052
vn -0.86264492 0.29896373 0.40800052
vn -0.87903630 0.22534778 0.42013517
vn -0.87903630 0.22534778 0.42013517
vn -0.87903630 0.22534778 0.42013517
vn -0.87516171 0.20834959 0.43667200
vn -0.87516171 0.20834959 0.43667200
vn -0.87516171 0.20834959 0.43667200
vn -0.79265989 0.48397812 0.37074988
vn -0.79265989 0.48397812 0.37074988
vn -0.79265989 0.48397812 0.37074988
vn -0.37808545 0.82024981 0.42923379
vn -0.37808545 0.82024981 0.42923379
vn -0.37808545 0.82024981 0.42923379
vn -0.83690468 0.38182315 0.39217553
vn -0.83690468 0.38182315 0.39217553
vn -0.83690468 0.38182315 0.39217553
vn -0.83009477 0.43052251 0.35439109
vn -0.83009477 0.43052251 0.35439109
vn -0.83009477 0.43052251 0.35439109
vn -0.45962253 0.79586219 0.39414528
vn -0.45962253 0.79586219 0.39414528
vn -0.45962253 0.79586219 0.39414528
vn -0.39314405 0.80970586 0.43567670
vn -0.39314405 0.80970586 0.43567670
vn -0.39314405 0.80970586 0.43567670
vn -0.85815357 0.34183080 0.38304588
vn -0.85815357 0.34183080 0.38304588
vn -0.85815357 0.34183080 0.38304588
vn -0.47747128 0.77845566 0.40746528
vn -0.47747128 0.77845566 0.40746528
vn -0.47747128 0.77845566 0.40746528
vn -0.87255272 0.27963614 0.40056882
vn -0.87255272 0.27963614 0.40056882
vn -0.87255272 0.27963614 0.40056882
vn -0.55091321 0.74936794 0.36734497
vn -0.55091321 0.74936794 0.36734497
vn -0.55091321 0.74936794 0.36734497
vn -0.56987933 0.72479238 0.38718673
vn -0.56987933 0.72479238 0.38718673
vn -0.56987933 0.72479238 0.38718673
vn -0.63850868 0.67514952 0.36943173
vn -0.63850868 0.67514952 0.36943173
vn -0.63850868 0.67514952 0.36943173
vn -0.62832043 0.68858204 0.36203344
vn -0.62832043 0.68858204 0.36203344
vn -0.62832043 0.68858204 0.36203344
vn -0.67400338 0.64958533 0.35179304
vn -0.67400338 0.64958533 0.35179304
vn -0.67400338 0.64958533 0.35179304
vn -0.69571577 0.61889317 0.36462420
vn -0.69571577 0.61889317 0.36462420
vn -0.69571577 0.61889317 0.36462420
vn -0.69258940 0.62521426 0.35975972
vn -0.69258940 0.62521426 0.35975972
vn -0.69258940 0.62521426 0.35975972
vn -0.87919821 0.13539378 0.45681400
vn -0.87919821 0.13539378 0.45681400
vn -0.87919821 0.13539378 0.45681400
vn -0.73917576 0.57007671 0.35865267
vn -0.73917576 0.57007671 0.35865267
vn -0.73917576 0.57007671 0.35865267
vn -0.74492240 0.56631584 0.35267121
vn -0.74492240 0.56631584 0.35267121
vn -0.74492240 0.56631584 0.35267121
vn -0.78618033 0.51105541 0.34748072
vn -0.78618033 0.51105541 0.34748072
vn -0.78618033 0.51105541 0.34748072
vn -0.03896652 0.92203092 0.38515009
vn -0.03896652 0.92203092 0.38515009
vn -0.03896652 0.92203092 0.38515009
vn 0.09590766 0.92212672 0.37481199
vn 0.09590766 0.92212672 0.37481199
vn 0.09590766 0.92212672 0.37481199
vn 0.15967819 0.92870302 0.33468429
vn 0.15967819 0.92870302 0.33468429
vn 0.15967819 0.92870302 0.33468429
vn -0.28504428 0.84796523 0.44688335
vn -0.28504428 0.84796523 0.44688335
vn -0.28504428 0.84796523 0.44688335
vn -0.29065424 0.84437539 0.45005591
vn -0.29065424 0.84437539 0.45005591
vn -0.29065424 0.84437539 0.45005591
vn -0.16475408 0.89571983 0.41296741
vn -0.16475408 0.89571983 0.41296741
vn -0.16475408 0.89571983 0.41296741
vn -0.09544388 0.90522204 0.41408155
vn -0.09544388 0.90522204 0.41408155
vn -0.09544388 0.90522204 0.41408155
vn 0.29949624 0.91331569 0.27596459
vn 0.29961098 0.91335012 0.27572598
vn 0.29858955 0.91304154 0.27784784
vn 0.29844649 0.91299795 0.27814462
vn 0.28800120 0.90614111 0.30977993
vn 0.28800120 0.90614111 0.30977993
vn 0.28800120 0.90614111 0.30977993
vn -0.87265351 -0.41370716 0.25946529
vn -0.87265351 -0.41370716 0.25946529
vn -0.87265351 -0.41370716 0.25946529
vn -0.50775353 0.69036881 0.51534188
vn -0.50775353 0.69036881 0.51534188
vn -0.50775353 0.69036881 0.51534188
vn -0.53169069 0.64873481 0.54447053
vn -0.53169069 0.64873481 0.54447053
vn -0.53169069 0.64873481 0.54447053
vn 0.17426666 0.94543817 0.27527769
vn 0.17426666 0.94543817 0.27527769
vn 0.17426666 0.94543817 0.27527769
vn -0.58620521 0.61738735 0.52459157
vn -0.58620521 0.61738735 0.52459157
vn -0.58620521 0.61738735 0.52459157
vn 0.04376604 0.94312533 0.32954384
vn 0.04376604 0.94312533 0.32954384
vn 0.04376604 0.94312533 0.32954384
vn 0.39913033 0.88881029 0.22519158
vn 0.39913033 0.88881029 0.22519158
vn 0.39913033 0.88881029 0.22519158
vn 0.25948652 0.93361628 0.24703720
vn 0.25948652 0.93361628 0.24703720
vn 0.25948652 0.93361628 0.24703720
vn 0.12561661 0.94595031 0.29899579
vn 0.12561661 0.94595031 0.29899579
vn 0.12561661 0.94595031 0.29899579
vn 0.15551399 0.89807411 0.41143443
vn 0.15551399 0.89807411 0.41143443
vn 0.15551399 0.89807411 0.41143443
vn -0.14157297 0.90585267 0.39923431
vn -0.14157297 0.90585267 0.39923431
vn -0.14157297 0.90585267 0.39923431
vn -0.38252067 0.80918240 0.44598407
vn -0.38252067 0.80918240 0.44598407
vn -0.38252067 0.80918240 0.44598407
vn 0.54127177 0.81265465 0.21591037
vn 0.54127177 0.81265465 0.21591037
vn 0.54127177 0.81265465 0.21591037
vn -0.10699298 0.91552513 0.38777085
vn -0.10699298 0.91552513 0.38777085
vn -0.10699298 0.91552513 0.38777085
vn -0.24829346 0.87321067 0.41934888
vn -0.24829346 0.87321067 0.41934888
vn -0.24829346 0.87321067 0.41934888
vn 0.60042594 0.78298571 0.16254863
vn 0.60042594 0.78298571 0.16254863
vn 0.60042594 0.78298571 0.16254863
vn 0.56875510 0.80286806 0.17866312
vn 0.56875510 0.80286806 0.17866312
vn 0.56875510 0.80286806 0.17866312
vn -0.01000704 0.89843337 0.43899584
vn -0.01000704 0.89843337 0.43899584
vn -0.01000704 0.89843337 0.43899584
vn 0.52021529 0.83540854 0.17739397
vn 0.52021529 0.83540854 0.17739397
vn 0.52021529 0.83540854 0.17739397
vn -0.09055731 0.88490727 0.45687908
vn -0.09055731 0.88490727 0.45687908
vn -0.09055731 0.88490727 0.45687908
vn -0.35144644 0.83197057 0.42931384
vn -0.35144644 0.83197057 0.42931384
vn -0.35144644 0.83197057 0.42931384
vn -0.24845224 0.85487720 0.45547389
vn -0.24845224 0.85487720 0.45547389
vn -0.24845224 0.85487720 0.45547389
vn -0.43667137 0.79032032 0.42978124
vn -0.43667137 0.79032032 0.42978124
vn -0.43667137 0.79032032 0.42978124
vn 0.42156932 0.88830718 0.18218029
vn 0.42156932 0.88830718 0.18218029
vn 0.42156932 0.88830718 0.18218029
vn -0.41501154 0.79142671 0.44878634
vn -0.41501154 0.79142671 0.44878634
vn -0.41501154 0.79142671 0.44878634
vn 0.48435871 0.85180973 0.19954152
vn 0.48435871 0.85180973 0.19954152
vn 0.48435871 0.85180973 0.19954152
vn -0.49833321 0.73495645 0.45989458
vn -0.49833321 0.73495645 0.45989458
vn -0.49833321 0.73495645 0.45989458
vn -0.50964708 0.73214413 0.45191242
vn -0.50964708 0.73214413 0.45191242
vn -0.50964708 0.73214413 0.45191242
vn 0.43430318 0.88150526 0.18528147
vn 0.43430318 0.88150526 0.18528147
vn 0.43430318 0.88150526 0.18528147
vn 0.36420421 0.91218778 0.18779975
vn 0.36420421 0.91218778 0.18779975
vn 0.36420421 0.91218778 0.18779975
vn -0.44397547 0.76358368 0.46885578
vn -0.44397547 0.76358368 0.46885578
vn -0.44397547 0.76358368 0.46885578
vn 0.56259797 0.79999124 0.20856063
vn 0.56259797 0.79999124 0.20856063
vn 0.56259797 0.79999124 0.20856063
vn -0.57932850 0.67465959 0.45739800
vn -0.57932850 0.67465959 0.45739800
vn -0.57932850 0.67465959 0.45739800
vn -0.42268070 0.75011824 0.50858987
vn -0.42268070 0.75011824 0.50858987
vn -0.42268070 0.75011824 0.50858987
vn -0.58764233 0.65612329 0.47347515
vn -0.58764233 0.65612329 0.47347515
vn -0.58764233 0.65612329 0.47347515
vn 0.45485874 0.86833374 0.19773730
vn 0.45485874 0.86833374 0.19773730
vn 0.45485874 0.86833374 0.19773730
vn -0.44345194 0.71426405 0.54145843
vn -0.44345194 0.71426405 0.54145843
vn -0.44345194 0.71426405 0.54145843
vn 0.34512648 0.91889589 0.19109700
vn 0.34512648 0.91889589 0.19109700
vn 0.34512648 0.91889589 0.19109700
vn -0.51064075 0.70232189 0.49597378
vn -0.51064075 0.70232189 0.49597378
vn -0.51064075 0.70232189 0.49597378
vn 0.38465995 0.90230512 0.19463348
vn 0.38465995 0.90230512 0.19463348
vn 0.38465995 0.90230512 0.19463348
vn -0.65964583 0.59974913 0.45295515
vn -0.65964583 0.59974913 0.45295515
vn -0.65964583 0.59974913 0.45295515
vn 0.49608004 0.84298764 0.20802989
vn 0.49608004 0.84298764 0.20802989
vn 0.49608004 0.84298764 0.20802989
vn 0.31515285 0.92560910 0.20958644
vn 0.31515285 0.92560910 0.20958644
vn 0.31515285 0.92560910 0.20958644
vn -0.58241552 0.65050119 0.48748371
vn -0.58241552 0.65050119 0.48748371
vn -0.58241552 0.65050119 0.48748371
vn -0.59434763 0.62103312 0.51094887
vn -0.59434763 0.62103312 0.51094887
vn -0.59434763 0.62103312 0.51094887
vn -0.67119604 0.56755564 0.47684009
vn -0.67119604 0.56755564 0.47684009
vn -0.67119604 0.56755564 0.47684009
vn 0.29561930 0.93439141 0.19880124
vn 0.29561930 0.93439141 0.19880124
vn 0.29561930 0.93439141 0.19880124
vn -0.65947791 0.56143796 0.49987629
vn -0.65947791 0.56143796 0.49987629
vn -0.65947791 0.56143796 0.49987629
vn -0.60294843 0.56227520 0.56595034
vn -0.60294843 0.56227520 0.56595034
vn -0.60294843 0.56227520 0.56595034
vn 0.59781239 0.73809109 0.31279688
vn 0.59781239 0.73809109 0.31279688
vn 0.59781239 0.73809109 0.31279688
vn 0.53274397 0.80163079 0.27124148
vn 0.53274397 0.80163079 0.27124148
vn 0.53274397 0.80163079 0.27124148
vn 0.48893224 0.81475988 0.31162735
vn 0.48893224 0.81475988 0.31162735
vn 0.48893224 0.81475988 0.31162735
vn 0.51449467 0.77142639 0.37442830
vn 0.51449467 0.77142639 0.37442830
vn 0.51449467 0.77142639 0.37442830
vn 0.44068529 0.85715216 0.26662079
vn 0.44068529 0.85715216 0.26662079
vn 0.44068529 0.85715216 0.26662079
vn 0.45796770 0.83332401 0.30957501
vn 0.45796770 0.83332401 0.30957501
vn 0.45796770 0.83332401 0.30957501
vn 0.30564809 0.92374090 0.23082892
vn 0.30564809 0.92374090 0.23082892
vn 0.30564809 0.92374090 0.23082892
vn 0.40777636 0.87562839 0.25883077
vn 0.40777636 0.87562839 0.25883077
vn 0.40777636 0.87562839 0.25883077
vn 0.32989735 0.91355179 0.23788834
vn 0.32989735 0.91355179 0.23788834
vn 0.32989735 0.91355179 0.23788834
vn 0.37540823 0.88068032 0.28891318
vn 0.37540823 0.88068032 0.28891318
vn 0.37540823 0.88068032 0.28891318
vn 0.23880795 0.94509724 0.22307393
vn 0.23880795 0.94509724 0.22307393
vn 0.23880795 0.94509724 0.22307393
vn 0.32142077 0.90535141 0.27753831
vn 0.32142077 0.90535141 0.27753831
vn 0.32142077 0.90535141 0.27753831
vn 0.24050833 0.93367925 0.26532773
vn 0.24050833 0.93367925 0.26532773
vn 0.24050833 0.93367925 0.26532773
vn 0.28952616 0.90468347 0.31260586
vn 0.28952616 0.90468347 0.31260586
vn 0.28952616 0.90468347 0.31260586
vn 0.28007790 0.89725635 0.34130253
vn 0.28007790 0.89725635 0.34130253
vn 0.28007790 0.89725635 0.34130253
vn 0.20567066 0.93681424 0.28298171
vn 0.20567066 0.93681424 0.28298171
vn 0.20567066 0.93681424 0.28298171
vn 0.26043452 0.89370534 0.36532810
vn 0.26043452 0.89370534 0.36532810
vn 0.26043452 0.89370534 0.36532810
vn 0.18447469 0.94854670 0.25734851
vn 0.18447469 0.94854670 0.25734851
vn 0.18447469 0.94854670 0.25734851
vn 0.21547605 0.94832145 0.23293024
vn 0.21547605 0.94832145 0.23293024
vn 0.21547605 0.94832145 0.23293024
vn 0.12221063 0.94643280 0.29888044
vn 0.12221063 0.94643280 0.29888044
vn 0.12221063 0.94643280 0.29888044
vn 0.09501508 0.94816700 0.30323500
vn 0.09501508 0.94816700 0.30323500
vn 0.09501508 0.94816700 0.30323500
vn 0.19944224 0.91255572 0.35702221
vn 0.19944224 0.91255572 0.35702221
vn 0.19944224 0.91255572 0.35702221
vn 0.37710348 0.89931768 0.22140614
vn 0.37710348 0.89931768 0.22140614
vn 0.37710348 0.89931768 0.22140614
vn 0.18873876 0.92712444 0.32375600
vn 0.18873876 0.92712444 0.32375600
vn 0.18873876 0.92712444 0.32375600
vn 0.04934480 0.94482196 0.32384649
vn 0.04934480 0.94482196 0.32384649
vn 0.04934480 0.94482196 0.32384649
vn 0.23617211 0.94492799 0.22656970
vn 0.23617211 0.94492799 0.22656970
vn 0.23617211 0.94492799 0.22656970
vn 0.14300654 0.92479834 0.35255804
vn 0.14300654 0.92479834 0.35255804
vn 0.14300654 0.92479834 0.35255804
vn 0.13553913 0.91782967 0.37311907
vn 0.13553913 0.91782967 0.37311907
vn 0.13553913 0.91782967 0.37311907
vn 0.11429913 0.93756153 0.32850279
vn 0.11429913 0.93756153 0.32850279
vn 0.11429913 0.93756153 0.32850279
vn -0.02993247 0.93391394 0.35624261
vn -0.02993247 0.93391394 0.35624261
vn -0.02993247 0.93391394 0.35624261
vn -0.02461643 0.93393886 0.35658412
vn -0.02461643 0.93393886 0.35658412
vn -0.02461643 0.93393886 0.35658412
vn 0.06928761 0.92910194 0.36327513
vn 0.06928761 0.92910194 0.36327513
vn 0.06928761 0.92910194 0.36327513
vn 0.05357177 0.93235431 0.35755490
vn 0.05357177 0.93235431 0.35755490
vn 0.05357177 0.93235431 0.35755490
vn 0.06117586 0.90949271 0.41119403
vn 0.06117586 0.90949271 0.41119403
vn 0.06117586 0.90949271 0.41119403
vn 0.06781365 0.91430218 0.39931545
vn 0.06781365 0.91430218 0.39931545
vn 0.06781365 0.91430218 0.39931545
vn -0.09467750 0.92037647 0.37939864
vn -0.09467750 0.92037647 0.37939864
vn -0.09467750 0.92037647 0.37939864
vn 0.41845491 0.83789193 0.35047482
vn 0.41845491 0.83789193 0.35047482
vn 0.41845491 0.83789193 0.35047482
vn -0.14640794 0.90528792 0.39877123
vn -0.14640794 0.90528792 0.39877123
vn -0.14640794 0.90528792 0.39877123
vn -0.01275274 0.91984084 0.39208443
vn -0.01275274 0.91984084 0.39208443
vn -0.01275274 0.91984084 0.39208443
vn -0.02624612 0.90689500 0.42053847
vn -0.02624612 0.90689500 0.42053847
vn -0.02624612 0.90689500 0.42053847
vn -0.25919616 0.86691003 0.42577500
vn -0.25919616 0.86691003 0.42577500
vn -0.25919616 0.86691003 0.42577500
vn 0.36127494 0.86073497 0.35863036
vn 0.36203688 0.85965331 0.36045177
vn 0.36028845 0.86212509 0.35627596
vn -0.07957875 0.89231715 0.44433921
vn -0.07957875 0.89231715 0.44433921
vn -0.07957875 0.89231715 0.44433921
vn -0.15636144 0.86776493 0.47173629
vn -0.15636144 0.86776493 0.47173629
vn -0.15636144 0.86776493 0.47173629
vn 0.36329971 0.85784519 0.36347620
vn -0.18533188 0.87343473 0.45029309
vn -0.18533188 0.87343473 0.45029309
vn -0.18533188 0.87343473 0.45029309
vn -0.27167072 0.83987209 0.46990414
vn -0.27167072 0.83987209 0.46990414
vn -0.27167072 0.83987209 0.46990414
vn -0.34194307 0.80461966 0.48545046
vn -0.34194307 0.80461966 0.48545046
vn -0.34194307 0.80461966 0.48545046
vn -0.34987884 0.79607931 0.49380414
vn -0.34987884 0.79607931 0.49380414
vn -0.34987884 0.79607931 0.49380414
vn -0.49123800 0.73203116 0.47203348
vn -0.49123800 0.73203116 0.47203348
vn -0.49123800 0.73203116 0.47203348
vn 0.92328740 0.00349507 0.38409395
vn 0.92328740 0.00349507 0.38409395
vn 0.92328740 0.00349507 0.38409395
vn 0.43713345 -0.86211351 0.25627063
vn 0.43713345 -0.86211351 0.25627063
vn 0.43713345 -0.86211351 0.25627063
vn 0.60598135 -0.68926276 0.39711895
vn 0.60598135 -0.68926276 0.39711895
vn 0.60598135 -0.68926276 0.39711895
vn 0.91377714 -0.06115163 0.40158663
vn 0.91377714 -0.06115163 0.40158663
vn 0.91377714 -0.06115163 0.40158663
vn 0.93425789 0.04211144 0.35410283
vn 0.93425789 0.04211144 0.35410283
vn 0.93425789 0.04211144 0.35410283
vn 0.32422343 -0.87126856 0.36847016
vn 0.32422343 -0.87126856 0.36847016
vn 0.32422343 -0.87126856 0.36847016
vn 0.87254575 -0.35694546 0.33354738
vn 0.87254575 -0.35694546 0.33354738
vn 0.87254575 -0.35694546 0.33354738
vn 0.40278969 -0.87077693 0.28197162
vn 0.40278969 -0.87077693 0.28197162
vn 0.40278969 -0.87077693 0.28197162
vn 0.95068417 0.01465542 0.30981419
vn 0.95068417 0.01465542 0.30981419
vn 0.95068417 0.01465542 0.30981419
vn 0.97155769 0.07156749 0.22572938
vn 0.97156232 0.07156775 0.22570936
vn 0.97120867 0.07154836 0.22723235
vn 0.54762941 -0.70789541 0.44607860
vn 0.54762941 -0.70789541 0.44607860
vn 0.54762941 -0.70789541 0.44607860
vn 0.92078221 -0.04588959 0.38736839
vn 0.92078221 -0.04588959 0.38736839
vn 0.92078221 -0.04588959 0.38736839
vn 0.60370392 0.70582081 0.37061916
vn 0.60370392 0.70582081 0.37061916
vn 0.60370392 0.70582081 0.37061916
vn 0.59284572 0.73037461 0.33924457
vn 0.59284572 0.73037461 0.33924457
vn 0.59284572 0.73037461 0.33924457
vn 0.24844658 -0.89743530 0.36453282
vn 0.24844658 -0.89743530 0.36453282
vn 0.24844658 -0.89743530 0.36453282
vn 0.67038607 0.65391857 0.35067508
vn 0.67038607 0.65391857 0.35067508
vn 0.67038607 0.65391857 0.35067508
vn 0.95497862 -0.03311832 0.29482030
vn 0.95497862 -0.03311832 0.29482030
vn 0.95497862 -0.03311832 0.29482030
vn 0.74938765 -0.47056254 0.46582082
vn 0.74938765 -0.47056254 0.46582082
vn 0.74938765 -0.47056254 0.46582082
vn 0.60736799 -0.69261023 0.38909535
vn 0.60736799 -0.69261023 0.38909535
vn 0.60736799 -0.69261023 0.38909535
vn 0.67396452 0.61258236 0.41293423
vn 0.67396452 0.61258236 0.41293423
vn 0.67396452 0.61258236 0.41293423
vn 0.64587012 0.72002432 0.25380458
vn 0.64587012 0.72002432 0.25380458
vn 0.64587012 0.72002432 0.25380458
vn 0.69501421 0.65303474 0.30083364
vn 0.69501421 0.65303474 0.30083364
vn 0.69501421 0.65303474 0.30083364
vn 0.20805821 -0.90344962 0.37482071
vn 0.20805821 -0.90344962 0.37482071
vn 0.20805821 -0.90344962 0.37482071
vn 0.75468028 0.52132292 0.39834669
vn 0.75468028 0.52132292 0.39834669
vn 0.75468028 0.52132292 0.39834669
vn 0.32944637 -0.90343211 0.27436384
vn 0.32944637 -0.90343211 0.27436384
vn 0.32944637 -0.90343211 0.27436384
vn 0.69562344 0.65836019 0.28752372
vn 0.69562344 0.65836019 0.28752372
vn 0.69562344 0.65836019 0.28752372
vn 0.71665458 0.64942492 0.25427052
vn 0.71665458 0.64942492 0.25427052
vn 0.71665458 0.64942492 0.25427052
vn 0.80260958 -0.45331380 0.38771698
vn 0.80260958 -0.45331380 0.38771698
vn 0.80260958 -0.45331380 0.38771698
vn 0.10483476 -0.90069541 0.42161291
vn 0.10483476 -0.90069541 0.42161291
vn 0.10483476 -0.90069541 0.42161291
vn 0.94717335 -0.06390277 0.31429140
vn 0.94717335 -0.06390277 0.31429140
vn 0.94717335 -0.06390277 0.31429140
vn 0.90264921 -0.15795095 0.40034472
vn 0.90264921 -0.15795095 0.40034472
vn 0.90264921 -0.15795095 0.40034472
vn 0.19210489 -0.90946505 0.36873980
vn 0.19210489 -0.90946505 0.36873980
vn 0.19210489 -0.90946505 0.36873980
vn 0.51888253 -0.75456563 0.40173578
vn 0.51888253 -0.75456563 0.40173578
vn 0.51888253 -0.75456563 0.40173578
vn 0.30112351 -0.92245872 0.24164961
vn 0.30112351 -0.92245872 0.24164961
vn 0.30112351 -0.92245872 0.24164961
vn 0.80288250 0.48016552 0.35329982
vn 0.80288250 0.48016552 0.35329982
vn 0.80288250 0.48016552 0.35329982
vn 0.76737106 0.59059203 0.24968523
vn 0.76737106 0.59059203 0.24968523
vn 0.76737106 0.59059203 0.24968523
vn 0.77306657 0.56758768 0.28321775
vn 0.77306657 0.56758768 0.28321775
vn 0.77306657 0.56758768 0.28321775
vn 0.66487781 -0.69137861 0.28272444
vn 0.66487781 -0.69137861 0.28272444
vn 0.66487781 -0.69137861 0.28272444
vn 0.91338002 -0.13873243 0.38274045
vn 0.91338002 -0.13873243 0.38274045
vn 0.91338002 -0.13873243 0.38274045
vn 0.47812776 -0.75413978 0.45018556
vn 0.47812776 -0.75413978 0.45018556
vn 0.47812776 -0.75413978 0.45018556
vn 0.26301912 -0.92483752 0.27476627
vn 0.26301912 -0.92483752 0.27476627
vn 0.26301912 -0.92483752 0.27476627
vn 0.82877637 0.40955470 0.38130654
vn 0.82877637 0.40955470 0.38130654
vn 0.82877637 0.40955470 0.38130654
vn 0.57427488 -0.74301368 0.34371360
vn 0.57427488 -0.74301368 0.34371360
vn 0.57427488 -0.74301368 0.34371360
vn 0.16004458 -0.91523271 0.36977672
vn 0.16004458 -0.91523271 0.36977672
vn 0.16004458 -0.91523271 0.36977672
vn 0.67408928 -0.69117975 0.26052677
vn 0.67408928 -0.69117975 0.26052677
vn 0.67408928 -0.69117975 0.26052677
vn 0.83426448 0.40412461 0.37508143
vn 0.83426448 0.40412461 0.37508143
vn 0.83426448 0.40412461 0.37508143
vn 0.82690558 0.49377842 0.26909111
vn 0.82690558 0.49377842 0.26909111
vn 0.82690558 0.49377842 0.26909111
vn 0.80329552 -0.47329235 0.36153929
vn 0.80329552 -0.47329235 0.36153929
vn 0.80329552 -0.47329235 0.36153929
vn 0.94392713 -0.12352249 0.30617604
vn 0.94392713 -0.12352249 0.30617604
vn 0.94392713 -0.12352249 0.30617604
vn 0.86451281 0.30644589 0.39838238
vn 0.86451281 0.30644589 0.39838238
vn 0.86451281 0.30644589 0.39838238
vn 0.86774876 0.39822899 0.29736470
vn 0.86774876 0.39822899 0.29736470
vn 0.86774876 0.39822899 0.29736470
vn 0.88760172 -0.22128001 0.40397814
vn 0.88760172 -0.22128001 0.40397814
vn 0.88760172 -0.22128001 0.40397814
vn 0.04811483 -0.92351095 0.38054236
vn 0.04811483 -0.92351095 0.38054236
vn 0.04811483 -0.92351095 0.38054236
vn 0.11686832 -0.94204897 0.31446069
vn 0.11686832 -0.94204897 0.31446069
vn 0.11686832 -0.94204897 0.31446069
vn 0.00375644 -0.90277205 0.43010291
vn 0.00375644 -0.90277205 0.43010291
vn 0.00375644 -0.90277205 0.43010291
vn 0.74505985 -0.53701188 0.39560593
vn 0.74505985 -0.53701188 0.39560593
vn 0.74505985 -0.53701188 0.39560593
vn 0.19094467 -0.94124563 0.27856202
vn 0.19094467 -0.94124563 0.27856202
vn 0.19094467 -0.94124563 0.27856202
vn 0.86944578 0.41311760 0.27092044
vn 0.86944578 0.41311760 0.27092044
vn 0.86944578 0.41311760 0.27092044
vn 0.88892900 0.23928292 0.39057511
vn 0.88892900 0.23928292 0.39057511
vn 0.88892900 0.23928292 0.39057511
vn 0.93567682 -0.14196898 0.32303822
vn 0.93567682 -0.14196898 0.32303822
vn 0.93567682 -0.14196898 0.32303822
vn 0.58095292 -0.74907124 0.31841164
vn 0.58095292 -0.74907124 0.31841164
vn 0.58095292 -0.74907124 0.31841164
vn 0.04530353 -0.93294091 0.35716781
vn 0.04530353 -0.93294091 0.35716781
vn 0.04530353 -0.93294091 0.35716781
vn 0.15660262 -0.95327480 0.25834623
vn 0.15660262 -0.95327480 0.25834623
vn 0.15660262 -0.95327480 0.25834623
vn 0.08958740 -0.94393908 0.31773118
vn 0.08958740 -0.94393908 0.31773118
vn 0.08958740 -0.94393908 0.31773118
vn 0.74489391 -0.53698289 0.39595763
vn 0.74489391 -0.53698289 0.39595763
vn 0.74489391 -0.53698289 0.39595763
vn 0.81266930 -0.48190695 0.32761914
vn 0.81266930 -0.48190695 0.32761914
vn 0.81266930 -0.48190695 0.32761914
vn 0.42584238 -0.80421896 0.41459635
vn 0.42584238 -0.80421896 0.41459635
vn 0.42584238 -0.80421896 0.41459635
vn 0.89945858 0.22774378 0.37297055
vn 0.89945858 0.22774378 0.37297055
vn 0.89945858 0.22774378 0.37297055
vn -0.05316837 -0.92204075 0.38342401
vn -0.05316837 -0.92204075 0.38342401
vn -0.05316837 -0.92204075 0.38342401
vn 0.57868814 -0.75441170 0.30981129
vn 0.57868814 -0.75441170 0.30981129
vn 0.57868814 -0.75441170 0.30981129
vn 0.00171781 -0.94472313 0.32786469
vn 0.00171781 -0.94472313 0.32786469
vn 0.00171781 -0.94472313 0.32786469
vn -0.09589021 -0.90564082 0.41306147
vn -0.09589021 -0.90564082 0.41306147
vn -0.09589021 -0.90564082 0.41306147
vn 0.68823295 -0.58365655 0.43090653
vn 0.68823295 -0.58365655 0.43090653
vn 0.68823295 -0.58365655 0.43090653
vn 0.91274716 0.25857810 0.31627519
vn 0.91274716 0.25857810 0.31627519
vn 0.91274716 0.25857810 0.31627519
vn 0.89118308 -0.24468803 0.38199539
vn 0.89118308 -0.24468803 0.38199539
vn 0.89118308 -0.24468803 0.38199539
vn 0.02801571 -0.96305081 0.26785865
vn 0.02801571 -0.96305081 0.26785865
vn 0.02801571 -0.96305081 0.26785865
vn 0.91330376 0.17230456 0.36903575
vn 0.91330376 0.17230456 0.36903575
vn 0.91330376 0.17230456 0.36903575
vn 0.46515636 -0.81092921 0.35499772
vn 0.46515636 -0.81092921 0.35499772
vn 0.46515636 -0.81092921 0.35499772
vn 0.91230745 0.16149143 0.37631853
vn 0.91230745 0.16149143 0.37631853
vn 0.91230745 0.16149143 0.37631853
vn -0.09247377 -0.94757278 0.30586669
vn -0.09247377 -0.94757278 0.30586669
vn -0.09247377 -0.94757278 0.30586669
vn -0.14434365 -0.91891958 0.36708545
vn -0.14434365 -0.91891958 0.36708545
vn -0.14434365 -0.91891958 0.36708545
vn 0.83989583 -0.32799034 0.43243188
vn 0.83989583 -0.32799034 0.43243188
vn 0.83989583 -0.32799034 0.43243188
vn 0.92554013 -0.21620108 0.31085777
vn 0.92554013 -0.21620108 0.31085777
vn 0.92554013 -0.21620108 0.31085777
vn 0.79499435 -0.52437408 0.30498492
vn 0.79499435 -0.52437408 0.30498492
vn 0.79499435 -0.52437408 0.30498492
vn -0.20480342 -0.89139527 0.40431428
vn -0.20480342 -0.89139527 0.40431428
vn -0.20480342 -0.89139527 0.40431428
vn -0.14023078 -0.93546173 0.32441746
vn -0.14023078 -0.93546173 0.32441746
vn -0.14023078 -0.93546173 0.32441746
vn 0.68299546 -0.60553067 0.40847252
vn 0.68299546 -0.60553067 0.40847252
vn 0.68299546 -0.60553067 0.40847252
vn 0.93884987 0.17047915 0.29916181
vn 0.93884987 0.17047915 0.29916181
vn 0.93884987 0.17047915 0.29916181
vn 0.94148488 0.20125740 0.27037323
vn 0.94148488 0.20125740 0.27037323
vn 0.94148488 0.20125740 0.27037323
vn -0.28066711 -0.88587183 0.36940097
vn -0.28066711 -0.88587183 0.36940097
vn -0.28066711 -0.88587183 0.36940097
vn -0.25395024 -0.89719450 0.36131885
vn -0.25395024 -0.89719450 0.36131885
vn -0.25395024 -0.89719450 0.36131885
vn 0.88535718 -0.27397068 0.37560982
vn 0.88535718 -0.27397068 0.37560982
vn 0.88535718 -0.27397068 0.37560982
vn 0.92948780 -0.24078354 0.27942034
vn 0.92948780 -0.24078354 0.27942034
vn 0.92948780 -0.24078354 0.27942034
vn -0.33184666 -0.87645405 0.34886401
vn -0.33184666 -0.87645405 0.34886401
vn -0.33184666 -0.87645405 0.34886401
vn -0.34223404 -0.89306526 0.29207926
vn -0.34223404 -0.89306526 0.29207926
vn -0.34223404 -0.89306526 0.29207926
vn 0.92068876 0.09541739 0.37845441
vn 0.92068876 0.09541739 0.37845441
vn 0.92068876 0.09541739 0.37845441
vn -0.35646391 -0.89263386 0.27593166
vn -0.35646391 -0.89263386 0.27593166
vn -0.35646391 -0.89263386 0.27593166
vn 0.51188227 -0.81645643 0.26716182
vn 0.51188227 -0.81645643 0.26716182
vn 0.51188227 -0.81645643 0.26716182
vn 0.74289015 0.56830614 0.35375467
vn 0.74289015 0.56830614 0.35375467
vn 0.74289015 0.56830614 0.35375467
vn 0.74721320 0.57728491 0.32926368
vn 0.74721320 0.57728491 0.32926368
vn 0.74721320 0.57728491 0.32926368
vn 0.81954665 0.50023761 0.27947385
vn 0.81954665 0.50023761 0.27947385
vn 0.81954665 0.50023761 0.27947385
vn 0.86890360 0.33388839 0.36541084
vn 0.86890360 0.33388839 0.36541084
vn 0.86890360 0.33388839 0.36541084
vn 0.61998351 -0.65428994 0.43304170
vn 0.61998351 -0.65428994 0.43304170
vn 0.61998351 -0.65428994 0.43304170
vn 0.88537335 0.32995246 0.32748344
vn 0.88537335 0.32995246 0.32748344
vn 0.88537335 0.32995246 0.32748344
vn 0.90502959 0.29726100 0.30423237
vn 0.90502959 0.29726100 0.30423237
vn 0.90502959 0.29726100 0.30423237
vn 0.94895536 0.10957443 0.29576540
vn 0.94895536 0.10957443 0.29576540
vn 0.94895536 0.10957443 0.29576540
vn 0.83372028 -0.37928645 0.40131320
vn 0.83372979 -0.37933502 0.40124752
vn 0.83373151 -0.37934377 0.40123569
vn 0.83375078 -0.37944229 0.40110247
vn 0.87133489 -0.39003267 0.29774154
vn 0.87133489 -0.39003267 0.29774154
vn 0.87133489 -0.39003267 0.29774154
vn 0.84116063 -0.45486900 0.29247734
vn 0.84116063 -0.45486900 0.29247734
vn 0.84116063 -0.45486900 0.29247734
vn 0.74463673 -0.57735488 0.33492908
vn 0.74463673 -0.57735488 0.33492908
vn 0.74463673 -0.57735488 0.33492908
vn 0.66645408 -0.66794168 0.33119913
vn 0.66645408 -0.66794168 0.33119913
vn 0.66645408 -0.66794168 0.33119913
vn 0.52180558 -0.76002020 0.38741222
vn 0.52180558 -0.76002020 0.38741222
vn 0.52180558 -0.76002020 0.38741222
vn 0.42210032 -0.82054270 0.38541017
vn 0.42210032 -0.82054270 0.38541017
vn 0.42210032 -0.82054270 0.38541017
vn 0.29341381 -0.87766149 0.37897051
vn 0.29341381 -0.87766149 0.37897051
vn 0.29341381 -0.87766149 0.37897051
vn -0.04186974 -0.93969614 0.33943791
vn -0.04186974 -0.93969614 0.33943791
vn -0.04186974 -0.93969614 0.33943791
vn -0.17344823 -0.93846037 0.29867682
vn -0.17344823 -0.93846037 0.29867682
vn -0.17344823 -0.93846037 0.29867682
vn 0.70072702 -0.61992554 0.35309200
vn 0.70072702 -0.61992554 0.35309200
vn 0.70072702 -0.61992554 0.35309200
vn 0.73223732 -0.59701228 0.32772678
vn 0.73223732 -0.59701228 0.32772678
vn 0.73223732 -0.59701228 0.32772678
vn -0.24744019 -0.92638082 0.28388718
vn -0.24744019 -0.92638082 0.28388718
vn -0.24744019 -0.92638082 0.28388718
vn -0.24142280 -0.92550129 0.29182598
vn -0.24142280 -0.92550129 0.29182598
vn -0.24142280 -0.92550129 0.29182598
vn 0.88997781 -0.31313147 0.33149386
vn 0.88997781 -0.31313147 0.33149386
vn 0.88997781 -0.31313147 0.33149386
vn 0.93172153 0.06749253 0.35684695
vn 0.93172153 0.06749253 0.35684695
vn 0.93172153 0.06749253 0.35684695
vn 0.37830062 -0.84738104 0.37260436
vn 0.37830062 -0.84738104 0.37260436
vn 0.37830062 -0.84738104 0.37260436
vn 0.36317207 -0.85215830 0.37673901
vn 0.36317207 -0.85215830 0.37673901
vn 0.36317207 -0.85215830 0.37673901
vn 0.73603923 -0.61596989 0.28076209
vn 0.73603923 -0.61596989 0.28076209
vn 0.73603923 -0.61596989 0.28076209
vn 0.47884149 -0.82965796 0.28701654
vn 0.47884149 -0.82965796 0.28701654
vn 0.47884149 -0.82965796 0.28701654
vn 0.91088999 -0.29313819 0.29042974
vn 0.91088999 -0.29313819 0.29042974
vn 0.91088999 -0.29313819 0.29042974
vn 0.22875483 -0.95270617 0.20005543
vn 0.22875483 -0.95270617 0.20005543
vn 0.22875483 -0.95270617 0.20005543
vn 0.96097061 -0.20796261 0.18244734
vn 0.96097061 -0.20796261 0.18244734
vn 0.96097061 -0.20796261 0.18244734
vn 0.97415300 -0.13812507 0.17873837
vn 0.97415300 -0.13812507 0.17873837
vn 0.97415300 -0.13812507 0.17873837
vn 0.83855618 -0.50330185 0.20859236
vn 0.83855618 -0.50330185 0.20859236
vn 0.83855618 -0.50330185 0.20859236
vn 0.95107313 -0.24122344 0.19305736
vn 0.95107313 -0.24122344 0.19305736
vn 0.95107313 -0.24122344 0.19305736
vn 0.97822402 0.01469431 0.20703104
vn 0.97822402 0.01469431 0.20703104
vn 0.97822402 0.01469431 0.20703104
vn 0.98436314 -0.05900268 0.16597558
vn 0.98436314 -0.05900268 0.16597558
vn 0.98436314 -0.05900268 0.16597558
vn 0.98528299 0.00349861 0.17089523
vn 0.98528299 0.00349861 0.17089523
vn 0.98528299 0.00349861 0.17089523
vn 0.44014799 -0.87143232 0.21650742
vn 0.44014799 -0.87143232 0.21650742
vn 0.44014799 -0.87143232 0.21650742
vn 0.80730977 -0.54808795 0.21874768
vn 0.80730977 -0.54808795 0.21874768
vn 0.80730977 -0.54808795 0.21874768
vn 0.96191230 0.21942786 0.16302190
vn 0.96191230 0.21942786 0.16302190
vn 0.96191230 0.21942786 0.16302190
vn 0.94677644 0.27390951 0.16907973
vn 0.94677644 0.27390951 0.16907973
vn 0.94677644 0.27390951 0.16907973
vn 0.97171613 0.07157616 0.22504360
vn 0.90983205 0.37223739 0.18342562
vn 0.90983205 0.37223739 0.18342562
vn 0.90983205 0.37223739 0.18342562
vn 0.49143257 -0.84993539 0.19001018
vn 0.49143257 -0.84993539 0.19001018
vn 0.49143257 -0.84993539 0.19001018
vn 0.30346304 -0.92693028 0.22070441
vn 0.30346304 -0.92693028 0.22070441
vn 0.30346304 -0.92693028 0.22070441
vn 0.88472048 0.42956753 0.18094588
vn 0.88472048 0.42956753 0.18094588
vn 0.88472048 0.42956753 0.18094588
vn 0.88194969 0.43761470 0.17509457
vn 0.88194969 0.43761470 0.17509457
vn 0.88194969 0.43761470 0.17509457
vn 0.76822923 -0.60180924 0.21828761
vn 0.76822923 -0.60180924 0.21828761
vn 0.76822923 -0.60180924 0.21828761
vn 0.86103501 0.48039466 0.16685227
vn 0.86103501 0.48039466 0.16685227
vn 0.86103501 0.48039466 0.16685227
vn 0.94733145 -0.24574832 0.20535553
vn 0.94733145 -0.24574832 0.20535553
vn 0.94733145 -0.24574832 0.20535553
vn 0.97187718 0.11237784 0.20694438
vn 0.97187718 0.11237784 0.20694438
vn 0.97187718 0.11237784 0.20694438
vn 0.81983687 0.54792820 0.16625946
vn 0.81983687 0.54792820 0.16625946
vn 0.81983687 0.54792820 0.16625946
vn 0.83322975 0.52350127 0.17797360
vn 0.83322975 0.52350127 0.17797360
vn 0.83322975 0.52350127 0.17797360
vn -0.25254252 -0.94296913 0.21686744
vn -0.25254252 -0.94296913 0.21686744
vn -0.25254252 -0.94296913 0.21686744
vn -0.29609513 -0.93214441 0.20840937
vn -0.29609513 -0.93214441 0.20840937
vn -0.29609513 -0.93214441 0.20840937
vn 0.98195822 0.02863516 0.18691731
vn 0.98195822 0.02863516 0.18691731
vn 0.98195822 0.02863516 0.18691731
vn 0.78648134 0.59159790 0.17736692
vn 0.78648134 0.59159790 0.17736692
vn 0.78648134 0.59159790 0.17736692
vn 0.77370833 0.61139093 0.16606190
vn 0.77370833 0.61139093 0.16606190
vn 0.77370833 0.61139093 0.16606190
vn 0.97702288 0.10190830 0.18719238
vn 0.97702288 0.10190830 0.18719238
vn 0.97702288 0.10190830 0.18719238
vn 0.74021127 0.65138655 0.16668183
vn 0.74021127 0.65138655 0.16668183
vn 0.74021127 0.65138655 0.16668183
vn 0.70972325 -0.68451456 0.16653145
vn 0.70972325 -0.68451456 0.16653145
vn 0.70972325 -0.68451456 0.16653145
vn -0.36226561 -0.90570111 0.22015706
vn -0.36226561 -0.90570111 0.22015706
vn -0.36226561 -0.90570111 0.22015706
vn 0.72019172 0.66843168 0.18580361
vn 0.72019172 0.66843168 0.18580361
vn 0.72019172 0.66843168 0.18580361
vn 0.66558958 0.72551574 0.17497832
vn 0.66558958 0.72551574 0.17497832
vn 0.66558958 0.72551574 0.17497832
vn 0.63460908 -0.75311470 0.17346343
vn 0.63460908 -0.75311470 0.17346343
vn 0.63460908 -0.75311470 0.17346343
vn 0.64172866 0.74485954 0.18267072
vn 0.64172866 0.74485954 0.18267072
vn 0.64172866 0.74485954 0.18267072
vn -0.22277252 -0.95244480 0.20789738
vn -0.22277252 -0.95244480 0.20789738
vn -0.22277252 -0.95244480 0.20789738
vn -0.15689952 -0.96528111 0.20884186
vn -0.15683373 -0.96528665 0.20886567
vn -0.15684624 -0.96528559 0.20886115
vn -0.07967695 -0.97195643 0.22125162
vn -0.07967695 -0.97195643 0.22125162
vn -0.07967695 -0.97195643 0.22125162
vn -0.09762933 -0.97192820 0.21406560
vn -0.09762933 -0.97192820 0.21406560
vn -0.09762933 -0.97192820 0.21406560
vn -0.30899257 -0.93533562 0.17225236
vn -0.30916779 -0.93525652 0.17236742
vn -0.30868499 -0.93547434 0.17205039
vn -0.30846248 -0.93557459 0.17190429
vn -0.01069930 -0.97623335 0.21645778
vn -0.01069930 -0.97623335 0.21645778
vn -0.01069930 -0.97623335 0.21645778
vn 0.02186635 -0.97432512 0.22408128
vn 0.02186635 -0.97432512 0.22408128
vn 0.02186635 -0.97432512 0.22408128
vn -0.27217433 -0.94754100 0.16759231
vn -0.27217433 -0.94754100 0.16759231
vn -0.27217433 -0.94754100 0.16759231
vn 0.05952196 -0.97531145 0.21266103
vn 0.05952196 -0.97531145 0.21266103
vn 0.05952196 -0.97531145 0.21266103
vn 0.14904879 -0.96436422 0.21860034
vn 0.14864165 -0.96436645 0.21886757
vn 0.14838105 -0.96436775 0.21903859
vn 0.14947933 -0.96436161 0.21831767
vn -0.22815422 -0.95689778 0.17970056
vn -0.22815422 -0.95689778 0.17970056
vn -0.22815422 -0.95689778 0.17970056
vn 0.32693672 -0.92190425 0.20785797
vn 0.32693672 -0.92190425 0.20785797
vn 0.32693672 -0.92190425 0.20785797
vn -0.18045673 -0.96904926 0.16846035
vn -0.18045673 -0.96904926 0.16846035
vn -0.18045673 -0.96904926 0.16846035
vn 0.40559460 -0.89109683 0.20356684
vn 0.40559460 -0.89109683 0.20356684
vn 0.40559460 -0.89109683 0.20356684
vn 0.53021475 -0.82707242 0.18661067
vn 0.53021475 -0.82707242 0.18661067
vn 0.53021475 -0.82707242 0.18661067
vn 0.47796385 -0.85397578 0.20561111
vn 0.47796385 -0.85397578 0.20561111
vn 0.47796385 -0.85397578 0.20561111
vn -0.11341672 -0.97931589 0.16756205
vn -0.11341672 -0.97931589 0.16756205
vn -0.11341672 -0.97931589 0.16756205
vn -0.15084757 -0.97261248 0.17683317
vn -0.15084757 -0.97261248 0.17683317
vn -0.15084757 -0.97261248 0.17683317
vn 0.55964716 -0.80600847 0.19273143
vn 0.55964716 -0.80600847 0.19273143
vn 0.55964716 -0.80600847 0.19273143
vn 0.59550388 -0.78164825 0.18547545
vn 0.59550388 -0.78164825 0.18547545
vn 0.59550388 -0.78164825 0.18547545
vn 0.67558731 -0.71326406 0.18664450
vn 0.67558731 -0.71326406 0.18664450
vn 0.67558731 -0.71326406 0.18664450
vn -0.07840147 -0.98092702 0.17786342
vn -0.07840147 -0.98092702 0.17786342
vn -0.07840147 -0.98092702 0.17786342
vn 0.53408584 -0.81535441 0.22349385
vn 0.53408584 -0.81535441 0.22349385
vn 0.53408584 -0.81535441 0.22349385
vn -0.02540775 -0.98453565 0.17333206
vn -0.02540775 -0.98453565 0.17333206
vn -0.02540775 -0.98453565 0.17333206
vn 0.55575881 -0.80290863 0.21556872
vn 0.55575881 -0.80290863 0.21556872
vn 0.55575881 -0.80290863 0.21556872
vn 0.59058138 -0.77535457 0.22369380
vn 0.59058138 -0.77535457 0.22369380
vn 0.59058138 -0.77535457 0.22369380
vn -0.01869343 -0.98427713 0.17563909
vn -0.01869343 -0.98427713 0.17563909
vn -0.01869343 -0.98427713 0.17563909
vn 0.61268415 -0.76061589 0.21466623
vn 0.61268415 -0.76061589 0.21466623
vn 0.61268415 -0.76061589 0.21466623
vn 0.68322430 -0.69927330 0.21028887
vn 0.68322430 -0.69927330 0.21028887
vn 0.68322430 -0.69927330 0.21028887
vn 0.79875828 -0.57230732 0.18560588
vn 0.79875828 -0.57230732 0.18560588
vn 0.79875828 -0.57230732 0.18560588
vn 0.67372758 -0.70597026 0.21839674
vn 0.67372758 -0.70597026 0.21839674
vn 0.67372758 -0.70597026 0.21839674
vn 0.05268731 -0.98347004 0.17323606
vn 0.05268731 -0.98347004 0.17323606
vn 0.05268731 -0.98347004 0.17323606
vn 0.73760054 -0.64461919 0.20102624
vn 0.73760054 -0.64461919 0.20102624
vn 0.73760054 -0.64461919 0.20102624
vn 0.82282087 -0.53861140 0.18128314
vn 0.82282087 -0.53861140 0.18128314
vn 0.82282087 -0.53861140 0.18128314
vn 0.06366255 -0.98184626 0.17867567
vn 0.06366255 -0.98184626 0.17867567
vn 0.06366255 -0.98184626 0.17867567
vn 0.79293955 -0.57088317 0.21293022
vn 0.79293955 -0.57088317 0.21293022
vn 0.79293955 -0.57088317 0.21293022
vn 0.87991416 -0.42722034 0.20792753
vn 0.87991416 -0.42722034 0.20792753
vn 0.87991416 -0.42722034 0.20792753
vn 0.85656437 -0.46855181 0.21623294
vn 0.85656437 -0.46855181 0.21623294
vn 0.85656437 -0.46855181 0.21623294
vn 0.14875117 -0.97225318 0.18054597
vn 0.14875117 -0.97225318 0.18054597
vn 0.14875117 -0.97225318 0.18054597
vn 0.16432691 -0.97088412 0.17430058
vn 0.16432691 -0.97088412 0.17430058
vn 0.16432691 -0.97088412 0.17430058
vn 0.92068842 -0.32774105 0.21194017
vn 0.92068842 -0.32774105 0.21194017
vn 0.92068842 -0.32774105 0.21194017
vn 0.22729327 -0.95554093 0.18782784
vn 0.22729327 -0.95554093 0.18782784
vn 0.22729327 -0.95554093 0.18782784
vn 0.97599797 -0.10751122 0.18939191
vn 0.97599797 -0.10751122 0.18939191
vn 0.97599797 -0.10751122 0.18939191
vn 0.27673738 -0.94571353 0.17041814
vn 0.27673738 -0.94571353 0.17041814
vn 0.27673738 -0.94571353 0.17041814
vn 0.96615196 -0.13581556 0.21932742
vn 0.96615196 -0.13581556 0.21932742
vn 0.96615196 -0.13581556 0.21932742
vn 0.97381855 -0.10263815 0.20283700
vn 0.97381855 -0.10263815 0.20283700
vn 0.97381855 -0.10263815 0.20283700
vn 0.97562018 -0.03926489 0.21592483
vn 0.97562018 -0.03926489 0.21592483
vn 0.97562018 -0.03926489 0.21592483
vn 0.97405515 0.11734219 0.19351322
vn 0.97405515 0.11734219 0.19351322
vn 0.97405515 0.11734219 0.19351322
vn 0.96400648 0.18901443 0.18698944
vn 0.96400648 0.18901443 0.18698944
vn 0.96400648 0.18901443 0.18698944
vn 0.93570337 0.29749630 0.18961845
vn 0.93570337 0.29749630 0.18961845
vn 0.93570337 0.29749630 0.18961845
vn 0.36386218 -0.91718712 0.16239488
vn 0.36386218 -0.91718712 0.16239488
vn 0.36386218 -0.91718712 0.16239488
vn 0.31933166 -0.93001031 0.18195634
vn 0.31933166 -0.93001031 0.18195634
vn 0.31933166 -0.93001031 0.18195634
vn 0.94897445 0.23434056 0.21102605
vn 0.94897445 0.23434056 0.21102605
vn 0.94897445 0.23434056 0.21102605
vn 0.93928880 0.27344492 0.20727861
vn 0.93928880 0.27344492 0.20727861
vn 0.93928880 0.27344492 0.20727861
vn 0.95122863 0.20609862 0.22953750
vn 0.95122863 0.20609862 0.22953750
vn 0.95122863 0.20609862 0.22953750
vn 0.91322525 0.36088927 0.18915225
vn 0.91322525 0.36088927 0.18915225
vn 0.91322525 0.36088927 0.18915225
vn 0.92305424 0.31137333 0.22587058
vn 0.92305424 0.31137333 0.22587058
vn 0.92305424 0.31137333 0.22587058
vn 0.41629374 -0.89115136 0.18041281
vn 0.41629374 -0.89115136 0.18041281
vn 0.41629374 -0.89115136 0.18041281
vn 0.87276240 0.44321960 0.20455360
vn 0.87276240 0.44321960 0.20455360
vn 0.87276240 0.44321960 0.20455360
vn 0.88993161 0.40032511 0.21854414
vn 0.88993161 0.40032511 0.21854414
vn 0.88993161 0.40032511 0.21854414
vn 0.89991227 0.38020689 0.21354303
vn 0.89991227 0.38020689 0.21354303
vn 0.89991227 0.38020689 0.21354303
vn 0.45280982 -0.87516196 0.17045471
vn 0.45280982 -0.87516196 0.17045471
vn 0.45280982 -0.87516196 0.17045471
vn 0.83811461 0.50282380 0.21149969
vn 0.83811461 0.50282380 0.21149969
vn 0.83811461 0.50282380 0.21149969
vn 0.82769760 0.52329073 0.20269063
vn 0.82769760 0.52329073 0.20269063
vn 0.82769760 0.52329073 0.20269063
vn 0.77946629 0.59227749 0.20405802
vn 0.77888597 0.59293183 0.20437341
vn 0.77908757 0.59270466 0.20426390
vn 0.72390980 0.65954982 0.20235768
vn 0.72390980 0.65954982 0.20235768
vn 0.72390980 0.65954982 0.20235768
vn 0.77964940 0.59207077 0.20395839
vn 0.71841810 0.66420221 0.20666604
vn 0.71841810 0.66420221 0.20666604
vn 0.71841810 0.66420221 0.20666604
vn 0.64808682 0.72977280 0.21775016
vn 0.64808682 0.72977280 0.21775016
vn 0.64808682 0.72977280 0.21775016
vn 0.60508966 -0.77573846 0.17915451
vn 0.60508966 -0.77573846 0.17915451
vn 0.60508966 -0.77573846 0.17915451
vn 0.74634182 -0.63897116 0.18625181
vn 0.74634182 -0.63897116 0.18625181
vn 0.74634182 -0.63897116 0.18625181
vn 0.77814337 -0.60355549 0.17382081
vn 0.77814337 -0.60355549 0.17382081
vn 0.77814337 -0.60355549 0.17382081
vn 0.83727940 -0.51327727 0.18844003
vn 0.83727940 -0.51327727 0.18844003
vn 0.83727940 -0.51327727 0.18844003
vn 0.89730198 -0.38137010 0.22227460
vn 0.89730198 -0.38137010 0.22227460
vn 0.89730198 -0.38137010 0.22227460
vn 0.91682650 -0.33544635 0.21657542
vn 0.91682650 -0.33544635 0.21657542
vn 0.91682650 -0.33544635 0.21657542
vn 0.94934702 -0.22755847 0.21669653
vn 0.94934702 -0.22755847 0.21669653
vn 0.94934702 -0.22755847 0.21669653
vn 0.86572762 -0.46924484 0.17414065
vn 0.86572762 -0.46924484 0.17414065
vn 0.86572762 -0.46924484 0.17414065
vn 0.88860484 -0.41934446 0.18582699
vn 0.88860484 -0.41934446 0.18582699
vn 0.88860484 -0.41934446 0.18582699
vn 0.90396387 -0.39022225 0.17485969
vn 0.90396387 -0.39022225 0.17485969
vn 0.90396387 -0.39022225 0.17485969
vn 0.91915449 -0.34825358 0.18405020
vn 0.91915449 -0.34825358 0.18405020
vn 0.91915449 -0.34825358 0.18405020
vn 0.94093880 -0.29351774 0.16876466
vn 0.94093880 -0.29351774 0.16876466
vn 0.94093880 -0.29351774 0.16876466
vn 0.63443108 0.74442344 0.20816085
vn 0.63443108 0.74442344 0.20816085
vn 0.63443108 0.74442344 0.20816085
vn -0.15691541 -0.96527977 0.20883611
vn -0.62256854 -0.76617895 0.15930544
vn -0.62256854 -0.76617895 0.15930544
vn -0.62256854 -0.76617895 0.15930544
vn -0.60459475 -0.77697967 0.17540747
vn -0.60459475 -0.77697967 0.17540747
vn -0.60459475 -0.77697967 0.17540747
vn -0.53543762 -0.82418663 0.18445312
vn -0.53543762 -0.82418663 0.18445312
vn -0.53543762 -0.82418663 0.18445312
vn -0.51285681 -0.84119535 0.17137177
vn -0.51285681 -0.84119535 0.17137177
vn -0.51285681 -0.84119535 0.17137177
vn -0.46434739 -0.86802610 0.17581861
vn -0.46434739 -0.86802610 0.17581861
vn -0.46434739 -0.86802610 0.17581861
vn -0.45439509 -0.87404839 0.17194334
vn -0.45439509 -0.87404839 0.17194334
vn -0.45439509 -0.87404839 0.17194334
vn -0.39015195 -0.90338435 0.17798365
vn -0.38963204 -0.90365989 0.17772361
vn -0.38927953 -0.90384645 0.17754731
vn -0.39042523 -0.90323933 0.17812033
vn -0.60211266 -0.76881385 0.21537316
vn -0.60211266 -0.76881385 0.21537316
vn -0.60211266 -0.76881385 0.21537316
vn -0.55533426 -0.80305188 0.21612851
vn -0.55533426 -0.80305188 0.21612851
vn -0.55533426 -0.80305188 0.21612851
vn -0.47391771 -0.85379667 0.21548375
vn -0.47391771 -0.85379667 0.21548375
vn -0.47391771 -0.85379667 0.21548375
vn -0.38698895 -0.89797599 0.20947238
vn -0.38698895 -0.89797599 0.20947238
vn -0.38698895 -0.89797599 0.20947238
vn -0.53217309 -0.82084419 0.20738039
vn -0.53217309 -0.82084419 0.20738039
vn -0.53217309 -0.82084419 0.20738039
vn -0.46655824 -0.85863015 0.21231505
vn -0.46655824 -0.85863015 0.21231505
vn -0.46655824 -0.85863015 0.21231505
vn -0.53565431 -0.78827310 0.30282005
vn -0.53565431 -0.78827310 0.30282005
vn -0.53565431 -0.78827310 0.30282005
vn -0.60824193 -0.74920357 0.26217507
vn -0.60824193 -0.74920357 0.26217507
vn -0.60824193 -0.74920357 0.26217507
vn -0.54148217 -0.78053530 0.31234869
vn -0.54148217 -0.78053530 0.31234869
vn -0.54148217 -0.78053530 0.31234869
vn -0.37930045 -0.83809266 0.39208656
vn -0.37930045 -0.83809266 0.39208656
vn -0.37930045 -0.83809266 0.39208656
vn -0.43519251 -0.83441845 0.33816169
vn -0.43519251 -0.83441845 0.33816169
vn -0.43519251 -0.83441845 0.33816169
vn -0.44245881 -0.84232722 0.30775812
vn -0.44245881 -0.84232722 0.30775812
vn -0.44245881 -0.84232722 0.30775812
vn -0.46136384 -0.83890409 0.28876172
vn -0.46136384 -0.83890409 0.28876172
vn -0.46136384 -0.83890409 0.28876172
vn -0.50472713 -0.76750257 0.39520922
vn -0.50472713 -0.76750257 0.39520922
vn -0.50472713 -0.76750257 0.39520922
vn -0.53960399 -0.76861435 0.34359790
vn -0.53960399 -0.76861435 0.34359790
vn -0.53960399 -0.76861435 0.34359790
vn -0.76654846 -0.52281486 0.37291833
vn -0.76654846 -0.52281486 0.37291833
vn -0.76654846 -0.52281486 0.37291833
vn -0.87512180 -0.40377279 0.26670089
vn -0.87512180 -0.40377279 0.26670089
vn -0.87512180 -0.40377279 0.26670089
vn -0.81868775 -0.50706323 0.26951298
vn -0.81868775 -0.50706323 0.26951298
vn -0.81868775 -0.50706323 0.26951298
vn -0.88330682 -0.37647386 0.27935014
vn -0.88330682 -0.37647386 0.27935014
vn -0.88330682 -0.37647386 0.27935014
vn -0.90222647 -0.29579416 0.31383627
vn -0.90222647 -0.29579416 0.31383627
vn -0.90222647 -0.29579416 0.31383627
vn -0.91310043 -0.24604875 0.32512707
vn -0.91310043 -0.24604875 0.32512707
vn -0.91310043 -0.24604875 0.32512707
vn -0.87083297 -0.34084833 0.35422077
vn -0.87083297 -0.34084833 0.35422077
vn -0.87083297 -0.34084833 0.35422077
vn -0.87286648 -0.32852403 0.36079921
vn -0.87286648 -0.32852403 0.36079921
vn -0.87286648 -0.32852403 0.36079921
vn -0.90644657 -0.26775855 0.32658839
vn -0.90644657 -0.26775855 0.32658839
vn -0.90644657 -0.26775855 0.32658839
vn -0.91785752 -0.17931170 0.35409729
vn -0.91785752 -0.17931170 0.35409729
vn -0.91785752 -0.17931170 0.35409729
vn -0.88911252 -0.23307799 0.39389538
vn -0.88911252 -0.23307799 0.39389538
vn -0.88911252 -0.23307799 0.39389538
vn -0.92122992 -0.10378563 0.37491862
vn -0.92122992 -0.10378563 0.37491862
vn -0.92122992 -0.10378563 0.37491862
vn -0.88677417 -0.20454880 0.41447722
vn -0.88677417 -0.20454880 0.41447722
vn -0.88677417 -0.20454880 0.41447722
vn -0.86686900 -0.42165038 0.26598703
vn -0.86686900 -0.42165038 0.26598703
vn -0.86686900 -0.42165038 0.26598703
vn -0.91862064 -0.01231307 0.39494874
vn -0.91862064 -0.01231307 0.39494874
vn -0.91862064 -0.01231307 0.39494874
vn -0.78543800 -0.50990867 0.35082801
vn -0.78543800 -0.50990867 0.35082801
vn -0.78543800 -0.50990867 0.35082801
vn -0.89394149 0.13071620 0.42869790
vn -0.89394149 0.13071620 0.42869790
vn -0.89394149 0.13071620 0.42869790
vn -0.82901006 -0.45617306 0.32349413
vn -0.82901006 -0.45617306 0.32349413
vn -0.82901006 -0.45617306 0.32349413
vn -0.90167092 0.01477705 0.43217033
vn -0.90167092 0.01477705 0.43217033
vn -0.90167092 0.01477705 0.43217033
vn -0.85647659 0.25568666 0.44841072
vn -0.85647659 0.25568666 0.44841072
vn -0.85647659 0.25568666 0.44841072
vn -0.89227548 -0.35432491 0.27981836
vn -0.89227548 -0.35432491 0.27981836
vn -0.89227548 -0.35432491 0.27981836
vn -0.79319710 0.39172381 0.46625189
vn -0.79207387 0.39489638 0.46548452
vn -0.79252400 0.39362873 0.46579193
vn -0.79374469 0.39016565 0.46662633
vn -0.74025066 0.47135809 0.47942727
vn -0.74025066 0.47135809 0.47942727
vn -0.74025066 0.47135809 0.47942727
vn -0.78650663 -0.58885229 0.18617279
vn -0.78650663 -0.58885229 0.18617279
vn -0.78650663 -0.58885229 0.18617279
vn -0.89999998 -0.32517956 0.29027279
vn -0.89999998 -0.32517956 0.29027279
vn -0.89999998 -0.32517956 0.29027279
vn -0.83941129 -0.50811237 0.19290023
vn -0.83941129 -0.50811237 0.19290023
vn -0.83941129 -0.50811237 0.19290023
vn -0.84877021 -0.49149466 0.19499266
vn -0.84877021 -0.49149466 0.19499266
vn -0.84877021 -0.49149466 0.19499266
vn -0.78849631 -0.57702027 0.21288770
vn -0.78849631 -0.57702027 0.21288770
vn -0.78849631 -0.57702027 0.21288770
vn -0.83413085 -0.49844066 0.23618348
vn -0.83413085 -0.49844066 0.23618348
vn -0.83413085 -0.49844066 0.23618348
vn -0.80165883 -0.47448391 0.36360437
vn -0.80165883 -0.47448391 0.36360437
vn -0.80165883 -0.47448391 0.36360437
vn -0.84307799 -0.42754492 0.32622821
vn -0.84307799 -0.42754492 0.32622821
vn -0.84307799 -0.42754492 0.32622821
vn -0.84606374 -0.38779270 0.36577723
vn -0.84606374 -0.38779270 0.36577723
vn -0.84606374 -0.38779270 0.36577723
vn -0.91960587 -0.20207751 0.33688235
vn -0.91960587 -0.20207751 0.33688235
vn -0.91960587 -0.20207751 0.33688235
vn -0.67667841 -0.71526899 0.17463273
vn -0.67667841 -0.71526899 0.17463273
vn -0.67667841 -0.71526899 0.17463273
vn -0.67415240 -0.71739661 0.17567199
vn -0.67415240 -0.71739661 0.17567199
vn -0.67415240 -0.71739661 0.17567199
vn -0.72624962 -0.66136652 0.18749882
vn -0.72624962 -0.66136652 0.18749882
vn -0.72624962 -0.66136652 0.18749882
vn -0.86586081 -0.28885724 0.40846855
vn -0.86586081 -0.28885724 0.40846855
vn -0.86586081 -0.28885724 0.40846855
vn -0.75187685 -0.63708544 0.16971548
vn -0.75187685 -0.63708544 0.16971548
vn -0.75187685 -0.63708544 0.16971548
vn -0.61793676 -0.75864357 0.20643181
vn -0.61793676 -0.75864357 0.20643181
vn -0.61793676 -0.75864357 0.20643181
vn -0.91242170 0.00853660 0.40916227
vn -0.91242170 0.00853660 0.40916227
vn -0.91242170 0.00853660 0.40916227
vn -0.89521741 -0.17604454 0.40938260
vn -0.89521741 -0.17604454 0.40938260
vn -0.89521741 -0.17604454 0.40938260
vn -0.91967772 -0.09542970 0.38090165
vn -0.91967772 -0.09542970 0.38090165
vn -0.91967772 -0.09542970 0.38090165
vn -0.66140593 -0.72245348 0.20150228
vn -0.66140593 -0.72245348 0.20150228
vn -0.66140593 -0.72245348 0.20150228
vn -0.79326902 -0.57458669 0.20143089
vn -0.79326902 -0.57458669 0.20143089
vn -0.79326902 -0.57458669 0.20143089
vn -0.88984860 -0.10371284 0.44431196
vn -0.88984860 -0.10371284 0.44431196
vn -0.88984860 -0.10371284 0.44431196
vn -0.89442302 -0.08594288 0.43888642
vn -0.89442302 -0.08594288 0.43888642
vn -0.89442302 -0.08594288 0.43888642
vn -0.72316256 -0.65830615 0.20897112
vn -0.72316256 -0.65830615 0.20897112
vn -0.72316256 -0.65830615 0.20897112
vn -0.89689057 0.16440669 0.41055785
vn -0.89689057 0.16440669 0.41055785
vn -0.89689057 0.16440669 0.41055785
vn -0.88938010 0.07880278 0.45032561
vn -0.88938010 0.07880278 0.45032561
vn -0.88938010 0.07880278 0.45032561
vn -0.88588376 -0.01864199 0.46353256
vn -0.88593114 -0.01871127 0.46343921
vn -0.88584684 -0.01858801 0.46360529
vn -0.89074274 0.13042599 0.43539228
vn -0.89074274 0.13042599 0.43539228
vn -0.89074274 0.13042599 0.43539228
vn -0.88575252 -0.01845018 0.46379097
vn -0.85436772 0.27453848 0.44123058
vn -0.85436772 0.27453848 0.44123058
vn -0.85436772 0.27453848 0.44123058
vn -0.82737300 -0.52226592 0.20662099
vn -0.82737300 -0.52226592 0.20662099
vn -0.82737300 -0.52226592 0.20662099
vn -0.69837107 -0.68235972 0.21601634
vn -0.69837107 -0.68235972 0.21601634
vn -0.69837107 -0.68235972 0.21601634
vn -0.82964424 0.32543756 0.45363072
vn -0.82964424 0.32543756 0.45363072
vn -0.82964424 0.32543756 0.45363072
vn -0.64151554 -0.71016253 0.29004654
vn -0.64151554 -0.71016253 0.29004654
vn -0.64151554 -0.71016253 0.29004654
vn -0.86077435 0.06872463 0.50432572
vn -0.86077435 0.06872463 0.50432572
vn -0.86077435 0.06872463 0.50432572
vn -0.85180901 0.25237016 0.45905416
vn -0.85180901 0.25237016 0.45905416
vn -0.85180901 0.25237016 0.45905416
vn -0.86237999 0.19480949 0.46727938
vn -0.86237999 0.19480949 0.46727938
vn -0.86237999 0.19480949 0.46727938
vn -0.86708069 0.09084773 0.48981402
vn -0.86708069 0.09084773 0.48981402
vn -0.86708069 0.09084773 0.48981402
vn -0.81924993 0.36146143 0.44516871
vn -0.81924993 0.36146143 0.44516871
vn -0.81924993 0.36146143 0.44516871
vn -0.60734864 -0.70243369 0.37109910
vn -0.60734864 -0.70243369 0.37109910
vn -0.60734864 -0.70243369 0.37109910
vn -0.68237834 -0.68047107 0.26705604
vn -0.68237834 -0.68047107 0.26705604
vn -0.68237834 -0.68047107 0.26705604
vn -0.84000853 0.19643572 0.50576544
vn -0.83996337 0.19592812 0.50603726
vn -0.83999276 0.19625813 0.50586057
vn -0.84003932 0.19678355 0.50557905
vn -0.62809206 -0.69772475 0.34450041
vn -0.62809206 -0.69772475 0.34450041
vn -0.62809206 -0.69772475 0.34450041
vn -0.81605342 0.27209652 0.50992186
vn -0.81605342 0.27209652 0.50992186
vn -0.81605342 0.27209652 0.50992186
vn -0.81655310 0.28797672 0.50031035
vn -0.81655310 0.28797672 0.50031035
vn -0.81655310 0.28797672 0.50031035
vn -0.88035032 -0.41656509 0.22684100
vn -0.88035032 -0.41656509 0.22684100
vn -0.88035032 -0.41656509 0.22684100
vn -0.79353461 0.34089794 0.50407481
vn -0.79354576 0.34127131 0.50380454
vn -0.79354008 0.34108030 0.50394283
vn -0.79353087 0.34077385 0.50416460
vn -0.88167826 -0.40926166 0.23483682
vn -0.88167826 -0.40926166 0.23483682
vn -0.88167826 -0.40926166 0.23483682
vn -0.73113003 0.50593529 0.45768806
vn -0.73113003 0.50593529 0.45768806
vn -0.73113003 0.50593529 0.45768806
vn -0.78124300 0.38437724 0.49184705
vn -0.78124300 0.38437724 0.49184705
vn -0.78124300 0.38437724 0.49184705
vn -0.75829771 0.35781016 0.54493713
vn -0.75829771 0.35781016 0.54493713
vn -0.75829771 0.35781016 0.54493713
vn -0.75740520 -0.58906000 0.28168365
vn -0.75740520 -0.58906000 0.28168365
vn -0.75740520 -0.58906000 0.28168365
vn -0.73282898 0.46834476 0.49357357
vn -0.73282898 0.46834476 0.49357357
vn -0.73282898 0.46834476 0.49357357
vn -0.73560306 0.44264745 0.51278785
vn -0.73560306 0.44264745 0.51278785
vn -0.73560306 0.44264745 0.51278785
vn -0.70738565 -0.61937279 0.34056262
vn -0.70738565 -0.61937279 0.34056262
vn -0.70738565 -0.61937279 0.34056262
vn -0.71404734 0.44332154 0.54185092
vn -0.71422504 0.44484172 0.54036880
vn -0.71398203 0.44276922 0.54238831
vn -0.66977085 0.53402574 0.51596852
vn -0.66977085 0.53402574 0.51596852
vn -0.66977085 0.53402574 0.51596852
vn -0.71372060 0.44059074 0.54450226
vn -0.66353661 0.51576430 0.54194682
vn -0.66353661 0.51576430 0.54194682
vn -0.66353661 0.51576430 0.54194682
vn -0.66623587 0.51491491 0.53943711
vn -0.66623587 0.51491491 0.53943711
vn -0.66623587 0.51491491 0.53943711
vn -0.85836910 -0.46246973 0.22209059
vn -0.85836910 -0.46246973 0.22209059
vn -0.85836910 -0.46246973 0.22209059
vn -0.82338797 -0.51124990 0.24628397
vn -0.82338797 -0.51124990 0.24628397
vn -0.82338797 -0.51124990 0.24628397
vn -0.89329693 -0.37003340 0.25513892
vn -0.89329693 -0.37003340 0.25513892
vn -0.89329693 -0.37003340 0.25513892
vn -0.76228362 -0.60664812 0.22561415
vn -0.76228362 -0.60664812 0.22561415
vn -0.76228362 -0.60664812 0.22561415
vn -0.71766533 -0.61728877 0.32235236
vn -0.71766533 -0.61728877 0.32235236
vn -0.71766533 -0.61728877 0.32235236
vn -0.79535865 -0.52875682 0.29634580
vn -0.79535865 -0.52875682 0.29634580
vn -0.79535865 -0.52875682 0.29634580
vn -0.73997639 -0.59725498 0.30938879
vn -0.73997639 -0.59725498 0.30938879
vn -0.73997639 -0.59725498 0.30938879
vn -0.85208400 -0.46532206 0.23964188
vn -0.85208400 -0.46532206 0.23964188
vn -0.85208400 -0.46532206 0.23964188
vn -0.02516989 -0.66765699 0.74404343
vn -0.02516989 -0.66765699 0.74404343
vn -0.02516989 -0.66765699 0.74404343
vn 0.48519721 -0.41624923 0.76897350
vn 0.48519721 -0.41624923 0.76897350
vn 0.48519721 -0.41624923 0.76897350
vn 0.47277759 0.52249739 0.70956172
vn 0.47277759 0.52249739 0.70956172
vn 0.47277759 0.52249739 0.70956172
vn 0.08678793 -0.64947630 0.75541273
vn 0.08678793 -0.64947630 0.75541273
vn 0.08678793 -0.64947630 0.75541273
vn 0.18264364 -0.62945312 0.75526821
vn 0.18264364 -0.62945312 0.75526821
vn 0.18264364 -0.62945312 0.75526821
vn 0.20230319 -0.61449963 0.76253762
vn 0.20230319 -0.61449963 0.76253762
vn 0.20230319 -0.61449963 0.76253762
vn 0.28073134 -0.57740640 0.76667579
vn 0.28076934 -0.57739873 0.76666765
vn 0.28078493 -0.57739558 0.76666431
vn 0.37227488 -0.51193598 0.77416598
vn 0.37227488 -0.51193598 0.77416598
vn 0.37227488 -0.51193598 0.77416598
vn 0.38506828 -0.50722069 0.77100557
vn 0.38506828 -0.50722069 0.77100557
vn 0.38506828 -0.50722069 0.77100557
vn 0.55905101 -0.29061582 0.77653359
vn 0.55905101 -0.29061582 0.77653359
vn 0.55905101 -0.29061582 0.77653359
vn 0.61395638 -0.17892380 0.76879376
vn 0.61395638 -0.17892380 0.76879376
vn 0.61395638 -0.17892380 0.76879376
vn 0.65934132 -0.02374228 0.75146878
vn 0.65934132 -0.02374228 0.75146878
vn 0.65934132 -0.02374228 0.75146878
vn 0.65725245 0.03375291 0.75291431
vn 0.65725245 0.03375291 0.75291431
vn 0.65725245 0.03375291 0.75291431
vn 0.65934782 0.08118435 0.74744201
vn 0.65934782 0.08118435 0.74744201
vn 0.65934782 0.08118435 0.74744201
vn 0.65240817 0.05194201 0.75608571
vn 0.65240817 0.05194201 0.75608571
vn 0.65240817 0.05194201 0.75608571
vn 0.60258823 0.32684675 0.72805125
vn 0.60223640 0.32721328 0.72817771
vn 0.60238049 0.32706321 0.72812596
vn 0.55214201 0.42359137 0.71812920
vn 0.55214201 0.42359137 0.71812920
vn 0.55214201 0.42359137 0.71812920
vn 0.55965515 0.41683846 0.71626239
vn 0.55965515 0.41683846 0.71626239
vn 0.55965515 0.41683846 0.71626239
vn 0.60271932 0.32671012 0.72800407
vn 0.44435196 0.56218167 0.69749775
vn 0.44435196 0.56218167 0.69749775
vn 0.44435196 0.56218167 0.69749775
vn 0.43851317 -0.46466903 0.76927817
vn 0.43851317 -0.46466903 0.76927817
vn 0.43851317 -0.46466903 0.76927817
vn 0.45144199 -0.44357368 0.77423673
vn 0.45144199 -0.44357368 0.77423673
vn 0.45144199 -0.44357368 0.77423673
vn -0.31432042 -0.62941185 0.71066406
vn -0.31432042 -0.62941185 0.71066406
vn -0.31432042 -0.62941185 0.71066406
vn -0.25138089 -0.64161372 0.72466508
vn -0.25138089 -0.64161372 0.72466508
vn -0.25138089 -0.64161372 0.72466508
vn 0.50460765 -0.37965728 0.77539117
vn 0.50460765 -0.37965728 0.77539117
vn 0.50460765 -0.37965728 0.77539117
vn 0.14118561 -0.64542402 0.75066268
vn 0.14118561 -0.64542402 0.75066268
vn 0.14118561 -0.64542402 0.75066268
vn 0.54804221 -0.33460221 0.76661013
vn 0.54804221 -0.33460221 0.76661013
vn 0.54804221 -0.33460221 0.76661013
vn 0.24010484 -0.60229440 0.76130882
vn 0.24010484 -0.60229440 0.76130882
vn 0.24010484 -0.60229440 0.76130882
vn 0.57969805 -0.26792057 0.76952501
vn 0.57969805 -0.26792057 0.76952501
vn 0.57969805 -0.26792057 0.76952501
vn 0.33622456 -0.54905210 0.76517634
vn 0.33622456 -0.54905210 0.76517634
vn 0.33622456 -0.54905210 0.76517634
vn 0.28070980 -0.57741075 0.76668040
vn 0.60862018 -0.21450831 0.76391600
vn 0.60862018 -0.21450831 0.76391600
vn 0.60862018 -0.21450831 0.76391600
vn 0.62802150 -0.15453488 0.76269782
vn 0.62802150 -0.15453488 0.76269782
vn 0.62802150 -0.15453488 0.76269782
vn 0.63973032 -0.08601049 0.76377176
vn 0.63870648 -0.08768514 0.76443793
vn 0.63943570 -0.08649289 0.76396398
vn 0.65666422 0.14467110 0.74017726
vn 0.65666422 0.14467110 0.74017726
vn 0.65666422 0.14467110 0.74017726
vn 0.63908186 0.19786895 0.74325114
vn 0.63908186 0.19786895 0.74325114
vn 0.63908186 0.19786895 0.74325114
vn 0.50644847 0.49655217 0.70494389
vn 0.50644847 0.49655217 0.70494389
vn 0.50644847 0.49655217 0.70494389
vn -0.24231795 -0.64647102 0.72343433
vn -0.24231795 -0.64647102 0.72343433
vn -0.24231795 -0.64647102 0.72343433
vn 0.63824556 -0.08843745 0.76473618
vn -0.41368551 -0.58212799 0.69999379
vn -0.41368551 -0.58212799 0.69999379
vn -0.41368551 -0.58212799 0.69999379
vn -0.35362129 -0.60248065 0.71552013
vn -0.35362129 -0.60248065 0.71552013
vn -0.35362129 -0.60248065 0.71552013
vn -0.17702179 -0.66616668 0.72448964
vn -0.17702179 -0.66616668 0.72448964
vn -0.17702179 -0.66616668 0.72448964
vn -0.09659190 -0.67367671 0.73268663
vn -0.09659190 -0.67367671 0.73268663
vn -0.09659190 -0.67367671 0.73268663
vn -0.01582303 -0.66994397 0.74224302
vn -0.01582303 -0.66994397 0.74224302
vn -0.01582303 -0.66994397 0.74224302
vn -0.13302112 -0.66359921 0.73616674
vn -0.13302112 -0.66359921 0.73616674
vn -0.13302112 -0.66359921 0.73616674
vn 0.05533609 -0.66501067 0.74478099
vn 0.05533609 -0.66501067 0.74478099
vn 0.05533609 -0.66501067 0.74478099
vn 0.64373426 0.18992404 0.74130632
vn 0.64373426 0.18992404 0.74130632
vn 0.64373426 0.18992404 0.74130632
vn 0.63291126 0.25564128 0.73080153
vn 0.63291126 0.25564128 0.73080153
vn 0.63291126 0.25564128 0.73080153
vn 0.31382592 0.66643186 0.67630013
vn 0.31382592 0.66643186 0.67630013
vn 0.31382592 0.66643186 0.67630013
vn 0.37312678 0.62336077 0.68716647
vn 0.37312678 0.62336077 0.68716647
vn 0.37312678 0.62336077 0.68716647
vn 0.26590657 0.69979083 0.66301319
vn 0.26590657 0.69979083 0.66301319
vn 0.26590657 0.69979083 0.66301319
vn 0.28902667 0.67744971 0.67640630
vn 0.28902667 0.67744971 0.67640630
vn 0.28902667 0.67744971 0.67640630
vn 0.38905689 0.60318813 0.69627496
vn 0.38905689 0.60318813 0.69627496
vn 0.38905689 0.60318813 0.69627496
vn 0.19148530 0.73136475 0.65455251
vn 0.19148530 0.73136475 0.65455251
vn 0.19148530 0.73136475 0.65455251
vn 0.20011387 0.72418270 0.65993474
vn 0.20011387 0.72418270 0.65993474
vn 0.20011387 0.72418270 0.65993474
vn 0.26168602 0.67113471 0.69361274
vn 0.26168602 0.67113471 0.69361274
vn 0.26168602 0.67113471 0.69361274
vn 0.10677741 0.74982147 0.65296734
vn 0.10677741 0.74982147 0.65296734
vn 0.10677741 0.74982147 0.65296734
vn 0.03764348 0.74922488 0.66124507
vn 0.03764348 0.74922488 0.66124507
vn 0.03764348 0.74922488 0.66124507
vn 0.19836881 0.71986899 0.66516047
vn 0.19836881 0.71986899 0.66516047
vn 0.19836881 0.71986899 0.66516047
vn 0.11785648 0.74270789 0.65916222
vn 0.11785648 0.74270789 0.65916222
vn 0.11785648 0.74270789 0.65916222
vn 0.02776082 0.74482104 0.66668655
vn 0.02776082 0.74482104 0.66668655
vn 0.02776082 0.74482104 0.66668655
vn -0.02964647 0.74351881 0.66805754
vn -0.02964647 0.74351881 0.66805754
vn -0.02964647 0.74351881 0.66805754
vn -0.08369980 0.72522227 0.68340837
vn -0.08369980 0.72522227 0.68340837
vn -0.08369980 0.72522227 0.68340837
vn 0.12154092 0.71398098 0.68953532
vn 0.12154092 0.71398098 0.68953532
vn 0.12154092 0.71398098 0.68953532
vn 0.10867119 0.72286652 0.68238886
vn 0.10867119 0.72286652 0.68238886
vn 0.10867119 0.72286652 0.68238886
vn -0.06190917 0.72646006 0.68441438
vn -0.06190917 0.72646006 0.68441438
vn -0.06190917 0.72646006 0.68441438
vn 0.01733687 0.72641572 0.68703685
vn 0.01733687 0.72641572 0.68703685
vn 0.01733687 0.72641572 0.68703685
vn 0.03151345 0.71450048 0.69892487
vn 0.03151345 0.71450048 0.69892487
vn 0.03151345 0.71450048 0.69892487
vn -0.05468263 0.70729365 0.70480175
vn -0.05468263 0.70729365 0.70480175
vn -0.05468263 0.70729365 0.70480175
vn -0.14952454 0.69465757 0.70362864
vn -0.14952454 0.69465757 0.70362864
vn -0.14952454 0.69465757 0.70362864
vn 0.00065592 0.67356554 0.73912721
vn 0.00065592 0.67356554 0.73912721
vn 0.00065592 0.67356554 0.73912721
vn -0.25420667 0.64962684 0.71649420
vn -0.25420667 0.64962684 0.71649420
vn -0.25420667 0.64962684 0.71649420
vn -0.20769621 0.64016560 0.73962848
vn -0.20769621 0.64016560 0.73962848
vn -0.20769621 0.64016560 0.73962848
vn -0.16743095 0.66221081 0.73037231
vn -0.16743095 0.66221081 0.73037231
vn -0.16743095 0.66221081 0.73037231
vn -0.06951883 0.68951879 0.72092370
vn -0.06951883 0.68951879 0.72092370
vn -0.06951883 0.68951879 0.72092370
vn -0.24776749 0.63287692 0.73353805
vn -0.24776749 0.63287692 0.73353805
vn -0.24776749 0.63287692 0.73353805
vn -0.14383518 0.65060673 0.74566905
vn -0.14383518 0.65060673 0.74566905
vn -0.14383518 0.65060673 0.74566905
vn -0.11485509 0.65874366 0.74354899
vn -0.11485509 0.65874366 0.74354899
vn -0.11485509 0.65874366 0.74354899
vn -0.33002010 0.56088285 0.75927411
vn -0.33002010 0.56088285 0.75927411
vn -0.33002010 0.56088285 0.75927411
vn -0.30351770 0.57861389 0.75702244
vn -0.30351770 0.57861389 0.75702244
vn -0.30351770 0.57861389 0.75702244
vn -0.23924088 0.58009202 0.77862510
vn -0.23924088 0.58009202 0.77862510
vn -0.23924088 0.58009202 0.77862510
vn -0.20018366 0.57804752 0.79106736
vn -0.20018366 0.57804752 0.79106736
vn -0.20018366 0.57804752 0.79106736
vn -0.34775278 0.56555157 0.74780975
vn -0.34775278 0.56555157 0.74780975
vn -0.34775278 0.56555157 0.74780975
vn -0.40276389 0.54221298 0.73741870
vn -0.40276389 0.54221298 0.73741870
vn -0.40276389 0.54221298 0.73741870
vn -0.28136643 0.56004277 0.77922078
vn -0.28136643 0.56004277 0.77922078
vn -0.28136643 0.56004277 0.77922078
vn -0.52337289 0.48987806 0.69720894
vn -0.52337289 0.48987806 0.69720894
vn -0.52337289 0.48987806 0.69720894
vn -0.48976902 0.49822641 0.71546960
vn -0.48976902 0.49822641 0.71546960
vn -0.48976902 0.49822641 0.71546960
vn -0.28503236 0.64450282 0.70948761
vn -0.28503236 0.64450282 0.70948761
vn -0.28503236 0.64450282 0.70948761
vn -0.37753696 0.59739332 0.70752178
vn -0.37753696 0.59739332 0.70752178
vn -0.37753696 0.59739332 0.70752178
vn -0.34646366 0.50538357 0.79028500
vn -0.34646366 0.50538357 0.79028500
vn -0.34646366 0.50538357 0.79028500
vn -0.43636601 0.48798409 0.75594725
vn -0.43636601 0.48798409 0.75594725
vn -0.43636601 0.48798409 0.75594725
vn -0.30500163 0.52478097 0.79471941
vn -0.30500163 0.52478097 0.79471941
vn -0.30500163 0.52478097 0.79471941
vn -0.35675480 0.49261772 0.79375928
vn -0.35675480 0.49261772 0.79375928
vn -0.35675480 0.49261772 0.79375928
vn -0.47540808 0.48024683 0.73712288
vn -0.47540808 0.48024683 0.73712288
vn -0.47540808 0.48024683 0.73712288
vn -0.41106175 0.55662568 0.72193912
vn -0.41106175 0.55662568 0.72193912
vn -0.41106175 0.55662568 0.72193912
vn -0.43157193 0.47703816 0.76562410
vn -0.43157193 0.47703816 0.76562410
vn -0.43157193 0.47703816 0.76562410
vn -0.40012144 0.47110703 0.78610495
vn -0.40012144 0.47110703 0.78610495
vn -0.40012144 0.47110703 0.78610495
vn -0.45487283 0.55056760 0.69997574
vn -0.45487283 0.55056760 0.69997574
vn -0.45487283 0.55056760 0.69997574
vn -0.50520214 0.43061416 0.74789187
vn -0.50520214 0.43061416 0.74789187
vn -0.50520214 0.43061416 0.74789187
vn -0.34625786 0.42447352 0.83661683
vn -0.34625786 0.42447352 0.83661683
vn -0.34625786 0.42447352 0.83661683
vn -0.47116767 0.41858027 0.77639654
vn -0.47116767 0.41858027 0.77639654
vn -0.47116767 0.41858027 0.77639654
vn -0.43826152 0.39484680 0.80747931
vn -0.43826152 0.39484680 0.80747931
vn -0.43826152 0.39484680 0.80747931
vn -0.41713135 0.41934479 0.80631965
vn -0.41713135 0.41934479 0.80631965
vn -0.41713135 0.41934479 0.80631965
vn -0.16376629 0.69927355 0.69584272
vn -0.16376629 0.69927355 0.69584272
vn -0.16376629 0.69927355 0.69584272
vn -0.21845829 0.67971474 0.70018844
vn -0.21845829 0.67971474 0.70018844
vn -0.21845829 0.67971474 0.70018844
vn -0.34686542 0.59921075 0.72154754
vn -0.34686542 0.59921075 0.72154754
vn -0.34686542 0.59921075 0.72154754
vn -0.48803459 0.41293710 0.76896371
vn -0.48803459 0.41293710 0.76896371
vn -0.48803459 0.41293710 0.76896371
vn -0.69768184 -0.30348541 0.64895042
vn -0.69768184 -0.30348541 0.64895042
vn -0.69768184 -0.30348541 0.64895042
vn -0.56229221 -0.46027160 0.68700620
vn -0.56229221 -0.46027160 0.68700620
vn -0.56229221 -0.46027160 0.68700620
vn -0.67232161 -0.34708643 0.65384605
vn -0.67232161 -0.34708643 0.65384605
vn -0.67232161 -0.34708643 0.65384605
vn -0.69771590 -0.29195825 0.65418109
vn -0.69771590 -0.29195825 0.65418109
vn -0.69771590 -0.29195825 0.65418109
vn -0.72934223 -0.22199308 0.64713136
vn -0.72934223 -0.22199308 0.64713136
vn -0.72934223 -0.22199308 0.64713136
vn -0.62130201 -0.40726468 0.66941713
vn -0.62130201 -0.40726468 0.66941713
vn -0.62130201 -0.40726468 0.66941713
vn -0.64408519 -0.36709622 0.67111447
vn -0.64408519 -0.36709622 0.67111447
vn -0.64408519 -0.36709622 0.67111447
vn -0.71770379 -0.22967352 0.65738219
vn -0.71770379 -0.22967352 0.65738219
vn -0.71770379 -0.22967352 0.65738219
vn -0.72834373 -0.12927909 0.67290588
vn -0.72834373 -0.12927909 0.67290588
vn -0.72834373 -0.12927909 0.67290588
vn -0.70117853 -0.19937864 0.68454133
vn -0.70117853 -0.19937864 0.68454133
vn -0.70117853 -0.19937864 0.68454133
vn -0.67909371 -0.28907980 0.67473298
vn -0.67909371 -0.28907980 0.67473298
vn -0.67909371 -0.28907980 0.67473298
vn -0.70204387 -0.14660368 0.69688002
vn -0.70204387 -0.14660368 0.69688002
vn -0.70204387 -0.14660368 0.69688002
vn -0.71691620 -0.12559624 0.68575269
vn -0.71691620 -0.12559624 0.68575269
vn -0.71691620 -0.12559624 0.68575269
vn -0.67826820 -0.23189525 0.69726383
vn -0.67826820 -0.23189525 0.69726383
vn -0.67826820 -0.23189525 0.69726383
vn -0.72253986 -0.00965946 0.69126177
vn -0.72253986 -0.00965946 0.69126177
vn -0.72253986 -0.00965946 0.69126177
vn -0.72239726 -0.03087494 0.69078863
vn -0.72239726 -0.03087494 0.69078863
vn -0.72239726 -0.03087494 0.69078863
vn -0.69681292 -0.03939679 0.71617013
vn -0.69681292 -0.03939679 0.71617013
vn -0.69681292 -0.03939679 0.71617013
vn -0.71385748 0.07077756 0.69670513
vn -0.71385748 0.07077756 0.69670513
vn -0.71385748 0.07077756 0.69670513
vn -0.71308119 0.01774634 0.70085682
vn -0.71308119 0.01774634 0.70085682
vn -0.71308119 0.01774634 0.70085682
vn -0.69161162 0.10621689 0.71441678
vn -0.69161162 0.10621689 0.71441678
vn -0.69161162 0.10621689 0.71441678
vn -0.68018413 -0.02004553 0.73276717
vn -0.68018413 -0.02004553 0.73276717
vn -0.68018413 -0.02004553 0.73276717
vn -0.66445569 -0.09275018 0.74154975
vn -0.66445569 -0.09275018 0.74154975
vn -0.66445569 -0.09275018 0.74154975
vn -0.49123916 -0.52660566 0.69380874
vn -0.49123916 -0.52660566 0.69380874
vn -0.49123916 -0.52660566 0.69380874
vn -0.66550150 0.01692317 0.74620463
vn -0.66550150 0.01692317 0.74620463
vn -0.66550150 0.01692317 0.74620463
vn -0.67667247 0.04673804 0.73479924
vn -0.67667247 0.04673804 0.73479924
vn -0.67667247 0.04673804 0.73479924
vn -0.66645734 0.10151986 0.73859890
vn -0.66645734 0.10151986 0.73859890
vn -0.66645734 0.10151986 0.73859890
vn -0.65761671 0.02401201 0.75296991
vn -0.65761671 0.02401201 0.75296991
vn -0.65761671 0.02401201 0.75296991
vn -0.64042463 0.21018171 0.73870152
vn -0.64042463 0.21018171 0.73870152
vn -0.64042463 0.21018171 0.73870152
vn -0.64491698 0.25139630 0.72172155
vn -0.64491698 0.25139630 0.72172155
vn -0.64491698 0.25139630 0.72172155
vn -0.63579076 0.29927784 0.71147936
vn -0.63579076 0.29927784 0.71147936
vn -0.63579076 0.29927784 0.71147936
vn -0.63835067 0.21745634 0.73839093
vn -0.63835067 0.21745634 0.73839093
vn -0.63835067 0.21745634 0.73839093
vn -0.63545082 0.15020384 0.75739096
vn -0.63545082 0.15020384 0.75739096
vn -0.63545082 0.15020384 0.75739096
vn -0.63688404 0.04870929 0.76941935
vn -0.63688404 0.04870929 0.76941935
vn -0.63688404 0.04870929 0.76941935
vn -0.62191366 0.31437976 0.71720901
vn -0.62191366 0.31437976 0.71720901
vn -0.62191366 0.31437976 0.71720901
vn -0.58402019 0.07868326 0.80791668
vn -0.58402019 0.07868326 0.80791668
vn -0.58402019 0.07868326 0.80791668
vn -0.61092083 0.15005878 0.77734041
vn -0.61402260 0.14864039 0.77516597
vn -0.61043522 0.15028020 0.77767905
vn -0.60799417 0.15139068 0.77937408
vn -0.57751776 0.31740605 0.75214802
vn -0.57751776 0.31740605 0.75214802
vn -0.57751776 0.31740605 0.75214802
vn -0.58662636 0.25673554 0.76808617
vn -0.58662636 0.25673554 0.76808617
vn -0.58662636 0.25673554 0.76808617
vn -0.57224463 0.19187376 0.79732085
vn -0.57224463 0.19187376 0.79732085
vn -0.57224463 0.19187376 0.79732085
vn -0.56234731 0.39655187 0.72561155
vn -0.56234731 0.39655187 0.72561155
vn -0.56234731 0.39655187 0.72561155
vn -0.56023361 0.33715720 0.75661306
vn -0.56023361 0.33715720 0.75661306
vn -0.56023361 0.33715720 0.75661306
vn -0.55354678 0.41076724 0.72446962
vn -0.55354678 0.41076724 0.72446962
vn -0.55354678 0.41076724 0.72446962
vn -0.55339498 0.43675664 0.70922326
vn -0.55339498 0.43675664 0.70922326
vn -0.55339498 0.43675664 0.70922326
vn -0.53229917 0.27337117 0.80120272
vn -0.53229917 0.27337117 0.80120272
vn -0.53229917 0.27337117 0.80120272
vn -0.56224130 0.24714909 0.78917808
vn -0.56224130 0.24714909 0.78917808
vn -0.56224130 0.24714909 0.78917808
vn -0.53469991 0.34036002 0.77346691
vn -0.53469991 0.34036002 0.77346691
vn -0.53469991 0.34036002 0.77346691
vn -0.51608514 0.31270247 0.79741664
vn -0.51608514 0.31270247 0.79741664
vn -0.51608514 0.31270247 0.79741664
vn -0.44332467 0.34872310 0.82574538
vn -0.44332467 0.34872310 0.82574538
vn -0.44332467 0.34872310 0.82574538
vn -0.64354103 -0.34887415 0.68127951
vn -0.64354103 -0.34887415 0.68127951
vn -0.64354103 -0.34887415 0.68127951
vn -0.73897133 -0.06978097 0.67011342
vn -0.73897133 -0.06978097 0.67011342
vn -0.73897133 -0.06978097 0.67011342
vn -0.68480386 0.15110508 0.71288914
vn -0.68480386 0.15110508 0.71288914
vn -0.68480386 0.15110508 0.71288914
vn -0.46219726 -0.53996068 0.70343170
vn -0.46219726 -0.53996068 0.70343170
vn -0.46219726 -0.53996068 0.70343170
vn -0.60743316 0.36845449 0.70375155
vn -0.60743316 0.36845449 0.70375155
vn -0.60743316 0.36845449 0.70375155
vn -0.73953823 -0.15168602 0.65580070
vn -0.73953823 -0.15168602 0.65580070
vn -0.73953823 -0.15168602 0.65580070
vn -0.57137314 -0.45540902 0.68274106
vn -0.57137314 -0.45540902 0.68274106
vn -0.57137314 -0.45540902 0.68274106
vn 0.00023221 -0.01061582 0.99994362
vn -0.00005214 -0.00758611 0.99997122
vn -0.00082610 -0.00699337 0.99997520
vn -0.00796217 -0.00128301 0.99996748
vn -0.00727964 -0.00027918 0.99997346
vn -0.00703534 0.00009662 0.99997525
vn -0.00795971 -0.00100343 0.99996782
vn -0.00050137 0.00839341 0.99996465
vn 0.00001588 0.00850623 0.99996382
vn -0.00079992 0.00882694 0.99996072
vn 0.00121486 -0.01154203 0.99993265
vn 0.00893729 0.00046175 0.99995996
vn 0.00865266 0.00164554 0.99996121
vn 0.00918957 0.00119198 0.99995706
vn 0.00006408 0.00879045 0.99996136
vn 0.00824772 0.00016028 0.99996597
vn -0.01068026 -0.00351649 0.99993678
vn -0.01059950 -0.00324005 0.99993857
vn 0.00240557 -0.01067429 0.99994013
vn 0.00117484 0.00731785 0.99997253
vn 0.00122419 0.00705862 0.99997434
vn -0.00859551 -0.00237829 0.99996023
vn -0.00814635 -0.00251666 0.99996365
vn 0.00637448 -0.00061205 0.99997950
vn 0.00799987 -0.00254928 0.99996475
vn -0.00575220 0.00462971 0.99997274
vn -0.00571498 0.00456712 0.99997324
vn -0.00626521 0.00382460 0.99997306
vn 0.00286186 -0.00961047 0.99994972
vn -0.00591888 0.00448906 0.99997241
vn 0.00230940 0.00644598 0.99997656
vn -0.00826001 -0.00388579 0.99995834
vn -0.00851403 -0.00434806 0.99995430
vn 0.00284936 -0.00905353 0.99995496
vn 0.00684977 0.01034961 0.99992298
vn 0.00671072 0.01023409 0.99992511
vn 0.00683217 0.01038208 0.99992276
vn -0.00406642 0.00638086 0.99997137
vn -0.00441632 0.00551875 0.99997502
vn -0.00436064 0.00533044 0.99997629
vn 0.00611538 0.00993944 0.99993190
vn -0.00704347 0.00323654 0.99996996
vn 0.00591211 0.00988930 0.99993362
vn -0.00762741 0.00347980 0.99996486
vn 0.00349163 -0.00722709 0.99996779
vn -0.00670364 -0.00511341 0.99996446
vn -0.00668454 -0.00507179 0.99996480
vn -0.00669024 -0.00508421 0.99996470
vn -0.00417544 0.00648381 0.99997026
vn -0.00671062 -0.00512862 0.99996433
vn 0.00677756 0.00761295 0.99994805
vn 0.00342305 -0.00697505 0.99996982
vn 0.00491311 0.00729633 0.99996131
vn 0.00491311 0.00729633 0.99996131
vn 0.00491311 0.00729633 0.99996131
vn -0.00424152 -0.00770943 0.99996129
vn -0.00414344 -0.00712221 0.99996605
vn -0.00418824 -0.00739044 0.99996392
vn 0.00770552 -0.00602465 0.99995216
vn 0.00770552 -0.00602465 0.99995216
vn 0.00770552 -0.00602465 0.99995216
vn -0.00336728 0.00756002 0.99996575
vn -0.00427679 -0.00792064 0.99995949
vn 0.01100587 -0.00427693 0.99993029
vn 0.00957775 -0.00366805 0.99994740
vn -0.00651750 0.00169403 0.99997733
vn 0.00585493 0.00342052 0.99997701
vn 0.00576333 0.00495155 0.99997113
vn 0.00576333 0.00495155 0.99997113
vn 0.00769013 0.00537011 0.99995601
vn 0.00773674 0.00533825 0.99995582
vn -0.00632868 -0.00950543 0.99993480
vn -0.00641820 -0.00764506 0.99995018
vn -0.00638116 -0.00841486 0.99994423
vn -0.00653311 0.00105547 0.99997810
vn 0.00769930 -0.00377755 0.99996322
vn 0.00474875 -0.00577661 0.99997204
vn -0.00629185 -0.01027056 0.99992746
vn 0.00630305 -0.00651583 0.99995891
vn 0.00603473 -0.00643939 0.99996106
vn 0.00602215 -0.00645588 0.99996103
vn -0.00253352 0.01038518 0.99994286
vn -0.00300116 -0.01003971 0.99994510
vn -0.00325511 -0.00923981 0.99995201
vn -0.00292302 -0.01038729 0.99994178
vn 0.00779613 0.00529764 0.99995558
vn 0.00650996 -0.00405699 0.99997058
vn -0.00385808 -0.00940474 0.99994833
vn 0.00719727 -0.00693276 0.99995007
vn 0.00750900 -0.00701846 0.99994718
vn 0.00730556 -0.00717516 0.99994757
vn 0.00649848 0.00199735 0.99997689
vn 0.00730540 0.00176477 0.99997176
vn -0.00281848 0.01177127 0.99992674
vn -0.00186886 -0.00599654 0.99998027
vn -0.62900644 -0.52668941 -0.57179469
vn -0.62900644 -0.52668941 -0.57179469
vn -0.62900644 -0.52668941 -0.57179469
vn 0.49376019 0.73153370 -0.47016946
vn 0.49376019 0.73153370 -0.47016946
vn 0.49376019 0.73153370 -0.47016946
vn 0.25105938 0.95096790 -0.18063564
vn 0.25105938 0.95096790 -0.18063564
vn 0.25105938 0.95096790 -0.18063564
vn 0.88913802 0.11425925 -0.44314604
vn 0.88913802 0.11425925 -0.44314604
vn 0.88913802 0.11425925 -0.44314604
vn -0.56344378 0.54290665 -0.62272264
vn -0.56344378 0.54290665 -0.62272264
vn -0.56344378 0.54290665 -0.62272264
vn -0.57202325 0.63418453 -0.52019168
vn -0.57202325 0.63418453 -0.52019168
vn -0.57202325 0.63418453 -0.52019168
vn -0.53215559 0.62258995 -0.57375272
vn -0.53215559 0.62258995 -0.57375272
vn -0.53215559 0.62258995 -0.57375272
vn -0.43333556 0.07619423 -0.89800597
vn -0.43333556 0.07619423 -0.89800597
vn -0.43333556 0.07619423 -0.89800597
vn -0.53862036 0.12691253 -0.83293536
vn -0.53862036 0.12691253 -0.83293536
vn -0.53862036 0.12691253 -0.83293536
vn -0.51274545 0.15091699 -0.84517227
vn -0.51274545 0.15091699 -0.84517227
vn -0.51274545 0.15091699 -0.84517227
vn -0.58902156 0.23878412 -0.77203351
vn -0.58902156 0.23878412 -0.77203351
vn -0.58902156 0.23878412 -0.77203351
vn -0.57756439 0.23091279 -0.78300616
vn -0.57756439 0.23091279 -0.78300616
vn -0.57756439 0.23091279 -0.78300616
vn -0.62479794 0.32338811 -0.71066705
vn -0.62479794 0.32338811 -0.71066705
vn -0.62479794 0.32338811 -0.71066705
vn -0.59145870 0.33496516 -0.73346775
vn -0.59145870 0.33496516 -0.73346775
vn -0.59145870 0.33496516 -0.73346775
vn -0.65733872 0.44240735 -0.61006683
vn -0.65733872 0.44240735 -0.61006683
vn -0.65733872 0.44240735 -0.61006683
vn -0.59894742 0.45577388 -0.65843159
vn -0.59894742 0.45577388 -0.65843159
vn -0.59894742 0.45577388 -0.65843159
vn -0.60847659 0.52805484 -0.59238023
vn -0.60847659 0.52805484 -0.59238023
vn -0.60847659 0.52805484 -0.59238023
vn -0.93699808 0.01695822 0.34892266
vn -0.93699808 0.01695822 0.34892266
vn -0.93699808 0.01695822 0.34892266
vn -0.89249666 0.16166682 0.42108615
vn -0.89249666 0.16166682 0.42108615
vn -0.89249666 0.16166682 0.42108615
vn -0.79922584 0.24584314 0.54845164
vn -0.79922584 0.24584314 0.54845164
vn -0.79922584 0.24584314 0.54845164
vn -0.78712048 0.25917127 0.55970672
vn -0.78712048 0.25917127 0.55970672
vn -0.78712048 0.25917127 0.55970672
vn -0.83725974 0.33380444 0.43309435
vn -0.83725974 0.33380444 0.43309435
vn -0.83725974 0.33380444 0.43309435
vn -0.78891462 0.27412976 0.54996963
vn -0.78891462 0.27412976 0.54996963
vn -0.78891462 0.27412976 0.54996963
vn -0.69429840 0.31881941 0.64521618
vn -0.69429840 0.31881941 0.64521618
vn -0.69429840 0.31881941 0.64521618
vn -0.69646262 0.32511928 0.63971655
vn -0.69646262 0.32511928 0.63971655
vn -0.69646262 0.32511928 0.63971655
vn 0.03713007 -0.33263008 -0.94232616
vn 0.03713007 -0.33263008 -0.94232616
vn 0.03713007 -0.33263008 -0.94232616
vn -0.14715151 -0.15454629 -0.97696565
vn -0.14715151 -0.15454629 -0.97696565
vn -0.14715151 -0.15454629 -0.97696565
vn -0.10538780 -0.11766903 -0.98744489
vn -0.10538780 -0.11766903 -0.98744489
vn -0.10538780 -0.11766903 -0.98744489
vn -0.08631260 -0.16805528 -0.98199163
vn -0.08631260 -0.16805528 -0.98199163
vn -0.08631260 -0.16805528 -0.98199163
vn -0.06996557 -0.15285580 -0.98576870
vn -0.06996557 -0.15285580 -0.98576870
vn -0.06996557 -0.15285580 -0.98576870
vn -0.07427986 -0.21375374 -0.97405946
vn -0.07427986 -0.21375374 -0.97405946
vn -0.07427986 -0.21375374 -0.97405946
vn -0.06568095 -0.21052980 -0.97537850
vn -0.06568095 -0.21052980 -0.97537850
vn -0.06568095 -0.21052980 -0.97537850
vn 0.00879050 -0.23182141 -0.97271864
vn 0.00879050 -0.23182141 -0.97271864
vn 0.00879050 -0.23182141 -0.97271864
vn -0.08778441 -0.30470509 -0.94839270
vn -0.08778441 -0.30470509 -0.94839270
vn -0.08778441 -0.30470509 -0.94839270
vn 0.00520042 -0.29798645 -0.95455593
vn 0.00520042 -0.29798645 -0.95455593
vn 0.00520042 -0.29798645 -0.95455593
vn -0.04013377 -0.32958360 -0.94327299
vn -0.04013377 -0.32958360 -0.94327299
vn -0.04013377 -0.32958360 -0.94327299
vn -0.05686885 -0.33023807 -0.94218297
vn -0.05686885 -0.33023807 -0.94218297
vn -0.05686885 -0.33023807 -0.94218297
vn -0.06417099 -0.29020511 -0.95481049
vn -0.06417099 -0.29020511 -0.95481049
vn -0.06417099 -0.29020511 -0.95481049
vn -0.09417005 -0.30484511 -0.94773491
vn -0.09417005 -0.30484511 -0.94773491
vn -0.09417005 -0.30484511 -0.94773491
vn -0.09241877 -0.22174701 -0.97071470
vn -0.09241877 -0.22174701 -0.97071470
vn -0.09241877 -0.22174701 -0.97071470
vn -0.19987005 -0.28022348 -0.93889657
vn -0.19987005 -0.28022348 -0.93889657
vn -0.19987005 -0.28022348 -0.93889657
vn -0.14827585 -0.22654090 -0.96264920
vn -0.14827585 -0.22654090 -0.96264920
vn -0.14827585 -0.22654090 -0.96264920
vn -0.21896537 -0.14542768 -0.96483416
vn -0.21896537 -0.14542768 -0.96483416
vn -0.21896537 -0.14542768 -0.96483416
vn -0.26031790 -0.18706507 -0.94722819
vn -0.26031790 -0.18706507 -0.94722819
vn -0.26031790 -0.18706507 -0.94722819
vn -0.26834342 -0.11500232 -0.95643415
vn -0.26834342 -0.11500232 -0.95643415
vn -0.26834342 -0.11500232 -0.95643415
vn -0.28695423 -0.13391379 -0.94853802
vn -0.28695423 -0.13391379 -0.94853802
vn -0.28695423 -0.13391379 -0.94853802
vn -0.33900459 -0.05405055 -0.93923076
vn -0.33900459 -0.05405055 -0.93923076
vn -0.33900459 -0.05405055 -0.93923076
vn -0.42454676 -0.01039885 -0.90534629
vn -0.42454676 -0.01039885 -0.90534629
vn -0.42454676 -0.01039885 -0.90534629
vn -0.40036014 0.01696147 -0.91620089
vn -0.40036014 0.01696147 -0.91620089
vn -0.40036014 0.01696147 -0.91620089
vn -0.43516793 0.68216022 -0.58761068
vn -0.43516793 0.68216022 -0.58761068
vn -0.43516793 0.68216022 -0.58761068
vn -0.44614742 0.76032578 -0.47207753
vn -0.44614742 0.76032578 -0.47207753
vn -0.44614742 0.76032578 -0.47207753
vn -0.30125881 0.72704886 -0.61696279
vn -0.30125881 0.72704886 -0.61696279
vn -0.30125881 0.72704886 -0.61696279
vn -0.30038264 0.78695341 -0.53895695
vn -0.30038264 0.78695341 -0.53895695
vn -0.30038264 0.78695341 -0.53895695
vn -0.15749947 0.67497516 -0.72083456
vn -0.15749947 0.67497516 -0.72083456
vn -0.15749947 0.67497516 -0.72083456
vn -0.11356391 0.62823882 -0.76968774
vn -0.11356391 0.62823882 -0.76968774
vn -0.11356391 0.62823882 -0.76968774
vn -0.19726487 0.76171928 -0.61714692
vn -0.19726487 0.76171928 -0.61714692
vn -0.19726487 0.76171928 -0.61714692
vn -0.10960193 0.66872316 -0.73538884
vn -0.10960193 0.66872316 -0.73538884
vn -0.10960193 0.66872316 -0.73538884
vn -0.34613490 0.56613956 0.74811539
vn -0.34613490 0.56613956 0.74811539
vn -0.34613490 0.56613956 0.74811539
vn -0.32204301 0.54924816 0.77111267
vn -0.32204301 0.54924816 0.77111267
vn -0.32204301 0.54924816 0.77111267
vn -0.26007832 0.52160644 0.81257984
vn -0.26007832 0.52160644 0.81257984
vn -0.26007832 0.52160644 0.81257984
vn -0.33894089 0.63332236 0.69571680
vn -0.33894089 0.63332236 0.69571680
vn -0.33894089 0.63332236 0.69571680
vn -0.16086183 0.69436793 0.70141047
vn -0.16086183 0.69436793 0.70141047
vn -0.16086183 0.69436793 0.70141047
vn -0.15300456 0.72735994 0.66898215
vn -0.15300456 0.72735994 0.66898215
vn -0.15300456 0.72735994 0.66898215
vn -0.12287462 0.82001024 0.55900361
vn -0.12287462 0.82001024 0.55900361
vn -0.12287462 0.82001024 0.55900361
vn -0.09225811 0.89190068 0.44272070
vn -0.09225811 0.89190068 0.44272070
vn -0.09225811 0.89190068 0.44272070
vn -0.20959993 0.84201871 0.49706374
vn -0.20959993 0.84201871 0.49706374
vn -0.20959993 0.84201871 0.49706374
vn -0.18976442 0.83624636 0.51447206
vn -0.18976442 0.83624636 0.51447206
vn -0.18976442 0.83624636 0.51447206
vn -0.14567593 0.88120484 0.44972942
vn -0.14567593 0.88120484 0.44972942
vn -0.14567593 0.88120484 0.44972942
vn -0.13568745 0.82908843 0.54240325
vn -0.13568745 0.82908843 0.54240325
vn -0.13568745 0.82908843 0.54240325
vn -0.17741468 0.90903820 0.37705913
vn -0.17741468 0.90903820 0.37705913
vn -0.17741468 0.90903820 0.37705913
vn -0.19288568 0.90978994 0.36752874
vn -0.19288568 0.90978994 0.36752874
vn -0.19288568 0.90978994 0.36752874
vn -0.20110824 0.93205748 0.30137073
vn -0.20110824 0.93205748 0.30137073
vn -0.20110824 0.93205748 0.30137073
vn -0.14376939 0.93104274 0.33539497
vn -0.14376939 0.93104274 0.33539497
vn -0.14376939 0.93104274 0.33539497
vn -0.11612537 0.93646558 0.33097903
vn -0.11612537 0.93646558 0.33097903
vn -0.11612537 0.93646558 0.33097903
vn -0.25478705 0.62636853 0.73671298
vn -0.25478705 0.62636853 0.73671298
vn -0.25478705 0.62636853 0.73671298
vn -0.21590146 0.59241399 0.77616508
vn -0.21590146 0.59241399 0.77616508
vn -0.21590146 0.59241399 0.77616508
vn -0.41863370 0.67394194 0.60872661
vn -0.41863370 0.67394194 0.60872661
vn -0.41863370 0.67394194 0.60872661
vn -0.40195495 0.66728041 0.62703195
vn -0.40195495 0.66728041 0.62703195
vn -0.40195495 0.66728041 0.62703195
vn -0.37157155 0.63800346 0.67445249
vn -0.37157155 0.63800346 0.67445249
vn -0.37157155 0.63800346 0.67445249
vn -0.34628740 0.69304455 0.63227707
vn -0.34628740 0.69304455 0.63227707
vn -0.34628740 0.69304455 0.63227707
vn -0.25438967 0.62229691 0.74029214
vn -0.25438967 0.62229691 0.74029214
vn -0.25438967 0.62229691 0.74029214
vn -0.22634434 0.62107519 0.75035581
vn -0.22634434 0.62107519 0.75035581
vn -0.22634434 0.62107519 0.75035581
vn 0.75061648 -0.27050908 -0.60282646
vn 0.75061648 -0.27050908 -0.60282646
vn 0.75061648 -0.27050908 -0.60282646
vn 0.71148206 -0.69283111 -0.11738116
vn 0.71148206 -0.69283111 -0.11738116
vn 0.71148206 -0.69283111 -0.11738116
vn 0.91829158 -0.28349547 -0.27635284
vn 0.91829158 -0.28349547 -0.27635284
vn 0.91829158 -0.28349547 -0.27635284
vn 0.78719146 -0.61042525 -0.08781013
vn 0.78719146 -0.61042525 -0.08781013
vn 0.78719146 -0.61042525 -0.08781013
vn 0.88339979 -0.15057652 -0.44376968
vn 0.88339979 -0.15057652 -0.44376968
vn 0.88339979 -0.15057652 -0.44376968
vn -0.59960773 -0.75339342 -0.26994244
vn -0.59960773 -0.75339342 -0.26994244
vn -0.59960773 -0.75339342 -0.26994244
vn 0.68041130 -0.33585433 -0.65133888
vn 0.68041130 -0.33585433 -0.65133888
vn 0.68041130 -0.33585433 -0.65133888
vn 0.91310236 -0.39409809 0.10455038
vn 0.91310236 -0.39409809 0.10455038
vn 0.91310236 -0.39409809 0.10455038
vn 0.80963686 -0.21623996 -0.54564497
vn 0.80963686 -0.21623996 -0.54564497
vn 0.80963686 -0.21623996 -0.54564497
vn 0.66470733 0.03354520 -0.74635038
vn 0.66470733 0.03354520 -0.74635038
vn 0.66470733 0.03354520 -0.74635038
vn 0.87315648 0.14904396 -0.46409445
vn 0.87315648 0.14904396 -0.46409445
vn 0.87315648 0.14904396 -0.46409445
vn 0.96640969 0.10893629 -0.23277714
vn 0.96640969 0.10893629 -0.23277714
vn 0.96640969 0.10893629 -0.23277714
vn 0.70712212 0.31710407 -0.63199946
vn 0.70712212 0.31710407 -0.63199946
vn 0.70712212 0.31710407 -0.63199946
vn 0.86391181 0.28536397 -0.41499855
vn 0.86391181 0.28536397 -0.41499855
vn 0.86391181 0.28536397 -0.41499855
vn 0.90177734 0.35162225 -0.25131540
vn 0.90177734 0.35162225 -0.25131540
vn 0.90177734 0.35162225 -0.25131540
vn 0.58473956 0.59690584 -0.54934785
vn 0.58473956 0.59690584 -0.54934785
vn 0.58473956 0.59690584 -0.54934785
vn -0.46602323 -0.71925022 -0.51526835
vn -0.46602323 -0.71925022 -0.51526835
vn -0.46602323 -0.71925022 -0.51526835
vn 0.27651182 -0.95967771 0.05059558
vn 0.27651182 -0.95967771 0.05059558
vn 0.27651182 -0.95967771 0.05059558
vn -0.15537645 -0.67612948 -0.72021322
vn -0.15537645 -0.67612948 -0.72021322
vn -0.15537645 -0.67612948 -0.72021322
vn 0.46152927 -0.87828688 -0.12491152
vn 0.46152927 -0.87828688 -0.12491152
vn 0.46152927 -0.87828688 -0.12491152
vn 0.51473485 -0.79126869 -0.33006348
vn 0.51473485 -0.79126869 -0.33006348
vn 0.51473485 -0.79126869 -0.33006348
vn 0.43098948 -0.74361671 -0.51115776
vn 0.43098948 -0.74361671 -0.51115776
vn 0.43098948 -0.74361671 -0.51115776
vn 0.49089860 -0.69195357 -0.52935700
vn 0.49089860 -0.69195357 -0.52935700
vn 0.49089860 -0.69195357 -0.52935700
vn 0.78997281 -0.49685968 -0.35926789
vn 0.78997281 -0.49685968 -0.35926789
vn 0.78997281 -0.49685968 -0.35926789
vn 0.97503491 0.21241132 -0.06471750
vn 0.97503491 0.21241132 -0.06471750
vn 0.97503491 0.21241132 -0.06471750
vn 0.17130539 -0.98474585 -0.03049710
vn 0.17130539 -0.98474585 -0.03049710
vn 0.17130539 -0.98474585 -0.03049710
vn 0.59950111 -0.65140882 -0.46504297
vn 0.59950111 -0.65140882 -0.46504297
vn 0.59950111 -0.65140882 -0.46504297
vn 0.19597419 -0.87677804 -0.43915189
vn 0.19597419 -0.87677804 -0.43915189
vn 0.19597419 -0.87677804 -0.43915189
vn 0.71104497 0.64639185 -0.27675374
vn 0.71104497 0.64639185 -0.27675374
vn 0.71104497 0.64639185 -0.27675374
vn 0.58414335 -0.52547446 -0.61858964
vn 0.58414335 -0.52547446 -0.61858964
vn 0.58414335 -0.52547446 -0.61858964
vn 0.93162490 -0.20086895 -0.30286417
vn 0.93162490 -0.20086895 -0.30286417
vn 0.93162490 -0.20086895 -0.30286417
vn 0.68234178 -0.49538474 -0.53759059
vn 0.68234178 -0.49538474 -0.53759059
vn 0.68234178 -0.49538474 -0.53759059
vn 0.76293871 -0.48409096 -0.42846291
vn 0.76293871 -0.48409096 -0.42846291
vn 0.76293871 -0.48409096 -0.42846291
vn 0.85833277 -0.47779714 -0.18701540
vn 0.85833277 -0.47779714 -0.18701540
vn 0.85833277 -0.47779714 -0.18701540
vn 0.21808788 0.87672913 -0.42870003
vn 0.21808788 0.87672913 -0.42870003
vn 0.21808788 0.87672913 -0.42870003
vn 0.41908015 0.72145564 -0.55124730
vn 0.41908015 0.72145564 -0.55124730
vn 0.41908015 0.72145564 -0.55124730
vn 0.60698261 0.79328465 -0.04766095
vn 0.60698261 0.79328465 -0.04766095
vn 0.60698261 0.79328465 -0.04766095
vn 0.21668792 0.78535005 -0.57988933
vn 0.21668792 0.78535005 -0.57988933
vn 0.21668792 0.78535005 -0.57988933
vn 0.25165991 0.84314879 -0.47514988
vn 0.25165991 0.84314879 -0.47514988
vn 0.25165991 0.84314879 -0.47514988
vn 0.25122358 0.74602633 -0.61671017
vn 0.25122358 0.74602633 -0.61671017
vn 0.25122358 0.74602633 -0.61671017
vn 0.15854790 0.76672837 -0.62208533
vn 0.15854790 0.76672837 -0.62208533
vn 0.15854790 0.76672837 -0.62208533
vn 0.17975373 0.83054512 -0.52714648
vn 0.17975373 0.83054512 -0.52714648
vn 0.17975373 0.83054512 -0.52714648
vn 0.27868618 0.83292842 -0.47808395
vn 0.27868618 0.83292842 -0.47808395
vn 0.27868618 0.83292842 -0.47808395
vn 0.20670299 0.68013258 -0.70334454
vn 0.20670299 0.68013258 -0.70334454
vn 0.20670299 0.68013258 -0.70334454
vn 0.24972921 0.78836474 -0.56224226
vn 0.24972921 0.78836474 -0.56224226
vn 0.24972921 0.78836474 -0.56224226
vn 0.20367762 0.59041127 -0.78098013
vn 0.20367762 0.59041127 -0.78098013
vn 0.20367762 0.59041127 -0.78098013
vn 0.27425694 0.80978230 -0.51868656
vn 0.27425694 0.80978230 -0.51868656
vn 0.27425694 0.80978230 -0.51868656
vn 0.23007758 0.70742975 -0.66828696
vn 0.23007758 0.70742975 -0.66828696
vn 0.23007758 0.70742975 -0.66828696
vn 0.17031684 0.54104321 -0.82356810
vn 0.17031684 0.54104321 -0.82356810
vn 0.17031684 0.54104321 -0.82356810
vn 0.03584176 0.87346927 -0.48555823
vn 0.03584176 0.87346927 -0.48555823
vn 0.03584176 0.87346927 -0.48555823
vn -0.32990663 0.79319556 -0.51186173
vn -0.32990663 0.79319556 -0.51186173
vn -0.32990663 0.79319556 -0.51186173
vn -0.20239945 0.38035899 -0.90241980
vn -0.20239945 0.38035899 -0.90241980
vn -0.20239945 0.38035899 -0.90241980
vn -0.30412133 0.85881273 -0.41225104
vn -0.30412133 0.85881273 -0.41225104
vn -0.30412133 0.85881273 -0.41225104
vn -0.02488874 0.99326710 -0.11314155
vn -0.02488874 0.99326710 -0.11314155
vn -0.02488874 0.99326710 -0.11314155
vn -0.21862787 0.86751969 -0.44677896
vn -0.21862787 0.86751969 -0.44677896
vn -0.21862787 0.86751969 -0.44677896
vn -0.13539276 0.73031827 -0.66955510
vn -0.13539276 0.73031827 -0.66955510
vn -0.13539276 0.73031827 -0.66955510
vn -0.05954841 0.45413393 -0.88894114
vn -0.05954841 0.45413393 -0.88894114
vn -0.05954841 0.45413393 -0.88894114
vn 0.11399700 0.85327141 -0.50885419
vn 0.11399700 0.85327141 -0.50885419
vn 0.11399700 0.85327141 -0.50885419
vn 0.12933697 0.70459586 -0.69772245
vn 0.12933697 0.70459586 -0.69772245
vn 0.12933697 0.70459586 -0.69772245
vn -0.27021193 0.21810078 -0.93777266
vn -0.27021193 0.21810078 -0.93777266
vn -0.27021193 0.21810078 -0.93777266
vn -0.33559373 0.40226491 -0.85179798
vn -0.33559373 0.40226491 -0.85179798
vn -0.33559373 0.40226491 -0.85179798
vn -0.34088255 0.40797198 -0.84696986
vn -0.34088255 0.40797198 -0.84696986
vn -0.34088255 0.40797198 -0.84696986
vn -0.53820040 0.65196664 -0.53411593
vn -0.53820040 0.65196664 -0.53411593
vn -0.53820040 0.65196664 -0.53411593
vn -0.84903549 0.44014874 -0.29224616
vn -0.84903549 0.44014874 -0.29224616
vn -0.84903549 0.44014874 -0.29224616
vn -0.14493090 0.11023801 -0.98328155
vn -0.13772449 0.10970861 -0.98437594
vn -0.14348007 0.11013186 -0.98350620
vn -0.74099609 0.49274612 -0.45620835
vn -0.74099609 0.49274612 -0.45620835
vn -0.74099609 0.49274612 -0.45620835
vn -0.35114086 0.11620693 -0.92908344
vn -0.35114086 0.11620693 -0.92908344
vn -0.35114086 0.11620693 -0.92908344
vn -0.90652718 0.23505751 -0.35065144
vn -0.90652718 0.23505751 -0.35065144
vn -0.90652718 0.23505751 -0.35065144
vn -0.75848951 0.18959267 -0.62349681
vn -0.75848951 0.18959267 -0.62349681
vn -0.75848951 0.18959267 -0.62349681
vn -0.32141521 0.16920877 -0.93169773
vn -0.32141521 0.16920877 -0.93169773
vn -0.32141521 0.16920877 -0.93169773
vn -0.29623559 0.49784950 -0.81510143
vn -0.29623559 0.49784950 -0.81510143
vn -0.29623559 0.49784950 -0.81510143
vn -0.50993119 0.81247025 -0.28259914
vn -0.50993119 0.81247025 -0.28259914
vn -0.50993119 0.81247025 -0.28259914
vn -0.34604011 0.44921172 -0.82368991
vn -0.34604011 0.44921172 -0.82368991
vn -0.34604011 0.44921172 -0.82368991
vn -0.42558086 0.85637155 -0.29241869
vn -0.42558086 0.85637155 -0.29241869
vn -0.42558086 0.85637155 -0.29241869
vn -0.70414976 0.26158510 -0.66011086
vn -0.70414976 0.26158510 -0.66011086
vn -0.70414976 0.26158510 -0.66011086
vn -0.86013612 0.28415883 -0.42357953
vn -0.86013612 0.28415883 -0.42357953
vn -0.86013612 0.28415883 -0.42357953
vn -0.51080411 0.85909835 -0.03208093
vn -0.51080411 0.85909835 -0.03208093
vn -0.51080411 0.85909835 -0.03208093
vn -0.93244462 0.23702451 -0.27270207
vn -0.93244462 0.23702451 -0.27270207
vn -0.93244462 0.23702451 -0.27270207
vn -0.43020925 0.81351903 -0.39128862
vn -0.43020925 0.81351903 -0.39128862
vn -0.43020925 0.81351903 -0.39128862
vn -0.59516487 0.57779758 -0.55850580
vn -0.59516487 0.57779758 -0.55850580
vn -0.59516487 0.57779758 -0.55850580
vn -0.27591156 0.22392759 -0.93473485
vn -0.27591156 0.22392759 -0.93473485
vn -0.27591156 0.22392759 -0.93473485
vn -0.64536661 0.46808992 -0.60365037
vn -0.64536661 0.46808992 -0.60365037
vn -0.64536661 0.46808992 -0.60365037
vn -0.73689950 0.58002707 -0.34719983
vn -0.73689950 0.58002707 -0.34719983
vn -0.73689950 0.58002707 -0.34719983
vn -0.20667008 0.28489109 -0.93601525
vn -0.20667008 0.28489109 -0.93601525
vn -0.20667008 0.28489109 -0.93601525
vn -0.43787406 0.26432931 -0.85929990
vn -0.43787406 0.26432931 -0.85929990
vn -0.43787406 0.26432931 -0.85929990
vn -0.60216099 0.35783872 -0.71369012
vn -0.60216099 0.35783872 -0.71369012
vn -0.60216099 0.35783872 -0.71369012
vn -0.74575651 0.31920484 -0.58476961
vn -0.74575651 0.31920484 -0.58476961
vn -0.74575651 0.31920484 -0.58476961
vn -0.45372764 0.17107240 -0.87456587
vn -0.45372764 0.17107240 -0.87456587
vn -0.45372764 0.17107240 -0.87456587
vn -0.52335687 0.76128122 -0.38281651
vn -0.52335687 0.76128122 -0.38281651
vn -0.52335687 0.76128122 -0.38281651
vn -0.28377250 0.28300646 -0.91617712
vn -0.28377250 0.28300646 -0.91617712
vn -0.28377250 0.28300646 -0.91617712
vn -0.22511307 0.38453199 -0.89524257
vn -0.22511307 0.38453199 -0.89524257
vn -0.22511307 0.38453199 -0.89524257
vn -0.59583142 0.79899551 -0.08118554
vn -0.59583142 0.79899551 -0.08118554
vn -0.59583142 0.79899551 -0.08118554
vn -0.64738503 0.71926186 -0.25210117
vn -0.64738503 0.71926186 -0.25210117
vn -0.64738503 0.71926186 -0.25210117
vn -0.23594558 0.23116977 -0.94386981
vn -0.23594558 0.23116977 -0.94386981
vn -0.23594558 0.23116977 -0.94386981
vn -0.29896969 0.48085260 -0.82425597
vn -0.29896969 0.48085260 -0.82425597
vn -0.29896969 0.48085260 -0.82425597
vn -0.58670216 0.56769881 -0.57749340
vn -0.58670216 0.56769881 -0.57749340
vn -0.58670216 0.56769881 -0.57749340
vn -0.13655384 0.10962211 -0.98454865
vn -0.82674419 0.36240346 -0.43029963
vn -0.82674419 0.36240346 -0.43029963
vn -0.82674419 0.36240346 -0.43029963
vn -0.65495891 0.56047086 -0.50685426
vn -0.65495891 0.56047086 -0.50685426
vn -0.65495891 0.56047086 -0.50685426
vn -0.65177121 0.55333330 -0.51866805
vn -0.65177121 0.55333330 -0.51866805
vn -0.65177121 0.55333330 -0.51866805
vn -0.35375086 0.20646561 -0.91226766
vn -0.35375086 0.20646561 -0.91226766
vn -0.35375086 0.20646561 -0.91226766
vn -0.97462084 -0.02193991 -0.22278434
vn -0.97462084 -0.02193991 -0.22278434
vn -0.97462084 -0.02193991 -0.22278434
vn -0.93725574 -0.18731428 -0.29404939
vn -0.93725574 -0.18731428 -0.29404939
vn -0.93725574 -0.18731428 -0.29404939
vn -0.69817489 -0.38870683 -0.60121445
vn -0.69817489 -0.38870683 -0.60121445
vn -0.69817489 -0.38870683 -0.60121445
vn -0.85217809 -0.33955931 -0.39811052
vn -0.85217809 -0.33955931 -0.39811052
vn -0.85217809 -0.33955931 -0.39811052
vn -0.93041605 -0.33151689 -0.15627711
vn -0.93041605 -0.33151689 -0.15627711
vn -0.93041605 -0.33151689 -0.15627711
vn -0.49167311 -0.15244202 -0.85733248
vn -0.49167311 -0.15244202 -0.85733248
vn -0.49167311 -0.15244202 -0.85733248
vn -0.93301645 0.02741906 -0.35878754
vn -0.93301645 0.02741906 -0.35878754
vn -0.93301645 0.02741906 -0.35878754
vn -0.71844387 0.05491271 -0.69341402
vn -0.71844387 0.05491271 -0.69341402
vn -0.71844387 0.05491271 -0.69341402
vn -0.40659766 0.01933524 -0.91340270
vn -0.40659766 0.01933524 -0.91340270
vn -0.40659766 0.01933524 -0.91340270
vn -0.83210269 -0.14514681 -0.53529199
vn -0.83210269 -0.14514681 -0.53529199
vn -0.83210269 -0.14514681 -0.53529199
vn -0.87622766 -0.15205975 -0.45727773
vn -0.87622766 -0.15205975 -0.45727773
vn -0.87622766 -0.15205975 -0.45727773
vn -0.97456929 0.11552707 0.19201094
vn -0.97456929 0.11552707 0.19201094
vn -0.97456929 0.11552707 0.19201094
vn -0.76771662 -0.43274665 -0.47259023
vn -0.76771662 -0.43274665 -0.47259023
vn -0.76771662 -0.43274665 -0.47259023
vn -0.81316049 -0.45491965 -0.36306766
vn -0.81316049 -0.45491965 -0.36306766
vn -0.81316049 -0.45491965 -0.36306766
vn -0.84668921 -0.51664896 -0.12724480
vn -0.84668921 -0.51664896 -0.12724480
vn -0.84668921 -0.51664896 -0.12724480
vn -0.20698319 -0.09566676 -0.97365591
vn -0.20698319 -0.09566676 -0.97365591
vn -0.20698319 -0.09566676 -0.97365591
vn -0.81908888 -0.45952709 -0.34340686
vn -0.81908888 -0.45952709 -0.34340686
vn -0.81908888 -0.45952709 -0.34340686
vn -0.78296486 -0.46796737 -0.40984457
vn -0.78296486 -0.46796737 -0.40984457
vn -0.78296486 -0.46796737 -0.40984457
vn -0.83710559 -0.39157286 -0.38200122
vn -0.83710559 -0.39157286 -0.38200122
vn -0.83710559 -0.39157286 -0.38200122
vn -0.57947381 -0.57030818 -0.58220159
vn -0.57947381 -0.57030818 -0.58220159
vn -0.57947381 -0.57030818 -0.58220159
vn -0.75713551 -0.64693111 -0.09069707
vn -0.75713551 -0.64693111 -0.09069707
vn -0.75713551 -0.64693111 -0.09069707
vn -0.75821861 -0.53724104 -0.36942740
vn -0.75821861 -0.53724104 -0.36942740
vn -0.75821861 -0.53724104 -0.36942740
vn -0.74051137 -0.47551085 -0.47490246
vn -0.74051137 -0.47551085 -0.47490246
vn -0.74051137 -0.47551085 -0.47490246
vn -0.81622788 -0.44752080 -0.36537265
vn -0.81622788 -0.44752080 -0.36537265
vn -0.81622788 -0.44752080 -0.36537265
vn -0.78720079 -0.41803020 -0.45339350
vn -0.78720079 -0.41803020 -0.45339350
vn -0.78720079 -0.41803020 -0.45339350
vn -0.89032290 -0.42577283 -0.16137731
vn -0.89032290 -0.42577283 -0.16137731
vn -0.89032290 -0.42577283 -0.16137731
vn -0.68292807 -0.60583115 -0.40813953
vn -0.68292807 -0.60583115 -0.40813953
vn -0.68292807 -0.60583115 -0.40813953
vn -0.70090676 0.49680450 0.51177632
vn -0.70090676 0.49680450 0.51177632
vn -0.70090676 0.49680450 0.51177632
vn -0.27665769 -0.96096681 -0.00181805
vn -0.27665769 -0.96096681 -0.00181805
vn -0.27665769 -0.96096681 -0.00181805
vn -0.76457062 0.33612642 0.54995526
vn -0.76457062 0.33612642 0.54995526
vn -0.76457062 0.33612642 0.54995526
vn -0.78577332 -0.56203754 0.25821326
vn -0.78577332 -0.56203754 0.25821326
vn -0.78577332 -0.56203754 0.25821326
vn -0.66276634 0.52259827 0.53631317
vn -0.66276634 0.52259827 0.53631317
vn -0.66276634 0.52259827 0.53631317
vn -0.74767638 0.30933968 0.58761296
vn -0.74767638 0.30933968 0.58761296
vn -0.74767638 0.30933968 0.58761296
vn -0.81882046 -0.56845363 0.07995950
vn -0.81882046 -0.56845363 0.07995950
vn -0.81882046 -0.56845363 0.07995950
vn -0.55357322 0.63987216 0.53302937
vn -0.55357322 0.63987216 0.53302937
vn -0.55357322 0.63987216 0.53302937
vn -0.81538343 -0.52907684 0.23500543
vn -0.81538343 -0.52907684 0.23500543
vn -0.81538343 -0.52907684 0.23500543
vn -0.82978588 -0.53092682 0.17196542
vn -0.82978588 -0.53092682 0.17196542
vn -0.82978588 -0.53092682 0.17196542
vn -0.42886937 0.26460533 0.86374480
vn -0.42886937 0.26460533 0.86374480
vn -0.42886937 0.26460533 0.86374480
vn -0.96517948 -0.15713385 0.20913519
vn -0.96517948 -0.15713385 0.20913519
vn -0.96517948 -0.15713385 0.20913519
vn -0.96204549 -0.20813723 0.17648616
vn -0.96204549 -0.20813723 0.17648616
vn -0.96204549 -0.20813723 0.17648616
vn -0.46851902 0.58754826 0.65975524
vn -0.46851902 0.58754826 0.65975524
vn -0.46851902 0.58754826 0.65975524
vn -0.94215452 0.04068297 0.33270069
vn -0.94215452 0.04068297 0.33270069
vn -0.94215452 0.04068297 0.33270069
vn -0.46482590 0.55385484 0.69078340
vn -0.46482590 0.55385484 0.69078340
vn -0.46482590 0.55385484 0.69078340
vn -0.38950455 0.32373669 0.86225330
vn -0.38950455 0.32373669 0.86225330
vn -0.38950455 0.32373669 0.86225330
vn -0.85845951 -0.48746150 0.15946332
vn -0.85845951 -0.48746150 0.15946332
vn -0.85845951 -0.48746150 0.15946332
vn -0.86018269 -0.47396159 0.18827151
vn -0.86018269 -0.47396159 0.18827151
vn -0.86018269 -0.47396159 0.18827151
vn -0.96997745 -0.07925332 0.22991880
vn -0.96997745 -0.07925332 0.22991880
vn -0.96997745 -0.07925332 0.22991880
vn -0.42101728 0.56273865 0.71138574
vn -0.42101728 0.56273865 0.71138574
vn -0.42101728 0.56273865 0.71138574
vn -0.36690244 0.39795109 0.84084334
vn -0.36690244 0.39795109 0.84084334
vn -0.36690244 0.39795109 0.84084334
vn -0.95863354 -0.16514555 0.23183763
vn -0.95863354 -0.16514555 0.23183763
vn -0.95863354 -0.16514555 0.23183763
vn -0.96098623 -0.01525556 0.27617519
vn -0.96098623 -0.01525556 0.27617519
vn -0.96098623 -0.01525556 0.27617519
vn -0.89392668 -0.42310802 0.14790094
vn -0.89392668 -0.42310802 0.14790094
vn -0.89392668 -0.42310802 0.14790094
vn -0.90107267 -0.39378597 0.18166079
vn -0.90107267 -0.39378597 0.18166079
vn -0.90107267 -0.39378597 0.18166079
vn -0.95675779 -0.10672753 0.27059889
vn -0.95675779 -0.10672753 0.27059889
vn -0.95675779 -0.10672753 0.27059889
vn -0.94523759 0.07467379 0.31772586
vn -0.94523759 0.07467379 0.31772586
vn -0.94523759 0.07467379 0.31772586
vn -0.90045816 0.20502520 0.38358803
vn -0.90045816 0.20502520 0.38358803
vn -0.90045816 0.20502520 0.38358803
vn -0.93862877 -0.30601308 0.15916036
vn -0.93862877 -0.30601308 0.15916036
vn -0.93862877 -0.30601308 0.15916036
vn -0.93496161 -0.32462527 0.14305671
vn -0.93496161 -0.32462527 0.14305671
vn -0.93496161 -0.32462527 0.14305671
vn -0.90898250 0.09605704 0.40561541
vn -0.90898250 0.09605704 0.40561541
vn -0.90898250 0.09605704 0.40561541
vn -0.89302759 0.19656318 0.40480199
vn -0.89302759 0.19656318 0.40480199
vn -0.89302759 0.19656318 0.40480199
vn -0.84401386 0.33354312 0.41998761
vn -0.84401386 0.33354312 0.41998761
vn -0.84401386 0.33354312 0.41998761
vn -0.86863486 0.21299997 0.44733040
vn -0.86863486 0.21299997 0.44733040
vn -0.86863486 0.21299997 0.44733040
vn -0.52773405 0.68360024 0.50417009
vn -0.52773405 0.68360024 0.50417009
vn -0.52773405 0.68360024 0.50417009
vn -0.80076189 0.39736305 0.44819973
vn -0.80076189 0.39736305 0.44819973
vn -0.80076189 0.39736305 0.44819973
vn -0.62588403 0.66514397 0.40725015
vn -0.62588403 0.66514397 0.40725015
vn -0.62588403 0.66514397 0.40725015
vn -0.94531963 -0.06895298 0.31877310
vn -0.94531963 -0.06895298 0.31877310
vn -0.94531963 -0.06895298 0.31877310
vn -0.83775308 0.27022505 0.47449785
vn -0.83775308 0.27022505 0.47449785
vn -0.83775308 0.27022505 0.47449785
vn -0.95602158 -0.24069214 0.16760084
vn -0.95602158 -0.24069214 0.16760084
vn -0.95602158 -0.24069214 0.16760084
vn -0.45066386 0.65689604 0.60447471
vn -0.45066386 0.65689604 0.60447471
vn -0.45066386 0.65689604 0.60447471
vn -0.75299019 0.44010015 0.48920102
vn -0.75299019 0.44010015 0.48920102
vn -0.75299019 0.44010015 0.48920102
vn -0.65594833 0.63503923 0.40799138
vn -0.65594833 0.63503923 0.40799138
vn -0.65594833 0.63503923 0.40799138
vn -0.95450304 -0.24488325 0.17016502
vn -0.95450304 -0.24488325 0.17016502
vn -0.95450304 -0.24488325 0.17016502
vn -0.79911719 0.32683644 0.50456878
vn -0.79911719 0.32683644 0.50456878
vn -0.79911719 0.32683644 0.50456878
vn -0.20896731 0.73243315 0.64797712
vn -0.20896731 0.73243315 0.64797712
vn -0.20896731 0.73243315 0.64797712
vn -0.49967419 0.71765591 0.48507288
vn -0.49967419 0.71765591 0.48507288
vn -0.49967419 0.71765591 0.48507288
vn -0.38991717 0.75025542 0.53393015
vn -0.38897491 0.75144827 0.53293904
vn -0.38978689 0.75042059 0.53379314
vn -0.43268395 0.72124904 0.54091073
vn -0.43268395 0.72124904 0.54091073
vn -0.43268395 0.72124904 0.54091073
vn -0.37252610 0.67238302 0.63962910
vn -0.37252610 0.67238302 0.63962910
vn -0.37252610 0.67238302 0.63962910
vn -0.39080156 0.74913211 0.53486001
vn -0.28633512 0.76587750 0.57571161
vn -0.28633512 0.76587750 0.57571161
vn -0.28633512 0.76587750 0.57571161
vn -0.29934004 0.68955982 0.65947160
vn -0.29934004 0.68955982 0.65947160
vn -0.29934004 0.68955982 0.65947160
vn -0.27870343 0.73212890 0.62153975
vn -0.27870343 0.73212890 0.62153975
vn -0.27870343 0.73212890 0.62153975
vn -0.24736160 0.71884188 0.64967576
vn -0.24736160 0.71884188 0.64967576
vn -0.24736160 0.71884188 0.64967576
vn -0.22745601 0.77922812 0.58400967
vn -0.22745601 0.77922812 0.58400967
vn -0.22745601 0.77922812 0.58400967
vn -0.22024961 0.77869190 0.58747684
vn -0.22024961 0.77869190 0.58747684
vn -0.22024961 0.77869190 0.58747684
vn -0.43552660 0.75806675 0.48543938
vn -0.43552660 0.75806675 0.48543938
vn -0.43552660 0.75806675 0.48543938
vn -0.37909435 0.82459031 0.41992653
vn -0.37909435 0.82459031 0.41992653
vn -0.37909435 0.82459031 0.41992653
vn -0.35881643 0.83354722 0.42005927
vn -0.35881643 0.83354722 0.42005927
vn -0.35881643 0.83354722 0.42005927
vn -0.37671361 0.80569739 0.45709799
vn -0.37671361 0.80569739 0.45709799
vn -0.37671361 0.80569739 0.45709799
vn -0.29153336 0.82120651 0.49053866
vn -0.29153336 0.82120651 0.49053866
vn -0.29153336 0.82120651 0.49053866
vn -0.35040600 0.80444598 0.47966894
vn -0.35040600 0.80444598 0.47966894
vn -0.35040600 0.80444598 0.47966894
vn -0.26628146 0.85299752 0.44887571
vn -0.26628146 0.85299752 0.44887571
vn -0.26628146 0.85299752 0.44887571
vn -0.21290707 0.85886346 0.46585849
vn -0.21290707 0.85886346 0.46585849
vn -0.21290707 0.85886346 0.46585849
vn -0.35723182 0.85241586 0.38180182
vn -0.35723182 0.85241586 0.38180182
vn -0.35723182 0.85241586 0.38180182
vn -0.29505803 0.82513779 0.48175552
vn -0.29505803 0.82513779 0.48175552
vn -0.29505803 0.82513779 0.48175552
vn -0.24220416 0.86942998 0.43061428
vn -0.24220416 0.86942998 0.43061428
vn -0.24220416 0.86942998 0.43061428
vn -0.28027154 0.90646195 0.31587117
vn -0.28027154 0.90646195 0.31587117
vn -0.28027154 0.90646195 0.31587117
vn -0.29063985 0.88799751 0.35635501
vn -0.29063985 0.88799751 0.35635501
vn -0.29063985 0.88799751 0.35635501
vn -0.25443156 0.93189827 0.25851537
vn -0.25443156 0.93189827 0.25851537
vn -0.25443156 0.93189827 0.25851537
vn -0.15446905 0.96349482 0.21867110
vn -0.15446905 0.96349482 0.21867110
vn -0.15446905 0.96349482 0.21867110
vn -0.48832286 0.14013944 -0.86133717
vn -0.49244043 0.14189502 -0.85870147
vn -0.48817507 0.14007646 -0.86143118
vn -0.22832812 -0.50929978 -0.82974695
vn -0.22832812 -0.50929978 -0.82974695
vn -0.22832812 -0.50929978 -0.82974695
vn -0.30816857 0.13123874 -0.94223592
vn -0.30816857 0.13123874 -0.94223592
vn -0.30816857 0.13123874 -0.94223592
vn -0.30314275 0.11098721 -0.94645988
vn -0.30314275 0.11098721 -0.94645988
vn -0.30314275 0.11098721 -0.94645988
vn -0.14457516 0.06921777 -0.98706987
vn -0.14457516 0.06921777 -0.98706987
vn -0.14457516 0.06921777 -0.98706987
vn -0.18189750 -0.31449234 -0.93166940
vn -0.18189750 -0.31449234 -0.93166940
vn -0.18189750 -0.31449234 -0.93166940
vn -0.14567260 0.10461084 -0.98378660
vn -0.14567260 0.10461084 -0.98378660
vn -0.14567260 0.10461084 -0.98378660
vn -0.40900373 0.23217977 -0.88250127
vn -0.40903779 0.23218802 -0.88248332
vn -0.40881351 0.23213369 -0.88260153
vn -0.37918538 -0.43725795 -0.81548999
vn -0.37918538 -0.43725795 -0.81548999
vn -0.37918538 -0.43725795 -0.81548999
vn -0.44452793 -0.44859226 -0.77534502
vn -0.44452793 -0.44859226 -0.77534502
vn -0.44452793 -0.44859226 -0.77534502
vn -0.41659712 0.20085653 -0.88662478
vn -0.41659712 0.20085653 -0.88662478
vn -0.41659712 0.20085653 -0.88662478
vn -0.41185556 0.36664469 -0.83423418
vn -0.41185556 0.36664469 -0.83423418
vn -0.41185556 0.36664469 -0.83423418
vn -0.48064994 -0.38747188 -0.78666459
vn -0.48064994 -0.38747188 -0.78666459
vn -0.48064994 -0.38747188 -0.78666459
vn -0.27229246 -0.14155991 -0.95174451
vn -0.27229246 -0.14155991 -0.95174451
vn -0.27229246 -0.14155991 -0.95174451
vn -0.35425018 -0.16698149 -0.92012173
vn -0.35425018 -0.16698149 -0.92012173
vn -0.35425018 -0.16698149 -0.92012173
vn -0.55302838 -0.21476946 -0.80500540
vn -0.55302838 -0.21476946 -0.80500540
vn -0.55302838 -0.21476946 -0.80500540
vn -0.43359879 0.32495144 -0.84047525
vn -0.43359879 0.32495144 -0.84047525
vn -0.43359879 0.32495144 -0.84047525
vn -0.50875330 -0.14796044 -0.84810246
vn -0.50875330 -0.14796044 -0.84810246
vn -0.50875330 -0.14796044 -0.84810246
vn -0.52768581 -0.12552963 -0.84011308
vn -0.52768581 -0.12552963 -0.84011308
vn -0.52768581 -0.12552963 -0.84011308
vn -0.56866643 -0.15157076 -0.80848302
vn -0.56972625 -0.15060572 -0.80791702
vn -0.57116992 -0.14928859 -0.80714177
vn -0.59683297 -0.08941696 -0.79736755
vn -0.59683297 -0.08941696 -0.79736755
vn -0.59683297 -0.08941696 -0.79736755
vn 0.06243894 -0.05760170 -0.99638518
vn 0.06243894 -0.05760170 -0.99638518
vn 0.06243894 -0.05760170 -0.99638518
vn -0.32147110 0.00071035 -0.94691913
vn -0.32147110 0.00071035 -0.94691913
vn -0.32147110 0.00071035 -0.94691913
vn -0.64056379 0.06595610 -0.76506720
vn -0.64056379 0.06595610 -0.76506720
vn -0.64056379 0.06595610 -0.76506720
vn -0.68296635 0.14791375 -0.71531706
vn -0.68296635 0.14791375 -0.71531706
vn -0.68296635 0.14791375 -0.71531706
vn -0.49283695 0.14206418 -0.85844598
vn -0.09935410 0.07335738 -0.99234442
vn -0.09935410 0.07335738 -0.99234442
vn -0.09935410 0.07335738 -0.99234442
vn -0.49183842 0.18873295 -0.84998520
vn -0.49183842 0.18873295 -0.84998520
vn -0.49183842 0.18873295 -0.84998520
vn 0.02548682 -0.07612934 -0.99677216
vn 0.02548682 -0.07612934 -0.99677216
vn 0.02548682 -0.07612934 -0.99677216
vn -0.11418449 0.06259461 -0.99148566
vn -0.11418449 0.06259461 -0.99148566
vn -0.11418449 0.06259461 -0.99148566
vn -0.15170076 0.08936454 -0.98437841
vn -0.15170076 0.08936454 -0.98437841
vn -0.15170076 0.08936454 -0.98437841
vn -0.13228003 0.06683653 -0.98895646
vn -0.13228003 0.06683653 -0.98895646
vn -0.13228003 0.06683653 -0.98895646
vn -0.41960017 0.18724026 -0.88818736
vn -0.41960017 0.18724026 -0.88818736
vn -0.41960017 0.18724026 -0.88818736
vn -0.11181777 0.12021373 -0.98643066
vn -0.11181777 0.12021373 -0.98643066
vn -0.11181777 0.12021373 -0.98643066
vn -0.40877961 0.23212548 -0.88261939
vn -0.26269006 0.16733185 -0.95025996
vn -0.26269006 0.16733185 -0.95025996
vn -0.26269006 0.16733185 -0.95025996
vn -0.38145065 0.45546198 -0.80439405
vn -0.38145065 0.45546198 -0.80439405
vn -0.38145065 0.45546198 -0.80439405
vn -0.11897604 0.06928400 -0.99047687
vn -0.11897604 0.06928400 -0.99047687
vn -0.11897604 0.06928400 -0.99047687
vn -0.06017579 0.05577267 -0.99662846
vn -0.06017579 0.05577267 -0.99662846
vn -0.06017579 0.05577267 -0.99662846
vn -0.21323403 0.12643429 -0.96878564
vn -0.21323403 0.12643429 -0.96878564
vn -0.21323403 0.12643429 -0.96878564
vn -0.42047360 0.42975974 -0.79906728
vn -0.42047360 0.42975974 -0.79906728
vn -0.42047360 0.42975974 -0.79906728
vn -0.13678893 0.15526613 -0.97835639
vn -0.13678893 0.15526613 -0.97835639
vn -0.13678893 0.15526613 -0.97835639
vn -0.38607145 0.40045323 -0.83101507
vn -0.38607145 0.40045323 -0.83101507
vn -0.38607145 0.40045323 -0.83101507
vn -0.31349688 0.53725690 -0.78299088
vn -0.31349688 0.53725690 -0.78299088
vn -0.31349688 0.53725690 -0.78299088
vn -0.21987959 0.43202026 -0.87464934
vn -0.21987959 0.43202026 -0.87464934
vn -0.21987959 0.43202026 -0.87464934
vn -0.18438333 0.45139729 -0.87306545
vn -0.18438333 0.45139729 -0.87306545
vn -0.18438333 0.45139729 -0.87306545
vn -0.21280952 0.63001623 -0.74685451
vn -0.21280952 0.63001623 -0.74685451
vn -0.21280952 0.63001623 -0.74685451
vn -0.36282090 0.46270828 -0.80886466
vn -0.36282090 0.46270828 -0.80886466
vn -0.36282090 0.46270828 -0.80886466
vn -0.12642236 0.14654474 -0.98109226
vn -0.12642236 0.14654474 -0.98109226
vn -0.12642236 0.14654474 -0.98109226
vn -0.01068221 0.50342951 -0.86397027
vn -0.01068221 0.50342951 -0.86397027
vn -0.01068221 0.50342951 -0.86397027
vn -0.02761923 0.23872193 -0.97069512
vn -0.02761923 0.23872193 -0.97069512
vn -0.02761923 0.23872193 -0.97069512
vn 0.03735687 0.42347997 -0.90513490
vn 0.03735687 0.42347997 -0.90513490
vn 0.03735687 0.42347997 -0.90513490
vn -0.34541307 0.60929743 -0.71375518
vn -0.34541307 0.60929743 -0.71375518
vn -0.34541307 0.60929743 -0.71375518
vn 0.05768502 0.44847970 -0.89192959
vn 0.05768502 0.44847970 -0.89192959
vn 0.05768502 0.44847970 -0.89192959
vn 0.11763335 0.66314336 -0.73919097
vn 0.11763335 0.66314336 -0.73919097
vn 0.11763335 0.66314336 -0.73919097
vn 0.13607161 0.48573571 -0.86344967
vn 0.13687901 0.48924959 -0.86133558
vn 0.13701443 0.48983914 -0.86097890
vn -0.34320521 0.44698836 -0.82608207
vn -0.34320521 0.44698836 -0.82608207
vn -0.34320521 0.44698836 -0.82608207
vn 0.12957401 0.29642271 -0.94622627
vn 0.12957401 0.29642271 -0.94622627
vn 0.12957401 0.29642271 -0.94622627
vn 0.13960188 0.23800923 -0.96117788
vn 0.13960188 0.23800923 -0.96117788
vn 0.13960188 0.23800923 -0.96117788
vn 0.07095369 0.12690764 -0.98937355
vn 0.07085801 0.12683706 -0.98938946
vn 0.07087602 0.12685035 -0.98938647
vn 0.07082208 0.12440207 -0.98970115
vn 0.07082208 0.12440207 -0.98970115
vn 0.07082208 0.12440207 -0.98970115
vn 0.07562710 0.11998233 -0.98989130
vn 0.07562710 0.11998233 -0.98989130
vn 0.07562710 0.11998233 -0.98989130
vn -0.27126031 0.40417748 -0.87353214
vn -0.27126031 0.40417748 -0.87353214
vn -0.27126031 0.40417748 -0.87353214
vn 0.06850232 0.10894771 -0.99168434
vn 0.07437537 0.11343677 -0.99075749
vn 0.07355288 0.11280829 -0.99089064
vn 0.06700183 0.09973903 -0.99275520
vn 0.06700183 0.09973903 -0.99275520
vn 0.06700183 0.09973903 -0.99275520
vn 0.08282982 0.19367319 -0.97756325
vn 0.08282982 0.19367319 -0.97756325
vn 0.08282982 0.19367319 -0.97756325
vn 0.36283580 0.43909593 -0.82191541
vn 0.36283580 0.43909593 -0.82191541
vn 0.36283580 0.43909593 -0.82191541
vn 0.38994475 0.40902797 -0.82500861
vn 0.38994475 0.40902797 -0.82500861
vn 0.38994475 0.40902797 -0.82500861
vn 0.33872451 0.37024822 -0.86497512
vn 0.33872451 0.37024822 -0.86497512
vn 0.33872451 0.37024822 -0.86497512
vn 0.12048223 0.20433748 -0.97145778
vn 0.12048223 0.20433748 -0.97145778
vn 0.12048223 0.20433748 -0.97145778
vn -0.22256039 0.43819010 -0.87089397
vn -0.22256039 0.43819010 -0.87089397
vn -0.22256039 0.43819010 -0.87089397
vn -0.15908432 0.40178815 -0.90180844
vn -0.15908432 0.40178815 -0.90180844
vn -0.15908432 0.40178815 -0.90180844
vn -0.12590908 0.52332175 -0.84278185
vn -0.12590908 0.52332175 -0.84278185
vn -0.12590908 0.52332175 -0.84278185
vn -0.12235682 0.50294872 -0.85561171
vn -0.12235682 0.50294872 -0.85561171
vn -0.12235682 0.50294872 -0.85561171
vn -0.26853697 -0.48681591 -0.83120284
vn -0.26853697 -0.48681591 -0.83120284
vn -0.26853697 -0.48681591 -0.83120284
vn -0.30765577 -0.45435597 -0.83600752
vn -0.30765577 -0.45435597 -0.83600752
vn -0.30765577 -0.45435597 -0.83600752
vn -0.33082875 -0.49461535 -0.80368401
vn -0.33082875 -0.49461535 -0.80368401
vn -0.33082875 -0.49461535 -0.80368401
vn -0.30853775 -0.43232778 -0.84728812
vn -0.30853775 -0.43232778 -0.84728812
vn -0.30853775 -0.43232778 -0.84728812
vn -0.03865846 0.19136064 -0.98075819
vn -0.03865846 0.19136064 -0.98075819
vn -0.03865846 0.19136064 -0.98075819
vn -0.06139092 0.50624483 -0.86020191
vn -0.06139092 0.50624483 -0.86020191
vn -0.06139092 0.50624483 -0.86020191
vn -0.37163834 -0.49882118 -0.78298300
vn -0.37163834 -0.49882118 -0.78298300
vn -0.37163834 -0.49882118 -0.78298300
vn -0.09273963 0.20395985 -0.97457670
vn -0.09273963 0.20395985 -0.97457670
vn -0.09273963 0.20395985 -0.97457670
vn -0.30896152 -0.39736915 -0.86408364
vn -0.30896152 -0.39736915 -0.86408364
vn -0.30896152 -0.39736915 -0.86408364
vn -0.03602991 0.55964735 -0.82794727
vn -0.03602991 0.55964735 -0.82794727
vn -0.03602991 0.55964735 -0.82794727
vn 0.03811128 0.26347711 -0.96391252
vn 0.03811128 0.26347711 -0.96391252
vn 0.03811128 0.26347711 -0.96391252
vn -0.36981185 -0.41593071 -0.83080734
vn -0.36981185 -0.41593071 -0.83080734
vn -0.36981185 -0.41593071 -0.83080734
vn 0.02434228 0.50949773 -0.86012762
vn 0.02434228 0.50949773 -0.86012762
vn 0.02434228 0.50949773 -0.86012762
vn -0.34771517 -0.33625814 -0.87522833
vn -0.34771517 -0.33625814 -0.87522833
vn -0.34771517 -0.33625814 -0.87522833
vn -0.26411501 -0.13679577 -0.95474090
vn -0.26411501 -0.13679577 -0.95474090
vn -0.26411501 -0.13679577 -0.95474090
vn -0.14441649 -0.15246147 -0.97770107
vn -0.14441649 -0.15246147 -0.97770107
vn -0.14441649 -0.15246147 -0.97770107
vn 0.05765455 0.43986149 -0.89621305
vn 0.05765455 0.43986149 -0.89621305
vn 0.05765455 0.43986149 -0.89621305
vn -0.29252855 -0.13591945 -0.94654791
vn -0.29252855 -0.13591945 -0.94654791
vn -0.29252855 -0.13591945 -0.94654791
vn -0.26436084 -0.17332921 -0.94872037
vn -0.25551583 -0.16695167 -0.95228084
vn -0.25529500 -0.16679247 -0.95236796
vn -0.26471343 -0.17358349 -0.94857555
vn 0.13602710 0.48554205 -0.86356560
vn 0.49518656 -0.05934747 -0.86675726
vn 0.49518656 -0.05934747 -0.86675726
vn 0.49518656 -0.05934747 -0.86675726
vn -0.44223378 -0.25818333 -0.85893577
vn -0.44223378 -0.25818333 -0.85893577
vn -0.44223378 -0.25818333 -0.85893577
vn 0.26949143 0.67111812 -0.69063365
vn 0.26949143 0.67111812 -0.69063365
vn 0.26949143 0.67111812 -0.69063365
vn 0.05409741 0.13278694 -0.98966717
vn 0.05409741 0.13278694 -0.98966717
vn 0.05409741 0.13278694 -0.98966717
vn -0.50165052 -0.22392674 -0.83558576
vn -0.50165052 -0.22392674 -0.83558576
vn -0.50165052 -0.22392674 -0.83558576
vn 0.06868110 0.16655514 -0.98363728
vn 0.06868110 0.16655514 -0.98363728
vn 0.06868110 0.16655514 -0.98363728
vn 0.07097136 0.12692068 -0.98937061
vn 0.07594340 0.12811267 -0.98884769
vn 0.07594340 0.12811267 -0.98884769
vn 0.07594340 0.12811267 -0.98884769
vn 0.07427862 0.11895339 -0.99011756
vn 0.07427862 0.11895339 -0.99011756
vn 0.07427862 0.11895339 -0.99011756
vn 0.06767682 0.10831648 -0.99181016
vn 0.08049859 0.10890304 -0.99078762
vn 0.08049859 0.10890304 -0.99078762
vn 0.08049859 0.10890304 -0.99078762
vn 0.39742606 0.39774252 -0.82695430
vn 0.39742606 0.39774252 -0.82695430
vn 0.39742606 0.39774252 -0.82695430
vn -0.35556579 -0.15403750 -0.92187061
vn -0.35556579 -0.15403750 -0.92187061
vn -0.35556579 -0.15403750 -0.92187061
vn 0.30880063 0.36111355 -0.87990862
vn 0.30880063 0.36111355 -0.87990862
vn 0.30880063 0.36111355 -0.87990862
vn -0.58149112 -0.16419218 -0.79681177
vn -0.58149112 -0.16419218 -0.79681177
vn -0.58149112 -0.16419218 -0.79681177
vn 0.38725181 0.39911807 -0.83110818
vn 0.38725181 0.39911807 -0.83110818
vn 0.38725181 0.39911807 -0.83110818
vn -0.57224020 -0.14831021 -0.80656385
vn 0.34429822 0.27220796 -0.89853300
vn 0.34429822 0.27220796 -0.89853300
vn 0.34429822 0.27220796 -0.89853300
vn -0.30890550 0.00263010 -0.95108910
vn -0.30890550 0.00263010 -0.95108910
vn -0.30890550 0.00263010 -0.95108910
vn 0.39827498 0.35490650 -0.84582411
vn 0.39827498 0.35490650 -0.84582411
vn 0.39827498 0.35490650 -0.84582411
vn -0.26844813 -0.06819494 -0.96087723
vn -0.26844813 -0.06819494 -0.96087723
vn -0.26844813 -0.06819494 -0.96087723
vn 0.52037865 0.40211004 -0.75333497
vn 0.52037865 0.40211004 -0.75333497
vn 0.52037865 0.40211004 -0.75333497
vn 0.43935316 0.48037077 -0.75908677
vn 0.43935316 0.48037077 -0.75908677
vn 0.43935316 0.48037077 -0.75908677
vn 0.34694321 0.29166428 -0.89138227
vn 0.34694321 0.29166428 -0.89138227
vn 0.34694321 0.29166428 -0.89138227
vn -0.39877462 -0.01679788 -0.91689511
vn -0.39877462 -0.01679788 -0.91689511
vn -0.39877462 -0.01679788 -0.91689511
vn -0.39427863 -0.02020498 -0.91876881
vn -0.39427863 -0.02020498 -0.91876881
vn -0.39427863 -0.02020498 -0.91876881
vn -0.48942391 -0.03376291 -0.87139216
vn -0.48942391 -0.03376291 -0.87139216
vn -0.48942391 -0.03376291 -0.87139216
vn -0.48598451 0.01296916 -0.87387119
vn -0.48598451 0.01296916 -0.87387119
vn -0.48598451 0.01296916 -0.87387119
vn -0.31847400 0.01179120 -0.94785826
vn -0.31847400 0.01179120 -0.94785826
vn -0.31847400 0.01179120 -0.94785826
vn -0.47986420 0.08767528 -0.87295097
vn -0.47986420 0.08767528 -0.87295097
vn -0.47986420 0.08767528 -0.87295097
vn -0.00076717 0.46424393 -0.88570706
vn -0.00076717 0.46424393 -0.88570706
vn -0.00076717 0.46424393 -0.88570706
vn 0.32280317 0.25349629 -0.91188691
vn 0.32280317 0.25349629 -0.91188691
vn 0.32280317 0.25349629 -0.91188691
vn 0.33872911 0.18750780 -0.92201053
vn 0.33872911 0.18750780 -0.92201053
vn 0.33872911 0.18750780 -0.92201053
vn 0.02208695 0.56618451 -0.82398256
vn 0.02208695 0.56618451 -0.82398256
vn 0.02208695 0.56618451 -0.82398256
vn 0.18073839 0.31904620 -0.93034572
vn 0.18073839 0.31904620 -0.93034572
vn 0.18073839 0.31904620 -0.93034572
vn 0.20390458 0.40418249 -0.89166106
vn 0.20390458 0.40418249 -0.89166106
vn 0.20390458 0.40418249 -0.89166106
vn 0.29006868 0.18938338 -0.93808001
vn 0.29006868 0.18938338 -0.93808001
vn 0.29006868 0.18938338 -0.93808001
vn -0.18769148 0.96129721 0.20169182
vn -0.18769148 0.96129721 0.20169182
vn -0.18769148 0.96129721 0.20169182
vn 0.01984989 0.02467037 -0.99949855
vn 0.01984989 0.02467037 -0.99949855
vn 0.01984989 0.02467037 -0.99949855
vn -0.00065595 -0.05319953 -0.99858369
vn -0.00065595 -0.05319953 -0.99858369
vn -0.00065595 -0.05319953 -0.99858369
vn 0.04120583 -0.01653195 -0.99901390
vn 0.04120583 -0.01653195 -0.99901390
vn 0.04120583 -0.01653195 -0.99901390
vn 0.28270100 0.12542943 -0.95097193
vn 0.28270100 0.12542943 -0.95097193
vn 0.28270100 0.12542943 -0.95097193
vn 0.29013935 0.10087178 -0.95165332
vn 0.29013935 0.10087178 -0.95165332
vn 0.29013935 0.10087178 -0.95165332
vn -0.01790031 -0.01845099 -0.99966952
vn -0.01790031 -0.01845099 -0.99966952
vn -0.01790031 -0.01845099 -0.99966952
vn 0.21822606 0.07888473 -0.97270478
vn 0.21822606 0.07888473 -0.97270478
vn 0.21822606 0.07888473 -0.97270478
vn 0.00785073 0.01859398 -0.99979629
vn 0.01144660 0.01875743 -0.99975854
vn 0.00547555 0.01825975 -0.99981828
vn 0.21266213 0.11241596 -0.97063766
vn 0.21266213 0.11241596 -0.97063766
vn 0.21266213 0.11241596 -0.97063766
vn 0.00051578 -0.00094952 -0.99999942
vn 0.00051578 -0.00094952 -0.99999942
vn 0.00051578 -0.00094952 -0.99999942
vn 0.01275170 0.01639873 -0.99978421
vn 0.01247347 0.01557360 -0.99980092
vn 0.13277387 -0.01168055 -0.99107753
vn 0.13277387 -0.01168055 -0.99107753
vn 0.13277387 -0.01168055 -0.99107753
vn 0.55498560 0.77178124 0.31039443
vn 0.55498560 0.77178124 0.31039443
vn 0.55498560 0.77178124 0.31039443
vn 0.10457589 0.97679651 0.18690227
vn 0.10457589 0.97679651 0.18690227
vn 0.10457589 0.97679651 0.18690227
vn 0.58925900 0.78540844 0.18949250
vn 0.58925900 0.78540844 0.18949250
vn 0.58925900 0.78540844 0.18949250
vn 0.13522381 0.95664181 0.25797475
vn 0.13522381 0.95664181 0.25797475
vn 0.13522381 0.95664181 0.25797475
vn 0.20563331 0.96297814 0.17432167
vn 0.20563331 0.96297814 0.17432167
vn 0.20563331 0.96297814 0.17432167
vn 0.24221953 0.93069634 0.27410588
vn 0.24221953 0.93069634 0.27410588
vn 0.24221953 0.93069634 0.27410588
vn 0.30076010 0.94068645 0.15701071
vn 0.30076010 0.94068645 0.15701071
vn 0.30076010 0.94068645 0.15701071
vn 0.31381691 0.90773617 0.27844926
vn 0.31381691 0.90773617 0.27844926
vn 0.31381691 0.90773617 0.27844926
vn 0.40247559 0.90073912 0.16334761
vn 0.40247559 0.90073912 0.16334761
vn 0.40247559 0.90073912 0.16334761
vn 0.40006056 0.87421004 0.27515150
vn 0.40006056 0.87421004 0.27515150
vn 0.40006056 0.87421004 0.27515150
vn -0.00133055 0.98201227 0.18881240
vn -0.00133055 0.98201227 0.18881240
vn -0.00133055 0.98201227 0.18881240
vn 0.00318454 0.97981171 0.19989714
vn 0.00318454 0.97981171 0.19989714
vn 0.00318454 0.97981171 0.19989714
vn 0.48096394 0.82262026 0.30326491
vn 0.48096394 0.82262026 0.30326491
vn 0.48096394 0.82262026 0.30326491
vn 0.51890837 0.84471108 0.13113848
vn 0.51890837 0.84471108 0.13113848
vn 0.51890837 0.84471108 0.13113848
vn -0.12225492 0.97406789 0.19038248
vn -0.12225492 0.97406789 0.19038248
vn -0.12225492 0.97406789 0.19038248
vn -0.08103058 0.98506797 0.15190505
vn -0.08103058 0.98506797 0.15190505
vn -0.08103058 0.98506797 0.15190505
vn -0.37369545 0.42051526 -0.82675185
vn -0.37369545 0.42051526 -0.82675185
vn -0.37369545 0.42051526 -0.82675185
vn 0.27269646 -0.13244325 -0.95294041
vn 0.27269646 -0.13244325 -0.95294041
vn 0.27269646 -0.13244325 -0.95294041
vn -0.17303459 0.33040142 -0.92784370
vn -0.17303459 0.33040142 -0.92784370
vn -0.17303459 0.33040142 -0.92784370
vn -0.23892289 0.34137510 -0.90905385
vn -0.23892289 0.34137510 -0.90905385
vn -0.23892289 0.34137510 -0.90905385
vn -0.17225979 0.33946542 -0.92471065
vn -0.17225979 0.33946542 -0.92471065
vn -0.17225979 0.33946542 -0.92471065
vn -0.14370823 0.19159998 -0.97089515
vn -0.14442443 0.19224007 -0.97066232
vn -0.14475673 0.19253703 -0.97055395
vn 0.12746898 -0.57587676 -0.80753800
vn 0.12746898 -0.57587676 -0.80753800
vn 0.12746898 -0.57587676 -0.80753800
vn 0.14072084 -0.58707353 -0.79720908
vn 0.14072084 -0.58707353 -0.79720908
vn 0.14072084 -0.58707353 -0.79720908
vn -0.38582041 0.42172604 -0.82054235
vn -0.38582041 0.42172604 -0.82054235
vn -0.38582041 0.42172604 -0.82054235
vn -0.09767023 0.37171935 -0.92319297
vn -0.09767023 0.37171935 -0.92319297
vn -0.09767023 0.37171935 -0.92319297
vn -0.38869944 0.40186035 -0.82910856
vn -0.38869944 0.40186035 -0.82910856
vn -0.38869944 0.40186035 -0.82910856
vn -0.25478906 0.26718248 -0.92935249
vn -0.25478906 0.26718248 -0.92935249
vn -0.25478906 0.26718248 -0.92935249
vn 0.02580867 -0.06786274 -0.99736080
vn 0.02580867 -0.06786274 -0.99736080
vn 0.02580867 -0.06786274 -0.99736080
vn -0.22090644 0.14272514 -0.96479525
vn -0.22090644 0.14272514 -0.96479525
vn -0.22090644 0.14272514 -0.96479525
vn 0.09434763 -0.59511946 -0.79807979
vn 0.09434763 -0.59511946 -0.79807979
vn 0.09434763 -0.59511946 -0.79807979
vn -0.46417431 0.38286453 -0.79872208
vn -0.46417431 0.38286453 -0.79872208
vn -0.46417431 0.38286453 -0.79872208
vn -0.32702136 0.39311586 -0.85937009
vn -0.32702136 0.39311586 -0.85937009
vn -0.32702136 0.39311586 -0.85937009
vn -0.06151325 -0.09100912 -0.99394842
vn -0.06151325 -0.09100912 -0.99394842
vn -0.06151325 -0.09100912 -0.99394842
vn -0.07153589 -0.10957511 -0.99140098
vn -0.07447160 -0.11225308 -0.99088507
vn -0.07447160 -0.11225308 -0.99088507
vn -0.43827253 0.39753526 -0.80615315
vn -0.43827253 0.39753526 -0.80615315
vn -0.43827253 0.39753526 -0.80615315
vn -0.32193805 0.35189475 -0.87893457
vn -0.32193805 0.35189475 -0.87893457
vn -0.32193805 0.35189475 -0.87893457
vn 0.07791595 -0.57918636 -0.81146304
vn 0.07791595 -0.57918636 -0.81146304
vn 0.07791595 -0.57918636 -0.81146304
vn 0.04611694 -0.60918421 -0.79168670
vn 0.04611694 -0.60918421 -0.79168670
vn 0.04611694 -0.60918421 -0.79168670
vn 0.05095676 -0.64333176 -0.76388982
vn 0.05095676 -0.64333176 -0.76388982
vn 0.05095676 -0.64333176 -0.76388982
vn 0.00421933 -0.59062754 -0.80693327
vn 0.00421933 -0.59062754 -0.80693327
vn 0.00421933 -0.59062754 -0.80693327
vn -0.01979498 -0.58789497 -0.80869503
vn -0.01979498 -0.58789497 -0.80869503
vn -0.01979498 -0.58789497 -0.80869503
vn -0.02986556 -0.61303102 -0.78949415
vn -0.02986556 -0.61303102 -0.78949415
vn -0.02986556 -0.61303102 -0.78949415
vn -0.02402513 -0.62292472 -0.78191278
vn -0.02402513 -0.62292472 -0.78191278
vn -0.02402513 -0.62292472 -0.78191278
vn -0.17919813 0.45927266 -0.87003256
vn -0.17919813 0.45927266 -0.87003256
vn -0.17919813 0.45927266 -0.87003256
vn -0.06713720 -0.59776076 -0.79885835
vn -0.06713720 -0.59776076 -0.79885835
vn -0.06713720 -0.59776076 -0.79885835
vn -0.51587200 -0.25539229 -0.81771074
vn -0.51587200 -0.25539229 -0.81771074
vn -0.51587200 -0.25539229 -0.81771074
vn -0.06741869 -0.60790862 -0.79113958
vn -0.06741869 -0.60790862 -0.79113958
vn -0.06741869 -0.60790862 -0.79113958
vn -0.00226405 -0.21626362 -0.97633238
vn -0.00226405 -0.21626362 -0.97633238
vn -0.00226405 -0.21626362 -0.97633238
vn 0.01360955 -0.19286716 -0.98113049
vn 0.01360955 -0.19286716 -0.98113049
vn 0.01360955 -0.19286716 -0.98113049
vn 0.45281238 -0.40907651 -0.79222305
vn 0.45280157 -0.40907607 -0.79222945
vn 0.45276331 -0.40907452 -0.79225212
vn 0.34555155 -0.03893549 -0.93759168
vn 0.34555155 -0.03893549 -0.93759168
vn 0.34555155 -0.03893549 -0.93759168
vn -0.06697760 -0.10541561 -0.99217012
vn -0.06697760 -0.10541561 -0.99217012
vn -0.12130160 -0.64841270 -0.75156296
vn -0.12130160 -0.64841270 -0.75156296
vn -0.12130160 -0.64841270 -0.75156296
vn -0.08373530 -0.56642208 -0.81985025
vn -0.08373530 -0.56642208 -0.81985025
vn -0.08373530 -0.56642208 -0.81985025
vn -0.13881883 0.32433161 -0.93570206
vn -0.13881883 0.32433161 -0.93570206
vn -0.13881883 0.32433161 -0.93570206
vn 0.45288512 -0.40907944 -0.79217995
vn -0.16953291 -0.60177483 -0.78046502
vn -0.16953291 -0.60177483 -0.78046502
vn -0.16953291 -0.60177483 -0.78046502
vn -0.13736103 -0.59825860 -0.78944195
vn -0.13736103 -0.59825860 -0.78944195
vn -0.13736103 -0.59825860 -0.78944195
vn -0.16860342 -0.54938822 -0.81837978
vn -0.16860342 -0.54938822 -0.81837978
vn -0.16860342 -0.54938822 -0.81837978
vn -0.20369433 -0.56404783 -0.80022414
vn -0.20369433 -0.56404783 -0.80022414
vn -0.20369433 -0.56404783 -0.80022414
vn -0.25310419 -0.56063569 -0.78843255
vn -0.25310419 -0.56063569 -0.78843255
vn -0.25310419 -0.56063569 -0.78843255
vn -0.26269976 -0.62596827 -0.73427009
vn -0.26269976 -0.62596827 -0.73427009
vn -0.26269976 -0.62596827 -0.73427009
vn -0.22177783 -0.53491045 -0.81528241
vn -0.22177783 -0.53491045 -0.81528241
vn -0.22177783 -0.53491045 -0.81528241
vn -0.22200765 -0.52268349 -0.82311273
vn -0.22200765 -0.52268349 -0.82311273
vn -0.22200765 -0.52268349 -0.82311273
vn -0.26977055 -0.52922033 -0.80445615
vn -0.26977055 -0.52922033 -0.80445615
vn -0.26977055 -0.52922033 -0.80445615
vn -0.30091680 -0.56137987 -0.77090967
vn -0.30091680 -0.56137987 -0.77090967
vn -0.30091680 -0.56137987 -0.77090967
vn 0.40840096 -0.42413040 -0.80828340
vn 0.40840096 -0.42413040 -0.80828340
vn 0.40840096 -0.42413040 -0.80828340
vn -0.41820625 -0.21027935 -0.88367761
vn -0.41820625 -0.21027935 -0.88367761
vn -0.41820625 -0.21027935 -0.88367761
vn -0.33527774 -0.57934310 -0.74293365
vn -0.33527774 -0.57934310 -0.74293365
vn -0.33527774 -0.57934310 -0.74293365
vn -0.35046583 -0.59087053 -0.72666754
vn -0.35046583 -0.59087053 -0.72666754
vn -0.35046583 -0.59087053 -0.72666754
vn -0.34915920 -0.56859688 -0.74483920
vn -0.34915920 -0.56859688 -0.74483920
vn -0.34915920 -0.56859688 -0.74483920
vn -0.11398356 0.06189747 -0.99155255
vn -0.11398356 0.06189747 -0.99155255
vn -0.11398356 0.06189747 -0.99155255
vn -0.35441700 -0.54588043 -0.75921219
vn -0.35441700 -0.54588043 -0.75921219
vn -0.35441700 -0.54588043 -0.75921219
vn -0.28108922 -0.47581717 -0.83341879
vn -0.28108922 -0.47581717 -0.83341879
vn -0.28108922 -0.47581717 -0.83341879
vn -0.45439083 -0.21757071 -0.86382403
vn -0.45439083 -0.21757071 -0.86382403
vn -0.45439083 -0.21757071 -0.86382403
vn -0.46148201 -0.18932062 -0.86671337
vn -0.46148201 -0.18932062 -0.86671337
vn -0.46148201 -0.18932062 -0.86671337
vn -0.17593380 0.47775979 -0.86069326
vn -0.17593380 0.47775979 -0.86069326
vn -0.17593380 0.47775979 -0.86069326
vn -0.48402131 -0.26002905 -0.83552873
vn -0.48402131 -0.26002905 -0.83552873
vn -0.48402131 -0.26002905 -0.83552873
vn -0.31161380 -0.49152791 -0.81320179
vn -0.31161380 -0.49152791 -0.81320179
vn -0.31161380 -0.49152791 -0.81320179
vn 0.41594836 -0.41918905 -0.80701146
vn 0.41594836 -0.41918905 -0.80701146
vn 0.41594836 -0.41918905 -0.80701146
vn -0.37288825 -0.53126487 -0.76073122
vn -0.37288825 -0.53126487 -0.76073122
vn -0.37288825 -0.53126487 -0.76073122
vn -0.37993416 -0.53224921 -0.75654532
vn -0.37993416 -0.53224921 -0.75654532
vn -0.37993416 -0.53224921 -0.75654532
vn -0.53911936 -0.27220898 -0.79702735
vn -0.53911936 -0.27220898 -0.79702735
vn -0.53911936 -0.27220898 -0.79702735
vn -0.50883082 -0.58894867 -0.62787790
vn -0.50883082 -0.58894867 -0.62787790
vn -0.50883082 -0.58894867 -0.62787790
vn 0.23939413 -0.13000540 -0.96217932
vn 0.23939413 -0.13000540 -0.96217932
vn 0.23939413 -0.13000540 -0.96217932
vn 0.19611211 0.15674273 -0.96797301
vn 0.19611211 0.15674273 -0.96797301
vn 0.19611211 0.15674273 -0.96797301
vn -0.52364262 -0.27425966 -0.80658543
vn -0.52364262 -0.27425966 -0.80658543
vn -0.52364262 -0.27425966 -0.80658543
vn -0.39825785 -0.48030391 -0.78147222
vn -0.39825785 -0.48030391 -0.78147222
vn -0.39825785 -0.48030391 -0.78147222
vn -0.50365780 -0.24515129 -0.82838980
vn -0.50365780 -0.24515129 -0.82838980
vn -0.50365780 -0.24515129 -0.82838980
vn -0.33046588 -0.42062575 -0.84490608
vn -0.33046588 -0.42062575 -0.84490608
vn -0.33046588 -0.42062575 -0.84490608
vn -0.37746072 -0.51386595 -0.77036692
vn -0.37746072 -0.51386595 -0.77036692
vn -0.37746072 -0.51386595 -0.77036692
vn -0.43391478 -0.48658649 -0.75825560
vn -0.43391478 -0.48658649 -0.75825560
vn -0.43391478 -0.48658649 -0.75825560
vn -0.44591640 -0.23813765 -0.86281459
vn -0.44587381 -0.23830100 -0.86279150
vn -0.44567041 -0.23908041 -0.86268096
vn -0.44504676 -0.47194077 -0.76105538
vn -0.44504676 -0.47194077 -0.76105538
vn -0.44504676 -0.47194077 -0.76105538
vn -0.23181891 0.50628887 -0.83062120
vn -0.23181891 0.50628887 -0.83062120
vn -0.23181891 0.50628887 -0.83062120
vn -0.47922673 -0.47031314 -0.74104473
vn -0.47942172 -0.47217080 -0.73973613
vn -0.47903945 -0.46854861 -0.74228256
vn -0.47892872 -0.46751416 -0.74300592
vn 0.03337237 0.09754496 -0.99467144
vn 0.03337237 0.09754496 -0.99467144
vn 0.03337237 0.09754496 -0.99467144
vn -0.09105764 0.14827905 -0.98474455
vn -0.09105764 0.14827905 -0.98474455
vn -0.09105764 0.14827905 -0.98474455
vn -0.36157652 -0.43611444 -0.82405498
vn -0.36157652 -0.43611444 -0.82405498
vn -0.36157652 -0.43611444 -0.82405498
vn -0.44610949 -0.23739629 -0.86291907
vn -0.40890566 -0.22939771 -0.88327394
vn -0.40890566 -0.22939771 -0.88327394
vn -0.40890566 -0.22939771 -0.88327394
vn -0.14334003 0.19127089 -0.97101446
vn -0.35493012 -0.40365045 -0.84326207
vn -0.35493012 -0.40365045 -0.84326207
vn -0.35493012 -0.40365045 -0.84326207
vn -0.08567655 -0.00190728 -0.99632118
vn -0.08567655 -0.00190728 -0.99632118
vn -0.08567655 -0.00190728 -0.99632118
vn -0.46062192 -0.22508709 -0.85858212
vn -0.46062192 -0.22508709 -0.85858212
vn -0.46062192 -0.22508709 -0.85858212
vn -0.41115069 -0.25140208 -0.87621464
vn -0.41115069 -0.25140208 -0.87621464
vn -0.41115069 -0.25140208 -0.87621464
vn -0.41550045 -0.26574516 -0.86990740
vn -0.41550045 -0.26574516 -0.86990740
vn -0.41550045 -0.26574516 -0.86990740
vn 0.09314567 -0.25926867 -0.96130309
vn 0.09314567 -0.25926867 -0.96130309
vn 0.09314567 -0.25926867 -0.96130309
vn -0.47917002 -0.31314633 -0.81996065
vn -0.47917002 -0.31314633 -0.81996065
vn -0.47917002 -0.31314633 -0.81996065
vn 0.41167919 -0.45131569 -0.79172874
vn 0.41167919 -0.45131569 -0.79172874
vn 0.41167919 -0.45131569 -0.79172874
vn -0.50020111 -0.44931452 -0.74021302
vn -0.50020111 -0.44931452 -0.74021302
vn -0.50020111 -0.44931452 -0.74021302
vn -0.50344842 -0.43469068 -0.74671527
vn -0.50344842 -0.43469068 -0.74671527
vn -0.50344842 -0.43469068 -0.74671527
vn -0.54557649 -0.32785456 -0.77127017
vn -0.54557649 -0.32785456 -0.77127017
vn -0.54557649 -0.32785456 -0.77127017
vn -0.52141035 -0.40698459 -0.74999652
vn -0.52141035 -0.40698459 -0.74999652
vn -0.52141035 -0.40698459 -0.74999652
vn -0.50076064 -0.44810678 -0.74056674
vn -0.50076064 -0.44810678 -0.74056674
vn -0.50076064 -0.44810678 -0.74056674
vn -0.35020058 -0.20972794 -0.91289306
vn -0.35020058 -0.20972794 -0.91289306
vn -0.35020058 -0.20972794 -0.91289306
vn 0.03612518 -0.21429606 -0.97610049
vn 0.03612518 -0.21429606 -0.97610049
vn 0.03612518 -0.21429606 -0.97610049
vn -0.40114818 -0.25989365 -0.87837089
vn -0.40114818 -0.25989365 -0.87837089
vn -0.40114818 -0.25989365 -0.87837089
vn -0.38207723 0.28947398 -0.87762282
vn -0.38207723 0.28947398 -0.87762282
vn -0.38207723 0.28947398 -0.87762282
vn -0.38428827 -0.39033660 -0.83663604
vn -0.38428827 -0.39033660 -0.83663604
vn -0.38428827 -0.39033660 -0.83663604
vn -0.39025395 -0.40110021 -0.82874633
vn -0.39025395 -0.40110021 -0.82874633
vn -0.39025395 -0.40110021 -0.82874633
vn -0.40067484 0.14766595 -0.90424247
vn -0.40067484 0.14766595 -0.90424247
vn -0.40067484 0.14766595 -0.90424247
vn -0.57697843 -0.39823010 -0.71309794
vn -0.57697843 -0.39823010 -0.71309794
vn -0.57697843 -0.39823010 -0.71309794
vn -0.40365050 -0.31798174 -0.85787755
vn -0.40365050 -0.31798174 -0.85787755
vn -0.40365050 -0.31798174 -0.85787755
vn -0.40198603 -0.28001615 -0.87177875
vn -0.40198603 -0.28001615 -0.87177875
vn -0.40198603 -0.28001615 -0.87177875
vn -0.41600961 -0.30622593 -0.85624861
vn -0.41600961 -0.30622593 -0.85624861
vn -0.41600961 -0.30622593 -0.85624861
vn 0.19669088 -0.01543159 -0.98034410
vn 0.19669088 -0.01543159 -0.98034410
vn 0.19669088 -0.01543159 -0.98034410
vn 0.13293591 -0.04479020 -0.99011205
vn 0.13293591 -0.04479020 -0.99011205
vn 0.13293591 -0.04479020 -0.99011205
vn -0.37675854 -0.47064250 -0.79783998
vn -0.37675854 -0.47064250 -0.79783998
vn -0.37675854 -0.47064250 -0.79783998
vn -0.55812634 -0.24035436 -0.79418182
vn -0.55812634 -0.24035436 -0.79418182
vn -0.55812634 -0.24035436 -0.79418182
vn -0.40682621 -0.32610947 -0.85331416
vn -0.40682621 -0.32610947 -0.85331416
vn -0.40682621 -0.32610947 -0.85331416
vn -0.36798946 -0.55079220 -0.74914065
vn -0.36798946 -0.55079220 -0.74914065
vn -0.36798946 -0.55079220 -0.74914065
vn -0.41387165 -0.31868548 -0.85273080
vn -0.41387165 -0.31868548 -0.85273080
vn -0.41387165 -0.31868548 -0.85273080
vn -0.52217690 -0.25699079 -0.81319556
vn -0.52217690 -0.25699079 -0.81319556
vn -0.52217690 -0.25699079 -0.81319556
vn -0.41024827 -0.19464996 -0.89095889
vn -0.41024827 -0.19464996 -0.89095889
vn -0.41024827 -0.19464996 -0.89095889
vn 0.01448850 -0.14202771 -0.98975664
vn 0.01448850 -0.14202771 -0.98975664
vn 0.01448850 -0.14202771 -0.98975664
vn -0.18726629 0.33490373 -0.92345592
vn -0.18726629 0.33490373 -0.92345592
vn -0.18726629 0.33490373 -0.92345592
vn 0.12306147 -0.07472046 -0.98958210
vn 0.12306147 -0.07472046 -0.98958210
vn 0.12306147 -0.07472046 -0.98958210
vn -0.39993117 0.27571390 -0.87409204
vn -0.39993117 0.27571390 -0.87409204
vn -0.39993117 0.27571390 -0.87409204
vn -0.21378949 0.47087906 -0.85590126
vn -0.21378949 0.47087906 -0.85590126
vn -0.21378949 0.47087906 -0.85590126
vn 0.52947649 0.29096559 -0.79686490
vn 0.52947649 0.29096559 -0.79686490
vn 0.52947649 0.29096559 -0.79686490
vn 0.46847984 0.37729942 -0.79885655
vn 0.46847984 0.37729942 -0.79885655
vn 0.46847984 0.37729942 -0.79885655
vn 0.54159821 0.28668699 -0.79024171
vn 0.54159821 0.28668699 -0.79024171
vn 0.54159821 0.28668699 -0.79024171
vn -0.40146291 0.26167255 -0.87769870
vn -0.40146291 0.26167255 -0.87769870
vn -0.40146291 0.26167255 -0.87769870
vn 0.47183327 0.39025737 -0.79061530
vn 0.47183327 0.39025737 -0.79061530
vn 0.47183327 0.39025737 -0.79061530
vn 0.18554710 0.14372833 -0.97206710
vn 0.18554710 0.14372833 -0.97206710
vn 0.18554710 0.14372833 -0.97206710
vn 0.54328744 0.25880615 -0.79866021
vn 0.54328744 0.25880615 -0.79866021
vn 0.54328744 0.25880615 -0.79866021
vn 0.50278903 0.33601920 -0.79642595
vn 0.50278903 0.33601920 -0.79642595
vn 0.50278903 0.33601920 -0.79642595
vn 0.42292910 0.43118157 -0.79700278
vn 0.42292910 0.43118157 -0.79700278
vn 0.42292910 0.43118157 -0.79700278
vn 0.41109414 0.42831861 -0.80470167
vn 0.41109414 0.42831861 -0.80470167
vn 0.41109414 0.42831861 -0.80470167
vn 0.49979286 0.32475889 -0.80295626
vn 0.49979286 0.32475889 -0.80295626
vn 0.49979286 0.32475889 -0.80295626
vn -0.23172748 0.52073245 -0.82166909
vn -0.23172748 0.52073245 -0.82166909
vn -0.23172748 0.52073245 -0.82166909
vn -0.42512738 0.23599955 -0.87382546
vn -0.42516534 0.23605409 -0.87379225
vn -0.42514012 0.23601785 -0.87381431
vn 0.36702014 -0.45434384 -0.81170678
vn 0.36702014 -0.45434384 -0.81170678
vn 0.36702014 -0.45434384 -0.81170678
vn 0.38444333 0.44968135 -0.80621958
vn 0.38444333 0.44968135 -0.80621958
vn 0.38444333 0.44968135 -0.80621958
vn 0.55379319 0.25354030 -0.79311438
vn 0.55379319 0.25354030 -0.79311438
vn 0.55379319 0.25354030 -0.79311438
vn -0.11070597 0.00970583 -0.99380581
vn -0.11070597 0.00970583 -0.99380581
vn -0.11070597 0.00970583 -0.99380581
vn 0.16263185 -0.05878216 -0.98493428
vn 0.16263185 -0.05878216 -0.98493428
vn 0.16263185 -0.05878216 -0.98493428
vn 0.38127855 0.46399805 -0.79958269
vn 0.38127855 0.46399805 -0.79958269
vn 0.38127855 0.46399805 -0.79958269
vn 0.38537172 0.45425051 -0.80320926
vn 0.38537172 0.45425051 -0.80320926
vn 0.38537172 0.45425051 -0.80320926
vn 0.33457192 0.46328813 -0.82062522
vn 0.33457192 0.46328813 -0.82062522
vn 0.33457192 0.46328813 -0.82062522
vn 0.15405026 -0.29997515 -0.94142627
vn 0.15405026 -0.29997515 -0.94142627
vn 0.15405026 -0.29997515 -0.94142627
vn 0.33684321 0.49685530 -0.79979464
vn 0.33684321 0.49685530 -0.79979464
vn 0.33684321 0.49685530 -0.79979464
vn 0.54618983 0.21411108 -0.80983524
vn 0.54618983 0.21411108 -0.80983524
vn 0.54618983 0.21411108 -0.80983524
vn -0.42505927 0.23590173 -0.87388500
vn 0.57687892 0.18422958 -0.79578274
vn 0.57687892 0.18422958 -0.79578274
vn 0.57687892 0.18422958 -0.79578274
vn 0.15526859 0.01935701 -0.98768263
vn 0.15526859 0.01935701 -0.98768263
vn 0.15526859 0.01935701 -0.98768263
vn 0.31125113 0.51979716 -0.79557127
vn 0.31125113 0.51979716 -0.79557127
vn 0.31125113 0.51979716 -0.79557127
vn 0.31182895 0.53210370 -0.78716476
vn 0.31182895 0.53210370 -0.78716476
vn 0.31182895 0.53210370 -0.78716476
vn 0.35661927 -0.49530557 -0.79214588
vn 0.35661927 -0.49530557 -0.79214588
vn 0.35661927 -0.49530557 -0.79214588
vn 0.12831855 -0.27748553 -0.95212191
vn 0.12831855 -0.27748553 -0.95212191
vn 0.12831855 -0.27748553 -0.95212191
vn 0.12761422 -0.26012862 -0.95710382
vn 0.12761422 -0.26012862 -0.95710382
vn 0.12761422 -0.26012862 -0.95710382
vn 0.57612820 0.14615823 -0.80418534
vn 0.57567126 0.14667562 -0.80441834
vn 0.57527748 0.14712114 -0.80461866
vn 0.07787359 0.15809812 -0.98434785
vn 0.07787359 0.15809812 -0.98434785
vn 0.07787359 0.15809812 -0.98434785
vn 0.57676914 0.14543179 -0.80385754
vn 0.56758138 0.16509559 -0.80659458
vn 0.56758138 0.16509559 -0.80659458
vn 0.56758138 0.16509559 -0.80659458
vn 0.57962302 0.09842791 -0.80891847
vn 0.57962302 0.09842791 -0.80891847
vn 0.57962302 0.09842791 -0.80891847
vn 0.63270997 0.15608834 -0.75849491
vn 0.63270997 0.15608834 -0.75849491
vn 0.63270997 0.15608834 -0.75849491
vn 0.24335295 0.52003413 -0.81874528
vn 0.24335295 0.52003413 -0.81874528
vn 0.24335295 0.52003413 -0.81874528
vn 0.24239061 0.52616638 -0.81510474
vn 0.24239061 0.52616638 -0.81510474
vn 0.24239061 0.52616638 -0.81510474
vn 0.58255275 0.08489241 -0.80834743
vn 0.58255275 0.08489241 -0.80834743
vn 0.58255275 0.08489241 -0.80834743
vn -0.41272807 0.18760448 -0.89132491
vn -0.41272807 0.18760448 -0.89132491
vn -0.41272807 0.18760448 -0.89132491
vn 0.18548588 0.53476857 -0.82438921
vn 0.18548588 0.53476857 -0.82438921
vn 0.18548588 0.53476857 -0.82438921
vn 0.60998654 0.03440058 -0.79166471
vn 0.60998654 0.03440058 -0.79166471
vn 0.60998654 0.03440058 -0.79166471
vn 0.19837283 0.49489027 -0.84600936
vn 0.19837283 0.49489027 -0.84600936
vn 0.19837283 0.49489027 -0.84600936
vn 0.61606967 0.03042041 -0.78710403
vn 0.61606967 0.03042041 -0.78710403
vn 0.61606967 0.03042041 -0.78710403
vn 0.15337915 0.41404454 -0.89724131
vn 0.15337915 0.41404454 -0.89724131
vn 0.15337915 0.41404454 -0.89724131
vn -0.24630546 0.46852724 -0.84841962
vn -0.24630546 0.46852724 -0.84841962
vn -0.24630546 0.46852724 -0.84841962
vn 0.12604664 0.51896258 -0.84545259
vn 0.12604664 0.51896258 -0.84545259
vn 0.12604664 0.51896258 -0.84545259
vn 0.33462024 -0.49344889 -0.80283092
vn 0.33462024 -0.49344889 -0.80283092
vn 0.33462024 -0.49344889 -0.80283092
vn -0.04816784 -0.00294937 -0.99883490
vn -0.04816784 -0.00294937 -0.99883490
vn -0.04816784 -0.00294937 -0.99883490
vn 0.59502829 -0.00207908 -0.80370207
vn 0.59502829 -0.00207908 -0.80370207
vn 0.59502829 -0.00207908 -0.80370207
vn 0.16815875 -0.17626732 -0.96987240
vn 0.16815875 -0.17626732 -0.96987240
vn 0.16815875 -0.17626732 -0.96987240
vn 0.60518743 -0.03988978 -0.79508300
vn 0.60518743 -0.03988978 -0.79508300
vn 0.60518743 -0.03988978 -0.79508300
vn -0.23171801 0.43427205 -0.87046801
vn -0.23171801 0.43427205 -0.87046801
vn -0.23171801 0.43427205 -0.87046801
vn -0.15028673 0.23091026 -0.96129826
vn -0.14805618 0.22893936 -0.96211545
vn -0.14770145 0.22862583 -0.96224452
vn 0.06819950 0.29239365 -0.95386308
vn 0.06819950 0.29239365 -0.95386308
vn 0.06819950 0.29239365 -0.95386308
vn 0.58592587 -0.05858320 -0.80824432
vn 0.58592587 -0.05858320 -0.80824432
vn 0.58592587 -0.05858320 -0.80824432
vn 0.06258488 0.43112912 -0.90011711
vn 0.06258488 0.43112912 -0.90011711
vn 0.06258488 0.43112912 -0.90011711
vn 0.05539034 0.41922459 -0.90619129
vn 0.05539034 0.41922459 -0.90619129
vn 0.05539034 0.41922459 -0.90619129
vn 0.60249426 -0.09572074 -0.79236242
vn 0.60249426 -0.09572074 -0.79236242
vn 0.60249426 -0.09572074 -0.79236242
vn 0.28370240 -0.41527164 -0.86432772
vn 0.28370240 -0.41527164 -0.86432772
vn 0.28370240 -0.41527164 -0.86432772
vn 0.10482720 -0.01261464 -0.99441044
vn 0.10482720 -0.01261464 -0.99441044
vn 0.10482720 -0.01261464 -0.99441044
vn 0.02471345 0.13187840 -0.99095779
vn 0.02471345 0.13187840 -0.99095779
vn 0.02471345 0.13187840 -0.99095779
vn 0.01395587 0.28428250 -0.95863898
vn 0.01395587 0.28428250 -0.95863898
vn 0.01395587 0.28428250 -0.95863898
vn 0.57053847 -0.12308400 -0.81199519
vn 0.57053847 -0.12308400 -0.81199519
vn 0.57053847 -0.12308400 -0.81199519
vn 0.26714946 -0.03839122 -0.96289007
vn 0.26714946 -0.03839122 -0.96289007
vn 0.26714946 -0.03839122 -0.96289007
vn 0.03263444 0.43850040 -0.89813829
vn 0.03263444 0.43850040 -0.89813829
vn 0.03263444 0.43850040 -0.89813829
vn 0.58222457 -0.15081441 -0.79891775
vn 0.58222457 -0.15081441 -0.79891775
vn 0.58222457 -0.15081441 -0.79891775
vn -0.46745431 0.14559368 -0.87194550
vn -0.46745431 0.14559368 -0.87194550
vn -0.46745431 0.14559368 -0.87194550
vn 0.02218401 -0.07189578 -0.99716542
vn 0.02261261 -0.07207721 -0.99714269
vn 0.02279050 -0.07215250 -0.99713320
vn 0.00696693 0.44232558 -0.89682749
vn 0.00696693 0.44232558 -0.89682749
vn 0.00696693 0.44232558 -0.89682749
vn -0.01586415 0.31424742 -0.94920856
vn -0.01586415 0.31424742 -0.94920856
vn -0.01586415 0.31424742 -0.94920856
vn -0.43174915 0.10960501 -0.89530967
vn -0.43174915 0.10960501 -0.89530967
vn -0.43174915 0.10960501 -0.89530967
vn -0.23548109 0.43814022 -0.86751473
vn -0.23548109 0.43814022 -0.86751473
vn -0.23548109 0.43814022 -0.86751473
vn 0.56116979 -0.17369858 -0.80926959
vn 0.56116979 -0.17369858 -0.80926959
vn 0.56116979 -0.17369858 -0.80926959
vn 0.00108104 0.03359268 -0.99943502
vn 0.00108104 0.03359268 -0.99943502
vn 0.00108104 0.03359268 -0.99943502
vn -0.40625680 0.12510957 -0.90515358
vn -0.40625680 0.12510957 -0.90515358
vn -0.40625680 0.12510957 -0.90515358
vn -0.02681138 0.16164866 -0.98648409
vn -0.02681138 0.16164866 -0.98648409
vn -0.02681138 0.16164866 -0.98648409
vn 0.21932271 -0.30763775 -0.92588151
vn 0.21932271 -0.30763775 -0.92588151
vn 0.21932271 -0.30763775 -0.92588151
vn 0.55297946 -0.21228587 -0.80569748
vn 0.55297946 -0.21228587 -0.80569748
vn 0.55297946 -0.21228587 -0.80569748
vn 0.56144686 -0.20868835 -0.80076626
vn 0.56144686 -0.20868835 -0.80076626
vn 0.56144686 -0.20868835 -0.80076626
vn 0.03395625 0.30818489 -0.95072028
vn 0.03395625 0.30818489 -0.95072028
vn 0.03395625 0.30818489 -0.95072028
vn 0.09055770 0.04797487 -0.99473500
vn 0.09055770 0.04797487 -0.99473500
vn 0.09055770 0.04797487 -0.99473500
vn -0.28566394 0.57636336 -0.76563790
vn -0.28566394 0.57636336 -0.76563790
vn -0.28566394 0.57636336 -0.76563790
vn -0.06022131 0.20834049 -0.97620061
vn -0.06022131 0.20834049 -0.97620061
vn -0.06022131 0.20834049 -0.97620061
vn -0.32461402 0.22692878 -0.91822060
vn -0.32461402 0.22692878 -0.91822060
vn -0.32461402 0.22692878 -0.91822060
vn -0.06143404 0.41164280 -0.90927227
vn -0.06143404 0.41164280 -0.90927227
vn -0.06143404 0.41164280 -0.90927227
vn -0.05826089 0.44344586 -0.89440563
vn -0.05826089 0.44344586 -0.89440563
vn -0.05826089 0.44344586 -0.89440563
vn -0.14324234 0.18508423 -0.97222706
vn -0.14324234 0.18508423 -0.97222706
vn -0.14324234 0.18508423 -0.97222706
vn -0.41449534 0.03274514 -0.90946213
vn -0.41449534 0.03274514 -0.90946213
vn -0.41449534 0.03274514 -0.90946213
vn -0.04580447 -0.01174725 -0.99888135
vn -0.04580447 -0.01174725 -0.99888135
vn -0.04580447 -0.01174725 -0.99888135
vn 0.12484539 -0.21375196 -0.96887756
vn 0.12484539 -0.21375196 -0.96887756
vn 0.12484539 -0.21375196 -0.96887756
vn -0.05062547 0.28538868 -0.95707385
vn -0.05062547 0.28538868 -0.95707385
vn -0.05062547 0.28538868 -0.95707385
vn -0.04608316 0.16534558 -0.98515845
vn -0.04608316 0.16534558 -0.98515845
vn -0.04608316 0.16534558 -0.98515845
vn 0.54806253 -0.25641292 -0.79616574
vn 0.54806253 -0.25641292 -0.79616574
vn 0.54806253 -0.25641292 -0.79616574
vn 0.02906222 0.01483456 -0.99946752
vn 0.02906222 0.01483456 -0.99946752
vn 0.02906222 0.01483456 -0.99946752
vn -0.06398607 0.09402339 -0.99351164
vn -0.06398607 0.09402339 -0.99351164
vn -0.06398607 0.09402339 -0.99351164
vn 0.29572211 -0.51476258 -0.80471605
vn 0.29572211 -0.51476258 -0.80471605
vn 0.29572211 -0.51476258 -0.80471605
vn 0.55140453 -0.27966022 -0.78596641
vn 0.55140453 -0.27966022 -0.78596641
vn 0.55140453 -0.27966022 -0.78596641
vn 0.54751114 -0.26871307 -0.79248018
vn 0.54751114 -0.26871307 -0.79248018
vn 0.54751114 -0.26871307 -0.79248018
vn 0.16143589 -0.23265224 -0.95906798
vn 0.16143589 -0.23265224 -0.95906798
vn 0.16143589 -0.23265224 -0.95906798
vn 0.21831799 -0.30030806 -0.92852158
vn 0.21831799 -0.30030806 -0.92852158
vn 0.21831799 -0.30030806 -0.92852158
vn 0.01465513 0.06808286 -0.99757203
vn 0.01465513 0.06808286 -0.99757203
vn 0.01465513 0.06808286 -0.99757203
vn -0.15122331 0.23173754 -0.96095225
vn 0.08814825 -0.14669858 -0.98524586
vn 0.08814825 -0.14669858 -0.98524586
vn 0.08814825 -0.14669858 -0.98524586
vn 0.52093859 -0.28422873 -0.80488323
vn 0.52093859 -0.28422873 -0.80488323
vn 0.52093859 -0.28422873 -0.80488323
vn 0.51577843 -0.29031307 -0.80603408
vn 0.51577843 -0.29031307 -0.80603408
vn 0.51577843 -0.29031307 -0.80603408
vn -0.09062716 0.38900025 -0.91676907
vn -0.09062716 0.38900025 -0.91676907
vn -0.09062716 0.38900025 -0.91676907
vn 0.01769424 -0.05086696 -0.99854868
vn 0.01769424 -0.05086696 -0.99854868
vn 0.01769424 -0.05086696 -0.99854868
vn 0.02208090 -0.07185213 -0.99717085
vn 0.30764456 -0.51836292 -0.79790645
vn 0.30764456 -0.51836292 -0.79790645
vn 0.30764456 -0.51836292 -0.79790645
vn 0.02847236 0.12031219 -0.99232772
vn 0.02847236 0.12031219 -0.99232772
vn 0.02847236 0.12031219 -0.99232772
vn -0.01244595 0.02383179 -0.99963851
vn -0.01244595 0.02383179 -0.99963851
vn -0.01244595 0.02383179 -0.99963851
vn -0.05330864 0.08926675 -0.99458013
vn -0.05330864 0.08926675 -0.99458013
vn -0.05330864 0.08926675 -0.99458013
vn -0.11540073 0.03791152 -0.99259528
vn -0.11540073 0.03791152 -0.99259528
vn -0.11540073 0.03791152 -0.99259528
vn -0.08751403 0.13456736 -0.98703238
vn -0.08751403 0.13456736 -0.98703238
vn -0.08751403 0.13456736 -0.98703238
vn 0.16629930 -0.22951438 -0.95899306
vn 0.16629930 -0.22951438 -0.95899306
vn 0.16629930 -0.22951438 -0.95899306
vn 0.54212070 -0.30636361 -0.78246181
vn 0.54212070 -0.30636361 -0.78246181
vn 0.54212070 -0.30636361 -0.78246181
vn 0.50590367 -0.31579037 -0.80270662
vn 0.50590367 -0.31579037 -0.80270662
vn 0.50590367 -0.31579037 -0.80270662
vn 0.49797194 -0.32741284 -0.80300983
vn 0.49797194 -0.32741284 -0.80300983
vn 0.49797194 -0.32741284 -0.80300983
vn 0.26447737 -0.52927401 -0.80617662
vn 0.26447737 -0.52927401 -0.80617662
vn 0.26447737 -0.52927401 -0.80617662
vn -0.29610251 0.52703350 -0.79659211
vn -0.29610251 0.52703350 -0.79659211
vn -0.29610251 0.52703350 -0.79659211
vn 0.28538630 -0.28506702 -0.91503631
vn 0.28538630 -0.28506702 -0.91503631
vn 0.28538630 -0.28506702 -0.91503631
vn -0.02044552 -0.04246780 -0.99888862
vn -0.02044552 -0.04246780 -0.99888862
vn -0.02044552 -0.04246780 -0.99888862
vn -0.21653212 0.13439346 -0.96698099
vn -0.21653212 0.13439346 -0.96698099
vn -0.21653212 0.13439346 -0.96698099
vn -0.10869352 0.24769548 -0.96272149
vn -0.10869352 0.24769548 -0.96272149
vn -0.10869352 0.24769548 -0.96272149
vn 0.25936336 -0.54352575 -0.79831724
vn 0.25936336 -0.54352575 -0.79831724
vn 0.25936336 -0.54352575 -0.79831724
vn -0.07829393 0.16475514 -0.98322215
vn -0.07829393 0.16475514 -0.98322215
vn -0.07829393 0.16475514 -0.98322215
vn -0.02772220 -0.12225275 -0.99211176
vn -0.02772220 -0.12225275 -0.99211176
vn -0.02772220 -0.12225275 -0.99211176
vn 0.21750522 -0.22911487 -0.94878757
vn 0.21750522 -0.22911487 -0.94878757
vn 0.21750522 -0.22911487 -0.94878757
vn 0.27332309 -0.25577495 -0.92729373
vn 0.27332309 -0.25577495 -0.92729373
vn 0.27332309 -0.25577495 -0.92729373
vn -0.03764432 -0.10064577 -0.99420990
vn -0.03764432 -0.10064577 -0.99420990
vn -0.03764432 -0.10064577 -0.99420990
vn -0.06812839 0.00191465 -0.99767472
vn -0.06812839 0.00191465 -0.99767472
vn -0.06812839 0.00191465 -0.99767472
vn -0.19360495 -0.04361405 -0.98010966
vn -0.19360495 -0.04361405 -0.98010966
vn -0.19360495 -0.04361405 -0.98010966
vn -0.40122725 0.58647511 -0.70360759
vn -0.40122725 0.58647511 -0.70360759
vn -0.40122725 0.58647511 -0.70360759
vn -0.21231366 -0.15892423 -0.96419189
vn -0.21231366 -0.15892423 -0.96419189
vn -0.21231366 -0.15892423 -0.96419189
vn -0.25320556 -0.04264366 -0.96647217
vn -0.25320556 -0.04264366 -0.96647217
vn -0.25320556 -0.04264366 -0.96647217
vn -0.10755865 0.29572917 -0.94919724
vn -0.10755865 0.29572917 -0.94919724
vn -0.10755865 0.29572917 -0.94919724
vn -0.26861809 -0.18070517 -0.94614479
vn -0.26861809 -0.18070517 -0.94614479
vn -0.26861809 -0.18070517 -0.94614479
vn -0.06250162 0.14871601 -0.98690278
vn -0.06250162 0.14871601 -0.98690278
vn -0.06250162 0.14871601 -0.98690278
vn -0.03380000 -0.10496650 -0.99390120
vn -0.03380000 -0.10496650 -0.99390120
vn -0.03380000 -0.10496650 -0.99390120
vn -0.23273110 0.44347780 -0.86554241
vn -0.23273110 0.44347780 -0.86554241
vn -0.23273110 0.44347780 -0.86554241
vn -0.30931527 -0.11439315 -0.94405417
vn -0.30931527 -0.11439315 -0.94405417
vn -0.30931527 -0.11439315 -0.94405417
vn -0.13330078 0.43553265 -0.89024840
vn -0.13330078 0.43553265 -0.89024840
vn -0.13330078 0.43553265 -0.89024840
vn -0.30726375 -0.15861823 -0.93831191
vn -0.30726375 -0.15861823 -0.93831191
vn -0.30726375 -0.15861823 -0.93831191
vn -0.38078244 -0.11926242 -0.91694123
vn -0.38078244 -0.11926242 -0.91694123
vn -0.38078244 -0.11926242 -0.91694123
vn -0.11247728 0.25095167 -0.96144273
vn -0.11247728 0.25095167 -0.96144273
vn -0.11247728 0.25095167 -0.96144273
vn 0.22897222 -0.56065958 -0.79575911
vn 0.22897222 -0.56065958 -0.79575911
vn 0.22897222 -0.56065958 -0.79575911
vn 0.22745026 -0.56362748 -0.79409725
vn 0.22745026 -0.56362748 -0.79409725
vn 0.22745026 -0.56362748 -0.79409725
vn -0.37449699 -0.13126921 -0.91788910
vn -0.37449699 -0.13126921 -0.91788910
vn -0.37449699 -0.13126921 -0.91788910
vn -0.37941983 -0.15441656 -0.91224784
vn -0.37941983 -0.15441656 -0.91224784
vn -0.37941983 -0.15441656 -0.91224784
vn -0.00041357 -0.13197442 -0.99125304
vn -0.00041357 -0.13197442 -0.99125304
vn -0.00041357 -0.13197442 -0.99125304
vn -0.01946194 -0.07015958 -0.99734591
vn -0.01946194 -0.07015958 -0.99734591
vn -0.01946194 -0.07015958 -0.99734591
vn -0.13374961 0.43313612 -0.89134962
vn -0.13374961 0.43313612 -0.89134962
vn -0.13374961 0.43313612 -0.89134962
vn -0.08608394 0.06824738 -0.99394761
vn -0.08608394 0.06824738 -0.99394761
vn -0.08608394 0.06824738 -0.99394761
vn 0.49070503 -0.33282369 -0.80525584
vn 0.49070503 -0.33282369 -0.80525584
vn 0.49070503 -0.33282369 -0.80525584
vn 0.28496862 -0.21694422 -0.93366380
vn 0.28496862 -0.21694422 -0.93366380
vn 0.28496862 -0.21694422 -0.93366380
vn 0.00089518 -0.09388103 -0.99558302
vn 0.00089518 -0.09388103 -0.99558302
vn 0.00089518 -0.09388103 -0.99558302
vn -0.14112195 0.25121965 -0.95758722
vn -0.14112195 0.25121965 -0.95758722
vn -0.14112195 0.25121965 -0.95758722
vn -0.38020839 0.48527374 -0.78736966
vn -0.38020839 0.48527374 -0.78736966
vn -0.38020839 0.48527374 -0.78736966
vn 0.48799732 -0.35824072 -0.79594108
vn 0.48799732 -0.35824072 -0.79594108
vn 0.48799732 -0.35824072 -0.79594108
vn -0.29244587 0.44290815 -0.84753040
vn -0.29244587 0.44290815 -0.84753040
vn -0.29244587 0.44290815 -0.84753040
vn 0.18988431 -0.56088283 -0.80582529
vn 0.18988431 -0.56088283 -0.80582529
vn 0.18988431 -0.56088283 -0.80582529
vn 0.29972690 -0.21592307 -0.92926907
vn 0.29972690 -0.21592307 -0.92926907
vn 0.29972690 -0.21592307 -0.92926907
vn 0.47709809 -0.36227242 -0.80070976
vn 0.47709809 -0.36227242 -0.80070976
vn 0.47709809 -0.36227242 -0.80070976
vn -0.19766374 0.26278022 -0.94439166
vn -0.19766374 0.26278022 -0.94439166
vn -0.19766374 0.26278022 -0.94439166
vn 0.18190048 -0.57053166 -0.80087816
vn 0.18190048 -0.57053166 -0.80087816
vn 0.18190048 -0.57053166 -0.80087816
vn -0.23455106 0.33310023 -0.91325245
vn -0.23455106 0.33310023 -0.91325245
vn -0.23455106 0.33310023 -0.91325245
vn 0.47481785 -0.36410422 -0.80123413
vn 0.47481785 -0.36410422 -0.80123413
vn 0.47481785 -0.36410422 -0.80123413
vn -0.04388773 -0.17131667 -0.98423801
vn -0.04438115 -0.16919334 -0.98458312
vn -0.04431855 -0.16946283 -0.98453960
vn -0.04486595 -0.16710544 -0.98491767
vn -0.04341676 -0.21705239 -0.97519395
vn -0.04341676 -0.21705239 -0.97519395
vn -0.04341676 -0.21705239 -0.97519395
vn -0.03746061 -0.18128610 -0.98271667
vn -0.03746061 -0.18128610 -0.98271667
vn -0.03746061 -0.18128610 -0.98271667
vn -0.01573205 -0.18126624 -0.98330822
vn -0.01573205 -0.18126624 -0.98330822
vn -0.01573205 -0.18126624 -0.98330822
vn 0.73177071 -0.65713834 0.18077841
vn 0.73177071 -0.65713834 0.18077841
vn 0.73177071 -0.65713834 0.18077841
vn -0.23531318 0.93088201 0.27943941
vn -0.23531318 0.93088201 0.27943941
vn -0.23531318 0.93088201 0.27943941
vn -0.07461942 0.97121978 0.22619480
vn -0.07461942 0.97121978 0.22619480
vn -0.07461942 0.97121978 0.22619480
vn 0.12651766 0.97588581 0.17787684
vn 0.12651766 0.97588581 0.17787684
vn 0.12651766 0.97588581 0.17787684
vn 0.00000000 0.00000000 0.00000000
vn 0.00000000 0.00000000 0.00000000
vn 0.32816916 0.93786616 0.11274781
vn 0.32816916 0.93786616 0.11274781
vn 0.32816916 0.93786616 0.11274781
vn 0.79673641 0.58424033 -0.15451321
vn 0.79673641 0.58424033 -0.15451321
vn 0.79673641 0.58424033 -0.15451321
vn 0.42130235 0.90387562 0.07425088
vn 0.42130235 0.90387562 0.07425088
vn 0.42130235 0.90387562 0.07425088
vn -0.72957188 0.59128307 0.34367020
vn -0.72957188 0.59128307 0.34367020
vn -0.72957188 0.59128307 0.34367020
vn -0.68155487 0.65003347 0.33606465
vn -0.68155487 0.65003347 0.33606465
vn -0.68155487 0.65003347 0.33606465
vn 0.75195790 0.65710863 -0.05260754
vn 0.75195790 0.65710863 -0.05260754
vn 0.75195790 0.65710863 -0.05260754
vn 0.60595285 0.79533806 -0.01607858
vn 0.60595285 0.79533806 -0.01607858
vn 0.60595285 0.79533806 -0.01607858
vn 0.89867809 0.39222258 -0.19631389
vn 0.89867809 0.39222258 -0.19631389
vn 0.89867809 0.39222258 -0.19631389
vn 0.90303300 0.38089289 -0.19862531
vn 0.90303300 0.38089289 -0.19862531
vn 0.90303300 0.38089289 -0.19862531
vn 0.91638226 -0.21339087 -0.33868555
vn 0.91638226 -0.21339087 -0.33868555
vn 0.91638226 -0.21339087 -0.33868555
vn 0.87644104 -0.32424788 -0.35596968
vn 0.87687298 -0.32031255 -0.35846012
vn 0.87675650 -0.32139187 -0.35777830
vn 0.87716316 -0.31756094 -0.36019418
vn 0.90774752 -0.22650685 -0.35311343
vn 0.90774752 -0.22650685 -0.35311343
vn 0.90774752 -0.22650685 -0.35311343
vn 0.93728389 -0.09932562 -0.33411574
vn 0.93728389 -0.09932562 -0.33411574
vn 0.93728389 -0.09932562 -0.33411574
vn 0.93635839 -0.13154911 -0.32546550
vn 0.93635839 -0.13154911 -0.32546550
vn 0.93635839 -0.13154911 -0.32546550
vn 0.49375118 -0.79478285 -0.35288808
vn 0.49375118 -0.79478285 -0.35288808
vn 0.49375118 -0.79478285 -0.35288808
vn 0.04756625 -0.96464505 -0.25922456
vn 0.04756625 -0.96464505 -0.25922456
vn 0.04756625 -0.96464505 -0.25922456
vn -0.40671647 -0.90743098 -0.10559703
vn -0.40671647 -0.90743098 -0.10559703
vn -0.40671647 -0.90743098 -0.10559703
vn -0.13941850 -0.96496281 -0.22228192
vn -0.13941850 -0.96496281 -0.22228192
vn -0.13941850 -0.96496281 -0.22228192
vn 0.39410652 -0.84823015 -0.35381587
vn 0.39410652 -0.84823015 -0.35381587
vn 0.39410652 -0.84823015 -0.35381587
vn -0.74114135 -0.67094397 0.02331718
vn -0.74114135 -0.67094397 0.02331718
vn -0.74114135 -0.67094397 0.02331718
vn -0.65436778 -0.75613861 0.00756430
vn -0.65436778 -0.75613861 0.00756430
vn -0.65436778 -0.75613861 0.00756430
vn -0.94869086 -0.23363896 0.21306921
vn -0.94869086 -0.23363896 0.21306921
vn -0.94869086 -0.23363896 0.21306921
vn -0.93051046 -0.32179590 0.17492191
vn -0.93051046 -0.32179590 0.17492191
vn -0.93051046 -0.32179590 0.17492191
vn -0.94019362 0.16877376 0.29589081
vn -0.94015826 0.16908232 0.29582700
vn -0.94021113 0.16862068 0.29592245
vn -0.90230207 0.29227149 0.31690432
vn -0.90230207 0.29227149 0.31690432
vn -0.90230207 0.29227149 0.31690432
vn -0.94013640 0.16927264 0.29578764
vn -0.91663783 0.25649098 0.30657375
vn -0.91663783 0.25649098 0.30657375
vn -0.91663783 0.25649098 0.30657375
vn -0.89824353 0.31026435 0.31127898
vn -0.89824353 0.31026435 0.31127898
vn -0.89824353 0.31026435 0.31127898
vn -0.92091980 0.22811236 0.31602447
vn -0.92091980 0.22811236 0.31602447
vn -0.92091980 0.22811236 0.31602447
vn 0.36872912 0.69499049 0.61727388
vn 0.36872912 0.69499049 0.61727388
vn 0.36872912 0.69499049 0.61727388
vn 0.34868058 0.91524471 -0.20186377
vn 0.34868058 0.91524471 -0.20186377
vn 0.34868058 0.91524471 -0.20186377
vn -0.28959251 0.57730750 0.76344760
vn -0.28959251 0.57730750 0.76344760
vn -0.28959251 0.57730750 0.76344760
vn 0.75269479 0.63959185 -0.15611798
vn 0.75269479 0.63959185 -0.15611798
vn 0.75269479 0.63959185 -0.15611798
vn 0.60536072 0.28142791 0.74453793
vn 0.60536072 0.28142791 0.74453793
vn 0.60536072 0.28142791 0.74453793
vn 0.99008705 -0.13707160 0.03064323
vn 0.99008705 -0.13707160 0.03064323
vn 0.99008705 -0.13707160 0.03064323
vn 0.59506813 -0.14639776 0.79022884
vn 0.59506813 -0.14639776 0.79022884
vn 0.59506813 -0.14639776 0.79022884
vn 0.93569298 -0.29108400 -0.19937090
vn 0.93569298 -0.29108400 -0.19937090
vn 0.93569298 -0.29108400 -0.19937090
vn 0.94801550 -0.13849508 0.28650605
vn 0.94801550 -0.13849508 0.28650605
vn 0.94801550 -0.13849508 0.28650605
vn 0.60656881 -0.22922440 0.76126897
vn 0.60656881 -0.22922440 0.76126897
vn 0.60656881 -0.22922440 0.76126897
vn 0.61991416 -0.77948058 0.09009139
vn 0.61991416 -0.77948058 0.09009139
vn 0.61991416 -0.77948058 0.09009139
vn 0.27043370 -0.56874494 0.77678492
vn 0.27043370 -0.56874494 0.77678492
vn 0.27043370 -0.56874494 0.77678492
vn -0.19212157 -0.96238488 0.19210582
vn -0.19212157 -0.96238488 0.19210582
vn -0.19212157 -0.96238488 0.19210582
vn 0.50137943 0.86366467 0.05198069
vn 0.50137943 0.86366467 0.05198069
vn 0.50137943 0.86366467 0.05198069
vn -0.36566281 0.87987394 0.30350051
vn -0.36566281 0.87987394 0.30350051
vn -0.36566281 0.87987394 0.30350051
vn -0.46911553 0.83016847 0.30124894
vn -0.46911553 0.83016847 0.30124894
vn -0.46911553 0.83016847 0.30124894
vn 0.01088406 0.97646352 0.21540785
vn 0.01088406 0.97646352 0.21540785
vn 0.01088406 0.97646352 0.21540785
vn 0.11371855 0.97852104 0.17194377
vn 0.11371855 0.97852104 0.17194377
vn 0.11371855 0.97852104 0.17194377
vn -0.74702143 0.58179152 0.32167936
vn -0.74702143 0.58179152 0.32167936
vn -0.74702143 0.58179152 0.32167936
vn -0.77305293 0.53309180 0.34380562
vn -0.77305293 0.53309180 0.34380562
vn -0.77305293 0.53309180 0.34380562
vn -0.78482316 0.52285404 0.33268042
vn -0.78482316 0.52285404 0.33268042
vn -0.78482316 0.52285404 0.33268042
vn -0.66906350 0.67043122 0.32074292
vn -0.66906350 0.67043122 0.32074292
vn -0.66906350 0.67043122 0.32074292
vn -0.68604446 0.63294537 0.35878009
vn -0.68604446 0.63294537 0.35878009
vn -0.68604446 0.63294537 0.35878009
vn -0.91637462 -0.37065702 0.15123137
vn -0.91637462 -0.37065702 0.15123137
vn -0.91637462 -0.37065702 0.15123137
vn -0.91844819 -0.36387776 0.15506741
vn -0.91844819 -0.36387776 0.15506741
vn -0.91844819 -0.36387776 0.15506741
vn -0.93824013 0.17462016 0.29868590
vn -0.93824013 0.17462016 0.29868590
vn -0.93824013 0.17462016 0.29868590
vn -0.92790021 0.21923175 0.30156034
vn -0.92790021 0.21923175 0.30156034
vn -0.92790021 0.21923175 0.30156034
vn -0.92531497 0.22729400 0.30352865
vn -0.92531497 0.22729400 0.30352865
vn -0.92531497 0.22729400 0.30352865
vn 0.81190121 0.57249751 -0.11429359
vn 0.81190121 0.57249751 -0.11429359
vn 0.81190121 0.57249751 -0.11429359
vn 0.94443110 0.16859762 -0.28217855
vn 0.94443110 0.16859762 -0.28217855
vn 0.94443110 0.16859762 -0.28217855
vn 0.95631345 -0.02773081 -0.29102505
vn 0.95631345 -0.02773081 -0.29102505
vn 0.95631345 -0.02773081 -0.29102505
vn 0.68224154 0.72778395 -0.06983560
vn 0.68224154 0.72778395 -0.06983560
vn 0.68224154 0.72778395 -0.06983560
vn 0.77577454 -0.51180873 -0.36908765
vn 0.77577454 -0.51180873 -0.36908765
vn 0.77577454 -0.51180873 -0.36908765
vn 0.76173387 -0.52037264 -0.38597129
vn 0.76173387 -0.52037264 -0.38597129
vn 0.76173387 -0.52037264 -0.38597129
vn 0.70343510 -0.61155092 -0.36219406
vn 0.70343510 -0.61155092 -0.36219406
vn 0.70343510 -0.61155092 -0.36219406
vn 0.71342033 -0.60617924 -0.35153685
vn 0.71342033 -0.60617924 -0.35153685
vn 0.71342033 -0.60617924 -0.35153685
vn 0.63369681 -0.68089701 -0.36716156
vn 0.63369681 -0.68089701 -0.36716156
vn 0.63369681 -0.68089701 -0.36716156
vn 0.64285343 -0.67587807 -0.36045568
vn 0.64285343 -0.67587807 -0.36045568
vn 0.64285343 -0.67587807 -0.36045568
vn -0.29207424 -0.94236780 -0.16320406
vn -0.29207424 -0.94236780 -0.16320406
vn -0.29207424 -0.94236780 -0.16320406
vn -0.59519936 -0.80328923 -0.02154383
vn -0.59519936 -0.80328923 -0.02154383
vn -0.59519936 -0.80328923 -0.02154383
vn -0.61343495 -0.78948944 -0.02009954
vn -0.61343495 -0.78948944 -0.02009954
vn -0.61343495 -0.78948944 -0.02009954
vn 0.15934468 -0.94568055 -0.28336826
vn 0.15934468 -0.94568055 -0.28336826
vn 0.15934468 -0.94568055 -0.28336826
vn 0.04333161 -0.97190527 -0.23134935
vn 0.04333161 -0.97190527 -0.23134935
vn 0.04333161 -0.97190527 -0.23134935
vn 0.54119959 0.67861150 0.49657773
vn 0.54119959 0.67861150 0.49657773
vn 0.54119959 0.67861150 0.49657773
vn 0.79506342 0.14487014 0.58897096
vn 0.79506342 0.14487014 0.58897096
vn 0.79506342 0.14487014 0.58897096
vn 0.88667412 0.13276876 0.44292376
vn 0.88667412 0.13276876 0.44292376
vn 0.88667412 0.13276876 0.44292376
vn 0.62471891 -0.42926139 0.65227367
vn 0.62471891 -0.42926139 0.65227367
vn 0.62471891 -0.42926139 0.65227367
vn 0.74089719 -0.49816739 0.45044490
vn 0.74089719 -0.49816739 0.45044490
vn 0.74089719 -0.49816739 0.45044490
vn 0.72097696 -0.63442631 0.27873908
vn 0.72097696 -0.63442631 0.27873908
vn 0.72097696 -0.63442631 0.27873908
vn -0.91300458 -0.37261969 0.16606387
vn -0.91300458 -0.37261969 0.16606387
vn -0.91300458 -0.37261969 0.16606387
vn -0.96692389 -0.10925621 0.23048053
vn -0.96692389 -0.10925621 0.23048053
vn -0.96692389 -0.10925621 0.23048053
vn -0.96038627 0.03544906 0.27640836
vn -0.96038627 0.03544906 0.27640836
vn -0.96038627 0.03544906 0.27640836
vn -0.88965904 -0.43533393 0.13780844
vn -0.88965904 -0.43533393 0.13780844
vn -0.88965904 -0.43533393 0.13780844
vn -0.70813027 0.61481967 0.34720065
vn -0.70813027 0.61481967 0.34720065
vn -0.70813027 0.61481967 0.34720065
vn -0.85819456 0.40763967 0.31198076
vn -0.85819456 0.40763967 0.31198076
vn -0.85819456 0.40763967 0.31198076
vn -0.59334857 -0.80441172 -0.02931318
vn -0.59334857 -0.80441172 -0.02931318
vn -0.59334857 -0.80441172 -0.02931318
vn -0.65211465 -0.75780788 -0.02176465
vn -0.65211465 -0.75780788 -0.02176465
vn -0.65211465 -0.75780788 -0.02176465
vn -0.30796604 -0.94039493 -0.14427162
vn -0.30796604 -0.94039493 -0.14427162
vn -0.30796604 -0.94039493 -0.14427162
vn -0.10467691 -0.96679589 -0.23312756
vn -0.10467691 -0.96679589 -0.23312756
vn -0.10467691 -0.96679589 -0.23312756
vn 0.74699262 -0.55056477 -0.37266669
vn 0.74699262 -0.55056477 -0.37266669
vn 0.74699262 -0.55056477 -0.37266669
vn 0.45698507 -0.82842027 -0.32385875
vn 0.45698507 -0.82842027 -0.32385875
vn 0.45698507 -0.82842027 -0.32385875
vn 0.46061433 -0.82317093 -0.33200010
vn 0.46061433 -0.82317093 -0.33200010
vn 0.46061433 -0.82317093 -0.33200010
vn 0.35216072 -0.86983711 -0.34549418
vn 0.35216072 -0.86983711 -0.34549418
vn 0.35216072 -0.86983711 -0.34549418
vn 0.31842506 -0.89541809 -0.31117829
vn 0.31842506 -0.89541809 -0.31117829
vn 0.31842506 -0.89541809 -0.31117829
vn 0.84376130 -0.40391226 -0.35344272
vn 0.84376130 -0.40391226 -0.35344272
vn 0.84376130 -0.40391226 -0.35344272
vn 0.83744877 -0.41854907 -0.35142032
vn 0.83744877 -0.41854907 -0.35142032
vn 0.83744877 -0.41854907 -0.35142032
vn 0.94443159 0.23809394 -0.22662800
vn 0.94443159 0.23809394 -0.22662800
vn 0.94443159 0.23809394 -0.22662800
vn 0.95268195 0.04496544 -0.30062470
vn 0.95268195 0.04496544 -0.30062470
vn 0.95268195 0.04496544 -0.30062470
vn 0.82597264 0.54649948 -0.13822990
vn 0.82597264 0.54649948 -0.13822990
vn 0.82597264 0.54649948 -0.13822990
vn 0.87716182 0.45524714 -0.15276514
vn 0.87716182 0.45524714 -0.15276514
vn 0.87716182 0.45524714 -0.15276514
vn 0.55631320 0.83094717 0.00651311
vn 0.55631320 0.83094717 0.00651311
vn 0.55631320 0.83094717 0.00651311
vn 0.63205799 0.77492094 0.00048574
vn 0.63205799 0.77492094 0.00048574
vn 0.63205799 0.77492094 0.00048574
vn 0.11551707 0.97806658 0.17332503
vn 0.11551707 0.97806658 0.17332503
vn 0.11551707 0.97806658 0.17332503
vn 0.16497700 0.97094873 0.17332385
vn 0.16497700 0.97094873 0.17332385
vn 0.16497700 0.97094873 0.17332385
vn -0.40190290 0.86383423 0.30375071
vn -0.40190290 0.86383423 0.30375071
vn -0.40190290 0.86383423 0.30375071
vn -0.38114876 0.86884873 0.31595490
vn -0.38114876 0.86884873 0.31595490
vn -0.38114876 0.86884873 0.31595490
vn -0.48061708 0.81994761 0.31095522
vn -0.48061708 0.81994761 0.31095522
vn -0.48061708 0.81994761 0.31095522
vn -0.47331747 0.82166993 0.31753598
vn -0.47331747 0.82166993 0.31753598
vn -0.47331747 0.82166993 0.31753598
vn -0.35838994 0.88468111 0.29815430
vn -0.35838994 0.88468111 0.29815430
vn -0.35838994 0.88468111 0.29815430
vn -0.09124472 -0.81078267 0.57819189
vn -0.09124472 -0.81078267 0.57819189
vn -0.09124472 -0.81078267 0.57819189
vn -0.03969730 -0.68773045 0.72487996
vn -0.03969730 -0.68773045 0.72487996
vn -0.03969730 -0.68773045 0.72487996
vn 0.34952481 -0.83017746 0.43432452
vn 0.34952481 -0.83017746 0.43432452
vn 0.34952481 -0.83017746 0.43432452
vn 0.70186435 -0.70779118 0.08011291
vn 0.70186435 -0.70779118 0.08011291
vn 0.70186435 -0.70779118 0.08011291
vn 0.71151857 -0.21373232 0.66937271
vn 0.71151857 -0.21373232 0.66937271
vn 0.71151857 -0.21373232 0.66937271
vn 0.96704199 0.04801893 -0.25004795
vn 0.96704199 0.04801893 -0.25004795
vn 0.96704199 0.04801893 -0.25004795
vn 0.57800390 0.76050124 -0.29588742
vn 0.57800390 0.76050124 -0.29588742
vn 0.57800390 0.76050124 -0.29588742
vn 0.02583169 0.47725112 -0.87838721
vn 0.02583169 0.47725112 -0.87838721
vn 0.02583169 0.47725112 -0.87838721
vn -0.33268600 0.46792915 -0.81875658
vn -0.33268600 0.46792915 -0.81875658
vn -0.33268600 0.46792915 -0.81875658
vn -0.34596442 0.50500772 -0.79074384
vn -0.34596442 0.50500772 -0.79074384
vn -0.34596442 0.50500772 -0.79074384
vn -0.45725146 0.66533324 -0.59012946
vn -0.45725146 0.66533324 -0.59012946
vn -0.45725146 0.66533324 -0.59012946
vn -0.40023004 0.80529521 -0.43739632
vn -0.40023004 0.80529521 -0.43739632
vn -0.40023004 0.80529521 -0.43739632
vn -0.81375972 0.34552307 -0.46734241
vn -0.81375972 0.34552307 -0.46734241
vn -0.81375972 0.34552307 -0.46734241
vn -0.90396019 0.19396504 0.38109519
vn -0.90396019 0.19396504 0.38109519
vn -0.90396019 0.19396504 0.38109519
vn -0.43249975 0.47094164 -0.76886796
vn -0.43249975 0.47094164 -0.76886796
vn -0.43249975 0.47094164 -0.76886796
vn -0.85088473 0.04356443 -0.52354304
vn -0.85088473 0.04356443 -0.52354304
vn -0.85088473 0.04356443 -0.52354304
vn -0.55799042 -0.36077339 -0.74732139
vn -0.55799042 -0.36077339 -0.74732139
vn -0.55799042 -0.36077339 -0.74732139
vn 0.52961286 0.73727200 -0.41945228
vn 0.52961286 0.73727200 -0.41945228
vn 0.52961286 0.73727200 -0.41945228
f 1//1 2//2 3//3
f 4//4 5//5 6//6
f 7//7 8//8 9//9
f 10//10 11//11 12//12
f 13//13 14//14 15//15
f 16//16 11//11 10//10
f 17//17 18//18 19//19
f 20//20 21//21 22//22
f 23//23 24//24 25//25
f 26//26 27//27 28//28
f 29//29 30//30 12//12
f 31//31 32//32 33//33
f 34//34 35//35 11//11
f 36//36 37//37 38//38
f 29//29 12//12 39//39
f 40//40 41//41 42//42
f 43//43 44//44 45//45
f 46//46 47//47 48//48
f 49//49 34//34 11//11
f 50//50 29//29 39//39
f 51//51 52//52 53//53
f 54//54 49//49 11//11
f 55//55 56//56 57//57
f 58//58 59//59 60//60
f 61//61 62//62 63//63
f 64//64 65//65 66//66
f 67//67 68//68 69//69
f 70//70 71//71 72//72
f 73//73 74//74 75//75
f 76//76 65//65 64//64
f 77//77 78//78 79//79
f 80//80 81//81 82//82
f 83//83 84//84 85//85
f 86//86 79//79 87//87
f 88//88 89//89 90//90
f 91//91 92//92 93//93
f 94//94 95//95 96//96
f 97//97 98//98 99//99
f 100//100 101//101 102//102
f 103//103 104//104 105//105
f 106//106 107//107 108//108
f 109//109 110//110 111//111
f 112//112 113//113 114//114
f 115//115 116//116 117//117
f 118//118 119//119 120//120
f 121//121 122//122 123//123
f 124//124 125//125 126//126
f 127//127 128//128 129//129
f 130//130 131//131 132//132
f 133//133 134//134 135//135
f 136//136 137//137 138//138
f 139//139 140//140 141//141
f 142//142 143//143 144//144
f 145//145 146//146 147//147
f 148//148 149//149 150//150
f 151//151 152//152 153//153
f 154//154 155//155 156//156
f 157//157 158//158 159//159
f 160//160 161//161 162//162
f 163//163 164//164 165//165
f 166//166 167//167 168//168
f 169//169 170//170 171//171
f 172//172 173//173 174//174
f 175//175 176//176 177//177
f 178//178 179//179 180//180
f 181//181 182//182 183//183
f 184//184 185//185 186//186
f 187//187 188//188 189//189
f 190//190 191//191 192//192
f 193//193 194//194 195//195
f 196//196 197//197 198//198
f 199//199 200//200 201//201
f 202//202 203//203 204//204
f 205//205 206//206 207//207
f 208//208 209//209 210//210
f 209//209 208//208 211//211
f 212//212 213//213 214//214
f 215//215 216//216 217//217
f 218//218 219//219 220//220
f 221//221 222//222 223//223
f 224//224 225//225 226//226
f 227//227 228//228 229//229
f 230//230 231//231 232//232
f 233//233 234//234 235//235
f 236//236 237//237 238//238
f 239//239 240//240 241//241
f 242//242 243//243 244//244
f 245//245 246//246 247//247
f 248//248 249//249 250//250
f 251//251 252//252 253//253
f 254//254 255//255 256//256
f 257//257 258//258 259//259
f 260//260 261//261 262//262
f 263//263 264//264 265//265
f 266//266 267//267 268//268
f 269//269 270//270 271//271
f 272//272 273//273 274//274
f 275//275 276//276 277//277
f 278//278 279//279 280//280
f 281//281 282//282 283//283
f 284//284 285//285 286//286
f 287//287 288//288 289//289
f 290//290 291//291 292//292
f 293//293 294//294 295//295
f 296//296 297//297 298//298
f 299//299 300//300 301//301
f 302//302 303//303 304//304
f 305//305 306//306 307//307
f 308//308 309//309 310//310
f 311//311 312//312 313//313
f 314//314 315//315 316//316
f 317//317 318//318 319//319
f 320//320 321//321 322//322
f 323//323 324//324 325//325
f 326//326 327//327 328//328
f 329//329 330//330 331//331
f 332//332 333//333 334//334
f 335//335 336//336 337//337
f 338//338 339//339 340//340
f 341//341 342//342 343//343
f 344//344 345//345 346//346
f 347//347 348//348 349//349
f 350//350 351//351 352//352
f 353//353 354//354 355//355
f 356//356 357//357 358//358
f 359//359 360//360 361//361
f 362//362 363//363 364//364
f 362//362 365//365 363//363
f 366//366 367//367 368//368
f 369//369 370//370 371//371
f 372//372 373//373 374//374
f 375//375 376//376 377//377
f 378//378 379//379 380//380
f 381//381 382//382 383//383
f 384//384 385//385 386//386
f 387//387 388//388 389//389
f 390//390 391//391 392//392
f 393//393 394//394 395//395
f 396//396 397//397 398//398
f 399//399 400//400 401//401
f 402//402 403//403 404//404
f 405//405 406//406 407//407
f 408//408 409//409 410//410
f 411//411 412//412 413//413
f 414//414 415//415 416//416
f 417//417 418//418 419//419
f 420//420 421//421 422//422
f 423//423 424//424 425//425
f 426//426 427//427 428//428
f 429//429 430//430 431//431
f 432//432 433//433 434//434
f 435//435 436//436 437//437
f 438//438 439//439 440//440
f 441//441 442//442 443//443
f 444//444 445//445 446//446
f 447//447 448//448 449//449
f 450//450 451//451 452//452
f 453//453 454//454 455//455
f 456//456 457//457 458//458
f 459//459 460//460 461//461
f 462//462 463//463 464//464
f 465//465 466//466 467//467
f 468//468 469//469 470//470
f 471//471 472//472 473//473
f 474//474 475//475 476//476
f 477//477 478//478 479//479
f 480//480 481//481 482//482
f 483//483 484//484 485//485
f 486//486 487//487 488//488
f 489//489 490//490 491//491
f 492//492 493//493 494//494
f 495//495 496//496 497//497
f 498//498 499//499 500//500
f 501//501 502//502 503//503
f 504//504 505//505 506//506
f 507//507 508//508 509//509
f 510//510 511//511 512//512
f 513//513 514//514 515//515
f 516//516 517//517 518//518
f 519//519 520//520 521//521
f 522//522 523//523 524//524
f 525//525 526//526 527//527
f 528//528 529//529 530//530
f 531//531 532//532 533//533
f 534//534 535//535 536//536
f 537//537 538//538 539//539
f 540//540 541//541 542//542
f 543//543 544//544 545//545
f 546//546 547//547 548//548
f 549//549 550//550 551//551
f 552//552 553//553 554//554
f 555//555 556//556 557//557
f 558//558 559//559 560//560
f 561//561 562//562 563//563
f 564//564 565//565 566//566
f 567//567 568//568 569//569
f 570//570 571//571 572//572
f 573//573 574//574 575//575
f 576//576 577//577 578//578
f 579//579 580//580 581//581
f 582//582 583//583 584//584
f 585//585 586//586 587//587
f 588//588 589//589 590//590
f 591//591 592//592 593//593
f 594//594 595//595 596//596
f 597//597 598//598 599//599
f 600//600 601//601 602//602
f 603//603 604//604 605//605
f 606//606 607//607 608//608
f 609//609 610//610 611//611
f 612//612 613//613 614//614
f 615//615 616//616 617//617
f 618//618 619//619 620//620
f 621//621 622//622 623//623
f 624//624 625//625 626//626
f 624//624 626//626 627//627
f 628//628 629//629 630//630
f 631//631 632//632 633//633
f 634//634 635//635 636//636
f 637//637 638//638 639//639
f 640//640 641//641 642//642
f 643//643 644//644 645//645
f 646//646 647//647 648//648
f 649//649 650//650 651//651
f 652//652 653//653 654//654
f 655//655 656//656 657//657
f 658//658 659//659 660//660
f 661//661 662//662 663//663
f 664//664 665//665 666//666
f 667//667 668//668 669//669
f 670//670 671//671 672//672
f 673//673 674//674 675//675
f 676//676 677//677 678//678
f 679//679 680//680 681//681
f 682//682 683//683 684//684
f 685//685 686//686 687//687
f 688//688 689//689 690//690
f 691//691 692//692 693//693
f 694//694 695//695 696//696
f 697//697 698//698 699//699
f 700//700 701//701 702//702
f 703//703 704//704 705//705
f 706//706 707//707 708//708
f 709//709 710//710 711//711
f 712//712 713//713 714//714
f 715//715 716//716 717//717
f 718//718 719//719 720//720
f 721//721 722//722 723//723
f 724//724 725//725 726//726
f 727//727 728//728 729//729
f 730//730 731//731 732//732
f 733//733 734//734 735//735
f 736//736 737//737 738//738
f 739//739 740//740 741//741
f 742//742 743//743 744//744
f 745//745 746//746 747//747
f 748//748 749//749 750//750
f 751//751 752//752 753//753
f 754//754 755//755 756//756
f 757//757 758//758 759//759
f 760//760 761//761 762//762
f 763//763 764//764 765//765
f 766//766 767//767 768//768
f 769//769 770//770 771//771
f 772//772 773//773 774//774
f 775//775 776//776 777//777
f 778//778 779//779 780//780
f 781//781 782//782 783//783
f 784//784 785//785 786//786
f 787//787 788//788 789//789
f 790//790 791//791 792//792
f 793//793 794//794 795//795
f 796//796 797//797 798//798
f 799//799 800//800 801//801
f 802//802 803//803 804//804
f 805//805 806//806 807//807
f 808//808 809//809 810//810
f 811//811 812//812 813//813
f 814//814 815//815 816//816
f 817//817 818//818 819//819
f 820//820 821//821 822//822
f 823//823 824//824 825//825
f 826//826 827//827 828//828
f 829//829 830//830 831//831
f 832//832 833//833 834//834
f 835//835 836//836 837//837
f 838//838 839//839 840//840
f 841//841 842//842 843//843
f 844//844 845//845 846//846
f 847//847 848//848 849//849
f 850//850 851//851 852//852
f 853//853 854//854 855//855
f 856//856 857//857 858//858
f 859//859 860//860 861//861
f 862//862 863//863 864//864
f 865//865 866//866 867//867
f 868//868 869//869 870//870
f 871//871 872//872 873//873
f 874//874 875//875 876//876
f 877//877 878//878 879//879
f 880//880 881//881 882//882
f 883//883 884//884 885//885
f 886//886 887//887 888//888
f 889//889 890//890 891//891
f 892//892 893//893 894//894
f 895//895 896//896 897//897
f 898//898 899//899 900//900
f 901//901 902//902 903//903
f 904//904 905//905 906//906
f 907//907 908//908 909//909
f 910//910 902//902 901//901
f 911//911 912//912 913//913
f 914//914 915//915 916//916
f 917//917 918//918 919//919
f 920//920 921//921 922//922
f 923//923 924//924 925//925
f 926//926 927//927 928//928
f 929//929 930//930 931//931
f 932//932 933//933 934//934
f 935//935 936//936 937//937
f 938//938 939//939 940//940
f 941//941 942//942 943//943
f 944//944 945//945 946//946
f 947//947 948//948 949//949
f 950//950 951//951 952//952
f 953//953 954//954 955//955
f 956//956 957//957 958//958
f 959//959 960//960 961//961
f 962//962 963//963 964//964
f 965//965 966//966 967//967
f 968//968 969//969 970//970
f 971//971 972//972 973//973
f 974//974 975//975 976//976
f 977//977 978//978 979//979
f 980//980 981//981 982//982
f 983//983 984//984 985//985
f 986//986 987//987 988//988
f 989//989 990//990 991//991
f 992//992 993//993 994//994
f 995//995 996//996 997//997
f 998//998 999//999 1000//1000
f 1001//1001 1002//1002 1003//1003
f 1004//1004 1005//1005 1006//1006
f 1007//1007 1008//1008 1009//1009
f 1010//1010 1011//1011 1012//1012
f 1013//1013 1014//1014 1015//1015
f 1016//1016 1017//1017 1018//1018
f 1019//1019 1020//1020 1021//1021
f 1022//1022 1023//1023 1024//1024
f 1025//1025 1026//1026 1027//1027
f 1028//1028 1029//1029 1030//1030
f 1031//1031 1032//1032 1033//1033
f 1034//1034 1035//1035 1036//1036
f 1037//1037 1038//1038 1039//1039
f 1040//1040 1041//1041 1042//1042
f 1043//1043 1044//1044 1045//1045
f 1046//1046 1047//1047 1048//1048
f 1049//1049 1050//1050 1051//1051
f 1052//1052 1053//1053 1054//1054
f 1055//1055 1056//1056 1057//1057
f 1058//1058 1059//1059 1060//1060
f 1061//1061 1062//1062 1063//1063
f 1064//1064 1065//1065 1066//1066
f 1067//1067 1068//1068 1069//1069
f 1070//1070 1071//1071 1072//1072
f 1073//1073 1074//1074 1075//1075
f 1076//1076 1077//1077 1078//1078
f 1079//1079 1080//1080 1081//1081
f 1082//1082 1083//1083 1084//1084
f 1085//1085 1086//1086 1087//1087
f 1088//1088 1089//1089 1090//1090
f 1091//1091 1092//1092 1093//1093
f 1094//1094 1095//1095 1096//1096
f 1097//1097 1098//1098 1099//1099
f 1100//1100 1101//1101 1102//1102
f 1103//1103 1104//1104 1105//1105
f 1106//1106 1107//1107 1108//1108
f 1109//1109 1110//1110 1111//1111
f 1112//1112 1113//1113 1114//1114
f 1115//1115 1116//1116 1117//1117
f 1118//1118 1119//1119 1120//1120
f 1121//1121 1122//1122 1123//1123
f 1124//1124 1125//1125 1126//1126
f 1127//1127 1128//1128 1129//1129
f 1130//1130 1131//1131 1132//1132
f 1133//1133 1134//1134 1135//1135
f 1136//1136 1137//1137 1138//1138
f 1139//1139 1140//1140 1141//1141
f 1142//1142 1143//1143 1144//1144
f 1145//1145 1146//1146 1147//1147
f 1148//1148 1149//1149 1150//1150
f 1151//1151 1152//1152 1153//1153
f 1154//1154 1155//1155 1156//1156
f 1157//1157 1158//1158 1159//1159
f 1160//1160 1161//1161 1162//1162
f 1163//1163 1164//1164 1165//1165
f 1166//1166 1167//1167 1168//1168
f 1169//1169 1170//1170 1171//1171
f 1172//1172 1173//1173 1174//1174
f 1175//1175 1176//1176 1177//1177
f 1178//1178 1179//1179 1180//1180
f 1181//1181 1182//1182 1183//1183
f 1184//1184 1185//1185 1186//1186
f 1187//1187 1188//1188 1189//1189
f 1190//1190 1191//1191 1192//1192
f 1193//1193 1194//1194 1195//1195
f 1196//1196 1197//1197 1198//1198
f 1199//1199 1200//1200 1201//1201
f 1202//1202 1203//1203 1204//1204
f 1205//1205 1206//1206 1207//1207
f 1208//1208 1209//1209 1210//1210
f 1211//1211 1212//1212 1213//1213
f 1214//1214 1215//1215 1216//1216
f 1217//1217 1218//1218 1219//1219
f 1220//1220 1221//1221 1222//1222
f 1223//1223 1224//1224 1225//1225
f 1226//1226 1227//1227 1228//1228
f 1229//1229 1230//1230 1231//1231
f 1232//1232 1233//1233 1234//1234
f 1235//1235 1236//1236 1237//1237
f 1238//1238 1239//1239 1240//1240
f 1241//1241 1242//1242 1243//1243
f 1244//1244 1245//1245 1246//1246
f 1246//1246 1245//1245 1247//1247
f 1248//1248 1249//1249 1250//1250
f 1251//1251 1252//1252 1253//1253
f 1254//1254 1255//1255 1256//1256
f 1257//1257 1258//1258 1259//1259
f 1260//1260 1261//1261 1262//1262
f 1263//1263 1264//1264 1265//1265
f 1266//1266 1267//1267 1268//1268
f 1269//1269 1270//1270 1271//1271
f 1272//1272 1273//1273 1274//1274
f 1275//1275 1276//1276 1277//1277
f 1278//1278 1279//1279 1280//1280
f 1281//1281 1282//1282 1283//1283
f 1284//1284 1285//1285 1286//1286
f 1287//1287 1288//1288 1289//1289
f 1290//1290 1291//1291 1292//1292
f 1293//1293 1294//1294 1295//1295
f 1296//1296 1297//1297 1298//1298
f 1299//1299 1300//1300 1301//1301
f 1302//1302 1303//1303 1304//1304
f 1305//1305 1306//1306 1307//1307
f 1308//1308 1309//1309 1310//1310
f 1311//1311 1312//1312 1313//1313
f 1314//1314 1315//1315 1316//1316
f 1317//1317 1318//1318 1319//1319
f 1320//1320 1321//1321 1322//1322
f 1323//1323 1324//1324 1325//1325
f 1326//1326 1327//1327 1328//1328
f 1329//1329 1330//1330 1331//1331
f 1332//1332 1333//1333 1334//1334
f 1335//1335 1336//1336 1337//1337
f 1338//1338 1339//1339 1340//1340
f 1341//1341 1342//1342 1343//1343
f 954//954 953//953 1344//1344
f 1345//1345 1346//1346 1347//1347
f 1348//1348 1349//1349 1350//1350
f 1351//1351 1352//1352 1353//1353
f 1354//1354 1355//1355 1356//1356
f 1357//1357 1358//1358 1359//1359
f 1360//1360 1361//1361 1362//1362
f 1363//1363 1364//1364 1365//1365
f 1366//1366 1367//1367 1368//1368
f 1369//1369 1370//1370 1371//1371
f 1372//1372 1373//1373 1374//1374
f 1375//1375 1376//1376 1377//1377
f 1378//1378 1379//1379 1380//1380
f 1381//1381 1382//1382 1383//1383
f 1384//1384 1385//1385 1386//1386
f 1387//1387 1388//1388 1389//1389
f 1390//1390 1391//1391 1392//1392
f 1393//1393 1394//1394 1395//1395
f 1396//1396 1397//1397 1398//1398
f 1399//1399 1400//1400 1401//1401
f 1402//1402 1403//1403 1404//1404
f 1405//1405 1406//1406 1407//1407
f 1408//1408 1409//1409 1410//1410
f 1411//1411 1412//1412 1413//1413
f 1414//1414 1415//1415 1416//1416
f 1417//1417 1418//1418 1419//1419
f 1420//1420 1421//1421 1422//1422
f 1423//1423 1424//1424 1425//1425
f 1426//1426 1427//1427 1428//1428
f 1429//1429 1430//1430 1431//1431
f 1429//1429 1431//1431 1432//1432
f 1433//1433 1434//1434 1435//1435
f 1436//1436 1437//1437 1438//1438
f 1439//1439 1440//1440 1441//1441
f 1442//1442 1443//1443 1444//1444
f 1445//1445 1446//1446 1447//1447
f 1448//1448 1446//1446 1445//1445
f 1449//1449 1450//1450 1451//1451
f 1452//1452 1453//1453 1454//1454
f 1455//1455 1456//1456 1457//1457
f 1458//1458 1459//1459 1460//1460
f 1461//1461 1462//1462 1463//1463
f 1464//1464 1465//1465 1466//1466
f 1467//1467 1468//1468 1469//1469
f 1470//1470 1471//1471 1472//1472
f 1473//1473 1474//1474 1475//1475
f 1476//1476 1477//1477 1478//1478
f 1479//1479 1480//1480 1481//1481
f 1482//1482 1483//1483 1484//1484
f 1485//1485 1486//1486 1487//1487
f 1488//1488 1489//1489 1490//1490
f 1491//1491 1492//1492 1493//1493
f 1494//1494 1495//1495 1496//1496
f 1497//1497 1498//1498 1499//1499
f 1500//1500 1501//1501 1502//1502
f 1503//1503 1504//1504 1505//1505
f 1506//1506 1507//1507 1508//1508
f 1509//1509 1510//1510 1511//1511
f 1512//1512 1513//1513 1514//1514
f 1515//1515 1516//1516 1517//1517
f 1518//1518 1519//1519 1520//1520
f 1521//1521 1522//1522 1523//1523
f 1524//1524 1525//1525 1526//1526
f 1527//1527 1528//1528 1529//1529
f 1530//1530 1531//1531 1532//1532
f 1533//1533 1534//1534 1535//1535
f 1536//1536 1537//1537 1538//1538
f 1539//1539 1540//1540 1541//1541
f 1542//1542 1543//1543 1544//1544
f 1545//1545 1546//1546 1547//1547
f 1548//1548 1549//1549 1550//1550
f 1551//1551 1552//1552 1553//1553
f 1554//1554 1555//1555 1556//1556
f 1557//1557 1558//1558 1559//1559
f 1560//1560 1561//1561 1562//1562
f 1563//1563 1564//1564 1565//1565
f 1566//1566 1567//1567 1568//1568
f 1569//1569 1570//1570 1571//1571
f 1572//1572 1573//1573 1574//1574
f 1575//1575 1576//1576 1577//1577
f 1578//1578 1579//1579 1580//1580
f 1581//1581 1582//1582 1583//1583
f 1584//1584 1585//1585 1586//1586
f 1587//1587 1588//1588 1589//1589
f 1590//1590 1591//1591 1592//1592
f 1593//1593 1594//1594 1595//1595
f 1596//1596 1597//1597 1598//1598
f 1599//1599 1600//1600 1601//1601
f 1602//1602 1603//1603 1604//1604
f 1605//1605 1606//1606 1607//1607
f 1608//1608 1609//1609 1610//1610
f 1611//1611 1612//1612 1613//1613
f 1614//1614 1615//1615 1616//1616
f 1617//1617 1611//1611 1613//1613
f 1618//1618 1619//1619 1620//1620
f 1621//1621 1622//1622 1623//1623
f 1624//1624 1625//1625 1626//1626
f 1627//1627 1628//1628 1629//1629
f 1630//1630 1631//1631 1632//1632
f 1633//1633 1634//1634 1635//1635
f 1636//1636 1637//1637 1638//1638
f 1639//1639 1640//1640 1641//1641
f 1642//1642 1643//1643 1644//1644
f 1645//1645 1646//1646 1647//1647
f 1648//1648 1649//1649 1650//1650
f 1651//1651 1652//1652 1653//1653
f 1654//1654 1655//1655 1656//1656
f 1657//1657 1658//1658 1659//1659
f 1660//1660 1661//1661 1662//1662
f 1420//1420 1422//1422 1663//1663
f 1664//1664 1665//1665 1666//1666
f 1667//1667 1668//1668 1669//1669
f 1670//1670 1671//1671 1672//1672
f 1673//1673 1674//1674 1675//1675
f 1676//1676 1677//1677 1678//1678
f 1679//1679 1680//1680 1681//1681
f 1682//1682 1683//1683 1684//1684
f 1682//1682 1685//1685 1683//1683
f 1686//1686 1687//1687 1688//1688
f 1689//1689 1690//1690 1691//1691
f 1692//1692 1693//1693 1694//1694
f 1695//1695 1696//1696 1697//1697
f 1698//1698 1699//1699 1700//1700
f 1701//1701 1702//1702 1703//1703
f 1704//1704 1705//1705 1706//1706
f 1707//1707 1708//1708 1709//1709
f 1710//1710 1711//1711 1712//1712
f 1713//1713 1714//1714 1715//1715
f 1716//1716 1717//1717 1718//1718
f 1719//1719 1720//1720 1721//1721
f 1722//1722 1723//1723 1724//1724
f 1725//1725 1726//1726 1727//1727
f 1728//1728 1729//1729 1730//1730
f 1731//1731 1732//1732 1733//1733
f 1734//1734 1735//1735 1736//1736
f 1737//1737 1738//1738 1739//1739
f 1740//1740 1741//1741 1742//1742
f 1743//1743 1744//1744 1745//1745
f 1746//1746 1747//1747 1748//1748
f 1749//1749 1750//1750 1751//1751
f 1752//1752 1753//1753 1754//1754
f 1755//1755 1756//1756 1757//1757
f 1758//1758 1759//1759 1760//1760
f 1761//1761 1762//1762 1763//1763
f 1764//1764 1765//1765 1766//1766
f 1767//1767 1768//1768 1769//1769
f 1770//1770 1771//1771 1772//1772
f 1773//1773 1774//1774 1775//1775
f 1776//1776 1777//1777 1778//1778
f 1779//1779 1780//1780 1781//1781
f 1782//1782 1783//1783 1784//1784
f 1785//1785 1786//1786 1787//1787
f 1788//1788 1789//1789 1790//1790
f 1791//1791 1792//1792 1793//1793
f 1794//1794 1795//1795 1796//1796
f 1796//1796 1797//1797 1794//1794
f 1798//1798 1799//1799 1800//1800
f 1801//1801 1802//1802 1803//1803
f 1804//1804 1805//1805 1806//1806
f 1807//1807 1808//1808 1809//1809
f 1810//1810 1811//1811 1812//1812
f 1813//1813 1814//1814 1815//1815
f 1816//1816 1817//1817 1818//1818
f 1819//1819 1820//1820 1821//1821
f 1822//1822 1823//1823 1824//1824
f 1825//1825 1826//1826 1827//1827
f 1828//1828 1829//1829 1830//1830
f 1831//1831 1832//1832 1833//1833
f 1834//1834 1835//1835 1836//1836
f 1837//1837 1838//1838 1839//1839
f 1840//1840 1841//1841 1842//1842
f 1843//1843 1844//1844 1845//1845
f 1846//1846 1847//1847 1848//1848
f 1849//1849 1850//1850 1851//1851
f 1852//1852 1853//1853 1854//1854
f 1855//1855 1856//1856 1857//1857
f 1858//1858 1859//1859 1860//1860
f 1861//1861 1862//1862 1863//1863
f 1864//1864 1865//1865 1866//1866
f 1867//1867 1868//1868 1869//1869
f 1870//1870 1871//1871 1872//1872
f 1873//1873 1874//1874 1875//1875
f 1876//1876 1877//1877 1878//1878
f 1879//1879 1880//1880 1881//1881
f 1882//1882 1883//1883 1884//1884
f 1885//1885 1879//1879 1881//1881
f 1886//1886 1887//1887 1888//1888
f 1889//1889 1890//1890 1891//1891
f 1892//1892 1893//1893 1894//1894
f 1895//1895 1896//1896 1897//1897
f 1898//1898 1899//1899 1900//1900
f 1901//1901 1902//1902 1903//1903
f 1904//1904 1905//1905 1906//1906
f 1907//1907 1908//1908 1909//1909
f 1910//1910 1911//1911 1912//1912
f 1913//1913 1914//1914 1915//1915
f 1916//1916 1917//1917 1918//1918
f 1919//1919 1920//1920 1921//1921
f 1922//1922 1923//1923 1924//1924
f 1922//1922 1924//1924 1925//1925
f 1926//1926 1927//1927 1928//1928
f 1929//1929 1930//1930 1931//1931
f 1932//1932 1933//1933 1934//1934
f 1935//1935 1936//1936 1937//1937
f 1938//1938 1939//1939 1940//1940
f 1938//1938 1940//1940 1941//1941
f 1942//1942 1943//1943 1944//1944
f 1945//1945 1946//1946 1947//1947
f 1948//1948 1949//1949 1950//1950
f 1951//1951 1952//1952 1953//1953
f 1954//1954 1955//1955 1956//1956
f 1957//1957 1958//1958 1959//1959
f 1960//1960 1961//1961 1962//1962
f 1963//1963 1964//1964 1965//1965
f 1966//1966 1967//1967 1968//1968
f 1969//1969 1970//1970 1971//1971
f 1966//1966 1968//1968 1972//1972
f 1973//1973 1974//1974 1975//1975
f 1976//1976 1977//1977 1978//1978
f 1979//1979 1980//1980 1981//1981
f 1982//1982 1983//1983 1984//1984
f 1985//1985 1986//1986 1987//1987
f 1988//1988 1989//1989 1990//1990
f 1991//1991 1992//1992 1993//1993
f 1994//1994 1995//1995 1996//1996
f 1997//1997 1998//1998 1999//1999
f 2000//2000 2001//2001 2002//2002
f 2003//2003 2004//2004 2005//2005
f 2006//2006 2007//2007 2008//2008
f 2009//2009 2010//2010 2011//2011
f 2012//2012 2013//2013 2014//2014
f 2015//2015 2016//2016 2017//2017
f 2018//2018 2019//2019 2020//2020
f 2021//2021 2022//2022 2023//2023
f 2024//2024 2025//2025 2026//2026
f 2027//2027 2028//2028 2029//2029
f 2030//2030 2031//2031 2032//2032
f 2033//2033 2034//2034 2035//2035
f 2036//2036 2037//2037 2038//2038
f 2039//2039 2040//2040 2041//2041
f 2042//2042 2043//2043 2044//2044
f 2045//2045 2046//2046 2047//2047
f 2048//2048 2049//2049 2050//2050
f 2051//2051 2052//2052 2053//2053
f 2054//2054 2055//2055 2056//2056
f 2057//2057 2048//2048 2050//2050
f 2058//2058 2059//2059 2060//2060
f 2061//2061 2062//2062 2063//2063
f 2064//2064 2065//2065 2066//2066
f 2067//2067 2068//2068 2069//2069
f 2070//2070 2071//2071 2072//2072
f 2073//2073 2074//2074 2075//2075
f 2076//2076 2077//2077 2078//2078
f 2079//2079 2080//2080 2081//2081
f 2082//2082 2083//2083 2084//2084
f 2085//2085 2086//2086 2087//2087
f 2088//2088 2089//2089 2090//2090
f 2091//2091 2022//2022 2021//2021
f 2092//2092 2093//2093 2094//2094
f 2095//2095 2096//2096 2097//2097
f 2098//2098 2099//2099 2100//2100
f 2101//2101 2102//2102 2103//2103
f 2104//2104 2105//2105 2106//2106
f 2107//2107 2108//2108 2109//2109
f 2110//2110 2111//2111 2112//2112
f 2113//2113 2100//2100 2099//2099
f 2114//2114 2115//2115 2116//2116
f 2117//2117 2118//2118 2119//2119
f 2120//2120 2121//2121 2122//2122
f 2123//2123 2124//2124 2125//2125
f 2126//2126 2127//2127 2128//2128
f 2129//2129 2130//2130 2131//2131
f 2132//2132 2133//2133 2134//2134
f 2135//2135 2136//2136 2137//2137
f 2138//2138 2139//2139 2140//2140
f 2141//2141 2142//2142 2143//2143
f 2144//2144 2145//2145 2146//2146
f 2147//2147 2148//2148 2149//2149
f 2150//2150 2151//2151 2152//2152
f 2153//2153 2154//2154 2155//2155
f 2156//2156 2157//2157 2158//2158
f 2159//2159 2160//2160 2161//2161
f 2162//2162 2163//2163 2164//2164
f 2165//2165 2166//2166 2167//2167
f 2168//2168 2169//2169 2170//2170
f 2171//2171 2172//2172 2173//2173
f 2174//2174 2175//2175 2176//2176
f 2177//2177 2178//2178 2179//2179
f 2180//2180 2181//2181 2182//2182
f 2183//2183 2184//2184 2185//2185
f 2186//2186 2187//2187 2188//2188
f 2189//2189 2190//2190 2191//2191
f 2192//2192 2193//2193 2194//2194
f 2195//2195 2196//2196 2197//2197
f 2198//2198 2199//2199 2200//2200
f 2201//2201 2202//2202 2203//2203
f 2204//2204 2205//2205 2206//2206
f 2207//2207 2208//2208 2209//2209
f 2210//2210 2211//2211 2212//2212
f 2213//2213 2214//2214 2215//2215
f 2216//2216 2217//2217 2218//2218
f 2219//2219 2220//2220 2221//2221
f 2222//2222 2223//2223 2224//2224
f 2225//2225 2226//2226 2227//2227
f 2228//2228 2229//2229 2230//2230
f 2231//2231 2232//2232 2233//2233
f 2234//2234 2235//2235 2236//2236
f 2237//2237 2238//2238 2239//2239
f 2240//2240 2241//2241 2242//2242
f 2243//2243 2244//2244 2245//2245
f 2246//2246 2247//2247 2248//2248
f 2249//2249 2250//2250 2251//2251
f 2252//2252 2253//2253 2254//2254
f 2255//2255 2256//2256 2257//2257
f 2258//2258 2259//2259 2260//2260
f 2261//2261 2262//2262 2263//2263
f 2264//2264 2265//2265 2266//2266
f 2267//2267 2268//2268 2269//2269
f 2270//2270 2271//2271 2272//2272
f 2273//2273 2274//2274 2275//2275
f 2276//2276 2277//2277 2278//2278
f 2279//2279 2280//2280 2281//2281
f 2282//2282 2283//2283 2284//2284
f 2285//2285 2286//2286 2287//2287
f 2288//2288 2289//2289 2290//2290
f 2291//2291 2292//2292 2293//2293
f 2294//2294 2295//2295 2296//2296
f 2297//2297 2298//2298 2299//2299
f 2300//2300 2301//2301 2302//2302
f 2303//2303 2304//2304 2305//2305
f 2306//2306 2307//2307 2308//2308
f 2309//2309 2310//2310 2311//2311
f 2312//2312 2313//2313 2314//2314
f 2315//2315 2316//2316 2317//2317
f 2318//2318 2319//2319 2320//2320
f 2321//2321 2322//2322 2323//2323
f 2324//2324 2325//2325 2326//2326
f 2327//2327 2328//2328 2329//2329
f 2330//2330 2331//2331 2332//2332
f 2333//2333 2334//2334 2335//2335
f 2336//2336 2337//2337 2338//2338
f 2339//2339 2340//2340 2341//2341
f 2342//2342 2343//2343 2344//2344
f 2345//2345 2346//2346 2347//2347
f 2348//2348 2349//2349 2350//2350
f 2351//2351 2352//2352 2353//2353
f 2354//2354 2355//2355 2356//2356
f 2357//2357 2358//2358 2359//2359
f 2360//2360 2361//2361 2362//2362
f 2363//2363 2364//2364 2365//2365
f 2366//2366 2367//2367 2368//2368
f 2369//2369 2370//2370 2371//2371
f 2372//2372 2373//2373 2374//2374
f 2375//2375 2376//2376 2377//2377
f 2378//2378 2379//2379 2380//2380
f 2381//2381 2382//2382 2383//2383
f 2384//2384 2385//2385 2386//2386
f 2387//2387 2388//2388 2389//2389
f 2390//2390 2391//2391 2392//2392
f 2393//2393 2394//2394 2395//2395
f 2396//2396 2397//2397 2398//2398
f 2399//2399 2400//2400 2401//2401
f 2402//2402 2403//2403 2404//2404
f 2405//2405 2406//2406 2407//2407
f 2408//2408 2409//2409 2410//2410
f 2411//2411 2412//2412 2413//2413
f 2414//2414 2415//2415 2416//2416
f 2417//2417 2418//2418 2419//2419
f 2420//2420 2421//2421 2422//2422
f 2423//2423 2424//2424 2425//2425
f 2426//2426 2423//2423 2425//2425
f 2427//2427 2428//2428 2429//2429
f 2430//2430 2431//2431 2432//2432
f 2433//2433 2434//2434 2435//2435
f 2436//2436 2437//2437 2438//2438
f 2439//2439 2440//2440 2441//2441
f 2442//2442 2443//2443 2444//2444
f 2445//2445 2446//2446 2447//2447
f 2448//2448 2449//2449 2450//2450
f 2451//2451 2452//2452 2453//2453
f 2454//2454 2455//2455 2456//2456
f 2457//2457 2458//2458 2459//2459
f 2460//2460 2461//2461 2462//2462
f 2463//2463 2464//2464 2465//2465
f 2466//2466 2467//2467 2468//2468
f 2469//2469 2470//2470 2471//2471
f 2472//2472 2473//2473 2474//2474
f 2475//2475 2476//2476 2477//2477
f 2478//2478 2479//2479 2480//2480
f 2481//2481 2482//2482 2483//2483
f 2484//2484 2485//2485 2486//2486
f 2487//2487 2488//2488 2489//2489
f 2487//2487 2489//2489 2490//2490
f 2491//2491 2492//2492 2493//2493
f 2484//2484 2494//2494 2485//2485
f 2495//2495 2496//2496 2497//2497
f 2498//2498 2492//2492 2491//2491
f 2495//2495 2497//2497 2499//2499
f 2500//2500 2487//2487 2490//2490
f 2500//2500 2490//2490 2501//2501
f 2502//2502 2494//2494 2484//2484
f 2503//2503 2492//2492 2498//2498
f 2503//2503 2504//2504 2492//2492
f 2505//2505 2501//2501 2506//2506
f 2505//2505 2500//2500 2501//2501
f 2507//2507 2495//2495 2499//2499
f 2507//2507 2499//2499 2508//2508
f 2509//2509 2510//2510 2511//2511
f 2502//2502 2512//2512 2494//2494
f 2513//2513 2509//2509 2511//2511
f 2514//2514 2504//2504 2503//2503
f 2515//2515 2505//2505 2506//2506
f 2515//2515 2506//2506 2516//2516
f 2517//2517 2512//2512 2502//2502
f 2518//2518 2519//2519 2520//2520
f 2521//2521 2522//2522 2523//2523
f 2524//2524 2519//2519 2518//2518
f 2525//2525 2513//2513 2511//2511
f 2526//2526 2519//2519 2524//2524
f 2525//2525 2511//2511 2527//2527
f 2517//2517 2528//2528 2512//2512
f 2529//2529 2530//2530 2531//2531
f 2521//2521 2532//2532 2522//2522
f 2529//2529 2531//2531 2533//2533
f 2534//2534 2526//2526 2524//2524
f 2535//2535 2528//2528 2517//2517
f 2536//2536 2537//2537 2538//2538
f 2539//2539 2540//2540 2541//2541
f 2542//2542 2543//2543 2544//2544
f 2521//2521 2545//2545 2532//2532
f 2546//2546 2539//2539 2541//2541
f 2547//2547 2508//2508 2548//2548
f 2525//2525 2527//2527 2549//2549
f 2550//2550 2551//2551 2552//2552
f 2553//2553 2534//2534 2554//2554
f 2555//2555 2556//2556 2557//2557
f 2558//2558 2525//2525 2549//2549
f 2559//2559 2547//2547 2548//2548
f 2535//2535 2560//2560 2528//2528
f 2561//2561 2555//2555 2557//2557
f 2562//2562 2563//2563 2564//2564
f 2565//2565 2545//2545 2521//2521
f 2566//2566 2567//2567 2568//2568
f 2569//2569 2553//2553 2554//2554
f 2559//2559 2548//2548 2570//2570
f 2571//2571 2567//2567 2566//2566
f 2562//2562 2572//2572 2563//2563
f 2573//2573 2574//2574 2572//2572
f 2573//2573 2572//2572 2562//2562
f 2575//2575 2550//2550 2576//2576
f 2565//2565 2577//2577 2545//2545
f 2558//2558 2549//2549 2489//2489
f 2486//2486 2567//2567 2571//2571
f 2486//2486 2578//2578 2567//2567
f 2565//2565 2493//2493 2577//2577
f 2496//2496 2575//2575 2576//2576
f 2488//2488 2558//2558 2489//2489
f 2496//2496 2576//2576 2497//2497
f 2491//2491 2493//2493 2565//2565
f 2486//2486 2485//2485 2578//2578
f 2579//2579 2580//2580 2581//2581
f 2582//2582 2583//2583 2584//2584
f 2585//2585 2586//2586 2587//2587
f 2588//2588 2589//2589 2590//2590
f 2591//2591 2592//2592 2593//2593
f 2594//2594 2595//2595 2596//2596
f 2597//2597 2598//2598 2599//2599
f 2600//2600 2601//2601 2602//2602
f 2603//2603 2604//2604 2605//2605
f 2606//2606 2607//2607 2608//2608
f 2609//2609 2610//2610 2611//2611
f 2612//2612 2613//2613 2614//2614
f 2615//2615 2616//2616 2617//2617
f 2618//2618 2619//2619 2620//2620
f 2621//2621 2622//2622 2623//2623
f 2624//2624 2625//2625 2626//2626
f 2627//2627 2628//2628 2629//2629
f 2630//2630 2631//2631 2632//2632
f 2633//2633 2634//2634 2635//2635
f 2636//2636 2637//2637 2638//2638
f 2639//2639 2640//2640 2641//2641
f 2642//2642 2643//2643 2644//2644
f 2645//2645 2646//2646 2647//2647
f 2648//2648 2649//2649 2650//2650
f 2651//2651 2652//2652 2653//2653
f 2654//2654 2655//2655 2656//2656
f 2657//2657 2658//2658 2659//2659
f 2660//2660 2661//2661 2662//2662
f 2663//2663 2664//2664 2665//2665
f 2666//2666 2667//2667 2668//2668
f 2669//2669 2670//2670 2671//2671
f 2672//2672 2673//2673 2674//2674
f 2675//2675 2676//2676 2677//2677
f 2678//2678 2679//2679 2680//2680
f 2681//2681 2682//2682 2683//2683
f 2684//2684 2685//2685 2686//2686
f 2687//2687 2688//2688 2689//2689
f 2690//2690 2691//2691 2692//2692
f 2693//2693 2694//2694 2695//2695
f 2696//2696 2697//2697 2698//2698
f 2699//2699 2700//2700 2701//2701
f 2702//2702 2703//2703 2704//2704
f 2705//2705 2706//2706 2707//2707
f 2708//2708 2709//2709 2710//2710
f 2711//2711 2712//2712 2713//2713
f 2714//2714 2715//2715 2716//2716
f 2717//2717 2718//2718 2719//2719
f 2720//2720 2721//2721 2722//2722
f 2723//2723 2724//2724 2725//2725
f 2726//2726 2727//2727 2728//2728
f 2729//2729 2730//2730 2731//2731
f 2732//2732 2733//2733 2734//2734
f 2735//2735 2736//2736 2737//2737
f 2738//2738 2739//2739 2740//2740
f 2741//2741 2742//2742 2743//2743
f 2744//2744 2745//2745 2746//2746
f 2747//2747 2748//2748 2749//2749
f 2750//2750 2751//2751 2752//2752
f 2753//2753 2754//2754 2755//2755
f 2756//2756 2757//2757 2758//2758
f 2759//2759 2760//2760 2761//2761
f 2762//2762 2763//2763 2764//2764
f 2765//2765 2766//2766 2767//2767
f 2768//2768 2769//2769 2770//2770
f 2771//2771 2772//2772 2773//2773
f 2774//2774 2775//2775 2776//2776
f 2777//2777 2778//2778 2779//2779
f 2780//2780 2781//2781 2782//2782
f 2783//2783 2784//2784 2785//2785
f 2786//2786 2787//2787 2788//2788
f 2789//2789 2790//2790 2791//2791
f 2792//2792 2793//2793 2794//2794
f 2795//2795 2796//2796 2797//2797
f 2798//2798 2799//2799 2800//2800
f 2801//2801 2802//2802 2803//2803
f 2804//2804 2805//2805 2806//2806
f 2807//2807 2808//2808 2809//2809
f 2810//2810 2811//2811 2812//2812
f 2813//2813 2814//2814 2815//2815
f 2816//2816 2817//2817 2818//2818
f 2819//2819 2820//2820 2821//2821
f 2822//2822 2823//2823 2824//2824
f 2825//2825 2826//2826 2827//2827
f 2828//2828 2829//2829 2830//2830
f 2831//2831 2832//2832 2833//2833
f 2834//2834 2835//2835 2836//2836
f 2837//2837 2838//2838 2839//2839
f 2840//2840 2841//2841 2842//2842
f 2843//2843 2844//2844 2845//2845
f 2846//2846 2847//2847 2848//2848
f 2849//2849 2850//2850 2851//2851
f 2852//2852 2853//2853 2854//2854
f 2855//2855 2856//2856 2857//2857
f 2858//2858 2859//2859 2860//2860
f 2861//2861 2862//2862 2863//2863
f 2864//2864 2865//2865 2866//2866
f 2867//2867 2868//2868 2869//2869
f 2870//2870 2871//2871 2872//2872
f 2873//2873 2874//2874 2875//2875
f 2876//2876 2877//2877 2878//2878
f 2879//2879 2880//2880 2881//2881
f 2882//2882 2883//2883 2884//2884
f 2885//2885 2886//2886 2887//2887
f 2888//2888 2889//2889 2890//2890
f 2891//2891 2892//2892 2893//2893
f 2894//2894 2895//2895 2896//2896
f 2897//2897 2898//2898 2899//2899
f 2900//2900 2901//2901 2902//2902
f 2903//2903 2904//2904 2905//2905
f 2906//2906 2907//2907 2908//2908
f 2909//2909 2910//2910 2911//2911
f 2912//2912 2913//2913 2914//2914
f 2915//2915 2916//2916 2917//2917
f 2918//2918 2919//2919 2920//2920
f 2921//2921 2922//2922 2923//2923
f 2924//2924 2925//2925 2926//2926
f 2927//2927 2928//2928 2929//2929
f 2930//2930 2931//2931 2932//2932
f 2933//2933 2934//2934 2935//2935
f 2936//2936 2937//2937 2938//2938
f 2939//2939 2940//2940 2941//2941
f 2942//2942 2943//2943 2944//2944
f 2945//2945 2946//2946 2947//2947
f 2948//2948 2949//2949 2950//2950
f 2951//2951 2952//2952 2953//2953
f 2954//2954 2955//2955 2956//2956
f 2957//2957 2958//2958 2959//2959
f 2960//2960 2961//2961 2962//2962
f 2963//2963 2964//2964 2965//2965
f 2966//2966 2967//2967 2968//2968
f 2969//2969 2970//2970 2971//2971
f 2972//2972 2973//2973 2974//2974
f 2975//2975 2976//2976 2977//2977
f 2978//2978 2979//2979 2980//2980
f 2981//2981 2982//2982 2983//2983
f 2984//2984 2985//2985 2986//2986
f 2987//2987 2988//2988 2989//2989
f 2990//2990 2991//2991 2992//2992
f 2993//2993 2994//2994 2995//2995
f 2996//2996 2997//2997 2998//2998
f 2999//2999 3000//3000 3001//3001
f 3002//3002 3003//3003 3004//3004
f 3005//3005 3006//3006 3007//3007
f 3008//3008 3009//3009 3010//3010
f 3011//3011 3012//3012 3013//3013
f 3014//3014 3015//3015 3016//3016
f 3017//3017 3018//3018 3019//3019
f 3020//3020 3021//3021 3022//3022
f 3023//3023 3024//3024 3025//3025
f 3026//3026 3027//3027 3028//3028
f 3029//3029 3030//3030 3031//3031
f 3032//3032 3033//3033 3034//3034
f 3035//3035 3036//3036 3037//3037
f 3038//3038 3039//3039 3040//3040
f 3041//3041 3042//3042 3043//3043
f 3044//3044 3045//3045 3046//3046
f 3047//3047 3048//3048 3049//3049
f 3050//3050 3051//3051 3052//3052
f 3053//3053 3054//3054 3055//3055
f 3056//3056 3057//3057 3058//3058
f 3059//3059 3060//3060 3061//3061
f 3062//3062 3063//3063 3064//3064
f 3065//3065 3066//3066 3067//3067
f 3068//3068 3069//3069 3070//3070
f 3071//3071 3072//3072 3073//3073
f 3074//3074 3075//3075 3076//3076
f 3077//3077 3078//3078 3079//3079
f 3080//3080 3081//3081 3082//3082
f 3083//3083 3084//3084 3085//3085
f 3086//3086 3087//3087 3088//3088
f 3089//3089 3090//3090 3091//3091
f 3092//3092 3093//3093 3094//3094
f 3095//3095 3096//3096 3097//3097
f 3098//3098 3099//3099 3100//3100
f 3101//3101 3102//3102 3103//3103
f 3104//3104 3105//3105 3106//3106
f 3107//3107 3108//3108 3109//3109
f 3110//3110 3111//3111 3112//3112
f 3019//3019 3018//3018 3113//3113
f 3114//3114 3115//3115 3116//3116
f 3117//3117 3118//3118 3119//3119
f 3120//3120 3121//3121 3122//3122
f 3123//3123 3124//3124 3125//3125
f 3126//3126 3127//3127 3128//3128
f 3129//3129 3130//3130 3131//3131
f 3132//3132 3133//3133 3134//3134
f 3135//3135 3136//3136 3137//3137
f 3138//3138 3139//3139 3140//3140
f 3141//3141 3142//3142 3143//3143
f 3144//3144 3145//3145 3146//3146
f 3147//3147 3148//3148 3149//3149
f 3150//3150 3151//3151 3152//3152
f 3153//3153 3154//3154 3155//3155
f 3156//3156 3157//3157 3158//3158
f 3159//3159 3160//3160 3161//3161
f 3162//3162 3163//3163 3164//3164
f 3165//3165 3166//3166 3167//3167
f 3168//3168 3169//3169 3170//3170
f 3171//3171 3172//3172 3173//3173
f 3174//3174 3175//3175 3176//3176
f 3177//3177 3178//3178 3179//3179
f 3180//3180 3181//3181 3182//3182
f 3183//3183 3184//3184 3185//3185
f 3186//3186 3187//3187 3188//3188
f 3189//3189 3190//3190 3191//3191
f 3192//3192 3193//3193 3194//3194
f 3195//3195 3196//3196 3197//3197
f 3198//3198 3199//3199 3200//3200
f 3201//3201 3202//3202 3203//3203
f 3204//3204 3205//3205 3206//3206
f 3207//3207 3208//3208 3209//3209
f 3210//3210 3211//3211 3212//3212
f 3213//3213 3214//3214 3215//3215
f 3216//3216 3217//3217 3218//3218
f 3219//3219 3220//3220 3221//3221
f 3222//3222 3223//3223 3224//3224
f 3225//3225 3226//3226 3227//3227
f 3228//3228 3229//3229 3230//3230
f 3231//3231 3232//3232 3233//3233
f 3234//3234 3235//3235 3236//3236
f 3237//3237 3238//3238 3239//3239
f 3240//3240 3241//3241 3242//3242
f 3243//3243 3244//3244 3245//3245
f 3246//3246 3247//3247 3248//3248
f 3249//3249 3250//3250 3251//3251
f 3252//3252 3253//3253 3254//3254
f 3255//3255 3256//3256 3257//3257
f 3258//3258 3259//3259 3260//3260
f 3261//3261 3262//3262 3263//3263
f 3264//3264 3265//3265 3266//3266
f 3267//3267 3268//3268 3269//3269
f 3270//3270 3271//3271 3272//3272
f 3273//3273 3274//3274 3275//3275
f 3276//3276 3277//3277 3278//3278
f 3279//3279 3280//3280 3281//3281
f 3282//3282 3283//3283 3284//3284
f 3285//3285 3286//3286 3287//3287
f 3288//3288 3289//3289 3290//3290
f 3291//3291 3292//3292 3293//3293
f 3294//3294 3295//3295 3296//3296
f 3297//3297 3298//3298 3299//3299
f 3300//3300 3301//3301 3302//3302
f 3303//3303 3304//3304 3305//3305
f 3306//3306 3307//3307 3308//3308
f 3309//3309 3310//3310 3311//3311
f 3312//3312 3313//3313 3314//3314
f 3315//3315 3316//3316 3317//3317
f 3318//3318 3319//3319 3320//3320
f 3321//3321 3322//3322 3323//3323
f 3324//3324 3325//3325 3326//3326
f 3327//3327 3328//3328 3329//3329
f 3330//3330 3331//3331 3332//3332
f 3333//3333 3334//3334 3335//3335
f 3336//3336 3337//3337 3338//3338
f 3339//3339 3340//3340 3341//3341
f 3342//3342 3343//3343 3344//3344
f 3345//3345 3346//3346 3347//3347
f 3348//3348 3349//3349 3350//3350
f 3351//3351 3352//3352 3353//3353
f 3354//3354 3355//3355 3356//3356
f 3357//3357 3358//3358 3359//3359
f 3360//3360 3351//3351 3353//3353
f 3361//3361 3362//3362 3363//3363
f 3364//3364 3365//3365 3366//3366
f 3367//3367 3368//3368 3369//3369
f 3370//3370 3371//3371 3372//3372
f 3373//3373 3374//3374 3375//3375
f 3376//3376 3377//3377 3378//3378
f 3379//3379 3380//3380 3381//3381
f 3382//3382 3383//3383 3384//3384
f 3385//3385 3386//3386 3387//3387
f 3388//3388 3389//3389 3390//3390
f 3391//3391 3392//3392 3393//3393
f 3394//3394 3395//3395 3396//3396
f 3397//3397 3398//3398 3399//3399
f 3400//3400 3401//3401 3402//3402
f 3403//3403 3404//3404 3405//3405
f 3406//3406 3407//3407 3408//3408
f 3409//3409 3410//3410 3411//3411
f 3412//3412 3413//3413 3414//3414
f 3415//3415 3416//3416 3417//3417
f 3418//3418 3419//3419 3420//3420
f 3421//3421 3422//3422 3423//3423
f 3424//3424 3425//3425 3426//3426
f 3427//3427 3428//3428 3429//3429
f 3430//3430 3431//3431 3432//3432
f 3433//3433 3434//3434 3435//3435
f 3436//3436 3437//3437 3438//3438
f 3439//3439 3440//3440 3441//3441
f 3442//3442 3443//3443 3444//3444
f 3445//3445 3446//3446 3447//3447
f 3448//3448 3449//3449 3450//3450
f 3451//3451 3452//3452 3453//3453
f 3454//3454 3455//3455 3456//3456
f 3457//3457 3458//3458 3459//3459
f 3460//3460 3461//3461 3462//3462
f 3463//3463 3464//3464 3465//3465
f 3466//3466 3467//3467 3468//3468
f 3469//3469 3470//3470 3471//3471
f 3472//3472 3473//3473 3474//3474
f 3475//3475 3476//3476 3477//3477
f 3478//3478 3479//3479 3480//3480
f 3481//3481 3482//3482 3483//3483
f 3484//3484 3485//3485 3486//3486
f 3487//3487 3488//3488 3489//3489
f 3490//3490 3491//3491 3492//3492
f 3493//3493 3494//3494 3495//3495
f 3496//3496 3497//3497 3498//3498
f 3499//3499 3425//3425 3424//3424
f 3500//3500 3501//3501 3502//3502
f 3503//3503 3504//3504 3505//3505
f 3506//3506 3507//3507 3508//3508
f 3509//3509 3510//3510 3511//3511
f 3512//3512 3513//3513 3514//3514
f 3515//3515 3516//3516 3517//3517
f 3518//3518 3519//3519 3520//3520
f 3521//3521 3522//3522 3523//3523
f 3524//3524 3445//3445 3447//3447
f 3525//3525 3526//3526 3527//3527
f 3528//3528 3529//3529 3530//3530
f 3531//3531 3532//3532 3533//3533
f 3534//3534 3535//3535 3536//3536
f 3537//3537 3538//3538 3539//3539
f 3540//3540 3541//3541 3542//3542
f 3543//3543 3544//3544 3545//3545
f 3546//3546 3547//3547 3548//3548
f 3549//3549 3550//3550 3551//3551
f 3552//3552 3553//3553 3554//3554
f 3555//3555 3556//3556 3557//3557
f 3558//3558 3559//3559 3560//3560
f 3561//3561 3562//3562 3563//3563
f 3564//3564 3565//3565 3566//3566
f 3567//3567 3568//3568 3569//3569
f 3570//3570 3571//3571 3572//3572
f 3573//3573 3574//3574 3575//3575
f 3576//3576 3577//3577 3578//3578
f 3579//3579 3580//3580 3581//3581
f 3582//3582 3583//3583 3584//3584
f 3585//3585 3586//3586 3587//3587
f 3588//3588 3589//3589 3590//3590
f 3591//3591 3592//3592 3593//3593
f 3594//3594 3595//3595 3596//3596
f 3597//3597 3598//3598 3599//3599
f 3600//3600 3601//3601 3602//3602
f 3603//3603 3604//3604 3605//3605
f 3606//3606 3607//3607 3608//3608
f 3609//3609 3610//3610 3611//3611
f 3612//3612 3613//3613 3614//3614
f 3615//3615 3616//3616 3617//3617
f 3618//3618 3619//3619 3620//3620
f 3621//3621 3622//3622 3623//3623
f 3624//3624 3625//3625 3626//3626
f 3627//3627 3628//3628 3629//3629
f 3630//3630 3631//3631 3632//3632
f 3633//3633 3634//3634 3635//3635
f 3636//3636 3637//3637 3638//3638
f 3639//3639 3640//3640 3641//3641
f 3642//3642 3643//3643 3644//3644
f 3645//3645 3646//3646 3647//3647
f 3648//3648 3649//3649 3650//3650
f 3651//3651 3652//3652 3653//3653
f 3654//3654 3655//3655 3656//3656
f 3657//3657 3658//3658 3659//3659
f 3660//3660 3661//3661 3662//3662
f 3663//3663 3664//3664 3665//3665
f 3666//3666 3667//3667 3668//3668
f 3669//3669 3670//3670 3671//3671
f 3672//3672 3673//3673 3674//3674
f 3675//3675 3676//3676 3677//3677
f 3678//3678 3679//3679 3680//3680
f 3681//3681 3682//3682 3683//3683
f 3684//3684 3685//3685 3686//3686
f 3687//3687 3688//3688 3689//3689
f 3690//3690 3691//3691 3692//3692
f 3693//3693 3694//3694 3695//3695
f 3696//3696 3697//3697 3698//3698
f 3699//3699 3697//3697 3696//3696
f 3585//3585 3700//3700 3586//3586
f 3701//3701 3702//3702 3703//3703
f 3704//3704 3705//3705 3706//3706
f 3707//3707 3708//3708 3709//3709
f 3710//3710 3711//3711 3712//3712
f 3713//3713 3714//3714 3715//3715
f 3716//3716 3717//3717 3718//3718
f 3597//3597 3599//3599 3719//3719
f 3720//3720 3721//3721 3722//3722
f 3723//3723 3724//3724 3725//3725
f 3609//3609 3611//3611 3726//3726
f 3727//3727 3728//3728 3729//3729
f 3730//3730 3731//3731 3732//3732
f 3733//3733 3734//3734 3735//3735
f 3736//3736 3737//3737 3738//3738
f 3739//3739 3740//3740 3741//3741
f 3742//3742 3743//3743 3744//3744
f 3483//3483 3482//3482 3745//3745
f 3746//3746 3747//3747 3748//3748
f 3749//3749 3750//3750 3751//3751
f 3752//3752 3753//3753 3754//3754
f 3755//3755 3756//3756 3757//3757
f 3758//3758 3759//3759 3760//3760
f 3761//3761 3762//3762 3763//3763
f 3764//3764 3765//3765 3766//3766
f 3767//3767 3768//3768 3769//3769
f 3770//3770 3771//3771 3772//3772
f 3773//3773 3774//3774 3775//3775
f 3776//3776 3777//3777 3778//3778
f 3779//3779 3780//3780 3781//3781
f 3782//3782 3783//3783 3784//3784
f 3785//3785 3786//3786 3787//3787
f 3788//3788 3789//3789 3790//3790
f 3791//3791 3792//3792 3793//3793
f 3794//3794 3795//3795 3796//3796
f 3797//3797 3798//3798 3799//3799
f 3800//3800 3801//3801 3802//3802
f 3803//3803 3804//3804 3805//3805
f 3806//3806 3807//3807 3808//3808
f 3809//3809 3810//3810 3811//3811
f 3812//3812 3813//3813 3814//3814
f 3815//3815 3816//3816 3817//3817
f 3818//3818 3819//3819 3820//3820
f 3821//3821 3822//3822 3823//3823
f 3824//3824 3825//3825 3826//3826
f 3827//3827 3828//3828 3829//3829
f 3830//3830 3831//3831 3832//3832
f 3833//3833 3834//3834 3835//3835
f 3836//3836 3837//3837 3838//3838
f 3839//3839 3840//3840 3831//3831
f 3839//3839 3831//3831 3830//3830
f 3841//3841 3842//3842 3843//3843
f 3844//3844 3845//3845 3846//3846
f 3847//3847 3848//3848 3849//3849
f 3850//3850 3851//3851 3852//3852
f 3853//3853 3854//3854 3855//3855
f 3856//3856 3857//3857 3858//3858
f 3859//3859 3860//3860 3861//3861
f 3862//3862 3863//3863 3864//3864
f 3865//3865 3866//3866 3867//3867
f 3868//3868 3869//3869 3870//3870
f 3871//3871 3872//3872 3873//3873
f 3874//3874 3875//3875 3876//3876
f 3877//3877 3878//3878 3879//3879
f 3880//3880 3881//3881 3882//3882
f 3883//3883 3884//3884 3885//3885
f 3886//3886 3887//3887 3888//3888
f 3889//3889 3890//3890 3891//3891
f 3892//3892 3893//3893 3894//3894
f 3895//3895 3896//3896 3897//3897
f 3898//3898 3899//3899 3900//3900
f 3901//3901 3902//3902 3903//3903
f 3904//3904 3905//3905 3906//3906
f 3907//3907 3908//3908 3909//3909
f 3910//3910 3911//3911 3912//3912
f 3913//3913 3914//3914 3915//3915
f 3916//3916 3917//3917 3918//3918
f 3919//3919 3920//3920 3921//3921
f 3922//3922 3923//3923 3924//3924
f 3925//3925 3926//3926 3927//3927
f 3928//3928 3929//3929 3930//3930
f 3931//3931 3932//3932 3933//3933
f 3934//3934 3935//3935 3936//3936
f 3937//3937 3938//3938 3939//3939
f 3940//3940 3941//3941 3942//3942
f 3943//3943 3944//3944 3945//3945
f 3946//3946 3947//3947 3948//3948
f 3949//3949 3950//3950 3951//3951
f 3952//3952 3953//3953 3954//3954
f 3955//3955 3956//3956 3957//3957
f 3958//3958 3959//3959 3960//3960
f 3961//3961 3962//3962 3963//3963
f 3964//3964 3965//3965 3966//3966
f 3967//3967 3968//3968 3969//3969
f 3970//3970 3971//3971 3972//3972
f 3973//3973 3974//3974 3975//3975
f 3976//3976 3977//3977 3978//3978
f 3979//3979 3980//3980 3981//3981
f 3982//3982 3983//3983 3984//3984
f 3985//3985 3986//3986 3987//3987
f 3988//3988 3989//3989 3990//3990
f 3991//3991 3992//3992 3993//3993
f 3994//3994 3995//3995 3996//3996
f 3997//3997 3998//3998 3999//3999
f 4000//4000 4001//4001 3946//3946
f 4002//4002 4003//4003 4004//4004
f 4005//4005 4006//4006 4007//4007
f 4008//4008 4009//4009 4010//4010
f 3994//3994 4011//4011 3995//3995
f 4012//4012 4013//4013 4014//4014
f 4015//4015 4016//4016 4017//4017
f 4018//4018 4019//4019 4020//4020
f 4021//4021 4022//4022 4023//4023
f 4024//4024 4025//4025 4026//4026
f 4027//4027 4028//4028 4029//4029
f 4030//4030 4031//4031 4032//4032
f 4033//4033 4034//4034 4035//4035
f 4036//4036 4037//4037 4038//4038
f 4039//4039 4040//4040 4041//4041
f 4042//4042 4043//4043 4044//4044
f 4045//4045 4046//4046 4047//4047
f 4048//4048 4049//4049 4050//4050
f 4051//4051 4052//4052 4053//4053
f 4054//4054 4055//4055 4056//4056
f 4057//4057 4058//4058 4059//4059
f 4060//4060 4061//4061 4062//4062
f 4063//4063 4064//4064 4065//4065
f 4066//4066 4067//4067 4068//4068
f 4069//4069 4070//4070 4071//4071
f 4072//4072 4073//4073 4074//4074
f 4075//4075 4076//4076 4077//4077
f 4078//4078 4079//4079 4080//4080
f 4081//4081 4082//4082 4083//4083
f 4084//4084 4085//4085 4086//4086
f 4087//4087 4088//4088 4089//4089
f 4090//4090 4091//4091 4092//4092
f 4093//4093 4094//4094 4095//4095
f 4096//4096 4097//4097 4098//4098
f 4099//4099 4100//4100 4101//4101
f 4102//4102 4103//4103 4104//4104
f 4105//4105 4106//4106 4107//4107
f 4108//4108 4109//4109 4110//4110
f 4111//4111 4112//4112 4113//4113
f 4114//4114 4115//4115 4116//4116
f 4117//4117 4118//4118 4119//4119
f 4120//4120 4121//4121 4122//4122
f 4123//4123 4124//4124 4125//4125
f 4126//4126 4127//4127 4128//4128
f 4129//4129 4130//4130 4131//4131
f 4129//4129 4131//4131 4132//4132
f 4133//4133 4134//4134 4135//4135
f 4136//4136 4137//4137 4138//4138
f 4139//4139 4140//4140 4141//4141
f 4120//4120 4142//4142 4121//4121
f 4143//4143 4144//4144 4145//4145
f 3907//3907 4146//4146 3908//3908
f 4147//4147 4148//4148 4149//4149
f 4150//4150 4151//4151 4152//4152
f 4153//4153 4154//4154 4155//4155
f 4156//4156 4157//4157 4158//4158
f 4159//4159 4160//4160 4161//4161
f 4162//4162 4163//4163 4164//4164
f 4165//4165 4166//4166 4167//4167
f 4168//4168 4169//4169 4170//4170
f 4171//4171 4172//4172 4173//4173
f 4174//4174 4175//4175 4176//4176
f 4177//4177 4178//4178 4179//4179
f 4180//4180 4181//4181 4182//4182
f 4183//4183 4184//4184 4185//4185
f 4186//4186 4187//4187 4188//4188
f 4189//4189 4190//4190 4191//4191
f 4192//4192 4193//4193 4194//4194
f 4195//4195 4196//4196 4197//4197
f 4198//4198 4199//4199 4200//4200
f 4201//4201 4202//4202 4203//4203
f 4204//4204 4205//4205 4206//4206
f 4207//4207 4208//4208 4209//4209
f 4210//4210 4211//4211 4212//4212
f 4213//4213 4214//4214 4215//4215
f 4216//4216 4217//4217 4218//4218
f 4219//4219 4220//4220 4221//4221
f 4222//4222 4223//4223 4224//4224
f 4225//4225 4226//4226 4227//4227
f 4228//4228 4229//4229 4230//4230
f 4231//4231 4232//4232 4233//4233
f 4234//4234 4235//4235 4236//4236
f 4237//4237 4238//4238 4239//4239
f 4240//4240 4241//4241 4242//4242
f 4243//4243 4244//4244 4245//4245
f 4246//4246 4247//4247 4248//4248
f 4249//4249 4250//4250 4251//4251
f 4252//4252 4253//4253 4254//4254
f 4255//4255 4256//4256 4257//4257
f 4258//4258 4259//4259 4260//4260
f 4261//4261 4262//4262 4263//4263
f 4264//4264 4265//4265 4266//4266
f 4267//4267 4268//4268 4269//4269
f 4270//4270 4271//4271 4272//4272
f 4273//4273 4274//4274 4275//4275
f 4276//4276 4277//4277 4278//4278
f 4279//4279 4280//4280 4281//4281
f 4282//4282 4283//4283 4284//4284
f 4285//4285 4286//4286 4287//4287
f 4288//4288 4289//4289 4290//4290
f 4291//4291 4292//4292 4293//4293
f 4294//4294 4295//4295 4296//4296
f 4297//4297 4298//4298 4299//4299
f 4300//4300 4301//4301 4302//4302
f 4303//4303 4304//4304 4305//4305
f 4306//4306 4307//4307 4308//4308
f 4309//4309 4310//4310 4311//4311
f 4312//4312 4313//4313 4314//4314
f 4315//4315 4316//4316 4317//4317
f 4318//4318 4319//4319 4320//4320
f 4321//4321 4322//4322 4323//4323
f 4324//4324 4325//4325 4326//4326
f 4327//4327 4328//4328 4329//4329
f 4330//4330 4331//4331 4332//4332
f 4297//4297 4299//4299 4333//4333
f 4334//4334 4335//4335 4336//4336
f 4337//4337 4338//4338 4339//4339
f 4340//4340 4341//4341 4342//4342
f 4343//4343 4344//4344 4345//4345
f 4346//4346 4347//4347 4348//4348
f 4349//4349 4350//4350 4351//4351
f 4352//4352 4353//4353 4354//4354
f 4355//4355 4356//4356 4357//4357
f 4358//4358 4359//4359 4360//4360
f 4355//4355 4361//4361 4356//4356
f 4362//4362 4363//4363 4364//4364
f 4365//4365 4366//4366 4367//4367
f 4368//4368 4369//4369 4370//4370
f 4371//4371 4372//4372 4373//4373
f 4374//4374 4375//4375 4376//4376
f 4377//4377 4378//4378 4379//4379
f 4380//4380 4381//4381 4382//4382
f 4383//4383 4384//4384 4385//4385
f 4386//4386 4387//4387 4388//4388
f 4389//4389 4390//4390 4391//4391
f 4392//4392 4393//4393 4394//4394
f 4395//4395 4396//4396 4397//4397
f 4398//4398 4399//4399 4400//4400
f 4401//4401 4402//4402 4403//4403
f 4404//4404 4405//4405 4406//4406
f 4407//4407 4408//4408 4409//4409
f 4410//4410 4411//4411 4412//4412
f 4413//4413 4414//4414 4415//4415
f 4416//4416 4417//4417 4418//4418
f 4419//4419 4420//4420 4421//4421
f 4422//4422 4423//4423 4424//4424
f 4425//4425 4426//4426 4427//4427
f 4428//4428 4429//4429 4430//4430
f 4431//4431 4432//4432 4433//4433
f 4434//4434 4435//4435 4436//4436
f 4437//4437 4438//4438 4439//4439
f 4440//4440 4441//4441 4442//4442
f 4443//4443 4444//4444 4445//4445
f 4446//4446 4447//4447 4448//4448
f 4449//4449 4450//4450 4451//4451
f 4452//4452 4453//4453 4454//4454
f 4455//4455 4456//4456 4457//4457
f 4458//4458 4459//4459 4460//4460
f 4461//4461 4462//4462 4463//4463
f 4464//4464 4465//4465 4466//4466
f 4467//4467 4468//4468 4469//4469
f 4470//4470 4471//4471 4472//4472
f 4473//4473 4474//4474 4475//4475
f 4476//4476 4477//4477 4478//4478
f 4479//4479 4480//4480 4481//4481
f 4482//4482 4483//4483 4484//4484
f 4485//4485 4486//4486 4487//4487
f 4488//4488 4489//4489 4490//4490
f 4491//4491 4492//4492 4493//4493
f 4494//4494 4495//4495 4496//4496
f 4497//4497 4498//4498 4499//4499
f 4500//4500 4501//4501 4502//4502
f 4503//4503 4504//4504 4505//4505
f 4506//4506 4507//4507 4508//4508
f 4509//4509 4510//4510 4511//4511
f 4512//4512 4513//4513 4514//4514
f 4515//4515 4516//4516 4517//4517
f 4518//4518 4519//4519 4520//4520
f 4521//4521 4522//4522 4523//4523
f 4524//4524 4525//4525 4526//4526
f 4527//4527 4528//4528 4529//4529
f 4530//4530 4531//4531 4532//4532
f 4533//4533 4534//4534 4535//4535
f 4536//4536 4537//4537 4538//4538
f 4539//4539 4540//4540 4541//4541
f 4542//4542 4543//4543 4544//4544
f 4545//4545 4546//4546 4547//4547
f 4548//4548 4549//4549 4550//4550
f 4551//4551 4552//4552 4553//4553
f 4554//4554 4555//4555 4556//4556
f 4557//4557 4558//4558 4559//4559
f 4560//4560 4561//4561 4562//4562
f 4563//4563 4564//4564 4565//4565
f 4566//4566 4567//4567 4568//4568
f 4569//4569 4423//4423 4422//4422
f 4570//4570 4571//4571 4572//4572
f 4573//4573 4574//4574 4575//4575
f 4576//4576 4577//4577 4578//4578
f 4579//4579 4580//4580 4581//4581
f 4582//4582 4583//4583 4584//4584
f 4585//4585 4468//4468 4467//4467
f 4586//4586 4587//4587 4588//4588
f 4589//4589 4590//4590 4591//4591
f 4592//4592 4593//4593 4594//4594
f 4595//4595 4596//4596 4597//4597
f 4598//4598 4599//4599 4600//4600
f 4601//4601 4602//4602 4603//4603
f 4604//4604 4605//4605 4606//4606
f 4607//4607 4608//4608 4609//4609
f 4610//4610 4611//4611 4612//4612
f 4613//4613 4614//4614 4615//4615
f 4616//4616 4617//4617 4618//4618
f 4619//4619 4620//4620 4621//4621
f 4622//4622 4623//4623 4624//4624
f 4625//4625 4626//4626 4627//4627
f 4628//4628 4629//4629 4630//4630
f 4631//4631 4632//4632 4633//4633
f 4634//4634 4635//4635 4636//4636
f 4637//4637 4638//4638 4639//4639
f 4640//4640 4641//4641 4642//4642
f 4643//4643 4644//4644 4645//4645
f 4646//4646 4647//4647 4648//4648
f 4649//4649 4650//4650 4651//4651
f 4652//4652 4653//4653 4654//4654
f 4655//4655 4656//4656 4657//4657
f 4658//4658 4659//4659 4660//4660
f 4661//4661 4662//4662 4663//4663
f 4664//4664 4665//4665 4666//4666
f 4667//4667 4668//4668 4669//4669
f 4670//4670 4671//4671 4672//4672
f 4673//4673 4674//4674 4675//4675
f 4676//4676 4677//4677 4678//4678
f 4679//4679 4680//4680 4681//4681
f 4682//4682 4683//4683 4684//4684
f 4685//4685 4686//4686 4687//4687
f 4688//4688 4689//4689 4690//4690
f 4691//4691 4692//4692 4693//4693
f 4694//4694 4695//4695 4696//4696
f 4697//4697 4698//4698 4699//4699
f 4700//4700 4701//4701 4702//4702
f 4703//4703 4704//4704 4705//4705
f 4706//4706 4707//4707 4708//4708
f 4709//4709 4710//4710 4711//4711
f 4712//4712 4713//4713 4714//4714
f 4715//4715 4716//4716 4717//4717
f 4718//4718 4719//4719 4720//4720
f 4721//4721 4722//4722 4723//4723
f 4724//4724 4725//4725 4726//4726
f 4727//4727 4728//4728 4729//4729
f 4730//4730 4731//4731 4732//4732
f 4733//4733 4734//4734 4735//4735
f 4736//4736 4737//4737 4738//4738
f 4739//4739 4740//4740 4741//4741
f 4742//4742 4743//4743 4744//4744
f 4745//4745 4746//4746 4747//4747
f 4748//4748 4749//4749 4750//4750
f 4751//4751 4752//4752 4753//4753
f 4754//4754 4755//4755 4756//4756
f 4757//4757 4758//4758 4759//4759
f 4760//4760 4761//4761 4762//4762
f 4763//4763 4764//4764 4765//4765
f 4765//4765 4764//4764 4766//4766
f 4767//4767 4768//4768 4769//4769
f 4770//4770 4771//4771 4772//4772
f 4773//4773 4774//4774 4775//4775
f 4776//4776 4777//4777 4778//4778
f 4779//4779 4780//4780 4781//4781
f 4782//4782 4783//4783 4784//4784
f 4785//4785 4786//4786 4787//4787
f 4788//4788 4789//4789 4788//4788
f 4790//4790 4791//4791 4792//4792
f 4793//4793 4794//4794 4795//4795
f 4796//4796 4797//4797 4798//4798
f 4799//4799 4800//4800 4801//4801
f 4802//4802 4803//4803 4804//4804
f 4805//4805 4806//4806 4807//4807
f 4808//4808 4809//4809 4810//4810
f 4811//4811 4812//4812 4813//4813
f 4814//4814 4815//4815 4816//4816
f 4817//4817 4818//4818 4819//4819
f 4820//4820 4821//4821 4822//4822
f 4822//4822 4821//4821 4823//4823
f 4824//4824 4825//4825 4826//4826
f 4827//4827 4828//4828 4829//4829
f 4830//4830 4831//4831 4832//4832
f 4833//4833 4834//4834 4835//4835
f 4836//4836 4837//4837 4838//4838
f 4839//4839 4840//4840 4841//4841
f 4842//4842 4843//4843 4844//4844
f 4845//4845 4846//4846 4847//4847
f 4848//4848 4849//4849 4850//4850
f 4851//4851 4852//4852 4853//4853
f 4854//4854 4855//4855 4856//4856
f 4857//4857 4858//4858 4859//4859
f 4860//4860 4861//4861 4862//4862
f 4863//4863 4864//4864 4865//4865
f 4866//4866 4861//4861 4860//4860
f 4867//4867 4868//4868 4869//4869
f 4870//4870 4871//4871 4872//4872
f 4873//4873 4874//4874 4875//4875
f 4876//4876 4877//4877 4878//4878
f 4879//4879 4880//4880 4881//4881
f 4882//4882 4883//4883 4884//4884
f 4885//4885 4886//4886 4887//4887
f 4888//4888 4889//4889 4890//4890
f 4891//4891 4892//4892 4893//4893
f 4894//4894 4895//4895 4896//4896
f 4897//4897 4898//4898 4899//4899
f 4900//4900 4901//4901 4902//4902
f 4903//4903 4904//4904 4905//4905
f 4906//4906 4907//4907 4908//4908
f 4909//4909 4910//4910 4911//4911
f 4912//4912 4913//4913 4914//4914
f 4915//4915 4916//4916 4917//4917
f 4918//4918 4919//4919 4920//4920
f 4921//4921 4922//4922 4923//4923
f 4924//4924 4925//4925 4926//4926
f 4927//4927 4928//4928 4929//4929
f 4930//4930 4931//4931 4932//4932
f 4933//4933 4934//4934 4935//4935
f 4936//4936 4937//4937 4938//4938
f 4939//4939 4940//4940 4941//4941
f 4942//4942 4943//4943 4944//4944
f 4945//4945 4946//4946 4947//4947
f 4948//4948 4949//4949 4950//4950
f 4951//4951 4952//4952 4953//4953
f 4954//4954 4955//4955 4956//4956
f 4957//4957 4958//4958 4959//4959
f 4960//4960 4961//4961 4962//4962
f 4963//4963 4964//4964 4965//4965
f 4966//4966 4967//4967 4968//4968
f 4969//4969 4970//4970 4971//4971
f 4972//4972 4973//4973 4974//4974
f 4975//4975 4976//4976 4977//4977
f 4978//4978 4979//4979 4980//4980
f 4981//4981 4982//4982 4983//4983
f 4984//4984 4985//4985 4986//4986
f 4987//4987 4988//4988 4989//4989
f 4990//4990 4991//4991 4992//4992
f 4993//4993 4994//4994 4995//4995
f 4996//4996 4997//4997 4998//4998
f 4999//4999 5000//5000 5001//5001
f 5002//5002 5003//5003 5004//5004
f 5005//5005 5006//5006 5007//5007
f 5008//5008 5009//5009 5010//5010
f 5011//5011 5012//5012 5013//5013
f 5014//5014 5015//5015 5016//5016
f 5017//5017 5018//5018 5019//5019
f 5020//5020 5021//5021 5022//5022
f 5023//5023 5024//5024 5025//5025
f 5026//5026 5027//5027 5028//5028
f 5029//5029 5030//5030 5031//5031
f 5032//5032 5033//5033 5034//5034
f 5035//5035 5036//5036 5037//5037
f 5038//5038 5039//5039 5040//5040
f 5041//5041 5042//5042 5043//5043
f 5044//5044 5045//5045 5046//5046
f 5047//5047 5048//5048 5049//5049
f 5050//5050 5051//5051 5052//5052
f 5053//5053 5054//5054 5055//5055
f 5056//5056 5057//5057 5058//5058
f 5059//5059 5060//5060 5061//5061
f 5062//5062 5063//5063 5064//5064
f 5065//5065 5066//5066 5067//5067
f 5068//5068 5069//5069 5070//5070
f 5071//5071 5072//5072 5073//5073
f 5074//5074 5075//5075 5076//5076
f 5077//5077 5078//5078 5079//5079
f 5080//5080 5081//5081 5082//5082
f 5083//5083 5084//5084 5085//5085
f 5086//5086 5087//5087 5088//5088
f 5089//5089 5090//5090 5091//5091
f 5092//5092 5093//5093 5094//5094
f 5095//5095 5096//5096 5097//5097
f 5098//5098 5099//5099 5100//5100
f 5101//5101 5102//5102 5103//5103
f 5104//5104 5105//5105 5106//5106
f 5107//5107 5108//5108 5109//5109
f 5110//5110 5111//5111 5112//5112
f 5113//5113 5114//5114 5115//5115
f 5116//5116 5117//5117 5118//5118
f 5119//5119 5120//5120 5121//5121
f 5122//5122 5123//5123 5124//5124
f 5125//5125 5126//5126 5127//5127
f 5128//5128 5129//5129 5130//5130
f 5131//5131 5132//5132 5133//5133
f 5134//5134 5135//5135 5136//5136
f 5137//5137 5138//5138 5139//5139
f 5140//5140 5141//5141 5142//5142
f 5143//5143 5144//5144 5145//5145
f 5146//5146 5147//5147 5148//5148
f 5149//5149 5150//5150 5151//5151
f 5152//5152 5153//5153 5154//5154
f 5155//5155 5156//5156 5157//5157
f 5158//5158 5159//5159 5160//5160
f 5161//5161 5162//5162 5163//5163
f 5164//5164 5165//5165 5166//5166
