# https://github.com/mikedh/trimesh
v 0.08347994 0.07795685 0.01541991
v 0.08230155 0.07816380 0.01499904
v 0.08350056 0.07806998 0.01553244
v 0.08228427 0.07828843 0.01510603
v 0.08350056 0.07806998 0.01553244
v 0.08230155 0.07816380 0.01499904
v 0.08228427 0.07828843 0.01510603
v 0.08230155 0.07816380 0.01499904
v 0.08111107 0.07849168 0.01458133
v 0.08115875 0.07836592 0.01449461
v 0.08111107 0.07849168 0.01458133
v 0.08230155 0.07816380 0.01499904
v 0.08111107 0.07849168 0.01458133
v 0.08115875 0.07836592 0.01449461
v 0.07993364 0.07869070 0.01391185
v 0.07996946 0.07856488 0.01383579
v 0.07993364 0.07869070 0.01391185
v 0.08115875 0.07836592 0.01449461
v 0.07743537 0.07913482 0.01204468
v 0.07828748 0.07890892 0.01267839
v 0.07723706 0.07904160 0.01175059
v 0.07723706 0.07904160 0.01175059
v 0.07648897 0.07930105 0.01110245
v 0.07743537 0.07913482 0.01204468
v 0.07654196 0.07916474 0.01104314
v 0.07648897 0.07930105 0.01110245
v 0.07723706 0.07904160 0.01175059
v 0.07648897 0.07930105 0.01110245
v 0.07566386 0.07932245 0.01000763
v 0.07573473 0.07943093 0.01021899
v 0.07505673 0.07954698 0.00930620
v 0.07573473 0.07943093 0.01021899
v 0.07566386 0.07932245 0.01000763
v 0.07505673 0.07954698 0.00930620
v 0.07566386 0.07932245 0.01000763
v 0.07491773 0.07943987 0.00896312
v 0.07329893 0.07986688 0.00605453
v 0.07391762 0.07963395 0.00722576
v 0.07351678 0.07971328 0.00634230
v 0.07329893 0.07986688 0.00605453
v 0.07351678 0.07971328 0.00634230
v 0.07320004 0.07977068 0.00553311
v 0.07284265 0.07994866 0.00473727
v 0.07320004 0.07977068 0.00553311
v 0.07294791 0.07981789 0.00478382
v 0.07243674 0.08001339 0.00299848
v 0.07271641 0.07988816 0.00397892
v 0.07255417 0.07988208 0.00321139
v 0.07242268 0.07992899 0.00252665
v 0.07243674 0.08001339 0.00299848
v 0.07255417 0.07988208 0.00321139
v 0.07231569 0.08003830 0.00223912
v 0.07243674 0.08001339 0.00299848
v 0.07242268 0.07992899 0.00252665
v 0.07222664 0.08005273 0.00148756
v 0.07231569 0.08003830 0.00223912
v 0.07230788 0.07995349 0.00166471
v 0.08479505 0.07771348 0.01575799
v 0.08478605 0.07783561 0.01584793
v 0.08715784 0.07741814 0.01618130
v 0.08479505 0.07771348 0.01575799
v 0.08715784 0.07741814 0.01618130
v 0.08677500 0.07734930 0.01605017
v 0.07220745 0.08003532 0.00089521
v 0.07222664 0.08005273 0.00148756
v 0.07230788 0.07995349 0.00166471
v 0.07220745 0.08003532 0.00089521
v 0.07226663 0.07989549 0.00091995
v 0.07217514 0.08004814 0.00000191
v 0.07224321 0.07988208 0.00000108
v 0.07217514 0.08004814 0.00000191
v 0.07226663 0.07989549 0.00091995
v 0.07828748 0.07890892 0.01267839
v 0.07993364 0.07869070 0.01391185
v 0.07996946 0.07856488 0.01383579
v 0.07828748 0.07890892 0.01267839
v 0.07743537 0.07913482 0.01204468
v 0.07993364 0.07869070 0.01391185
v 0.07391762 0.07963395 0.00722576
v 0.07505673 0.07954698 0.00930620
v 0.07491773 0.07943987 0.00896312
v 0.07391762 0.07963395 0.00722576
v 0.07382082 0.07977104 0.00720073
v 0.07505673 0.07954698 0.00930620
v 0.10378810 0.07448506 0.00305004
v 0.10380740 0.07435119 0.00219799
v 0.10368970 0.07437509 0.00295747
v 0.10319080 0.07460325 0.00539065
v 0.10331000 0.07444971 0.00458498
v 0.10300290 0.07452046 0.00554938
v 0.10319080 0.07460325 0.00539065
v 0.10340140 0.07454931 0.00464291
v 0.10331000 0.07444971 0.00458498
v 0.10300290 0.07452046 0.00554938
v 0.10286370 0.07463061 0.00612498
v 0.10319080 0.07460325 0.00539065
v 0.10257790 0.07470130 0.00686241
v 0.10286370 0.07463061 0.00612498
v 0.10232590 0.07462543 0.00715054
v 0.09214872 0.07642734 0.01558084
v 0.09113931 0.07660067 0.01581378
v 0.09100568 0.07674598 0.01595641
v 0.10357350 0.07449656 0.00386233
v 0.10368970 0.07437509 0.00295747
v 0.10331000 0.07444971 0.00458498
v 0.07391762 0.07963395 0.00722576
v 0.07329893 0.07986688 0.00605453
v 0.07382082 0.07977104 0.00720073
v 0.07271641 0.07988816 0.00397892
v 0.07284265 0.07994866 0.00473727
v 0.07294791 0.07981789 0.00478382
v 0.07231569 0.08003830 0.00223912
v 0.07242268 0.07992899 0.00252665
v 0.07230788 0.07995349 0.00166471
v 0.07220745 0.08003532 0.00089521
v 0.07230788 0.07995349 0.00166471
v 0.07226663 0.07989549 0.00091995
v 0.10232590 0.07462543 0.00715054
v 0.10150050 0.07478004 0.00863750
v 0.10184230 0.07483118 0.00827415
v 0.09926849 0.07527637 0.01158858
v 0.09811550 0.07548779 0.01263864
v 0.10041880 0.07512873 0.01055969
v 0.09508925 0.07589918 0.01446248
v 0.09615767 0.07583391 0.01400388
v 0.09637963 0.07566469 0.01374776
v 0.07566386 0.07932245 0.01000763
v 0.07648897 0.07930105 0.01110245
v 0.07654196 0.07916474 0.01104314
v 0.07284265 0.07994866 0.00473727
v 0.07329893 0.07986688 0.00605453
v 0.07320004 0.07977068 0.00553311
v 0.07271641 0.07988816 0.00397892
v 0.07243674 0.08001339 0.00299848
v 0.07284265 0.07994866 0.00473727
v 0.10403130 0.07442319 0.00068343
v 0.10405890 0.07442623 -0.00000273
v 0.10393820 0.07429337 -0.00000118
v 0.10403130 0.07442319 0.00068343
v 0.10393820 0.07429337 -0.00000118
v 0.10393860 0.07435566 0.00106318
v 0.10403580 0.07445275 0.00141443
v 0.10403130 0.07442319 0.00068343
v 0.10393860 0.07435566 0.00106318
v 0.10392290 0.07446259 0.00224800
v 0.10403580 0.07445275 0.00141443
v 0.10393860 0.07435566 0.00106318
v 0.10392290 0.07446259 0.00224800
v 0.10393860 0.07435566 0.00106318
v 0.10380740 0.07435119 0.00219799
v 0.10378810 0.07448506 0.00305004
v 0.10392290 0.07446259 0.00224800
v 0.10380740 0.07435119 0.00219799
v 0.10368970 0.07437509 0.00295747
v 0.10357350 0.07449656 0.00386233
v 0.10378810 0.07448506 0.00305004
v 0.10357350 0.07449656 0.00386233
v 0.10331000 0.07444971 0.00458498
v 0.10340140 0.07454931 0.00464291
v 0.10232590 0.07462543 0.00715054
v 0.10286370 0.07463061 0.00612498
v 0.10300290 0.07452046 0.00554938
v 0.10222510 0.07476371 0.00758172
v 0.10257790 0.07470130 0.00686241
v 0.10232590 0.07462543 0.00715054
v 0.10184230 0.07483118 0.00827415
v 0.10222510 0.07476371 0.00758172
v 0.10232590 0.07462543 0.00715054
v 0.10130920 0.07492512 0.00912894
v 0.10184230 0.07483118 0.00827415
v 0.10150050 0.07478004 0.00863750
v 0.10150050 0.07478004 0.00863750
v 0.10060950 0.07492184 0.00991131
v 0.10130920 0.07492512 0.00912894
v 0.10130920 0.07492512 0.00912894
v 0.10033330 0.07508891 0.01042361
v 0.10041880 0.07512873 0.01055969
v 0.10060950 0.07492184 0.00991131
v 0.10033330 0.07508891 0.01042361
v 0.10130920 0.07492512 0.00912894
v 0.10060950 0.07492184 0.00991131
v 0.09960877 0.07509934 0.01109184
v 0.10033330 0.07508891 0.01042361
v 0.10033330 0.07508891 0.01042361
v 0.09926849 0.07527637 0.01158858
v 0.10041880 0.07512873 0.01055969
v 0.09960877 0.07509934 0.01109184
v 0.09926849 0.07527637 0.01158858
v 0.10033330 0.07508891 0.01042361
v 0.09960877 0.07509934 0.01109184
v 0.09882676 0.07523375 0.01186634
v 0.09926849 0.07527637 0.01158858
v 0.09882676 0.07523375 0.01186634
v 0.09811550 0.07548779 0.01263864
v 0.09926849 0.07527637 0.01158858
v 0.09882676 0.07523375 0.01186634
v 0.09783637 0.07541102 0.01272286
v 0.09811550 0.07548779 0.01263864
v 0.09783637 0.07541102 0.01272286
v 0.09712499 0.07566583 0.01338495
v 0.09811550 0.07548779 0.01263864
v 0.09783637 0.07541102 0.01272286
v 0.09637963 0.07566469 0.01374776
v 0.09712499 0.07566583 0.01338495
v 0.09637963 0.07566469 0.01374776
v 0.09615767 0.07583391 0.01400388
v 0.09712499 0.07566583 0.01338495
v 0.09615767 0.07583391 0.01400388
v 0.09508925 0.07589918 0.01446248
v 0.09479981 0.07607638 0.01473279
v 0.09410321 0.07608282 0.01491619
v 0.09479981 0.07607638 0.01473279
v 0.09508925 0.07589918 0.01446248
v 0.09333992 0.07633644 0.01533670
v 0.09479981 0.07607638 0.01473279
v 0.09410321 0.07608282 0.01491619
v 0.09333992 0.07633644 0.01533670
v 0.09410321 0.07608282 0.01491619
v 0.09305602 0.07626831 0.01530416
v 0.09333992 0.07633644 0.01533670
v 0.09305602 0.07626831 0.01530416
v 0.09214872 0.07642734 0.01558084
v 0.09222060 0.07653313 0.01567764
v 0.09100568 0.07674598 0.01595641
v 0.09222060 0.07653313 0.01567764
v 0.09214872 0.07642734 0.01558084
v 0.09100568 0.07674598 0.01595641
v 0.09113931 0.07660067 0.01581378
v 0.08970957 0.07685738 0.01603193
v 0.08943796 0.07702243 0.01616795
v 0.09100568 0.07674598 0.01595641
v 0.08970957 0.07685738 0.01603193
v 0.08943796 0.07702243 0.01616795
v 0.08970957 0.07685738 0.01603193
v 0.08805859 0.07714605 0.01611377
v 0.08825868 0.07723242 0.01622028
v 0.08943796 0.07702243 0.01616795
v 0.08805859 0.07714605 0.01611377
v 0.08715784 0.07741814 0.01618130
v 0.08825868 0.07723242 0.01622028
v 0.08805859 0.07714605 0.01611377
v 0.08715784 0.07741814 0.01618130
v 0.08805859 0.07714605 0.01611377
v 0.08677500 0.07734930 0.01605017
v 0.08479505 0.07771348 0.01575799
v 0.08347994 0.07795685 0.01541991
v 0.08478605 0.07783561 0.01584793
v 0.08350056 0.07806998 0.01553244
v 0.08478605 0.07783561 0.01584793
v 0.08347994 0.07795685 0.01541991
v 0.09272056 0.07632750 -0.01541996
v 0.09389865 0.07611888 -0.01499911
v 0.09273928 0.07644098 -0.01553275
v 0.09395724 0.07623130 -0.01510781
v 0.09273928 0.07644098 -0.01553275
v 0.09389865 0.07611888 -0.01499911
v 0.09395724 0.07623130 -0.01510781
v 0.09389865 0.07611888 -0.01499911
v 0.09512865 0.07601994 -0.01458176
v 0.09504163 0.07591801 -0.01449488
v 0.09512865 0.07601994 -0.01458176
v 0.09389865 0.07611888 -0.01499911
v 0.09512865 0.07601994 -0.01458176
v 0.09504163 0.07591801 -0.01449488
v 0.09630328 0.07580327 -0.01391095
v 0.09622728 0.07569819 -0.01383628
v 0.09630328 0.07580327 -0.01391095
v 0.09504163 0.07591801 -0.01449488
v 0.09825277 0.07546275 -0.01252424
v 0.09787046 0.07539206 -0.01268439
v 0.09895795 0.07521158 -0.01175069
v 0.09898585 0.07533693 -0.01187806
v 0.09825277 0.07546275 -0.01252424
v 0.09895795 0.07521158 -0.01175069
v 0.09895795 0.07521158 -0.01175069
v 0.09974908 0.07519960 -0.01110320
v 0.09898585 0.07533693 -0.01187806
v 0.09965330 0.07508957 -0.01104318
v 0.09974908 0.07519960 -0.01110320
v 0.09895795 0.07521158 -0.01175069
v 0.09974908 0.07519960 -0.01110320
v 0.10053200 0.07493752 -0.01000820
v 0.10050280 0.07506364 -0.01021926
v 0.10118010 0.07493966 -0.00930344
v 0.10050280 0.07506364 -0.01021926
v 0.10053200 0.07493752 -0.01000820
v 0.10118010 0.07493966 -0.00930344
v 0.10053200 0.07493752 -0.01000820
v 0.10127350 0.07479262 -0.00896369
v 0.10251100 0.07470792 -0.00701468
v 0.10227970 0.07463300 -0.00722616
v 0.10268330 0.07457047 -0.00634317
v 0.10324400 0.07458794 -0.00522988
v 0.10251100 0.07470792 -0.00701468
v 0.10268330 0.07457047 -0.00634317
v 0.10324400 0.07458794 -0.00522988
v 0.10268330 0.07457047 -0.00634317
v 0.10300090 0.07451593 -0.00553291
v 0.10324400 0.07458794 -0.00522988
v 0.10300090 0.07451593 -0.00553291
v 0.10326480 0.07447057 -0.00474309
v 0.10380140 0.07448196 -0.00298756
v 0.10347400 0.07441926 -0.00395422
v 0.10364600 0.07439976 -0.00321107
v 0.10380140 0.07448196 -0.00298756
v 0.10355830 0.07452327 -0.00408547
v 0.10347400 0.07441926 -0.00395422
v 0.07930576 0.07875412 -0.01345103
v 0.07835900 0.07884544 -0.01272284
v 0.08008551 0.07853782 -0.01390752
v 0.10378550 0.07439893 -0.00252717
v 0.10380140 0.07448196 -0.00298756
v 0.10364600 0.07439976 -0.00321107
v 0.10392340 0.07446497 -0.00223982
v 0.10380140 0.07448196 -0.00298756
v 0.10378550 0.07439893 -0.00252717
v 0.10401200 0.07444816 -0.00148784
v 0.10392340 0.07446497 -0.00223982
v 0.10390180 0.07438260 -0.00166564
v 0.09140151 0.07654857 -0.01575826
v 0.09145051 0.07666063 -0.01584839
v 0.08907997 0.07707917 -0.01618128
v 0.09140151 0.07654857 -0.01575826
v 0.08907997 0.07707917 -0.01618128
v 0.08941638 0.07688355 -0.01605009
v 0.10402410 0.07442516 -0.00089531
v 0.10401200 0.07444816 -0.00148784
v 0.10390180 0.07438260 -0.00166564
v 0.09787046 0.07539206 -0.01268439
v 0.09630328 0.07580327 -0.01391095
v 0.09622728 0.07569819 -0.01383628
v 0.09787046 0.07539206 -0.01268439
v 0.09825277 0.07546275 -0.01252424
v 0.09630328 0.07580327 -0.01391095
v 0.10402410 0.07442516 -0.00089531
v 0.10392060 0.07431393 -0.00092053
v 0.10405890 0.07442623 -0.00000273
v 0.10393820 0.07429337 -0.00000118
v 0.10405890 0.07442623 -0.00000273
v 0.10392060 0.07431393 -0.00092053
v 0.10227970 0.07463300 -0.00722616
v 0.10118010 0.07493966 -0.00930344
v 0.10127350 0.07479262 -0.00896369
v 0.10227970 0.07463300 -0.00722616
v 0.10251100 0.07470792 -0.00701468
v 0.10118010 0.07493966 -0.00930344
v 0.07240623 0.07991170 -0.00238066
v 0.07244777 0.08001291 -0.00304698
v 0.07231503 0.08003711 -0.00226026
v 0.07244777 0.08001291 -0.00304698
v 0.07240623 0.07991170 -0.00238066
v 0.07260990 0.07988721 -0.00353258
v 0.07310479 0.07986909 -0.00538110
v 0.07283502 0.07993900 -0.00464319
v 0.07288676 0.07981425 -0.00458466
v 0.07333588 0.07985645 -0.00610380
v 0.07310479 0.07986909 -0.00538110
v 0.07339709 0.07971614 -0.00605785
v 0.07333588 0.07985645 -0.00610380
v 0.07339709 0.07971614 -0.00605785
v 0.07365137 0.07980006 -0.00683861
v 0.07365137 0.07980006 -0.00683861
v 0.07339709 0.07971614 -0.00605785
v 0.07394146 0.07963430 -0.00728439
v 0.08405148 0.07785505 -0.01558084
v 0.08505922 0.07767277 -0.01581399
v 0.08523279 0.07776492 -0.01595722
v 0.07288676 0.07981425 -0.00458466
v 0.10355830 0.07452327 -0.00408547
v 0.10326480 0.07447057 -0.00474309
v 0.10347400 0.07441926 -0.00395422
v 0.10392340 0.07446497 -0.00223982
v 0.10378550 0.07439893 -0.00252717
v 0.10390180 0.07438260 -0.00166564
v 0.10402410 0.07442516 -0.00089531
v 0.10390180 0.07438260 -0.00166564
v 0.10392060 0.07431393 -0.00092053
v 0.07394146 0.07963430 -0.00728439
v 0.07470023 0.07950562 -0.00863789
v 0.07439500 0.07967239 -0.00827478
v 0.07566750 0.07943862 -0.01012562
v 0.07636094 0.07937073 -0.01115941
v 0.07487994 0.07958692 -0.00905858
v 0.07754141 0.07910734 -0.01213061
v 0.07854527 0.07894104 -0.01297216
v 0.07636094 0.07937073 -0.01115941
v 0.08110791 0.07836443 -0.01446261
v 0.08008092 0.07866394 -0.01399840
v 0.08008551 0.07853782 -0.01390752
v 0.10053200 0.07493752 -0.01000820
v 0.09974908 0.07519960 -0.01110320
v 0.09965330 0.07508957 -0.01104318
v 0.10324400 0.07458794 -0.00522988
v 0.07220005 0.08003586 -0.00068425
v 0.07217514 0.08004814 0.00000191
v 0.07224321 0.07988208 0.00000108
v 0.07220005 0.08003586 -0.00068425
v 0.07224321 0.07988208 0.00000108
v 0.07226395 0.07994079 -0.00106268
v 0.07220590 0.08006519 -0.00141465
v 0.07220005 0.08003586 -0.00068425
v 0.07226395 0.07994079 -0.00106268
v 0.07231503 0.08003711 -0.00226026
v 0.07226395 0.07994079 -0.00106268
v 0.07240623 0.07991170 -0.00238066
v 0.07231503 0.08003711 -0.00226026
v 0.07220590 0.08006519 -0.00141465
v 0.07226395 0.07994079 -0.00106268
v 0.07262349 0.07998365 -0.00388061
v 0.07244777 0.08001291 -0.00304698
v 0.07260990 0.07988721 -0.00353258
v 0.07260990 0.07988721 -0.00353258
v 0.07288676 0.07981425 -0.00458466
v 0.07283502 0.07993900 -0.00464319
v 0.07260990 0.07988721 -0.00353258
v 0.07283502 0.07993900 -0.00464319
v 0.07262349 0.07998365 -0.00388061
v 0.07401424 0.07973796 -0.00758259
v 0.07365137 0.07980006 -0.00683861
v 0.07394146 0.07963430 -0.00728439
v 0.07439500 0.07967239 -0.00827478
v 0.07401424 0.07973796 -0.00758259
v 0.07394146 0.07963430 -0.00728439
v 0.07487994 0.07958692 -0.00905858
v 0.07439500 0.07967239 -0.00827478
v 0.07470023 0.07950562 -0.00863789
v 0.07470023 0.07950562 -0.00863789
v 0.07556062 0.07934600 -0.00988023
v 0.07487994 0.07958692 -0.00905858
v 0.07487994 0.07958692 -0.00905858
v 0.07556062 0.07934600 -0.00988023
v 0.07566750 0.07943862 -0.01012562
v 0.07566750 0.07943862 -0.01012562
v 0.07642084 0.07930517 -0.01101922
v 0.07636094 0.07937073 -0.01115941
v 0.07556062 0.07934600 -0.00988023
v 0.07642084 0.07930517 -0.01101922
v 0.07566750 0.07943862 -0.01012562
v 0.07658725 0.07915866 -0.01109205
v 0.07642084 0.07930517 -0.01101922
v 0.07754141 0.07910734 -0.01213061
v 0.07636094 0.07937073 -0.01115941
v 0.07658725 0.07915866 -0.01109205
v 0.07754141 0.07910734 -0.01213061
v 0.07642084 0.07930517 -0.01101922
v 0.07658725 0.07915866 -0.01109205
v 0.07736790 0.07901751 -0.01186638
v 0.07754141 0.07910734 -0.01213061
v 0.07736790 0.07901751 -0.01186638
v 0.07835900 0.07884544 -0.01272284
v 0.07754141 0.07910734 -0.01213061
v 0.07835900 0.07884544 -0.01272284
v 0.07854527 0.07894104 -0.01297216
v 0.07754141 0.07910734 -0.01213061
v 0.07835900 0.07884544 -0.01272284
v 0.07930576 0.07875412 -0.01345103
v 0.07854527 0.07894104 -0.01297216
v 0.08008092 0.07866394 -0.01399840
v 0.07854527 0.07894104 -0.01297216
v 0.07930576 0.07875412 -0.01345103
v 0.08008551 0.07853782 -0.01390752
v 0.08008092 0.07866394 -0.01399840
v 0.07930576 0.07875412 -0.01345103
v 0.08008092 0.07866394 -0.01399840
v 0.08110791 0.07836443 -0.01446261
v 0.08144021 0.07843214 -0.01473291
v 0.08209693 0.07819986 -0.01491615
v 0.08144021 0.07843214 -0.01473291
v 0.08110791 0.07836443 -0.01446261
v 0.08290272 0.07817685 -0.01533737
v 0.08144021 0.07843214 -0.01473291
v 0.08209693 0.07819986 -0.01491615
v 0.08290272 0.07817685 -0.01533737
v 0.08209693 0.07819986 -0.01491615
v 0.08314454 0.07801598 -0.01530451
v 0.08290272 0.07817685 -0.01533737
v 0.08314454 0.07801598 -0.01530451
v 0.08405148 0.07785505 -0.01558084
v 0.08401876 0.07798117 -0.01567944
v 0.08523279 0.07776492 -0.01595722
v 0.08401876 0.07798117 -0.01567944
v 0.08405148 0.07785505 -0.01558084
v 0.08523279 0.07776492 -0.01595722
v 0.08505922 0.07767277 -0.01581399
v 0.08649086 0.07742494 -0.01603185
v 0.08680176 0.07748723 -0.01616781
v 0.08523279 0.07776492 -0.01595722
v 0.08649086 0.07742494 -0.01603185
v 0.08680176 0.07748723 -0.01616781
v 0.08649086 0.07742494 -0.01603185
v 0.08814054 0.07713156 -0.01611398
v 0.08798635 0.07727855 -0.01621793
v 0.08680176 0.07748723 -0.01616781
v 0.08814054 0.07713156 -0.01611398
v 0.08907997 0.07707917 -0.01618128
v 0.08798635 0.07727855 -0.01621793
v 0.08814054 0.07713156 -0.01611398
v 0.08907997 0.07707917 -0.01618128
v 0.08814054 0.07713156 -0.01611398
v 0.08941638 0.07688355 -0.01605009
v 0.09140151 0.07654857 -0.01575826
v 0.09272056 0.07632750 -0.01541996
v 0.09145051 0.07666063 -0.01584839
v 0.09273928 0.07644098 -0.01553275
v 0.09145051 0.07666063 -0.01584839
v 0.09272056 0.07632750 -0.01541996
v 0.12135570 0.06423044 0.00144280
v 0.12122800 0.06432700 0.00348855
v 0.12130590 0.06427937 0.00252569
v 0.07263964 0.08043754 -0.00933569
v 0.07138955 0.08066803 -0.00686638
v 0.07401424 0.07973796 -0.00758259
v 0.07401424 0.07973796 -0.00758259
v 0.07138955 0.08066803 -0.00686638
v 0.07365137 0.07980006 -0.00683861
v 0.09479981 0.07607638 0.01473279
v 0.09557139 0.07641667 0.01688505
v 0.09806400 0.07597392 0.01550383
v 0.10378810 0.07448506 0.00305004
v 0.10357350 0.07449656 0.00386233
v 0.10572110 0.07460182 0.00478698
v 0.08350056 0.07806998 0.01553244
v 0.08007353 0.07914865 0.01656307
v 0.08476221 0.07832175 0.01813335
v 0.07365137 0.07980006 -0.00683861
v 0.07138955 0.08066803 -0.00686638
v 0.07333588 0.07985645 -0.00610380
v 0.08228427 0.07828843 0.01510603
v 0.08007353 0.07914865 0.01656307
v 0.08350056 0.07806998 0.01553244
v 0.07284265 0.07994866 0.00473727
v 0.07110512 0.08071929 0.00620354
v 0.07329893 0.07986688 0.00605453
v 0.08381223 0.07848864 -0.01791547
v 0.08401876 0.07798117 -0.01567944
v 0.08523279 0.07776492 -0.01595722
v 0.08242130 0.07869505 -0.01724260
v 0.08401876 0.07798117 -0.01567944
v 0.08381223 0.07848864 -0.01791547
v 0.10357350 0.07449656 0.00386233
v 0.10340140 0.07454931 0.00464291
v 0.10572110 0.07460182 0.00478698
v 0.07110512 0.08071929 0.00620354
v 0.07202047 0.08056145 0.00839633
v 0.07329893 0.07986688 0.00605453
v 0.09333992 0.07633644 0.01533670
v 0.09557139 0.07641667 0.01688505
v 0.09479981 0.07607638 0.01473279
v 0.07333588 0.07985645 -0.00610380
v 0.07138955 0.08066803 -0.00686638
v 0.07310479 0.07986909 -0.00538110
v 0.08111107 0.07849168 0.01458133
v 0.08007353 0.07914865 0.01656307
v 0.08228427 0.07828843 0.01510603
v 0.07329893 0.07986688 0.00605453
v 0.07202047 0.08056145 0.00839633
v 0.07382082 0.07977104 0.00720073
v 0.08242130 0.07869505 -0.01724260
v 0.08290272 0.07817685 -0.01533737
v 0.08401876 0.07798117 -0.01567944
v 0.09945350 0.07573300 -0.01448271
v 0.09898585 0.07533693 -0.01187806
v 0.10169780 0.07533633 -0.01244949
v 0.10572110 0.07460182 0.00478698
v 0.10319080 0.07460325 0.00539065
v 0.10412400 0.07487136 0.00845928
v 0.10340140 0.07454931 0.00464291
v 0.07310479 0.07986909 -0.00538110
v 0.07086777 0.08075350 -0.00536095
v 0.07283502 0.07993900 -0.00464319
v 0.07138955 0.08066803 -0.00686638
v 0.07086777 0.08075350 -0.00536095
v 0.07310479 0.07986909 -0.00538110
v 0.09898585 0.07533693 -0.01187806
v 0.09974908 0.07519960 -0.01110320
v 0.10169780 0.07533633 -0.01244949
v 0.07993364 0.07869070 0.01391185
v 0.08007353 0.07914865 0.01656307
v 0.08111107 0.07849168 0.01458133
v 0.07202047 0.08056145 0.00839633
v 0.07346516 0.08031445 0.01086576
v 0.07382082 0.07977104 0.00720073
v 0.09825277 0.07546275 -0.01252424
v 0.07382082 0.07977104 0.00720073
v 0.07346516 0.08031445 0.01086576
v 0.07505673 0.07954698 0.00930620
v 0.07978129 0.07914364 -0.01601903
v 0.08290272 0.07817685 -0.01533737
v 0.08242130 0.07869505 -0.01724260
v 0.10319080 0.07460325 0.00539065
v 0.10286370 0.07463061 0.00612498
v 0.10412400 0.07487136 0.00845928
v 0.09333992 0.07633644 0.01533670
v 0.09255027 0.07694536 0.01790167
v 0.09557139 0.07641667 0.01688505
v 0.07262349 0.07998365 -0.00388061
v 0.07993364 0.07869070 0.01391185
v 0.07739317 0.07962018 0.01483835
v 0.08007353 0.07914865 0.01656307
v 0.09974908 0.07519960 -0.01110320
v 0.10050280 0.07506364 -0.01021926
v 0.10169780 0.07533633 -0.01244949
v 0.09945350 0.07573300 -0.01448271
v 0.09630328 0.07580327 -0.01391095
v 0.09825277 0.07546275 -0.01252424
v 0.07743537 0.07913482 0.01204468
v 0.07739317 0.07962018 0.01483835
v 0.07993364 0.07869070 0.01391185
v 0.07505673 0.07954698 0.00930620
v 0.07346516 0.08031445 0.01086576
v 0.07573473 0.07943093 0.01021899
v 0.07978129 0.07914364 -0.01601903
v 0.08144021 0.07843214 -0.01473291
v 0.08290272 0.07817685 -0.01533737
v 0.09222060 0.07653313 0.01567764
v 0.09255027 0.07694536 0.01790167
v 0.09333992 0.07633644 0.01533670
v 0.10050280 0.07506364 -0.01021926
v 0.10118010 0.07493966 -0.00930344
v 0.10169780 0.07533633 -0.01244949
v 0.10286370 0.07463061 0.00612498
v 0.10257790 0.07470130 0.00686241
v 0.10412400 0.07487136 0.00845928
v 0.07346516 0.08031445 0.01086576
v 0.07582193 0.07987719 0.01338465
v 0.07573473 0.07943093 0.01021899
v 0.07573473 0.07943093 0.01021899
v 0.07582193 0.07987719 0.01338465
v 0.07648897 0.07930105 0.01110245
v 0.07743537 0.07913482 0.01204468
v 0.07582193 0.07987719 0.01338465
v 0.07739317 0.07962018 0.01483835
v 0.07648897 0.07930105 0.01110245
v 0.07582193 0.07987719 0.01338465
v 0.07743537 0.07913482 0.01204468
v 0.07244777 0.08001291 -0.00304698
v 0.09543168 0.07641321 -0.01673620
v 0.09630328 0.07580327 -0.01391095
v 0.09945350 0.07573300 -0.01448271
v 0.09100568 0.07674598 0.01595641
v 0.09255027 0.07694536 0.01790167
v 0.09222060 0.07653313 0.01567764
v 0.10257790 0.07470130 0.00686241
v 0.10222510 0.07476371 0.00758172
v 0.10412400 0.07487136 0.00845928
v 0.07244777 0.08001291 -0.00304698
v 0.07086777 0.08075350 -0.00536095
v 0.07231503 0.08003711 -0.00226026
v 0.10169780 0.07533633 -0.01244949
v 0.10251100 0.07470792 -0.00701468
v 0.10453450 0.07482272 -0.00805341
v 0.10118010 0.07493966 -0.00930344
v 0.10251100 0.07470792 -0.00701468
v 0.10169780 0.07533633 -0.01244949
v 0.07978129 0.07914364 -0.01601903
v 0.08008092 0.07866394 -0.01399840
v 0.08144021 0.07843214 -0.01473291
v 0.09543168 0.07641321 -0.01673620
v 0.09512865 0.07601994 -0.01458176
v 0.09630328 0.07580327 -0.01391095
v 0.10222510 0.07476371 0.00758172
v 0.10184230 0.07483118 0.00827415
v 0.10412400 0.07487136 0.00845928
v 0.07086777 0.08075350 -0.00536095
v 0.07021659 0.08086460 -0.00110029
v 0.07231503 0.08003711 -0.00226026
v 0.10453450 0.07482272 -0.00805341
v 0.10251100 0.07470792 -0.00701468
v 0.10474960 0.07476121 -0.00711732
v 0.07978129 0.07914364 -0.01601903
v 0.07854527 0.07894104 -0.01297216
v 0.08008092 0.07866394 -0.01399840
v 0.07927036 0.07928538 -0.01605927
v 0.07854527 0.07894104 -0.01297216
v 0.07978129 0.07914364 -0.01601903
v 0.10184230 0.07483118 0.00827415
v 0.10355470 0.07500249 0.00997926
v 0.09100568 0.07674598 0.01595641
v 0.09010756 0.07737451 0.01831878
v 0.09255027 0.07694536 0.01790167
v 0.08943796 0.07702243 0.01616795
v 0.09010756 0.07737451 0.01831878
v 0.09100568 0.07674598 0.01595641
v 0.07231503 0.08003711 -0.00226026
v 0.07021659 0.08086460 -0.00110029
v 0.07220590 0.08006519 -0.00141465
v 0.10184230 0.07483118 0.00827415
v 0.10130920 0.07492512 0.00912894
v 0.10355470 0.07500249 0.00997926
v 0.09543168 0.07641321 -0.01673620
v 0.09395724 0.07623130 -0.01510781
v 0.09512865 0.07601994 -0.01458176
v 0.10130920 0.07492512 0.00912894
v 0.10218040 0.07524544 0.01174123
v 0.10355470 0.07500249 0.00997926
v 0.09293121 0.07686722 -0.01767050
v 0.09395724 0.07623130 -0.01510781
v 0.09543168 0.07641321 -0.01673620
v 0.10130920 0.07492512 0.00912894
v 0.10041880 0.07512873 0.01055969
v 0.10218040 0.07524544 0.01174123
v 0.07220590 0.08006519 -0.00141465
v 0.07021659 0.08086460 -0.00110029
v 0.07220005 0.08003586 -0.00068425
v 0.07643479 0.07978367 -0.01399767
v 0.07854527 0.07894104 -0.01297216
v 0.07927036 0.07928538 -0.01605927
v 0.09273928 0.07644098 -0.01553275
v 0.07220005 0.08003586 -0.00068425
v 0.07021659 0.08086460 -0.00110029
v 0.07217514 0.08004814 0.00000191
v 0.08825868 0.07723242 0.01622028
v 0.09010756 0.07737451 0.01831878
v 0.08943796 0.07702243 0.01616795
v 0.10324400 0.07458794 -0.00522988
v 0.10562830 0.07461905 -0.00494127
v 0.10251100 0.07470792 -0.00701468
v 0.10324400 0.07458794 -0.00522988
v 0.10474960 0.07476121 -0.00711732
v 0.10324400 0.07458794 -0.00522988
v 0.10355830 0.07452327 -0.00408547
v 0.10562830 0.07461905 -0.00494127
v 0.09293121 0.07686722 -0.01767050
v 0.09145051 0.07666063 -0.01584839
v 0.09273928 0.07644098 -0.01553275
v 0.08825868 0.07723242 0.01622028
v 0.08835607 0.07768905 0.01850194
v 0.09010756 0.07737451 0.01831878
v 0.07021659 0.08086460 -0.00110029
v 0.07005786 0.08090716 0.00113345
v 0.07217514 0.08004814 0.00000191
v 0.07217514 0.08004814 0.00000191
v 0.07005786 0.08090716 0.00113345
v 0.07220745 0.08003532 0.00089521
v 0.07643479 0.07978367 -0.01399767
v 0.07636094 0.07937073 -0.01115941
v 0.07854527 0.07894104 -0.01297216
v 0.10041880 0.07512873 0.01055969
v 0.10072950 0.07551532 0.01345349
v 0.10218040 0.07524544 0.01174123
v 0.08715784 0.07741814 0.01618130
v 0.08835607 0.07768905 0.01850194
v 0.08825868 0.07723242 0.01622028
v 0.08975082 0.07744169 -0.01838266
v 0.09145051 0.07666063 -0.01584839
v 0.09293121 0.07686722 -0.01767050
v 0.10562830 0.07461905 -0.00494127
v 0.10380140 0.07448196 -0.00298756
v 0.10590950 0.07454609 -0.00287949
v 0.10355830 0.07452327 -0.00408547
v 0.07643479 0.07978367 -0.01399767
v 0.07453495 0.08011090 -0.01197957
v 0.07636094 0.07937073 -0.01115941
v 0.10041880 0.07512873 0.01055969
v 0.09811550 0.07548779 0.01263864
v 0.10072950 0.07551532 0.01345349
v 0.07220745 0.08003532 0.00089521
v 0.07005786 0.08090716 0.00113345
v 0.07222664 0.08005273 0.00148756
v 0.10380140 0.07448196 -0.00298756
v 0.10392340 0.07446497 -0.00223982
v 0.10590950 0.07454609 -0.00287949
v 0.08478605 0.07783561 0.01584793
v 0.08835607 0.07768905 0.01850194
v 0.08715784 0.07741814 0.01618130
v 0.08975082 0.07744169 -0.01838266
v 0.08907997 0.07707917 -0.01618128
v 0.09145051 0.07666063 -0.01584839
v 0.10401200 0.07444816 -0.00148784
v 0.10401200 0.07444816 -0.00148784
v 0.10628560 0.07450067 -0.00132506
v 0.07005786 0.08090716 0.00113345
v 0.07022005 0.08087426 0.00273431
v 0.07222664 0.08005273 0.00148756
v 0.07222664 0.08005273 0.00148756
v 0.07022005 0.08087426 0.00273431
v 0.07231569 0.08003830 0.00223912
v 0.08706378 0.07790154 -0.01827310
v 0.08907997 0.07707917 -0.01618128
v 0.08975082 0.07744169 -0.01838266
v 0.09811550 0.07548779 0.01263864
v 0.09806400 0.07597392 0.01550383
v 0.10072950 0.07551532 0.01345349
v 0.09712499 0.07566583 0.01338495
v 0.09806400 0.07597392 0.01550383
v 0.09811550 0.07548779 0.01263864
v 0.10402410 0.07442516 -0.00089531
v 0.07453495 0.08011090 -0.01197957
v 0.07487994 0.07958692 -0.00905858
v 0.07636094 0.07937073 -0.01115941
v 0.07022005 0.08087426 0.00273431
v 0.07059592 0.08080887 0.00449664
v 0.07231569 0.08003830 0.00223912
v 0.07231569 0.08003830 0.00223912
v 0.07059592 0.08080887 0.00449664
v 0.07243674 0.08001339 0.00299848
v 0.08706378 0.07790154 -0.01827310
v 0.08798635 0.07727855 -0.01621793
v 0.08907997 0.07707917 -0.01618128
v 0.10628560 0.07450067 -0.00132506
v 0.10405890 0.07442623 -0.00000273
v 0.10612150 0.07451266 0.00179435
v 0.08478605 0.07783561 0.01584793
v 0.08476221 0.07832175 0.01813335
v 0.08835607 0.07768905 0.01850194
v 0.10402410 0.07442516 -0.00089531
v 0.10405890 0.07442623 -0.00000273
v 0.10628560 0.07450067 -0.00132506
v 0.07453495 0.08011090 -0.01197957
v 0.07263964 0.08043754 -0.00933569
v 0.07487994 0.07958692 -0.00905858
v 0.08706378 0.07790154 -0.01827310
v 0.08680176 0.07748723 -0.01616781
v 0.08798635 0.07727855 -0.01621793
v 0.09615767 0.07583391 0.01400388
v 0.09806400 0.07597392 0.01550383
v 0.09712499 0.07566583 0.01338495
v 0.10405890 0.07442623 -0.00000273
v 0.10403130 0.07442319 0.00068343
v 0.10612150 0.07451266 0.00179435
v 0.07263964 0.08043754 -0.00933569
v 0.07439500 0.07967239 -0.00827478
v 0.07487994 0.07958692 -0.00905858
v 0.08350056 0.07806998 0.01553244
v 0.08476221 0.07832175 0.01813335
v 0.08478605 0.07783561 0.01584793
v 0.10403130 0.07442319 0.00068343
v 0.10403580 0.07445275 0.00141443
v 0.10612150 0.07451266 0.00179435
v 0.07243674 0.08001339 0.00299848
v 0.07110512 0.08071929 0.00620354
v 0.07284265 0.07994866 0.00473727
v 0.07059592 0.08080887 0.00449664
v 0.07110512 0.08071929 0.00620354
v 0.07243674 0.08001339 0.00299848
v 0.07439500 0.07967239 -0.00827478
v 0.07263964 0.08043754 -0.00933569
v 0.07401424 0.07973796 -0.00758259
v 0.08381223 0.07848864 -0.01791547
v 0.08523279 0.07776492 -0.01595722
v 0.08706378 0.07790154 -0.01827310
v 0.09479981 0.07607638 0.01473279
v 0.09806400 0.07597392 0.01550383
v 0.09615767 0.07583391 0.01400388
v 0.08680176 0.07748723 -0.01616781
v 0.10403580 0.07445275 0.00141443
v 0.10392290 0.07446259 0.00224800
v 0.10612150 0.07451266 0.00179435
v 0.10612150 0.07451266 0.00179435
v 0.10378810 0.07448506 0.00305004
v 0.10572110 0.07460182 0.00478698
v 0.10392290 0.07446259 0.00224800
v 0.10658940 0.07420265 0.00509907
v 0.10654650 0.07431513 0.00497699
v 0.10629650 0.07430124 0.00606079
v 0.10678310 0.07416391 0.00430835
v 0.10654650 0.07431513 0.00497699
v 0.10658940 0.07420265 0.00509907
v 0.10686340 0.07423800 0.00363214
v 0.10700140 0.07410788 0.00319947
v 0.10699620 0.07421165 0.00282408
v 0.10699620 0.07421165 0.00282408
v 0.10715010 0.07407808 0.00209529
v 0.10709500 0.07419121 0.00206561
v 0.10709500 0.07419121 0.00206561
v 0.10715010 0.07407808 0.00209529
v 0.10716610 0.07417356 0.00125373
v 0.10678310 0.07416391 0.00430835
v 0.10686340 0.07423800 0.00363214
v 0.10654650 0.07431513 0.00497699
v 0.10716610 0.07417356 0.00125373
v 0.10725660 0.07407706 0.00032604
v 0.10719420 0.07417362 0.00049479
v 0.10700140 0.07410788 0.00319947
v 0.10686340 0.07423800 0.00363214
v 0.10678310 0.07416391 0.00430835
v 0.10465610 0.07454890 0.00984604
v 0.10507790 0.07453793 0.00901527
v 0.10459010 0.07470190 0.00986452
v 0.10700140 0.07410788 0.00319947
v 0.10715010 0.07407808 0.00209529
v 0.10699620 0.07421165 0.00282408
v 0.10454460 0.07476091 0.00978411
v 0.10459010 0.07470190 0.00986452
v 0.10510970 0.07462990 0.00877769
v 0.10507790 0.07453793 0.00901527
v 0.10546290 0.07447218 0.00820626
v 0.10510970 0.07462990 0.00877769
v 0.10546290 0.07447218 0.00820626
v 0.10542760 0.07455503 0.00812025
v 0.10510970 0.07462990 0.00877769
v 0.10715010 0.07407808 0.00209529
v 0.10725660 0.07407706 0.00032604
v 0.10716610 0.07417356 0.00125373
v 0.10608800 0.07436537 0.00666959
v 0.10629650 0.07430124 0.00606079
v 0.10654650 0.07431513 0.00497699
v 0.10459010 0.07470190 0.00986452
v 0.10507790 0.07453793 0.00901527
v 0.10510970 0.07462990 0.00877769
v 0.10579760 0.07443857 0.00740267
v 0.10542760 0.07455503 0.00812025
v 0.10546290 0.07447218 0.00820626
v 0.10612150 0.07451266 0.00179435
v 0.10620460 0.07449841 0.00366063
v 0.10650130 0.07444334 0.00148232
v 0.10572110 0.07460182 0.00478698
v 0.10620460 0.07449841 0.00366063
v 0.10612150 0.07451266 0.00179435
v 0.10412400 0.07487136 0.00845928
v 0.10355470 0.07500249 0.00997926
v 0.10497590 0.07473409 0.00736464
v 0.07582193 0.07987719 0.01338465
v 0.07506316 0.08003205 0.01307441
v 0.07739317 0.07962018 0.01483835
v 0.07582193 0.07987719 0.01338465
v 0.07346516 0.08031445 0.01086576
v 0.07506316 0.08003205 0.01307441
v 0.10412400 0.07487136 0.00845928
v 0.10555420 0.07462811 0.00572778
v 0.10572110 0.07460182 0.00478698
v 0.10412400 0.07487136 0.00845928
v 0.10497590 0.07473409 0.00736464
v 0.10555420 0.07462811 0.00572778
v 0.07043582 0.08065694 0.00721879
v 0.07076954 0.08070504 0.00773884
v 0.07043355 0.08075970 0.00691969
v 0.07043582 0.08065694 0.00721879
v 0.07078051 0.08060985 0.00802476
v 0.07076954 0.08070504 0.00773884
v 0.07078051 0.08060985 0.00802476
v 0.07124507 0.08064097 0.00868119
v 0.07076954 0.08070504 0.00773884
v 0.06919229 0.08087670 0.00224132
v 0.06928110 0.08098286 0.00136692
v 0.06912100 0.08090215 0.00130702
v 0.07114112 0.08054304 0.00878973
v 0.07137358 0.08057290 0.00909395
v 0.07124507 0.08064097 0.00868119
v 0.06936860 0.08081418 0.00355620
v 0.06943660 0.08094793 0.00307132
v 0.06919229 0.08087670 0.00224132
v 0.06919229 0.08087670 0.00224132
v 0.06943660 0.08094793 0.00307132
v 0.06928110 0.08098286 0.00136692
v 0.07167851 0.08045369 0.00982935
v 0.07137358 0.08057290 0.00909395
v 0.07114112 0.08054304 0.00878973
v 0.07124507 0.08064097 0.00868119
v 0.07137358 0.08057290 0.00909395
v 0.07204657 0.08050924 0.01024283
v 0.06936860 0.08081418 0.00355620
v 0.06971788 0.08081322 0.00495899
v 0.06943660 0.08094793 0.00307132
v 0.07204657 0.08050924 0.01024283
v 0.07137358 0.08057290 0.00909395
v 0.07167851 0.08045369 0.00982935
v 0.06971788 0.08081322 0.00495899
v 0.07002496 0.08085930 0.00548048
v 0.06943660 0.08094793 0.00307132
v 0.06988644 0.08076220 0.00561381
v 0.07002496 0.08085930 0.00548048
v 0.06971788 0.08081322 0.00495899
v 0.07004410 0.08080404 0.00589801
v 0.06988644 0.08076220 0.00561381
v 0.07016730 0.08074855 0.00641526
v 0.07004410 0.08080404 0.00589801
v 0.07016730 0.08074855 0.00641526
v 0.07002496 0.08085930 0.00548048
v 0.06988644 0.08076220 0.00561381
v 0.07004410 0.08080404 0.00589801
v 0.07002496 0.08085930 0.00548048
v 0.07114112 0.08054304 0.00878973
v 0.07124507 0.08064097 0.00868119
v 0.07078051 0.08060985 0.00802476
v 0.07016730 0.08074855 0.00641526
v 0.07043355 0.08075970 0.00691969
v 0.07002496 0.08085930 0.00548048
v 0.06906569 0.08089447 0.00006694
v 0.06908357 0.08089792 0.00071020
v 0.06920593 0.08098340 0.00059242
v 0.07016730 0.08074855 0.00641526
v 0.07043582 0.08065694 0.00721879
v 0.07043355 0.08075970 0.00691969
v 0.06912100 0.08090215 0.00130702
v 0.06920593 0.08098340 0.00059242
v 0.06908357 0.08089792 0.00071020
v 0.06928110 0.08098286 0.00136692
v 0.06920593 0.08098340 0.00059242
v 0.06912100 0.08090215 0.00130702
v 0.07112103 0.08036440 0.01310695
v 0.07085967 0.08027839 0.01331098
v 0.07074201 0.08042645 0.01360894
v 0.07074201 0.08042645 0.01360894
v 0.07155627 0.08042740 0.01274706
v 0.07112103 0.08036440 0.01310695
v 0.07204270 0.08043950 0.01152004
v 0.07177543 0.08032852 0.01193918
v 0.07177925 0.08043682 0.01230384
v 0.07204270 0.08043950 0.01152004
v 0.07189029 0.08033525 0.01144166
v 0.07177543 0.08032852 0.01193918
v 0.07204657 0.08050924 0.01024283
v 0.07204270 0.08043950 0.01152004
v 0.07177925 0.08043682 0.01230384
v 0.07204270 0.08043950 0.01152004
v 0.07190644 0.08035880 0.01078106
v 0.07189029 0.08033525 0.01144166
v 0.07204657 0.08050924 0.01024283
v 0.07190644 0.08035880 0.01078106
v 0.07204270 0.08043950 0.01152004
v 0.07204657 0.08050924 0.01024283
v 0.07182931 0.08041274 0.01027579
v 0.07190644 0.08035880 0.01078106
v 0.07204657 0.08050924 0.01024283
v 0.07167851 0.08045369 0.00982935
v 0.07182931 0.08041274 0.01027579
v 0.07140147 0.08030033 0.01270200
v 0.07112103 0.08036440 0.01310695
v 0.07155627 0.08042740 0.01274706
v 0.07164180 0.08028757 0.01226325
v 0.07140147 0.08030033 0.01270200
v 0.07177925 0.08043682 0.01230384
v 0.07177543 0.08032852 0.01193918
v 0.07164180 0.08028757 0.01226325
v 0.07177925 0.08043682 0.01230384
v 0.07140147 0.08030033 0.01270200
v 0.07155627 0.08042740 0.01274706
v 0.07177925 0.08043682 0.01230384
v 0.06721109 0.08011400 0.01605196
v 0.06642043 0.08006173 0.01678015
v 0.06735223 0.08018881 0.01605571
v 0.07085967 0.08027839 0.01331098
v 0.06999540 0.08031547 0.01399095
v 0.07074201 0.08042645 0.01360894
v 0.06999540 0.08031547 0.01399095
v 0.06983166 0.08041536 0.01427961
v 0.07074201 0.08042645 0.01360894
v 0.06855076 0.08024954 0.01506055
v 0.06983166 0.08041536 0.01427961
v 0.06999540 0.08031547 0.01399095
v 0.06890213 0.08034712 0.01492126
v 0.06855076 0.08024954 0.01506055
v 0.06801605 0.08027887 0.01571549
v 0.06801605 0.08027887 0.01571549
v 0.06855076 0.08024954 0.01506055
v 0.06735223 0.08018881 0.01605571
v 0.06721109 0.08011400 0.01605196
v 0.06735223 0.08018881 0.01605571
v 0.06855076 0.08024954 0.01506055
v 0.06983166 0.08041536 0.01427961
v 0.06855076 0.08024954 0.01506055
v 0.06890213 0.08034712 0.01492126
v 0.06456571 0.07979941 0.01720203
v 0.06504446 0.07970023 0.01705755
v 0.06452775 0.07965427 0.01708318
v 0.06514561 0.07989752 0.01730866
v 0.06537055 0.07981443 0.01701475
v 0.06456571 0.07979941 0.01720203
v 0.06456571 0.07979941 0.01720203
v 0.06537055 0.07981443 0.01701475
v 0.06504446 0.07970023 0.01705755
v 0.06514561 0.07989752 0.01730866
v 0.06642043 0.08006173 0.01678015
v 0.06537055 0.07981443 0.01701475
v 0.06642043 0.08006173 0.01678015
v 0.06586676 0.07982808 0.01685239
v 0.06537055 0.07981443 0.01701475
v 0.06721109 0.08011400 0.01605196
v 0.06633269 0.07990038 0.01661433
v 0.06642043 0.08006173 0.01678015
v 0.06642043 0.08006173 0.01678015
v 0.06633269 0.07990038 0.01661433
v 0.06586676 0.07982808 0.01685239
v 0.06264275 0.07977074 0.01663084
v 0.06295365 0.07970732 0.01671404
v 0.06220769 0.07979148 0.01627357
v 0.06220769 0.07979148 0.01627357
v 0.06295365 0.07970732 0.01671404
v 0.06223887 0.07971614 0.01604141
v 0.06295365 0.07970732 0.01671404
v 0.06275957 0.07951050 0.01644594
v 0.06223887 0.07971614 0.01604141
v 0.06220769 0.07979148 0.01627357
v 0.06223887 0.07971614 0.01604141
v 0.06186628 0.07982712 0.01570792
v 0.06223887 0.07971614 0.01604141
v 0.06275957 0.07951050 0.01644594
v 0.06239557 0.07952165 0.01611979
v 0.06223887 0.07971614 0.01604141
v 0.06208688 0.07967674 0.01578350
v 0.06186628 0.07982712 0.01570792
v 0.06208688 0.07967674 0.01578350
v 0.06223887 0.07971614 0.01604141
v 0.06239557 0.07952165 0.01611979
v 0.06376153 0.07978916 0.01722742
v 0.06295365 0.07970732 0.01671404
v 0.06264275 0.07977074 0.01663084
v 0.06295365 0.07970732 0.01671404
v 0.06327325 0.07953119 0.01676507
v 0.06275957 0.07951050 0.01644594
v 0.06376153 0.07978916 0.01722742
v 0.06393676 0.07974100 0.01709373
v 0.06295365 0.07970732 0.01671404
v 0.06393676 0.07974100 0.01709373
v 0.06382453 0.07958143 0.01697696
v 0.06295365 0.07970732 0.01671404
v 0.06295365 0.07970732 0.01671404
v 0.06382453 0.07958143 0.01697696
v 0.06327325 0.07953119 0.01676507
v 0.06376153 0.07978916 0.01722742
v 0.06456571 0.07979941 0.01720203
v 0.06393676 0.07974100 0.01709373
v 0.06393676 0.07974100 0.01709373
v 0.06452775 0.07965427 0.01708318
v 0.06382453 0.07958143 0.01697696
v 0.06456571 0.07979941 0.01720203
v 0.06452775 0.07965427 0.01708318
v 0.06393676 0.07974100 0.01709373
v 0.06514561 0.07989752 0.01730866
v 0.06456571 0.07979941 0.01720203
v 0.06376153 0.07978916 0.01722742
v 0.05942416 0.08014255 0.01005424
v 0.05952107 0.08022326 0.01064927
v 0.05966866 0.08009248 0.01072235
v 0.06077659 0.08001971 0.01381410
v 0.06050688 0.08006083 0.01307679
v 0.06028926 0.08010751 0.01294149
v 0.06000953 0.08003205 0.01160295
v 0.06003975 0.08009707 0.01180918
v 0.06028592 0.08002454 0.01232810
v 0.05933362 0.08023667 0.01000924
v 0.05952107 0.08022326 0.01064927
v 0.05942416 0.08014255 0.01005424
v 0.05921560 0.08021271 0.00949229
v 0.05933362 0.08023667 0.01000924
v 0.05942416 0.08014255 0.01005424
v 0.05915606 0.08030962 0.01004482
v 0.05933362 0.08023667 0.01000924
v 0.05893898 0.08034843 0.00918765
v 0.05933362 0.08023667 0.01000924
v 0.05921560 0.08021271 0.00949229
v 0.05893898 0.08034843 0.00918765
v 0.05905205 0.08020204 0.00888986
v 0.05898994 0.08030164 0.00895954
v 0.05921560 0.08021271 0.00949229
v 0.05921560 0.08021271 0.00949229
v 0.05898994 0.08030164 0.00895954
v 0.05893898 0.08034843 0.00918765
v 0.05966866 0.08009248 0.01072235
v 0.05983299 0.08010488 0.01121701
v 0.06000953 0.08003205 0.01160295
v 0.05952107 0.08022326 0.01064927
v 0.05983299 0.08010488 0.01121701
v 0.05966866 0.08009248 0.01072235
v 0.05853343 0.08028918 0.00691695
v 0.05850619 0.08037877 0.00711615
v 0.05877315 0.08023935 0.00788958
v 0.05877315 0.08023935 0.00788958
v 0.05850619 0.08037877 0.00711615
v 0.05864202 0.08037912 0.00783933
v 0.05952107 0.08022326 0.01064927
v 0.05962580 0.08022445 0.01111538
v 0.05983299 0.08010488 0.01121701
v 0.05824220 0.08046019 0.00614614
v 0.05835783 0.08044397 0.00703932
v 0.05850619 0.08037877 0.00711615
v 0.05824220 0.08046019 0.00614614
v 0.05832386 0.08031946 0.00592465
v 0.05824220 0.08046019 0.00614614
v 0.05853343 0.08028918 0.00691695
v 0.05832386 0.08031946 0.00592465
v 0.05816704 0.08046078 0.00571991
v 0.05824220 0.08046019 0.00614614
v 0.05832386 0.08031946 0.00592465
v 0.05818665 0.08035618 0.00521124
v 0.05816704 0.08046078 0.00571991
v 0.05816704 0.08046078 0.00571991
v 0.05818665 0.08035618 0.00521124
v 0.05803442 0.08050251 0.00523431
v 0.05962580 0.08022445 0.01111538
v 0.05952107 0.08022326 0.01064927
v 0.05915606 0.08030962 0.01004482
v 0.05933362 0.08023667 0.01000924
v 0.05915606 0.08030962 0.01004482
v 0.05952107 0.08022326 0.01064927
v 0.05893898 0.08034843 0.00918765
v 0.05864202 0.08037912 0.00783933
v 0.05835783 0.08044397 0.00703932
v 0.05759584 0.08057498 0.00087304
v 0.05760872 0.08057469 0.00200672
v 0.05776149 0.08047074 0.00157506
v 0.05905205 0.08020204 0.00888986
v 0.05921560 0.08021271 0.00949229
v 0.05942416 0.08014255 0.01005424
v 0.05792367 0.08039337 0.00334979
v 0.05787152 0.08050912 0.00366772
v 0.05818665 0.08035618 0.00521124
v 0.05818665 0.08035618 0.00521124
v 0.05787152 0.08050912 0.00366772
v 0.05803442 0.08050251 0.00523431
v 0.05803442 0.08050251 0.00523431
v 0.05787152 0.08050912 0.00366772
v 0.05769532 0.08057266 0.00310076
v 0.05898994 0.08030164 0.00895954
v 0.05864202 0.08037912 0.00783933
v 0.05893898 0.08034843 0.00918765
v 0.05792367 0.08039337 0.00334979
v 0.05776149 0.08047074 0.00157506
v 0.05769532 0.08057266 0.00310076
v 0.05776149 0.08047074 0.00157506
v 0.05760872 0.08057469 0.00200672
v 0.05769532 0.08057266 0.00310076
v 0.05850619 0.08037877 0.00711615
v 0.05835783 0.08044397 0.00703932
v 0.05864202 0.08037912 0.00783933
v 0.06149613 0.07975327 0.01473732
v 0.06161934 0.07980978 0.01506085
v 0.06208688 0.07967674 0.01578350
v 0.05877315 0.08023935 0.00788958
v 0.05864202 0.08037912 0.00783933
v 0.05905205 0.08020204 0.00888986
v 0.05905205 0.08020204 0.00888986
v 0.05864202 0.08037912 0.00783933
v 0.05898994 0.08030164 0.00895954
v 0.05816704 0.08046078 0.00571991
v 0.05803442 0.08050251 0.00523431
v 0.05824220 0.08046019 0.00614614
v 0.05787152 0.08050912 0.00366772
v 0.05792367 0.08039337 0.00334979
v 0.05769532 0.08057266 0.00310076
v 0.05777055 0.08040076 0.00099946
v 0.05769670 0.08050811 0.00051088
v 0.05776149 0.08047074 0.00157506
v 0.05776149 0.08047074 0.00157506
v 0.05769670 0.08050811 0.00051088
v 0.05759584 0.08057498 0.00087304
v 0.06087172 0.07987534 0.01352913
v 0.06114012 0.07987886 0.01413042
v 0.06149613 0.07975327 0.01473732
v 0.06094110 0.07998639 0.01397748
v 0.06114012 0.07987886 0.01413042
v 0.06087172 0.07987534 0.01352913
v 0.05777055 0.08040076 0.00099946
v 0.05775547 0.08040392 0.00015701
v 0.05769670 0.08050811 0.00051088
v 0.06161934 0.07980978 0.01506085
v 0.06186628 0.07982712 0.01570792
v 0.06208688 0.07967674 0.01578350
v 0.06161934 0.07980978 0.01506085
v 0.06129390 0.07993745 0.01479460
v 0.06186628 0.07982712 0.01570792
v 0.06094110 0.07998639 0.01397748
v 0.06129390 0.07993745 0.01479460
v 0.06161934 0.07980978 0.01506085
v 0.06161934 0.07980978 0.01506085
v 0.06114012 0.07987886 0.01413042
v 0.06094110 0.07998639 0.01397748
v 0.06050688 0.08006083 0.01307679
v 0.06063115 0.07994884 0.01305331
v 0.06028592 0.08002454 0.01232810
v 0.06094110 0.07998639 0.01397748
v 0.06087172 0.07987534 0.01352913
v 0.06063115 0.07994884 0.01305331
v 0.06094110 0.07998639 0.01397748
v 0.06094110 0.07998639 0.01397748
v 0.06063115 0.07994884 0.01305331
v 0.06050688 0.08006083 0.01307679
v 0.06149613 0.07975327 0.01473732
v 0.06114012 0.07987886 0.01413042
v 0.06161934 0.07980978 0.01506085
v 0.06000500 0.08015793 0.01205081
v 0.06028926 0.08010751 0.01294149
v 0.06050688 0.08006083 0.01307679
v 0.06050688 0.08006083 0.01307679
v 0.06028592 0.08002454 0.01232810
v 0.06000500 0.08015793 0.01205081
v 0.06129390 0.07993745 0.01479460
v 0.06094110 0.07998639 0.01397748
v 0.06077659 0.08001971 0.01381410
v 0.06003975 0.08009707 0.01180918
v 0.06000500 0.08015793 0.01205081
v 0.06028592 0.08002454 0.01232810
v 0.06000500 0.08015793 0.01205081
v 0.06003975 0.08009707 0.01180918
v 0.05962580 0.08022445 0.01111538
v 0.06003975 0.08009707 0.01180918
v 0.06000953 0.08003205 0.01160295
v 0.05962580 0.08022445 0.01111538
v 0.05983299 0.08010488 0.01121701
v 0.05962580 0.08022445 0.01111538
v 0.06000953 0.08003205 0.01160295
v 0.06000953 0.08003205 0.01160295
v 0.06028592 0.08002454 0.01232810
v 0.06063115 0.07994884 0.01305331
v 0.12080620 0.06456238 0.00654478
v 0.12085950 0.06470131 0.00700421
v 0.12103830 0.06461715 0.00616045
v 0.12085950 0.06470131 0.00700421
v 0.12097570 0.06471163 0.00706805
v 0.12103830 0.06461715 0.00616045
v 0.12103830 0.06461715 0.00616045
v 0.12097570 0.06471163 0.00706805
v 0.12115740 0.06460577 0.00625396
v 0.12035100 0.06482589 0.00869865
v 0.12059700 0.06481194 0.00802077
v 0.12060050 0.06468647 0.00760324
v 0.12165510 0.06430917 -0.00000726
v 0.12159340 0.06431955 0.00047369
v 0.12164240 0.06431090 0.00109941
v 0.12074690 0.06484609 0.00804562
v 0.12097570 0.06471163 0.00706805
v 0.12059700 0.06481194 0.00802077
v 0.12059700 0.06481194 0.00802077
v 0.12036970 0.06505352 0.00940043
v 0.12050650 0.06501477 0.00936861
v 0.12047450 0.06494969 0.00879229
v 0.12008570 0.06501859 0.00981111
v 0.12047450 0.06494969 0.00879229
v 0.12035100 0.06482589 0.00869865
v 0.12008570 0.06501859 0.00981111
v 0.12036970 0.06505352 0.00940043
v 0.12047450 0.06494969 0.00879229
v 0.12139280 0.06424641 0.00072546
v 0.12159340 0.06431955 0.00047369
v 0.12141850 0.06426137 0.00003458
v 0.12050650 0.06501477 0.00936861
v 0.12074690 0.06484609 0.00804562
v 0.12047450 0.06494969 0.00879229
v 0.12135570 0.06423044 0.00144280
v 0.12147270 0.06432241 0.00148839
v 0.12139280 0.06424641 0.00072546
v 0.12139850 0.06430965 0.00197680
v 0.12147270 0.06432241 0.00148839
v 0.12135570 0.06423044 0.00144280
v 0.12147270 0.06432241 0.00148839
v 0.12139850 0.06430965 0.00197680
v 0.12153990 0.06434404 0.00189538
v 0.12158880 0.06434202 0.00216634
v 0.12153990 0.06434404 0.00189538
v 0.12139850 0.06430965 0.00197680
v 0.12158880 0.06434202 0.00216634
v 0.12143030 0.06438380 0.00299603
v 0.12155040 0.06436669 0.00313164
v 0.12165510 0.06430917 -0.00000726
v 0.12141850 0.06426137 0.00003458
v 0.12159340 0.06431955 0.00047369
v 0.12130590 0.06427937 0.00252569
v 0.12122800 0.06432700 0.00348855
v 0.12143030 0.06438380 0.00299603
v 0.12147270 0.06432241 0.00148839
v 0.12153990 0.06434404 0.00189538
v 0.12164240 0.06431090 0.00109941
v 0.12122800 0.06432700 0.00348855
v 0.12112020 0.06438070 0.00444711
v 0.12133530 0.06444340 0.00404377
v 0.12164240 0.06431090 0.00109941
v 0.12153990 0.06434404 0.00189538
v 0.12113720 0.06445491 0.00478227
v 0.12095760 0.06446903 0.00561167
v 0.12118110 0.06453377 0.00523628
v 0.12112020 0.06438070 0.00444711
v 0.12095760 0.06446903 0.00561167
v 0.12113720 0.06445491 0.00478227
v 0.12130590 0.06427937 0.00252569
v 0.12143030 0.06438380 0.00299603
v 0.12139850 0.06430965 0.00197680
v 0.12139850 0.06430965 0.00197680
v 0.12143030 0.06438380 0.00299603
v 0.12158880 0.06434202 0.00216634
v 0.12130590 0.06427937 0.00252569
v 0.12139850 0.06430965 0.00197680
v 0.12135570 0.06423044 0.00144280
v 0.12095760 0.06446903 0.00561167
v 0.12080620 0.06456238 0.00654478
v 0.12103830 0.06461715 0.00616045
v 0.12080620 0.06456238 0.00654478
v 0.12060050 0.06468647 0.00760324
v 0.12085950 0.06470131 0.00700421
v 0.12085950 0.06470131 0.00700421
v 0.12060050 0.06468647 0.00760324
v 0.12059700 0.06481194 0.00802077
v 0.12122800 0.06432700 0.00348855
v 0.12133530 0.06444340 0.00404377
v 0.12143030 0.06438380 0.00299603
v 0.12143030 0.06438380 0.00299603
v 0.12133530 0.06444340 0.00404377
v 0.12155040 0.06436669 0.00313164
v 0.12145140 0.06442517 0.00412817
v 0.12059700 0.06481194 0.00802077
v 0.12047450 0.06494969 0.00879229
v 0.12074690 0.06484609 0.00804562
v 0.12035100 0.06482589 0.00869865
v 0.12047450 0.06494969 0.00879229
v 0.12059700 0.06481194 0.00802077
v 0.12159340 0.06431955 0.00047369
v 0.12147270 0.06432241 0.00148839
v 0.12164240 0.06431090 0.00109941
v 0.12139280 0.06424641 0.00072546
v 0.12147270 0.06432241 0.00148839
v 0.12159340 0.06431955 0.00047369
v 0.12112020 0.06438070 0.00444711
v 0.12113720 0.06445491 0.00478227
v 0.12133530 0.06444340 0.00404377
v 0.12113720 0.06445491 0.00478227
v 0.12118110 0.06453377 0.00523628
v 0.12133530 0.06444340 0.00404377
v 0.12133530 0.06444340 0.00404377
v 0.12118110 0.06453377 0.00523628
v 0.12145140 0.06442517 0.00412817
v 0.12131790 0.06450688 0.00523407
v 0.12115740 0.06460577 0.00625396
v 0.12131790 0.06450688 0.00523407
v 0.12118110 0.06453377 0.00523628
v 0.12095760 0.06446903 0.00561167
v 0.12103830 0.06461715 0.00616045
v 0.12118110 0.06453377 0.00523628
v 0.12118110 0.06453377 0.00523628
v 0.12103830 0.06461715 0.00616045
v 0.12115740 0.06460577 0.00625396
v 0.11881880 0.06600320 0.01210452
v 0.11915030 0.06580144 0.01177425
v 0.11919030 0.06562137 0.01160515
v 0.11949610 0.06562894 0.01144583
v 0.11919030 0.06562137 0.01160515
v 0.11915030 0.06580144 0.01177425
v 0.11985960 0.06544184 0.01113320
v 0.11986940 0.06535613 0.01080228
v 0.11949610 0.06562894 0.01144583
v 0.11986940 0.06535613 0.01080228
v 0.11941400 0.06545954 0.01128931
v 0.11949610 0.06562894 0.01144583
v 0.12036970 0.06505352 0.00940043
v 0.12014390 0.06518101 0.01017220
v 0.12050650 0.06501477 0.00936861
v 0.12050650 0.06501477 0.00936861
v 0.12014390 0.06518101 0.01017220
v 0.12019220 0.06521201 0.01045079
v 0.12036970 0.06505352 0.00940043
v 0.12008570 0.06501859 0.00981111
v 0.12014390 0.06518101 0.01017220
v 0.12014390 0.06518101 0.01017220
v 0.12008570 0.06501859 0.00981111
v 0.11980690 0.06518042 0.01056857
v 0.12014390 0.06518101 0.01017220
v 0.11986940 0.06535613 0.01080228
v 0.12019220 0.06521201 0.01045079
v 0.12014390 0.06518101 0.01017220
v 0.11980690 0.06518042 0.01056857
v 0.11986940 0.06535613 0.01080228
v 0.11941400 0.06545954 0.01128931
v 0.11919030 0.06562137 0.01160515
v 0.11949610 0.06562894 0.01144583
v 0.11962400 0.06531679 0.01093710
v 0.11941400 0.06545954 0.01128931
v 0.11986940 0.06535613 0.01080228
v 0.11980690 0.06518042 0.01056857
v 0.11962400 0.06531679 0.01093710
v 0.11986940 0.06535613 0.01080228
v 0.11949610 0.06562894 0.01144583
v 0.11941140 0.06576472 0.01177276
v 0.11985960 0.06544184 0.01113320
v 0.11986940 0.06535613 0.01080228
v 0.11985960 0.06544184 0.01113320
v 0.12019220 0.06521201 0.01045079
v 0.11949610 0.06562894 0.01144583
v 0.11915030 0.06580144 0.01177425
v 0.11941140 0.06576472 0.01177276
v 0.11388360 0.06916528 0.01757110
v 0.11477950 0.06860518 0.01652224
v 0.11383000 0.06898933 0.01745725
v 0.11689060 0.06755167 0.01456196
v 0.11729010 0.06721150 0.01393224
v 0.11682140 0.06741547 0.01431818
v 0.11388360 0.06916528 0.01757110
v 0.11500100 0.06861442 0.01644696
v 0.11477950 0.06860518 0.01652224
v 0.11421210 0.06906962 0.01750905
v 0.11500100 0.06861442 0.01644696
v 0.11388360 0.06916528 0.01757110
v 0.11421210 0.06906962 0.01750905
v 0.11495760 0.06869280 0.01671613
v 0.11500100 0.06861442 0.01644696
v 0.11915030 0.06580144 0.01177425
v 0.11861610 0.06630015 0.01250852
v 0.11941140 0.06576472 0.01177276
v 0.11682140 0.06741547 0.01431818
v 0.11620820 0.06778085 0.01497234
v 0.11659960 0.06763136 0.01464535
v 0.11861610 0.06630015 0.01250852
v 0.11905500 0.06604909 0.01223291
v 0.11941140 0.06576472 0.01177276
v 0.11881880 0.06600320 0.01210452
v 0.11861610 0.06630015 0.01250852
v 0.11915030 0.06580144 0.01177425
v 0.11636930 0.06784731 0.01501722
v 0.11623750 0.06797021 0.01534707
v 0.11689060 0.06755167 0.01456196
v 0.11591540 0.06808263 0.01542885
v 0.11623750 0.06797021 0.01534707
v 0.11636930 0.06784731 0.01501722
v 0.11571300 0.06802946 0.01548202
v 0.11540150 0.06834971 0.01594240
v 0.11591540 0.06808263 0.01542885
v 0.11477950 0.06860518 0.01652224
v 0.11540150 0.06834971 0.01594240
v 0.11571300 0.06802946 0.01548202
v 0.11853220 0.06643140 0.01279802
v 0.11810700 0.06667876 0.01308138
v 0.11779680 0.06695926 0.01361836
v 0.11779680 0.06695926 0.01361836
v 0.11810700 0.06667876 0.01308138
v 0.11767420 0.06687295 0.01340670
v 0.11881880 0.06600320 0.01210452
v 0.11838500 0.06631392 0.01258040
v 0.11861610 0.06630015 0.01250852
v 0.11861610 0.06630015 0.01250852
v 0.11853220 0.06643140 0.01279802
v 0.11905500 0.06604909 0.01223291
v 0.11767420 0.06687295 0.01340670
v 0.11682140 0.06741547 0.01431818
v 0.11729010 0.06721150 0.01393224
v 0.11838500 0.06631392 0.01258040
v 0.11810700 0.06667876 0.01308138
v 0.11861610 0.06630015 0.01250852
v 0.11767420 0.06687295 0.01340670
v 0.11810700 0.06667876 0.01308138
v 0.11838500 0.06631392 0.01258040
v 0.11729010 0.06721150 0.01393224
v 0.11779680 0.06695926 0.01361836
v 0.11767420 0.06687295 0.01340670
v 0.11738770 0.06722915 0.01403172
v 0.11729010 0.06721150 0.01393224
v 0.11689060 0.06755167 0.01456196
v 0.11659960 0.06763136 0.01464535
v 0.11689060 0.06755167 0.01456196
v 0.11682140 0.06741547 0.01431818
v 0.11689060 0.06755167 0.01456196
v 0.11659960 0.06763136 0.01464535
v 0.11636930 0.06784731 0.01501722
v 0.11636930 0.06784731 0.01501722
v 0.11659960 0.06763136 0.01464535
v 0.11620820 0.06778085 0.01497234
v 0.11571300 0.06802946 0.01548202
v 0.11591540 0.06808263 0.01542885
v 0.11620820 0.06778085 0.01497234
v 0.11620820 0.06778085 0.01497234
v 0.11591540 0.06808263 0.01542885
v 0.11636930 0.06784731 0.01501722
v 0.11477950 0.06860518 0.01652224
v 0.11500100 0.06861442 0.01644696
v 0.11540150 0.06834971 0.01594240
v 0.11540150 0.06834971 0.01594240
v 0.11548250 0.06839495 0.01606370
v 0.11591540 0.06808263 0.01542885
v 0.11853220 0.06643140 0.01279802
v 0.11861610 0.06630015 0.01250852
v 0.11810700 0.06667876 0.01308138
v 0.11591540 0.06808263 0.01542885
v 0.11548250 0.06839495 0.01606370
v 0.11623750 0.06797021 0.01534707
v 0.11738770 0.06722915 0.01403172
v 0.11779680 0.06695926 0.01361836
v 0.11729010 0.06721150 0.01393224
v 0.11623750 0.06797021 0.01534707
v 0.11548250 0.06839495 0.01606370
v 0.11495760 0.06869280 0.01671613
v 0.11500100 0.06861442 0.01644696
v 0.11548250 0.06839495 0.01606370
v 0.11540150 0.06834971 0.01594240
v 0.11495760 0.06869280 0.01671613
v 0.11548250 0.06839495 0.01606370
v 0.11500100 0.06861442 0.01644696
v 0.11168190 0.07057231 0.01812602
v 0.11135500 0.07068967 0.01798923
v 0.11120090 0.07091224 0.01796932
v 0.11217620 0.07027536 0.01823289
v 0.11190180 0.07028537 0.01809484
v 0.11168190 0.07057231 0.01812602
v 0.11421210 0.06906962 0.01750905
v 0.11388360 0.06916528 0.01757110
v 0.11367240 0.06935918 0.01791687
v 0.11217620 0.07027536 0.01823289
v 0.11215920 0.07010960 0.01810402
v 0.11190180 0.07028537 0.01809484
v 0.11268810 0.06975406 0.01804633
v 0.11215920 0.07010960 0.01810402
v 0.11217620 0.07027536 0.01823289
v 0.11253550 0.07006925 0.01832081
v 0.11314110 0.06967592 0.01814277
v 0.11282700 0.06983256 0.01813800
v 0.11282700 0.06983256 0.01813800
v 0.11314110 0.06967592 0.01814277
v 0.11325090 0.06953865 0.01796371
v 0.11314110 0.06967592 0.01814277
v 0.11367240 0.06935918 0.01791687
v 0.11325090 0.06953865 0.01796371
v 0.11074350 0.07133829 0.01782299
v 0.11089320 0.07099068 0.01778359
v 0.11028100 0.07163184 0.01734699
v 0.11137640 0.07086461 0.01817561
v 0.11120090 0.07091224 0.01796932
v 0.11074350 0.07133829 0.01782299
v 0.11253550 0.07006925 0.01832081
v 0.11217620 0.07027536 0.01823289
v 0.11137640 0.07086461 0.01817561
v 0.11388360 0.06916528 0.01757110
v 0.11383000 0.06898933 0.01745725
v 0.11360220 0.06914299 0.01762737
v 0.11074350 0.07133829 0.01782299
v 0.11120090 0.07091224 0.01796932
v 0.11089320 0.07099068 0.01778359
v 0.11089320 0.07099068 0.01778359
v 0.11120090 0.07091224 0.01796932
v 0.11135500 0.07068967 0.01798923
v 0.11168190 0.07057231 0.01812602
v 0.11120090 0.07091224 0.01796932
v 0.11137640 0.07086461 0.01817561
v 0.11168190 0.07057231 0.01812602
v 0.11135500 0.07068967 0.01798923
v 0.11168190 0.07057231 0.01812602
v 0.11190180 0.07028537 0.01809484
v 0.11282700 0.06983256 0.01813800
v 0.11268810 0.06975406 0.01804633
v 0.11217620 0.07027536 0.01823289
v 0.11282700 0.06983256 0.01813800
v 0.11217620 0.07027536 0.01823289
v 0.11253550 0.07006925 0.01832081
v 0.11268810 0.06975406 0.01804633
v 0.11282700 0.06983256 0.01813800
v 0.11325090 0.06953865 0.01796371
v 0.11268810 0.06975406 0.01804633
v 0.11325090 0.06953865 0.01796371
v 0.11323150 0.06938189 0.01784909
v 0.11367240 0.06935918 0.01791687
v 0.11388360 0.06916528 0.01757110
v 0.11325090 0.06953865 0.01796371
v 0.11388360 0.06916528 0.01757110
v 0.11360220 0.06914299 0.01762737
v 0.11325090 0.06953865 0.01796371
v 0.11325090 0.06953865 0.01796371
v 0.11360220 0.06914299 0.01762737
v 0.11323150 0.06938189 0.01784909
v 0.10536110 0.07433205 0.01331092
v 0.10581960 0.07417553 0.01372427
v 0.10623190 0.07393044 0.01399846
v 0.10844960 0.07291895 0.01591004
v 0.10840330 0.07287675 0.01577360
v 0.10778760 0.07329291 0.01537425
v 0.10785090 0.07318419 0.01531888
v 0.10735860 0.07344388 0.01492668
v 0.10778760 0.07329291 0.01537425
v 0.10735860 0.07344388 0.01492668
v 0.10697770 0.07361096 0.01459921
v 0.10701550 0.07368624 0.01475347
v 0.10697770 0.07361096 0.01459921
v 0.10659950 0.07384836 0.01435185
v 0.10701550 0.07368624 0.01475347
v 0.10623190 0.07393044 0.01399846
v 0.10624890 0.07403171 0.01413561
v 0.10659950 0.07384836 0.01435185
v 0.10581960 0.07417553 0.01372427
v 0.10624890 0.07403171 0.01413561
v 0.10623190 0.07393044 0.01399846
v 0.10697770 0.07361096 0.01459921
v 0.10735860 0.07344388 0.01492668
v 0.10785090 0.07318419 0.01531888
v 0.10701550 0.07368624 0.01475347
v 0.10659950 0.07384836 0.01435185
v 0.10624890 0.07403171 0.01413561
v 0.10977750 0.07196563 0.01689947
v 0.11028100 0.07163184 0.01734699
v 0.11089320 0.07099068 0.01778359
v 0.10624890 0.07403171 0.01413561
v 0.10581960 0.07417553 0.01372427
v 0.10553580 0.07433617 0.01372219
v 0.10929170 0.07229322 0.01649363
v 0.10968190 0.07212501 0.01694072
v 0.10977750 0.07196563 0.01689947
v 0.10968190 0.07212501 0.01694072
v 0.11028100 0.07163184 0.01734699
v 0.10977750 0.07196563 0.01689947
v 0.11074350 0.07133829 0.01782299
v 0.11028100 0.07163184 0.01734699
v 0.10968190 0.07212501 0.01694072
v 0.10968190 0.07212501 0.01694072
v 0.10929170 0.07229322 0.01649363
v 0.10912570 0.07249450 0.01645709
v 0.10912570 0.07249450 0.01645709
v 0.10929170 0.07229322 0.01649363
v 0.10844960 0.07291895 0.01591004
v 0.10844960 0.07291895 0.01591004
v 0.10929170 0.07229322 0.01649363
v 0.10840330 0.07287675 0.01577360
v 0.10840330 0.07287675 0.01577360
v 0.10785090 0.07318419 0.01531888
v 0.10778760 0.07329291 0.01537425
v 0.10735860 0.07344388 0.01492668
v 0.10701550 0.07368624 0.01475347
v 0.10778760 0.07329291 0.01537425
v 0.10623190 0.07393044 0.01399846
v 0.10659950 0.07384836 0.01435185
v 0.10697770 0.07361096 0.01459921
v 0.10436740 0.07474893 0.01174904
v 0.10463320 0.07465600 0.01250304
v 0.10451200 0.07463067 0.01195879
v 0.10438990 0.07477915 0.01038779
v 0.10459010 0.07470190 0.00986452
v 0.10454460 0.07476091 0.00978411
v 0.10436740 0.07474893 0.01174904
v 0.10451200 0.07463067 0.01195879
v 0.10439830 0.07467436 0.01132239
v 0.10448500 0.07453674 0.01174880
v 0.10451200 0.07463067 0.01195879
v 0.10457600 0.07448357 0.01207335
v 0.10457600 0.07448357 0.01207335
v 0.10464730 0.07457721 0.01234020
v 0.10472440 0.07442325 0.01243664
v 0.10451200 0.07463067 0.01195879
v 0.10464730 0.07457721 0.01234020
v 0.10457600 0.07448357 0.01207335
v 0.10463320 0.07465600 0.01250304
v 0.10464730 0.07457721 0.01234020
v 0.10451200 0.07463067 0.01195879
v 0.10448240 0.07458096 0.01037575
v 0.10465610 0.07454890 0.00984604
v 0.10459010 0.07470190 0.00986452
v 0.10438990 0.07477915 0.01038779
v 0.10448240 0.07458096 0.01037575
v 0.10459010 0.07470190 0.00986452
v 0.10439830 0.07467436 0.01132239
v 0.10440480 0.07456743 0.01111305
v 0.10432250 0.07477784 0.01099218
v 0.10432250 0.07477784 0.01099218
v 0.10440480 0.07456743 0.01111305
v 0.10441970 0.07461380 0.01077504
v 0.10439830 0.07467436 0.01132239
v 0.10432250 0.07477784 0.01099218
v 0.10436740 0.07474893 0.01174904
v 0.10440480 0.07456743 0.01111305
v 0.10439830 0.07467436 0.01132239
v 0.10442990 0.07455289 0.01144917
v 0.10438990 0.07477915 0.01038779
v 0.10441970 0.07461380 0.01077504
v 0.10448240 0.07458096 0.01037575
v 0.10432250 0.07477784 0.01099218
v 0.10441970 0.07461380 0.01077504
v 0.10438990 0.07477915 0.01038779
v 0.10451200 0.07463067 0.01195879
v 0.10442990 0.07455289 0.01144917
v 0.10439830 0.07467436 0.01132239
v 0.10451200 0.07463067 0.01195879
v 0.10448500 0.07453674 0.01174880
v 0.10442990 0.07455289 0.01144917
v 0.10472440 0.07442325 0.01243664
v 0.10464730 0.07457721 0.01234020
v 0.10509280 0.07438039 0.01300354
v 0.10553580 0.07433617 0.01372219
v 0.10536110 0.07433205 0.01331092
v 0.10463320 0.07465600 0.01250304
v 0.10536110 0.07433205 0.01331092
v 0.10509280 0.07438039 0.01300354
v 0.10463320 0.07465600 0.01250304
v 0.10463320 0.07465600 0.01250304
v 0.10509280 0.07438039 0.01300354
v 0.10464730 0.07457721 0.01234020
v 0.10536110 0.07433205 0.01331092
v 0.07507663 0.07955181 0.01747794
v 0.07471185 0.07966244 0.01786954
v 0.07432299 0.07959342 0.01839919
v 0.07225459 0.07945036 0.02078707
v 0.07140177 0.07922041 0.02188946
v 0.07178151 0.07918989 0.02158643
v 0.07296550 0.07958048 0.01991750
v 0.07337480 0.07958841 0.01951648
v 0.07369512 0.07969242 0.01898754
v 0.07178151 0.07918989 0.02158643
v 0.07223105 0.07927864 0.02104384
v 0.07225459 0.07945036 0.02078707
v 0.07223105 0.07927864 0.02104384
v 0.07178151 0.07918989 0.02158643
v 0.07143324 0.07898455 0.02210487
v 0.07250434 0.07943493 0.02060319
v 0.07296550 0.07958048 0.01991750
v 0.07225459 0.07945036 0.02078707
v 0.07323294 0.07947814 0.01978207
v 0.07337480 0.07958841 0.01951648
v 0.07296550 0.07958048 0.01991750
v 0.07380062 0.07958793 0.01904381
v 0.07337480 0.07958841 0.01951648
v 0.07323294 0.07947814 0.01978207
v 0.07269507 0.07936513 0.02046479
v 0.07250434 0.07943493 0.02060319
v 0.07223105 0.07927864 0.02104384
v 0.07223105 0.07927864 0.02104384
v 0.07250434 0.07943493 0.02060319
v 0.07225459 0.07945036 0.02078707
v 0.07380062 0.07958793 0.01904381
v 0.07432299 0.07959342 0.01839919
v 0.07369512 0.07969242 0.01898754
v 0.07369512 0.07969242 0.01898754
v 0.07432299 0.07959342 0.01839919
v 0.07425504 0.07972079 0.01834632
v 0.07432299 0.07959342 0.01839919
v 0.07471185 0.07966244 0.01786954
v 0.07425504 0.07972079 0.01834632
v 0.07471185 0.07966244 0.01786954
v 0.07476562 0.07978057 0.01761229
v 0.07425504 0.07972079 0.01834632
v 0.07323294 0.07947814 0.01978207
v 0.07296550 0.07958048 0.01991750
v 0.07250434 0.07943493 0.02060319
v 0.07323294 0.07947814 0.01978207
v 0.07337480 0.07958841 0.01951648
v 0.07380062 0.07958793 0.01904381
v 0.07369512 0.07969242 0.01898754
v 0.07852482 0.07920432 0.01677877
v 0.07831215 0.07938450 0.01659090
v 0.07791656 0.07929962 0.01657058
v 0.07780665 0.07951742 0.01635803
v 0.07767999 0.07943022 0.01648713
v 0.07831215 0.07938450 0.01659090
v 0.07719385 0.07959544 0.01635701
v 0.07767999 0.07943022 0.01648713
v 0.07780665 0.07951742 0.01635803
v 0.07831215 0.07938450 0.01659090
v 0.07852482 0.07920432 0.01677877
v 0.07873058 0.07934677 0.01673264
v 0.07791656 0.07929962 0.01657058
v 0.07767999 0.07943022 0.01648713
v 0.07736313 0.07937639 0.01650078
v 0.07791656 0.07929962 0.01657058
v 0.07831215 0.07938450 0.01659090
v 0.07767999 0.07943022 0.01648713
v 0.07780665 0.07951742 0.01635803
v 0.07831215 0.07938450 0.01659090
v 0.07873058 0.07934677 0.01673264
v 0.07719385 0.07959544 0.01635701
v 0.07736313 0.07937639 0.01650078
v 0.07767999 0.07943022 0.01648713
v 0.07673811 0.07966691 0.01636303
v 0.07665854 0.07955408 0.01654328
v 0.07719385 0.07959544 0.01635701
v 0.07719385 0.07959544 0.01635701
v 0.07665854 0.07955408 0.01654328
v 0.07736313 0.07937639 0.01650078
v 0.07665854 0.07955408 0.01654328
v 0.07665759 0.07943516 0.01656724
v 0.07736313 0.07937639 0.01650078
v 0.07673811 0.07966691 0.01636303
v 0.07572126 0.07974272 0.01681031
v 0.07665854 0.07955408 0.01654328
v 0.07572126 0.07974272 0.01681031
v 0.07600122 0.07953447 0.01679737
v 0.07665854 0.07955408 0.01654328
v 0.07665854 0.07955408 0.01654328
v 0.07600122 0.07953447 0.01679737
v 0.07665759 0.07943516 0.01656724
v 0.07572126 0.07974272 0.01681031
v 0.07545512 0.07953035 0.01712520
v 0.07600122 0.07953447 0.01679737
v 0.07507663 0.07955181 0.01747794
v 0.07545512 0.07953035 0.01712520
v 0.07572126 0.07974272 0.01681031
v 0.07471185 0.07966244 0.01786954
v 0.07507663 0.07955181 0.01747794
v 0.07476562 0.07978057 0.01761229
v 0.07476562 0.07978057 0.01761229
v 0.07507663 0.07955181 0.01747794
v 0.07572126 0.07974272 0.01681031
v 0.08848518 0.07750314 0.01940591
v 0.08760088 0.07769042 0.01938189
v 0.08698487 0.07781022 0.01934762
v 0.08698487 0.07781022 0.01934762
v 0.08760088 0.07769042 0.01938189
v 0.08727067 0.07785654 0.01925976
v 0.08760088 0.07769042 0.01938189
v 0.08793151 0.07774251 0.01927341
v 0.08727067 0.07785654 0.01925976
v 0.08760088 0.07769042 0.01938189
v 0.08866739 0.07754671 0.01934899
v 0.08793151 0.07774251 0.01927341
v 0.08848518 0.07750314 0.01940591
v 0.08866739 0.07754671 0.01934899
v 0.08760088 0.07769042 0.01938189
v 0.08067733 0.07891100 0.01783515
v 0.08066558 0.07901811 0.01768405
v 0.07936221 0.07914149 0.01720042
v 0.07936221 0.07914149 0.01720042
v 0.08066558 0.07901811 0.01768405
v 0.07957291 0.07921779 0.01714183
v 0.08793151 0.07774251 0.01927341
v 0.08866739 0.07754671 0.01934899
v 0.08890014 0.07757860 0.01923574
v 0.08232367 0.07857632 0.01848788
v 0.08257496 0.07865595 0.01845819
v 0.08067733 0.07891100 0.01783515
v 0.08067733 0.07891100 0.01783515
v 0.08257496 0.07865595 0.01845819
v 0.08066558 0.07901811 0.01768405
v 0.08257496 0.07865595 0.01845819
v 0.08173865 0.07884383 0.01806415
v 0.08066558 0.07901811 0.01768405
v 0.08951550 0.07737773 0.01933116
v 0.08890014 0.07757860 0.01923574
v 0.08866739 0.07754671 0.01934899
v 0.08173865 0.07884383 0.01806415
v 0.08257496 0.07865595 0.01845819
v 0.08342140 0.07854783 0.01864142
v 0.08449643 0.07820892 0.01904429
v 0.08342140 0.07854783 0.01864142
v 0.08284676 0.07855558 0.01860864
v 0.09042203 0.07716470 0.01926912
v 0.09102112 0.07709753 0.01917202
v 0.09064447 0.07726687 0.01910038
v 0.09102112 0.07709753 0.01917202
v 0.09172177 0.07703524 0.01899482
v 0.09064447 0.07726687 0.01910038
v 0.09274482 0.07688355 0.01872934
v 0.09228080 0.07686936 0.01893903
v 0.09338843 0.07662385 0.01867635
v 0.09228080 0.07686936 0.01893903
v 0.09274482 0.07688355 0.01872934
v 0.09172177 0.07703524 0.01899482
v 0.09274482 0.07688355 0.01872934
v 0.09338843 0.07662385 0.01867635
v 0.09335941 0.07674634 0.01860429
v 0.09172177 0.07703524 0.01899482
v 0.09274482 0.07688355 0.01872934
v 0.09064447 0.07726687 0.01910038
v 0.09335941 0.07674634 0.01860429
v 0.09338843 0.07662385 0.01867635
v 0.09418600 0.07659333 0.01835407
v 0.09338843 0.07662385 0.01867635
v 0.09474402 0.07643789 0.01820786
v 0.09418600 0.07659333 0.01835407
v 0.09274482 0.07688355 0.01872934
v 0.09335941 0.07674634 0.01860429
v 0.09471845 0.07655256 0.01806319
v 0.09418600 0.07659333 0.01835407
v 0.09471845 0.07655256 0.01806319
v 0.09335941 0.07674634 0.01860429
v 0.09605097 0.07616376 0.01768167
v 0.09561824 0.07632267 0.01782794
v 0.09528934 0.07634568 0.01799376
v 0.09591001 0.07632279 0.01762689
v 0.09605097 0.07616376 0.01768167
v 0.09653097 0.07619512 0.01736534
v 0.09474402 0.07643789 0.01820786
v 0.09471845 0.07655256 0.01806319
v 0.09418600 0.07659333 0.01835407
v 0.09653097 0.07619512 0.01736534
v 0.09749180 0.07602584 0.01685352
v 0.09775829 0.07601898 0.01661820
v 0.09679991 0.07603883 0.01731385
v 0.09749180 0.07602584 0.01685352
v 0.09653097 0.07619512 0.01736534
v 0.09679991 0.07603883 0.01731385
v 0.09802961 0.07573640 0.01668061
v 0.09749180 0.07602584 0.01685352
v 0.07873058 0.07934677 0.01673264
v 0.07852482 0.07920432 0.01677877
v 0.07936221 0.07914149 0.01720042
v 0.07873058 0.07934677 0.01673264
v 0.07936221 0.07914149 0.01720042
v 0.07957291 0.07921779 0.01714183
v 0.08449643 0.07820892 0.01904429
v 0.08487385 0.07828176 0.01899458
v 0.08342140 0.07854783 0.01864142
v 0.09528934 0.07634568 0.01799376
v 0.09561824 0.07632267 0.01782794
v 0.09471845 0.07655256 0.01806319
v 0.09561824 0.07632267 0.01782794
v 0.09591001 0.07632279 0.01762689
v 0.09471845 0.07655256 0.01806319
v 0.08257496 0.07865595 0.01845819
v 0.08232367 0.07857632 0.01848788
v 0.08284676 0.07855558 0.01860864
v 0.08342140 0.07854783 0.01864142
v 0.08257496 0.07865595 0.01845819
v 0.08284676 0.07855558 0.01860864
v 0.09591001 0.07632279 0.01762689
v 0.09653097 0.07619512 0.01736534
v 0.09775829 0.07601898 0.01661820
v 0.08574557 0.07796102 0.01925714
v 0.08537322 0.07810962 0.01916511
v 0.08449643 0.07820892 0.01904429
v 0.08866739 0.07754671 0.01934899
v 0.08848518 0.07750314 0.01940591
v 0.08951550 0.07737773 0.01933116
v 0.08890014 0.07757860 0.01923574
v 0.08951550 0.07737773 0.01933116
v 0.08958160 0.07745724 0.01919527
v 0.09064447 0.07726687 0.01910038
v 0.08958160 0.07745724 0.01919527
v 0.08951550 0.07737773 0.01933116
v 0.08449643 0.07820892 0.01904429
v 0.08537322 0.07810962 0.01916511
v 0.08487385 0.07828176 0.01899458
v 0.09064447 0.07726687 0.01910038
v 0.08951550 0.07737773 0.01933116
v 0.09042203 0.07716470 0.01926912
v 0.09228080 0.07686936 0.01893903
v 0.09172177 0.07703524 0.01899482
v 0.09102112 0.07709753 0.01917202
v 0.08487385 0.07828176 0.01899458
v 0.08537322 0.07810962 0.01916511
v 0.08571022 0.07814836 0.01903857
v 0.08574557 0.07796102 0.01925714
v 0.08629244 0.07794386 0.01928277
v 0.08537322 0.07810962 0.01916511
v 0.08537322 0.07810962 0.01916511
v 0.08629244 0.07794386 0.01928277
v 0.08571022 0.07814836 0.01903857
v 0.09474402 0.07643789 0.01820786
v 0.09528934 0.07634568 0.01799376
v 0.09471845 0.07655256 0.01806319
v 0.08571022 0.07814836 0.01903857
v 0.08629244 0.07794386 0.01928277
v 0.08649724 0.07800871 0.01913048
v 0.09605097 0.07616376 0.01768167
v 0.09591001 0.07632279 0.01762689
v 0.09561824 0.07632267 0.01782794
v 0.09679991 0.07603883 0.01731385
v 0.09653097 0.07619512 0.01736534
v 0.09605097 0.07616376 0.01768167
v 0.08629244 0.07794386 0.01928277
v 0.08698487 0.07781022 0.01934762
v 0.08649724 0.07800871 0.01913048
v 0.08698487 0.07781022 0.01934762
v 0.08727067 0.07785654 0.01925976
v 0.08649724 0.07800871 0.01913048
v 0.10029950 0.07544201 0.01668591
v 0.09977328 0.07556021 0.01650728
v 0.10009320 0.07530403 0.01669724
v 0.10009320 0.07530403 0.01669724
v 0.09977328 0.07556021 0.01650728
v 0.09938347 0.07549214 0.01652486
v 0.09851479 0.07588452 0.01635415
v 0.09826111 0.07587993 0.01651854
v 0.09896087 0.07571291 0.01644773
v 0.09873604 0.07562279 0.01652218
v 0.09826111 0.07587993 0.01651854
v 0.09802961 0.07573640 0.01668061
v 0.10096850 0.07528674 0.01705451
v 0.10130840 0.07509815 0.01749486
v 0.10137930 0.07517224 0.01734341
v 0.10096850 0.07528674 0.01705451
v 0.10075040 0.07516258 0.01706196
v 0.10130840 0.07509815 0.01749486
v 0.10130840 0.07509815 0.01749486
v 0.10075040 0.07516258 0.01706196
v 0.10101430 0.07501548 0.01729888
v 0.10056470 0.07543927 0.01661665
v 0.10029950 0.07544201 0.01668591
v 0.10096850 0.07528674 0.01705451
v 0.10096850 0.07528674 0.01705451
v 0.10029950 0.07544201 0.01668591
v 0.10075040 0.07516258 0.01706196
v 0.10029950 0.07544201 0.01668591
v 0.10009320 0.07530403 0.01669724
v 0.10075040 0.07516258 0.01706196
v 0.09959930 0.07566004 0.01635636
v 0.09977328 0.07556021 0.01650728
v 0.10056470 0.07543927 0.01661665
v 0.09959930 0.07566004 0.01635636
v 0.09896087 0.07571291 0.01644773
v 0.09977328 0.07556021 0.01650728
v 0.09977328 0.07556021 0.01650728
v 0.09896087 0.07571291 0.01644773
v 0.09938347 0.07549214 0.01652486
v 0.09938347 0.07549214 0.01652486
v 0.09896087 0.07571291 0.01644773
v 0.09873604 0.07562279 0.01652218
v 0.09851479 0.07588452 0.01635415
v 0.09896087 0.07571291 0.01644773
v 0.09959930 0.07566004 0.01635636
v 0.09826111 0.07587993 0.01651854
v 0.09873604 0.07562279 0.01652218
v 0.09896087 0.07571291 0.01644773
v 0.09775829 0.07601898 0.01661820
v 0.09826111 0.07587993 0.01651854
v 0.09851479 0.07588452 0.01635415
v 0.09775829 0.07601898 0.01661820
v 0.09749180 0.07602584 0.01685352
v 0.09826111 0.07587993 0.01651854
v 0.09749180 0.07602584 0.01685352
v 0.09802961 0.07573640 0.01668061
v 0.09826111 0.07587993 0.01651854
v 0.10056470 0.07543927 0.01661665
v 0.09977328 0.07556021 0.01650728
v 0.10029950 0.07544201 0.01668591
v 0.10203770 0.07484591 0.01838399
v 0.10137930 0.07517224 0.01734341
v 0.10130840 0.07509815 0.01749486
v 0.10130840 0.07509815 0.01749486
v 0.10186620 0.07477664 0.01835979
v 0.10203770 0.07484591 0.01838399
v 0.10186620 0.07477664 0.01835979
v 0.10246180 0.07448446 0.01919533
v 0.10203770 0.07484591 0.01838399
v 0.10246180 0.07448446 0.01919533
v 0.10263170 0.07452392 0.01925523
v 0.10203770 0.07484591 0.01838399
v 0.10246180 0.07448446 0.01919533
v 0.10289730 0.07425200 0.01979084
v 0.10263170 0.07452392 0.01925523
v 0.10289730 0.07425200 0.01979084
v 0.10314450 0.07421535 0.01999564
v 0.10263170 0.07452392 0.01925523
v 0.10314450 0.07421535 0.01999564
v 0.10331380 0.07391560 0.02045954
v 0.10362760 0.07388883 0.02069110
v 0.10101430 0.07501548 0.01729888
v 0.10186620 0.07477664 0.01835979
v 0.10130840 0.07509815 0.01749486
v 0.10362760 0.07388883 0.02069110
v 0.10331380 0.07391560 0.02045954
v 0.10400780 0.07349854 0.02139277
v 0.10400780 0.07349854 0.02139277
v 0.10415880 0.07353281 0.02138109
v 0.10362760 0.07388883 0.02069110
v 0.10331380 0.07391560 0.02045954
v 0.10289730 0.07425200 0.01979084
v 0.10246180 0.07448446 0.01919533
v 0.10289730 0.07425200 0.01979084
v 0.10331380 0.07391560 0.02045954
v 0.10314450 0.07421535 0.01999564
v 0.10431420 0.07309818 0.02199829
v 0.10400780 0.07349854 0.02139277
v 0.10331380 0.07391560 0.02045954
v 0.10491540 0.07263118 0.02332026
v 0.10461760 0.07300567 0.02237267
v 0.10464220 0.07261312 0.02317668
v 0.10479090 0.07293432 0.02256311
v 0.10461760 0.07300567 0.02237267
v 0.10491540 0.07263118 0.02332026
v 0.10461760 0.07300567 0.02237267
v 0.10452330 0.07282483 0.02253569
v 0.10464220 0.07261312 0.02317668
v 0.10367820 0.07212084 0.02589072
v 0.10365020 0.07201784 0.02568854
v 0.10327830 0.07204276 0.02599782
v 0.10415880 0.07353281 0.02138109
v 0.10461760 0.07300567 0.02237267
v 0.10479090 0.07293432 0.02256311
v 0.10406260 0.07213759 0.02554268
v 0.10399740 0.07203507 0.02527416
v 0.10365020 0.07201784 0.02568854
v 0.10427130 0.07216221 0.02516402
v 0.10399740 0.07203507 0.02527416
v 0.10406260 0.07213759 0.02554268
v 0.10399740 0.07203507 0.02527416
v 0.10439090 0.07219105 0.02479149
v 0.10437200 0.07213562 0.02460403
v 0.10400780 0.07349854 0.02139277
v 0.10461760 0.07300567 0.02237267
v 0.10415880 0.07353281 0.02138109
v 0.10431420 0.07309818 0.02199829
v 0.10461760 0.07300567 0.02237267
v 0.10400780 0.07349854 0.02139277
v 0.10353460 0.07213824 0.02617664
v 0.10367820 0.07212084 0.02589072
v 0.10300180 0.07223761 0.02645565
v 0.10300180 0.07223761 0.02645565
v 0.10367820 0.07212084 0.02589072
v 0.10327830 0.07204276 0.02599782
v 0.10472390 0.07241570 0.02392430
v 0.10437200 0.07213562 0.02460403
v 0.10439090 0.07219105 0.02479149
v 0.10406260 0.07213759 0.02554268
v 0.10367820 0.07212084 0.02589072
v 0.10353460 0.07213824 0.02617664
v 0.10472390 0.07241570 0.02392430
v 0.10450980 0.07222533 0.02419151
v 0.10437200 0.07213562 0.02460403
v 0.10454800 0.07219821 0.02490938
v 0.10427130 0.07216221 0.02516402
v 0.10406260 0.07213759 0.02554268
v 0.10472390 0.07241570 0.02392430
v 0.10460730 0.07236671 0.02375669
v 0.10450980 0.07222533 0.02419151
v 0.10454800 0.07219821 0.02490938
v 0.10478050 0.07233911 0.02428038
v 0.10439090 0.07219105 0.02479149
v 0.10461760 0.07300567 0.02237267
v 0.10431420 0.07309818 0.02199829
v 0.10452330 0.07282483 0.02253569
v 0.10439090 0.07219105 0.02479149
v 0.10399740 0.07203507 0.02527416
v 0.10427130 0.07216221 0.02516402
v 0.10472390 0.07241570 0.02392430
v 0.10491540 0.07263118 0.02332026
v 0.10464220 0.07261312 0.02317668
v 0.10367820 0.07212084 0.02589072
v 0.10406260 0.07213759 0.02554268
v 0.10365020 0.07201784 0.02568854
v 0.10454800 0.07219821 0.02490938
v 0.10439090 0.07219105 0.02479149
v 0.10427130 0.07216221 0.02516402
v 0.10478050 0.07233911 0.02428038
v 0.10472390 0.07241570 0.02392430
v 0.10439090 0.07219105 0.02479149
v 0.10472390 0.07241570 0.02392430
v 0.10464220 0.07261312 0.02317668
v 0.10460730 0.07236671 0.02375669
v 0.10491540 0.07263118 0.02332026
v 0.10472390 0.07241570 0.02392430
v 0.10478050 0.07233911 0.02428038
v 0.09569275 0.07343214 0.02933956
v 0.09548801 0.07363945 0.02956475
v 0.09588575 0.07351535 0.02935994
v 0.09581631 0.07359135 0.02957828
v 0.09588575 0.07351535 0.02935994
v 0.09548801 0.07363945 0.02956475
v 0.09511655 0.07360464 0.02952106
v 0.09548801 0.07363945 0.02956475
v 0.09569275 0.07343214 0.02933956
v 0.09548801 0.07363945 0.02956475
v 0.09511655 0.07360464 0.02952106
v 0.09494012 0.07373726 0.02968843
v 0.09040826 0.07448834 0.03033818
v 0.09116476 0.07437819 0.03028072
v 0.09201830 0.07420164 0.03015888
v 0.09463912 0.07371431 0.02965952
v 0.09830105 0.07307457 0.02858330
v 0.09846568 0.07308560 0.02871919
v 0.09868574 0.07304108 0.02852602
v 0.09404277 0.07381868 0.02978594
v 0.09431070 0.07386815 0.02987922
v 0.09463912 0.07371431 0.02965952
v 0.09463912 0.07371431 0.02965952
v 0.09431070 0.07386815 0.02987922
v 0.09494012 0.07373726 0.02968843
v 0.09359782 0.07395803 0.02992959
v 0.09311658 0.07404989 0.03003139
v 0.09293496 0.07414215 0.03022373
v 0.09311658 0.07404989 0.03003139
v 0.09267467 0.07406926 0.03004719
v 0.09247398 0.07420355 0.03020097
v 0.09636044 0.07347506 0.02931751
v 0.09676450 0.07341039 0.02926726
v 0.09694850 0.07327973 0.02899642
v 0.09201830 0.07420164 0.03015888
v 0.09247398 0.07420355 0.03020097
v 0.09267467 0.07406926 0.03004719
v 0.09569275 0.07343214 0.02933956
v 0.09588575 0.07351535 0.02935994
v 0.09694850 0.07327973 0.02899642
v 0.09116476 0.07437819 0.03028072
v 0.09165006 0.07436895 0.03033818
v 0.09201830 0.07420164 0.03015888
v 0.09077155 0.07455664 0.03051157
v 0.09165006 0.07436895 0.03033818
v 0.09116476 0.07437819 0.03028072
v 0.09040826 0.07448834 0.03033818
v 0.09039258 0.07458996 0.03043551
v 0.09116476 0.07437819 0.03028072
v 0.09116476 0.07437819 0.03028072
v 0.09039258 0.07458996 0.03043551
v 0.09077155 0.07455664 0.03051157
v 0.08958232 0.07464289 0.03039689
v 0.08944821 0.07477003 0.03050221
v 0.08979904 0.07472962 0.03053886
v 0.09077155 0.07455664 0.03051157
v 0.09039258 0.07458996 0.03043551
v 0.08979904 0.07472962 0.03053886
v 0.08958232 0.07464289 0.03039689
v 0.08979904 0.07472962 0.03053886
v 0.09040826 0.07448834 0.03033818
v 0.09040826 0.07448834 0.03033818
v 0.08979904 0.07472962 0.03053886
v 0.09039258 0.07458996 0.03043551
v 0.08944821 0.07477003 0.03050221
v 0.08958232 0.07464289 0.03039689
v 0.08901041 0.07480072 0.03046031
v 0.08979904 0.07472962 0.03053886
v 0.08944821 0.07477003 0.03050221
v 0.08962416 0.07476556 0.03067858
v 0.08962416 0.07476556 0.03067858
v 0.08944821 0.07477003 0.03050221
v 0.08884149 0.07492083 0.03069270
v 0.08884149 0.07492083 0.03069270
v 0.08944821 0.07477003 0.03050221
v 0.08901041 0.07480072 0.03046031
v 0.09404277 0.07381868 0.02978594
v 0.09463912 0.07371431 0.02965952
v 0.09511655 0.07360464 0.02952106
v 0.09494012 0.07373726 0.02968843
v 0.09431070 0.07386815 0.02987922
v 0.09491032 0.07374751 0.02993561
v 0.08735930 0.07505553 0.03044934
v 0.08778750 0.07511121 0.03059883
v 0.08828711 0.07490432 0.03046031
v 0.08645051 0.07524621 0.03043032
v 0.08684700 0.07525813 0.03052814
v 0.08735930 0.07505553 0.03044934
v 0.08828711 0.07490432 0.03046031
v 0.08778750 0.07511121 0.03059883
v 0.08855003 0.07496219 0.03059012
v 0.08487027 0.07565921 0.03045578
v 0.08519154 0.07549118 0.03035284
v 0.08430784 0.07564735 0.03025676
v 0.08855003 0.07496219 0.03059012
v 0.08778750 0.07511121 0.03059883
v 0.08820712 0.07502436 0.03076417
v 0.09267467 0.07406926 0.03004719
v 0.09359782 0.07395803 0.02992959
v 0.09404277 0.07381868 0.02978594
v 0.08375352 0.07585614 0.03030051
v 0.08430784 0.07564735 0.03025676
v 0.08328950 0.07583808 0.03011966
v 0.09359782 0.07395803 0.02992959
v 0.09293496 0.07414215 0.03022373
v 0.09377694 0.07397884 0.03004850
v 0.09267467 0.07406926 0.03004719
v 0.09311658 0.07404989 0.03003139
v 0.09359782 0.07395803 0.02992959
v 0.08277809 0.07603865 0.03015203
v 0.08328950 0.07583808 0.03011966
v 0.08225339 0.07603126 0.02994383
v 0.08225339 0.07603126 0.02994383
v 0.08122169 0.07622236 0.02972908
v 0.08174312 0.07624959 0.02999408
v 0.08820712 0.07502436 0.03076417
v 0.08778750 0.07511121 0.03059883
v 0.08686286 0.07529664 0.03067715
v 0.09247398 0.07420355 0.03020097
v 0.09184896 0.07434743 0.03041358
v 0.09293496 0.07414215 0.03022373
v 0.08735930 0.07505553 0.03044934
v 0.08684700 0.07525813 0.03052814
v 0.08778750 0.07511121 0.03059883
v 0.09201830 0.07420164 0.03015888
v 0.09165006 0.07436895 0.03033818
v 0.09247398 0.07420355 0.03020097
v 0.08122169 0.07622236 0.02972908
v 0.08020228 0.07640987 0.02947886
v 0.08076924 0.07640278 0.02972407
v 0.09247398 0.07420355 0.03020097
v 0.09165006 0.07436895 0.03033818
v 0.09184896 0.07434743 0.03041358
v 0.08684700 0.07525813 0.03052814
v 0.08686286 0.07529664 0.03067715
v 0.08778750 0.07511121 0.03059883
v 0.08645051 0.07524621 0.03043032
v 0.08519154 0.07549118 0.03035284
v 0.08684700 0.07525813 0.03052814
v 0.08519154 0.07549118 0.03035284
v 0.08487027 0.07565921 0.03045578
v 0.08684700 0.07525813 0.03052814
v 0.08684700 0.07525813 0.03052814
v 0.08487027 0.07565921 0.03045578
v 0.08686286 0.07529664 0.03067715
v 0.08020228 0.07640987 0.02947886
v 0.07931780 0.07656890 0.02922881
v 0.07974499 0.07658755 0.02945013
v 0.08487027 0.07565921 0.03045578
v 0.08465135 0.07571768 0.03054149
v 0.08686286 0.07529664 0.03067715
v 0.07898318 0.07668989 0.02916677
v 0.07829993 0.07689344 0.02912009
v 0.07900011 0.07676792 0.02935053
v 0.07833105 0.07684302 0.02900089
v 0.07829993 0.07689344 0.02912009
v 0.07898318 0.07668989 0.02916677
v 0.09165006 0.07436895 0.03033818
v 0.09077155 0.07455664 0.03051157
v 0.09184896 0.07434743 0.03041358
v 0.07815873 0.07678902 0.02886225
v 0.07833105 0.07684302 0.02900089
v 0.07898318 0.07668989 0.02916677
v 0.07815873 0.07678902 0.02886225
v 0.07752597 0.07692420 0.02864820
v 0.07833105 0.07684302 0.02900089
v 0.07833105 0.07684302 0.02900089
v 0.07752597 0.07692420 0.02864820
v 0.07731902 0.07706868 0.02875210
v 0.07731902 0.07706868 0.02875210
v 0.07752597 0.07692420 0.02864820
v 0.07727181 0.07701635 0.02859689
v 0.07625687 0.07709497 0.02812660
v 0.07655864 0.07716071 0.02834208
v 0.07727181 0.07701635 0.02859689
v 0.07610112 0.07728129 0.02837510
v 0.07630532 0.07724863 0.02832700
v 0.07563114 0.07734078 0.02794559
v 0.07563114 0.07734078 0.02794559
v 0.07630532 0.07724863 0.02832700
v 0.07655864 0.07716071 0.02834208
v 0.09077155 0.07455664 0.03051157
v 0.08979904 0.07472962 0.03053886
v 0.08962416 0.07476556 0.03067858
v 0.08430784 0.07564735 0.03025676
v 0.08375352 0.07585614 0.03030051
v 0.08487027 0.07565921 0.03045578
v 0.07511824 0.07731050 0.02761842
v 0.07432299 0.07757145 0.02731980
v 0.07476329 0.07751232 0.02757610
v 0.08487027 0.07565921 0.03045578
v 0.08375352 0.07585614 0.03030051
v 0.08465135 0.07571768 0.03054149
v 0.08375352 0.07585614 0.03030051
v 0.08380883 0.07587349 0.03043867
v 0.08465135 0.07571768 0.03054149
v 0.07511824 0.07731050 0.02761842
v 0.07411253 0.07751595 0.02712811
v 0.07432299 0.07757145 0.02731980
v 0.07432299 0.07757145 0.02731980
v 0.07411253 0.07751595 0.02712811
v 0.07377481 0.07768213 0.02706904
v 0.07377481 0.07768213 0.02706904
v 0.07411253 0.07751595 0.02712811
v 0.07345485 0.07764428 0.02678020
v 0.08855003 0.07496219 0.03059012
v 0.08884149 0.07492083 0.03069270
v 0.08901041 0.07480072 0.03046031
v 0.08380883 0.07587349 0.03043867
v 0.08375352 0.07585614 0.03030051
v 0.08277809 0.07603865 0.03015203
v 0.10224580 0.07224708 0.02663697
v 0.10268770 0.07221877 0.02643473
v 0.10327830 0.07204276 0.02599782
v 0.10327830 0.07204276 0.02599782
v 0.10268770 0.07221877 0.02643473
v 0.10300180 0.07223761 0.02645565
v 0.07272571 0.07789909 0.02653832
v 0.07347458 0.07776725 0.02703113
v 0.07302683 0.07777649 0.02658749
v 0.08328950 0.07583808 0.03011966
v 0.08277809 0.07603865 0.03015203
v 0.08375352 0.07585614 0.03030051
v 0.08828711 0.07490432 0.03046031
v 0.08855003 0.07496219 0.03059012
v 0.08901041 0.07480072 0.03046031
v 0.08277809 0.07603865 0.03015203
v 0.08267229 0.07608824 0.03026409
v 0.08380883 0.07587349 0.03043867
v 0.09548801 0.07363945 0.02956475
v 0.09494012 0.07373726 0.02968843
v 0.09491032 0.07374751 0.02993561
v 0.08884149 0.07492083 0.03069270
v 0.08855003 0.07496219 0.03059012
v 0.08820712 0.07502436 0.03076417
v 0.08901041 0.07480072 0.03046031
v 0.08735930 0.07505553 0.03044934
v 0.08828711 0.07490432 0.03046031
v 0.09404277 0.07381868 0.02978594
v 0.09377694 0.07397884 0.03004850
v 0.09431070 0.07386815 0.02987922
v 0.09359782 0.07395803 0.02992959
v 0.09377694 0.07397884 0.03004850
v 0.09404277 0.07381868 0.02978594
v 0.08174312 0.07624959 0.02999408
v 0.08267229 0.07608824 0.03026409
v 0.08277809 0.07603865 0.03015203
v 0.09293496 0.07414215 0.03022373
v 0.09311658 0.07404989 0.03003139
v 0.09247398 0.07420355 0.03020097
v 0.08225339 0.07603126 0.02994383
v 0.08174312 0.07624959 0.02999408
v 0.08277809 0.07603865 0.03015203
v 0.07731902 0.07706868 0.02875210
v 0.07727181 0.07701635 0.02859689
v 0.07655864 0.07716071 0.02834208
v 0.10150300 0.07241791 0.02706451
v 0.10132640 0.07254642 0.02735759
v 0.10211900 0.07238399 0.02686764
v 0.08076924 0.07640278 0.02972407
v 0.08174312 0.07624959 0.02999408
v 0.08122169 0.07622236 0.02972908
v 0.10211900 0.07238399 0.02686764
v 0.10132640 0.07254642 0.02735759
v 0.10185840 0.07241511 0.02730799
v 0.08267229 0.07608824 0.03026409
v 0.08174312 0.07624959 0.02999408
v 0.08064037 0.07646280 0.02984238
v 0.08064037 0.07646280 0.02984238
v 0.08174312 0.07624959 0.02999408
v 0.08076924 0.07640278 0.02972407
v 0.10083630 0.07252001 0.02738721
v 0.10040030 0.07269561 0.02772982
v 0.10132640 0.07254642 0.02735759
v 0.10040030 0.07269561 0.02772982
v 0.10046630 0.07270872 0.02784307
v 0.10132640 0.07254642 0.02735759
v 0.07974499 0.07658755 0.02945013
v 0.08076924 0.07640278 0.02972407
v 0.08020228 0.07640987 0.02947886
v 0.08076924 0.07640278 0.02972407
v 0.07967782 0.07663577 0.02954788
v 0.08064037 0.07646280 0.02984238
v 0.07974499 0.07658755 0.02945013
v 0.07967782 0.07663577 0.02954788
v 0.08076924 0.07640278 0.02972407
v 0.09990656 0.07268065 0.02781684
v 0.09947675 0.07286930 0.02814466
v 0.10040030 0.07269561 0.02772982
v 0.10040030 0.07269561 0.02772982
v 0.09947675 0.07286930 0.02814466
v 0.10046630 0.07270872 0.02784307
v 0.09947675 0.07286930 0.02814466
v 0.09953451 0.07288515 0.02825917
v 0.10046630 0.07270872 0.02784307
v 0.07898318 0.07668989 0.02916677
v 0.07974499 0.07658755 0.02945013
v 0.07931780 0.07656890 0.02922881
v 0.07900011 0.07676792 0.02935053
v 0.07974499 0.07658755 0.02945013
v 0.07898318 0.07668989 0.02916677
v 0.09868574 0.07304108 0.02852602
v 0.09947675 0.07286930 0.02814466
v 0.09891813 0.07286947 0.02824558
v 0.08064037 0.07646280 0.02984238
v 0.07967782 0.07663577 0.02954788
v 0.07900011 0.07676792 0.02935053
v 0.07974499 0.07658755 0.02945013
v 0.07900011 0.07676792 0.02935053
v 0.07967782 0.07663577 0.02954788
v 0.09953451 0.07288515 0.02825917
v 0.09947675 0.07286930 0.02814466
v 0.09868574 0.07304108 0.02852602
v 0.09846568 0.07308560 0.02871919
v 0.09953451 0.07288515 0.02825917
v 0.09868574 0.07304108 0.02852602
v 0.07815873 0.07678902 0.02886225
v 0.07898318 0.07668989 0.02916677
v 0.07931780 0.07656890 0.02922881
v 0.09744918 0.07326269 0.02895422
v 0.09830105 0.07307457 0.02858330
v 0.09791076 0.07305514 0.02863479
v 0.09830105 0.07307457 0.02858330
v 0.09775102 0.07322448 0.02896798
v 0.09846568 0.07308560 0.02871919
v 0.09744918 0.07326269 0.02895422
v 0.09775102 0.07322448 0.02896798
v 0.09830105 0.07307457 0.02858330
v 0.07833105 0.07684302 0.02900089
v 0.07731902 0.07706868 0.02875210
v 0.07829993 0.07689344 0.02912009
v 0.07829993 0.07689344 0.02912009
v 0.07731902 0.07706868 0.02875210
v 0.07610112 0.07728129 0.02837510
v 0.07752597 0.07692420 0.02864820
v 0.07625687 0.07709497 0.02812660
v 0.07727181 0.07701635 0.02859689
v 0.07630532 0.07724863 0.02832700
v 0.07731902 0.07706868 0.02875210
v 0.07655864 0.07716071 0.02834208
v 0.07625687 0.07709497 0.02812660
v 0.07563114 0.07734078 0.02794559
v 0.07655864 0.07716071 0.02834208
v 0.07731902 0.07706868 0.02875210
v 0.07630532 0.07724863 0.02832700
v 0.07610112 0.07728129 0.02837510
v 0.09775102 0.07322448 0.02896798
v 0.09744918 0.07326269 0.02895422
v 0.09676450 0.07341039 0.02926726
v 0.09694850 0.07327973 0.02899642
v 0.09676450 0.07341039 0.02926726
v 0.09744918 0.07326269 0.02895422
v 0.07511824 0.07731050 0.02761842
v 0.07563114 0.07734078 0.02794559
v 0.07625687 0.07709497 0.02812660
v 0.07563114 0.07734078 0.02794559
v 0.07516032 0.07746696 0.02786721
v 0.07610112 0.07728129 0.02837510
v 0.07516032 0.07746696 0.02786721
v 0.07563114 0.07734078 0.02794559
v 0.07476329 0.07751232 0.02757610
v 0.07511824 0.07731050 0.02761842
v 0.07476329 0.07751232 0.02757610
v 0.07563114 0.07734078 0.02794559
v 0.07432299 0.07757145 0.02731980
v 0.07377481 0.07768213 0.02706904
v 0.07420700 0.07763445 0.02745498
v 0.09676450 0.07341039 0.02926726
v 0.09636044 0.07347506 0.02931751
v 0.09581631 0.07359135 0.02957828
v 0.09581631 0.07359135 0.02957828
v 0.09636044 0.07347506 0.02931751
v 0.09588575 0.07351535 0.02935994
v 0.07476329 0.07751232 0.02757610
v 0.07420700 0.07763445 0.02745498
v 0.07516032 0.07746696 0.02786721
v 0.07432299 0.07757145 0.02731980
v 0.07420700 0.07763445 0.02745498
v 0.07476329 0.07751232 0.02757610
v 0.07377481 0.07768213 0.02706904
v 0.07347458 0.07776725 0.02703113
v 0.07420700 0.07763445 0.02745498
v 0.07302683 0.07777649 0.02658749
v 0.07377481 0.07768213 0.02706904
v 0.07345485 0.07764428 0.02678020
v 0.07302683 0.07777649 0.02658749
v 0.07347458 0.07776725 0.02703113
v 0.07377481 0.07768213 0.02706904
v 0.07205665 0.07790905 0.02594054
v 0.07302683 0.07777649 0.02658749
v 0.07345485 0.07764428 0.02678020
v 0.09581631 0.07359135 0.02957828
v 0.09548801 0.07363945 0.02956475
v 0.09491032 0.07374751 0.02993561
v 0.10224580 0.07224708 0.02663697
v 0.10211900 0.07238399 0.02686764
v 0.10268770 0.07221877 0.02643473
v 0.09491032 0.07374751 0.02993561
v 0.09431070 0.07386815 0.02987922
v 0.09377694 0.07397884 0.03004850
v 0.10300180 0.07223761 0.02645565
v 0.10268770 0.07221877 0.02643473
v 0.10211900 0.07238399 0.02686764
v 0.10228940 0.07236361 0.02692641
v 0.10211900 0.07238399 0.02686764
v 0.10185840 0.07241511 0.02730799
v 0.10211900 0.07238399 0.02686764
v 0.10228940 0.07236361 0.02692641
v 0.10300180 0.07223761 0.02645565
v 0.10150300 0.07241791 0.02706451
v 0.10211900 0.07238399 0.02686764
v 0.10224580 0.07224708 0.02663697
v 0.10132640 0.07254642 0.02735759
v 0.10150300 0.07241791 0.02706451
v 0.10083630 0.07252001 0.02738721
v 0.10040030 0.07269561 0.02772982
v 0.10083630 0.07252001 0.02738721
v 0.09990656 0.07268065 0.02781684
v 0.09947675 0.07286930 0.02814466
v 0.09990656 0.07268065 0.02781684
v 0.09891813 0.07286947 0.02824558
v 0.09891813 0.07286947 0.02824558
v 0.09830105 0.07307457 0.02858330
v 0.09868574 0.07304108 0.02852602
v 0.09791076 0.07305514 0.02863479
v 0.09830105 0.07307457 0.02858330
v 0.09891813 0.07286947 0.02824558
v 0.09791076 0.07305514 0.02863479
v 0.09694850 0.07327973 0.02899642
v 0.09744918 0.07326269 0.02895422
v 0.09694850 0.07327973 0.02899642
v 0.09588575 0.07351535 0.02935994
v 0.09636044 0.07347506 0.02931751
v 0.07165724 0.07812500 0.02589960
v 0.07196766 0.07802724 0.02598722
v 0.07152605 0.07817298 0.02557106
v 0.07196766 0.07802724 0.02598722
v 0.07205665 0.07790905 0.02594054
v 0.07168269 0.07798022 0.02555592
v 0.07272571 0.07789909 0.02653832
v 0.07196766 0.07802724 0.02598722
v 0.07203614 0.07802838 0.02623600
v 0.07272571 0.07789909 0.02653832
v 0.07205665 0.07790905 0.02594054
v 0.07196766 0.07802724 0.02598722
v 0.07302683 0.07777649 0.02658749
v 0.07205665 0.07790905 0.02594054
v 0.07272571 0.07789909 0.02653832
v 0.07102006 0.07863843 0.02332718
v 0.07112240 0.07883167 0.02284098
v 0.07092285 0.07885110 0.02323575
v 0.07115012 0.07912987 0.02229012
v 0.07122331 0.07888180 0.02254833
v 0.07140177 0.07922041 0.02188946
v 0.07140177 0.07922041 0.02188946
v 0.07122331 0.07888180 0.02254833
v 0.07143324 0.07898455 0.02210487
v 0.07074135 0.07874232 0.02379472
v 0.07092285 0.07885110 0.02323575
v 0.07115012 0.07912987 0.02229012
v 0.07092285 0.07885110 0.02323575
v 0.07112240 0.07883167 0.02284098
v 0.07115012 0.07912987 0.02229012
v 0.07115012 0.07912987 0.02229012
v 0.07112240 0.07883167 0.02284098
v 0.07122331 0.07888180 0.02254833
v 0.07152605 0.07817298 0.02557106
v 0.07128167 0.07827037 0.02513690
v 0.07115495 0.07832986 0.02520777
v 0.07074135 0.07874232 0.02379472
v 0.07093054 0.07861572 0.02401436
v 0.07092285 0.07885110 0.02323575
v 0.07092285 0.07885110 0.02323575
v 0.07093054 0.07861572 0.02401436
v 0.07102006 0.07863843 0.02332718
v 0.07140177 0.07922041 0.02188946
v 0.07143324 0.07898455 0.02210487
v 0.07178151 0.07918989 0.02158643
v 0.07102036 0.07843399 0.02404488
v 0.07087326 0.07853400 0.02451725
v 0.07093054 0.07861572 0.02401436
v 0.07074135 0.07874232 0.02379472
v 0.07116103 0.07823270 0.02463586
v 0.07119411 0.07829159 0.02484900
v 0.07146292 0.07807564 0.02526129
v 0.07087326 0.07853400 0.02451725
v 0.07119411 0.07829159 0.02484900
v 0.07093054 0.07861572 0.02401436
v 0.07128167 0.07827037 0.02513690
v 0.07146292 0.07807564 0.02526129
v 0.07119411 0.07829159 0.02484900
v 0.07119411 0.07829159 0.02484900
v 0.07102036 0.07843399 0.02404488
v 0.07093054 0.07861572 0.02401436
v 0.07152605 0.07817298 0.02557106
v 0.07146292 0.07807564 0.02526129
v 0.07128167 0.07827037 0.02513690
v 0.07152605 0.07817298 0.02557106
v 0.07168269 0.07798022 0.02555592
v 0.07146292 0.07807564 0.02526129
v 0.07119411 0.07829159 0.02484900
v 0.07116103 0.07823270 0.02463586
v 0.07102036 0.07843399 0.02404488
v 0.07196766 0.07802724 0.02598722
v 0.07168269 0.07798022 0.02555592
v 0.07152605 0.07817298 0.02557106
v 0.07087326 0.07853400 0.02451725
v 0.07128167 0.07827037 0.02513690
v 0.07119411 0.07829159 0.02484900
v 0.07115495 0.07832986 0.02520777
v 0.07128167 0.07827037 0.02513690
v 0.07087326 0.07853400 0.02451725
v 0.07203614 0.07802838 0.02623600
v 0.07196766 0.07802724 0.02598722
v 0.07165724 0.07812500 0.02589960
v 0.07165724 0.07812500 0.02589960
v 0.07152605 0.07817298 0.02557106
v 0.07115495 0.07832986 0.02520777
v 0.10612510 0.07439309 -0.00640856
v 0.10639660 0.07433193 -0.00557159
v 0.10624490 0.07425081 -0.00627314
v 0.10587170 0.07437217 -0.00726478
v 0.10577210 0.07448190 -0.00729798
v 0.10612510 0.07439309 -0.00640856
v 0.10556690 0.07443839 -0.00799643
v 0.10577210 0.07448190 -0.00729798
v 0.10587170 0.07437217 -0.00726478
v 0.10624490 0.07425081 -0.00627314
v 0.10587170 0.07437217 -0.00726478
v 0.10612510 0.07439309 -0.00640856
v 0.10518100 0.07452797 -0.00880949
v 0.10505490 0.07463395 -0.00890451
v 0.10556690 0.07443839 -0.00799643
v 0.10710430 0.07410210 -0.00247287
v 0.10670720 0.07416713 -0.00466036
v 0.10693250 0.07422989 -0.00320184
v 0.10670720 0.07416713 -0.00466036
v 0.10677020 0.07427144 -0.00399040
v 0.10693250 0.07422989 -0.00320184
v 0.10670720 0.07416713 -0.00466036
v 0.10657250 0.07428061 -0.00501465
v 0.10677020 0.07427144 -0.00399040
v 0.10556690 0.07443839 -0.00799643
v 0.10505490 0.07463395 -0.00890451
v 0.10577210 0.07448190 -0.00729798
v 0.10518100 0.07452797 -0.00880949
v 0.10469790 0.07460653 -0.00975101
v 0.10505490 0.07463395 -0.00890451
v 0.10453330 0.07475817 -0.00985973
v 0.10505490 0.07463395 -0.00890451
v 0.10469790 0.07460653 -0.00975101
v 0.10725660 0.07407706 0.00032604
v 0.10721580 0.07413971 -0.00080841
v 0.10719420 0.07417362 0.00049479
v 0.10710430 0.07410210 -0.00247287
v 0.10705590 0.07420569 -0.00230794
v 0.10717010 0.07414555 -0.00160437
v 0.10710430 0.07410210 -0.00247287
v 0.10693250 0.07422989 -0.00320184
v 0.10705590 0.07420569 -0.00230794
v 0.10624490 0.07425081 -0.00627314
v 0.10639660 0.07433193 -0.00557159
v 0.10657250 0.07428061 -0.00501465
v 0.10624490 0.07425081 -0.00627314
v 0.10657250 0.07428061 -0.00501465
v 0.10670720 0.07416713 -0.00466036
v 0.10528930 0.07421320 -0.01322233
v 0.10516160 0.07439249 -0.01313232
v 0.10492370 0.07443618 -0.01278220
v 0.10430040 0.07477951 -0.01113968
v 0.10439470 0.07467174 -0.01132106
v 0.10449740 0.07469803 -0.01217620
v 0.10448020 0.07459622 -0.01174753
v 0.10439470 0.07467174 -0.01132106
v 0.10440760 0.07461196 -0.01100247
v 0.10432510 0.07479643 -0.01056992
v 0.10448670 0.07463407 -0.01036315
v 0.10430040 0.07477951 -0.01113968
v 0.10506080 0.07450681 -0.01318388
v 0.10449740 0.07469803 -0.01217620
v 0.10492370 0.07443618 -0.01278220
v 0.10506080 0.07450681 -0.01318388
v 0.10492370 0.07443618 -0.01278220
v 0.10516160 0.07439249 -0.01313232
v 0.10492370 0.07443618 -0.01278220
v 0.10449740 0.07469803 -0.01217620
v 0.10465100 0.07454007 -0.01227914
v 0.10448020 0.07459622 -0.01174753
v 0.10465100 0.07454007 -0.01227914
v 0.10449740 0.07469803 -0.01217620
v 0.10449740 0.07469803 -0.01217620
v 0.10439470 0.07467174 -0.01132106
v 0.10448020 0.07459622 -0.01174753
v 0.10430040 0.07477951 -0.01113968
v 0.10440760 0.07461196 -0.01100247
v 0.10439470 0.07467174 -0.01132106
v 0.10430040 0.07477951 -0.01113968
v 0.10448670 0.07463407 -0.01036315
v 0.10440760 0.07461196 -0.01100247
v 0.10448670 0.07463407 -0.01036315
v 0.10432510 0.07479643 -0.01056992
v 0.10453330 0.07475817 -0.00985973
v 0.10453330 0.07475817 -0.00985973
v 0.10469790 0.07460653 -0.00975101
v 0.10448670 0.07463407 -0.01036315
v 0.10959420 0.07210624 -0.01675146
v 0.10973620 0.07209247 -0.01700513
v 0.10910920 0.07250332 -0.01643168
v 0.10770490 0.07333815 -0.01531918
v 0.10776860 0.07323098 -0.01525232
v 0.10810230 0.07310211 -0.01558857
v 0.10810230 0.07310211 -0.01558857
v 0.10776860 0.07323098 -0.01525232
v 0.10818320 0.07295531 -0.01557502
v 0.10818320 0.07295531 -0.01557502
v 0.10848810 0.07289570 -0.01592164
v 0.10810230 0.07310211 -0.01558857
v 0.10877090 0.07268399 -0.01609378
v 0.10848810 0.07289570 -0.01592164
v 0.10818320 0.07295531 -0.01557502
v 0.10910920 0.07250332 -0.01643168
v 0.10877090 0.07268399 -0.01609378
v 0.10959420 0.07210624 -0.01675146
v 0.11037650 0.07154995 -0.01741509
v 0.11053090 0.07149821 -0.01762133
v 0.11010640 0.07182288 -0.01731603
v 0.10516160 0.07439249 -0.01313232
v 0.10635760 0.07399463 -0.01424997
v 0.10506080 0.07450681 -0.01318388
v 0.10770490 0.07333815 -0.01531918
v 0.10810230 0.07310211 -0.01558857
v 0.10848810 0.07289570 -0.01592164
v 0.10770490 0.07333815 -0.01531918
v 0.10720300 0.07354801 -0.01481830
v 0.10776860 0.07323098 -0.01525232
v 0.10720300 0.07354801 -0.01481830
v 0.10770490 0.07333815 -0.01531918
v 0.10697040 0.07371658 -0.01479266
v 0.10818320 0.07295531 -0.01557502
v 0.10959420 0.07210624 -0.01675146
v 0.10877090 0.07268399 -0.01609378
v 0.11037650 0.07154995 -0.01741509
v 0.11010640 0.07182288 -0.01731603
v 0.10959420 0.07210624 -0.01675146
v 0.10959420 0.07210624 -0.01675146
v 0.11010640 0.07182288 -0.01731603
v 0.10973620 0.07209247 -0.01700513
v 0.10877090 0.07268399 -0.01609378
v 0.10910920 0.07250332 -0.01643168
v 0.10848810 0.07289570 -0.01592164
v 0.11167680 0.07065826 -0.01824443
v 0.11108950 0.07091099 -0.01788627
v 0.11170410 0.07048726 -0.01808135
v 0.11110660 0.07106363 -0.01802008
v 0.11108950 0.07091099 -0.01788627
v 0.11167680 0.07065826 -0.01824443
v 0.11110660 0.07106363 -0.01802008
v 0.11053090 0.07149821 -0.01762133
v 0.11108950 0.07091099 -0.01788627
v 0.11053090 0.07149821 -0.01762133
v 0.11037650 0.07154995 -0.01741509
v 0.11108950 0.07091099 -0.01788627
v 0.11333340 0.06956601 -0.01814912
v 0.11263950 0.06998461 -0.01823239
v 0.11339040 0.06945228 -0.01787715
v 0.11423330 0.06905794 -0.01747905
v 0.11368510 0.06935435 -0.01785563
v 0.11401740 0.06912064 -0.01750206
v 0.11401740 0.06912064 -0.01750206
v 0.11368510 0.06935435 -0.01785563
v 0.11373850 0.06919527 -0.01762180
v 0.11263950 0.06998461 -0.01823239
v 0.11298970 0.06955349 -0.01795601
v 0.11339040 0.06945228 -0.01787715
v 0.11368510 0.06935435 -0.01785563
v 0.11339040 0.06945228 -0.01787715
v 0.11373850 0.06919527 -0.01762180
v 0.11263950 0.06998461 -0.01823239
v 0.11243740 0.06994307 -0.01809447
v 0.11298970 0.06955349 -0.01795601
v 0.11401740 0.06912064 -0.01750206
v 0.11400120 0.06896638 -0.01732670
v 0.11443740 0.06893175 -0.01709639
v 0.11373850 0.06919527 -0.01762180
v 0.11400120 0.06896638 -0.01732670
v 0.11401740 0.06912064 -0.01750206
v 0.11400120 0.06896638 -0.01732670
v 0.11373850 0.06919527 -0.01762180
v 0.11355480 0.06916266 -0.01766549
v 0.11263950 0.06998461 -0.01823239
v 0.11205570 0.07020562 -0.01810877
v 0.11243740 0.06994307 -0.01809447
v 0.11339040 0.06945228 -0.01787715
v 0.11368510 0.06935435 -0.01785563
v 0.11333340 0.06956601 -0.01814912
v 0.11167680 0.07065826 -0.01824443
v 0.11170410 0.07048726 -0.01808135
v 0.11263950 0.06998461 -0.01823239
v 0.11263950 0.06998461 -0.01823239
v 0.11170410 0.07048726 -0.01808135
v 0.11205570 0.07020562 -0.01810877
v 0.11373850 0.06919527 -0.01762180
v 0.11339040 0.06945228 -0.01787715
v 0.11355480 0.06916266 -0.01766549
v 0.11355480 0.06916266 -0.01766549
v 0.11339040 0.06945228 -0.01787715
v 0.11298970 0.06955349 -0.01795601
v 0.11540220 0.06827121 -0.01585512
v 0.11548900 0.06836938 -0.01597725
v 0.11525400 0.06843084 -0.01610147
v 0.11624410 0.06774699 -0.01492462
v 0.11599400 0.06807267 -0.01541585
v 0.11540220 0.06827121 -0.01585512
v 0.11624410 0.06774699 -0.01492462
v 0.11635210 0.06780892 -0.01494571
v 0.11599400 0.06807267 -0.01541585
v 0.11718630 0.06736612 -0.01427065
v 0.11760030 0.06705003 -0.01367806
v 0.11791500 0.06687080 -0.01357703
v 0.11791500 0.06687080 -0.01357703
v 0.11760030 0.06705003 -0.01367806
v 0.11795960 0.06679916 -0.01328127
v 0.11718630 0.06736612 -0.01427065
v 0.11683260 0.06749725 -0.01440912
v 0.11725190 0.06724506 -0.01398057
v 0.11718630 0.06736612 -0.01427065
v 0.11725190 0.06724506 -0.01398057
v 0.11760030 0.06705003 -0.01367806
v 0.11909760 0.06571370 -0.01174526
v 0.11831870 0.06644397 -0.01272540
v 0.11776530 0.06678766 -0.01328986
v 0.11817190 0.06665521 -0.01305978
v 0.11795960 0.06679916 -0.01328127
v 0.11776530 0.06678766 -0.01328986
v 0.11909760 0.06571370 -0.01174526
v 0.11891520 0.06609833 -0.01219456
v 0.11863320 0.06615978 -0.01233523
v 0.11469880 0.06859493 -0.01657580
v 0.11486890 0.06866592 -0.01655351
v 0.11456960 0.06878775 -0.01682519
v 0.11525400 0.06843084 -0.01610147
v 0.11486890 0.06866592 -0.01655351
v 0.11469880 0.06859493 -0.01657580
v 0.11666600 0.06747901 -0.01446359
v 0.11635210 0.06780892 -0.01494571
v 0.11624410 0.06774699 -0.01492462
v 0.11663390 0.06770068 -0.01479222
v 0.11635210 0.06780892 -0.01494571
v 0.11666600 0.06747901 -0.01446359
v 0.11836370 0.06656312 -0.01301830
v 0.11891520 0.06609833 -0.01219456
v 0.11932090 0.06584072 -0.01189696
v 0.11443740 0.06893175 -0.01709639
v 0.11400120 0.06896638 -0.01732670
v 0.11456960 0.06878775 -0.01682519
v 0.11525400 0.06843084 -0.01610147
v 0.11508860 0.06862848 -0.01654582
v 0.11486890 0.06866592 -0.01655351
v 0.11469880 0.06859493 -0.01657580
v 0.11456960 0.06878775 -0.01682519
v 0.11400120 0.06896638 -0.01732670
v 0.11423330 0.06905794 -0.01747905
v 0.11443740 0.06893175 -0.01709639
v 0.11508860 0.06862848 -0.01654582
v 0.11508860 0.06862848 -0.01654582
v 0.11548900 0.06836938 -0.01597725
v 0.11580870 0.06822657 -0.01582454
v 0.11540220 0.06827121 -0.01585512
v 0.11525400 0.06843084 -0.01610147
v 0.11469880 0.06859493 -0.01657580
v 0.11663390 0.06770068 -0.01479222
v 0.11666600 0.06747901 -0.01446359
v 0.11683260 0.06749725 -0.01440912
v 0.11723450 0.06708943 -0.01382326
v 0.11683260 0.06749725 -0.01440912
v 0.11666600 0.06747901 -0.01446359
v 0.11723450 0.06708943 -0.01382326
v 0.11725190 0.06724506 -0.01398057
v 0.11683260 0.06749725 -0.01440912
v 0.11723450 0.06708943 -0.01382326
v 0.11760030 0.06705003 -0.01367806
v 0.11725190 0.06724506 -0.01398057
v 0.11723450 0.06708943 -0.01382326
v 0.11776530 0.06678766 -0.01328986
v 0.11760030 0.06705003 -0.01367806
v 0.11760030 0.06705003 -0.01367806
v 0.11776530 0.06678766 -0.01328986
v 0.11795960 0.06679916 -0.01328127
v 0.11540220 0.06827121 -0.01585512
v 0.11599400 0.06807267 -0.01541585
v 0.11548900 0.06836938 -0.01597725
v 0.11548900 0.06836938 -0.01597725
v 0.11599400 0.06807267 -0.01541585
v 0.11580870 0.06822657 -0.01582454
v 0.11580870 0.06822657 -0.01582454
v 0.11599400 0.06807267 -0.01541585
v 0.11629060 0.06793504 -0.01528797
v 0.11791500 0.06687080 -0.01357703
v 0.11817190 0.06665521 -0.01305978
v 0.11836370 0.06656312 -0.01301830
v 0.11795960 0.06679916 -0.01328127
v 0.11817190 0.06665521 -0.01305978
v 0.11663390 0.06770068 -0.01479222
v 0.11599400 0.06807267 -0.01541585
v 0.11635210 0.06780892 -0.01494571
v 0.11629060 0.06793504 -0.01528797
v 0.11599400 0.06807267 -0.01541585
v 0.11663390 0.06770068 -0.01479222
v 0.11776530 0.06678766 -0.01328986
v 0.11831870 0.06644397 -0.01272540
v 0.11817190 0.06665521 -0.01305978
v 0.11817190 0.06665521 -0.01305978
v 0.11831870 0.06644397 -0.01272540
v 0.11836370 0.06656312 -0.01301830
v 0.11909760 0.06571370 -0.01174526
v 0.11863320 0.06615978 -0.01233523
v 0.11831870 0.06644397 -0.01272540
v 0.11831870 0.06644397 -0.01272540
v 0.11863320 0.06615978 -0.01233523
v 0.11867080 0.06627696 -0.01247333
v 0.11867080 0.06627696 -0.01247333
v 0.11836370 0.06656312 -0.01301830
v 0.11831870 0.06644397 -0.01272540
v 0.11863320 0.06615978 -0.01233523
v 0.11891520 0.06609833 -0.01219456
v 0.11867080 0.06627696 -0.01247333
v 0.11867080 0.06627696 -0.01247333
v 0.11891520 0.06609833 -0.01219456
v 0.11836370 0.06656312 -0.01301830
v 0.11718630 0.06736612 -0.01427065
v 0.11663390 0.06770068 -0.01479222
v 0.11683260 0.06749725 -0.01440912
v 0.11629060 0.06793504 -0.01528797
v 0.11663390 0.06770068 -0.01479222
v 0.11718630 0.06736612 -0.01427065
v 0.11932090 0.06584072 -0.01189696
v 0.11891520 0.06609833 -0.01219456
v 0.11919850 0.06579047 -0.01175027
v 0.11401740 0.06912064 -0.01750206
v 0.11443740 0.06893175 -0.01709639
v 0.11423330 0.06905794 -0.01747905
v 0.11456960 0.06878775 -0.01682519
v 0.11486890 0.06866592 -0.01655351
v 0.11443740 0.06893175 -0.01709639
v 0.11443740 0.06893175 -0.01709639
v 0.11486890 0.06866592 -0.01655351
v 0.11508860 0.06862848 -0.01654582
v 0.11525400 0.06843084 -0.01610147
v 0.11548900 0.06836938 -0.01597725
v 0.11508860 0.06862848 -0.01654582
v 0.12049630 0.06502115 -0.00943725
v 0.12016730 0.06523340 -0.01045506
v 0.12037110 0.06504654 -0.00937484
v 0.12016730 0.06523340 -0.01045506
v 0.12002000 0.06508785 -0.01004802
v 0.12037110 0.06504654 -0.00937484
v 0.12016730 0.06523340 -0.01045506
v 0.11999250 0.06534445 -0.01082878
v 0.11989150 0.06530159 -0.01066403
v 0.12037110 0.06504654 -0.00937484
v 0.12002000 0.06508785 -0.01004802
v 0.12018010 0.06498980 -0.00950478
v 0.12016730 0.06523340 -0.01045506
v 0.11989150 0.06530159 -0.01066403
v 0.12002000 0.06508785 -0.01004802
v 0.11989150 0.06530159 -0.01066403
v 0.11999250 0.06534445 -0.01082878
v 0.11958960 0.06552755 -0.01124202
v 0.11958960 0.06552755 -0.01124202
v 0.11999250 0.06534445 -0.01082878
v 0.11972930 0.06553137 -0.01131969
v 0.11919850 0.06579047 -0.01175027
v 0.11972930 0.06553137 -0.01131969
v 0.11932090 0.06584072 -0.01189696
v 0.11958960 0.06552755 -0.01124202
v 0.11972930 0.06553137 -0.01131969
v 0.11919850 0.06579047 -0.01175027
v 0.11919850 0.06579047 -0.01175027
v 0.11950060 0.06544721 -0.01119302
v 0.11958960 0.06552755 -0.01124202
v 0.11909760 0.06571370 -0.01174526
v 0.11950060 0.06544721 -0.01119302
v 0.11919850 0.06579047 -0.01175027
v 0.11977670 0.06521087 -0.01065253
v 0.12002000 0.06508785 -0.01004802
v 0.11989150 0.06530159 -0.01066403
v 0.11950060 0.06544721 -0.01119302
v 0.11977670 0.06521087 -0.01065253
v 0.11958960 0.06552755 -0.01124202
v 0.11909760 0.06571370 -0.01174526
v 0.11919850 0.06579047 -0.01175027
v 0.11891520 0.06609833 -0.01219456
v 0.11977670 0.06521087 -0.01065253
v 0.11989150 0.06530159 -0.01066403
v 0.11958960 0.06552755 -0.01124202
v 0.12143650 0.06435126 -0.00236516
v 0.12155930 0.06435966 -0.00288206
v 0.12142210 0.06438076 -0.00296282
v 0.12161040 0.06433331 -0.00216662
v 0.12156800 0.06433618 -0.00168090
v 0.12164800 0.06430900 -0.00112592
v 0.12060740 0.06494551 -0.00878828
v 0.12049630 0.06502115 -0.00943725
v 0.12037110 0.06504654 -0.00937484
v 0.12049340 0.06490308 -0.00857894
v 0.12060740 0.06494551 -0.00878828
v 0.12037110 0.06504654 -0.00937484
v 0.12164800 0.06430900 -0.00112592
v 0.12157790 0.06431812 -0.00056808
v 0.12165510 0.06430917 -0.00000726
v 0.12049340 0.06490308 -0.00857894
v 0.12044450 0.06480407 -0.00835280
v 0.12069060 0.06482601 -0.00791441
v 0.12069060 0.06482601 -0.00791441
v 0.12061820 0.06468081 -0.00753348
v 0.12087210 0.06471711 -0.00705491
v 0.12061820 0.06468081 -0.00753348
v 0.12078210 0.06455737 -0.00664275
v 0.12087210 0.06471711 -0.00705491
v 0.12049340 0.06490308 -0.00857894
v 0.12069060 0.06482601 -0.00791441
v 0.12060740 0.06494551 -0.00878828
v 0.12069060 0.06482601 -0.00791441
v 0.12080670 0.06482213 -0.00803100
v 0.12060740 0.06494551 -0.00878828
v 0.12078210 0.06455737 -0.00664275
v 0.12100210 0.06456702 -0.00589173
v 0.12087210 0.06471711 -0.00705491
v 0.12087210 0.06471711 -0.00705491
v 0.12100210 0.06456702 -0.00589173
v 0.12105140 0.06461983 -0.00616007
v 0.12018010 0.06498980 -0.00950478
v 0.12049340 0.06490308 -0.00857894
v 0.12037110 0.06504654 -0.00937484
v 0.12018010 0.06498980 -0.00950478
v 0.12097440 0.06445646 -0.00549077
v 0.12110680 0.06437945 -0.00452708
v 0.12121200 0.06451624 -0.00504260
v 0.12134650 0.06449049 -0.00508194
v 0.12121200 0.06451624 -0.00504260
v 0.12142820 0.06443631 -0.00416224
v 0.12069060 0.06482601 -0.00791441
v 0.12087210 0.06471711 -0.00705491
v 0.12080670 0.06482213 -0.00803100
v 0.12125550 0.06438314 -0.00373697
v 0.12110680 0.06437945 -0.00452708
v 0.12123450 0.06431639 -0.00337749
v 0.12125550 0.06438314 -0.00373697
v 0.12128440 0.06444621 -0.00419276
v 0.12110680 0.06437945 -0.00452708
v 0.12087210 0.06471711 -0.00705491
v 0.12113630 0.06462091 -0.00644963
v 0.12080670 0.06482213 -0.00803100
v 0.12130450 0.06427627 -0.00252026
v 0.12142210 0.06438076 -0.00296282
v 0.12123450 0.06431639 -0.00337749
v 0.12142210 0.06438076 -0.00296282
v 0.12130450 0.06427627 -0.00252026
v 0.12143650 0.06435126 -0.00236516
v 0.12087210 0.06471711 -0.00705491
v 0.12105140 0.06461983 -0.00616007
v 0.12113630 0.06462091 -0.00644963
v 0.12139910 0.06432104 -0.00208472
v 0.12143650 0.06435126 -0.00236516
v 0.12130450 0.06427627 -0.00252026
v 0.12097440 0.06445646 -0.00549077
v 0.12100210 0.06456702 -0.00589173
v 0.12078210 0.06455737 -0.00664275
v 0.12161040 0.06433331 -0.00216662
v 0.12139910 0.06432104 -0.00208472
v 0.12156800 0.06433618 -0.00168090
v 0.12143650 0.06435126 -0.00236516
v 0.12139910 0.06432104 -0.00208472
v 0.12161040 0.06433331 -0.00216662
v 0.12139910 0.06432104 -0.00208472
v 0.12143240 0.06430774 -0.00153744
v 0.12156800 0.06433618 -0.00168090
v 0.12121200 0.06451624 -0.00504260
v 0.12105140 0.06461983 -0.00616007
v 0.12100210 0.06456702 -0.00589173
v 0.12134650 0.06449049 -0.00508194
v 0.12113630 0.06462091 -0.00644963
v 0.12105140 0.06461983 -0.00616007
v 0.12143240 0.06430774 -0.00153744
v 0.12157790 0.06431812 -0.00056808
v 0.12164800 0.06430900 -0.00112592
v 0.12139790 0.06426584 -0.00105350
v 0.12157790 0.06431812 -0.00056808
v 0.12143240 0.06430774 -0.00153744
v 0.12097440 0.06445646 -0.00549077
v 0.12121200 0.06451624 -0.00504260
v 0.12100210 0.06456702 -0.00589173
v 0.12141850 0.06426137 0.00003458
v 0.12157790 0.06431812 -0.00056808
v 0.12139790 0.06426584 -0.00105350
v 0.12121200 0.06451624 -0.00504260
v 0.12141850 0.06426137 0.00003458
v 0.12165510 0.06430917 -0.00000726
v 0.12157790 0.06431812 -0.00056808
v 0.12069060 0.06482601 -0.00791441
v 0.12044450 0.06480407 -0.00835280
v 0.12061820 0.06468081 -0.00753348
v 0.12143240 0.06430774 -0.00153744
v 0.12164800 0.06430900 -0.00112592
v 0.12156800 0.06433618 -0.00168090
v 0.12128440 0.06444621 -0.00419276
v 0.12121200 0.06451624 -0.00504260
v 0.12110680 0.06437945 -0.00452708
v 0.12143650 0.06435126 -0.00236516
v 0.12161040 0.06433331 -0.00216662
v 0.12155930 0.06435966 -0.00288206
v 0.12121200 0.06451624 -0.00504260
v 0.12128440 0.06444621 -0.00419276
v 0.12142820 0.06443631 -0.00416224
v 0.12142210 0.06438076 -0.00296282
v 0.12125550 0.06438314 -0.00373697
v 0.12123450 0.06431639 -0.00337749
v 0.12142210 0.06438076 -0.00296282
v 0.12128440 0.06444621 -0.00419276
v 0.12125550 0.06438314 -0.00373697
v 0.12142210 0.06438076 -0.00296282
v 0.12142820 0.06443631 -0.00416224
v 0.12128440 0.06444621 -0.00419276
v 0.12142820 0.06443631 -0.00416224
v 0.12130450 0.06427627 -0.00252026
v 0.12143240 0.06430774 -0.00153744
v 0.12139910 0.06432104 -0.00208472
v 0.12139790 0.06426584 -0.00105350
v 0.12143240 0.06430774 -0.00153744
v 0.12130450 0.06427627 -0.00252026
v 0.05896610 0.08018249 -0.00855939
v 0.05926406 0.08019202 -0.00960146
v 0.05908191 0.08025860 -0.00912564
v 0.05775547 0.08040392 0.00015701
v 0.05776709 0.08043795 -0.00120270
v 0.05769670 0.08050811 0.00051088
v 0.05965822 0.08011722 -0.01071923
v 0.05948632 0.08017915 -0.01032721
v 0.05926406 0.08019202 -0.00960146
v 0.05776709 0.08043795 -0.00120270
v 0.05756253 0.08059430 -0.00091165
v 0.05769670 0.08050811 0.00051088
v 0.05769670 0.08050811 0.00051088
v 0.05756253 0.08059430 -0.00091165
v 0.05759584 0.08057498 0.00087304
v 0.06093961 0.07983899 -0.01365243
v 0.06084549 0.08000648 -0.01375889
v 0.06069052 0.07999008 -0.01331036
v 0.06093961 0.07983899 -0.01365243
v 0.06128329 0.07984501 -0.01439738
v 0.06084549 0.08000648 -0.01375889
v 0.06084549 0.08000648 -0.01375889
v 0.06128329 0.07984501 -0.01439738
v 0.06105190 0.07997155 -0.01430494
v 0.06153684 0.07979148 -0.01483288
v 0.06128329 0.07984501 -0.01439738
v 0.06093961 0.07983899 -0.01365243
v 0.06128329 0.07984501 -0.01439738
v 0.06153684 0.07979148 -0.01483288
v 0.06137830 0.07990336 -0.01480896
v 0.06218338 0.07960581 -0.01588922
v 0.06184566 0.07975387 -0.01541455
v 0.06153684 0.07979148 -0.01483288
v 0.05765467 0.08056414 -0.00185757
v 0.05756253 0.08059430 -0.00091165
v 0.05776709 0.08043795 -0.00120270
v 0.05765467 0.08056414 -0.00185757
v 0.05776709 0.08043795 -0.00120270
v 0.05781883 0.08041244 -0.00209057
v 0.05998682 0.08002835 -0.01154612
v 0.06048667 0.07996559 -0.01271652
v 0.05984354 0.08017826 -0.01153629
v 0.06048667 0.07996559 -0.01271652
v 0.06047827 0.08006888 -0.01313274
v 0.05984354 0.08017826 -0.01153629
v 0.05781883 0.08041244 -0.00209057
v 0.05777508 0.08050948 -0.00253110
v 0.05765467 0.08056414 -0.00185757
v 0.05790179 0.08038794 -0.00303661
v 0.05777508 0.08050948 -0.00253110
v 0.05781883 0.08041244 -0.00209057
v 0.05796134 0.08043664 -0.00388335
v 0.05780398 0.08053314 -0.00334101
v 0.05790179 0.08038794 -0.00303661
v 0.05777508 0.08050948 -0.00253110
v 0.05780398 0.08053314 -0.00334101
v 0.05765467 0.08056414 -0.00185757
v 0.05823487 0.08031594 -0.00542246
v 0.05841606 0.08032071 -0.00641011
v 0.05822968 0.08043581 -0.00591056
v 0.05806273 0.08031356 -0.00430834
v 0.05796134 0.08043664 -0.00388335
v 0.05790179 0.08038794 -0.00303661
v 0.05796134 0.08043664 -0.00388335
v 0.05786556 0.08052712 -0.00413524
v 0.05780398 0.08053314 -0.00334101
v 0.05796134 0.08043664 -0.00388335
v 0.05806273 0.08031356 -0.00430834
v 0.05808550 0.08042538 -0.00481849
v 0.05841606 0.08032071 -0.00641011
v 0.05865806 0.08024835 -0.00741904
v 0.05844765 0.08039468 -0.00691979
v 0.05796134 0.08043664 -0.00388335
v 0.05808550 0.08042538 -0.00481849
v 0.05786556 0.08052712 -0.00413524
v 0.05808550 0.08042538 -0.00481849
v 0.05796355 0.08050686 -0.00475954
v 0.05786556 0.08052712 -0.00413524
v 0.05823487 0.08031594 -0.00542246
v 0.05808550 0.08042538 -0.00481849
v 0.05806273 0.08031356 -0.00430834
v 0.05873173 0.08030819 -0.00786876
v 0.05880296 0.08036738 -0.00852077
v 0.05839109 0.08043611 -0.00710450
v 0.05786556 0.08052712 -0.00413524
v 0.05796355 0.08050686 -0.00475954
v 0.05812484 0.08048135 -0.00604897
v 0.05896610 0.08018249 -0.00855939
v 0.05880296 0.08036738 -0.00852077
v 0.05873173 0.08030819 -0.00786876
v 0.05891567 0.08033251 -0.00877123
v 0.05880296 0.08036738 -0.00852077
v 0.05896610 0.08018249 -0.00855939
v 0.05908191 0.08025860 -0.00912564
v 0.05891567 0.08033251 -0.00877123
v 0.05896610 0.08018249 -0.00855939
v 0.05891567 0.08033251 -0.00877123
v 0.05908191 0.08025860 -0.00912564
v 0.05913645 0.08030682 -0.00969039
v 0.05926406 0.08019202 -0.00960146
v 0.05823487 0.08031594 -0.00542246
v 0.05822968 0.08043581 -0.00591056
v 0.05808550 0.08042538 -0.00481849
v 0.05808550 0.08042538 -0.00481849
v 0.05822968 0.08043581 -0.00591056
v 0.05796355 0.08050686 -0.00475954
v 0.05913645 0.08030682 -0.00969039
v 0.05926406 0.08019202 -0.00960146
v 0.05948632 0.08017915 -0.01032721
v 0.05913645 0.08030682 -0.00969039
v 0.05948632 0.08017915 -0.01032721
v 0.05951160 0.08024030 -0.01075386
v 0.05822968 0.08043581 -0.00591056
v 0.05951160 0.08024030 -0.01075386
v 0.05948632 0.08017915 -0.01032721
v 0.05965822 0.08011722 -0.01071923
v 0.05998682 0.08002835 -0.01154612
v 0.05984354 0.08017826 -0.01153629
v 0.05965822 0.08011722 -0.01071923
v 0.05984354 0.08017826 -0.01153629
v 0.05951160 0.08024030 -0.01075386
v 0.05844765 0.08039468 -0.00691979
v 0.05822968 0.08043581 -0.00591056
v 0.05841606 0.08032071 -0.00641011
v 0.06069052 0.07999008 -0.01331036
v 0.06047827 0.08006888 -0.01313274
v 0.06048667 0.07996559 -0.01271652
v 0.05839109 0.08043611 -0.00710450
v 0.05822968 0.08043581 -0.00591056
v 0.05844765 0.08039468 -0.00691979
v 0.05839109 0.08043611 -0.00710450
v 0.05812484 0.08048135 -0.00604897
v 0.05822968 0.08043581 -0.00591056
v 0.06048667 0.07996559 -0.01271652
v 0.06084549 0.08000648 -0.01375889
v 0.06105190 0.07997155 -0.01430494
v 0.06128329 0.07984501 -0.01439738
v 0.06137830 0.07990336 -0.01480896
v 0.05891567 0.08033251 -0.00877123
v 0.05913645 0.08030682 -0.00969039
v 0.05880296 0.08036738 -0.00852077
v 0.05873173 0.08030819 -0.00786876
v 0.05844765 0.08039468 -0.00691979
v 0.05865806 0.08024835 -0.00741904
v 0.06153684 0.07979148 -0.01483288
v 0.06184566 0.07975387 -0.01541455
v 0.06137830 0.07990336 -0.01480896
v 0.05873173 0.08030819 -0.00786876
v 0.05839109 0.08043611 -0.00710450
v 0.05844765 0.08039468 -0.00691979
v 0.06105190 0.07997155 -0.01430494
v 0.06137830 0.07990336 -0.01480896
v 0.06213533 0.07978886 -0.01624535
v 0.05777508 0.08050948 -0.00253110
v 0.05790179 0.08038794 -0.00303661
v 0.05780398 0.08053314 -0.00334101
v 0.05896610 0.08018249 -0.00855939
v 0.05873173 0.08030819 -0.00786876
v 0.05865806 0.08024835 -0.00741904
v 0.06257289 0.07972687 -0.01643949
v 0.06219846 0.07976073 -0.01607208
v 0.06269896 0.07959002 -0.01641737
v 0.06219846 0.07976073 -0.01607208
v 0.06218338 0.07960581 -0.01588922
v 0.06269896 0.07959002 -0.01641737
v 0.06137830 0.07990336 -0.01480896
v 0.06219846 0.07976073 -0.01607208
v 0.06213533 0.07978886 -0.01624535
v 0.06184566 0.07975387 -0.01541455
v 0.06219846 0.07976073 -0.01607208
v 0.06137830 0.07990336 -0.01480896
v 0.06672757 0.08009493 -0.01650422
v 0.06625783 0.08003431 -0.01679544
v 0.06687343 0.08004629 -0.01628350
v 0.06625783 0.08003431 -0.01679544
v 0.06612002 0.07980996 -0.01672654
v 0.06687343 0.08004629 -0.01628350
v 0.06580281 0.07997250 -0.01706980
v 0.06552362 0.07987779 -0.01703428
v 0.06625783 0.08003431 -0.01679544
v 0.06477069 0.07985353 -0.01726644
v 0.06552362 0.07987779 -0.01703428
v 0.06580281 0.07997250 -0.01706980
v 0.06625783 0.08003431 -0.01679544
v 0.06552362 0.07987779 -0.01703428
v 0.06612002 0.07980996 -0.01672654
v 0.06552362 0.07987779 -0.01703428
v 0.06562680 0.07973402 -0.01692389
v 0.06612002 0.07980996 -0.01672654
v 0.06511169 0.07978570 -0.01708912
v 0.06477069 0.07985353 -0.01726644
v 0.06460964 0.07978767 -0.01715754
v 0.06460964 0.07978767 -0.01715754
v 0.06413090 0.07975804 -0.01713328
v 0.06425464 0.07962405 -0.01705216
v 0.06477069 0.07985353 -0.01726644
v 0.06413090 0.07975804 -0.01713328
v 0.06460964 0.07978767 -0.01715754
v 0.06369376 0.07978159 -0.01711856
v 0.06413090 0.07975804 -0.01713328
v 0.06477069 0.07985353 -0.01726644
v 0.06391263 0.07960206 -0.01699494
v 0.06369376 0.07978159 -0.01711856
v 0.06335848 0.07957470 -0.01680498
v 0.06460964 0.07978767 -0.01715754
v 0.06486463 0.07962858 -0.01707332
v 0.06511169 0.07978570 -0.01708912
v 0.06460964 0.07978767 -0.01715754
v 0.06425464 0.07962405 -0.01705216
v 0.06486463 0.07962858 -0.01707332
v 0.06335848 0.07957470 -0.01680498
v 0.06306785 0.07972282 -0.01679139
v 0.06298249 0.07955396 -0.01660429
v 0.06290054 0.07976299 -0.01682018
v 0.06257289 0.07972687 -0.01643949
v 0.06306785 0.07972282 -0.01679139
v 0.06213533 0.07978886 -0.01624535
v 0.06257289 0.07972687 -0.01643949
v 0.06290054 0.07976299 -0.01682018
v 0.06219846 0.07976073 -0.01607208
v 0.06257289 0.07972687 -0.01643949
v 0.06213533 0.07978886 -0.01624535
v 0.06369376 0.07978159 -0.01711856
v 0.06391263 0.07960206 -0.01699494
v 0.06413090 0.07975804 -0.01713328
v 0.06218338 0.07960581 -0.01588922
v 0.06219846 0.07976073 -0.01607208
v 0.06184566 0.07975387 -0.01541455
v 0.06552362 0.07987779 -0.01703428
v 0.06529754 0.07973998 -0.01701407
v 0.06562680 0.07973402 -0.01692389
v 0.06477069 0.07985353 -0.01726644
v 0.06529754 0.07973998 -0.01701407
v 0.06552362 0.07987779 -0.01703428
v 0.06477069 0.07985353 -0.01726644
v 0.06511169 0.07978570 -0.01708912
v 0.06529754 0.07973998 -0.01701407
v 0.06529754 0.07973998 -0.01701407
v 0.06511169 0.07978570 -0.01708912
v 0.06486463 0.07962858 -0.01707332
v 0.06413090 0.07975804 -0.01713328
v 0.06391263 0.07960206 -0.01699494
v 0.06425464 0.07962405 -0.01705216
v 0.06335848 0.07957470 -0.01680498
v 0.06369376 0.07978159 -0.01711856
v 0.06306785 0.07972282 -0.01679139
v 0.06306785 0.07972282 -0.01679139
v 0.06369376 0.07978159 -0.01711856
v 0.06290054 0.07976299 -0.01682018
v 0.06306785 0.07972282 -0.01679139
v 0.06269896 0.07959002 -0.01641737
v 0.06298249 0.07955396 -0.01660429
v 0.06257289 0.07972687 -0.01643949
v 0.06269896 0.07959002 -0.01641737
v 0.06306785 0.07972282 -0.01679139
v 0.06752681 0.08014607 -0.01580875
v 0.06785607 0.08026015 -0.01576010
v 0.06672757 0.08009493 -0.01650422
v 0.06903409 0.08029705 -0.01471607
v 0.06982237 0.08031970 -0.01412528
v 0.06964302 0.08037966 -0.01436880
v 0.06964302 0.08037966 -0.01436880
v 0.06982237 0.08031970 -0.01412528
v 0.06989896 0.08042043 -0.01430902
v 0.07142537 0.08042973 -0.01301878
v 0.06982237 0.08031970 -0.01412528
v 0.07094126 0.08028906 -0.01324509
v 0.07142537 0.08042973 -0.01301878
v 0.06989896 0.08042043 -0.01430902
v 0.06982237 0.08031970 -0.01412528
v 0.06752681 0.08014607 -0.01580875
v 0.06687343 0.08004629 -0.01628350
v 0.06612002 0.07980996 -0.01672654
v 0.06625783 0.08003431 -0.01679544
v 0.06672757 0.08009493 -0.01650422
v 0.06785607 0.08026015 -0.01576010
v 0.06802684 0.08017212 -0.01542089
v 0.06785607 0.08026015 -0.01576010
v 0.06752681 0.08014607 -0.01580875
v 0.06903409 0.08029705 -0.01471607
v 0.06785607 0.08026015 -0.01576010
v 0.06802684 0.08017212 -0.01542089
v 0.06785607 0.08026015 -0.01576010
v 0.06924968 0.08038234 -0.01478524
v 0.06989896 0.08042043 -0.01430902
v 0.06903409 0.08029705 -0.01471607
v 0.06924968 0.08038234 -0.01478524
v 0.06785607 0.08026015 -0.01576010
v 0.06924968 0.08038234 -0.01478524
v 0.06903409 0.08029705 -0.01471607
v 0.06964302 0.08037966 -0.01436880
v 0.06924968 0.08038234 -0.01478524
v 0.06964302 0.08037966 -0.01436880
v 0.06989896 0.08042043 -0.01430902
v 0.06672757 0.08009493 -0.01650422
v 0.06687343 0.08004629 -0.01628350
v 0.06752681 0.08014607 -0.01580875
v 0.07201659 0.08044242 -0.01089155
v 0.07182824 0.08036249 -0.01033150
v 0.07183790 0.08046847 -0.01007848
v 0.07201659 0.08044242 -0.01089155
v 0.07190126 0.08028990 -0.01099520
v 0.07182824 0.08036249 -0.01033150
v 0.07208573 0.08048355 -0.01058142
v 0.07192409 0.08043032 -0.01187931
v 0.07201659 0.08044242 -0.01089155
v 0.07192409 0.08043032 -0.01187931
v 0.07182556 0.08028352 -0.01169192
v 0.07201659 0.08044242 -0.01089155
v 0.07201659 0.08044242 -0.01089155
v 0.07182556 0.08028352 -0.01169192
v 0.07190126 0.08028990 -0.01099520
v 0.07192409 0.08043032 -0.01187931
v 0.07158660 0.08023858 -0.01233672
v 0.07182556 0.08028352 -0.01169192
v 0.07167518 0.08042591 -0.01253455
v 0.07158660 0.08023858 -0.01233672
v 0.07192409 0.08043032 -0.01187931
v 0.07167518 0.08042591 -0.01253455
v 0.07146066 0.08034151 -0.01265906
v 0.07158660 0.08023858 -0.01233672
v 0.07142537 0.08042973 -0.01301878
v 0.07146066 0.08034151 -0.01265906
v 0.07167518 0.08042591 -0.01253455
v 0.07146066 0.08034151 -0.01265906
v 0.07123863 0.08021676 -0.01288824
v 0.07158660 0.08023858 -0.01233672
v 0.07142537 0.08042973 -0.01301878
v 0.07094126 0.08028906 -0.01324509
v 0.07146066 0.08034151 -0.01265906
v 0.07094126 0.08028906 -0.01324509
v 0.07123863 0.08021676 -0.01288824
v 0.07146066 0.08034151 -0.01265906
v 0.07183790 0.08046847 -0.01007848
v 0.07162052 0.08044862 -0.00971090
v 0.07179069 0.08054894 -0.00968539
v 0.07162052 0.08044862 -0.00971090
v 0.07183790 0.08046847 -0.01007848
v 0.07182824 0.08036249 -0.01033150
v 0.07208573 0.08048355 -0.01058142
v 0.07183790 0.08046847 -0.01007848
v 0.07179069 0.08054894 -0.00968539
v 0.07201659 0.08044242 -0.01089155
v 0.07183790 0.08046847 -0.01007848
v 0.07208573 0.08048355 -0.01058142
v 0.07124322 0.08062952 -0.00875519
v 0.07100939 0.08053594 -0.00855349
v 0.07089132 0.08068341 -0.00803988
v 0.07089132 0.08068341 -0.00803988
v 0.07071673 0.08063435 -0.00784748
v 0.07052105 0.08075267 -0.00712805
v 0.07052105 0.08075267 -0.00712805
v 0.07041299 0.08064049 -0.00718551
v 0.07018566 0.08072918 -0.00648676
v 0.07071673 0.08063435 -0.00784748
v 0.06999123 0.08083981 -0.00559335
v 0.06993222 0.08074659 -0.00576614
v 0.06967812 0.08079475 -0.00485991
v 0.06967812 0.08079475 -0.00485991
v 0.06962668 0.08090549 -0.00410479
v 0.06999123 0.08083981 -0.00559335
v 0.06949508 0.08082675 -0.00407689
v 0.06962668 0.08090549 -0.00410479
v 0.06967812 0.08079475 -0.00485991
v 0.06932753 0.08083724 -0.00323354
v 0.06949001 0.08091694 -0.00356364
v 0.06949508 0.08082675 -0.00407689
v 0.06932753 0.08083724 -0.00323354
v 0.06944394 0.08093965 -0.00312649
v 0.06949001 0.08091694 -0.00356364
v 0.06924927 0.08087754 -0.00259423
v 0.06944394 0.08093965 -0.00312649
v 0.06932753 0.08083724 -0.00323354
v 0.06906569 0.08089447 0.00006694
v 0.06919538 0.08097755 -0.00082862
v 0.06909912 0.08085417 -0.00149404
v 0.06920593 0.08098340 0.00059242
v 0.06919538 0.08097755 -0.00082862
v 0.06906569 0.08089447 0.00006694
v 0.06909912 0.08085417 -0.00149404
v 0.06919538 0.08097755 -0.00082862
v 0.06933063 0.08095777 -0.00234150
v 0.06924927 0.08087754 -0.00259423
v 0.06933063 0.08095777 -0.00234150
v 0.06944394 0.08093965 -0.00312649
v 0.07100939 0.08053594 -0.00855349
v 0.07138496 0.08054000 -0.00919079
v 0.07162052 0.08044862 -0.00971090
v 0.07162052 0.08044862 -0.00971090
v 0.07138496 0.08054000 -0.00919079
v 0.07179069 0.08054894 -0.00968539
v 0.07179069 0.08054894 -0.00968539
v 0.07138496 0.08054000 -0.00919079
v 0.07124322 0.08062952 -0.00875519
v 0.07031863 0.08080309 -0.00643383
v 0.07052105 0.08075267 -0.00712805
v 0.07018566 0.08072918 -0.00648676
v 0.07124322 0.08062952 -0.00875519
v 0.07138496 0.08054000 -0.00919079
v 0.07100939 0.08053594 -0.00855349
v 0.07031863 0.08080309 -0.00643383
v 0.07018566 0.08072918 -0.00648676
v 0.06999123 0.08083981 -0.00559335
v 0.06999123 0.08083981 -0.00559335
v 0.07018566 0.08072918 -0.00648676
v 0.06993222 0.08074659 -0.00576614
v 0.06962668 0.08090549 -0.00410479
v 0.06949508 0.08082675 -0.00407689
v 0.06949001 0.08091694 -0.00356364
v 0.06924927 0.08087754 -0.00259423
v 0.07071673 0.08063435 -0.00784748
v 0.09692263 0.07617801 -0.01626145
v 0.09543168 0.07641321 -0.01673620
v 0.09945350 0.07573300 -0.01448271
v 0.09293121 0.07686722 -0.01767050
v 0.09543168 0.07641321 -0.01673620
v 0.09692263 0.07617801 -0.01626145
v 0.10627770 0.07448756 -0.00304627
v 0.10590950 0.07454609 -0.00287949
v 0.10628560 0.07450067 -0.00132506
v 0.08381223 0.07848864 -0.01791547
v 0.07927036 0.07928538 -0.01605927
v 0.08242130 0.07869505 -0.01724260
v 0.07927036 0.07928538 -0.01605927
v 0.07453495 0.08011090 -0.01197957
v 0.07345271 0.08032196 -0.01113575
v 0.07263964 0.08043754 -0.00933569
v 0.07177096 0.08060473 -0.00793331
v 0.07263964 0.08043754 -0.00933569
v 0.07345271 0.08032196 -0.01113575
v 0.07021903 0.08087539 -0.00304513
v 0.07021659 0.08086460 -0.00110029
v 0.07086777 0.08075350 -0.00536095
v 0.10650130 0.07444334 0.00148232
v 0.10628560 0.07450067 -0.00132506
v 0.10612150 0.07451266 0.00179435
v 0.10627770 0.07448756 -0.00304627
v 0.10562830 0.07461905 -0.00494127
v 0.10590950 0.07454609 -0.00287949
v 0.10453450 0.07482272 -0.00805341
v 0.10474960 0.07476121 -0.00711732
v 0.10562830 0.07461905 -0.00494127
v 0.07263964 0.08043754 -0.00933569
v 0.07177096 0.08060473 -0.00793331
v 0.07138955 0.08066803 -0.00686638
v 0.10380530 0.07495439 -0.00956707
v 0.10169780 0.07533633 -0.01244949
v 0.10453450 0.07482272 -0.00805341
v 0.09311169 0.07681387 -0.01864182
v 0.09361326 0.07665103 -0.01857577
v 0.09285253 0.07674193 -0.01880841
v 0.09194129 0.07692956 -0.01901131
v 0.09248805 0.07692432 -0.01880484
v 0.09285253 0.07674193 -0.01880841
v 0.08105200 0.07882106 -0.01800488
v 0.08128958 0.07888841 -0.01799475
v 0.08187723 0.07869601 -0.01830970
v 0.09065312 0.07716792 -0.01921957
v 0.09121531 0.07707488 -0.01913028
v 0.09194129 0.07692956 -0.01901131
v 0.07977569 0.07917058 -0.01726781
v 0.08128958 0.07888841 -0.01799475
v 0.08027821 0.07898777 -0.01765387
v 0.08974438 0.07732588 -0.01931797
v 0.09003061 0.07737207 -0.01919423
v 0.09065312 0.07716792 -0.01921957
v 0.07848626 0.07924169 -0.01675491
v 0.07933312 0.07920491 -0.01712065
v 0.07951176 0.07909125 -0.01729344
v 0.07977569 0.07917058 -0.01726781
v 0.07933312 0.07920491 -0.01712065
v 0.07807737 0.07947033 -0.01640515
v 0.09686827 0.07615590 -0.01717143
v 0.09657084 0.07607328 -0.01743292
v 0.09615224 0.07627606 -0.01753496
v 0.09786516 0.07579439 -0.01675372
v 0.09721845 0.07602715 -0.01705717
v 0.09774702 0.07600420 -0.01667367
v 0.09615224 0.07627606 -0.01753496
v 0.09552246 0.07626760 -0.01791321
v 0.09539312 0.07641345 -0.01786553
v 0.09657084 0.07607328 -0.01743292
v 0.09721845 0.07602715 -0.01705717
v 0.09786516 0.07579439 -0.01675372
v 0.09539312 0.07641345 -0.01786553
v 0.09552246 0.07626760 -0.01791321
v 0.09468042 0.07653796 -0.01814901
v 0.09774702 0.07600420 -0.01667367
v 0.09721845 0.07602715 -0.01705717
v 0.09686827 0.07615590 -0.01717143
v 0.08831894 0.07755059 -0.01939671
v 0.08709746 0.07776147 -0.01937335
v 0.08789634 0.07773894 -0.01929300
v 0.09311169 0.07681387 -0.01864182
v 0.09285253 0.07674193 -0.01880841
v 0.09248805 0.07692432 -0.01880484
v 0.09657084 0.07607328 -0.01743292
v 0.09686827 0.07615590 -0.01717143
v 0.09721845 0.07602715 -0.01705717
v 0.09194129 0.07692956 -0.01901131
v 0.09169840 0.07707929 -0.01892434
v 0.09248805 0.07692432 -0.01880484
v 0.09121531 0.07707488 -0.01913028
v 0.09169840 0.07707929 -0.01892434
v 0.09194129 0.07692956 -0.01901131
v 0.09121531 0.07707488 -0.01913028
v 0.09091383 0.07721972 -0.01905249
v 0.09169840 0.07707929 -0.01892434
v 0.09065312 0.07716792 -0.01921957
v 0.09091383 0.07721972 -0.01905249
v 0.09121531 0.07707488 -0.01913028
v 0.09657084 0.07607328 -0.01743292
v 0.09552246 0.07626760 -0.01791321
v 0.09615224 0.07627606 -0.01753496
v 0.09065312 0.07716792 -0.01921957
v 0.09003061 0.07737207 -0.01919423
v 0.09091383 0.07721972 -0.01905249
v 0.08898758 0.07744783 -0.01937287
v 0.08927410 0.07750010 -0.01924227
v 0.08974438 0.07732588 -0.01931797
v 0.08709746 0.07776147 -0.01937335
v 0.08590048 0.07798594 -0.01925622
v 0.08628964 0.07802414 -0.01920055
v 0.08831894 0.07755059 -0.01939671
v 0.08844518 0.07764679 -0.01927279
v 0.08898758 0.07744783 -0.01937287
v 0.08831894 0.07755059 -0.01939671
v 0.08789634 0.07773894 -0.01929300
v 0.08844518 0.07764679 -0.01927279
v 0.08789634 0.07773894 -0.01929300
v 0.08709746 0.07776147 -0.01937335
v 0.08709669 0.07787680 -0.01927476
v 0.08709669 0.07787680 -0.01927476
v 0.08709746 0.07776147 -0.01937335
v 0.08628964 0.07802414 -0.01920055
v 0.08544749 0.07818287 -0.01906412
v 0.08590048 0.07798594 -0.01925622
v 0.08496558 0.07815635 -0.01911663
v 0.08628964 0.07802414 -0.01920055
v 0.08590048 0.07798594 -0.01925622
v 0.08544749 0.07818287 -0.01906412
v 0.08460921 0.07832074 -0.01894896
v 0.08434975 0.07824158 -0.01900833
v 0.08346611 0.07843869 -0.01878368
v 0.09444332 0.07650405 -0.01830446
v 0.08269464 0.07855248 -0.01857899
v 0.08277148 0.07864445 -0.01848005
v 0.08346611 0.07843869 -0.01878368
v 0.08187723 0.07869601 -0.01830970
v 0.08277148 0.07864445 -0.01848005
v 0.08269464 0.07855248 -0.01857899
v 0.08128958 0.07888841 -0.01799475
v 0.08277148 0.07864445 -0.01848005
v 0.08187723 0.07869601 -0.01830970
v 0.08496558 0.07815635 -0.01911663
v 0.08460921 0.07832074 -0.01894896
v 0.08544749 0.07818287 -0.01906412
v 0.08027821 0.07898777 -0.01765387
v 0.08128958 0.07888841 -0.01799475
v 0.08105200 0.07882106 -0.01800488
v 0.07951176 0.07909125 -0.01729344
v 0.07977569 0.07917058 -0.01726781
v 0.08027821 0.07898777 -0.01765387
v 0.07933312 0.07920491 -0.01712065
v 0.07977569 0.07917058 -0.01726781
v 0.07951176 0.07909125 -0.01729344
v 0.09468042 0.07653796 -0.01814901
v 0.09444332 0.07650405 -0.01830446
v 0.09389799 0.07668071 -0.01840465
v 0.08496558 0.07815635 -0.01911663
v 0.09389799 0.07668071 -0.01840465
v 0.09444332 0.07650405 -0.01830446
v 0.09361326 0.07665103 -0.01857577
v 0.09003061 0.07737207 -0.01919423
v 0.08898758 0.07744783 -0.01937287
v 0.08844518 0.07764679 -0.01927279
v 0.08927410 0.07750010 -0.01924227
v 0.08460921 0.07832074 -0.01894896
v 0.08346611 0.07843869 -0.01878368
v 0.08277148 0.07864445 -0.01848005
v 0.09389799 0.07668071 -0.01840465
v 0.09361326 0.07665103 -0.01857577
v 0.09311169 0.07681387 -0.01864182
v 0.07495373 0.07978415 -0.01739805
v 0.07543534 0.07959616 -0.01712834
v 0.07501429 0.07959133 -0.01752661
v 0.07567352 0.07976740 -0.01675128
v 0.07578629 0.07970297 -0.01681237
v 0.07495373 0.07978415 -0.01739805
v 0.07578629 0.07970297 -0.01681237
v 0.07543534 0.07959616 -0.01712834
v 0.07495373 0.07978415 -0.01739805
v 0.07669925 0.07967656 -0.01634275
v 0.07578629 0.07970297 -0.01681237
v 0.07567352 0.07976740 -0.01675128
v 0.07669925 0.07967656 -0.01634275
v 0.07688540 0.07950830 -0.01651697
v 0.07578629 0.07970297 -0.01681237
v 0.07578629 0.07970297 -0.01681237
v 0.07688540 0.07950830 -0.01651697
v 0.07640969 0.07955193 -0.01662736
v 0.07669925 0.07967656 -0.01634275
v 0.07754790 0.07939541 -0.01650660
v 0.07688540 0.07950830 -0.01651697
v 0.07807737 0.07947033 -0.01640515
v 0.07754790 0.07939541 -0.01650660
v 0.07669925 0.07967656 -0.01634275
v 0.07807737 0.07947033 -0.01640515
v 0.07806152 0.07932502 -0.01660006
v 0.07754790 0.07939541 -0.01650660
v 0.07933312 0.07920491 -0.01712065
v 0.07848626 0.07924169 -0.01675491
v 0.07807737 0.07947033 -0.01640515
v 0.07807737 0.07947033 -0.01640515
v 0.07848626 0.07924169 -0.01675491
v 0.07806152 0.07932502 -0.01660006
v 0.07578629 0.07970297 -0.01681237
v 0.07603043 0.07956510 -0.01677393
v 0.07543534 0.07959616 -0.01712834
v 0.07640969 0.07955193 -0.01662736
v 0.07603043 0.07956510 -0.01677393
v 0.07578629 0.07970297 -0.01681237
v 0.07260727 0.07936143 -0.02057444
v 0.07169067 0.07913076 -0.02173518
v 0.07222694 0.07939958 -0.02092032
v 0.07162731 0.07927393 -0.02161740
v 0.07169067 0.07913076 -0.02173518
v 0.07126134 0.07913488 -0.02219336
v 0.07406485 0.07973164 -0.01852827
v 0.07366788 0.07954722 -0.01922469
v 0.07346159 0.07966351 -0.01928227
v 0.07260727 0.07936143 -0.02057444
v 0.07276707 0.07954472 -0.02017342
v 0.07295244 0.07946163 -0.02011578
v 0.07501429 0.07959133 -0.01752661
v 0.07432192 0.07961976 -0.01838373
v 0.07495373 0.07978415 -0.01739805
v 0.07169067 0.07913076 -0.02173518
v 0.07162731 0.07927393 -0.02161740
v 0.07222694 0.07939958 -0.02092032
v 0.07260727 0.07936143 -0.02057444
v 0.07222694 0.07939958 -0.02092032
v 0.07276707 0.07954472 -0.02017342
v 0.07432192 0.07961976 -0.01838373
v 0.07406485 0.07973164 -0.01852827
v 0.07495373 0.07978415 -0.01739805
v 0.07432192 0.07961976 -0.01838373
v 0.07366788 0.07954722 -0.01922469
v 0.07406485 0.07973164 -0.01852827
v 0.07366788 0.07954722 -0.01922469
v 0.07295244 0.07946163 -0.02011578
v 0.07346159 0.07966351 -0.01928227
v 0.07346159 0.07966351 -0.01928227
v 0.07295244 0.07946163 -0.02011578
v 0.07276707 0.07954472 -0.02017342
v 0.07104289 0.07900297 -0.02271943
v 0.07142752 0.07894784 -0.02211265
v 0.07117813 0.07878398 -0.02265452
v 0.07126134 0.07913488 -0.02219336
v 0.07142752 0.07894784 -0.02211265
v 0.07104289 0.07900297 -0.02271943
v 0.07101714 0.07848709 -0.02401374
v 0.07106024 0.07843357 -0.02461253
v 0.07086884 0.07861655 -0.02417003
v 0.07169067 0.07913076 -0.02173518
v 0.07142752 0.07894784 -0.02211265
v 0.07126134 0.07913488 -0.02219336
v 0.07140511 0.07822620 -0.02545748
v 0.07176506 0.07808810 -0.02584140
v 0.07199561 0.07803827 -0.02615259
v 0.07122701 0.07830137 -0.02500741
v 0.07140511 0.07822620 -0.02545748
v 0.07110446 0.07836461 -0.02506839
v 0.07122701 0.07830137 -0.02500741
v 0.07110446 0.07836461 -0.02506839
v 0.07106024 0.07843357 -0.02461253
v 0.07110446 0.07836461 -0.02506839
v 0.07086884 0.07861655 -0.02417003
v 0.07106024 0.07843357 -0.02461253
v 0.07199561 0.07803827 -0.02615259
v 0.07176506 0.07808810 -0.02584140
v 0.07236564 0.07785737 -0.02616231
v 0.07122701 0.07830137 -0.02500741
v 0.07132476 0.07805734 -0.02502613
v 0.07141184 0.07813632 -0.02521394
v 0.07106024 0.07843357 -0.02461253
v 0.07101714 0.07848709 -0.02401374
v 0.07111567 0.07829493 -0.02449255
v 0.07086884 0.07861655 -0.02417003
v 0.07088088 0.07885444 -0.02330683
v 0.07101714 0.07848709 -0.02401374
v 0.07088088 0.07885444 -0.02330683
v 0.07101011 0.07860797 -0.02347432
v 0.07101714 0.07848709 -0.02401374
v 0.07176506 0.07808810 -0.02584140
v 0.07208180 0.07786136 -0.02594249
v 0.07236564 0.07785737 -0.02616231
v 0.07208180 0.07786136 -0.02594249
v 0.07173430 0.07795250 -0.02560179
v 0.07190340 0.07783186 -0.02577208
v 0.07176506 0.07808810 -0.02584140
v 0.07173430 0.07795250 -0.02560179
v 0.07208180 0.07786136 -0.02594249
v 0.07176506 0.07808810 -0.02584140
v 0.07153874 0.07800042 -0.02535938
v 0.07173430 0.07795250 -0.02560179
v 0.07176506 0.07808810 -0.02584140
v 0.07141184 0.07813632 -0.02521394
v 0.07153874 0.07800042 -0.02535938
v 0.07140511 0.07822620 -0.02545748
v 0.07141184 0.07813632 -0.02521394
v 0.07176506 0.07808810 -0.02584140
v 0.07088088 0.07885444 -0.02330683
v 0.07104289 0.07900297 -0.02271943
v 0.07101011 0.07860797 -0.02347432
v 0.07153874 0.07800042 -0.02535938
v 0.07141184 0.07813632 -0.02521394
v 0.07132476 0.07805734 -0.02502613
v 0.07104289 0.07900297 -0.02271943
v 0.07117813 0.07878398 -0.02265452
v 0.07101011 0.07860797 -0.02347432
v 0.07122701 0.07830137 -0.02500741
v 0.07141184 0.07813632 -0.02521394
v 0.07140511 0.07822620 -0.02545748
v 0.07101011 0.07860797 -0.02347432
v 0.07117813 0.07878398 -0.02265452
v 0.07105320 0.07864838 -0.02308105
v 0.07106024 0.07843357 -0.02461253
v 0.07111567 0.07829493 -0.02449255
v 0.07122701 0.07830137 -0.02500741
v 0.07122701 0.07830137 -0.02500741
v 0.07111567 0.07829493 -0.02449255
v 0.07132476 0.07805734 -0.02502613
v 0.10057900 0.07268911 -0.02773969
v 0.10021540 0.07274317 -0.02783958
v 0.10034030 0.07260012 -0.02761803
v 0.10057900 0.07268911 -0.02773969
v 0.10106480 0.07249450 -0.02728747
v 0.10128420 0.07255989 -0.02739934
v 0.07542419 0.07735306 -0.02783035
v 0.07584100 0.07734298 -0.02818851
v 0.07491970 0.07751005 -0.02775799
v 0.07925784 0.07662528 -0.02923845
v 0.07960027 0.07665717 -0.02954452
v 0.07865679 0.07683080 -0.02924554
v 0.08441108 0.07573342 -0.03036634
v 0.08393192 0.07578176 -0.03026043
v 0.08420646 0.07565522 -0.03024255
v 0.08700990 0.07522672 -0.03053199
v 0.08608937 0.07539981 -0.03049730
v 0.08604645 0.07531666 -0.03040932
v 0.09267646 0.07416826 -0.03016870
v 0.09209704 0.07417029 -0.03013234
v 0.09297549 0.07399129 -0.02998130
v 0.08649510 0.07536935 -0.03066830
v 0.08608937 0.07539981 -0.03049730
v 0.08700990 0.07522672 -0.03053199
v 0.08505088 0.07549613 -0.03033303
v 0.08507782 0.07558053 -0.03040711
v 0.08441108 0.07573342 -0.03036634
v 0.08700990 0.07522672 -0.03053199
v 0.08767265 0.07510071 -0.03054087
v 0.08746176 0.07518506 -0.03067677
v 0.08604645 0.07531666 -0.03040932
v 0.08719497 0.07508897 -0.03044890
v 0.08700990 0.07522672 -0.03053199
v 0.08806794 0.07493007 -0.03045158
v 0.08845525 0.07498192 -0.03059093
v 0.08767265 0.07510071 -0.03054087
v 0.08649510 0.07536935 -0.03066830
v 0.08845525 0.07498192 -0.03059093
v 0.08868902 0.07495081 -0.03065841
v 0.08746176 0.07518506 -0.03067677
v 0.08700990 0.07522672 -0.03053199
v 0.08719497 0.07508897 -0.03044890
v 0.08767265 0.07510071 -0.03054087
v 0.08902567 0.07474201 -0.03042327
v 0.08953201 0.07476401 -0.03051661
v 0.08845525 0.07498192 -0.03059093
v 0.08845525 0.07498192 -0.03059093
v 0.08953201 0.07476401 -0.03051661
v 0.08868902 0.07495081 -0.03065841
v 0.08845525 0.07498192 -0.03059093
v 0.08746176 0.07518506 -0.03067677
v 0.08767265 0.07510071 -0.03054087
v 0.08953201 0.07476401 -0.03051661
v 0.08970862 0.07475191 -0.03064619
v 0.08868902 0.07495081 -0.03065841
v 0.09003430 0.07455354 -0.03036259
v 0.09063929 0.07456994 -0.03047173
v 0.08953201 0.07476401 -0.03051661
v 0.08953201 0.07476401 -0.03051661
v 0.09063929 0.07456994 -0.03047173
v 0.08970862 0.07475191 -0.03064619
v 0.08970862 0.07475191 -0.03064619
v 0.09063929 0.07456994 -0.03047173
v 0.09133195 0.07444566 -0.03048669
v 0.09099316 0.07436430 -0.03026949
v 0.09155780 0.07435911 -0.03029381
v 0.09063929 0.07456994 -0.03047173
v 0.09155780 0.07435911 -0.03029381
v 0.09133195 0.07444566 -0.03048669
v 0.09063929 0.07456994 -0.03047173
v 0.09155780 0.07435911 -0.03029381
v 0.09178751 0.07435774 -0.03040539
v 0.09133195 0.07444566 -0.03048669
v 0.10106480 0.07249450 -0.02728747
v 0.10216760 0.07226353 -0.02667402
v 0.10128420 0.07255989 -0.02739934
v 0.10326820 0.07215595 -0.02615236
v 0.10352090 0.07213771 -0.02616595
v 0.10216760 0.07226353 -0.02667402
v 0.10216760 0.07226353 -0.02667402
v 0.10352090 0.07213771 -0.02616595
v 0.10128420 0.07255989 -0.02739934
v 0.09209704 0.07417029 -0.03013234
v 0.09267646 0.07416826 -0.03016870
v 0.09155780 0.07435911 -0.03029381
v 0.09155780 0.07435911 -0.03029381
v 0.09267646 0.07416826 -0.03016870
v 0.09178751 0.07435774 -0.03040539
v 0.09178751 0.07435774 -0.03040539
v 0.09267646 0.07416826 -0.03016870
v 0.09274566 0.07417494 -0.03026484
v 0.09297549 0.07399129 -0.02998130
v 0.09346503 0.07402068 -0.03003298
v 0.09267646 0.07416826 -0.03016870
v 0.09267646 0.07416826 -0.03016870
v 0.09346503 0.07402068 -0.03003298
v 0.09274566 0.07417494 -0.03026484
v 0.09346503 0.07402068 -0.03003298
v 0.09361624 0.07400482 -0.03013031
v 0.09274566 0.07417494 -0.03026484
v 0.07310217 0.07769632 -0.02658056
v 0.07369899 0.07763105 -0.02693330
v 0.07300043 0.07783740 -0.02665387
v 0.07369899 0.07763105 -0.02693330
v 0.07331204 0.07779753 -0.02692525
v 0.07300043 0.07783740 -0.02665387
v 0.09391975 0.07381296 -0.02979408
v 0.09451067 0.07381236 -0.02978991
v 0.09346503 0.07402068 -0.03003298
v 0.09451067 0.07381236 -0.02978991
v 0.09453874 0.07383102 -0.02991079
v 0.09346503 0.07402068 -0.03003298
v 0.09453874 0.07383102 -0.02991079
v 0.09361624 0.07400482 -0.03013031
v 0.07369899 0.07763105 -0.02693330
v 0.07459884 0.07746970 -0.02739905
v 0.07404178 0.07766836 -0.02732007
v 0.09491831 0.07362246 -0.02956055
v 0.09542530 0.07364916 -0.02958165
v 0.09451067 0.07381236 -0.02978991
v 0.09451067 0.07381236 -0.02978991
v 0.09542530 0.07364916 -0.02958165
v 0.09453874 0.07383102 -0.02991079
v 0.09542530 0.07364916 -0.02958165
v 0.09558755 0.07362854 -0.02966510
v 0.09453874 0.07383102 -0.02991079
v 0.09847486 0.07308536 -0.02864919
v 0.09812343 0.07310980 -0.02865372
v 0.09863996 0.07293874 -0.02836709
v 0.07459884 0.07746970 -0.02739905
v 0.07542419 0.07735306 -0.02783035
v 0.07491970 0.07751005 -0.02775799
v 0.09579664 0.07345038 -0.02932249
v 0.09630054 0.07346701 -0.02929275
v 0.09542530 0.07364916 -0.02958165
v 0.09542530 0.07364916 -0.02958165
v 0.09634768 0.07348805 -0.02941368
v 0.09558755 0.07362854 -0.02966510
v 0.09630054 0.07346701 -0.02929275
v 0.09634768 0.07348805 -0.02941368
v 0.09542530 0.07364916 -0.02958165
v 0.10034030 0.07260012 -0.02761803
v 0.09983384 0.07275664 -0.02790873
v 0.09941536 0.07276159 -0.02803181
v 0.07639628 0.07720077 -0.02828263
v 0.07584100 0.07734298 -0.02818851
v 0.07542419 0.07735306 -0.02783035
v 0.09676527 0.07327061 -0.02903019
v 0.09736180 0.07327049 -0.02896665
v 0.09630054 0.07346701 -0.02929275
v 0.09736180 0.07327049 -0.02896665
v 0.09740173 0.07328671 -0.02908467
v 0.09630054 0.07346701 -0.02929275
v 0.09630054 0.07346701 -0.02929275
v 0.09740173 0.07328671 -0.02908467
v 0.09634768 0.07348805 -0.02941368
v 0.10034030 0.07260012 -0.02761803
v 0.10106480 0.07249450 -0.02728747
v 0.10057900 0.07268911 -0.02773969
v 0.07300043 0.07783740 -0.02665387
v 0.07259559 0.07791501 -0.02645390
v 0.07236564 0.07785737 -0.02616231
v 0.07733345 0.07697468 -0.02858732
v 0.07683092 0.07716327 -0.02859925
v 0.07639628 0.07720077 -0.02828263
v 0.09768253 0.07308900 -0.02871381
v 0.09812343 0.07310980 -0.02865372
v 0.09736180 0.07327049 -0.02896665
v 0.09736180 0.07327049 -0.02896665
v 0.09812343 0.07310980 -0.02865372
v 0.09740173 0.07328671 -0.02908467
v 0.09812343 0.07310980 -0.02865372
v 0.09847486 0.07308536 -0.02864919
v 0.09740173 0.07328671 -0.02908467
v 0.07369899 0.07763105 -0.02693330
v 0.07404178 0.07766836 -0.02732007
v 0.07331204 0.07779753 -0.02692525
v 0.07459884 0.07746970 -0.02739905
v 0.07491970 0.07751005 -0.02775799
v 0.07404178 0.07766836 -0.02732007
v 0.07733345 0.07697468 -0.02858732
v 0.07827234 0.07680284 -0.02892189
v 0.07771927 0.07700204 -0.02892624
v 0.09847486 0.07308536 -0.02864919
v 0.09911245 0.07294327 -0.02829014
v 0.09948599 0.07289749 -0.02822707
v 0.07733345 0.07697468 -0.02858732
v 0.07771927 0.07700204 -0.02892624
v 0.07683092 0.07716327 -0.02859925
v 0.07827234 0.07680284 -0.02892189
v 0.07925784 0.07662528 -0.02923845
v 0.07865679 0.07683080 -0.02924554
v 0.09948599 0.07289749 -0.02822707
v 0.10021540 0.07274317 -0.02783958
v 0.10057900 0.07268911 -0.02773969
v 0.07827234 0.07680284 -0.02892189
v 0.07865679 0.07683080 -0.02924554
v 0.07771927 0.07700204 -0.02892624
v 0.08003765 0.07653367 -0.02952514
v 0.07960027 0.07665717 -0.02954452
v 0.07925784 0.07662528 -0.02923845
v 0.07960027 0.07665717 -0.02954452
v 0.08003765 0.07653367 -0.02952514
v 0.08061796 0.07647031 -0.02981297
v 0.10326820 0.07215595 -0.02615236
v 0.10216760 0.07226353 -0.02667402
v 0.10342940 0.07198667 -0.02587376
v 0.07236564 0.07785737 -0.02616231
v 0.07259559 0.07791501 -0.02645390
v 0.07199561 0.07803827 -0.02615259
v 0.07236564 0.07785737 -0.02616231
v 0.07310217 0.07769632 -0.02658056
v 0.07300043 0.07783740 -0.02665387
v 0.08061796 0.07647031 -0.02981297
v 0.08118176 0.07633185 -0.02982823
v 0.08156043 0.07629305 -0.03004913
v 0.07199561 0.07803827 -0.02615259
v 0.07300043 0.07783740 -0.02665387
v 0.07331204 0.07779753 -0.02692525
v 0.07259559 0.07791501 -0.02645390
v 0.07300043 0.07783740 -0.02665387
v 0.07199561 0.07803827 -0.02615259
v 0.08156043 0.07629305 -0.03004913
v 0.08217310 0.07614481 -0.03002189
v 0.08266228 0.07609140 -0.03022985
v 0.08003765 0.07653367 -0.02952514
v 0.08118176 0.07633185 -0.02982823
v 0.08061796 0.07647031 -0.02981297
v 0.08311134 0.07589757 -0.03010689
v 0.08358830 0.07591825 -0.03037368
v 0.08266228 0.07609140 -0.03022985
v 0.08393192 0.07578176 -0.03026043
v 0.08460474 0.07572913 -0.03051309
v 0.08358830 0.07591825 -0.03037368
v 0.08441108 0.07573342 -0.03036634
v 0.08460474 0.07572913 -0.03051309
v 0.08393192 0.07578176 -0.03026043
v 0.07459884 0.07746970 -0.02739905
v 0.07579183 0.07718908 -0.02793287
v 0.07542419 0.07735306 -0.02783035
v 0.08507782 0.07558053 -0.03040711
v 0.08559060 0.07554322 -0.03060089
v 0.08460474 0.07572913 -0.03051309
v 0.08211696 0.07604944 -0.02991842
v 0.08217310 0.07614481 -0.03002189
v 0.08118176 0.07633185 -0.02982823
v 0.07579183 0.07718908 -0.02793287
v 0.07639628 0.07720077 -0.02828263
v 0.07542419 0.07735306 -0.02783035
v 0.08118176 0.07633185 -0.02982823
v 0.08217310 0.07614481 -0.03002189
v 0.08156043 0.07629305 -0.03004913
v 0.08608937 0.07539981 -0.03049730
v 0.08649510 0.07536935 -0.03066830
v 0.08559060 0.07554322 -0.03060089
v 0.07584100 0.07734298 -0.02818851
v 0.07639628 0.07720077 -0.02828263
v 0.07683092 0.07716327 -0.02859925
v 0.08719497 0.07508897 -0.03044890
v 0.08806794 0.07493007 -0.03045158
v 0.08767265 0.07510071 -0.03054087
v 0.07639628 0.07720077 -0.02828263
v 0.07579183 0.07718908 -0.02793287
v 0.07733345 0.07697468 -0.02858732
v 0.08845525 0.07498192 -0.03059093
v 0.08806794 0.07493007 -0.03045158
v 0.08902567 0.07474201 -0.03042327
v 0.09003430 0.07455354 -0.03036259
v 0.08953201 0.07476401 -0.03051661
v 0.08902567 0.07474201 -0.03042327
v 0.08311134 0.07589757 -0.03010689
v 0.08266228 0.07609140 -0.03022985
v 0.08217310 0.07614481 -0.03002189
v 0.09063929 0.07456994 -0.03047173
v 0.09003430 0.07455354 -0.03036259
v 0.09099316 0.07436430 -0.03026949
v 0.09209704 0.07417029 -0.03013234
v 0.09155780 0.07435911 -0.03029381
v 0.09099316 0.07436430 -0.03026949
v 0.08420646 0.07565522 -0.03024255
v 0.08393192 0.07578176 -0.03026043
v 0.08311134 0.07589757 -0.03010689
v 0.08311134 0.07589757 -0.03010689
v 0.08393192 0.07578176 -0.03026043
v 0.08358830 0.07591825 -0.03037368
v 0.09346503 0.07402068 -0.03003298
v 0.09297549 0.07399129 -0.02998130
v 0.09391975 0.07381296 -0.02979408
v 0.07925784 0.07662528 -0.02923845
v 0.08009827 0.07641506 -0.02944831
v 0.08003765 0.07653367 -0.02952514
v 0.09451067 0.07381236 -0.02978991
v 0.09391975 0.07381296 -0.02979408
v 0.09491831 0.07362246 -0.02956055
v 0.09542530 0.07364916 -0.02958165
v 0.09491831 0.07362246 -0.02956055
v 0.09579664 0.07345038 -0.02932249
v 0.08003765 0.07653367 -0.02952514
v 0.08009827 0.07641506 -0.02944831
v 0.08118176 0.07633185 -0.02982823
v 0.08118176 0.07633185 -0.02982823
v 0.08009827 0.07641506 -0.02944831
v 0.08117061 0.07623809 -0.02972369
v 0.08420646 0.07565522 -0.03024255
v 0.08505088 0.07549613 -0.03033303
v 0.08441108 0.07573342 -0.03036634
v 0.09676527 0.07327061 -0.02903019
v 0.09630054 0.07346701 -0.02929275
v 0.09579664 0.07345038 -0.02932249
v 0.08507782 0.07558053 -0.03040711
v 0.08460474 0.07572913 -0.03051309
v 0.08441108 0.07573342 -0.03036634
v 0.09736180 0.07327049 -0.02896665
v 0.09676527 0.07327061 -0.02903019
v 0.09768253 0.07308900 -0.02871381
v 0.09863996 0.07293874 -0.02836709
v 0.09812343 0.07310980 -0.02865372
v 0.09768253 0.07308900 -0.02871381
v 0.08211696 0.07604944 -0.02991842
v 0.09847486 0.07308536 -0.02864919
v 0.09863996 0.07293874 -0.02836709
v 0.09911245 0.07294327 -0.02829014
v 0.09941536 0.07276159 -0.02803181
v 0.09911245 0.07294327 -0.02829014
v 0.09863996 0.07293874 -0.02836709
v 0.08559060 0.07554322 -0.03060089
v 0.08507782 0.07558053 -0.03040711
v 0.08608937 0.07539981 -0.03049730
v 0.08211696 0.07604944 -0.02991842
v 0.08311134 0.07589757 -0.03010689
v 0.08217310 0.07614481 -0.03002189
v 0.08505088 0.07549613 -0.03033303
v 0.08604645 0.07531666 -0.03040932
v 0.08507782 0.07558053 -0.03040711
v 0.09941536 0.07276159 -0.02803181
v 0.09948599 0.07289749 -0.02822707
v 0.09911245 0.07294327 -0.02829014
v 0.09983384 0.07275664 -0.02790873
v 0.09948599 0.07289749 -0.02822707
v 0.09941536 0.07276159 -0.02803181
v 0.09948599 0.07289749 -0.02822707
v 0.09983384 0.07275664 -0.02790873
v 0.10021540 0.07274317 -0.02783958
v 0.08604645 0.07531666 -0.03040932
v 0.08608937 0.07539981 -0.03049730
v 0.08507782 0.07558053 -0.03040711
v 0.10034030 0.07260012 -0.02761803
v 0.10021540 0.07274317 -0.02783958
v 0.09983384 0.07275664 -0.02790873
v 0.10465410 0.07220345 -0.02478229
v 0.10411010 0.07211840 -0.02528249
v 0.10445620 0.07221269 -0.02466344
v 0.10445620 0.07221269 -0.02466344
v 0.10411010 0.07211840 -0.02528249
v 0.10427990 0.07208961 -0.02478157
v 0.10411010 0.07211840 -0.02528249
v 0.10406680 0.07199478 -0.02513920
v 0.10427990 0.07208961 -0.02478157
v 0.10352090 0.07213771 -0.02616595
v 0.10364080 0.07209253 -0.02580057
v 0.10465410 0.07220345 -0.02478229
v 0.10465410 0.07220345 -0.02478229
v 0.10364080 0.07209253 -0.02580057
v 0.10411010 0.07211840 -0.02528249
v 0.10411010 0.07211840 -0.02528249
v 0.10364080 0.07209253 -0.02580057
v 0.10406680 0.07199478 -0.02513920
v 0.10406680 0.07199478 -0.02513920
v 0.10364080 0.07209253 -0.02580057
v 0.10342940 0.07198667 -0.02587376
v 0.10444790 0.07325291 -0.02190678
v 0.10457280 0.07273697 -0.02275275
v 0.10439740 0.07301813 -0.02217137
v 0.10485480 0.07268714 -0.02317576
v 0.10457280 0.07273697 -0.02275275
v 0.10444790 0.07325291 -0.02190678
v 0.10352090 0.07213771 -0.02616595
v 0.10326820 0.07215595 -0.02615236
v 0.10364080 0.07209253 -0.02580057
v 0.10326820 0.07215595 -0.02615236
v 0.10342940 0.07198667 -0.02587376
v 0.10364080 0.07209253 -0.02580057
v 0.10392120 0.07352513 -0.02131038
v 0.10444790 0.07325291 -0.02190678
v 0.10439740 0.07301813 -0.02217137
v 0.10485480 0.07268714 -0.02317576
v 0.10462670 0.07247763 -0.02339660
v 0.10457280 0.07273697 -0.02275275
v 0.10482200 0.07253605 -0.02362757
v 0.10462670 0.07247763 -0.02339660
v 0.10485480 0.07268714 -0.02317576
v 0.10446240 0.07218080 -0.02433674
v 0.10445620 0.07221269 -0.02466344
v 0.10427990 0.07208961 -0.02478157
v 0.10482200 0.07253605 -0.02362757
v 0.10458520 0.07233202 -0.02382969
v 0.10462670 0.07247763 -0.02339660
v 0.10482530 0.07242327 -0.02397655
v 0.10445620 0.07221269 -0.02466344
v 0.10482200 0.07253605 -0.02362757
v 0.10482200 0.07253605 -0.02362757
v 0.10446240 0.07218080 -0.02433674
v 0.10458520 0.07233202 -0.02382969
v 0.10445620 0.07221269 -0.02466344
v 0.10446240 0.07218080 -0.02433674
v 0.10482200 0.07253605 -0.02362757
v 0.10465410 0.07220345 -0.02478229
v 0.10445620 0.07221269 -0.02466344
v 0.10482530 0.07242327 -0.02397655
v 0.10392120 0.07352513 -0.02131038
v 0.10364800 0.07391262 -0.02063798
v 0.10444790 0.07325291 -0.02190678
v 0.10318130 0.07405906 -0.02021854
v 0.10364800 0.07391262 -0.02063798
v 0.10392120 0.07352513 -0.02131038
v 0.10271780 0.07444602 -0.01941960
v 0.10318130 0.07405906 -0.02021854
v 0.10243900 0.07442873 -0.01921444
v 0.10243900 0.07442873 -0.01921444
v 0.10210300 0.07467037 -0.01868813
v 0.10271780 0.07444602 -0.01941960
v 0.10210300 0.07467037 -0.01868813
v 0.10227710 0.07473069 -0.01869373
v 0.10271780 0.07444602 -0.01941960
v 0.10121410 0.07496213 -0.01752214
v 0.10115370 0.07518041 -0.01727514
v 0.10210300 0.07467037 -0.01868813
v 0.10115370 0.07518041 -0.01727514
v 0.10182280 0.07496839 -0.01801770
v 0.10210300 0.07467037 -0.01868813
v 0.10210300 0.07467037 -0.01868813
v 0.10182280 0.07496839 -0.01801770
v 0.10227710 0.07473069 -0.01869373
v 0.10364800 0.07391262 -0.02063798
v 0.10318130 0.07405906 -0.02021854
v 0.10320320 0.07420080 -0.02000504
v 0.10271780 0.07444602 -0.01941960
v 0.10320320 0.07420080 -0.02000504
v 0.10318130 0.07405906 -0.02021854
v 0.09774702 0.07600420 -0.01667367
v 0.09827011 0.07591128 -0.01645939
v 0.09812295 0.07579761 -0.01664655
v 0.09812295 0.07579761 -0.01664655
v 0.09786516 0.07579439 -0.01675372
v 0.09774702 0.07600420 -0.01667367
v 0.09827011 0.07591128 -0.01645939
v 0.09875333 0.07567489 -0.01650916
v 0.09812295 0.07579761 -0.01664655
v 0.09930098 0.07572859 -0.01631014
v 0.09875333 0.07567489 -0.01650916
v 0.09827011 0.07591128 -0.01645939
v 0.09930098 0.07572859 -0.01631014
v 0.09924906 0.07557654 -0.01650422
v 0.09875333 0.07567489 -0.01650916
v 0.09930098 0.07572859 -0.01631014
v 0.09961062 0.07555484 -0.01654004
v 0.09924906 0.07557654 -0.01650422
v 0.09930098 0.07572859 -0.01631014
v 0.10039810 0.07545357 -0.01666735
v 0.09961062 0.07555484 -0.01654004
v 0.09961062 0.07555484 -0.01654004
v 0.10039810 0.07545357 -0.01666735
v 0.09987038 0.07544207 -0.01661878
v 0.10039810 0.07545357 -0.01666735
v 0.10029440 0.07531094 -0.01678358
v 0.09987038 0.07544207 -0.01661878
v 0.10039810 0.07545357 -0.01666735
v 0.10080930 0.07515776 -0.01710902
v 0.10029440 0.07531094 -0.01678358
v 0.10115370 0.07518041 -0.01727514
v 0.10080930 0.07515776 -0.01710902
v 0.10039810 0.07545357 -0.01666735
v 0.10039810 0.07545357 -0.01666735
v 0.10182280 0.07496839 -0.01801770
v 0.10115370 0.07518041 -0.01727514
v 0.10115370 0.07518041 -0.01727514
v 0.10121410 0.07496213 -0.01752214
v 0.10080930 0.07515776 -0.01710902
v 0.11253550 0.07006925 0.01832081
v 0.11402980 0.06880670 0.01892800
v 0.11314110 0.06967592 0.01814277
v 0.11253550 0.07006925 0.01832081
v 0.11193120 0.06989300 0.02017403
v 0.11402980 0.06880670 0.01892800
v 0.11253550 0.07006925 0.01832081
v 0.11057650 0.07119685 0.01885612
v 0.11193120 0.06989300 0.02017403
v 0.07143205 0.07780081 0.02684803
v 0.06890577 0.07781320 0.02638192
v 0.07299864 0.07710343 0.02880491
v 0.07053226 0.07978540 0.01913328
v 0.06732010 0.07978624 0.01869548
v 0.06831228 0.07933348 0.02111167
v 0.11057650 0.07119685 0.01885612
v 0.10839520 0.07212817 0.01983929
v 0.10939290 0.07126206 0.02088691
v 0.07043284 0.08015608 0.01657636
v 0.06801605 0.08027887 0.01571549
v 0.07053226 0.07978540 0.01913328
v 0.11604590 0.06764769 0.01730628
v 0.11662530 0.06681019 0.01821823
v 0.11732730 0.06633347 0.01757706
v 0.07115495 0.07832986 0.02520777
v 0.07087326 0.07853400 0.02451725
v 0.06900036 0.07866585 0.02379907
v 0.07299864 0.07710343 0.02880491
v 0.07162547 0.07658445 0.02977759
v 0.07394325 0.07612740 0.03094859
v 0.07074135 0.07874232 0.02379472
v 0.06831228 0.07933348 0.02111167
v 0.06900036 0.07866585 0.02379907
v 0.11402980 0.06880670 0.01892800
v 0.11367240 0.06935918 0.01791687
v 0.11314110 0.06967592 0.01814277
v 0.10608380 0.07333004 0.01923908
v 0.10635490 0.07271218 0.02109946
v 0.10839520 0.07212817 0.01983929
v 0.07074135 0.07874232 0.02379472
v 0.06900036 0.07866585 0.02379907
v 0.07087326 0.07853400 0.02451725
v 0.07143205 0.07780081 0.02684803
v 0.07165724 0.07812500 0.02589960
v 0.07115495 0.07832986 0.02520777
v 0.07204657 0.08050924 0.01024283
v 0.07202047 0.08056145 0.00839633
v 0.07124507 0.08064097 0.00868119
v 0.11137640 0.07086461 0.01817561
v 0.11057650 0.07119685 0.01885612
v 0.11253550 0.07006925 0.01832081
v 0.11746990 0.06677830 0.01586420
v 0.11604590 0.06764769 0.01730628
v 0.11732730 0.06633347 0.01757706
v 0.11367240 0.06935918 0.01791687
v 0.11402980 0.06880670 0.01892800
v 0.11421210 0.06906962 0.01750905
v 0.07115012 0.07912987 0.02229012
v 0.06831228 0.07933348 0.02111167
v 0.07074135 0.07874232 0.02379472
v 0.07509368 0.07677823 0.02965374
v 0.07299864 0.07710343 0.02880491
v 0.07394325 0.07612740 0.03094859
v 0.11822020 0.06582325 0.01657028
v 0.09775829 0.07601898 0.01661820
v 0.09557139 0.07641667 0.01688505
v 0.09471845 0.07655256 0.01806319
v 0.09775829 0.07601898 0.01661820
v 0.09471845 0.07655256 0.01806319
v 0.09591001 0.07632279 0.01762689
v 0.10473920 0.07425075 0.01710064
v 0.10362760 0.07388883 0.02069110
v 0.10608380 0.07333004 0.01923908
v 0.10473920 0.07425075 0.01710064
v 0.10314450 0.07421535 0.01999564
v 0.10362760 0.07388883 0.02069110
v 0.07143205 0.07780081 0.02684803
v 0.07272571 0.07789909 0.02653832
v 0.07203614 0.07802838 0.02623600
v 0.07143205 0.07780081 0.02684803
v 0.07203614 0.07802838 0.02623600
v 0.07165724 0.07812500 0.02589960
v 0.11057650 0.07119685 0.01885612
v 0.11137640 0.07086461 0.01817561
v 0.11074350 0.07133829 0.01782299
v 0.10822140 0.07270628 0.01787788
v 0.10608380 0.07333004 0.01923908
v 0.10839520 0.07212817 0.01983929
v 0.07140177 0.07922041 0.02188946
v 0.06831228 0.07933348 0.02111167
v 0.07115012 0.07912987 0.02229012
v 0.11495760 0.06869280 0.01671613
v 0.11421210 0.06906962 0.01750905
v 0.11402980 0.06880670 0.01892800
v 0.07053226 0.07978540 0.01913328
v 0.11495760 0.06869280 0.01671613
v 0.11402980 0.06880670 0.01892800
v 0.11604590 0.06764769 0.01730628
v 0.07053226 0.07978540 0.01913328
v 0.07140177 0.07922041 0.02188946
v 0.07225459 0.07945036 0.02078707
v 0.10822140 0.07270628 0.01787788
v 0.10839520 0.07212817 0.01983929
v 0.11057650 0.07119685 0.01885612
v 0.11746990 0.06677830 0.01586420
v 0.11822020 0.06582325 0.01657028
v 0.11899540 0.06535285 0.01562501
v 0.07347458 0.07776725 0.02703113
v 0.07272571 0.07789909 0.02653832
v 0.07143205 0.07780081 0.02684803
v 0.07509368 0.07677823 0.02965374
v 0.07394325 0.07612740 0.03094859
v 0.07522106 0.07583969 0.03153677
v 0.07242339 0.08012831 0.01601202
v 0.06983166 0.08041536 0.01427961
v 0.07043284 0.08015608 0.01657636
v 0.10473920 0.07425075 0.01710064
v 0.10263170 0.07452392 0.01925523
v 0.10314450 0.07421535 0.01999564
v 0.11057650 0.07119685 0.01885612
v 0.11074350 0.07133829 0.01782299
v 0.10968190 0.07212501 0.01694072
v 0.07242339 0.08012831 0.01601202
v 0.07074201 0.08042645 0.01360894
v 0.06983166 0.08041536 0.01427961
v 0.07346516 0.08031445 0.01086576
v 0.07202047 0.08056145 0.00839633
v 0.07204657 0.08050924 0.01024283
v 0.07420700 0.07763445 0.02745498
v 0.07347458 0.07776725 0.02703113
v 0.07143205 0.07780081 0.02684803
v 0.07420700 0.07763445 0.02745498
v 0.07143205 0.07780081 0.02684803
v 0.07299864 0.07710343 0.02880491
v 0.10822140 0.07270628 0.01787788
v 0.11057650 0.07119685 0.01885612
v 0.10968190 0.07212501 0.01694072
v 0.07155627 0.08042740 0.01274706
v 0.07074201 0.08042645 0.01360894
v 0.07355517 0.08017593 0.01420594
v 0.11623750 0.06797021 0.01534707
v 0.11495760 0.06869280 0.01671613
v 0.11604590 0.06764769 0.01730628
v 0.10645040 0.07367116 0.01684505
v 0.10608380 0.07333004 0.01923908
v 0.10822140 0.07270628 0.01787788
v 0.10645040 0.07367116 0.01684505
v 0.10473920 0.07425075 0.01710064
v 0.10608380 0.07333004 0.01923908
v 0.07053226 0.07978540 0.01913328
v 0.07225459 0.07945036 0.02078707
v 0.07296550 0.07958048 0.01991750
v 0.09775829 0.07601898 0.01661820
v 0.09806400 0.07597392 0.01550383
v 0.09557139 0.07641667 0.01688505
v 0.07242339 0.08012831 0.01601202
v 0.10473920 0.07425075 0.01710064
v 0.10203770 0.07484591 0.01838399
v 0.10263170 0.07452392 0.01925523
v 0.11958960 0.06496930 0.01487220
v 0.11746990 0.06677830 0.01586420
v 0.11899540 0.06535285 0.01562501
v 0.11623750 0.06797021 0.01534707
v 0.11604590 0.06764769 0.01730628
v 0.11746990 0.06677830 0.01586420
v 0.07355517 0.08017593 0.01420594
v 0.07177925 0.08043682 0.01230384
v 0.07155627 0.08042740 0.01274706
v 0.07671064 0.07564163 0.03200776
v 0.07509368 0.07677823 0.02965374
v 0.07522106 0.07583969 0.03153677
v 0.10822140 0.07270628 0.01787788
v 0.10968190 0.07212501 0.01694072
v 0.10912570 0.07249450 0.01645709
v 0.10473920 0.07425075 0.01710064
v 0.10137930 0.07517224 0.01734341
v 0.10203770 0.07484591 0.01838399
v 0.09851479 0.07588452 0.01635415
v 0.10368490 0.07479679 0.01509071
v 0.10137930 0.07517224 0.01734341
v 0.10473920 0.07425075 0.01710064
v 0.07355517 0.08017593 0.01420594
v 0.07204657 0.08050924 0.01024283
v 0.07177925 0.08043682 0.01230384
v 0.11689060 0.06755167 0.01456196
v 0.11779680 0.06695926 0.01361836
v 0.11738770 0.06722915 0.01403172
v 0.11689060 0.06755167 0.01456196
v 0.11623750 0.06797021 0.01534707
v 0.11746990 0.06677830 0.01586420
v 0.11689060 0.06755167 0.01456196
v 0.11746990 0.06677830 0.01586420
v 0.11779680 0.06695926 0.01361836
v 0.10822140 0.07270628 0.01787788
v 0.10912570 0.07249450 0.01645709
v 0.10844960 0.07291895 0.01591004
v 0.12090640 0.06439501 0.01129694
v 0.11958960 0.06496930 0.01487220
v 0.12013130 0.06457006 0.01417155
v 0.12090640 0.06439501 0.01129694
v 0.12013130 0.06457006 0.01417155
v 0.12075680 0.06414991 0.01320810
v 0.07516032 0.07746696 0.02786721
v 0.07420700 0.07763445 0.02745498
v 0.07299864 0.07710343 0.02880491
v 0.11779680 0.06695926 0.01361836
v 0.11746990 0.06677830 0.01586420
v 0.11958960 0.06496930 0.01487220
v 0.10368490 0.07479679 0.01509071
v 0.10096850 0.07528674 0.01705451
v 0.10137930 0.07517224 0.01734341
v 0.12090640 0.06439501 0.01129694
v 0.12075680 0.06414991 0.01320810
v 0.12148150 0.06359320 0.01202369
v 0.11853220 0.06643140 0.01279802
v 0.11779680 0.06695926 0.01361836
v 0.11958960 0.06496930 0.01487220
v 0.07355517 0.08017593 0.01420594
v 0.07346516 0.08031445 0.01086576
v 0.07204657 0.08050924 0.01024283
v 0.07509368 0.07677823 0.02965374
v 0.07516032 0.07746696 0.02786721
v 0.07299864 0.07710343 0.02880491
v 0.10056470 0.07543927 0.01661665
v 0.10096850 0.07528674 0.01705451
v 0.10368490 0.07479679 0.01509071
v 0.07762736 0.07654494 0.03008873
v 0.07509368 0.07677823 0.02965374
v 0.07671064 0.07564163 0.03200776
v 0.07369512 0.07969242 0.01898754
v 0.07043284 0.08015608 0.01657636
v 0.07053226 0.07978540 0.01913328
v 0.10645040 0.07367116 0.01684505
v 0.10844960 0.07291895 0.01591004
v 0.10778760 0.07329291 0.01537425
v 0.10645040 0.07367116 0.01684505
v 0.10822140 0.07270628 0.01787788
v 0.10844960 0.07291895 0.01591004
v 0.07509368 0.07677823 0.02965374
v 0.07610112 0.07728129 0.02837510
v 0.07516032 0.07746696 0.02786721
v 0.11905500 0.06604909 0.01223291
v 0.11958960 0.06496930 0.01487220
v 0.11905500 0.06604909 0.01223291
v 0.11853220 0.06643140 0.01279802
v 0.11958960 0.06496930 0.01487220
v 0.07506316 0.08003205 0.01307441
v 0.07965767 0.07504129 0.03291697
v 0.07671064 0.07564163 0.03200776
v 0.07871115 0.07523828 0.03263731
v 0.10294490 0.07507127 0.01357789
v 0.09959930 0.07566004 0.01635636
v 0.10056470 0.07543927 0.01661665
v 0.12090640 0.06439501 0.01129694
v 0.12148150 0.06359320 0.01202369
v 0.12188420 0.06333172 0.01107181
v 0.11905500 0.06604909 0.01223291
v 0.12090640 0.06439501 0.01129694
v 0.11941140 0.06576472 0.01177276
v 0.07242339 0.08012831 0.01601202
v 0.07043284 0.08015608 0.01657636
v 0.07369512 0.07969242 0.01898754
v 0.07242339 0.08012831 0.01601202
v 0.07369512 0.07969242 0.01898754
v 0.07425504 0.07972079 0.01834632
v 0.10645040 0.07367116 0.01684505
v 0.10778760 0.07329291 0.01537425
v 0.10701550 0.07368624 0.01475347
v 0.07762736 0.07654494 0.03008873
v 0.07829993 0.07689344 0.02912009
v 0.07610112 0.07728129 0.02837510
v 0.07762736 0.07654494 0.03008873
v 0.07610112 0.07728129 0.02837510
v 0.07509368 0.07677823 0.02965374
v 0.10294490 0.07507127 0.01357789
v 0.09851479 0.07588452 0.01635415
v 0.09959930 0.07566004 0.01635636
v 0.12090640 0.06439501 0.01129694
v 0.12019220 0.06521201 0.01045079
v 0.11985960 0.06544184 0.01113320
v 0.07242339 0.08012831 0.01601202
v 0.07425504 0.07972079 0.01834632
v 0.07476562 0.07978057 0.01761229
v 0.10553580 0.07433617 0.01372219
v 0.10473920 0.07425075 0.01710064
v 0.10645040 0.07367116 0.01684505
v 0.11985960 0.06544184 0.01113320
v 0.11941140 0.06576472 0.01177276
v 0.12090640 0.06439501 0.01129694
v 0.10072950 0.07551532 0.01345349
v 0.12090640 0.06439501 0.01129694
v 0.12188420 0.06333172 0.01107181
v 0.12227510 0.06305122 0.00981272
v 0.10553580 0.07433617 0.01372219
v 0.10645040 0.07367116 0.01684505
v 0.10701550 0.07368624 0.01475347
v 0.10624890 0.07403171 0.01413561
v 0.08000218 0.07606863 0.03087039
v 0.07762736 0.07654494 0.03008873
v 0.07671064 0.07564163 0.03200776
v 0.08000218 0.07606863 0.03087039
v 0.07671064 0.07564163 0.03200776
v 0.07965767 0.07504129 0.03291697
v 0.10553580 0.07433617 0.01372219
v 0.10368490 0.07479679 0.01509071
v 0.10473920 0.07425075 0.01710064
v 0.10294490 0.07507127 0.01357789
v 0.10056470 0.07543927 0.01661665
v 0.10368490 0.07479679 0.01509071
v 0.12209390 0.06361103 0.00647385
v 0.12090640 0.06439501 0.01129694
v 0.12227510 0.06305122 0.00981272
v 0.12209390 0.06361103 0.00647385
v 0.12227510 0.06305122 0.00981272
v 0.12256900 0.06279867 0.00871683
v 0.07900011 0.07676792 0.02935053
v 0.07829993 0.07689344 0.02912009
v 0.07762736 0.07654494 0.03008873
v 0.08240801 0.07540082 0.03184552
v 0.07965767 0.07504129 0.03291697
v 0.08069026 0.07478970 0.03319836
v 0.07355517 0.08017593 0.01420594
v 0.07242339 0.08012831 0.01601202
v 0.07476562 0.07978057 0.01761229
v 0.12019220 0.06521201 0.01045079
v 0.12090640 0.06439501 0.01129694
v 0.12050650 0.06501477 0.00936861
v 0.08204352 0.07458209 0.03339858
v 0.08240801 0.07540082 0.03184552
v 0.08069026 0.07478970 0.03319836
v 0.12209390 0.06361103 0.00647385
v 0.12074690 0.06484609 0.00804562
v 0.12050650 0.06501477 0.00936861
v 0.12209390 0.06361103 0.00647385
v 0.12050650 0.06501477 0.00936861
v 0.12090640 0.06439501 0.01129694
v 0.12209390 0.06361103 0.00647385
v 0.12256900 0.06279867 0.00871683
v 0.12288090 0.06263500 0.00694448
v 0.10072950 0.07551532 0.01345349
v 0.09851479 0.07588452 0.01635415
v 0.10294490 0.07507127 0.01357789
v 0.08064037 0.07646280 0.02984238
v 0.07900011 0.07676792 0.02935053
v 0.07762736 0.07654494 0.03008873
v 0.08064037 0.07646280 0.02984238
v 0.07762736 0.07654494 0.03008873
v 0.08000218 0.07606863 0.03087039
v 0.12209390 0.06361103 0.00647385
v 0.12097570 0.06471163 0.00706805
v 0.12074690 0.06484609 0.00804562
v 0.08437299 0.07492321 0.03231329
v 0.08204352 0.07458209 0.03339858
v 0.08309131 0.07434880 0.03359015
v 0.08437299 0.07492321 0.03231329
v 0.08240801 0.07540082 0.03184552
v 0.08204352 0.07458209 0.03339858
v 0.08437299 0.07492321 0.03231329
v 0.08309131 0.07434880 0.03359015
v 0.08421814 0.07412582 0.03372664
v 0.07572126 0.07974272 0.01681031
v 0.07355517 0.08017593 0.01420594
v 0.07476562 0.07978057 0.01761229
v 0.12115740 0.06460577 0.00625396
v 0.10463320 0.07465600 0.01250304
v 0.10368490 0.07479679 0.01509071
v 0.10553580 0.07433617 0.01372219
v 0.07673811 0.07966691 0.01636303
v 0.07355517 0.08017593 0.01420594
v 0.07572126 0.07974272 0.01681031
v 0.08437299 0.07492321 0.03231329
v 0.08421814 0.07412582 0.03372664
v 0.08537292 0.07389348 0.03382815
v 0.08267229 0.07608824 0.03026409
v 0.08064037 0.07646280 0.02984238
v 0.08000218 0.07606863 0.03087039
v 0.08267229 0.07608824 0.03026409
v 0.08000218 0.07606863 0.03087039
v 0.08240801 0.07540082 0.03184552
v 0.12209390 0.06361103 0.00647385
v 0.12131790 0.06450688 0.00523407
v 0.12115740 0.06460577 0.00625396
v 0.10294490 0.07507127 0.01357789
v 0.10368490 0.07479679 0.01509071
v 0.10463320 0.07465600 0.01250304
v 0.10510970 0.07462990 0.00877769
v 0.10497590 0.07473409 0.00736464
v 0.10454460 0.07476091 0.00978411
v 0.12209390 0.06361103 0.00647385
v 0.12288090 0.06263500 0.00694448
v 0.12321100 0.06241035 0.00469036
v 0.10542760 0.07455503 0.00812025
v 0.10497590 0.07473409 0.00736464
v 0.10510970 0.07462990 0.00877769
v 0.10294490 0.07507127 0.01357789
v 0.10218040 0.07524544 0.01174123
v 0.10072950 0.07551532 0.01345349
v 0.07673811 0.07966691 0.01636303
v 0.07506316 0.08003205 0.01307441
v 0.07355517 0.08017593 0.01420594
v 0.12209390 0.06361103 0.00647385
v 0.12145140 0.06442517 0.00412817
v 0.12131790 0.06450688 0.00523407
v 0.10608800 0.07436537 0.00666959
v 0.10497590 0.07473409 0.00736464
v 0.10579760 0.07443857 0.00740267
v 0.12259340 0.06330257 0.00132246
v 0.12209390 0.06361103 0.00647385
v 0.12321100 0.06241035 0.00469036
v 0.08658760 0.07460737 0.03226007
v 0.08632874 0.07373130 0.03384943
v 0.08658760 0.07460737 0.03226007
v 0.08437299 0.07492321 0.03231329
v 0.08537292 0.07389348 0.03382815
v 0.12259340 0.06330257 0.00132246
v 0.12321100 0.06241035 0.00469036
v 0.12330070 0.06237041 0.00359900
v 0.10555420 0.07462811 0.00572778
v 0.10497590 0.07473409 0.00736464
v 0.10608800 0.07436537 0.00666959
v 0.10654650 0.07431513 0.00497699
v 0.10555420 0.07462811 0.00572778
v 0.10608800 0.07436537 0.00666959
v 0.07780665 0.07951742 0.01635803
v 0.07739317 0.07962018 0.01483835
v 0.07506316 0.08003205 0.01307441
v 0.10294490 0.07507127 0.01357789
v 0.10463320 0.07465600 0.01250304
v 0.10436740 0.07474893 0.01174904
v 0.07506316 0.08003205 0.01307441
v 0.07673811 0.07966691 0.01636303
v 0.07719385 0.07959544 0.01635701
v 0.12259340 0.06330257 0.00132246
v 0.12155040 0.06436669 0.00313164
v 0.12145140 0.06442517 0.00412817
v 0.12209390 0.06361103 0.00647385
v 0.10699620 0.07421165 0.00282408
v 0.10620460 0.07449841 0.00366063
v 0.10686340 0.07423800 0.00363214
v 0.10650130 0.07444334 0.00148232
v 0.10620460 0.07449841 0.00366063
v 0.10699620 0.07421165 0.00282408
v 0.10709500 0.07419121 0.00206561
v 0.10650130 0.07444334 0.00148232
v 0.10699620 0.07421165 0.00282408
v 0.08380883 0.07587349 0.03043867
v 0.08267229 0.07608824 0.03026409
v 0.08240801 0.07540082 0.03184552
v 0.10716610 0.07417356 0.00125373
v 0.10650130 0.07444334 0.00148232
v 0.10709500 0.07419121 0.00206561
v 0.10719420 0.07417362 0.00049479
v 0.10294490 0.07507127 0.01357789
v 0.10355470 0.07500249 0.00997926
v 0.10218040 0.07524544 0.01174123
v 0.10628560 0.07450067 -0.00132506
v 0.10650130 0.07444334 0.00148232
v 0.10719420 0.07417362 0.00049479
v 0.12259340 0.06330257 0.00132246
v 0.12338280 0.06229943 0.00261409
v 0.12346860 0.06221324 0.00132836
v 0.12259340 0.06330257 0.00132246
v 0.12330070 0.06237041 0.00359900
v 0.12338280 0.06229943 0.00261409
v 0.08658760 0.07460737 0.03226007
v 0.08632874 0.07373130 0.03384943
v 0.08746463 0.07351428 0.03386719
v 0.05428040 0.07994055 0.00202317
v 0.05590987 0.08031481 0.00120718
v 0.05429983 0.07998430 0.00100286
v 0.07780665 0.07951742 0.01635803
v 0.07506316 0.08003205 0.01307441
v 0.07719385 0.07959544 0.01635701
v 0.10432250 0.07477784 0.01099218
v 0.10355470 0.07500249 0.00997926
v 0.10294490 0.07507127 0.01357789
v 0.10436740 0.07474893 0.01174904
v 0.05437618 0.07994562 0.00302286
v 0.05590987 0.08031481 0.00120718
v 0.05428040 0.07994055 0.00202317
v 0.08465135 0.07571768 0.03054149
v 0.08380883 0.07587349 0.03043867
v 0.08240801 0.07540082 0.03184552
v 0.08437299 0.07492321 0.03231329
v 0.08853781 0.07417142 0.03237499
v 0.08658760 0.07460737 0.03226007
v 0.08746463 0.07351428 0.03386719
v 0.05759584 0.08057498 0.00087304
v 0.05756253 0.08059430 -0.00091165
v 0.05590987 0.08031481 0.00120718
v 0.08853781 0.07417142 0.03237499
v 0.08746463 0.07351428 0.03386719
v 0.08839035 0.07331198 0.03387762
v 0.12259340 0.06330257 0.00132246
v 0.12346860 0.06221324 0.00132836
v 0.12346270 0.06224799 0.00064106
v 0.12158880 0.06434202 0.00216634
v 0.12155040 0.06436669 0.00313164
v 0.12259340 0.06330257 0.00132246
v 0.05769532 0.08057266 0.00310076
v 0.05590987 0.08031481 0.00120718
v 0.05437618 0.07994562 0.00302286
v 0.08853781 0.07417142 0.03237499
v 0.08839035 0.07331198 0.03387762
v 0.08960711 0.07304674 0.03384192
v 0.05487614 0.07986384 0.00642098
v 0.05450356 0.07990562 0.00426538
v 0.05461299 0.07986778 0.00524534
v 0.05487614 0.07986384 0.00642098
v 0.05437618 0.07994562 0.00302286
v 0.05450356 0.07990562 0.00426538
v 0.12164240 0.06431090 0.00109941
v 0.12158880 0.06434202 0.00216634
v 0.12259340 0.06330257 0.00132246
v 0.10438990 0.07477915 0.01038779
v 0.10355470 0.07500249 0.00997926
v 0.10432250 0.07477784 0.01099218
v 0.05760872 0.08057469 0.00200672
v 0.05759584 0.08057498 0.00087304
v 0.05590987 0.08031481 0.00120718
v 0.08007353 0.07914865 0.01656307
v 0.12165510 0.06430917 -0.00000726
v 0.12164240 0.06431090 0.00109941
v 0.12259340 0.06330257 0.00132246
v 0.10454460 0.07476091 0.00978411
v 0.10497590 0.07473409 0.00736464
v 0.10579760 0.07443857 0.00740267
v 0.10497590 0.07473409 0.00736464
v 0.10542760 0.07455503 0.00812025
v 0.10654650 0.07431513 0.00497699
v 0.10572110 0.07460182 0.00478698
v 0.10555420 0.07462811 0.00572778
v 0.10654650 0.07431513 0.00497699
v 0.10620460 0.07449841 0.00366063
v 0.10572110 0.07460182 0.00478698
v 0.10654650 0.07431513 0.00497699
v 0.05693203 0.08029186 0.00620569
v 0.05693203 0.08029186 0.00620569
v 0.05437618 0.07994562 0.00302286
v 0.05487614 0.07986384 0.00642098
v 0.05803442 0.08050251 0.00523431
v 0.05769532 0.08057266 0.00310076
v 0.05693203 0.08029186 0.00620569
v 0.05915606 0.08030962 0.01004482
v 0.05508697 0.07982069 0.00744344
v 0.05566442 0.07973247 0.00955356
v 0.05915606 0.08030962 0.01004482
v 0.05693203 0.08029186 0.00620569
v 0.05508697 0.07982069 0.00744344
v 0.05769532 0.08057266 0.00310076
v 0.05760872 0.08057469 0.00200672
v 0.05590987 0.08031481 0.00120718
v 0.07369512 0.07969242 0.01898754
v 0.07053226 0.07978540 0.01913328
v 0.07296550 0.07958048 0.01991750
v 0.08240801 0.07540082 0.03184552
v 0.08000218 0.07606863 0.03087039
v 0.07965767 0.07504129 0.03291697
v 0.09106296 0.07285350 0.03363533
v 0.08853781 0.07417142 0.03237499
v 0.08960711 0.07304674 0.03384192
v 0.08465135 0.07571768 0.03054149
v 0.08437299 0.07492321 0.03231329
v 0.08658760 0.07460737 0.03226007
v 0.08465135 0.07571768 0.03054149
v 0.08658760 0.07460737 0.03226007
v 0.08686286 0.07529664 0.03067715
v 0.07873058 0.07934677 0.01673264
v 0.08007353 0.07914865 0.01656307
v 0.07780665 0.07951742 0.01635803
v 0.08820712 0.07502436 0.03076417
v 0.08820712 0.07502436 0.03076417
v 0.08658760 0.07460737 0.03226007
v 0.08853781 0.07417142 0.03237499
v 0.07957291 0.07921779 0.01714183
v 0.08007353 0.07914865 0.01656307
v 0.07873058 0.07934677 0.01673264
v 0.05693203 0.08029186 0.00620569
v 0.05487614 0.07986384 0.00642098
v 0.05508697 0.07982069 0.00744344
v 0.05566442 0.07973247 0.00955356
v 0.05508697 0.07982069 0.00744344
v 0.05523496 0.07974994 0.00832636
v 0.09177261 0.07385480 0.03153188
v 0.08853781 0.07417142 0.03237499
v 0.09106296 0.07285350 0.03363533
v 0.05693203 0.08029186 0.00620569
v 0.05824220 0.08046019 0.00614614
v 0.05803442 0.08050251 0.00523431
v 0.08884149 0.07492083 0.03069270
v 0.08820712 0.07502436 0.03076417
v 0.08853781 0.07417142 0.03237499
v 0.09384071 0.07232767 0.03319973
v 0.09106296 0.07285350 0.03363533
v 0.09284454 0.07243782 0.03345317
v 0.05693203 0.08029186 0.00620569
v 0.05835783 0.08044397 0.00703932
v 0.05824220 0.08046019 0.00614614
v 0.05619013 0.07958883 0.01142896
v 0.05566442 0.07973247 0.00955356
v 0.05586433 0.07962566 0.01052565
v 0.08962416 0.07476556 0.03067858
v 0.08884149 0.07492083 0.03069270
v 0.08853781 0.07417142 0.03237499
v 0.08962416 0.07476556 0.03067858
v 0.08853781 0.07417142 0.03237499
v 0.09177261 0.07385480 0.03153188
v 0.05893898 0.08034843 0.00918765
v 0.05693203 0.08029186 0.00620569
v 0.05915606 0.08030962 0.01004482
v 0.08066558 0.07901811 0.01768405
v 0.08007353 0.07914865 0.01656307
v 0.07957291 0.07921779 0.01714183
v 0.09177261 0.07385480 0.03153188
v 0.09106296 0.07285350 0.03363533
v 0.09384071 0.07232767 0.03319973
v 0.05893898 0.08034843 0.00918765
v 0.05835783 0.08044397 0.00703932
v 0.05693203 0.08029186 0.00620569
v 0.05915606 0.08030962 0.01004482
v 0.05566442 0.07973247 0.00955356
v 0.05619013 0.07958883 0.01142896
v 0.09077155 0.07455664 0.03051157
v 0.08962416 0.07476556 0.03067858
v 0.09177261 0.07385480 0.03153188
v 0.09177261 0.07385480 0.03153188
v 0.09184896 0.07434743 0.03041358
v 0.09077155 0.07455664 0.03051157
v 0.06028926 0.08010751 0.01294149
v 0.05619013 0.07958883 0.01142896
v 0.05694615 0.07947111 0.01325829
v 0.06028926 0.08010751 0.01294149
v 0.05915606 0.08030962 0.01004482
v 0.05619013 0.07958883 0.01142896
v 0.09177261 0.07385480 0.03153188
v 0.09293496 0.07414215 0.03022373
v 0.09184896 0.07434743 0.03041358
v 0.09760129 0.07224690 0.03109289
v 0.09524422 0.07200235 0.03292847
v 0.09682446 0.07167160 0.03252060
v 0.09760129 0.07224690 0.03109289
v 0.09384071 0.07232767 0.03319973
v 0.09524422 0.07200235 0.03292847
v 0.08173865 0.07884383 0.01806415
v 0.08007353 0.07914865 0.01656307
v 0.08066558 0.07901811 0.01768405
v 0.09491032 0.07374751 0.02993561
v 0.09177261 0.07385480 0.03153188
v 0.09384071 0.07232767 0.03319973
v 0.09177261 0.07385480 0.03153188
v 0.09377694 0.07397884 0.03004850
v 0.09293496 0.07414215 0.03022373
v 0.05962580 0.08022445 0.01111538
v 0.06028926 0.08010751 0.01294149
v 0.06000500 0.08015793 0.01205081
v 0.05962580 0.08022445 0.01111538
v 0.05915606 0.08030962 0.01004482
v 0.06028926 0.08010751 0.01294149
v 0.09788495 0.07149296 0.03215940
v 0.09760129 0.07224690 0.03109289
v 0.09682446 0.07167160 0.03252060
v 0.05852240 0.07917529 0.01650382
v 0.05745702 0.07937067 0.01442290
v 0.05771929 0.07922953 0.01523180
v 0.06028926 0.08010751 0.01294149
v 0.05694615 0.07947111 0.01325829
v 0.05745702 0.07937067 0.01442290
v 0.08007353 0.07914865 0.01656307
v 0.08173865 0.07884383 0.01806415
v 0.08342140 0.07854783 0.01864142
v 0.09760129 0.07224690 0.03109289
v 0.09491032 0.07374751 0.02993561
v 0.09384071 0.07232767 0.03319973
v 0.06057494 0.07957643 0.01628704
v 0.05745702 0.07937067 0.01442290
v 0.05852240 0.07917529 0.01650382
v 0.09491032 0.07374751 0.02993561
v 0.09377694 0.07397884 0.03004850
v 0.09177261 0.07385480 0.03153188
v 0.09760129 0.07224690 0.03109289
v 0.09788495 0.07149296 0.03215940
v 0.09888416 0.07129812 0.03180648
v 0.06057494 0.07957643 0.01628704
v 0.06028926 0.08010751 0.01294149
v 0.05745702 0.07937067 0.01442290
v 0.08476221 0.07832175 0.01813335
v 0.06129390 0.07993745 0.01479460
v 0.06028926 0.08010751 0.01294149
v 0.06057494 0.07957643 0.01628704
v 0.09760129 0.07224690 0.03109289
v 0.09888416 0.07129812 0.03180648
v 0.09986639 0.07110708 0.03142292
v 0.06085050 0.07873064 0.02015568
v 0.05924826 0.07896792 0.01792205
v 0.06028544 0.07873839 0.01957489
v 0.06085050 0.07873064 0.02015568
v 0.05852240 0.07917529 0.01650382
v 0.05924826 0.07896792 0.01792205
v 0.06129390 0.07993745 0.01479460
v 0.06077659 0.08001971 0.01381410
v 0.06028926 0.08010751 0.01294149
v 0.09889262 0.07247692 0.02970345
v 0.09491032 0.07374751 0.02993561
v 0.09760129 0.07224690 0.03109289
v 0.09491032 0.07374751 0.02993561
v 0.09676450 0.07341039 0.02926726
v 0.09581631 0.07359135 0.02957828
v 0.10084220 0.07094615 0.03098292
v 0.09760129 0.07224690 0.03109289
v 0.09986639 0.07110708 0.03142292
v 0.09775102 0.07322448 0.02896798
v 0.09491032 0.07374751 0.02993561
v 0.09889262 0.07247692 0.02970345
v 0.09775102 0.07322448 0.02896798
v 0.09676450 0.07341039 0.02926726
v 0.09491032 0.07374751 0.02993561
v 0.06220769 0.07979148 0.01627357
v 0.06186628 0.07982712 0.01570792
v 0.06129390 0.07993745 0.01479460
v 0.06220769 0.07979148 0.01627357
v 0.06129390 0.07993745 0.01479460
v 0.06057494 0.07957643 0.01628704
v 0.06281459 0.07941013 0.01860137
v 0.05852240 0.07917529 0.01650382
v 0.06085050 0.07873064 0.02015568
v 0.06281459 0.07941013 0.01860137
v 0.06057494 0.07957643 0.01628704
v 0.05852240 0.07917529 0.01650382
v 0.09889262 0.07247692 0.02970345
v 0.08476221 0.07832175 0.01813335
v 0.08342140 0.07854783 0.01864142
v 0.08487385 0.07828176 0.01899458
v 0.08487385 0.07828176 0.01899458
v 0.08571022 0.07814836 0.01903857
v 0.08476221 0.07832175 0.01813335
v 0.09846568 0.07308560 0.02871919
v 0.09775102 0.07322448 0.02896798
v 0.09889262 0.07247692 0.02970345
v 0.06220769 0.07979148 0.01627357
v 0.06057494 0.07957643 0.01628704
v 0.06264275 0.07977074 0.01663084
v 0.06928110 0.08098286 0.00136692
v 0.07005786 0.08090716 0.00113345
v 0.06920593 0.08098340 0.00059242
v 0.10185840 0.07241511 0.02730799
v 0.10084220 0.07094615 0.03098292
v 0.10195550 0.07073283 0.03045667
v 0.10185840 0.07241511 0.02730799
v 0.09889262 0.07247692 0.02970345
v 0.10084220 0.07094615 0.03098292
v 0.08571022 0.07814836 0.01903857
v 0.08835607 0.07768905 0.01850194
v 0.08476221 0.07832175 0.01813335
v 0.10475680 0.07021307 0.02887667
v 0.10286160 0.07046079 0.03007895
v 0.10380010 0.07033407 0.02950276
v 0.10475680 0.07021307 0.02887667
v 0.10195550 0.07073283 0.03045667
v 0.10286160 0.07046079 0.03007895
v 0.06281459 0.07941013 0.01860137
v 0.06264275 0.07977074 0.01663084
v 0.06057494 0.07957643 0.01628704
v 0.09953451 0.07288515 0.02825917
v 0.09846568 0.07308560 0.02871919
v 0.09889262 0.07247692 0.02970345
v 0.09889262 0.07247692 0.02970345
v 0.10046630 0.07270872 0.02784307
v 0.09953451 0.07288515 0.02825917
v 0.06928110 0.08098286 0.00136692
v 0.07022005 0.08087426 0.00273431
v 0.07005786 0.08090716 0.00113345
v 0.10046630 0.07270872 0.02784307
v 0.10185840 0.07241511 0.02730799
v 0.06376153 0.07978916 0.01722742
v 0.06264275 0.07977074 0.01663084
v 0.06281459 0.07941013 0.01860137
v 0.10185840 0.07241511 0.02730799
v 0.10195550 0.07073283 0.03045667
v 0.10475680 0.07021307 0.02887667
v 0.10185840 0.07241511 0.02730799
v 0.10132640 0.07254642 0.02735759
v 0.10046630 0.07270872 0.02784307
v 0.08793151 0.07774251 0.01927341
v 0.08649724 0.07800871 0.01913048
v 0.08727067 0.07785654 0.01925976
v 0.08793151 0.07774251 0.01927341
v 0.08835607 0.07768905 0.01850194
v 0.08571022 0.07814836 0.01903857
v 0.08793151 0.07774251 0.01927341
v 0.08571022 0.07814836 0.01903857
v 0.08649724 0.07800871 0.01913048
v 0.10498210 0.07103711 0.02710737
v 0.10185840 0.07241511 0.02730799
v 0.10475680 0.07021307 0.02887667
v 0.06508165 0.07900840 0.02137388
v 0.06281459 0.07941013 0.01860137
v 0.06085050 0.07873064 0.02015568
v 0.06508165 0.07900840 0.02137388
v 0.06085050 0.07873064 0.02015568
v 0.06227988 0.07844495 0.02199263
v 0.10498210 0.07103711 0.02710737
v 0.10475680 0.07021307 0.02887667
v 0.10631260 0.06984764 0.02791495
v 0.10752220 0.06967937 0.02694679
v 0.10498210 0.07103711 0.02710737
v 0.10353460 0.07213824 0.02617664
v 0.10300180 0.07223761 0.02645565
v 0.10498210 0.07103711 0.02710737
v 0.10228940 0.07236361 0.02692641
v 0.10185840 0.07241511 0.02730799
v 0.06943660 0.08094793 0.00307132
v 0.07022005 0.08087426 0.00273431
v 0.06928110 0.08098286 0.00136692
v 0.06525605 0.07957351 0.01904262
v 0.06376153 0.07978916 0.01722742
v 0.06281459 0.07941013 0.01860137
v 0.10300180 0.07223761 0.02645565
v 0.10228940 0.07236361 0.02692641
v 0.10498210 0.07103711 0.02710737
v 0.08835607 0.07768905 0.01850194
v 0.08793151 0.07774251 0.01927341
v 0.08890014 0.07757860 0.01923574
v 0.06525605 0.07957351 0.01904262
v 0.06514561 0.07989752 0.01730866
v 0.06376153 0.07978916 0.01722742
v 0.10569380 0.07175493 0.02470351
v 0.10353460 0.07213824 0.02617664
v 0.10498210 0.07103711 0.02710737
v 0.07002496 0.08085930 0.00548048
v 0.06508165 0.07900840 0.02137388
v 0.06227988 0.07844495 0.02199263
v 0.06373691 0.07816618 0.02361125
v 0.10569380 0.07175493 0.02470351
v 0.10406260 0.07213759 0.02554268
v 0.10353460 0.07213824 0.02617664
v 0.10406260 0.07213759 0.02554268
v 0.10569380 0.07175493 0.02470351
v 0.10454800 0.07219821 0.02490938
v 0.10998610 0.06920957 0.02482945
v 0.10752220 0.06967937 0.02694679
v 0.10918730 0.06929022 0.02564950
v 0.09064447 0.07726687 0.01910038
v 0.08890014 0.07757860 0.01923574
v 0.08958160 0.07745724 0.01919527
v 0.06697762 0.07845568 0.02397675
v 0.06499171 0.07781970 0.02502234
v 0.06623649 0.07763296 0.02604855
v 0.06697762 0.07845568 0.02397675
v 0.06373691 0.07816618 0.02361125
v 0.06499171 0.07781970 0.02502234
v 0.10790180 0.07078689 0.02422763
v 0.10498210 0.07103711 0.02710737
v 0.10752220 0.06967937 0.02694679
v 0.06525605 0.07957351 0.01904262
v 0.06281459 0.07941013 0.01860137
v 0.06508165 0.07900840 0.02137388
v 0.08835607 0.07768905 0.01850194
v 0.08890014 0.07757860 0.01923574
v 0.09064447 0.07726687 0.01910038
v 0.07002496 0.08085930 0.00548048
v 0.07059592 0.08080887 0.00449664
v 0.07022005 0.08087426 0.00273431
v 0.10790180 0.07078689 0.02422763
v 0.10569380 0.07175493 0.02470351
v 0.10498210 0.07103711 0.02710737
v 0.09064447 0.07726687 0.01910038
v 0.09010756 0.07737451 0.01831878
v 0.08835607 0.07768905 0.01850194
v 0.10478050 0.07233911 0.02428038
v 0.10454800 0.07219821 0.02490938
v 0.10569380 0.07175493 0.02470351
v 0.10790180 0.07078689 0.02422763
v 0.10752220 0.06967937 0.02694679
v 0.10998610 0.06920957 0.02482945
v 0.06732010 0.07978624 0.01869548
v 0.06514561 0.07989752 0.01730866
v 0.06525605 0.07957351 0.01904262
v 0.11091290 0.06981295 0.02223254
v 0.10998610 0.06920957 0.02482945
v 0.11079960 0.06894195 0.02418048
v 0.11091290 0.06981295 0.02223254
v 0.11079960 0.06894195 0.02418048
v 0.11192210 0.06875538 0.02293134
v 0.06697762 0.07845568 0.02397675
v 0.06508165 0.07900840 0.02137388
v 0.06373691 0.07816618 0.02361125
v 0.10749540 0.07166874 0.02257962
v 0.10569380 0.07175493 0.02470351
v 0.10790180 0.07078689 0.02422763
v 0.06831228 0.07933348 0.02111167
v 0.06525605 0.07957351 0.01904262
v 0.06508165 0.07900840 0.02137388
v 0.09255027 0.07694536 0.01790167
v 0.06890577 0.07781320 0.02638192
v 0.06623649 0.07763296 0.02604855
v 0.06802672 0.07728642 0.02746183
v 0.06890577 0.07781320 0.02638192
v 0.06697762 0.07845568 0.02397675
v 0.06623649 0.07763296 0.02604855
v 0.10491540 0.07263118 0.02332026
v 0.10478050 0.07233911 0.02428038
v 0.10569380 0.07175493 0.02470351
v 0.10951370 0.07065731 0.02231009
v 0.10998610 0.06920957 0.02482945
v 0.11091290 0.06981295 0.02223254
v 0.10951370 0.07065731 0.02231009
v 0.10790180 0.07078689 0.02422763
v 0.10998610 0.06920957 0.02482945
v 0.07002496 0.08085930 0.00548048
v 0.07110512 0.08071929 0.00620354
v 0.07059592 0.08080887 0.00449664
v 0.06732010 0.07978624 0.01869548
v 0.06642043 0.08006173 0.01678015
v 0.06514561 0.07989752 0.01730866
v 0.11292670 0.06851613 0.02178628
v 0.11091290 0.06981295 0.02223254
v 0.11192210 0.06875538 0.02293134
v 0.09274482 0.07688355 0.01872934
v 0.09255027 0.07694536 0.01790167
v 0.09064447 0.07726687 0.01910038
v 0.10749540 0.07166874 0.02257962
v 0.10491540 0.07263118 0.02332026
v 0.10569380 0.07175493 0.02470351
v 0.06732010 0.07978624 0.01869548
v 0.06525605 0.07957351 0.01904262
v 0.06831228 0.07933348 0.02111167
v 0.06831228 0.07933348 0.02111167
v 0.06508165 0.07900840 0.02137388
v 0.06697762 0.07845568 0.02397675
v 0.11292670 0.06851613 0.02178628
v 0.11359690 0.06820863 0.02121801
v 0.11430720 0.06788480 0.02057356
v 0.10951370 0.07065731 0.02231009
v 0.10749540 0.07166874 0.02257962
v 0.10790180 0.07078689 0.02422763
v 0.07002496 0.08085930 0.00548048
v 0.07043355 0.08075970 0.00691969
v 0.07110512 0.08071929 0.00620354
v 0.10635490 0.07271218 0.02109946
v 0.10491540 0.07263118 0.02332026
v 0.10749540 0.07166874 0.02257962
v 0.10939290 0.07126206 0.02088691
v 0.10749540 0.07166874 0.02257962
v 0.10951370 0.07065731 0.02231009
v 0.06900036 0.07866585 0.02379907
v 0.06697762 0.07845568 0.02397675
v 0.06890577 0.07781320 0.02638192
v 0.11193120 0.06989300 0.02017403
v 0.11091290 0.06981295 0.02223254
v 0.11292670 0.06851613 0.02178628
v 0.06974351 0.07695275 0.02865083
v 0.06890577 0.07781320 0.02638192
v 0.06802672 0.07728642 0.02746183
v 0.10939290 0.07126206 0.02088691
v 0.10951370 0.07065731 0.02231009
v 0.11091290 0.06981295 0.02223254
v 0.11402980 0.06880670 0.01892800
v 0.11292670 0.06851613 0.02178628
v 0.11430720 0.06788480 0.02057356
v 0.10635490 0.07271218 0.02109946
v 0.10479090 0.07293432 0.02256311
v 0.10491540 0.07263118 0.02332026
v 0.06801605 0.08027887 0.01571549
v 0.06642043 0.08006173 0.01678015
v 0.06732010 0.07978624 0.01869548
v 0.06801605 0.08027887 0.01571549
v 0.06735223 0.08018881 0.01605571
v 0.06642043 0.08006173 0.01678015
v 0.06900036 0.07866585 0.02379907
v 0.11506350 0.06761556 0.01976670
v 0.11402980 0.06880670 0.01892800
v 0.11430720 0.06788480 0.02057356
v 0.09471845 0.07655256 0.01806319
v 0.07053226 0.07978540 0.01913328
v 0.06801605 0.08027887 0.01571549
v 0.06732010 0.07978624 0.01869548
v 0.11193120 0.06989300 0.02017403
v 0.10939290 0.07126206 0.02088691
v 0.11091290 0.06981295 0.02223254
v 0.07043284 0.08015608 0.01657636
v 0.06890213 0.08034712 0.01492126
v 0.06801605 0.08027887 0.01571549
v 0.10635490 0.07271218 0.02109946
v 0.10415880 0.07353281 0.02138109
v 0.10479090 0.07293432 0.02256311
v 0.07076954 0.08070504 0.00773884
v 0.07202047 0.08056145 0.00839633
v 0.07110512 0.08071929 0.00620354
v 0.07076954 0.08070504 0.00773884
v 0.07110512 0.08071929 0.00620354
v 0.07043355 0.08075970 0.00691969
v 0.10839520 0.07212817 0.01983929
v 0.10635490 0.07271218 0.02109946
v 0.10749540 0.07166874 0.02257962
v 0.10839520 0.07212817 0.01983929
v 0.10749540 0.07166874 0.02257962
v 0.10939290 0.07126206 0.02088691
v 0.11402980 0.06880670 0.01892800
v 0.11506350 0.06761556 0.01976670
v 0.11579220 0.06724542 0.01907486
v 0.11057650 0.07119685 0.01885612
v 0.10939290 0.07126206 0.02088691
v 0.11193120 0.06989300 0.02017403
v 0.11402980 0.06880670 0.01892800
v 0.11193120 0.06989300 0.02017403
v 0.11292670 0.06851613 0.02178628
v 0.07162547 0.07658445 0.02977759
v 0.07299864 0.07710343 0.02880491
v 0.06974351 0.07695275 0.02865083
v 0.07299864 0.07710343 0.02880491
v 0.06890577 0.07781320 0.02638192
v 0.06974351 0.07695275 0.02865083
v 0.09471845 0.07655256 0.01806319
v 0.11604590 0.06764769 0.01730628
v 0.11402980 0.06880670 0.01892800
v 0.11579220 0.06724542 0.01907486
v 0.11604590 0.06764769 0.01730628
v 0.11579220 0.06724542 0.01907486
v 0.11662530 0.06681019 0.01821823
v 0.07143205 0.07780081 0.02684803
v 0.06900036 0.07866585 0.02379907
v 0.06890577 0.07781320 0.02638192
v 0.10608380 0.07333004 0.01923908
v 0.10415880 0.07353281 0.02138109
v 0.10635490 0.07271218 0.02109946
v 0.07124507 0.08064097 0.00868119
v 0.07202047 0.08056145 0.00839633
v 0.07076954 0.08070504 0.00773884
v 0.06983166 0.08041536 0.01427961
v 0.06890213 0.08034712 0.01492126
v 0.07043284 0.08015608 0.01657636
v 0.07115495 0.07832986 0.02520777
v 0.06900036 0.07866585 0.02379907
v 0.07143205 0.07780081 0.02684803
v 0.10608380 0.07333004 0.01923908
v 0.10362760 0.07388883 0.02069110
v 0.10415880 0.07353281 0.02138109
v 0.07096326 0.07961672 -0.02006655
v 0.07105123 0.08009707 -0.01690971
v 0.07346159 0.07966351 -0.01928227
v 0.06862276 0.08000826 -0.01766359
v 0.06625783 0.08003431 -0.01679544
v 0.06785607 0.08026015 -0.01576010
v 0.06989896 0.08042043 -0.01430902
v 0.06862276 0.08000826 -0.01766359
v 0.06785607 0.08026015 -0.01576010
v 0.11230880 0.06988930 -0.01944374
v 0.11263950 0.06998461 -0.01823239
v 0.11333340 0.06956601 -0.01814912
v 0.09480583 0.07302337 -0.03145741
v 0.09453874 0.07383102 -0.02991079
v 0.09558755 0.07362854 -0.02966510
v 0.09480583 0.07302337 -0.03145741
v 0.09472000 0.07211464 -0.03303681
v 0.09360927 0.07234025 -0.03326086
v 0.11053720 0.06981164 -0.02280836
v 0.11224590 0.06865638 -0.02258687
v 0.11163150 0.06880080 -0.02327793
v 0.11053720 0.06981164 -0.02280836
v 0.11279700 0.06854867 -0.02194940
v 0.11224590 0.06865638 -0.02258687
v 0.11230880 0.06988930 -0.01944374
v 0.11167680 0.07065826 -0.01824443
v 0.11263950 0.06998461 -0.01823239
v 0.11022690 0.07052433 -0.02156978
v 0.11230880 0.06988930 -0.01944374
v 0.11279700 0.06854867 -0.02194940
v 0.09480583 0.07302337 -0.03145741
v 0.09360927 0.07234025 -0.03326086
v 0.09252685 0.07249838 -0.03349899
v 0.09361624 0.07400482 -0.03013031
v 0.10206780 0.07525503 -0.01373218
v 0.09945350 0.07573300 -0.01448271
v 0.10169780 0.07533633 -0.01244949
v 0.09480583 0.07302337 -0.03145741
v 0.09274566 0.07417494 -0.03026484
v 0.09361624 0.07400482 -0.03013031
v 0.09066468 0.07373023 -0.03230135
v 0.09252685 0.07249838 -0.03349899
v 0.09153467 0.07271862 -0.03361313
v 0.09480583 0.07302337 -0.03145741
v 0.09480583 0.07302337 -0.03145741
v 0.09178751 0.07435774 -0.03040539
v 0.09274566 0.07417494 -0.03026484
v 0.09066468 0.07373023 -0.03230135
v 0.09153467 0.07271862 -0.03361313
v 0.09073722 0.07285171 -0.03372483
v 0.09066468 0.07373023 -0.03230135
v 0.09133195 0.07444566 -0.03048669
v 0.09178751 0.07435774 -0.03040539
v 0.09066468 0.07373023 -0.03230135
v 0.09073722 0.07285171 -0.03372483
v 0.08897846 0.07315045 -0.03389327
v 0.09066468 0.07373023 -0.03230135
v 0.08897846 0.07315045 -0.03389327
v 0.08829563 0.07333254 -0.03387587
v 0.11053720 0.06981164 -0.02280836
v 0.09066468 0.07373023 -0.03230135
v 0.08970862 0.07475191 -0.03064619
v 0.09133195 0.07444566 -0.03048669
v 0.09930098 0.07572859 -0.01631014
v 0.09692263 0.07617801 -0.01626145
v 0.09945350 0.07573300 -0.01448271
v 0.10721580 0.07413971 -0.00080841
v 0.10628560 0.07450067 -0.00132506
v 0.10719420 0.07417362 0.00049479
v 0.08676737 0.07464689 -0.03213243
v 0.08829563 0.07333254 -0.03387587
v 0.08728295 0.07357943 -0.03383164
v 0.08676737 0.07464689 -0.03213243
v 0.09066468 0.07373023 -0.03230135
v 0.08829563 0.07333254 -0.03387587
v 0.08676737 0.07464689 -0.03213243
v 0.08970862 0.07475191 -0.03064619
v 0.09066468 0.07373023 -0.03230135
v 0.08676737 0.07464689 -0.03213243
v 0.08868902 0.07495081 -0.03065841
v 0.08970862 0.07475191 -0.03064619
v 0.11066770 0.07088190 -0.01969521
v 0.11167680 0.07065826 -0.01824443
v 0.11230880 0.06988930 -0.01944374
v 0.08676737 0.07464689 -0.03213243
v 0.08728295 0.07357943 -0.03383164
v 0.08610332 0.07374727 -0.03386925
v 0.08676737 0.07464689 -0.03213243
v 0.08746176 0.07518506 -0.03067677
v 0.08868902 0.07495081 -0.03065841
v 0.08676737 0.07464689 -0.03213243
v 0.08610332 0.07374727 -0.03386925
v 0.08519470 0.07397520 -0.03376226
v 0.11066770 0.07088190 -0.01969521
v 0.11230880 0.06988930 -0.01944374
v 0.11022690 0.07052433 -0.02156978
v 0.10628560 0.07450067 -0.00132506
v 0.10721580 0.07413971 -0.00080841
v 0.10717010 0.07414555 -0.00160437
v 0.08676737 0.07464689 -0.03213243
v 0.08649510 0.07536935 -0.03066830
v 0.08746176 0.07518506 -0.03067677
v 0.08676737 0.07464689 -0.03213243
v 0.08519470 0.07397520 -0.03376226
v 0.08421391 0.07411682 -0.03373275
v 0.08676737 0.07464689 -0.03213243
v 0.08559060 0.07554322 -0.03060089
v 0.08649510 0.07536935 -0.03066830
v 0.08308237 0.07522195 -0.03204356
v 0.08676737 0.07464689 -0.03213243
v 0.08421391 0.07411682 -0.03373275
v 0.08308237 0.07522195 -0.03204356
v 0.08421391 0.07411682 -0.03373275
v 0.08325099 0.07431024 -0.03361659
v 0.08676737 0.07464689 -0.03213243
v 0.08460474 0.07572913 -0.03051309
v 0.08559060 0.07554322 -0.03060089
v 0.10627770 0.07448756 -0.00304627
v 0.10717010 0.07414555 -0.00160437
v 0.10705590 0.07420569 -0.00230794
v 0.10627770 0.07448756 -0.00304627
v 0.08308237 0.07522195 -0.03204356
v 0.08325099 0.07431024 -0.03361659
v 0.08218145 0.07456231 -0.03340857
v 0.08308237 0.07522195 -0.03204356
v 0.08460474 0.07572913 -0.03051309
v 0.08676737 0.07464689 -0.03213243
v 0.08308237 0.07522195 -0.03204356
v 0.08358830 0.07591825 -0.03037368
v 0.08460474 0.07572913 -0.03051309
v 0.11066770 0.07088190 -0.01969521
v 0.11110660 0.07106363 -0.01802008
v 0.11167680 0.07065826 -0.01824443
v 0.08308237 0.07522195 -0.03204356
v 0.08218145 0.07456231 -0.03340857
v 0.08115035 0.07476443 -0.03321992
v 0.10627770 0.07448756 -0.00304627
v 0.10705590 0.07420569 -0.00230794
v 0.10693250 0.07422989 -0.00320184
v 0.08308237 0.07522195 -0.03204356
v 0.08266228 0.07609140 -0.03022985
v 0.08358830 0.07591825 -0.03037368
v 0.08012372 0.07588094 -0.03126775
v 0.08115035 0.07476443 -0.03321992
v 0.08013767 0.07496070 -0.03300302
v 0.08308237 0.07522195 -0.03204356
v 0.08012372 0.07588094 -0.03126775
v 0.08266228 0.07609140 -0.03022985
v 0.08308237 0.07522195 -0.03204356
v 0.10965210 0.07175058 -0.01875751
v 0.08012372 0.07588094 -0.03126775
v 0.08156043 0.07629305 -0.03004913
v 0.08266228 0.07609140 -0.03022985
v 0.08012372 0.07588094 -0.03126775
v 0.08013767 0.07496070 -0.03300302
v 0.07915210 0.07515007 -0.03276114
v 0.08012372 0.07588094 -0.03126775
v 0.08061796 0.07647031 -0.02981297
v 0.08156043 0.07629305 -0.03004913
v 0.10627770 0.07448756 -0.00304627
v 0.10693250 0.07422989 -0.00320184
v 0.10677020 0.07427144 -0.00399040
v 0.08012372 0.07588094 -0.03126775
v 0.07915210 0.07515007 -0.03276114
v 0.07819020 0.07534176 -0.03248261
v 0.08012372 0.07588094 -0.03126775
v 0.07960027 0.07665717 -0.02954452
v 0.08061796 0.07647031 -0.02981297
v 0.07586801 0.07655310 -0.03018223
v 0.07819020 0.07534176 -0.03248261
v 0.07727718 0.07550489 -0.03221516
v 0.08012372 0.07588094 -0.03126775
v 0.07586801 0.07655310 -0.03018223
v 0.07727718 0.07550489 -0.03221516
v 0.07618111 0.07566821 -0.03189336
v 0.10627770 0.07448756 -0.00304627
v 0.10677020 0.07427144 -0.00399040
v 0.10657250 0.07428061 -0.00501465
v 0.08012372 0.07588094 -0.03126775
v 0.07865679 0.07683080 -0.02924554
v 0.07960027 0.07665717 -0.02954452
v 0.07586801 0.07655310 -0.03018223
v 0.07618111 0.07566821 -0.03189336
v 0.07508295 0.07591456 -0.03142915
v 0.10965210 0.07175058 -0.01875751
v 0.11053090 0.07149821 -0.01762133
v 0.11110660 0.07106363 -0.01802008
v 0.07586801 0.07655310 -0.03018223
v 0.07586801 0.07655310 -0.03018223
v 0.07771927 0.07700204 -0.02892624
v 0.07865679 0.07683080 -0.02924554
v 0.10562830 0.07461905 -0.00494127
v 0.10657250 0.07428061 -0.00501465
v 0.10639660 0.07433193 -0.00557159
v 0.10562830 0.07461905 -0.00494127
v 0.10627770 0.07448756 -0.00304627
v 0.10657250 0.07428061 -0.00501465
v 0.07586801 0.07655310 -0.03018223
v 0.07508295 0.07591456 -0.03142915
v 0.07412499 0.07612550 -0.03098558
v 0.07586801 0.07655310 -0.03018223
v 0.07683092 0.07716327 -0.02859925
v 0.07771927 0.07700204 -0.02892624
v 0.07586801 0.07655310 -0.03018223
v 0.07412499 0.07612550 -0.03098558
v 0.07317745 0.07626575 -0.03060214
v 0.10562830 0.07461905 -0.00494127
v 0.10639660 0.07433193 -0.00557159
v 0.10612510 0.07439309 -0.00640856
v 0.07586801 0.07655310 -0.03018223
v 0.07584100 0.07734298 -0.02818851
v 0.07683092 0.07716327 -0.02859925
v 0.07221555 0.07644647 -0.03012042
v 0.10453450 0.07482272 -0.00805341
v 0.10612510 0.07439309 -0.00640856
v 0.10577210 0.07448190 -0.00729798
v 0.07586801 0.07655310 -0.03018223
v 0.07491970 0.07751005 -0.02775799
v 0.07584100 0.07734298 -0.02818851
v 0.10453450 0.07482272 -0.00805341
v 0.10562830 0.07461905 -0.00494127
v 0.10612510 0.07439309 -0.00640856
v 0.07217949 0.07740181 -0.02798866
v 0.07217949 0.07740181 -0.02798866
v 0.07221555 0.07644647 -0.03012042
v 0.07133740 0.07662695 -0.02962892
v 0.07217949 0.07740181 -0.02798866
v 0.07491970 0.07751005 -0.02775799
v 0.07586801 0.07655310 -0.03018223
v 0.07217949 0.07740181 -0.02798866
v 0.07404178 0.07766836 -0.02732007
v 0.07491970 0.07751005 -0.02775799
v 0.07217949 0.07740181 -0.02798866
v 0.07133740 0.07662695 -0.02962892
v 0.07038056 0.07682538 -0.02904986
v 0.07217949 0.07740181 -0.02798866
v 0.07331204 0.07779753 -0.02692525
v 0.07404178 0.07766836 -0.02732007
v 0.07217949 0.07740181 -0.02798866
v 0.07038056 0.07682538 -0.02904986
v 0.06932497 0.07700043 -0.02841835
v 0.07217949 0.07740181 -0.02798866
v 0.07199561 0.07803827 -0.02615259
v 0.07331204 0.07779753 -0.02692525
v 0.06984269 0.07779091 -0.02661823
v 0.10878410 0.07162523 -0.02079742
v 0.11066770 0.07088190 -0.01969521
v 0.11022690 0.07052433 -0.02156978
v 0.11010640 0.07182288 -0.01731603
v 0.06984269 0.07779091 -0.02661823
v 0.06932497 0.07700043 -0.02841835
v 0.06740796 0.07741284 -0.02700601
v 0.06984269 0.07779091 -0.02661823
v 0.07199561 0.07803827 -0.02615259
v 0.07217949 0.07740181 -0.02798866
v 0.06984269 0.07779091 -0.02661823
v 0.07140511 0.07822620 -0.02545748
v 0.07199561 0.07803827 -0.02615259
v 0.10878410 0.07162523 -0.02079742
v 0.10965210 0.07175058 -0.01875751
v 0.11066770 0.07088190 -0.01969521
v 0.10965210 0.07175058 -0.01875751
v 0.10973620 0.07209247 -0.01700513
v 0.11010640 0.07182288 -0.01731603
v 0.10785780 0.07283937 -0.01805161
v 0.10973620 0.07209247 -0.01700513
v 0.10965210 0.07175058 -0.01875751
v 0.06963700 0.07849121 -0.02449791
v 0.06984269 0.07779091 -0.02661823
v 0.06735646 0.07843512 -0.02415632
v 0.10785780 0.07283937 -0.01805161
v 0.10910920 0.07250332 -0.01643168
v 0.10973620 0.07209247 -0.01700513
v 0.10766270 0.07256656 -0.01952760
v 0.10965210 0.07175058 -0.01875751
v 0.10878410 0.07162523 -0.02079742
v 0.08381223 0.07848864 -0.01791547
v 0.08460921 0.07832074 -0.01894896
v 0.08277148 0.07864445 -0.01848005
v 0.10848810 0.07289570 -0.01592164
v 0.10766270 0.07256656 -0.01952760
v 0.10785780 0.07283937 -0.01805161
v 0.10965210 0.07175058 -0.01875751
v 0.06251049 0.07910281 -0.01974981
v 0.06243234 0.07835221 -0.02229600
v 0.06161350 0.07851427 -0.02129786
v 0.06251049 0.07910281 -0.01974981
v 0.06161350 0.07851427 -0.02129786
v 0.06103539 0.07866632 -0.02045833
v 0.10667900 0.07364666 -0.01637905
v 0.10848810 0.07289570 -0.01592164
v 0.10785780 0.07283937 -0.01805161
v 0.10505490 0.07463395 -0.00890451
v 0.10453450 0.07482272 -0.00805341
v 0.10577210 0.07448190 -0.00729798
v 0.10667900 0.07364666 -0.01637905
v 0.10770490 0.07333815 -0.01531918
v 0.10848810 0.07289570 -0.01592164
v 0.08381223 0.07848864 -0.01791547
v 0.08277148 0.07864445 -0.01848005
v 0.08128958 0.07888841 -0.01799475
v 0.10667900 0.07364666 -0.01637905
v 0.10697040 0.07371658 -0.01479266
v 0.10770490 0.07333815 -0.01531918
v 0.10542100 0.07389843 -0.01775126
v 0.10667900 0.07364666 -0.01637905
v 0.10785780 0.07283937 -0.01805161
v 0.10453330 0.07475817 -0.00985973
v 0.10380530 0.07495439 -0.00956707
v 0.10453450 0.07482272 -0.00805341
v 0.10453330 0.07475817 -0.00985973
v 0.10453450 0.07482272 -0.00805341
v 0.10505490 0.07463395 -0.00890451
v 0.10635760 0.07399463 -0.01424997
v 0.10697040 0.07371658 -0.01479266
v 0.10667900 0.07364666 -0.01637905
v 0.06251049 0.07910281 -0.01974981
v 0.06020468 0.07880014 -0.01936291
v 0.05967253 0.07890683 -0.01855557
v 0.10463080 0.07443994 -0.01594709
v 0.10635760 0.07399463 -0.01424997
v 0.10667900 0.07364666 -0.01637905
v 0.06679683 0.07967567 -0.01915197
v 0.07096326 0.07961672 -0.02006655
v 0.06882965 0.07915818 -0.02193175
v 0.05928939 0.07908785 -0.01757990
v 0.10463080 0.07443994 -0.01594709
v 0.10506080 0.07450681 -0.01318388
v 0.10635760 0.07399463 -0.01424997
v 0.09692263 0.07617801 -0.01626145
v 0.09930098 0.07572859 -0.01631014
v 0.09827011 0.07591128 -0.01645939
v 0.10380530 0.07495439 -0.00956707
v 0.10453330 0.07475817 -0.00985973
v 0.10432510 0.07479643 -0.01056992
v 0.06113708 0.07952284 -0.01697879
v 0.06488651 0.07939386 -0.01976459
v 0.06251049 0.07910281 -0.01974981
v 0.09774702 0.07600420 -0.01667367
v 0.09692263 0.07617801 -0.01626145
v 0.09827011 0.07591128 -0.01645939
v 0.06113708 0.07952284 -0.01697879
v 0.06251049 0.07910281 -0.01974981
v 0.05928939 0.07908785 -0.01757990
v 0.06113708 0.07952284 -0.01697879
v 0.06213533 0.07978886 -0.01624535
v 0.06290054 0.07976299 -0.01682018
v 0.09686827 0.07615590 -0.01717143
v 0.10463080 0.07443994 -0.01594709
v 0.10667900 0.07364666 -0.01637905
v 0.10542100 0.07389843 -0.01775126
v 0.09692263 0.07617801 -0.01626145
v 0.09686827 0.07615590 -0.01717143
v 0.09615224 0.07627606 -0.01753496
v 0.09539312 0.07641345 -0.01786553
v 0.09692263 0.07617801 -0.01626145
v 0.09615224 0.07627606 -0.01753496
v 0.06862276 0.08000826 -0.01766359
v 0.07096326 0.07961672 -0.02006655
v 0.06679683 0.07967567 -0.01915197
v 0.10361740 0.07491046 -0.01332663
v 0.10449740 0.07469803 -0.01217620
v 0.10506080 0.07450681 -0.01318388
v 0.05873018 0.07976412 -0.01360385
v 0.05854630 0.07910799 -0.01670240
v 0.05797106 0.07918560 -0.01572487
v 0.05928939 0.07908785 -0.01757990
v 0.09293121 0.07686722 -0.01767050
v 0.09539312 0.07641345 -0.01786553
v 0.09468042 0.07653796 -0.01814901
v 0.10380530 0.07495439 -0.00956707
v 0.10432510 0.07479643 -0.01056992
v 0.10430040 0.07477951 -0.01113968
v 0.06113708 0.07952284 -0.01697879
v 0.05928939 0.07908785 -0.01757990
v 0.05873018 0.07976412 -0.01360385
v 0.09293121 0.07686722 -0.01767050
v 0.09539312 0.07641345 -0.01786553
v 0.06113708 0.07952284 -0.01697879
v 0.06105190 0.07997155 -0.01430494
v 0.06213533 0.07978886 -0.01624535
v 0.09389799 0.07668071 -0.01840465
v 0.09293121 0.07686722 -0.01767050
v 0.09468042 0.07653796 -0.01814901
v 0.10430040 0.07477951 -0.01113968
v 0.05873018 0.07976412 -0.01360385
v 0.05797106 0.07918560 -0.01572487
v 0.05765897 0.07927805 -0.01501424
v 0.09311169 0.07681387 -0.01864182
v 0.09293121 0.07686722 -0.01767050
v 0.09389799 0.07668071 -0.01840465
v 0.10380530 0.07495439 -0.00956707
v 0.10430040 0.07477951 -0.01113968
v 0.10361740 0.07491046 -0.01332663
v 0.05873018 0.07976412 -0.01360385
v 0.06084549 0.08000648 -0.01375889
v 0.06105190 0.07997155 -0.01430494
v 0.05873018 0.07976412 -0.01360385
v 0.05873018 0.07976412 -0.01360385
v 0.05765897 0.07927805 -0.01501424
v 0.05722337 0.07936340 -0.01408011
v 0.09311169 0.07681387 -0.01864182
v 0.09248805 0.07692432 -0.01880484
v 0.05873018 0.07976412 -0.01360385
v 0.06047827 0.08006888 -0.01313274
v 0.06084549 0.08000648 -0.01375889
v 0.10312960 0.07492548 -0.01530358
v 0.10506080 0.07450681 -0.01318388
v 0.10463080 0.07443994 -0.01594709
v 0.05873018 0.07976412 -0.01360385
v 0.05722337 0.07936340 -0.01408011
v 0.05681324 0.07946288 -0.01305317
v 0.08975082 0.07744169 -0.01838266
v 0.09248805 0.07692432 -0.01880484
v 0.09169840 0.07707929 -0.01892434
v 0.08975082 0.07744169 -0.01838266
v 0.05873018 0.07976412 -0.01360385
v 0.05984354 0.08017826 -0.01153629
v 0.06047827 0.08006888 -0.01313274
v 0.05873018 0.07976412 -0.01360385
v 0.05681324 0.07946288 -0.01305317
v 0.05636394 0.07954651 -0.01191215
v 0.09169840 0.07707929 -0.01892434
v 0.09091383 0.07721972 -0.01905249
v 0.08975082 0.07744169 -0.01838266
v 0.09091383 0.07721972 -0.01905249
v 0.09003061 0.07737207 -0.01919423
v 0.05873018 0.07976412 -0.01360385
v 0.05951160 0.08024030 -0.01075386
v 0.05984354 0.08017826 -0.01153629
v 0.07278251 0.08021467 -0.01472930
v 0.07406485 0.07973164 -0.01852827
v 0.07105123 0.08009707 -0.01690971
v 0.08975082 0.07744169 -0.01838266
v 0.09003061 0.07737207 -0.01919423
v 0.08927410 0.07750010 -0.01924227
v 0.08844518 0.07764679 -0.01927279
v 0.08975082 0.07744169 -0.01838266
v 0.08927410 0.07750010 -0.01924227
v 0.05691123 0.08013457 -0.00825165
v 0.05873018 0.07976412 -0.01360385
v 0.05636394 0.07954651 -0.01191215
v 0.05596143 0.07962554 -0.01075189
v 0.07669925 0.07967656 -0.01634275
v 0.07643479 0.07978367 -0.01399767
v 0.07807737 0.07947033 -0.01640515
v 0.08706378 0.07790154 -0.01827310
v 0.08844518 0.07764679 -0.01927279
v 0.08789634 0.07773894 -0.01929300
v 0.05691123 0.08013457 -0.00825165
v 0.05596143 0.07962554 -0.01075189
v 0.05563426 0.07969462 -0.00967531
v 0.08975082 0.07744169 -0.01838266
v 0.05691123 0.08013457 -0.00825165
v 0.05951160 0.08024030 -0.01075386
v 0.05873018 0.07976412 -0.01360385
v 0.10361740 0.07491046 -0.01332663
v 0.10506080 0.07450681 -0.01318388
v 0.10312960 0.07492548 -0.01530358
v 0.05691123 0.08013457 -0.00825165
v 0.05913645 0.08030682 -0.00969039
v 0.05951160 0.08024030 -0.01075386
v 0.08709669 0.07787680 -0.01927476
v 0.05691123 0.08013457 -0.00825165
v 0.05563426 0.07969462 -0.00967531
v 0.05537188 0.07974040 -0.00875370
v 0.08628964 0.07802414 -0.01920055
v 0.08706378 0.07790154 -0.01827310
v 0.08709669 0.07787680 -0.01927476
v 0.07345271 0.08032196 -0.01113575
v 0.05691123 0.08013457 -0.00825165
v 0.05880296 0.08036738 -0.00852077
v 0.05913645 0.08030682 -0.00969039
v 0.08544749 0.07818287 -0.01906412
v 0.05691123 0.08013457 -0.00825165
v 0.05537188 0.07974040 -0.00875370
v 0.05498558 0.07977646 -0.00737046
v 0.05839109 0.08043611 -0.00710450
v 0.05691123 0.08013457 -0.00825165
v 0.05498558 0.07977646 -0.00737046
v 0.05482769 0.07984185 -0.00636660
v 0.08460921 0.07832074 -0.01894896
v 0.08706378 0.07790154 -0.01827310
v 0.08544749 0.07818287 -0.01906412
v 0.05691123 0.08013457 -0.00825165
v 0.05812484 0.08048135 -0.00604897
v 0.05839109 0.08043611 -0.00710450
v 0.05691123 0.08013457 -0.00825165
v 0.05482769 0.07984185 -0.00636660
v 0.05460155 0.07988876 -0.00496047
v 0.10206780 0.07525503 -0.01373218
v 0.10380530 0.07495439 -0.00956707
v 0.10361740 0.07491046 -0.01332663
v 0.08381223 0.07848864 -0.01791547
v 0.08706378 0.07790154 -0.01827310
v 0.08460921 0.07832074 -0.01894896
v 0.05613154 0.08030855 -0.00320702
v 0.05613154 0.08030855 -0.00320702
v 0.05460155 0.07988876 -0.00496047
v 0.05441236 0.07992368 -0.00344884
v 0.07345271 0.08032196 -0.01113575
v 0.07142537 0.08042973 -0.01301878
v 0.07167518 0.08042591 -0.01253455
v 0.05613154 0.08030855 -0.00320702
v 0.05812484 0.08048135 -0.00604897
v 0.05691123 0.08013457 -0.00825165
v 0.05613154 0.08030855 -0.00320702
v 0.05786556 0.08052712 -0.00413524
v 0.05812484 0.08048135 -0.00604897
v 0.07192409 0.08043032 -0.01187931
v 0.07345271 0.08032196 -0.01113575
v 0.07192409 0.08043032 -0.01187931
v 0.07208573 0.08048355 -0.01058142
v 0.05613154 0.08030855 -0.00320702
v 0.05780398 0.08053314 -0.00334101
v 0.05786556 0.08052712 -0.00413524
v 0.07927036 0.07928538 -0.01605927
v 0.08381223 0.07848864 -0.01791547
v 0.08128958 0.07888841 -0.01799475
v 0.07977569 0.07917058 -0.01726781
v 0.07927036 0.07928538 -0.01605927
v 0.08128958 0.07888841 -0.01799475
v 0.05613154 0.08030855 -0.00320702
v 0.05441236 0.07992368 -0.00344884
v 0.05420804 0.07991176 -0.00153416
v 0.05613154 0.08030855 -0.00320702
v 0.05765467 0.08056414 -0.00185757
v 0.05780398 0.08053314 -0.00334101
v 0.05429983 0.07998430 0.00100286
v 0.05613154 0.08030855 -0.00320702
v 0.05429983 0.07998430 0.00100286
v 0.05590987 0.08031481 0.00120718
v 0.05756253 0.08059430 -0.00091165
v 0.05613154 0.08030855 -0.00320702
v 0.05590987 0.08031481 0.00120718
v 0.10206780 0.07525503 -0.01373218
v 0.10361740 0.07491046 -0.01332663
v 0.10312960 0.07492548 -0.01530358
v 0.10832610 0.07046747 -0.02439784
v 0.11053720 0.06981164 -0.02280836
v 0.10979370 0.06917291 -0.02511321
v 0.10206780 0.07525503 -0.01373218
v 0.10169780 0.07533633 -0.01244949
v 0.10380530 0.07495439 -0.00956707
v 0.10832610 0.07046747 -0.02439784
v 0.10979370 0.06917291 -0.02511321
v 0.10879090 0.06934142 -0.02601950
v 0.10832610 0.07046747 -0.02439784
v 0.10724840 0.07155883 -0.02322488
v 0.11022690 0.07052433 -0.02156978
v 0.10832610 0.07046747 -0.02439784
v 0.11022690 0.07052433 -0.02156978
v 0.11053720 0.06981164 -0.02280836
v 0.10832610 0.07046747 -0.02439784
v 0.10879090 0.06934142 -0.02601950
v 0.10801460 0.06947749 -0.02667115
v 0.11053720 0.06981164 -0.02280836
v 0.11117650 0.06894022 -0.02371936
v 0.11044000 0.06906580 -0.02446746
v 0.11117650 0.06894022 -0.02371936
v 0.07927036 0.07928538 -0.01605927
v 0.07977569 0.07917058 -0.01726781
v 0.07807737 0.07947033 -0.01640515
v 0.10878410 0.07162523 -0.02079742
v 0.11022690 0.07052433 -0.02156978
v 0.10724840 0.07155883 -0.02322488
v 0.10979370 0.06917291 -0.02511321
v 0.11053720 0.06981164 -0.02280836
v 0.11044000 0.06906580 -0.02446746
v 0.10591750 0.07116276 -0.02581297
v 0.10801460 0.06947749 -0.02667115
v 0.10712130 0.06968420 -0.02732532
v 0.10591750 0.07116276 -0.02581297
v 0.10832610 0.07046747 -0.02439784
v 0.10801460 0.06947749 -0.02667115
v 0.07643479 0.07978367 -0.01399767
v 0.07927036 0.07928538 -0.01605927
v 0.07807737 0.07947033 -0.01640515
v 0.10878410 0.07162523 -0.02079742
v 0.10724840 0.07155883 -0.02322488
v 0.10665410 0.07242679 -0.02159195
v 0.10591750 0.07116276 -0.02581297
v 0.10712130 0.06968420 -0.02732532
v 0.10613580 0.06985467 -0.02806632
v 0.10591750 0.07116276 -0.02581297
v 0.10613580 0.06985467 -0.02806632
v 0.10398190 0.07120162 -0.02777456
v 0.10724840 0.07155883 -0.02322488
v 0.10832610 0.07046747 -0.02439784
v 0.10591750 0.07116276 -0.02581297
v 0.10766270 0.07256656 -0.01952760
v 0.10878410 0.07162523 -0.02079742
v 0.10665410 0.07242679 -0.02159195
v 0.10785780 0.07283937 -0.01805161
v 0.10766270 0.07256656 -0.01952760
v 0.10543450 0.07343482 -0.01988910
v 0.10724840 0.07155883 -0.02322488
v 0.10591750 0.07116276 -0.02581297
v 0.10465410 0.07220345 -0.02478229
v 0.10724840 0.07155883 -0.02322488
v 0.10465410 0.07220345 -0.02478229
v 0.10482530 0.07242327 -0.02397655
v 0.10724840 0.07155883 -0.02322488
v 0.10482530 0.07242327 -0.02397655
v 0.10482200 0.07253605 -0.02362757
v 0.07177096 0.08060473 -0.00793331
v 0.07208573 0.08048355 -0.01058142
v 0.07179069 0.08054894 -0.00968539
v 0.07177096 0.08060473 -0.00793331
v 0.07345271 0.08032196 -0.01113575
v 0.07208573 0.08048355 -0.01058142
v 0.10665410 0.07242679 -0.02159195
v 0.10482200 0.07253605 -0.02362757
v 0.10485480 0.07268714 -0.02317576
v 0.10665410 0.07242679 -0.02159195
v 0.10724840 0.07155883 -0.02322488
v 0.10482200 0.07253605 -0.02362757
v 0.10785780 0.07283937 -0.01805161
v 0.10543450 0.07343482 -0.01988910
v 0.10542100 0.07389843 -0.01775126
v 0.07124322 0.08062952 -0.00875519
v 0.07177096 0.08060473 -0.00793331
v 0.07179069 0.08054894 -0.00968539
v 0.10665410 0.07242679 -0.02159195
v 0.10485480 0.07268714 -0.02317576
v 0.10444790 0.07325291 -0.02190678
v 0.10543450 0.07343482 -0.01988910
v 0.10444790 0.07325291 -0.02190678
v 0.10364800 0.07391262 -0.02063798
v 0.10543450 0.07343482 -0.01988910
v 0.10665410 0.07242679 -0.02159195
v 0.10444790 0.07325291 -0.02190678
v 0.07089132 0.08068341 -0.00803988
v 0.10364800 0.07391262 -0.02063798
v 0.10320320 0.07420080 -0.02000504
v 0.10543450 0.07343482 -0.01988910
v 0.10542100 0.07389843 -0.01775126
v 0.10320320 0.07420080 -0.02000504
v 0.10271780 0.07444602 -0.01941960
v 0.10463080 0.07443994 -0.01594709
v 0.07052105 0.08075267 -0.00712805
v 0.07177096 0.08060473 -0.00793331
v 0.07089132 0.08068341 -0.00803988
v 0.07138955 0.08066803 -0.00686638
v 0.07177096 0.08060473 -0.00793331
v 0.07052105 0.08075267 -0.00712805
v 0.07031863 0.08080309 -0.00643383
v 0.07138955 0.08066803 -0.00686638
v 0.07052105 0.08075267 -0.00712805
v 0.07086777 0.08075350 -0.00536095
v 0.07138955 0.08066803 -0.00686638
v 0.07031863 0.08080309 -0.00643383
v 0.06999123 0.08083981 -0.00559335
v 0.07086777 0.08075350 -0.00536095
v 0.07031863 0.08080309 -0.00643383
v 0.07086777 0.08075350 -0.00536095
v 0.06999123 0.08083981 -0.00559335
v 0.06962668 0.08090549 -0.00410479
v 0.10398190 0.07120162 -0.02777456
v 0.10613580 0.06985467 -0.02806632
v 0.10537320 0.06996917 -0.02860318
v 0.07021903 0.08087539 -0.00304513
v 0.07086777 0.08075350 -0.00536095
v 0.06962668 0.08090549 -0.00410479
v 0.06949001 0.08091694 -0.00356364
v 0.07021903 0.08087539 -0.00304513
v 0.06962668 0.08090549 -0.00410479
v 0.07021903 0.08087539 -0.00304513
v 0.06949001 0.08091694 -0.00356364
v 0.06944394 0.08093965 -0.00312649
v 0.07021903 0.08087539 -0.00304513
v 0.06944394 0.08093965 -0.00312649
v 0.06933063 0.08095777 -0.00234150
v 0.07021659 0.08086460 -0.00110029
v 0.07021903 0.08087539 -0.00304513
v 0.06933063 0.08095777 -0.00234150
v 0.07021659 0.08086460 -0.00110029
v 0.06933063 0.08095777 -0.00234150
v 0.06919538 0.08097755 -0.00082862
v 0.07005786 0.08090716 0.00113345
v 0.06919538 0.08097755 -0.00082862
v 0.06920593 0.08098340 0.00059242
v 0.07005786 0.08090716 0.00113345
v 0.07021659 0.08086460 -0.00110029
v 0.06919538 0.08097755 -0.00082862
v 0.12334130 0.06233412 -0.00327861
v 0.12259340 0.06330257 0.00132246
v 0.12346270 0.06224799 0.00064106
v 0.12248760 0.06334149 -0.00367069
v 0.12259340 0.06330257 0.00132246
v 0.12334130 0.06233412 -0.00327861
v 0.10182280 0.07496839 -0.01801770
v 0.10463080 0.07443994 -0.01594709
v 0.10227710 0.07473069 -0.01869373
v 0.10312960 0.07492548 -0.01530358
v 0.10463080 0.07443994 -0.01594709
v 0.10182280 0.07496839 -0.01801770
v 0.12164800 0.06430900 -0.00112592
v 0.12165510 0.06430917 -0.00000726
v 0.12259340 0.06330257 0.00132246
v 0.12248760 0.06334149 -0.00367069
v 0.12155930 0.06435966 -0.00288206
v 0.12161040 0.06433331 -0.00216662
v 0.10398190 0.07120162 -0.02777456
v 0.10537320 0.06996917 -0.02860318
v 0.10457210 0.07019698 -0.02903192
v 0.12161040 0.06433331 -0.00216662
v 0.12259340 0.06330257 0.00132246
v 0.12248760 0.06334149 -0.00367069
v 0.12164800 0.06430900 -0.00112592
v 0.12248760 0.06334149 -0.00367069
v 0.12142820 0.06443631 -0.00416224
v 0.12155930 0.06435966 -0.00288206
v 0.12248760 0.06334149 -0.00367069
v 0.12334130 0.06233412 -0.00327861
v 0.12294080 0.06261312 -0.00650262
v 0.12248760 0.06334149 -0.00367069
v 0.12134650 0.06449049 -0.00508194
v 0.12142820 0.06443631 -0.00416224
v 0.12247560 0.06297391 -0.00875007
v 0.12248760 0.06334149 -0.00367069
v 0.12294080 0.06261312 -0.00650262
v 0.09930098 0.07572859 -0.01631014
v 0.10206780 0.07525503 -0.01373218
v 0.10312960 0.07492548 -0.01530358
v 0.10312960 0.07492548 -0.01530358
v 0.10182280 0.07496839 -0.01801770
v 0.10039810 0.07545357 -0.01666735
v 0.12247560 0.06297391 -0.00875007
v 0.12294080 0.06261312 -0.00650262
v 0.12275310 0.06272614 -0.00760310
v 0.10591750 0.07116276 -0.02581297
v 0.10352090 0.07213771 -0.02616595
v 0.10465410 0.07220345 -0.02478229
v 0.12113630 0.06462091 -0.00644963
v 0.12248760 0.06334149 -0.00367069
v 0.12247560 0.06297391 -0.00875007
v 0.10398190 0.07120162 -0.02777456
v 0.10457210 0.07019698 -0.02903192
v 0.10363160 0.07037490 -0.02959274
v 0.12134650 0.06449049 -0.00508194
v 0.12247560 0.06297391 -0.00875007
v 0.12080670 0.06482213 -0.00803100
v 0.12113630 0.06462091 -0.00644963
v 0.10312960 0.07492548 -0.01530358
v 0.10039810 0.07545357 -0.01666735
v 0.09930098 0.07572859 -0.01631014
v 0.12247560 0.06297391 -0.00875007
v 0.12060740 0.06494551 -0.00878828
v 0.12080670 0.06482213 -0.00803100
v 0.12114460 0.06421482 -0.01076530
v 0.12247560 0.06297391 -0.00875007
v 0.12198850 0.06327110 -0.01074080
v 0.09930098 0.07572859 -0.01631014
v 0.09945350 0.07573300 -0.01448271
v 0.10206780 0.07525503 -0.01373218
v 0.12114460 0.06421482 -0.01076530
v 0.12060740 0.06494551 -0.00878828
v 0.12247560 0.06297391 -0.00875007
v 0.06740796 0.07741284 -0.02700601
v 0.06735646 0.07843512 -0.02415632
v 0.06984269 0.07779091 -0.02661823
v 0.06963700 0.07849121 -0.02449791
v 0.07140511 0.07822620 -0.02545748
v 0.06984269 0.07779091 -0.02661823
v 0.06963700 0.07849121 -0.02449791
v 0.07110446 0.07836461 -0.02506839
v 0.07140511 0.07822620 -0.02545748
v 0.06963700 0.07849121 -0.02449791
v 0.07086884 0.07861655 -0.02417003
v 0.07110446 0.07836461 -0.02506839
v 0.12114460 0.06421482 -0.01076530
v 0.12198850 0.06327110 -0.01074080
v 0.12156870 0.06355744 -0.01179307
v 0.06478619 0.07793807 -0.02471601
v 0.06735646 0.07843512 -0.02415632
v 0.06592220 0.07770532 -0.02576355
v 0.12049630 0.06502115 -0.00943725
v 0.12060740 0.06494551 -0.00878828
v 0.12114460 0.06421482 -0.01076530
v 0.10398190 0.07120162 -0.02777456
v 0.10352090 0.07213771 -0.02616595
v 0.10591750 0.07116276 -0.02581297
v 0.12114460 0.06421482 -0.01076530
v 0.12156870 0.06355744 -0.01179307
v 0.12120300 0.06381708 -0.01249563
v 0.12016730 0.06523340 -0.01045506
v 0.12049630 0.06502115 -0.00943725
v 0.12114460 0.06421482 -0.01076530
v 0.10543450 0.07343482 -0.01988910
v 0.10766270 0.07256656 -0.01952760
v 0.10665410 0.07242679 -0.02159195
v 0.12037930 0.06445091 -0.01371305
v 0.12114460 0.06421482 -0.01076530
v 0.12120300 0.06381708 -0.01249563
v 0.06963700 0.07849121 -0.02449791
v 0.07088088 0.07885444 -0.02330683
v 0.07086884 0.07861655 -0.02417003
v 0.06472361 0.07861667 -0.02261244
v 0.06478619 0.07793807 -0.02471601
v 0.06436032 0.07796877 -0.02438204
v 0.11999250 0.06534445 -0.01082878
v 0.12114460 0.06421482 -0.01076530
v 0.11972930 0.06553137 -0.01131969
v 0.11999250 0.06534445 -0.01082878
v 0.12016730 0.06523340 -0.01045506
v 0.12114460 0.06421482 -0.01076530
v 0.06472361 0.07861667 -0.02261244
v 0.06436032 0.07796877 -0.02438204
v 0.06314605 0.07820123 -0.02312582
v 0.11932090 0.06584072 -0.01189696
v 0.12114460 0.06421482 -0.01076530
v 0.12037930 0.06445091 -0.01371305
v 0.11932090 0.06584072 -0.01189696
v 0.11972930 0.06553137 -0.01131969
v 0.12114460 0.06421482 -0.01076530
v 0.06472361 0.07861667 -0.02261244
v 0.06472361 0.07861667 -0.02261244
v 0.06314605 0.07820123 -0.02312582
v 0.06243234 0.07835221 -0.02229600
v 0.11836370 0.06656312 -0.01301830
v 0.11932090 0.06584072 -0.01189696
v 0.12037930 0.06445091 -0.01371305
v 0.06472361 0.07861667 -0.02261244
v 0.06488651 0.07939386 -0.01976459
v 0.06735646 0.07843512 -0.02415632
v 0.11894320 0.06542867 -0.01562932
v 0.12037930 0.06445091 -0.01371305
v 0.11975550 0.06483054 -0.01469306
v 0.06882965 0.07915818 -0.02193175
v 0.06963700 0.07849121 -0.02449791
v 0.06735646 0.07843512 -0.02415632
v 0.10398190 0.07120162 -0.02777456
v 0.10128420 0.07255989 -0.02739934
v 0.10352090 0.07213771 -0.02616595
v 0.10160710 0.07170522 -0.02898244
v 0.10363160 0.07037490 -0.02959274
v 0.10158120 0.07071423 -0.03071527
v 0.10160710 0.07170522 -0.02898244
v 0.10398190 0.07120162 -0.02777456
v 0.10363160 0.07037490 -0.02959274
v 0.11791500 0.06687080 -0.01357703
v 0.12037930 0.06445091 -0.01371305
v 0.11894320 0.06542867 -0.01562932
v 0.11791500 0.06687080 -0.01357703
v 0.11836370 0.06656312 -0.01301830
v 0.12037930 0.06445091 -0.01371305
v 0.06882965 0.07915818 -0.02193175
v 0.07126134 0.07913488 -0.02219336
v 0.07104289 0.07900297 -0.02271943
v 0.10160710 0.07170522 -0.02898244
v 0.10128420 0.07255989 -0.02739934
v 0.10398190 0.07120162 -0.02777456
v 0.07096326 0.07961672 -0.02006655
v 0.07126134 0.07913488 -0.02219336
v 0.06882965 0.07915818 -0.02193175
v 0.11702970 0.06712341 -0.01608281
v 0.11894320 0.06542867 -0.01562932
v 0.11809750 0.06590217 -0.01672702
v 0.06103539 0.07866632 -0.02045833
v 0.10160710 0.07170522 -0.02898244
v 0.10158120 0.07071423 -0.03071527
v 0.10093940 0.07088357 -0.03097383
v 0.11702970 0.06712341 -0.01608281
v 0.11809750 0.06590217 -0.01672702
v 0.11731040 0.06641632 -0.01752286
v 0.07096326 0.07961672 -0.02006655
v 0.07162731 0.07927393 -0.02161740
v 0.07126134 0.07913488 -0.02219336
v 0.11702970 0.06712341 -0.01608281
v 0.11791500 0.06687080 -0.01357703
v 0.11894320 0.06542867 -0.01562932
v 0.10160710 0.07170522 -0.02898244
v 0.10057900 0.07268911 -0.02773969
v 0.10128420 0.07255989 -0.02739934
v 0.06488651 0.07939386 -0.01976459
v 0.06679683 0.07967567 -0.01915197
v 0.06882965 0.07915818 -0.02193175
v 0.09892100 0.07227486 -0.03007959
v 0.10093940 0.07088357 -0.03097383
v 0.09914326 0.07122254 -0.03173183
v 0.09892100 0.07227486 -0.03007959
v 0.10160710 0.07170522 -0.02898244
v 0.10093940 0.07088357 -0.03097383
v 0.11702970 0.06712341 -0.01608281
v 0.11718630 0.06736612 -0.01427065
v 0.11791500 0.06687080 -0.01357703
v 0.11629060 0.06793504 -0.01528797
v 0.07096326 0.07961672 -0.02006655
v 0.07222694 0.07939958 -0.02092032
v 0.07162731 0.07927393 -0.02161740
v 0.09892100 0.07227486 -0.03007959
v 0.09948599 0.07289749 -0.02822707
v 0.10057900 0.07268911 -0.02773969
v 0.07096326 0.07961672 -0.02006655
v 0.07276707 0.07954472 -0.02017342
v 0.07222694 0.07939958 -0.02092032
v 0.09892100 0.07227486 -0.03007959
v 0.11542650 0.06804680 -0.01774739
v 0.11731040 0.06641632 -0.01752286
v 0.11642310 0.06691002 -0.01845353
v 0.11542650 0.06804680 -0.01774739
v 0.11702970 0.06712341 -0.01608281
v 0.11731040 0.06641632 -0.01752286
v 0.09892100 0.07227486 -0.03007959
v 0.09914326 0.07122254 -0.03173183
v 0.09797853 0.07145822 -0.03214584
v 0.10542100 0.07389843 -0.01775126
v 0.10543450 0.07343482 -0.01988910
v 0.10320320 0.07420080 -0.02000504
v 0.06488651 0.07939386 -0.01976459
v 0.06369376 0.07978159 -0.01711856
v 0.06477069 0.07985353 -0.01726644
v 0.11542650 0.06804680 -0.01774739
v 0.11642310 0.06691002 -0.01845353
v 0.11559870 0.06735670 -0.01924817
v 0.06488651 0.07939386 -0.01976459
v 0.06488651 0.07939386 -0.01976459
v 0.06290054 0.07976299 -0.01682018
v 0.06369376 0.07978159 -0.01711856
v 0.07096326 0.07961672 -0.02006655
v 0.07346159 0.07966351 -0.01928227
v 0.07276707 0.07954472 -0.02017342
v 0.09892100 0.07227486 -0.03007959
v 0.09847486 0.07308536 -0.02864919
v 0.09948599 0.07289749 -0.02822707
v 0.11580870 0.06822657 -0.01582454
v 0.11629060 0.06793504 -0.01528797
v 0.11702970 0.06712341 -0.01608281
v 0.06679683 0.07967567 -0.01915197
v 0.06679683 0.07967567 -0.01915197
v 0.06477069 0.07985353 -0.01726644
v 0.06580281 0.07997250 -0.01706980
v 0.11479170 0.06776016 -0.02002959
v 0.11542650 0.06804680 -0.01774739
v 0.11559870 0.06735670 -0.01924817
v 0.11542650 0.06804680 -0.01774739
v 0.11580870 0.06822657 -0.01582454
v 0.11702970 0.06712341 -0.01608281
v 0.10463080 0.07443994 -0.01594709
v 0.10271780 0.07444602 -0.01941960
v 0.10227710 0.07473069 -0.01869373
v 0.11542650 0.06804680 -0.01774739
v 0.11508860 0.06862848 -0.01654582
v 0.11580870 0.06822657 -0.01582454
v 0.06679683 0.07967567 -0.01915197
v 0.06580281 0.07997250 -0.01706980
v 0.06625783 0.08003431 -0.01679544
v 0.11542650 0.06804680 -0.01774739
v 0.11423330 0.06905794 -0.01747905
v 0.11508860 0.06862848 -0.01654582
v 0.09740173 0.07328671 -0.02908467
v 0.06862276 0.08000826 -0.01766359
v 0.06679683 0.07967567 -0.01915197
v 0.06625783 0.08003431 -0.01679544
v 0.07105123 0.08009707 -0.01690971
v 0.07096326 0.07961672 -0.02006655
v 0.06862276 0.08000826 -0.01766359
v 0.07406485 0.07973164 -0.01852827
v 0.07346159 0.07966351 -0.01928227
v 0.07105123 0.08009707 -0.01690971
v 0.09480583 0.07302337 -0.03145741
v 0.09892100 0.07227486 -0.03007959
v 0.09797853 0.07145822 -0.03214584
v 0.09689491 0.07165813 -0.03249930
v 0.07495373 0.07978415 -0.01739805
v 0.07406485 0.07973164 -0.01852827
v 0.07278251 0.08021467 -0.01472930
v 0.11279700 0.06854867 -0.02194940
v 0.11479170 0.06776016 -0.02002959
v 0.11408630 0.06799882 -0.02075581
v 0.11333340 0.06956601 -0.01814912
v 0.11542650 0.06804680 -0.01774739
v 0.11479170 0.06776016 -0.02002959
v 0.09892100 0.07227486 -0.03007959
v 0.09634768 0.07348805 -0.02941368
v 0.09740173 0.07328671 -0.02908467
v 0.11333340 0.06956601 -0.01814912
v 0.11423330 0.06905794 -0.01747905
v 0.11542650 0.06804680 -0.01774739
v 0.09480583 0.07302337 -0.03145741
v 0.09689491 0.07165813 -0.03249930
v 0.09576952 0.07191121 -0.03277688
v 0.07278251 0.08021467 -0.01472930
v 0.07669925 0.07967656 -0.01634275
v 0.07567352 0.07976740 -0.01675128
v 0.07278251 0.08021467 -0.01472930
v 0.07567352 0.07976740 -0.01675128
v 0.07495373 0.07978415 -0.01739805
v 0.06989896 0.08042043 -0.01430902
v 0.07105123 0.08009707 -0.01690971
v 0.06862276 0.08000826 -0.01766359
v 0.11279700 0.06854867 -0.02194940
v 0.11408630 0.06799882 -0.02075581
v 0.11343260 0.06824070 -0.02141963
v 0.11368510 0.06935435 -0.01785563
v 0.11423330 0.06905794 -0.01747905
v 0.11333340 0.06956601 -0.01814912
v 0.06989896 0.08042043 -0.01430902
v 0.07278251 0.08021467 -0.01472930
v 0.06989896 0.08042043 -0.01430902
v 0.07142537 0.08042973 -0.01301878
v 0.07278251 0.08021467 -0.01472930
v 0.07345271 0.08032196 -0.01113575
v 0.07669925 0.07967656 -0.01634275
v 0.11230880 0.06988930 -0.01944374
v 0.11333340 0.06956601 -0.01814912
v 0.11479170 0.06776016 -0.02002959
v 0.11230880 0.06988930 -0.01944374
v 0.11479170 0.06776016 -0.02002959
v 0.11279700 0.06854867 -0.02194940
v 0.07278251 0.08021467 -0.01472930
v 0.07142537 0.08042973 -0.01301878
v 0.07345271 0.08032196 -0.01113575
v 0.07453495 0.08011090 -0.01197957
v 0.07643479 0.07978367 -0.01399767
v 0.09480583 0.07302337 -0.03145741
v 0.09558755 0.07362854 -0.02966510
v 0.09480583 0.07302337 -0.03145741
v 0.09576952 0.07191121 -0.03277688
v 0.09472000 0.07211464 -0.03303681
v 0.05613154 0.08030855 -0.00320702
v 0.05756253 0.08059430 -0.00091165
v 0.05765467 0.08056414 -0.00185757
v 0.06740796 0.07741284 -0.02700601
v 0.06592220 0.07770532 -0.02576355
v 0.06735646 0.07843512 -0.02415632
v 0.06472361 0.07861667 -0.02261244
v 0.06735646 0.07843512 -0.02415632
v 0.06478619 0.07793807 -0.02471601
v 0.06882965 0.07915818 -0.02193175
v 0.07088088 0.07885444 -0.02330683
v 0.06963700 0.07849121 -0.02449791
v 0.07088088 0.07885444 -0.02330683
v 0.06472361 0.07861667 -0.02261244
v 0.06251049 0.07910281 -0.01974981
v 0.06488651 0.07939386 -0.01976459
v 0.06882965 0.07915818 -0.02193175
v 0.10181660 0.07049697 0.03068335
v 0.10195550 0.07073283 0.03045667
v 0.10084220 0.07094615 0.03098292
v 0.10181660 0.07049697 0.03068335
v 0.10379020 0.07011401 0.02963866
v 0.10286160 0.07046079 0.03007895
v 0.10379020 0.07011401 0.02963866
v 0.10475680 0.07021307 0.02887667
v 0.10380010 0.07033407 0.02950276
v 0.10475680 0.07021307 0.02887667
v 0.10379020 0.07011401 0.02963866
v 0.10515560 0.06985324 0.02880729
v 0.10515560 0.06985324 0.02880729
v 0.10631260 0.06984764 0.02791495
v 0.10475680 0.07021307 0.02887667
v 0.10631260 0.06984764 0.02791495
v 0.10515560 0.06985324 0.02880729
v 0.10611680 0.06966960 0.02817000
v 0.10631260 0.06984764 0.02791495
v 0.10611680 0.06966960 0.02817000
v 0.10723660 0.06952178 0.02734048
v 0.10631260 0.06984764 0.02791495
v 0.10723660 0.06952178 0.02734048
v 0.10752220 0.06967937 0.02694679
v 0.10752220 0.06967937 0.02694679
v 0.10723660 0.06952178 0.02734048
v 0.10820690 0.06935334 0.02657665
v 0.10820690 0.06935334 0.02657665
v 0.10918730 0.06929022 0.02564950
v 0.10752220 0.06967937 0.02694679
v 0.10913970 0.06908881 0.02582521
v 0.10988590 0.06902903 0.02511973
v 0.10918730 0.06929022 0.02564950
v 0.10918730 0.06929022 0.02564950
v 0.10988590 0.06902903 0.02511973
v 0.10998610 0.06920957 0.02482945
v 0.11054220 0.06867849 0.02452273
v 0.10988590 0.06902903 0.02511973
v 0.10913970 0.06908881 0.02582521
v 0.11054220 0.06867849 0.02452273
v 0.11079960 0.06894195 0.02418048
v 0.10988590 0.06902903 0.02511973
v 0.11178640 0.06843751 0.02323128
v 0.11079960 0.06894195 0.02418048
v 0.11054220 0.06867849 0.02452273
v 0.11178640 0.06843751 0.02323128
v 0.11148510 0.06871408 0.02353264
v 0.11079960 0.06894195 0.02418048
v 0.11192210 0.06875538 0.02293134
v 0.11277860 0.06839311 0.02211738
v 0.11292670 0.06851613 0.02178628
v 0.07590693 0.07555907 0.03189708
v 0.07845872 0.07503932 0.03274889
v 0.07671064 0.07564163 0.03200776
v 0.07845872 0.07503932 0.03274889
v 0.07822412 0.07522517 0.03260411
v 0.07671064 0.07564163 0.03200776
v 0.11293160 0.06813013 0.02199054
v 0.11504270 0.06741368 0.01992447
v 0.11430720 0.06788480 0.02057356
v 0.08056163 0.07459515 0.03327955
v 0.08229088 0.07427030 0.03360523
v 0.08069026 0.07478970 0.03319836
v 0.08229088 0.07427030 0.03360523
v 0.08204352 0.07458209 0.03339858
v 0.08069026 0.07478970 0.03319836
v 0.11504270 0.06741368 0.01992447
v 0.11506350 0.06761556 0.01976670
v 0.11430720 0.06788480 0.02057356
v 0.11504270 0.06741368 0.01992447
v 0.11636940 0.06673765 0.01861913
v 0.11579220 0.06724542 0.01907486
v 0.11636940 0.06673765 0.01861913
v 0.11662530 0.06681019 0.01821823
v 0.11579220 0.06724542 0.01907486
v 0.11732730 0.06633347 0.01757706
v 0.11636940 0.06673765 0.01861913
v 0.11778970 0.06593579 0.01713825
v 0.11732730 0.06633347 0.01757706
v 0.11778970 0.06593579 0.01713825
v 0.11822020 0.06582325 0.01657028
v 0.11732730 0.06633347 0.01757706
v 0.11778970 0.06593579 0.01713825
v 0.11872360 0.06538903 0.01608283
v 0.11822020 0.06582325 0.01657028
v 0.11822020 0.06582325 0.01657028
v 0.11872360 0.06538903 0.01608283
v 0.11899540 0.06535285 0.01562501
v 0.12151040 0.06336331 0.01208628
v 0.12188420 0.06333172 0.01107181
v 0.12148150 0.06359320 0.01202369
v 0.12194960 0.06307655 0.01107640
v 0.12188420 0.06333172 0.01107181
v 0.12151040 0.06336331 0.01208628
v 0.11945900 0.06482738 0.01522274
v 0.11899540 0.06535285 0.01562501
v 0.11872360 0.06538903 0.01608283
v 0.11958960 0.06496930 0.01487220
v 0.11997160 0.06455022 0.01452173
v 0.11997160 0.06455022 0.01452173
v 0.12013130 0.06457006 0.01417155
v 0.11958960 0.06496930 0.01487220
v 0.05405282 0.07973319 0.00133527
v 0.05409610 0.07982271 0.00067068
v 0.05405873 0.07978963 -0.00027829
v 0.05409610 0.07982271 0.00067068
v 0.05405282 0.07973319 0.00133527
v 0.05429983 0.07998430 0.00100286
v 0.12096180 0.06384676 0.01306374
v 0.12148150 0.06359320 0.01202369
v 0.12075680 0.06414991 0.01320810
v 0.12151040 0.06336331 0.01208628
v 0.12148150 0.06359320 0.01202369
v 0.12096180 0.06384676 0.01306374
v 0.05405282 0.07973319 0.00133527
v 0.05428040 0.07994055 0.00202317
v 0.05429983 0.07998430 0.00100286
v 0.12194960 0.06307655 0.01107640
v 0.12227360 0.06292575 0.01004798
v 0.12188420 0.06333172 0.01107181
v 0.05413115 0.07972824 0.00260366
v 0.05428040 0.07994055 0.00202317
v 0.05405282 0.07973319 0.00133527
v 0.12227510 0.06305122 0.00981272
v 0.12227360 0.06292575 0.01004798
v 0.12256900 0.06279867 0.00871683
v 0.05413115 0.07972824 0.00260366
v 0.05437618 0.07994562 0.00302286
v 0.05428040 0.07994055 0.00202317
v 0.05432671 0.07982093 0.00377328
v 0.05413115 0.07972824 0.00260366
v 0.05422163 0.07967829 0.00370152
v 0.05432671 0.07982093 0.00377328
v 0.12288090 0.06263500 0.00694448
v 0.12256900 0.06279867 0.00871683
v 0.12296190 0.06238865 0.00676943
v 0.05437618 0.07994562 0.00302286
v 0.05432671 0.07982093 0.00377328
v 0.05450356 0.07990562 0.00426538
v 0.12296190 0.06238865 0.00676943
v 0.12328530 0.06220221 0.00438548
v 0.12288090 0.06263500 0.00694448
v 0.12328530 0.06220221 0.00438548
v 0.12321100 0.06241035 0.00469036
v 0.12288090 0.06263500 0.00694448
v 0.05422163 0.07967829 0.00370152
v 0.05437809 0.07966268 0.00490821
v 0.05432671 0.07982093 0.00377328
v 0.05432671 0.07982093 0.00377328
v 0.05461299 0.07986778 0.00524534
v 0.05450356 0.07990562 0.00426538
v 0.05437809 0.07966268 0.00490821
v 0.05461299 0.07986778 0.00524534
v 0.05432671 0.07982093 0.00377328
v 0.12328530 0.06220221 0.00438548
v 0.12330070 0.06237041 0.00359900
v 0.12321100 0.06241035 0.00469036
v 0.05437809 0.07966268 0.00490821
v 0.05454570 0.07962834 0.00596363
v 0.05461299 0.07986778 0.00524534
v 0.12338300 0.06220144 0.00320960
v 0.12330070 0.06237041 0.00359900
v 0.12328530 0.06220221 0.00438548
v 0.05454570 0.07962834 0.00596363
v 0.05466198 0.07976919 0.00602616
v 0.05461299 0.07986778 0.00524534
v 0.12338300 0.06220144 0.00320960
v 0.12338280 0.06229943 0.00261409
v 0.12330070 0.06237041 0.00359900
v 0.05454570 0.07962834 0.00596363
v 0.05475020 0.07964724 0.00688720
v 0.05466198 0.07976919 0.00602616
v 0.12346240 0.06211918 0.00207693
v 0.12338280 0.06229943 0.00261409
v 0.12338300 0.06220144 0.00320960
v 0.12346240 0.06211918 0.00207693
v 0.12346860 0.06221324 0.00132836
v 0.12338280 0.06229943 0.00261409
v 0.05475020 0.07964724 0.00688720
v 0.05508399 0.07956886 0.00838620
v 0.05492883 0.07972347 0.00735415
v 0.12346240 0.06211918 0.00207693
v 0.12351540 0.06205058 -0.00073426
v 0.12346860 0.06221324 0.00132836
v 0.05409610 0.07982271 0.00067068
v 0.05429983 0.07998430 0.00100286
v 0.05405873 0.07978963 -0.00027829
v 0.05619013 0.07958883 0.01142896
v 0.05642426 0.07946705 0.01228745
v 0.05694615 0.07947111 0.01325829
v 0.05658560 0.07927089 0.01302768
v 0.05694615 0.07947111 0.01325829
v 0.05642426 0.07946705 0.01228745
v 0.05487614 0.07986384 0.00642098
v 0.05461299 0.07986778 0.00524534
v 0.05466198 0.07976919 0.00602616
v 0.05475020 0.07964724 0.00688720
v 0.05487614 0.07986384 0.00642098
v 0.05466198 0.07976919 0.00602616
v 0.05694562 0.07921540 0.01386441
v 0.05745702 0.07937067 0.01442290
v 0.05694615 0.07947111 0.01325829
v 0.05730170 0.07913154 0.01466275
v 0.05745702 0.07937067 0.01442290
v 0.05694562 0.07921540 0.01386441
v 0.05730170 0.07913154 0.01466275
v 0.05771929 0.07922953 0.01523180
v 0.05745702 0.07937067 0.01442290
v 0.05539691 0.07953870 0.00950200
v 0.05538100 0.07967716 0.00904752
v 0.05508399 0.07956886 0.00838620
v 0.05508399 0.07956886 0.00838620
v 0.05538100 0.07967716 0.00904752
v 0.05523496 0.07974994 0.00832636
v 0.05798614 0.07901859 0.01602782
v 0.05852240 0.07917529 0.01650382
v 0.05771929 0.07922953 0.01523180
v 0.05523496 0.07974994 0.00832636
v 0.05538100 0.07967716 0.00904752
v 0.05566442 0.07973247 0.00955356
v 0.05538100 0.07967716 0.00904752
v 0.05539691 0.07953870 0.00950200
v 0.05566442 0.07973247 0.00955356
v 0.05850625 0.07891631 0.01698483
v 0.05924826 0.07896792 0.01792205
v 0.05852240 0.07917529 0.01650382
v 0.05582386 0.07948774 0.01083542
v 0.05619013 0.07958883 0.01142896
v 0.05586433 0.07962566 0.01052565
v 0.05850625 0.07891631 0.01698483
v 0.05969345 0.07868540 0.01892550
v 0.05924826 0.07896792 0.01792205
v 0.05619013 0.07958883 0.01142896
v 0.05603224 0.07933509 0.01160897
v 0.05642426 0.07946705 0.01228745
v 0.06028544 0.07873839 0.01957489
v 0.05924826 0.07896792 0.01792205
v 0.05969345 0.07868540 0.01892550
v 0.05603224 0.07933509 0.01160897
v 0.05658560 0.07927089 0.01302768
v 0.05642426 0.07946705 0.01228745
v 0.05694562 0.07921540 0.01386441
v 0.05694615 0.07947111 0.01325829
v 0.05658560 0.07927089 0.01302768
v 0.05771929 0.07922953 0.01523180
v 0.05730170 0.07913154 0.01466275
v 0.05798614 0.07901859 0.01602782
v 0.05850625 0.07891631 0.01698483
v 0.06098461 0.07845813 0.02072389
v 0.06153076 0.07847750 0.02128357
v 0.06085050 0.07873064 0.02015568
v 0.05850625 0.07891631 0.01698483
v 0.05902493 0.07870930 0.01791776
v 0.05969345 0.07868540 0.01892550
v 0.06085050 0.07873064 0.02015568
v 0.06153076 0.07847750 0.02128357
v 0.06227988 0.07844495 0.02199263
v 0.05969345 0.07868540 0.01892550
v 0.06027913 0.07847732 0.01982696
v 0.06028544 0.07873839 0.01957489
v 0.06028544 0.07873839 0.01957489
v 0.06027913 0.07847732 0.01982696
v 0.06098461 0.07845813 0.02072389
v 0.06098461 0.07845813 0.02072389
v 0.06085050 0.07873064 0.02015568
v 0.06028544 0.07873839 0.01957489
v 0.06098461 0.07845813 0.02072389
v 0.06169939 0.07823032 0.02168567
v 0.06153076 0.07847750 0.02128357
v 0.06227988 0.07844495 0.02199263
v 0.06225878 0.07823503 0.02229012
v 0.06261044 0.07828235 0.02255589
v 0.06227988 0.07844495 0.02199263
v 0.06261044 0.07828235 0.02255589
v 0.06373691 0.07816618 0.02361125
v 0.06373691 0.07816618 0.02361125
v 0.06261044 0.07828235 0.02255589
v 0.06302165 0.07817965 0.02305336
v 0.06369870 0.07790255 0.02391876
v 0.06373691 0.07816618 0.02361125
v 0.06302165 0.07817965 0.02305336
v 0.06410819 0.07797110 0.02419008
v 0.06373691 0.07816618 0.02361125
v 0.06369870 0.07790255 0.02391876
v 0.06507134 0.07756829 0.02528108
v 0.06410819 0.07797110 0.02419008
v 0.06369870 0.07790255 0.02391876
v 0.06499171 0.07781970 0.02502234
v 0.06410819 0.07797110 0.02419008
v 0.06507134 0.07756829 0.02528108
v 0.06373691 0.07816618 0.02361125
v 0.06410819 0.07797110 0.02419008
v 0.06499171 0.07781970 0.02502234
v 0.06499171 0.07781970 0.02502234
v 0.06507134 0.07756829 0.02528108
v 0.06565910 0.07763957 0.02568037
v 0.06616652 0.07738763 0.02622778
v 0.06623649 0.07763296 0.02604855
v 0.06565910 0.07763957 0.02568037
v 0.06705713 0.07730203 0.02690382
v 0.06623649 0.07763296 0.02604855
v 0.06616652 0.07738763 0.02622778
v 0.06623649 0.07763296 0.02604855
v 0.06499171 0.07781970 0.02502234
v 0.06565910 0.07763957 0.02568037
v 0.06794160 0.07713049 0.02757610
v 0.06802672 0.07728642 0.02746183
v 0.06705713 0.07730203 0.02690382
v 0.06881570 0.07695114 0.02820189
v 0.06802672 0.07728642 0.02746183
v 0.06794160 0.07713049 0.02757610
v 0.06978744 0.07674813 0.02884842
v 0.06974351 0.07695275 0.02865083
v 0.06881570 0.07695114 0.02820189
v 0.06616652 0.07738763 0.02622778
v 0.06565910 0.07763957 0.02568037
v 0.06507134 0.07756829 0.02528108
v 0.07073199 0.07656478 0.02942622
v 0.06974351 0.07695275 0.02865083
v 0.06978744 0.07674813 0.02884842
v 0.07182961 0.07642447 0.03000755
v 0.07162547 0.07658445 0.02977759
v 0.07073199 0.07656478 0.02942622
v 0.07354605 0.07602077 0.03090645
v 0.07394325 0.07612740 0.03094859
v 0.07266068 0.07620245 0.03047312
v 0.06802672 0.07728642 0.02746183
v 0.06623649 0.07763296 0.02604855
v 0.06705713 0.07730203 0.02690382
v 0.07822412 0.07522517 0.03260411
v 0.07871115 0.07523828 0.03263731
v 0.07671064 0.07564163 0.03200776
v 0.06881570 0.07695114 0.02820189
v 0.06974351 0.07695275 0.02865083
v 0.06802672 0.07728642 0.02746183
v 0.07845872 0.07503932 0.03274889
v 0.07871115 0.07523828 0.03263731
v 0.07822412 0.07522517 0.03260411
v 0.07845872 0.07503932 0.03274889
v 0.07965767 0.07504129 0.03291697
v 0.07871115 0.07523828 0.03263731
v 0.07845872 0.07503932 0.03274889
v 0.07956510 0.07478195 0.03305341
v 0.07965767 0.07504129 0.03291697
v 0.08309131 0.07434880 0.03359015
v 0.08366936 0.07401597 0.03378613
v 0.08421814 0.07412582 0.03372664
v 0.07073199 0.07656478 0.02942622
v 0.07162547 0.07658445 0.02977759
v 0.06974351 0.07695275 0.02865083
v 0.08537292 0.07389348 0.03382815
v 0.08635461 0.07349830 0.03398824
v 0.08632874 0.07373130 0.03384943
v 0.08839035 0.07331198 0.03387762
v 0.08942943 0.07291048 0.03393538
v 0.08960711 0.07304674 0.03384192
v 0.08960711 0.07304674 0.03384192
v 0.08942943 0.07291048 0.03393538
v 0.09079647 0.07267802 0.03381176
v 0.09196484 0.07246899 0.03366400
v 0.09106296 0.07285350 0.03363533
v 0.09079647 0.07267802 0.03381176
v 0.07182961 0.07642447 0.03000755
v 0.07394325 0.07612740 0.03094859
v 0.07162547 0.07658445 0.02977759
v 0.07266068 0.07620245 0.03047312
v 0.07394325 0.07612740 0.03094859
v 0.07182961 0.07642447 0.03000755
v 0.07452154 0.07582437 0.03134073
v 0.07394325 0.07612740 0.03094859
v 0.07354605 0.07602077 0.03090645
v 0.07452154 0.07582437 0.03134073
v 0.07522106 0.07583969 0.03153677
v 0.07394325 0.07612740 0.03094859
v 0.10181660 0.07049697 0.03068335
v 0.10286160 0.07046079 0.03007895
v 0.10195550 0.07073283 0.03045667
v 0.10286160 0.07046079 0.03007895
v 0.10379020 0.07011401 0.02963866
v 0.10380010 0.07033407 0.02950276
v 0.10820690 0.06935334 0.02657665
v 0.07956510 0.07478195 0.03305341
v 0.08069026 0.07478970 0.03319836
v 0.07965767 0.07504129 0.03291697
v 0.08056163 0.07459515 0.03327955
v 0.08069026 0.07478970 0.03319836
v 0.07956510 0.07478195 0.03305341
v 0.11226120 0.06849265 0.02269024
v 0.11277860 0.06839311 0.02211738
v 0.11192210 0.06875538 0.02293134
v 0.08309131 0.07434880 0.03359015
v 0.08229088 0.07427030 0.03360523
v 0.08366936 0.07401597 0.03378613
v 0.08309131 0.07434880 0.03359015
v 0.11430720 0.06788480 0.02057356
v 0.11277860 0.06839311 0.02211738
v 0.11293160 0.06813013 0.02199054
v 0.11359690 0.06820863 0.02121801
v 0.11277860 0.06839311 0.02211738
v 0.11430720 0.06788480 0.02057356
v 0.11506350 0.06761556 0.01976670
v 0.11504270 0.06741368 0.01992447
v 0.11579220 0.06724542 0.01907486
v 0.08366936 0.07401597 0.03378613
v 0.08474552 0.07381582 0.03389180
v 0.08421814 0.07412582 0.03372664
v 0.08474552 0.07381582 0.03389180
v 0.08537292 0.07389348 0.03382815
v 0.08421814 0.07412582 0.03372664
v 0.08474552 0.07381582 0.03389180
v 0.08635461 0.07349830 0.03398824
v 0.08537292 0.07389348 0.03382815
v 0.12040340 0.06415390 0.01394547
v 0.11997160 0.06455022 0.01452173
v 0.11945900 0.06482738 0.01522274
v 0.12040340 0.06415390 0.01394547
v 0.12075680 0.06414991 0.01320810
v 0.11997160 0.06455022 0.01452173
v 0.12096180 0.06384676 0.01306374
v 0.12075680 0.06414991 0.01320810
v 0.12040340 0.06415390 0.01394547
v 0.11997160 0.06455022 0.01452173
v 0.12075680 0.06414991 0.01320810
v 0.12013130 0.06457006 0.01417155
v 0.08635461 0.07349830 0.03398824
v 0.08746463 0.07351428 0.03386719
v 0.08632874 0.07373130 0.03384943
v 0.08746463 0.07351428 0.03386719
v 0.08635461 0.07349830 0.03398824
v 0.08782476 0.07325136 0.03398342
v 0.12227360 0.06292575 0.01004798
v 0.12227510 0.06305122 0.00981272
v 0.12188420 0.06333172 0.01107181
v 0.08782476 0.07325136 0.03398342
v 0.08839035 0.07331198 0.03387762
v 0.08746463 0.07351428 0.03386719
v 0.08782476 0.07325136 0.03398342
v 0.08942943 0.07291048 0.03393538
v 0.08839035 0.07331198 0.03387762
v 0.09079647 0.07267802 0.03381176
v 0.09106296 0.07285350 0.03363533
v 0.08960711 0.07304674 0.03384192
v 0.05475020 0.07964724 0.00688720
v 0.05492883 0.07972347 0.00735415
v 0.05487614 0.07986384 0.00642098
v 0.05487614 0.07986384 0.00642098
v 0.05492883 0.07972347 0.00735415
v 0.05508697 0.07982069 0.00744344
v 0.05508399 0.07956886 0.00838620
v 0.05508697 0.07982069 0.00744344
v 0.05492883 0.07972347 0.00735415
v 0.05508399 0.07956886 0.00838620
v 0.05523496 0.07974994 0.00832636
v 0.05508697 0.07982069 0.00744344
v 0.09196484 0.07246899 0.03366400
v 0.09284454 0.07243782 0.03345317
v 0.09106296 0.07285350 0.03363533
v 0.05566442 0.07973247 0.00955356
v 0.05539691 0.07953870 0.00950200
v 0.05586433 0.07962566 0.01052565
v 0.05582386 0.07948774 0.01083542
v 0.05586433 0.07962566 0.01052565
v 0.05539691 0.07953870 0.00950200
v 0.09323960 0.07219547 0.03346772
v 0.09284454 0.07243782 0.03345317
v 0.09196484 0.07246899 0.03366400
v 0.05603224 0.07933509 0.01160897
v 0.05619013 0.07958883 0.01142896
v 0.05582386 0.07948774 0.01083542
v 0.09323960 0.07219547 0.03346772
v 0.09384071 0.07232767 0.03319973
v 0.09284454 0.07243782 0.03345317
v 0.09323960 0.07219547 0.03346772
v 0.09422028 0.07198125 0.03328950
v 0.09384071 0.07232767 0.03319973
v 0.06227988 0.07844495 0.02199263
v 0.06153076 0.07847750 0.02128357
v 0.06225878 0.07823503 0.02229012
v 0.06225878 0.07823503 0.02229012
v 0.06153076 0.07847750 0.02128357
v 0.06169939 0.07823032 0.02168567
v 0.06302165 0.07817965 0.02305336
v 0.06261044 0.07828235 0.02255589
v 0.06225878 0.07823503 0.02229012
v 0.06303840 0.07797354 0.02323950
v 0.06302165 0.07817965 0.02305336
v 0.06225878 0.07823503 0.02229012
v 0.06369870 0.07790255 0.02391876
v 0.09422028 0.07198125 0.03328950
v 0.09524422 0.07200235 0.03292847
v 0.09384071 0.07232767 0.03319973
v 0.09422028 0.07198125 0.03328950
v 0.09539812 0.07175016 0.03301574
v 0.09524422 0.07200235 0.03292847
v 0.07590693 0.07555907 0.03189708
v 0.07522106 0.07583969 0.03153677
v 0.07452154 0.07582437 0.03134073
v 0.07522106 0.07583969 0.03153677
v 0.07590693 0.07555907 0.03189708
v 0.07671064 0.07564163 0.03200776
v 0.09539812 0.07175016 0.03301574
v 0.09638905 0.07154893 0.03275187
v 0.09524422 0.07200235 0.03292847
v 0.09638905 0.07154893 0.03275187
v 0.09682446 0.07167160 0.03252060
v 0.09524422 0.07200235 0.03292847
v 0.10998610 0.06920957 0.02482945
v 0.10988590 0.06902903 0.02511973
v 0.11079960 0.06894195 0.02418048
v 0.11079960 0.06894195 0.02418048
v 0.11148510 0.06871408 0.02353264
v 0.11192210 0.06875538 0.02293134
v 0.11148510 0.06871408 0.02353264
v 0.11226120 0.06849265 0.02269024
v 0.11192210 0.06875538 0.02293134
v 0.11178640 0.06843751 0.02323128
v 0.11226120 0.06849265 0.02269024
v 0.11148510 0.06871408 0.02353264
v 0.09638905 0.07154893 0.03275187
v 0.09751135 0.07133990 0.03241057
v 0.09682446 0.07167160 0.03252060
v 0.12346270 0.06224799 0.00064106
v 0.12346860 0.06221324 0.00132836
v 0.12351540 0.06205058 -0.00073426
v 0.11226120 0.06849265 0.02269024
v 0.11178640 0.06843751 0.02323128
v 0.11277860 0.06839311 0.02211738
v 0.11277860 0.06839311 0.02211738
v 0.11359690 0.06820863 0.02121801
v 0.11292670 0.06851613 0.02178628
v 0.11277860 0.06839311 0.02211738
v 0.11178640 0.06843751 0.02323128
v 0.11293160 0.06813013 0.02199054
v 0.09751135 0.07133990 0.03241057
v 0.09788495 0.07149296 0.03215940
v 0.09682446 0.07167160 0.03252060
v 0.09751135 0.07133990 0.03241057
v 0.09850746 0.07114434 0.03207196
v 0.09788495 0.07149296 0.03215940
v 0.09850746 0.07114434 0.03207196
v 0.09888416 0.07129812 0.03180648
v 0.09788495 0.07149296 0.03215940
v 0.09850746 0.07114434 0.03207196
v 0.09949505 0.07095330 0.03169984
v 0.09888416 0.07129812 0.03180648
v 0.09949505 0.07095330 0.03169984
v 0.09986639 0.07110708 0.03142292
v 0.09888416 0.07129812 0.03180648
v 0.09949505 0.07095330 0.03169984
v 0.10046100 0.07076549 0.03130031
v 0.09986639 0.07110708 0.03142292
v 0.10046100 0.07076549 0.03130031
v 0.10084220 0.07094615 0.03098292
v 0.09986639 0.07110708 0.03142292
v 0.10046100 0.07076549 0.03130031
v 0.10181660 0.07049697 0.03068335
v 0.10084220 0.07094615 0.03098292
v 0.07221555 0.07644647 -0.03012042
v 0.07317745 0.07626575 -0.03060214
v 0.07222008 0.07623308 -0.03026680
v 0.07133740 0.07662695 -0.02962892
v 0.07221555 0.07644647 -0.03012042
v 0.07126849 0.07642781 -0.02974503
v 0.07037621 0.07661455 -0.02921872
v 0.07133740 0.07662695 -0.02962892
v 0.07126849 0.07642781 -0.02974503
v 0.07038056 0.07682538 -0.02904986
v 0.07133740 0.07662695 -0.02962892
v 0.07037621 0.07661455 -0.02921872
v 0.05864948 0.07894593 -0.01714401
v 0.05810528 0.07899934 -0.01622121
v 0.05854630 0.07910799 -0.01670240
v 0.06942355 0.07678776 -0.02862637
v 0.06932497 0.07700043 -0.02841835
v 0.07037621 0.07661455 -0.02921872
v 0.07037621 0.07661455 -0.02921872
v 0.06932497 0.07700043 -0.02841835
v 0.07038056 0.07682538 -0.02904986
v 0.06858688 0.07692778 -0.02807908
v 0.06932497 0.07700043 -0.02841835
v 0.06942355 0.07678776 -0.02862637
v 0.05810528 0.07899934 -0.01622121
v 0.05758821 0.07903301 -0.01528546
v 0.05797106 0.07918560 -0.01572487
v 0.06478619 0.07793807 -0.02471601
v 0.06543040 0.07771492 -0.02544306
v 0.06513458 0.07758587 -0.02532564
v 0.06513458 0.07758587 -0.02532564
v 0.06436032 0.07796877 -0.02438204
v 0.06478619 0.07793807 -0.02471601
v 0.05758821 0.07903301 -0.01528546
v 0.05725169 0.07919168 -0.01447128
v 0.05765897 0.07927805 -0.01501424
v 0.06289607 0.07804214 -0.02306800
v 0.06314605 0.07820123 -0.02312582
v 0.06357109 0.07788830 -0.02380185
v 0.06357109 0.07788830 -0.02380185
v 0.06314605 0.07820123 -0.02312582
v 0.06346887 0.07807254 -0.02355479
v 0.06314605 0.07820123 -0.02312582
v 0.06289607 0.07804214 -0.02306800
v 0.06243234 0.07835221 -0.02229600
v 0.06243234 0.07835221 -0.02229600
v 0.06289607 0.07804214 -0.02306800
v 0.06221294 0.07814615 -0.02230446
v 0.06161350 0.07851427 -0.02129786
v 0.06135958 0.07836049 -0.02124052
v 0.06103539 0.07866632 -0.02045833
v 0.05725169 0.07919168 -0.01447128
v 0.05677711 0.07929635 -0.01338195
v 0.05722337 0.07936340 -0.01408011
v 0.06103539 0.07866632 -0.02045833
v 0.06135958 0.07836049 -0.02124052
v 0.06087476 0.07845163 -0.02061050
v 0.06103539 0.07866632 -0.02045833
v 0.06048703 0.07849484 -0.02010154
v 0.06044304 0.07868033 -0.01983528
v 0.06087476 0.07845163 -0.02061050
v 0.06048703 0.07849484 -0.02010154
v 0.06103539 0.07866632 -0.02045833
v 0.05722337 0.07936340 -0.01408011
v 0.05677711 0.07929635 -0.01338195
v 0.05681324 0.07946288 -0.01305317
v 0.05758821 0.07903301 -0.01528546
v 0.05765897 0.07927805 -0.01501424
v 0.05797106 0.07918560 -0.01572487
v 0.05677711 0.07929635 -0.01338195
v 0.05634588 0.07934802 -0.01235484
v 0.05681324 0.07946288 -0.01305317
v 0.05636394 0.07954651 -0.01191215
v 0.05498558 0.07977646 -0.00737046
v 0.05477309 0.07972002 -0.00676220
v 0.05482769 0.07984185 -0.00636660
v 0.05480504 0.07956176 -0.00731860
v 0.05477309 0.07972002 -0.00676220
v 0.05498558 0.07977646 -0.00737046
v 0.05482769 0.07984185 -0.00636660
v 0.05477309 0.07972002 -0.00676220
v 0.05459707 0.07960778 -0.00627129
v 0.05572605 0.07937204 -0.01074694
v 0.05604988 0.07948046 -0.01139991
v 0.05634588 0.07934802 -0.01235484
v 0.05634588 0.07934802 -0.01235484
v 0.05604988 0.07948046 -0.01139991
v 0.05636394 0.07954651 -0.01191215
v 0.05459707 0.07960778 -0.00627129
v 0.05445593 0.07969337 -0.00534688
v 0.05482769 0.07984185 -0.00636660
v 0.05445593 0.07969337 -0.00534688
v 0.05460155 0.07988876 -0.00496047
v 0.05482769 0.07984185 -0.00636660
v 0.05636394 0.07954651 -0.01191215
v 0.05604988 0.07948046 -0.01139991
v 0.05596143 0.07962554 -0.01075189
v 0.05441737 0.07983720 -0.00428563
v 0.05460155 0.07988876 -0.00496047
v 0.05445593 0.07969337 -0.00534688
v 0.05428338 0.07967531 -0.00421499
v 0.05441737 0.07983720 -0.00428563
v 0.05445593 0.07969337 -0.00534688
v 0.05569297 0.07953476 -0.01035546
v 0.05604988 0.07948046 -0.01139991
v 0.05572605 0.07937204 -0.01074694
v 0.05596143 0.07962554 -0.01075189
v 0.05604988 0.07948046 -0.01139991
v 0.05569297 0.07953476 -0.01035546
v 0.05425339 0.07978320 -0.00341599
v 0.05441737 0.07983720 -0.00428563
v 0.05425339 0.07978320 -0.00341599
v 0.05441236 0.07992368 -0.00344884
v 0.05425339 0.07978320 -0.00341599
v 0.05414992 0.07972443 -0.00287830
v 0.05441236 0.07992368 -0.00344884
v 0.05426836 0.07990610 -0.00235199
v 0.05414992 0.07972443 -0.00287830
v 0.05409348 0.07970088 -0.00220542
v 0.05405873 0.07978963 -0.00027829
v 0.05419445 0.07991594 -0.00090735
v 0.05403423 0.07969278 -0.00104671
v 0.05572605 0.07937204 -0.01074694
v 0.05533516 0.07950752 -0.00938814
v 0.05569297 0.07953476 -0.01035546
v 0.05563426 0.07969462 -0.00967531
v 0.05569297 0.07953476 -0.01035546
v 0.05533516 0.07950752 -0.00938814
v 0.05596143 0.07962554 -0.01075189
v 0.05569297 0.07953476 -0.01035546
v 0.05563426 0.07969462 -0.00967531
v 0.12351540 0.06205058 -0.00073426
v 0.12347340 0.06216377 -0.00175964
v 0.12346270 0.06224799 0.00064106
v 0.12346270 0.06224799 0.00064106
v 0.12347340 0.06216377 -0.00175964
v 0.12334130 0.06233412 -0.00327861
v 0.11224590 0.06865638 -0.02258687
v 0.11193510 0.06860470 -0.02304124
v 0.11163150 0.06880080 -0.02327793
v 0.05533516 0.07950752 -0.00938814
v 0.05537188 0.07974040 -0.00875370
v 0.05563426 0.07969462 -0.00967531
v 0.11123500 0.06866824 -0.02382754
v 0.11163150 0.06880080 -0.02327793
v 0.11193510 0.06860470 -0.02304124
v 0.05508840 0.07968437 -0.00808989
v 0.05533516 0.07950752 -0.00938814
v 0.05506289 0.07951736 -0.00841420
v 0.05508840 0.07968437 -0.00808989
v 0.11117650 0.06894022 -0.02371936
v 0.11163150 0.06880080 -0.02327793
v 0.11123500 0.06866824 -0.02382754
v 0.12214310 0.06286853 -0.01048564
v 0.12205490 0.06311053 -0.01076763
v 0.12266340 0.06264442 -0.00834214
v 0.12266340 0.06264442 -0.00834214
v 0.12198850 0.06327110 -0.01074080
v 0.12247560 0.06297391 -0.00875007
v 0.12205490 0.06311053 -0.01076763
v 0.12198850 0.06327110 -0.01074080
v 0.12266340 0.06264442 -0.00834214
v 0.11045410 0.06888085 -0.02459060
v 0.11123500 0.06866824 -0.02382754
v 0.11099150 0.06862062 -0.02408205
v 0.05480504 0.07956176 -0.00731860
v 0.05508840 0.07968437 -0.00808989
v 0.05506289 0.07951736 -0.00841420
v 0.05498558 0.07977646 -0.00737046
v 0.05508840 0.07968437 -0.00808989
v 0.05480504 0.07956176 -0.00731860
v 0.05459707 0.07960778 -0.00627129
v 0.05477309 0.07972002 -0.00676220
v 0.05480504 0.07956176 -0.00731860
v 0.05441236 0.07992368 -0.00344884
v 0.05426836 0.07990610 -0.00235199
v 0.05420804 0.07991176 -0.00153416
v 0.05409348 0.07970088 -0.00220542
v 0.05420804 0.07991176 -0.00153416
v 0.05426836 0.07990610 -0.00235199
v 0.05429983 0.07998430 0.00100286
v 0.05420804 0.07991176 -0.00153416
v 0.05419445 0.07991594 -0.00090735
v 0.05429983 0.07998430 0.00100286
v 0.05419445 0.07991594 -0.00090735
v 0.05405873 0.07978963 -0.00027829
v 0.10277470 0.07019805 -0.03019158
v 0.10158120 0.07071423 -0.03071527
v 0.10340940 0.07029032 -0.02981137
v 0.10111180 0.07059025 -0.03101294
v 0.12337650 0.06215322 -0.00344240
v 0.12334130 0.06233412 -0.00327861
v 0.12347340 0.06216377 -0.00175964
v 0.10340940 0.07029032 -0.02981137
v 0.10158120 0.07071423 -0.03071527
v 0.10363160 0.07037490 -0.02959274
v 0.12320970 0.06229615 -0.00501930
v 0.12334130 0.06233412 -0.00327861
v 0.12337650 0.06215322 -0.00344240
v 0.10111180 0.07059025 -0.03101294
v 0.09977871 0.07094180 -0.03157376
v 0.10093940 0.07088357 -0.03097383
v 0.09977871 0.07094180 -0.03157376
v 0.09914326 0.07122254 -0.03173183
v 0.10093940 0.07088357 -0.03097383
v 0.12305170 0.06236505 -0.00618379
v 0.12289970 0.06246322 -0.00710862
v 0.12294080 0.06261312 -0.00650262
v 0.12294080 0.06261312 -0.00650262
v 0.12289970 0.06246322 -0.00710862
v 0.12275310 0.06272614 -0.00760310
v 0.12289970 0.06246322 -0.00710862
v 0.12266340 0.06264442 -0.00834214
v 0.12275310 0.06272614 -0.00760310
v 0.12275310 0.06272614 -0.00760310
v 0.12266340 0.06264442 -0.00834214
v 0.12247560 0.06297391 -0.00875007
v 0.08877295 0.07300931 -0.03397994
v 0.08897846 0.07315045 -0.03389327
v 0.09041786 0.07269537 -0.03386543
v 0.09041786 0.07269537 -0.03386543
v 0.08897846 0.07315045 -0.03389327
v 0.09073722 0.07285171 -0.03372483
v 0.12139670 0.06353127 -0.01229845
v 0.12120300 0.06381708 -0.01249563
v 0.12156870 0.06355744 -0.01179307
v 0.12077360 0.06394660 -0.01338844
v 0.12120300 0.06381708 -0.01249563
v 0.12139670 0.06353127 -0.01229845
v 0.12077360 0.06394660 -0.01338844
v 0.12057600 0.06424051 -0.01357053
v 0.12120300 0.06381708 -0.01249563
v 0.12120300 0.06381708 -0.01249563
v 0.12057600 0.06424051 -0.01357053
v 0.12037930 0.06445091 -0.01371305
v 0.12030260 0.06431734 -0.01408822
v 0.12057600 0.06424051 -0.01357053
v 0.12077360 0.06394660 -0.01338844
v 0.12057600 0.06424051 -0.01357053
v 0.12030260 0.06431734 -0.01408822
v 0.12037930 0.06445091 -0.01371305
v 0.12030260 0.06431734 -0.01408822
v 0.11975550 0.06483054 -0.01469306
v 0.12037930 0.06445091 -0.01371305
v 0.11953040 0.06482404 -0.01512993
v 0.11879000 0.06535601 -0.01601737
v 0.11975550 0.06483054 -0.01469306
v 0.06730914 0.07713890 -0.02715783
v 0.06740796 0.07741284 -0.02700601
v 0.06858688 0.07692778 -0.02807908
v 0.06858688 0.07692778 -0.02807908
v 0.06740796 0.07741284 -0.02700601
v 0.06932497 0.07700043 -0.02841835
v 0.11824260 0.06567531 -0.01664935
v 0.11720280 0.06630152 -0.01776849
v 0.11809750 0.06590217 -0.01672702
v 0.11642310 0.06691002 -0.01845353
v 0.11553310 0.06717163 -0.01945554
v 0.11559870 0.06735670 -0.01924817
v 0.06730914 0.07713890 -0.02715783
v 0.06606668 0.07742691 -0.02613751
v 0.06740796 0.07741284 -0.02700601
v 0.06606668 0.07742691 -0.02613751
v 0.06592220 0.07770532 -0.02576355
v 0.06740796 0.07741284 -0.02700601
v 0.11479170 0.06776016 -0.02002959
v 0.11435150 0.06774151 -0.02058469
v 0.11408630 0.06799882 -0.02075581
v 0.11408630 0.06799882 -0.02075581
v 0.11435150 0.06774151 -0.02058469
v 0.11343260 0.06824070 -0.02141963
v 0.06135958 0.07836049 -0.02124052
v 0.11277900 0.06817752 -0.02215414
v 0.11271420 0.06835764 -0.02220588
v 0.11343260 0.06824070 -0.02141963
v 0.06135958 0.07836049 -0.02124052
v 0.06161350 0.07851427 -0.02129786
v 0.06243234 0.07835221 -0.02229600
v 0.11224590 0.06865638 -0.02258687
v 0.11279700 0.06854867 -0.02194940
v 0.11271420 0.06835764 -0.02220588
v 0.11123500 0.06866824 -0.02382754
v 0.11045410 0.06888085 -0.02459060
v 0.11044000 0.06906580 -0.02446746
v 0.11045410 0.06888085 -0.02459060
v 0.10979370 0.06917291 -0.02511321
v 0.11044000 0.06906580 -0.02446746
v 0.11045410 0.06888085 -0.02459060
v 0.10976950 0.06892937 -0.02525966
v 0.10979370 0.06917291 -0.02511321
v 0.10710900 0.06947803 -0.02746098
v 0.10647100 0.06961184 -0.02792410
v 0.10712130 0.06968420 -0.02732532
v 0.10613580 0.06985467 -0.02806632
v 0.10568590 0.06971800 -0.02846299
v 0.10537320 0.06996917 -0.02860318
v 0.10397240 0.07009726 -0.02953110
v 0.10457210 0.07019698 -0.02903192
v 0.10464270 0.06995791 -0.02912842
v 0.12294080 0.06261312 -0.00650262
v 0.12334130 0.06233412 -0.00327861
v 0.12320970 0.06229615 -0.00501930
v 0.10340940 0.07029032 -0.02981137
v 0.10363160 0.07037490 -0.02959274
v 0.10397240 0.07009726 -0.02953110
v 0.12320970 0.06229615 -0.00501930
v 0.12305170 0.06236505 -0.00618379
v 0.12294080 0.06261312 -0.00650262
v 0.10158120 0.07071423 -0.03071527
v 0.10111180 0.07059025 -0.03101294
v 0.10093940 0.07088357 -0.03097383
v 0.12214310 0.06286853 -0.01048564
v 0.12178170 0.06310945 -0.01147996
v 0.12205490 0.06311053 -0.01076763
v 0.12205490 0.06311053 -0.01076763
v 0.12139670 0.06353127 -0.01229845
v 0.12156870 0.06355744 -0.01179307
v 0.12178170 0.06310945 -0.01147996
v 0.12139670 0.06353127 -0.01229845
v 0.12205490 0.06311053 -0.01076763
v 0.09882915 0.07110172 -0.03194164
v 0.09914326 0.07122254 -0.03173183
v 0.09977871 0.07094180 -0.03157376
v 0.09882915 0.07110172 -0.03194164
v 0.09780031 0.07126408 -0.03231703
v 0.09797853 0.07145822 -0.03214584
v 0.09780031 0.07126408 -0.03231703
v 0.09673011 0.07147043 -0.03265409
v 0.09689491 0.07165813 -0.03249930
v 0.09360915 0.07211458 -0.03340857
v 0.09262782 0.07225334 -0.03358798
v 0.09252685 0.07249838 -0.03349899
v 0.11894320 0.06542867 -0.01562932
v 0.11879000 0.06535601 -0.01601737
v 0.11809750 0.06590217 -0.01672702
v 0.09165346 0.07248842 -0.03372489
v 0.09153467 0.07271862 -0.03361313
v 0.09252685 0.07249838 -0.03349899
v 0.11824260 0.06567531 -0.01664935
v 0.11809750 0.06590217 -0.01672702
v 0.11879000 0.06535601 -0.01601737
v 0.09165346 0.07248842 -0.03372489
v 0.09073722 0.07285171 -0.03372483
v 0.09153467 0.07271862 -0.03361313
v 0.09165346 0.07248842 -0.03372489
v 0.09041786 0.07269537 -0.03386543
v 0.09073722 0.07285171 -0.03372483
v 0.08877295 0.07300931 -0.03397994
v 0.08829563 0.07333254 -0.03387587
v 0.08897846 0.07315045 -0.03389327
v 0.11720280 0.06630152 -0.01776849
v 0.11731040 0.06641632 -0.01752286
v 0.11809750 0.06590217 -0.01672702
v 0.08698713 0.07350850 -0.03394125
v 0.08877295 0.07300931 -0.03397994
v 0.08758074 0.07314532 -0.03401170
v 0.11720280 0.06630152 -0.01776849
v 0.11642310 0.06691002 -0.01845353
v 0.11731040 0.06641632 -0.01752286
v 0.11553310 0.06717163 -0.01945554
v 0.11642310 0.06691002 -0.01845353
v 0.11720280 0.06630152 -0.01776849
v 0.08698713 0.07350850 -0.03394125
v 0.08610332 0.07374727 -0.03386925
v 0.08728295 0.07357943 -0.03383164
v 0.08615815 0.07350885 -0.03398077
v 0.08510047 0.07376080 -0.03391765
v 0.08610332 0.07374727 -0.03386925
v 0.11553310 0.06717163 -0.01945554
v 0.11479170 0.06776016 -0.02002959
v 0.11559870 0.06735670 -0.01924817
v 0.08510047 0.07376080 -0.03391765
v 0.08416283 0.07391780 -0.03384124
v 0.08421391 0.07411682 -0.03373275
v 0.11553310 0.06717163 -0.01945554
v 0.11435150 0.06774151 -0.02058469
v 0.11479170 0.06776016 -0.02002959
v 0.08416283 0.07391780 -0.03384124
v 0.08317595 0.07408642 -0.03372966
v 0.08325099 0.07431024 -0.03361659
v 0.11277900 0.06817752 -0.02215414
v 0.11343260 0.06824070 -0.02141963
v 0.11435150 0.06774151 -0.02058469
v 0.08120012 0.07452237 -0.03340213
v 0.08218145 0.07456231 -0.03340857
v 0.08220398 0.07432740 -0.03358029
v 0.08015602 0.07475119 -0.03316735
v 0.08115035 0.07476443 -0.03321992
v 0.08120012 0.07452237 -0.03340213
v 0.07913631 0.07495611 -0.03291349
v 0.08013767 0.07496070 -0.03300302
v 0.08015602 0.07475119 -0.03316735
v 0.10976950 0.06892937 -0.02525966
v 0.11045410 0.06888085 -0.02459060
v 0.11099150 0.06862062 -0.02408205
v 0.07714682 0.07535213 -0.03231923
v 0.07819020 0.07534176 -0.03248261
v 0.07812273 0.07516115 -0.03262596
v 0.07714682 0.07535213 -0.03231923
v 0.07727718 0.07550489 -0.03221516
v 0.07819020 0.07534176 -0.03248261
v 0.10903870 0.06910842 -0.02591102
v 0.07714682 0.07535213 -0.03231923
v 0.07618111 0.07566821 -0.03189336
v 0.07727718 0.07550489 -0.03221516
v 0.10903870 0.06910842 -0.02591102
v 0.10879090 0.06934142 -0.02601950
v 0.10979370 0.06917291 -0.02511321
v 0.10903870 0.06910842 -0.02591102
v 0.10824060 0.06922799 -0.02658056
v 0.10879090 0.06934142 -0.02601950
v 0.10824060 0.06922799 -0.02658056
v 0.10801460 0.06947749 -0.02667115
v 0.10879090 0.06934142 -0.02601950
v 0.10710900 0.06947803 -0.02746098
v 0.10765930 0.06944817 -0.02701174
v 0.10824060 0.06922799 -0.02658056
v 0.10824060 0.06922799 -0.02658056
v 0.10765930 0.06944817 -0.02701174
v 0.10801460 0.06947749 -0.02667115
v 0.07328075 0.07609307 -0.03076868
v 0.07317745 0.07626575 -0.03060214
v 0.07412499 0.07612550 -0.03098558
v 0.10712130 0.06968420 -0.02732532
v 0.10647100 0.06961184 -0.02792410
v 0.10613580 0.06985467 -0.02806632
v 0.07222008 0.07623308 -0.03026680
v 0.07317745 0.07626575 -0.03060214
v 0.07328075 0.07609307 -0.03076868
v 0.10568590 0.06971800 -0.02846299
v 0.10613580 0.06985467 -0.02806632
v 0.10647100 0.06961184 -0.02792410
v 0.10464270 0.06995791 -0.02912842
v 0.10537320 0.06996917 -0.02860318
v 0.10568590 0.06971800 -0.02846299
v 0.07126849 0.07642781 -0.02974503
v 0.07221555 0.07644647 -0.03012042
v 0.07222008 0.07623308 -0.03026680
v 0.10277470 0.07019805 -0.03019158
v 0.10340940 0.07029032 -0.02981137
v 0.10397240 0.07009726 -0.02953110
v 0.06543040 0.07771492 -0.02544306
v 0.06513458 0.07758587 -0.02532564
v 0.06543040 0.07771492 -0.02544306
v 0.06606668 0.07742691 -0.02613751
v 0.06543040 0.07771492 -0.02544306
v 0.06478619 0.07793807 -0.02471601
v 0.06592220 0.07770532 -0.02576355
v 0.06357109 0.07788830 -0.02380185
v 0.06436032 0.07796877 -0.02438204
v 0.06513458 0.07758587 -0.02532564
v 0.09165346 0.07248842 -0.03372489
v 0.06103539 0.07866632 -0.02045833
v 0.06044304 0.07868033 -0.01983528
v 0.06020468 0.07880014 -0.01936291
v 0.05854630 0.07910799 -0.01670240
v 0.05810528 0.07899934 -0.01622121
v 0.05797106 0.07918560 -0.01572487
v 0.08615815 0.07350885 -0.03398077
v 0.08698713 0.07350850 -0.03394125
v 0.08758074 0.07314532 -0.03401170
v 0.05765897 0.07927805 -0.01501424
v 0.05725169 0.07919168 -0.01447128
v 0.05722337 0.07936340 -0.01408011
v 0.08220398 0.07432740 -0.03358029
v 0.05508840 0.07968437 -0.00808989
v 0.05498558 0.07977646 -0.00737046
v 0.05537188 0.07974040 -0.00875370
v 0.05460155 0.07988876 -0.00496047
v 0.05441737 0.07983720 -0.00428563
v 0.05441236 0.07992368 -0.00344884
v 0.05414992 0.07972443 -0.00287830
v 0.05425339 0.07978320 -0.00341599
v 0.05428338 0.07967531 -0.00421499
v 0.05414992 0.07972443 -0.00287830
v 0.05426836 0.07990610 -0.00235199
v 0.05441236 0.07992368 -0.00344884
v 0.07585901 0.07559537 -0.03186719
v 0.07618111 0.07566821 -0.03189336
v 0.07714682 0.07535213 -0.03231923
v 0.05409348 0.07970088 -0.00220542
v 0.05403423 0.07969278 -0.00104671
v 0.05420804 0.07991176 -0.00153416
v 0.05420804 0.07991176 -0.00153416
v 0.05403423 0.07969278 -0.00104671
v 0.05419445 0.07991594 -0.00090735
v 0.12205490 0.06311053 -0.01076763
v 0.12156870 0.06355744 -0.01179307
v 0.12198850 0.06327110 -0.01074080
v 0.11953040 0.06482404 -0.01512993
v 0.11975550 0.06483054 -0.01469306
v 0.12030260 0.06431734 -0.01408822
v 0.11975550 0.06483054 -0.01469306
v 0.11879000 0.06535601 -0.01601737
v 0.11894320 0.06542867 -0.01562932
v 0.11279700 0.06854867 -0.02194940
v 0.11343260 0.06824070 -0.02141963
v 0.11271420 0.06835764 -0.02220588
v 0.11193510 0.06860470 -0.02304124
v 0.11224590 0.06865638 -0.02258687
v 0.11271420 0.06835764 -0.02220588
v 0.11044000 0.06906580 -0.02446746
v 0.11117650 0.06894022 -0.02371936
v 0.11123500 0.06866824 -0.02382754
v 0.10801460 0.06947749 -0.02667115
v 0.10765930 0.06944817 -0.02701174
v 0.10712130 0.06968420 -0.02732532
v 0.10765930 0.06944817 -0.02701174
v 0.10457210 0.07019698 -0.02903192
v 0.10537320 0.06996917 -0.02860318
v 0.10464270 0.06995791 -0.02912842
v 0.10457210 0.07019698 -0.02903192
v 0.10397240 0.07009726 -0.02953110
v 0.10363160 0.07037490 -0.02959274
v 0.09797853 0.07145822 -0.03214584
v 0.09914326 0.07122254 -0.03173183
v 0.09882915 0.07110172 -0.03194164
v 0.09689491 0.07165813 -0.03249930
v 0.09797853 0.07145822 -0.03214584
v 0.09780031 0.07126408 -0.03231703
v 0.09587180 0.07167547 -0.03289239
v 0.09689491 0.07165813 -0.03249930
v 0.09673011 0.07147043 -0.03265409
v 0.09576952 0.07191121 -0.03277688
v 0.09689491 0.07165813 -0.03249930
v 0.09587180 0.07167547 -0.03289239
v 0.06357109 0.07788830 -0.02380185
v 0.06346887 0.07807254 -0.02355479
v 0.06436032 0.07796877 -0.02438204
v 0.09479320 0.07188487 -0.03315978
v 0.09576952 0.07191121 -0.03277688
v 0.09587180 0.07167547 -0.03289239
v 0.09472000 0.07211464 -0.03303681
v 0.09360915 0.07211458 -0.03340857
v 0.09472000 0.07211464 -0.03303681
v 0.09479320 0.07188487 -0.03315978
v 0.06346887 0.07807254 -0.02355479
v 0.06314605 0.07820123 -0.02312582
v 0.06436032 0.07796877 -0.02438204
v 0.09472000 0.07211464 -0.03303681
v 0.09360915 0.07211458 -0.03340857
v 0.09360927 0.07234025 -0.03326086
v 0.09252685 0.07249838 -0.03349899
v 0.09360927 0.07234025 -0.03326086
v 0.09360915 0.07211458 -0.03340857
v 0.08698713 0.07350850 -0.03394125
v 0.08829563 0.07333254 -0.03387587
v 0.08877295 0.07300931 -0.03397994
v 0.08728295 0.07357943 -0.03383164
v 0.08829563 0.07333254 -0.03387587
v 0.08698713 0.07350850 -0.03394125
v 0.08610332 0.07374727 -0.03386925
v 0.08698713 0.07350850 -0.03394125
v 0.08615815 0.07350885 -0.03398077
v 0.08519470 0.07397520 -0.03376226
v 0.08610332 0.07374727 -0.03386925
v 0.08510047 0.07376080 -0.03391765
v 0.08510047 0.07376080 -0.03391765
v 0.08421391 0.07411682 -0.03373275
v 0.08519470 0.07397520 -0.03376226
v 0.08325099 0.07431024 -0.03361659
v 0.08421391 0.07411682 -0.03373275
v 0.08416283 0.07391780 -0.03384124
v 0.08218145 0.07456231 -0.03340857
v 0.08325099 0.07431024 -0.03361659
v 0.08220398 0.07432740 -0.03358029
v 0.06048703 0.07849484 -0.02010154
v 0.05968827 0.07865899 -0.01893072
v 0.06044304 0.07868033 -0.01983528
v 0.05968827 0.07865899 -0.01893072
v 0.06020468 0.07880014 -0.01936291
v 0.06044304 0.07868033 -0.01983528
v 0.08115035 0.07476443 -0.03321992
v 0.08218145 0.07456231 -0.03340857
v 0.08120012 0.07452237 -0.03340213
v 0.08013767 0.07496070 -0.03300302
v 0.08115035 0.07476443 -0.03321992
v 0.08015602 0.07475119 -0.03316735
v 0.07915210 0.07515007 -0.03276114
v 0.08013767 0.07496070 -0.03300302
v 0.07913631 0.07495611 -0.03291349
v 0.05968827 0.07865899 -0.01893072
v 0.05967253 0.07890683 -0.01855557
v 0.06020468 0.07880014 -0.01936291
v 0.05968827 0.07865899 -0.01893072
v 0.05918645 0.07887470 -0.01800095
v 0.05967253 0.07890683 -0.01855557
v 0.07812273 0.07516115 -0.03262596
v 0.07915210 0.07515007 -0.03276114
v 0.07913631 0.07495611 -0.03291349
v 0.07819020 0.07534176 -0.03248261
v 0.07915210 0.07515007 -0.03276114
v 0.07812273 0.07516115 -0.03262596
v 0.05907011 0.07871079 -0.01798801
v 0.05918645 0.07887470 -0.01800095
v 0.05968827 0.07865899 -0.01893072
v 0.05967253 0.07890683 -0.01855557
v 0.05918645 0.07887470 -0.01800095
v 0.05928939 0.07908785 -0.01757990
v 0.07618111 0.07566821 -0.03189336
v 0.07585901 0.07559537 -0.03186719
v 0.07508295 0.07591456 -0.03142915
v 0.05907011 0.07871079 -0.01798801
v 0.05864948 0.07894593 -0.01714401
v 0.05918645 0.07887470 -0.01800095
v 0.07508295 0.07591456 -0.03142915
v 0.07585901 0.07559537 -0.03186719
v 0.07495230 0.07572019 -0.03152703
v 0.07495230 0.07572019 -0.03152703
v 0.07414507 0.07594054 -0.03116070
v 0.07508295 0.07591456 -0.03142915
v 0.07508295 0.07591456 -0.03142915
v 0.07414507 0.07594054 -0.03116070
v 0.07412499 0.07612550 -0.03098558
v 0.05918645 0.07887470 -0.01800095
v 0.05864948 0.07894593 -0.01714401
v 0.05928939 0.07908785 -0.01757990
v 0.07328075 0.07609307 -0.03076868
v 0.07412499 0.07612550 -0.03098558
v 0.07414507 0.07594054 -0.03116070
v 0.05928939 0.07908785 -0.01757990
v 0.05864948 0.07894593 -0.01714401
v 0.05854630 0.07910799 -0.01670240
vn 0.35759315 0.62503168 -0.69387502
vn 0.35759315 0.62503168 -0.69387502
vn 0.35759315 0.62503168 -0.69387502
vn 0.35441767 0.63690171 -0.68464905
vn 0.35441767 0.63690171 -0.68464905
vn 0.35441767 0.63690171 -0.68464905
vn 0.40597348 0.62703979 -0.66483580
vn 0.40597348 0.62703979 -0.66483580
vn 0.40597348 0.62703979 -0.66483580
vn 0.40635097 0.61808912 -0.67293738
vn 0.40635097 0.61808912 -0.67293738
vn 0.40635097 0.61808912 -0.67293738
vn 0.46568671 0.61520271 -0.63613011
vn 0.46568671 0.61520271 -0.63613011
vn 0.46568671 0.61520271 -0.63613011
vn 0.47312532 0.55048698 -0.68783466
vn 0.47312532 0.55048698 -0.68783466
vn 0.47312532 0.55048698 -0.68783466
vn 0.58020678 0.57753057 -0.57429830
vn 0.58020678 0.57753057 -0.57429830
vn 0.58020678 0.57753057 -0.57429830
vn 0.66914991 0.44771079 -0.59312178
vn 0.66914991 0.44771079 -0.59312178
vn 0.66914991 0.44771079 -0.59312178
vn 0.65951519 0.50043609 -0.56089521
vn 0.65951519 0.50043609 -0.56089521
vn 0.65951519 0.50043609 -0.56089521
vn 0.68015709 0.53405725 -0.50216449
vn 0.68015709 0.53405725 -0.50216449
vn 0.68015709 0.53405725 -0.50216449
vn 0.73662168 0.46870080 -0.48755313
vn 0.73662168 0.46870080 -0.48755313
vn 0.73662168 0.46870080 -0.48755313
vn 0.71977575 0.52409992 -0.45523855
vn 0.71977575 0.52409992 -0.45523855
vn 0.71977575 0.52409992 -0.45523855
vn 0.78551379 0.53662861 -0.30821715
vn 0.78551379 0.53662861 -0.30821715
vn 0.78551379 0.53662861 -0.30821715
vn 0.75887324 0.59944112 -0.25452258
vn 0.75887324 0.59944112 -0.25452258
vn 0.75887324 0.59944112 -0.25452258
vn 0.79639716 0.55816872 -0.23280730
vn 0.79639716 0.55816872 -0.23280730
vn 0.79639716 0.55816872 -0.23280730
vn 0.86287914 0.46989539 -0.18611266
vn 0.86287914 0.46989539 -0.18611266
vn 0.86287914 0.46989539 -0.18611266
vn 0.82997384 0.54427695 -0.12209023
vn 0.82997384 0.54427695 -0.12209023
vn 0.82997384 0.54427695 -0.12209023
vn 0.84688038 0.51852906 -0.11798826
vn 0.84688038 0.51852906 -0.11798826
vn 0.84688038 0.51852906 -0.11798826
vn 0.84321515 0.53003446 -0.08973118
vn 0.84321515 0.53003446 -0.08973118
vn 0.84321515 0.53003446 -0.08973118
vn 0.21326828 0.58948135 -0.77912026
vn 0.21326828 0.58948135 -0.77912026
vn 0.21326828 0.58948135 -0.77912026
vn 0.21202147 0.46163000 -0.86136208
vn 0.21202147 0.46163000 -0.86136208
vn 0.21202147 0.46163000 -0.86136208
vn 0.80969910 0.58523543 -0.04343795
vn 0.80969910 0.58523543 -0.04343795
vn 0.80969910 0.58523543 -0.04343795
vn 0.92232110 0.38542063 -0.02783381
vn 0.92232110 0.38542063 -0.02783381
vn 0.92232110 0.38542063 -0.02783381
vn 0.92482462 0.37927872 -0.02910456
vn 0.92482462 0.37927872 -0.02910456
vn 0.92482462 0.37927872 -0.02910456
vn 0.54897672 0.54128472 -0.63689514
vn 0.54897672 0.54128472 -0.63689514
vn 0.54897672 0.54128472 -0.63689514
vn 0.60215785 0.03373626 -0.79766396
vn 0.60215785 0.03373626 -0.79766396
vn 0.60215785 0.03373626 -0.79766396
vn 0.83233861 0.33478296 -0.44173840
vn 0.83233861 0.33478296 -0.44173840
vn 0.83233861 0.33478296 -0.44173840
vn 0.77955412 0.47613546 -0.40692800
vn 0.77955412 0.47613546 -0.40692800
vn 0.77955412 0.47613546 -0.40692800
vn -0.68287296 0.71915454 -0.12845731
vn -0.68287296 0.71915454 -0.12845731
vn -0.68287296 0.71915454 -0.12845731
vn -0.55078360 0.80112793 -0.23416120
vn -0.55078360 0.80112793 -0.23416120
vn -0.55078360 0.80112793 -0.23416120
vn -0.64466026 0.72775412 -0.23406643
vn -0.64466026 0.72775412 -0.23406643
vn -0.64466026 0.72775412 -0.23406643
vn -0.57828269 0.76404174 -0.28605830
vn -0.57828269 0.76404174 -0.28605830
vn -0.57828269 0.76404174 -0.28605830
vn -0.56735312 0.76934416 -0.29363242
vn -0.56735312 0.76934416 -0.29363242
vn -0.56735312 0.76934416 -0.29363242
vn -0.05446785 0.67350028 -0.73717747
vn -0.05446785 0.67350028 -0.73717747
vn -0.05446785 0.67350028 -0.73717747
vn -0.63361471 0.75186477 -0.18229580
vn -0.63361471 0.75186477 -0.18229580
vn -0.63361471 0.75186477 -0.18229580
vn 0.80009079 0.50614617 -0.32197947
vn 0.80009079 0.50614617 -0.32197947
vn 0.80009079 0.50614617 -0.32197947
vn 0.79655305 0.57755979 -0.17868386
vn 0.79655305 0.57755979 -0.17868386
vn 0.79655305 0.57755979 -0.17868386
vn 0.82359367 0.55937094 -0.09379565
vn 0.82359367 0.55937094 -0.09379565
vn 0.82359367 0.55937094 -0.09379565
vn 0.92296453 0.37638757 -0.08042926
vn 0.92296453 0.37638757 -0.08042926
vn 0.92296453 0.37638757 -0.08042926
vn -0.50003877 0.78786525 -0.35948515
vn -0.50003877 0.78786525 -0.35948515
vn -0.50003877 0.78786525 -0.35948515
vn -0.63466576 0.21926747 -0.74102709
vn -0.63466576 0.21926747 -0.74102709
vn -0.63466576 0.21926747 -0.74102709
vn -0.24672861 0.69638567 -0.67392284
vn -0.24672861 0.69638567 -0.67392284
vn -0.24672861 0.69638567 -0.67392284
vn 0.69804912 0.49605146 -0.51639169
vn 0.69804912 0.49605146 -0.51639169
vn 0.69804912 0.49605146 -0.51639169
vn 0.81699222 0.51927435 -0.25075458
vn 0.81699222 0.51927435 -0.25075458
vn 0.81699222 0.51927435 -0.25075458
vn 0.85354662 0.48854084 -0.18106907
vn 0.85354662 0.48854084 -0.18106907
vn 0.85354662 0.48854084 -0.18106907
vn -0.74005530 0.67201234 -0.02678745
vn -0.74005530 0.67201234 -0.02678745
vn -0.74005530 0.67201234 -0.02678745
vn -0.69442146 0.71835450 -0.04178098
vn -0.69442146 0.71835450 -0.04178098
vn -0.69442146 0.71835450 -0.04178098
vn -0.65703773 0.75339442 -0.02642475
vn -0.65703773 0.75339442 -0.02642475
vn -0.65703773 0.75339442 -0.02642475
vn -0.53837689 0.83862460 -0.08281971
vn -0.53837689 0.83862460 -0.08281971
vn -0.53837689 0.83862460 -0.08281971
vn -0.67518249 0.73381037 -0.07517277
vn -0.67518249 0.73381037 -0.07517277
vn -0.67518249 0.73381037 -0.07517277
vn -0.65812357 0.74135772 -0.13138530
vn -0.65812357 0.74135772 -0.13138530
vn -0.65812357 0.74135772 -0.13138530
vn -0.65137884 0.73647491 -0.18251111
vn -0.65137884 0.73647491 -0.18251111
vn -0.65137884 0.73647491 -0.18251111
vn -0.66345560 0.72233374 -0.19509137
vn -0.66345560 0.72233374 -0.19509137
vn -0.66345560 0.72233374 -0.19509137
vn -0.54742080 0.78752239 -0.28308823
vn -0.54742080 0.78752239 -0.28308823
vn -0.54742080 0.78752239 -0.28308823
vn -0.62658055 0.68755331 -0.36697038
vn -0.62658055 0.68755331 -0.36697038
vn -0.62658055 0.68755331 -0.36697038
vn -0.53287920 0.76159051 -0.36880842
vn -0.53287920 0.76159051 -0.36880842
vn -0.53287920 0.76159051 -0.36880842
vn -0.56064518 0.70912121 -0.42757935
vn -0.56064518 0.70912121 -0.42757935
vn -0.56064518 0.70912121 -0.42757935
vn -0.46459056 0.78373151 -0.41221418
vn -0.46459056 0.78373151 -0.41221418
vn -0.46459056 0.78373151 -0.41221418
vn -0.11663150 0.97056715 -0.21070476
vn -0.11663150 0.97056715 -0.21070476
vn -0.11663150 0.97056715 -0.21070476
vn -0.58240746 0.62628066 -0.51824133
vn -0.58240746 0.62628066 -0.51824133
vn -0.58240746 0.62628066 -0.51824133
vn -0.43364731 0.76128866 -0.48206802
vn -0.43364731 0.76128866 -0.48206802
vn -0.43364731 0.76128866 -0.48206802
vn -0.08275744 0.96928198 -0.23161100
vn -0.08275744 0.96928198 -0.23161100
vn -0.08275744 0.96928198 -0.23161100
vn -0.52791799 0.61848012 -0.58205235
vn -0.52791799 0.61848012 -0.58205235
vn -0.52791799 0.61848012 -0.58205235
vn -0.41203814 0.73168344 -0.54301373
vn -0.41203814 0.73168344 -0.54301373
vn -0.41203814 0.73168344 -0.54301373
vn -0.45535212 0.63186988 -0.62721201
vn -0.45535212 0.63186988 -0.62721201
vn -0.45535212 0.63186988 -0.62721201
vn -0.37418223 0.72192196 -0.58207932
vn -0.37418223 0.72192196 -0.58207932
vn -0.37418223 0.72192196 -0.58207932
vn -0.37768188 0.65253220 -0.65693084
vn -0.37768188 0.65253220 -0.65693084
vn -0.37768188 0.65253220 -0.65693084
vn -0.29402919 0.74261685 -0.60172008
vn -0.29402919 0.74261685 -0.60172008
vn -0.29402919 0.74261685 -0.60172008
vn -0.34505586 0.61738844 -0.70694269
vn -0.34505586 0.61738844 -0.70694269
vn -0.34505586 0.61738844 -0.70694269
vn -0.26543400 0.65110798 -0.71105779
vn -0.26543400 0.65110798 -0.71105779
vn -0.26543400 0.65110798 -0.71105779
vn -0.16678993 0.73319554 -0.65924610
vn -0.16678993 0.73319554 -0.65924610
vn -0.16678993 0.73319554 -0.65924610
vn -0.18711741 0.65325781 -0.73364931
vn -0.18711741 0.65325781 -0.73364931
vn -0.18711741 0.65325781 -0.73364931
vn -0.10663431 0.75390919 -0.64826696
vn -0.10663431 0.75390919 -0.64826696
vn -0.10663431 0.75390919 -0.64826696
vn -0.08976151 0.70721909 -0.70127315
vn -0.08958191 0.70786994 -0.70063916
vn -0.09029482 0.70528123 -0.70315377
vn -0.09036636 0.70502068 -0.70340583
vn -0.04460088 0.69071362 -0.72175166
vn -0.04460088 0.69071362 -0.72175166
vn -0.04460088 0.69071362 -0.72175166
vn 0.01995917 0.70964710 -0.70427454
vn 0.01995917 0.70964710 -0.70427454
vn 0.01995917 0.70964710 -0.70427454
vn 0.01116156 0.64680901 -0.76257034
vn 0.01116156 0.64680901 -0.76257034
vn 0.01116156 0.64680901 -0.76257034
vn 0.09148145 0.71863597 -0.68934279
vn 0.09148145 0.71863597 -0.68934279
vn 0.09148145 0.71863597 -0.68934279
vn 0.08975643 0.68438415 -0.72357593
vn 0.08975643 0.68438415 -0.72357593
vn 0.08975643 0.68438415 -0.72357593
vn 0.13363759 0.63189258 -0.76344794
vn 0.13363759 0.63189258 -0.76344794
vn 0.13363759 0.63189258 -0.76344794
vn 0.13974490 0.64837305 -0.74838743
vn 0.13974490 0.64837305 -0.74838743
vn 0.13974490 0.64837305 -0.74838743
vn 0.30184475 0.57964642 -0.75690143
vn 0.30184475 0.57964642 -0.75690143
vn 0.30184475 0.57964642 -0.75690143
vn 0.29091134 0.64755561 -0.70430272
vn 0.29091134 0.64755561 -0.70430272
vn 0.29091134 0.64755561 -0.70430272
vn -0.12214718 0.70975506 0.69377793
vn -0.12214718 0.70975506 0.69377793
vn -0.12214718 0.70975506 0.69377793
vn -0.11446670 0.72072031 0.68371018
vn -0.11446670 0.72072031 0.68371018
vn -0.11446670 0.72072031 0.68371018
vn -0.16667924 0.72889727 0.66402319
vn -0.16667924 0.72889727 0.66402319
vn -0.16667924 0.72889727 0.66402319
vn -0.17057083 0.71946589 0.67325659
vn -0.17057083 0.71946589 0.67325659
vn -0.17057083 0.71946589 0.67325659
vn -0.22760584 0.73687629 0.63656022
vn -0.22760584 0.73687629 0.63656022
vn -0.22760584 0.73687629 0.63656022
vn -0.25772711 0.67658139 0.68979299
vn -0.25772711 0.67658139 0.68979299
vn -0.25772711 0.67658139 0.68979299
vn -0.37603925 0.72425588 0.57796877
vn -0.37603925 0.72425588 0.57796877
vn -0.37603925 0.72425588 0.57796877
vn -0.40502650 0.69445334 0.59471682
vn -0.40502650 0.69445334 0.59471682
vn -0.40502650 0.69445334 0.59471682
vn -0.45701776 0.68195479 0.57102752
vn -0.45701776 0.68195479 0.57102752
vn -0.45701776 0.68195479 0.57102752
vn -0.44834862 0.69613354 0.56069744
vn -0.44834862 0.69613354 0.56069744
vn -0.44834862 0.69613354 0.56069744
vn -0.45634018 0.73460688 0.50210195
vn -0.45634018 0.73460688 0.50210195
vn -0.45634018 0.73460688 0.50210195
vn -0.53221233 0.69229431 0.48731778
vn -0.53221233 0.69229431 0.48731778
vn -0.53221233 0.69229431 0.48731778
vn -0.49840975 0.73726757 0.45609675
vn -0.49840975 0.73726757 0.45609675
vn -0.49840975 0.73726757 0.45609675
vn -0.52995847 0.79377032 0.29845049
vn -0.52995847 0.79377032 0.29845049
vn -0.52995847 0.79377032 0.29845049
vn -0.63333755 0.71001617 0.30783208
vn -0.63333755 0.71001617 0.30783208
vn -0.63333755 0.71001617 0.30783208
vn -0.57328026 0.77125160 0.27662376
vn -0.57328026 0.77125160 0.27662376
vn -0.57328026 0.77125160 0.27662376
vn -0.52004493 0.82501505 0.22114122
vn -0.52004493 0.82501505 0.22114122
vn -0.52004493 0.82501505 0.22114122
vn -0.63826923 0.75138213 0.16744337
vn -0.63826923 0.75138213 0.16744337
vn -0.63826923 0.75138213 0.16744337
vn -0.64829790 0.74182979 0.17145957
vn -0.64829790 0.74182979 0.17145957
vn -0.64829790 0.74182979 0.17145957
vn 0.51979357 0.60863231 0.59948425
vn 0.51979357 0.60863231 0.59948425
vn 0.51979357 0.60863231 0.59948425
vn -0.59599854 0.79358091 0.12253598
vn -0.59599854 0.79358091 0.12253598
vn -0.59599854 0.79358091 0.12253598
vn -0.61901152 0.77636972 0.11863727
vn -0.61901152 0.77636972 0.11863727
vn -0.61901152 0.77636972 0.11863727
vn -0.61211362 0.78566836 0.08967800
vn -0.61211362 0.78566836 0.08967800
vn -0.61211362 0.78566836 0.08967800
vn 0.00113126 0.62640029 0.77950073
vn 0.00113126 0.62640029 0.77950073
vn 0.00113126 0.62640029 0.77950073
vn -0.04105282 0.50685092 0.86105564
vn -0.04105282 0.50685092 0.86105564
vn -0.04105282 0.50685092 0.86105564
vn -0.56175642 0.82615616 0.04353984
vn -0.56175642 0.82615616 0.04353984
vn -0.56175642 0.82615616 0.04353984
vn -0.32328967 0.69227925 0.64516140
vn -0.32328967 0.69227925 0.64516140
vn -0.32328967 0.69227925 0.64516140
vn -0.40402341 0.57712777 0.70971024
vn -0.40402341 0.57712777 0.70971024
vn -0.40402341 0.57712777 0.70971024
vn -0.73495683 0.67754187 0.02784717
vn -0.73495683 0.67754187 0.02784717
vn -0.73495683 0.67754187 0.02784717
vn -0.73968033 0.67232472 0.02919726
vn -0.73968033 0.67232472 0.02919726
vn -0.73968033 0.67232472 0.02919726
vn -0.66918144 0.59707866 0.44237233
vn -0.66918144 0.59707866 0.44237233
vn -0.66918144 0.59707866 0.44237233
vn -0.60321481 0.67837309 0.41945422
vn -0.60321481 0.67837309 0.41945422
vn -0.60321481 0.67837309 0.41945422
vn 0.85686218 0.49908795 0.12922240
vn 0.85686218 0.49908795 0.12922240
vn 0.85686218 0.49908795 0.12922240
vn 0.82660482 0.54646632 0.13453261
vn 0.82660482 0.54646632 0.13453261
vn 0.82660482 0.54646632 0.13453261
vn 0.84136219 0.47224809 0.26285244
vn 0.84136219 0.47224809 0.26285244
vn 0.84136219 0.47224809 0.26285244
vn 0.84951234 0.45697157 0.26363945
vn 0.84992983 0.45595773 0.26404892
vn 0.84955550 0.45686692 0.26368175
vn 0.82595901 0.46481572 0.31896404
vn 0.82595901 0.46481572 0.31896404
vn 0.82595901 0.46481572 0.31896404
vn 0.78597951 0.53300669 0.31327316
vn 0.78597951 0.53300669 0.31327316
vn 0.78597951 0.53300669 0.31327316
vn 0.28164433 0.61469101 0.73677095
vn 0.28164433 0.61469101 0.73677095
vn 0.28164433 0.61469101 0.73677095
vn 0.84996094 0.45588204 0.26407946
vn -0.61104219 0.76279656 0.21158651
vn -0.60901456 0.76470849 0.21052836
vn -0.61126054 0.76258996 0.21170052
vn -0.58239960 0.80745863 0.09392159
vn -0.58239960 0.80745863 0.09392159
vn -0.58239960 0.80745863 0.09392159
vn -0.73875093 0.66917649 0.08031116
vn -0.73875093 0.66917649 0.08031116
vn -0.73875093 0.66917649 0.08031116
vn 0.73948280 0.56851012 0.36050163
vn 0.73948280 0.56851012 0.36050163
vn 0.73948280 0.56851012 0.36050163
vn 0.67185303 0.61674966 0.41016261
vn 0.67185303 0.61674966 0.41016261
vn 0.67185303 0.61674966 0.41016261
vn 0.64872624 0.19935993 0.73444529
vn 0.64872624 0.19935993 0.73444529
vn 0.64872624 0.19935993 0.73444529
vn 0.47290458 0.52636556 0.70661202
vn 0.47290458 0.52636556 0.70661202
vn 0.47290458 0.52636556 0.70661202
vn -0.48623508 0.70493425 0.51637500
vn -0.48623508 0.70493425 0.51637500
vn -0.48623508 0.70493425 0.51637500
vn -0.60883651 0.76487581 0.21043548
vn 0.92498222 0.37906395 0.02680326
vn 0.92498222 0.37906395 0.02680326
vn 0.92498222 0.37906395 0.02680326
vn 0.89812186 0.43776815 0.04166742
vn 0.89812186 0.43776815 0.04166742
vn 0.89812186 0.43776815 0.04166742
vn 0.87517555 0.48308419 0.02640871
vn 0.87517555 0.48308419 0.02640871
vn 0.87517555 0.48308419 0.02640871
vn 0.84074792 0.53564076 0.07894244
vn 0.84074792 0.53564076 0.07894244
vn 0.84074792 0.53564076 0.07894244
vn 0.79334149 0.60318100 0.08235263
vn 0.79334149 0.60318100 0.08235263
vn 0.79334149 0.60318100 0.08235263
vn 0.86410023 0.47534548 0.16546138
vn 0.86410023 0.47534548 0.16546138
vn 0.86410023 0.47534548 0.16546138
vn 0.86933529 0.45311379 0.19734247
vn 0.86933529 0.45311379 0.19734247
vn 0.86933529 0.45311379 0.19734247
vn 0.80069190 0.56854447 0.18881120
vn 0.80069190 0.56854447 0.18881120
vn 0.80069190 0.56854447 0.18881120
vn 0.81281792 0.45945732 0.35808659
vn 0.81281792 0.45945732 0.35808659
vn 0.81281792 0.45945732 0.35808659
vn 0.76395766 0.52852754 0.37017203
vn 0.76395766 0.52852754 0.37017203
vn 0.76395766 0.52852754 0.37017203
vn 0.76618269 0.48542206 0.42110510
vn 0.76618269 0.48542206 0.42110510
vn 0.76618269 0.48542206 0.42110510
vn 0.70282678 0.57971778 0.41226424
vn 0.70282678 0.57971778 0.41226424
vn 0.70282678 0.57971778 0.41226424
vn 0.75071109 0.43979930 0.49295988
vn 0.75071109 0.43979930 0.49295988
vn 0.75071109 0.43979930 0.49295988
vn 0.42538543 0.87586815 0.22782059
vn 0.42538543 0.87586815 0.22782059
vn 0.42538543 0.87586815 0.22782059
vn 0.68552769 0.53039267 0.49873380
vn 0.68543332 0.53058820 0.49865552
vn 0.68555197 0.53034235 0.49875394
vn 0.68542823 0.53059875 0.49865130
vn 0.39781427 0.88452203 0.24364850
vn 0.39781427 0.88452203 0.24364850
vn 0.39781427 0.88452203 0.24364850
vn 0.66420985 0.46238625 0.58738763
vn 0.66420985 0.46238625 0.58738763
vn 0.66420985 0.46238625 0.58738763
vn 0.66858480 0.45000917 0.59201868
vn 0.66858480 0.45000917 0.59201868
vn 0.66858480 0.45000917 0.59201868
vn 0.59763310 0.55307757 0.58046523
vn 0.59763310 0.55307757 0.58046523
vn 0.59763310 0.55307757 0.58046523
vn 0.61167023 0.46926267 0.63690822
vn 0.61167023 0.46926267 0.63690822
vn 0.61167023 0.46926267 0.63690822
vn 0.53180286 0.57801526 0.61893786
vn 0.53180286 0.57801526 0.61893786
vn 0.53180286 0.57801526 0.61893786
vn 0.55498958 0.42305346 0.71624879
vn 0.55498958 0.42305346 0.71624879
vn 0.55498958 0.42305346 0.71624879
vn 0.53595734 0.50630042 0.67558095
vn 0.53595734 0.50630042 0.67558095
vn 0.53595734 0.50630042 0.67558095
vn 0.47313330 0.51920630 0.71173710
vn 0.47313330 0.51920630 0.71173710
vn 0.47313330 0.51920630 0.71173710
vn 0.40746559 0.63195201 0.65924840
vn 0.40746559 0.63195201 0.65924840
vn 0.40746559 0.63195201 0.65924840
vn 0.39920719 0.54992231 0.73363415
vn 0.39920719 0.54992231 0.73363415
vn 0.39920719 0.54992231 0.73363415
vn 0.35836407 0.67122111 0.64887396
vn 0.35836407 0.67122111 0.64887396
vn 0.35836407 0.67122111 0.64887396
vn 0.32617198 0.63352700 0.70160914
vn 0.32617746 0.63359481 0.70154536
vn 0.32615593 0.63332845 0.70179583
vn 0.32615375 0.63330159 0.70182108
vn 0.27801576 0.63536153 0.72043248
vn 0.27801576 0.63536153 0.72043248
vn 0.27801576 0.63536153 0.72043248
vn 0.22379203 0.67349764 0.70449844
vn 0.22379203 0.67349764 0.70449844
vn 0.22379203 0.67349764 0.70449844
vn 0.21064228 0.61218478 0.76214148
vn 0.21064228 0.61218478 0.76214148
vn 0.21064228 0.61218478 0.76214148
vn 0.15996374 0.70645617 0.68944274
vn 0.15996374 0.70645617 0.68944274
vn 0.15996374 0.70645617 0.68944274
vn 0.14884692 0.67029648 0.72701253
vn 0.14884692 0.67029648 0.72701253
vn 0.14884692 0.67029648 0.72701253
vn 0.09036623 0.63649791 0.76596629
vn 0.09036623 0.63649791 0.76596629
vn 0.09036623 0.63649791 0.76596629
vn 0.09025552 0.65709781 0.74838253
vn 0.09025552 0.65709781 0.74838253
vn 0.09025552 0.65709781 0.74838253
vn -0.08590982 0.64692632 0.75769772
vn -0.08590982 0.64692632 0.75769772
vn -0.08590982 0.64692632 0.75769772
vn -0.05169914 0.70830635 0.70400946
vn -0.05169914 0.70830635 0.70400946
vn -0.05169914 0.70830635 0.70400946
vn 0.12175556 0.99178525 -0.03921234
vn 0.12175556 0.99178525 -0.03921234
vn 0.12175556 0.99178525 -0.03921234
vn 0.35498164 0.93024817 0.09287827
vn 0.35498164 0.93024817 0.09287827
vn 0.35498164 0.93024817 0.09287827
vn 0.35559830 0.92971275 0.09583349
vn 0.35559830 0.92971275 0.09583349
vn 0.35559830 0.92971275 0.09583349
vn 0.07364162 0.98063941 -0.18144770
vn 0.07364162 0.98063941 -0.18144770
vn 0.07364162 0.98063941 -0.18144770
vn -0.03849675 0.99896301 -0.02430867
vn -0.03849675 0.99896301 -0.02430867
vn -0.03849675 0.99896301 -0.02430867
vn 0.23665316 0.94935391 -0.20669406
vn 0.23665316 0.94935391 -0.20669406
vn 0.23665316 0.94935391 -0.20669406
vn 0.35620847 0.93084443 0.08151177
vn 0.35620847 0.93084443 0.08151177
vn 0.35620847 0.93084443 0.08151177
vn 0.23987426 0.95055576 -0.19724119
vn 0.23987426 0.95055576 -0.19724119
vn 0.23987426 0.95055576 -0.19724119
vn 0.35748837 0.93158329 -0.06598966
vn 0.35748837 0.93158329 -0.06598966
vn 0.35748837 0.93158329 -0.06598966
vn 0.21546825 0.95640102 0.19715610
vn 0.21546825 0.95640102 0.19715610
vn 0.21546825 0.95640102 0.19715610
vn 0.23535066 0.95227377 0.19438298
vn 0.23535066 0.95227377 0.19438298
vn 0.23535066 0.95227377 0.19438298
vn -0.01814167 0.99728318 -0.07139429
vn -0.01814167 0.99728318 -0.07139429
vn -0.01814167 0.99728318 -0.07139429
vn 0.35614163 0.93085687 -0.08166162
vn 0.35614163 0.93085687 -0.08166162
vn 0.35614163 0.93085687 -0.08166162
vn 0.09594571 0.97729503 -0.18891491
vn 0.09594571 0.97729503 -0.18891491
vn 0.09594571 0.97729503 -0.18891491
vn 0.35085212 0.93150846 0.09588940
vn 0.35085212 0.93150846 0.09588940
vn 0.35085212 0.93150846 0.09588940
vn 0.24772023 0.95089945 -0.18553953
vn 0.24772023 0.95089945 -0.18553953
vn 0.24772023 0.95089945 -0.18553953
vn 0.35377061 0.93162587 -0.08318412
vn 0.35377061 0.93162587 -0.08318412
vn 0.35377061 0.93162587 -0.08318412
vn 0.22869338 0.95246437 0.20127337
vn 0.22869338 0.95246437 0.20127337
vn 0.22869338 0.95246437 0.20127337
vn 0.03281664 0.98721043 0.15600845
vn 0.03261514 0.98722253 0.15597411
vn 0.03310211 0.98719321 0.15605709
vn -0.01858629 0.99660014 -0.08026654
vn -0.01840663 0.99666382 -0.07951366
vn -0.01884150 0.99650863 -0.08133604
vn -0.01778899 0.99687815 -0.07692528
vn 0.36762504 0.92881562 0.04640433
vn 0.36787949 0.92871302 0.04644152
vn 0.36744487 0.92885959 0.04694805
vn 0.36721540 0.92713623 0.07464089
vn 0.36721540 0.92713623 0.07464089
vn 0.36721540 0.92713623 0.07464089
vn 0.03076782 0.98895654 0.14497690
vn 0.03076782 0.98895654 0.14497690
vn 0.03076782 0.98895654 0.14497690
vn 0.26138649 0.94874167 -0.17766919
vn 0.26138649 0.94874167 -0.17766919
vn 0.26138649 0.94874167 -0.17766919
vn 0.34015657 0.93442790 -0.10553673
vn 0.34015657 0.93442790 -0.10553673
vn 0.34015657 0.93442790 -0.10553673
vn 0.03204444 0.98725659 0.15587683
vn 0.34701549 0.93201777 -0.10451378
vn 0.34701549 0.93201777 -0.10451378
vn 0.34701549 0.93201777 -0.10451378
vn 0.24923000 0.94971130 0.18955965
vn 0.25122621 0.94820154 0.19442027
vn 0.25110012 0.94829790 0.19411289
vn -0.06656137 0.99554777 -0.06674001
vn -0.06656137 0.99554777 -0.06674001
vn -0.06656137 0.99554777 -0.06674001
vn 0.10339050 0.97442898 -0.19949578
vn 0.10339050 0.97442898 -0.19949578
vn 0.10339050 0.97442898 -0.19949578
vn 0.36833375 0.92855306 0.04603767
vn 0.28031159 0.94331199 -0.17772985
vn 0.28031159 0.94331199 -0.17772985
vn 0.28031159 0.94331199 -0.17772985
vn 0.02250630 0.99083238 0.13320906
vn 0.02250630 0.99083238 0.13320906
vn 0.02250630 0.99083238 0.13320906
vn 0.05244932 0.98439213 0.16799168
vn 0.05244932 0.98439213 0.16799168
vn 0.05244932 0.98439213 0.16799168
vn 0.28728141 0.94443202 -0.15974215
vn 0.28728141 0.94443202 -0.15974215
vn 0.28728141 0.94443202 -0.15974215
vn 0.32874067 0.93608906 -0.12516722
vn 0.32874067 0.93608906 -0.12516722
vn 0.32874067 0.93608906 -0.12516722
vn 0.24907112 0.94704621 0.20265009
vn 0.24907112 0.94704621 0.20265009
vn 0.24907112 0.94704621 0.20265009
vn 0.11115352 0.97407754 -0.19702243
vn 0.11115352 0.97407754 -0.19702243
vn 0.11115352 0.97407754 -0.19702243
vn 0.01018971 0.99188387 0.12673812
vn 0.01018971 0.99188387 0.12673812
vn 0.01018971 0.99188387 0.12673812
vn -0.00780534 0.99511455 -0.09841807
vn -0.00780534 0.99511455 -0.09841807
vn -0.00780534 0.99511455 -0.09841807
vn 0.32405593 0.93550106 -0.14080312
vn 0.32405593 0.93550106 -0.14080312
vn 0.32405593 0.93550106 -0.14080312
vn 0.32586384 0.93487856 -0.14076517
vn 0.32586384 0.93487856 -0.14076517
vn 0.32586384 0.93487856 -0.14076517
vn 0.30076987 0.94037719 -0.15883393
vn 0.30076987 0.94037719 -0.15883393
vn 0.30076987 0.94037719 -0.15883393
vn 0.31063160 0.93920270 -0.14630888
vn 0.31063160 0.93920270 -0.14630888
vn 0.31063160 0.93920270 -0.14630888
vn 0.36895779 0.92834691 0.04519034
vn 0.05702889 0.97937402 0.19384072
vn 0.05702889 0.97937402 0.19384072
vn 0.05702889 0.97937402 0.19384072
vn 0.12472229 0.97209865 -0.19866697
vn 0.12472229 0.97209865 -0.19866697
vn 0.12472229 0.97209865 -0.19866697
vn -0.01347101 0.99557668 -0.09298174
vn -0.01347101 0.99557668 -0.09298174
vn -0.01096763 0.99583849 -0.09047327
vn 0.38067159 0.92401681 0.03580619
vn 0.38067159 0.92401681 0.03580619
vn 0.38067159 0.92401681 0.03580619
vn 0.00241950 0.99341981 0.11450429
vn 0.00241950 0.99341981 0.11450429
vn 0.00241950 0.99341981 0.11450429
vn -0.03302704 0.99226370 0.11967441
vn -0.03302704 0.99226370 0.11967441
vn -0.03302704 0.99226370 0.11967441
vn 0.26197710 0.94698634 0.18597007
vn 0.26197710 0.94698634 0.18597007
vn 0.26197710 0.94698634 0.18597007
vn 0.07271238 0.97928460 0.18898300
vn 0.07271238 0.97928460 0.18898300
vn 0.07271238 0.97928460 0.18898300
vn -0.00923842 0.99473766 -0.10203746
vn -0.00923842 0.99473766 -0.10203746
vn -0.00923842 0.99473766 -0.10203746
vn 0.38306053 0.92307970 0.03447463
vn 0.38306053 0.92307970 0.03447463
vn 0.38306053 0.92307970 0.03447463
vn -0.02052245 0.99731877 0.07024315
vn -0.02052245 0.99731877 0.07024315
vn -0.02114430 0.99719023 0.07186496
vn 0.28998866 0.93992356 0.18013962
vn 0.28998866 0.93992356 0.18013962
vn 0.28998866 0.93992356 0.18013962
vn 0.25152048 0.95360666 0.16544422
vn 0.25152048 0.95360666 0.16544422
vn 0.25152048 0.95360666 0.16544422
vn -0.01025529 0.99591069 -0.08975928
vn -0.01025529 0.99591069 -0.08975928
vn 0.13499279 0.96908679 -0.20651332
vn 0.13499279 0.96908679 -0.20651332
vn 0.13499279 0.96908679 -0.20651332
vn 0.14338385 0.96858408 -0.20318947
vn 0.14338385 0.96858408 -0.20318947
vn 0.14338385 0.96858408 -0.20318947
vn 0.37521347 0.92677045 0.01764605
vn 0.37521347 0.92677045 0.01764605
vn 0.37521347 0.92677045 0.01764605
vn 0.00575727 0.99438280 -0.10568684
vn 0.00575727 0.99438280 -0.10568684
vn 0.00575727 0.99438280 -0.10568684
vn 0.09051386 0.97738069 0.19113932
vn 0.09051386 0.97738069 0.19113932
vn 0.09051386 0.97738069 0.19113932
vn 0.01359679 0.99191611 -0.12616477
vn 0.01359679 0.99191611 -0.12616477
vn 0.01359679 0.99191611 -0.12616477
vn 0.10004093 0.97432059 0.20172059
vn 0.09969954 0.97432695 0.20185885
vn 0.10179612 0.97428581 0.20100924
vn 0.02042305 0.99151320 -0.12839191
vn 0.02042305 0.99151320 -0.12839191
vn 0.02042305 0.99151320 -0.12839191
vn 0.37803006 0.92492134 0.04017202
vn 0.37803006 0.92492134 0.04017202
vn 0.37803006 0.92492134 0.04017202
vn 0.29136844 0.94076920 0.17337168
vn 0.29136844 0.94076920 0.17337168
vn 0.29136844 0.94076920 0.17337168
vn 0.09692685 0.97437369 0.20298056
vn 0.38597075 0.92250765 -0.00249315
vn 0.38597075 0.92250765 -0.00249315
vn 0.38597075 0.92250765 -0.00249315
vn 0.16248225 0.96444038 -0.20845690
vn 0.16248225 0.96444038 -0.20845690
vn 0.16248225 0.96444038 -0.20845690
vn -0.02196541 0.99701584 0.07400636
vn -0.02196541 0.99701584 0.07400636
vn -0.02027978 0.99695128 0.07534505
vn -0.02027978 0.99695128 0.07534505
vn -0.02027978 0.99695128 0.07534505
vn -0.02052644 0.99786337 0.06202710
vn -0.02052644 0.99786337 0.06202710
vn -0.02052644 0.99786337 0.06202710
vn 0.11566337 0.97207141 0.20420374
vn 0.11566337 0.97207141 0.20420374
vn 0.11566337 0.97207141 0.20420374
vn 0.15285880 0.96775671 -0.20020275
vn 0.15285880 0.96775671 -0.20020275
vn 0.15285880 0.96775671 -0.20020275
vn 0.38024864 0.92483653 0.00939987
vn 0.38024864 0.92483653 0.00939987
vn 0.38024864 0.92483653 0.00939987
vn 0.37581793 0.92669347 -0.00030034
vn 0.37581793 0.92669347 -0.00030034
vn 0.37581793 0.92669347 -0.00030034
vn 0.30536750 0.94114939 0.14487412
vn 0.30536750 0.94114939 0.14487412
vn 0.30536750 0.94114939 0.14487412
vn 0.02492402 0.99053131 -0.13500559
vn 0.02492402 0.99053131 -0.13500559
vn 0.02492402 0.99053131 -0.13500559
vn 0.16987710 0.96488342 -0.20035410
vn 0.16987710 0.96488342 -0.20035410
vn 0.16987710 0.96488342 -0.20035410
vn 0.12722831 0.96868526 0.21321780
vn 0.12722831 0.96868526 0.21321780
vn 0.12722831 0.96868526 0.21321780
vn -0.03101732 0.99867462 0.04107233
vn -0.03014325 0.99866745 0.04188916
vn -0.02929506 0.99885757 0.03775384
vn -0.02809840 0.99864511 0.04379971
vn 0.31521653 0.93792935 0.14466191
vn 0.31521653 0.93792935 0.14466191
vn 0.31521653 0.93792935 0.14466191
vn 0.03187604 0.99023535 -0.13571248
vn 0.03187604 0.99023535 -0.13571248
vn 0.03187604 0.99023535 -0.13571248
vn 0.37181165 0.92747551 -0.03931006
vn 0.37181165 0.92747551 -0.03931006
vn 0.37181165 0.92747551 -0.03931006
vn -0.03182552 0.99910422 0.02789060
vn -0.03213711 0.99912073 0.02692522
vn -0.03208947 0.99911828 0.02707283
vn 0.19844342 0.95643801 -0.21411804
vn 0.19844342 0.95643801 -0.21411804
vn 0.19844342 0.95643801 -0.21411804
vn 0.14253752 0.96875467 0.20297155
vn 0.14253752 0.96875467 0.20297155
vn 0.14253752 0.96875467 0.20297155
vn -0.03238771 0.99913326 0.02614875
vn -0.02579532 0.99894322 0.03803992
vn -0.02565492 0.99902048 0.03605406
vn 0.36906843 0.92922215 -0.01829441
vn 0.36906843 0.92922215 -0.01829441
vn 0.36906843 0.92922215 -0.01829441
vn 0.36520761 0.93057945 -0.02540259
vn 0.36520761 0.93057945 -0.02540259
vn 0.36520761 0.93057945 -0.02540259
vn 0.17323863 0.96196617 0.21120951
vn 0.17323863 0.96196617 0.21120951
vn 0.17323863 0.96196617 0.21120951
vn 0.04149755 0.98518353 -0.16640723
vn 0.04149755 0.98518353 -0.16640723
vn 0.04149755 0.98518353 -0.16640723
vn 0.05181713 0.98473875 -0.16614628
vn 0.05181713 0.98473875 -0.16614628
vn 0.05181713 0.98473875 -0.16614628
vn -0.02588450 0.99889206 0.03930208
vn 0.32166114 0.93785402 0.13024575
vn 0.32166114 0.93785402 0.13024575
vn 0.32166114 0.93785402 0.13024575
vn 0.36148772 0.93140590 -0.04254031
vn 0.36148772 0.93140590 -0.04254031
vn 0.36148772 0.93140590 -0.04254031
vn 0.37612948 0.92609504 -0.02957348
vn 0.37612948 0.92609504 -0.02957348
vn 0.37612948 0.92609504 -0.02957348
vn 0.16810142 0.96179300 0.21609288
vn 0.16810142 0.96179300 0.21609288
vn 0.16810142 0.96179300 0.21609288
vn -0.03684166 0.99930441 -0.00577844
vn -0.03684166 0.99930441 -0.00577844
vn -0.03684166 0.99930441 -0.00577844
vn 0.18988980 0.96072159 -0.20237564
vn 0.18988980 0.96072159 -0.20237564
vn 0.18988980 0.96072159 -0.20237564
vn -0.03335102 0.99944369 0.00010736
vn -0.03335102 0.99944369 0.00010736
vn -0.03335102 0.99944369 0.00010736
vn 0.33827475 0.93239676 0.12730465
vn 0.33827475 0.93239676 0.12730465
vn 0.33827475 0.93239676 0.12730465
vn 0.17824154 0.96102976 0.21130960
vn 0.17824154 0.96102976 0.21130960
vn 0.17824154 0.96102976 0.21130960
vn 0.06184788 0.98343183 -0.17040152
vn 0.06184788 0.98343183 -0.17040152
vn 0.06184788 0.98343183 -0.17040152
vn -0.04417256 0.99902040 0.00264928
vn -0.04417256 0.99902040 0.00264928
vn -0.04417256 0.99902040 0.00264928
vn 0.34101164 0.93369823 0.10917274
vn 0.34101164 0.93369823 0.10917274
vn 0.34101164 0.93369823 0.10917274
vn 0.22314309 0.95392535 -0.20058310
vn 0.22314309 0.95392535 -0.20058310
vn 0.22314309 0.95392535 -0.20058310
vn -0.02135908 0.99896054 -0.04026953
vn -0.02135908 0.99896054 -0.04026953
vn -0.02135908 0.99896054 -0.04026953
vn 0.36831243 0.92827867 -0.05142636
vn 0.36831243 0.92827867 -0.05142636
vn 0.36831243 0.92827867 -0.05142636
vn 0.35632825 0.93259871 -0.05735696
vn 0.35632825 0.93259871 -0.05735696
vn 0.35632825 0.93259871 -0.05735696
vn 0.34529972 0.93298102 0.10156043
vn 0.34529972 0.93298102 0.10156043
vn 0.34529972 0.93298102 0.10156043
vn 0.19615123 0.95747797 0.21156709
vn 0.19682613 0.95722469 0.21208575
vn 0.19687076 0.95720791 0.21212005
vn 0.07480519 0.97960072 -0.18651171
vn 0.07480519 0.97960072 -0.18651171
vn 0.07480519 0.97960072 -0.18651171
vn 0.19792353 0.95681112 0.21292899
vn -0.02592189 0.99954668 -0.01531283
vn -0.02592189 0.99954668 -0.01531283
vn -0.02592189 0.99954668 -0.01531283
vn -0.02988729 0.99898895 -0.03358318
vn -0.02980301 0.99899672 -0.03342640
vn -0.02999083 0.99897935 -0.03377580
vn -0.02955041 0.99901984 -0.03295648
vn 0.82548607 0.52885643 0.19718934
vn 0.82548607 0.52885643 0.19718934
vn 0.82548607 0.52885643 0.19718934
vn 0.83803720 0.51504732 0.18005531
vn 0.83803720 0.51504732 0.18005531
vn 0.83803720 0.51504732 0.18005531
vn 0.85950335 0.49558669 0.12509126
vn 0.85950335 0.49558669 0.12509126
vn 0.85950335 0.49558669 0.12509126
vn 0.88340667 0.45720185 0.10275762
vn 0.88340667 0.45720185 0.10275762
vn 0.88340667 0.45720185 0.10275762
vn 0.88980617 0.45122760 0.06810750
vn 0.88980617 0.45122760 0.06810750
vn 0.88980617 0.45122760 0.06810750
vn 0.80883676 0.56637727 0.15811352
vn 0.80883676 0.56637727 0.15811352
vn 0.80883676 0.56637727 0.15811352
vn 0.86405247 0.50238139 0.03203535
vn 0.86405247 0.50238139 0.03203535
vn 0.86405247 0.50238139 0.03203535
vn 0.88816071 0.43333055 0.15295486
vn 0.88816071 0.43333055 0.15295486
vn 0.88816071 0.43333055 0.15295486
vn 0.84812716 0.31434019 0.42646285
vn 0.84812716 0.31434019 0.42646285
vn 0.84812716 0.31434019 0.42646285
vn 0.89287253 0.43705549 0.10844879
vn 0.89287253 0.43705549 0.10844879
vn 0.89287253 0.43705549 0.10844879
vn 0.59174441 0.77209249 0.23175792
vn 0.59174441 0.77209249 0.23175792
vn 0.59174441 0.77209249 0.23175792
vn 0.76543641 0.55897347 0.31883500
vn 0.76543641 0.55897347 0.31883500
vn 0.76543641 0.55897347 0.31883500
vn 0.73718042 0.61181669 0.28678454
vn 0.73718042 0.61181669 0.28678454
vn 0.73718042 0.61181669 0.28678454
vn 0.93903960 0.33916319 0.05632906
vn 0.93903960 0.33916319 0.05632906
vn 0.93903960 0.33916319 0.05632906
vn 0.71526125 0.67693648 0.17366161
vn 0.71526125 0.67693648 0.17366161
vn 0.71526125 0.67693648 0.17366161
vn 0.75387259 0.57242719 0.32249532
vn 0.75387259 0.57242719 0.32249532
vn 0.75387259 0.57242719 0.32249532
vn 0.74066168 0.60937006 0.28299896
vn 0.74066168 0.60937006 0.28299896
vn 0.74066168 0.60937006 0.28299896
vn 0.17918169 0.98381589 -0.00046459
vn 0.17918169 0.98381589 -0.00046459
vn 0.17918169 0.98381589 -0.00046459
vn 0.20542885 0.97867062 -0.00167254
vn 0.20542885 0.97867062 -0.00167254
vn 0.20542885 0.97867062 -0.00167254
vn 0.09635762 0.99410656 -0.04967245
vn 0.09635762 0.99410656 -0.04967245
vn 0.09635762 0.99410656 -0.04967245
vn 0.22919406 0.97039641 -0.07616360
vn 0.22919406 0.97039641 -0.07616360
vn 0.22919406 0.97039641 -0.07616360
vn 0.21067280 0.97717019 -0.02748422
vn 0.21067280 0.97717019 -0.02748422
vn 0.21067280 0.97717019 -0.02748422
vn 0.17384711 0.98476704 0.00332687
vn 0.17384711 0.98476704 0.00332687
vn 0.17384711 0.98476704 0.00332687
vn 0.14128366 0.98986763 -0.01417741
vn 0.14128366 0.98986763 -0.01417741
vn 0.14128366 0.98986763 -0.01417741
vn -0.54457661 0.79192442 0.27621013
vn -0.54457661 0.79192442 0.27621013
vn -0.54457661 0.79192442 0.27621013
vn -0.55282393 0.78404807 0.28223098
vn -0.55282393 0.78404807 0.28223098
vn -0.55282393 0.78404807 0.28223098
vn -0.47208719 0.83083104 0.29470912
vn -0.47208719 0.83083104 0.29470912
vn -0.47208719 0.83083104 0.29470912
vn -0.46704591 0.88221757 0.05966810
vn -0.46704591 0.88221757 0.05966810
vn -0.46704591 0.88221757 0.05966810
vn -0.48131517 0.82841315 0.28647400
vn -0.48131517 0.82841315 0.28647400
vn -0.48131517 0.82841315 0.28647400
vn -0.63491491 0.76298243 0.12141195
vn -0.63491491 0.76298243 0.12141195
vn -0.63491491 0.76298243 0.12141195
vn -0.46287034 0.88436899 0.06035340
vn -0.46287034 0.88436899 0.06035340
vn -0.46287034 0.88436899 0.06035340
vn -0.55875946 0.75030219 0.35331924
vn -0.55875946 0.75030219 0.35331924
vn -0.55875946 0.75030219 0.35331924
vn -0.35791002 0.89701216 0.25936386
vn -0.35791002 0.89701216 0.25936386
vn -0.35791002 0.89701216 0.25936386
vn -0.57132114 0.80820720 0.14280502
vn -0.57132114 0.80820720 0.14280502
vn -0.57132114 0.80820720 0.14280502
vn -0.49827423 0.79919672 0.33616571
vn -0.49827423 0.79919672 0.33616571
vn -0.49827423 0.79919672 0.33616571
vn -0.33898084 0.93347412 0.11712410
vn -0.33898084 0.93347412 0.11712410
vn -0.33898084 0.93347412 0.11712410
vn -0.44093897 0.87889360 0.18198589
vn -0.44093897 0.87889360 0.18198589
vn -0.44093897 0.87889360 0.18198589
vn -0.61025554 0.75904878 0.22678873
vn -0.61025554 0.75904878 0.22678873
vn -0.61025554 0.75904878 0.22678873
vn -0.12804124 0.98241449 0.13589412
vn -0.12804124 0.98241449 0.13589412
vn -0.12804124 0.98241449 0.13589412
vn -0.47696846 0.86821294 0.13677493
vn -0.47696846 0.86821294 0.13677493
vn -0.47696846 0.86821294 0.13677493
vn -0.47321980 0.82988551 0.29555550
vn -0.47321980 0.82988551 0.29555550
vn -0.47321980 0.82988551 0.29555550
vn -0.34593303 0.92413828 0.16216896
vn -0.34593303 0.92413828 0.16216896
vn -0.34593303 0.92413828 0.16216896
vn -0.56532466 0.82479120 0.01129182
vn -0.56532466 0.82479120 0.01129182
vn -0.56532466 0.82479120 0.01129182
vn -0.55296112 0.78669911 0.27447863
vn -0.55296112 0.78669911 0.27447863
vn -0.55296112 0.78669911 0.27447863
vn -0.55365725 0.83224568 0.02882326
vn -0.55365725 0.83224568 0.02882326
vn -0.55365725 0.83224568 0.02882326
vn -0.46321419 0.88507355 0.04557868
vn -0.46321419 0.88507355 0.04557868
vn -0.46321419 0.88507355 0.04557868
vn -0.60912562 0.58767209 -0.53254812
vn -0.60912562 0.58767209 -0.53254812
vn -0.60912562 0.58767209 -0.53254812
vn -0.48774629 0.74197450 -0.45997544
vn -0.48774629 0.74197450 -0.45997544
vn -0.48774629 0.74197450 -0.45997544
vn -0.63999163 0.73838792 -0.21258876
vn -0.63999163 0.73838792 -0.21258876
vn -0.63999163 0.73838792 -0.21258876
vn -0.52233139 0.84572990 -0.10913683
vn -0.52233139 0.84572990 -0.10913683
vn -0.52233139 0.84572990 -0.10913683
vn -0.15164127 -0.98694037 -0.05434741
vn -0.15164127 -0.98694037 -0.05434741
vn -0.15164127 -0.98694037 -0.05434741
vn -0.56985128 0.82160432 0.01535742
vn -0.56985128 0.82160432 0.01535742
vn -0.56985128 0.82160432 0.01535742
vn -0.65756495 0.75238307 0.03909032
vn -0.65756495 0.75238307 0.03909032
vn -0.65756495 0.75238307 0.03909032
vn -0.38119879 0.91132713 0.15546815
vn -0.38119879 0.91132713 0.15546815
vn -0.38119879 0.91132713 0.15546815
vn -0.37048607 0.90520962 0.20817207
vn -0.37048607 0.90520962 0.20817207
vn -0.37048607 0.90520962 0.20817207
vn -0.48310623 0.74920672 -0.45309784
vn -0.48310623 0.74920672 -0.45309784
vn -0.48310623 0.74920672 -0.45309784
vn -0.63265776 0.68227379 -0.36639683
vn -0.63265776 0.68227379 -0.36639683
vn -0.63265776 0.68227379 -0.36639683
vn -0.69348149 0.69260961 -0.19843223
vn -0.69348149 0.69260961 -0.19843223
vn -0.69348149 0.69260961 -0.19843223
vn -0.56380733 0.78154349 -0.26704133
vn -0.56380733 0.78154349 -0.26704133
vn -0.56380733 0.78154349 -0.26704133
vn -0.42117950 0.81457257 -0.39884753
vn -0.42117950 0.81457257 -0.39884753
vn -0.42117950 0.81457257 -0.39884753
vn -0.38279298 0.75815789 -0.52788839
vn -0.38279298 0.75815789 -0.52788839
vn -0.38279298 0.75815789 -0.52788839
vn -0.36527401 0.79600190 -0.48265503
vn -0.36527401 0.79600190 -0.48265503
vn -0.36527401 0.79600190 -0.48265503
vn -0.40126420 0.77105115 -0.49443622
vn -0.40126420 0.77105115 -0.49443622
vn -0.40126420 0.77105115 -0.49443622
vn -0.37570719 0.86002583 -0.34525308
vn -0.37570719 0.86002583 -0.34525308
vn -0.37570719 0.86002583 -0.34525308
vn -0.25479538 0.93415742 -0.24985840
vn -0.25479538 0.93415742 -0.24985840
vn -0.25479538 0.93415742 -0.24985840
vn -0.41007559 0.79595280 -0.44530568
vn -0.41007559 0.79595280 -0.44530568
vn -0.41007559 0.79595280 -0.44530568
vn -0.41362504 0.74754572 -0.51970157
vn -0.41362504 0.74754572 -0.51970157
vn -0.41362504 0.74754572 -0.51970157
vn -0.09500544 0.64543783 -0.75788124
vn -0.09500544 0.64543783 -0.75788124
vn -0.09500544 0.64543783 -0.75788124
vn -0.09617568 0.93612053 -0.33827297
vn -0.09617568 0.93612053 -0.33827297
vn -0.09617568 0.93612053 -0.33827297
vn -0.22226635 0.28526202 -0.93232143
vn -0.22226635 0.28526202 -0.93232143
vn -0.22226635 0.28526202 -0.93232143
vn -0.30011430 0.83280900 -0.46514575
vn -0.30011430 0.83280900 -0.46514575
vn -0.30011430 0.83280900 -0.46514575
vn -0.29181348 0.42684897 -0.85594676
vn -0.29181348 0.42684897 -0.85594676
vn -0.29181348 0.42684897 -0.85594676
vn -0.48006272 0.74197166 -0.46799342
vn -0.48006272 0.74197166 -0.46799342
vn -0.48006272 0.74197166 -0.46799342
vn -0.38756027 0.75471629 -0.52933955
vn -0.38756027 0.75471629 -0.52933955
vn -0.38756027 0.75471629 -0.52933955
vn 0.25979533 0.92932691 -0.26240787
vn 0.25979533 0.92932691 -0.26240787
vn 0.25979533 0.92932691 -0.26240787
vn 0.26170645 0.92778565 -0.26593895
vn 0.26170645 0.92778565 -0.26593895
vn 0.26170645 0.92778565 -0.26593895
vn 0.65622141 0.29750682 -0.69344297
vn 0.65622141 0.29750682 -0.69344297
vn 0.65622141 0.29750682 -0.69344297
vn 0.45365038 0.86375474 -0.21938344
vn 0.45365038 0.86375474 -0.21938344
vn 0.45365038 0.86375474 -0.21938344
vn 0.65254247 0.23549933 -0.72022802
vn 0.65254247 0.23549933 -0.72022802
vn 0.65254247 0.23549933 -0.72022802
vn 0.60271656 0.65531727 -0.45529334
vn 0.60271656 0.65531727 -0.45529334
vn 0.60271656 0.65531727 -0.45529334
vn 0.75878754 0.40614470 -0.50920325
vn 0.75878754 0.40614470 -0.50920325
vn 0.75878754 0.40614470 -0.50920325
vn 0.31155967 0.73120005 -0.60685835
vn 0.31155967 0.73120005 -0.60685835
vn 0.31155967 0.73120005 -0.60685835
vn 0.42160436 0.55795454 -0.71479822
vn 0.42160436 0.55795454 -0.71479822
vn 0.42160436 0.55795454 -0.71479822
vn 0.06708143 0.96349997 -0.25916770
vn 0.06708143 0.96349997 -0.25916770
vn 0.06708143 0.96349997 -0.25916770
vn 0.31740900 0.40441367 -0.85773021
vn 0.31740900 0.40441367 -0.85773021
vn 0.31740900 0.40441367 -0.85773021
vn 0.31568832 0.31336493 -0.89562453
vn 0.31568832 0.31336493 -0.89562453
vn 0.31568832 0.31336493 -0.89562453
vn -0.02341064 0.93038054 -0.36584694
vn -0.02341064 0.93038054 -0.36584694
vn -0.02341064 0.93038054 -0.36584694
vn 0.06713115 0.55803459 -0.82709782
vn 0.06713115 0.55803459 -0.82709782
vn 0.06713115 0.55803459 -0.82709782
vn 0.07697701 0.61953853 -0.78118279
vn 0.07697701 0.61953853 -0.78118279
vn 0.07697701 0.61953853 -0.78118279
vn -0.02885278 0.80885006 -0.58730664
vn -0.02885278 0.80885006 -0.58730664
vn -0.02885278 0.80885006 -0.58730664
vn 0.70423454 0.67917386 -0.20682501
vn 0.70423454 0.67917386 -0.20682501
vn 0.70423454 0.67917386 -0.20682501
vn 0.22517209 0.97391505 -0.02805368
vn 0.22654240 0.97358210 -0.02857352
vn 0.22660178 0.97356761 -0.02859605
vn 0.77645486 0.55940342 -0.29014765
vn 0.77645486 0.55940342 -0.29014765
vn 0.77645486 0.55940342 -0.29014765
vn 0.75267723 0.62488599 -0.20735113
vn 0.75267723 0.62488599 -0.20735113
vn 0.75267723 0.62488599 -0.20735113
vn 0.75221751 0.62756805 -0.20081625
vn 0.75221751 0.62756805 -0.20081625
vn 0.75221751 0.62756805 -0.20081625
vn 0.37059888 0.92734363 -0.05186770
vn 0.37059888 0.92734363 -0.05186770
vn 0.37059888 0.92734363 -0.05186770
vn 0.57780364 0.79850393 -0.16892137
vn 0.57780364 0.79850393 -0.16892137
vn 0.57780364 0.79850393 -0.16892137
vn 0.75369054 0.62085582 -0.21561222
vn 0.75369054 0.62085582 -0.21561222
vn 0.75369054 0.62085582 -0.21561222
vn 0.49740880 0.86497866 -0.06630537
vn 0.49740880 0.86497866 -0.06630537
vn 0.49740880 0.86497866 -0.06630537
vn 0.82661947 0.48422856 -0.28674545
vn 0.82661947 0.48422856 -0.28674545
vn 0.82661947 0.48422856 -0.28674545
vn 0.70869574 0.65899265 -0.25195045
vn 0.70869574 0.65899265 -0.25195045
vn 0.70869574 0.65899265 -0.25195045
vn 0.78332316 0.59993958 -0.16271858
vn 0.78362848 0.59959418 -0.16252148
vn 0.78373710 0.59947121 -0.16245132
vn 0.74677020 0.65005653 -0.14057304
vn 0.74677020 0.65005653 -0.14057304
vn 0.74677020 0.65005653 -0.14057304
vn 0.54079117 0.83202291 -0.12362359
vn 0.54079117 0.83202291 -0.12362359
vn 0.54079117 0.83202291 -0.12362359
vn 0.41833700 0.90751011 -0.03767687
vn 0.41833700 0.90751011 -0.03767687
vn 0.41833700 0.90751011 -0.03767687
vn 0.78321823 0.60005819 -0.16278628
vn 0.74694024 0.65043285 -0.13790351
vn 0.74694024 0.65043285 -0.13790351
vn 0.74694024 0.65043285 -0.13790351
vn 0.75308484 0.64456432 -0.13190927
vn 0.75308484 0.64456432 -0.13190927
vn 0.75308484 0.64456432 -0.13190927
vn 0.73967930 0.66422539 -0.10807022
vn 0.73967930 0.66422539 -0.10807022
vn 0.73967930 0.66422539 -0.10807022
vn 0.67800154 0.72471565 -0.12288671
vn 0.67800154 0.72471565 -0.12288671
vn 0.67800154 0.72471565 -0.12288671
vn 0.35684314 0.93051040 -0.08254310
vn 0.35684314 0.93051040 -0.08254310
vn 0.35684314 0.93051040 -0.08254310
vn 0.36360219 0.92747741 -0.08705804
vn 0.36360219 0.92747741 -0.08705804
vn 0.36360219 0.92747741 -0.08705804
vn 0.39563099 0.91601430 -0.06628667
vn 0.39563099 0.91601430 -0.06628667
vn 0.39563099 0.91601430 -0.06628667
vn 0.55081853 0.83460315 -0.00604325
vn 0.55081853 0.83460315 -0.00604325
vn 0.55081853 0.83460315 -0.00604325
vn 0.79831640 0.55797587 -0.22661390
vn 0.79831640 0.55797587 -0.22661390
vn 0.79831640 0.55797587 -0.22661390
vn 0.77904802 0.61930683 -0.09768945
vn 0.77904802 0.61930683 -0.09768945
vn 0.77904802 0.61930683 -0.09768945
vn 0.68598191 0.72440828 -0.06827492
vn 0.68598191 0.72440828 -0.06827492
vn 0.68598191 0.72440828 -0.06827492
vn 0.46196918 0.88578888 -0.04430050
vn 0.46196918 0.88578888 -0.04430050
vn 0.46196918 0.88578888 -0.04430050
vn 0.45543845 0.88665407 -0.08012726
vn 0.45543845 0.88665407 -0.08012726
vn 0.45543845 0.88665407 -0.08012726
vn 0.63355273 0.77332155 -0.02418098
vn 0.63355273 0.77332155 -0.02418098
vn 0.63355273 0.77332155 -0.02418098
vn 0.48850495 0.87177425 -0.03704823
vn 0.48850495 0.87177425 -0.03704823
vn 0.48850495 0.87177425 -0.03704823
vn 0.43642262 0.89596043 -0.08240268
vn 0.43642262 0.89596043 -0.08240268
vn 0.43642262 0.89596043 -0.08240268
vn 0.74311153 0.55129695 -0.37928475
vn 0.74311153 0.55129695 -0.37928475
vn 0.74311153 0.55129695 -0.37928475
vn 0.74902385 0.63615548 -0.18512016
vn 0.74902385 0.63615548 -0.18512016
vn 0.74902385 0.63615548 -0.18512016
vn 0.76507073 0.61365552 -0.19517601
vn 0.76507073 0.61365552 -0.19517601
vn 0.76507073 0.61365552 -0.19517601
vn 0.65369339 0.74808708 -0.11423957
vn 0.65369339 0.74808708 -0.11423957
vn 0.65369339 0.74808708 -0.11423957
vn 0.70117389 0.69920011 -0.13955067
vn 0.70117389 0.69920011 -0.13955067
vn 0.70117389 0.69920011 -0.13955067
vn 0.89766276 0.43893276 -0.03923769
vn 0.89766276 0.43893276 -0.03923769
vn 0.89766276 0.43893276 -0.03923769
vn 0.54353069 0.83938151 -0.00361408
vn 0.54353069 0.83938151 -0.00361408
vn 0.54353069 0.83938151 -0.00361408
vn 0.78157232 0.51509344 -0.35188557
vn 0.78157232 0.51509344 -0.35188557
vn 0.78157232 0.51509344 -0.35188557
vn 0.61317015 0.73940734 -0.27802725
vn 0.61317015 0.73940734 -0.27802725
vn 0.61317015 0.73940734 -0.27802725
vn 0.85098143 0.52502826 -0.01326393
vn 0.85098143 0.52502826 -0.01326393
vn 0.85098143 0.52502826 -0.01326393
vn 0.60241734 0.75794846 -0.25021487
vn 0.60241734 0.75794846 -0.25021487
vn 0.60241734 0.75794846 -0.25021487
vn 0.50389571 0.83664915 -0.21472611
vn 0.50389571 0.83664915 -0.21472611
vn 0.50389571 0.83664915 -0.21472611
vn 0.46369082 0.87356886 -0.14787926
vn 0.46369082 0.87356886 -0.14787926
vn 0.46369082 0.87356886 -0.14787926
vn 0.60396775 0.75511087 -0.25501084
vn 0.60396775 0.75511087 -0.25501084
vn 0.60396775 0.75511087 -0.25501084
vn 0.62931132 0.74482018 -0.22183361
vn 0.62931132 0.74482018 -0.22183361
vn 0.62931132 0.74482018 -0.22183361
vn 0.22508610 0.97393586 -0.02802107
vn 0.72573874 0.63314606 -0.26912700
vn 0.72573874 0.63314606 -0.26912700
vn 0.72573874 0.63314606 -0.26912700
vn 0.62456242 0.74329020 -0.23966949
vn 0.62456242 0.74329020 -0.23966949
vn 0.62456242 0.74329020 -0.23966949
vn 0.81205693 0.43791450 -0.38573881
vn 0.81205693 0.43791450 -0.38573881
vn 0.81205693 0.43791450 -0.38573881
vn 0.21826542 0.97578285 -0.01442343
vn 0.21826542 0.97578285 -0.01442343
vn 0.21826542 0.97578285 -0.01442343
vn 0.58039813 0.78693908 -0.20943946
vn 0.58039813 0.78693908 -0.20943946
vn 0.58039813 0.78693908 -0.20943946
vn 0.24266948 0.96898259 -0.04673607
vn 0.24266948 0.96898259 -0.04673607
vn 0.24266948 0.96898259 -0.04673607
vn 0.53028936 0.83707034 -0.13456017
vn 0.53028936 0.83707034 -0.13456017
vn 0.53028936 0.83707034 -0.13456017
vn 0.50173237 0.85316778 -0.14272130
vn 0.50173237 0.85316778 -0.14272130
vn 0.50173237 0.85316778 -0.14272130
vn 0.70714006 0.63801604 -0.30477609
vn 0.70714006 0.63801604 -0.30477609
vn 0.70714006 0.63801604 -0.30477609
vn 0.52802644 0.84525677 -0.08203092
vn 0.52802644 0.84525677 -0.08203092
vn 0.52802644 0.84525677 -0.08203092
vn 0.68103191 0.68735962 -0.25245255
vn 0.68103191 0.68735962 -0.25245255
vn 0.68103191 0.68735962 -0.25245255
vn -0.51587018 0.83473925 -0.19258335
vn -0.51587018 0.83473925 -0.19258335
vn -0.51587018 0.83473925 -0.19258335
vn -0.02819243 0.99361026 -0.10928784
vn -0.02724768 0.99344888 -0.11098145
vn -0.03027186 0.99395227 -0.10555800
vn 0.16514152 0.98207725 -0.09084359
vn 0.16514152 0.98207725 -0.09084359
vn 0.16514152 0.98207725 -0.09084359
vn -0.60244821 0.76298488 -0.23432934
vn -0.60244821 0.76298488 -0.23432934
vn -0.60244821 0.76298488 -0.23432934
vn 0.16890351 0.98563251 0.00039819
vn 0.16890351 0.98563251 0.00039819
vn 0.16890351 0.98563251 0.00039819
vn -0.19056739 0.96551117 -0.17740418
vn -0.19056739 0.96551117 -0.17740418
vn -0.19056739 0.96551117 -0.17740418
vn -0.02523449 0.99309250 -0.11458840
vn 0.24408544 0.96202501 -0.12218914
vn 0.24408544 0.96202501 -0.12218914
vn 0.24408544 0.96202501 -0.12218914
vn -0.57151351 0.77473063 -0.27048984
vn -0.57151351 0.77473063 -0.27048984
vn -0.57151351 0.77473063 -0.27048984
vn -0.43077010 0.87434426 -0.22351565
vn -0.43077010 0.87434426 -0.22351565
vn -0.43077010 0.87434426 -0.22351565
vn -0.33366704 0.94265703 0.00800227
vn -0.33366704 0.94265703 0.00800227
vn -0.33366704 0.94265703 0.00800227
vn 0.06091341 0.99145639 -0.11534203
vn 0.06091341 0.99145639 -0.11534203
vn 0.06091341 0.99145639 -0.11534203
vn -0.61448596 0.78879947 -0.01422670
vn -0.61448596 0.78879947 -0.01422670
vn -0.61448596 0.78879947 -0.01422670
vn -0.59939847 0.79736429 -0.07022572
vn -0.59939847 0.79736429 -0.07022572
vn -0.59939847 0.79736429 -0.07022572
vn -0.24257164 0.97006530 -0.01150285
vn -0.24257164 0.97006530 -0.01150285
vn -0.24257164 0.97006530 -0.01150285
vn -0.21132916 0.97635940 0.04541271
vn -0.21132916 0.97635940 0.04541271
vn -0.21132916 0.97635940 0.04541271
vn 0.15870810 0.98712132 -0.02008105
vn 0.16173774 0.98665503 -0.01878181
vn 0.16173774 0.98665503 -0.01878181
vn -0.20587957 0.97742367 -0.04750341
vn -0.20587957 0.97742367 -0.04750341
vn -0.20587957 0.97742367 -0.04750341
vn -0.44548341 0.89169522 -0.08015086
vn -0.44548341 0.89169522 -0.08015086
vn -0.44548341 0.89169522 -0.08015086
vn -0.03908864 0.99814893 -0.04659175
vn -0.03908864 0.99814893 -0.04659175
vn -0.03908864 0.99814893 -0.04659175
vn -0.44676862 0.88903791 -0.10004696
vn -0.44676862 0.88903791 -0.10004696
vn -0.44676862 0.88903791 -0.10004696
vn 0.15673453 0.98741904 -0.02092688
vn 0.15673453 0.98741904 -0.02092688
vn -0.44453915 0.88880619 -0.11139347
vn -0.44453915 0.88880619 -0.11139347
vn -0.44453915 0.88880619 -0.11139347
vn -0.60119815 0.78609715 -0.14356900
vn -0.60119815 0.78609715 -0.14356900
vn -0.60119815 0.78609715 -0.14356900
vn -0.53843702 0.84149421 -0.04441927
vn -0.53843702 0.84149421 -0.04441927
vn -0.53843702 0.84149421 -0.04441927
vn -0.10004291 0.99258160 -0.06908827
vn -0.10004291 0.99258160 -0.06908827
vn -0.10004291 0.99258160 -0.06908827
vn -0.63170731 0.77256412 -0.06395740
vn -0.63170731 0.77256412 -0.06395740
vn -0.63170731 0.77256412 -0.06395740
vn -0.47487687 0.86472067 -0.16355464
vn -0.47487687 0.86472067 -0.16355464
vn -0.47487687 0.86472067 -0.16355464
vn -0.50239939 0.84204483 -0.19635517
vn -0.50239939 0.84204483 -0.19635517
vn -0.50239939 0.84204483 -0.19635517
vn -0.59141783 0.77087110 -0.23660663
vn -0.59141783 0.77087110 -0.23660663
vn -0.59141783 0.77087110 -0.23660663
vn -0.47176629 0.87684140 -0.09265920
vn -0.47176629 0.87684140 -0.09265920
vn -0.47176629 0.87684140 -0.09265920
vn 0.18412047 0.98212261 -0.03917690
vn 0.18302847 0.98231575 -0.03945066
vn 0.18405219 0.98213473 -0.03919402
vn 0.18294844 0.98232985 -0.03947072
vn -0.18576759 0.96177020 -0.20121750
vn -0.18576759 0.96177020 -0.20121750
vn -0.18576759 0.96177020 -0.20121750
vn -0.59533580 0.76929047 -0.23187812
vn -0.59533580 0.76929047 -0.23187812
vn -0.59533580 0.76929047 -0.23187812
vn 0.08407232 0.99643371 0.00719095
vn 0.08407232 0.99643371 0.00719095
vn 0.08407232 0.99643371 0.00719095
vn -0.39667776 0.91660774 -0.04976958
vn -0.39667776 0.91660774 -0.04976958
vn -0.39667776 0.91660774 -0.04976958
vn -0.53554492 0.82986208 -0.15659044
vn -0.53554492 0.82986208 -0.15659044
vn -0.53554492 0.82986208 -0.15659044
vn -0.39465799 0.91095006 -0.12006270
vn -0.39465799 0.91095006 -0.12006270
vn -0.39465799 0.91095006 -0.12006270
vn 0.19011205 0.98050260 -0.04971983
vn 0.19172780 0.98020929 -0.04929696
vn 0.19021471 0.98048405 -0.04969297
vn 0.19186677 0.98018393 -0.04926057
vn 0.19145280 0.97935825 -0.06483240
vn 0.19145280 0.97935825 -0.06483240
vn 0.19145280 0.97935825 -0.06483240
vn -0.50568405 0.84873360 -0.15470911
vn -0.50568405 0.84873360 -0.15470911
vn -0.50568405 0.84873360 -0.15470911
vn 0.14643473 0.98698793 -0.06642062
vn 0.14643473 0.98698793 -0.06642062
vn 0.14643473 0.98698793 -0.06642062
vn -0.35351082 0.59742436 -0.71980153
vn -0.35351082 0.59742436 -0.71980153
vn -0.35351082 0.59742436 -0.71980153
vn -0.38627149 0.58437443 -0.71365318
vn -0.38627149 0.58437443 -0.71365318
vn -0.38627149 0.58437443 -0.71365318
vn 0.27908659 0.93156584 -0.23301450
vn 0.27908659 0.93156584 -0.23301450
vn 0.27908659 0.93156584 -0.23301450
vn -0.42708037 0.71655820 -0.55149497
vn -0.42708037 0.71655820 -0.55149497
vn -0.42708037 0.71655820 -0.55149497
vn 0.25317524 0.96366915 -0.08511212
vn 0.25317524 0.96366915 -0.08511212
vn 0.25317524 0.96366915 -0.08511212
vn 0.14988899 0.97944537 -0.13498171
vn 0.14988899 0.97944537 -0.13498171
vn 0.14988899 0.97944537 -0.13498171
vn -0.50961130 0.81242521 -0.28330479
vn -0.50961130 0.81242521 -0.28330479
vn -0.50961130 0.81242521 -0.28330479
vn -0.38519900 0.86325157 -0.32621843
vn -0.38519900 0.86325157 -0.32621843
vn -0.38519900 0.86325157 -0.32621843
vn 0.26088891 0.95343354 -0.15133231
vn 0.26088891 0.95343354 -0.15133231
vn 0.26088891 0.95343354 -0.15133231
vn -0.50505164 0.74932807 -0.42828761
vn -0.50505164 0.74932807 -0.42828761
vn -0.50505164 0.74932807 -0.42828761
vn -0.33371103 0.72188469 -0.60623382
vn -0.33371103 0.72188469 -0.60623382
vn -0.33371103 0.72188469 -0.60623382
vn -0.41544812 0.72949161 -0.54336438
vn -0.41544812 0.72949161 -0.54336438
vn -0.41544812 0.72949161 -0.54336438
vn -0.39130366 0.78278805 -0.48386394
vn -0.39130366 0.78278805 -0.48386394
vn -0.39130366 0.78278805 -0.48386394
vn 0.18716199 0.92343182 -0.33502844
vn 0.18716199 0.92343182 -0.33502844
vn 0.18716199 0.92343182 -0.33502844
vn 0.16249652 0.95634747 -0.24288764
vn 0.16249652 0.95634747 -0.24288764
vn 0.16249652 0.95634747 -0.24288764
vn 0.12840690 0.92721765 -0.35182253
vn 0.12840690 0.92721765 -0.35182253
vn 0.12840690 0.92721765 -0.35182253
vn -0.44151859 0.57835366 -0.68597987
vn -0.44151859 0.57835366 -0.68597987
vn -0.44151859 0.57835366 -0.68597987
vn -0.01765036 0.87497147 -0.48385265
vn -0.01765036 0.87497147 -0.48385265
vn -0.01765036 0.87497147 -0.48385265
vn -0.23824115 0.75738671 -0.60795273
vn -0.23824115 0.75738671 -0.60795273
vn -0.23824115 0.75738671 -0.60795273
vn 0.23102358 0.94458004 -0.23323091
vn 0.23102358 0.94458004 -0.23323091
vn 0.23102358 0.94458004 -0.23323091
vn 0.22325035 0.94496419 -0.23916933
vn 0.22325035 0.94496419 -0.23916933
vn 0.22325035 0.94496419 -0.23916933
vn 0.11801602 0.85926164 -0.49773652
vn 0.11801602 0.85926164 -0.49773652
vn 0.11801602 0.85926164 -0.49773652
vn -0.27561747 0.70580519 -0.65259025
vn -0.27561747 0.70580519 -0.65259025
vn -0.27561747 0.70580519 -0.65259025
vn 0.32102047 0.89648354 -0.30539011
vn 0.32102047 0.89648354 -0.30539011
vn 0.32102047 0.89648354 -0.30539011
vn -0.18431266 0.74554793 -0.64045853
vn -0.18431266 0.74554793 -0.64045853
vn -0.18431266 0.74554793 -0.64045853
vn 0.34063689 0.91741597 -0.20570476
vn 0.34063689 0.91741597 -0.20570476
vn 0.34063689 0.91741597 -0.20570476
vn 0.26433731 0.93352439 -0.24219413
vn 0.26433731 0.93352439 -0.24219413
vn 0.26433731 0.93352439 -0.24219413
vn -0.34810718 0.64261095 -0.68254858
vn -0.34810718 0.64261095 -0.68254858
vn -0.34810718 0.64261095 -0.68254858
vn -0.39227333 0.60920588 -0.68919506
vn -0.39227333 0.60920588 -0.68919506
vn -0.39227333 0.60920588 -0.68919506
vn 0.34167526 0.89945499 -0.27246789
vn 0.34167526 0.89945499 -0.27246789
vn 0.34167526 0.89945499 -0.27246789
vn 0.08942866 0.90307309 -0.42007323
vn 0.08942866 0.90307309 -0.42007323
vn 0.08942866 0.90307309 -0.42007323
vn -0.15189442 0.75850555 -0.63371714
vn -0.15189442 0.75850555 -0.63371714
vn -0.15189442 0.75850555 -0.63371714
vn 0.31450640 0.89551004 -0.31487694
vn 0.31450640 0.89551004 -0.31487694
vn 0.31450640 0.89551004 -0.31487694
vn -0.18201782 0.76069184 -0.62307098
vn -0.18201782 0.76069184 -0.62307098
vn -0.18201782 0.76069184 -0.62307098
vn -0.15263340 0.75666245 -0.63573972
vn -0.15263340 0.75666245 -0.63573972
vn -0.15263340 0.75666245 -0.63573972
vn -0.12972920 0.76588923 -0.62974918
vn -0.12972920 0.76588923 -0.62974918
vn -0.12972920 0.76588923 -0.62974918
vn 0.15856565 0.87873824 -0.45019555
vn 0.15856565 0.87873824 -0.45019555
vn 0.15856565 0.87873824 -0.45019555
vn 0.20426231 0.90961060 -0.36178097
vn 0.20426231 0.90961060 -0.36178097
vn 0.20426231 0.90961060 -0.36178097
vn 0.09025957 0.85829013 -0.50516459
vn 0.09025957 0.85829013 -0.50516459
vn 0.09025957 0.85829013 -0.50516459
vn 0.11601558 0.88843798 -0.44409271
vn 0.11601558 0.88843798 -0.44409271
vn 0.11601558 0.88843798 -0.44409271
vn -0.17153483 0.80209558 -0.57203014
vn -0.17153483 0.80209558 -0.57203014
vn -0.17153483 0.80209558 -0.57203014
vn -0.34824552 0.66363057 -0.66205704
vn -0.34824552 0.66363057 -0.66205704
vn -0.34824552 0.66363057 -0.66205704
vn -0.15064321 0.77749104 -0.61058521
vn -0.15064321 0.77749104 -0.61058521
vn -0.15064321 0.77749104 -0.61058521
vn -0.23289400 0.77283921 -0.59032189
vn -0.23289400 0.77283921 -0.59032189
vn -0.23289400 0.77283921 -0.59032189
vn 0.08068294 0.91506354 -0.39515690
vn 0.08068294 0.91506354 -0.39515690
vn 0.08068294 0.91506354 -0.39515690
vn 0.31059599 0.89634210 -0.31638738
vn 0.31059599 0.89634210 -0.31638738
vn 0.31059599 0.89634210 -0.31638738
vn 0.25082397 0.92537136 -0.28420977
vn 0.25082397 0.92537136 -0.28420977
vn 0.25082397 0.92537136 -0.28420977
vn 0.21757396 0.90177418 -0.37345000
vn 0.21757396 0.90177418 -0.37345000
vn 0.21757396 0.90177418 -0.37345000
vn 0.47974092 0.87728972 -0.01453941
vn 0.47974092 0.87728972 -0.01453941
vn 0.47974092 0.87728972 -0.01453941
vn 0.09448970 0.91045967 -0.40265977
vn 0.09448970 0.91045967 -0.40265977
vn 0.09448970 0.91045967 -0.40265977
vn 0.24194539 0.94137444 -0.23510974
vn 0.24194539 0.94137444 -0.23510974
vn 0.24194539 0.94137444 -0.23510974
vn 0.44490293 0.23061652 -0.86537703
vn 0.44490293 0.23061652 -0.86537703
vn 0.44490293 0.23061652 -0.86537703
vn 0.42164202 0.41096338 -0.80828652
vn 0.42164202 0.41096338 -0.80828652
vn 0.42164202 0.41096338 -0.80828652
vn 0.18877010 0.90122148 -0.39008421
vn 0.18877010 0.90122148 -0.39008421
vn 0.18877010 0.90122148 -0.39008421
vn 0.39429576 0.53850087 -0.74467957
vn 0.39429576 0.53850087 -0.74467957
vn 0.39429576 0.53850087 -0.74467957
vn 0.29724203 0.56684440 -0.76833235
vn 0.29724203 0.56684440 -0.76833235
vn 0.29724203 0.56684440 -0.76833235
vn 0.41406727 0.81813509 -0.39900285
vn 0.41406727 0.81813509 -0.39900285
vn 0.41406727 0.81813509 -0.39900285
vn 0.41788102 0.82644249 -0.37731719
vn 0.41788102 0.82644249 -0.37731719
vn 0.41788102 0.82644249 -0.37731719
vn 0.30587621 0.83686131 -0.45398556
vn 0.30587621 0.83686131 -0.45398556
vn 0.30587621 0.83686131 -0.45398556
vn 0.76900626 0.38869328 -0.50749078
vn 0.76900626 0.38869328 -0.50749078
vn 0.76900626 0.38869328 -0.50749078
vn 0.68215015 0.57894230 -0.44665085
vn 0.68215015 0.57894230 -0.44665085
vn 0.68215015 0.57894230 -0.44665085
vn 0.50513423 0.62809368 -0.59189335
vn 0.50514815 0.62811604 -0.59185774
vn 0.50535358 0.62844599 -0.59133189
vn -0.20399500 0.57486428 -0.79241221
vn -0.20399500 0.57486428 -0.79241221
vn -0.20399500 0.57486428 -0.79241221
vn 0.54805392 0.32344923 -0.77137377
vn 0.54805392 0.32344923 -0.77137377
vn 0.54805392 0.32344923 -0.77137377
vn 0.54797769 0.30989054 -0.77697381
vn 0.54797769 0.30989054 -0.77697381
vn 0.54797769 0.30989054 -0.77697381
vn 0.61381447 0.70260894 -0.35996175
vn 0.61381447 0.70260894 -0.35996175
vn 0.61381447 0.70260894 -0.35996175
vn 0.50541065 0.62853768 -0.59118564
vn 0.47717905 0.44785639 -0.75612486
vn 0.47717905 0.44785639 -0.75612486
vn 0.47717905 0.44785639 -0.75612486
vn 0.23991210 0.52728964 -0.81511215
vn 0.23991210 0.52728964 -0.81511215
vn 0.23991210 0.52728964 -0.81511215
vn 0.52562297 0.82060919 -0.22432353
vn 0.52562297 0.82060919 -0.22432353
vn 0.52562297 0.82060919 -0.22432353
vn 0.13501362 0.64218689 -0.75456433
vn 0.13501362 0.64218689 -0.75456433
vn 0.13501362 0.64218689 -0.75456433
vn 0.10276186 0.57879174 -0.80897474
vn 0.10276186 0.57879174 -0.80897474
vn 0.10276186 0.57879174 -0.80897474
vn 0.34792016 0.89224455 -0.28783890
vn 0.34792016 0.89224455 -0.28783890
vn 0.34792016 0.89224455 -0.28783890
vn -0.20688793 0.52050927 -0.82841263
vn -0.20688793 0.52050927 -0.82841263
vn -0.20688793 0.52050927 -0.82841263
vn -0.09379347 0.59516545 -0.79811081
vn -0.09379347 0.59516545 -0.79811081
vn -0.09379347 0.59516545 -0.79811081
vn 0.66555623 0.50960763 -0.54528430
vn 0.66555623 0.50960763 -0.54528430
vn 0.66555623 0.50960763 -0.54528430
vn 0.67894715 0.60410657 -0.41723616
vn 0.67894715 0.60410657 -0.41723616
vn 0.67894715 0.60410657 -0.41723616
vn 0.66556638 0.60797706 -0.43288023
vn 0.66556638 0.60797706 -0.43288023
vn 0.66556638 0.60797706 -0.43288023
vn 0.65548526 0.60288637 -0.45482645
vn 0.65548526 0.60288637 -0.45482645
vn 0.65548526 0.60288637 -0.45482645
vn 0.66727221 0.59176398 -0.45228662
vn 0.66727221 0.59176398 -0.45228662
vn 0.66727221 0.59176398 -0.45228662
vn 0.62438501 0.58939511 -0.51259805
vn 0.62438501 0.58939511 -0.51259805
vn 0.62438501 0.58939511 -0.51259805
vn 0.66310575 0.56052819 -0.49608357
vn 0.66310575 0.56052819 -0.49608357
vn 0.66310575 0.56052819 -0.49608357
vn 0.69063556 0.41863035 -0.58972126
vn 0.69063556 0.41863035 -0.58972126
vn 0.69063556 0.41863035 -0.58972126
vn 0.57820668 0.76213044 -0.29126317
vn 0.57820668 0.76213044 -0.29126317
vn 0.57820668 0.76213044 -0.29126317
vn 0.73499875 0.28184299 -0.61671822
vn 0.73499875 0.28184299 -0.61671822
vn 0.73499875 0.28184299 -0.61671822
vn 0.48310535 0.85080638 -0.20673106
vn 0.48295157 0.85051457 -0.20828525
vn 0.48257223 0.84979544 -0.21206547
vn 0.72284362 0.54390805 -0.42621724
vn 0.72284362 0.54390805 -0.42621724
vn 0.72284362 0.54390805 -0.42621724
vn 0.72923601 0.54463905 -0.41422595
vn 0.72923601 0.54463905 -0.41422595
vn 0.72923601 0.54463905 -0.41422595
vn 0.72283375 0.60882418 -0.32687075
vn 0.72283375 0.60882418 -0.32687075
vn 0.72283375 0.60882418 -0.32687075
vn 0.73013241 0.52213958 -0.44076856
vn 0.73013241 0.52213958 -0.44076856
vn 0.73013241 0.52213958 -0.44076856
vn 0.71255105 0.49791837 -0.49431599
vn 0.71255105 0.49791837 -0.49431599
vn 0.71255105 0.49791837 -0.49431599
vn 0.71029751 0.56743222 -0.41653105
vn 0.71029751 0.56743222 -0.41653105
vn 0.71029751 0.56743222 -0.41653105
vn 0.67866580 0.60626845 -0.41454951
vn 0.67866580 0.60626845 -0.41454951
vn 0.67866580 0.60626845 -0.41454951
vn 0.65533556 0.63089172 -0.41534436
vn 0.65533556 0.63089172 -0.41534436
vn 0.65533556 0.63089172 -0.41534436
vn 0.66918357 0.44956937 -0.59167621
vn 0.66918357 0.44956937 -0.59167621
vn 0.66918357 0.44956937 -0.59167621
vn 0.77817877 0.59501438 -0.20098679
vn 0.77817877 0.59501438 -0.20098679
vn 0.77817877 0.59501438 -0.20098679
vn 0.67301002 0.72414233 0.15058353
vn 0.67301002 0.72414233 0.15058353
vn 0.67301002 0.72414233 0.15058353
vn 0.69412917 0.71594760 -0.07485806
vn 0.69412917 0.71594760 -0.07485806
vn 0.69412917 0.71594760 -0.07485806
vn 0.94526416 0.23481589 -0.22657706
vn 0.94526416 0.23481589 -0.22657706
vn 0.94526416 0.23481589 -0.22657706
vn 0.91038866 0.24882895 -0.33057018
vn 0.91038866 0.24882895 -0.33057018
vn 0.91038866 0.24882895 -0.33057018
vn 0.93637191 0.16693096 -0.30877450
vn 0.93637191 0.16693096 -0.30877450
vn 0.93637191 0.16693096 -0.30877450
vn 0.79920809 0.56527326 -0.20428550
vn 0.79920809 0.56527326 -0.20428550
vn 0.79920809 0.56527326 -0.20428550
vn 0.89507986 0.35323359 0.27213615
vn 0.89507986 0.35323359 0.27213615
vn 0.89507986 0.35323359 0.27213615
vn 0.87691110 0.39240222 0.27757418
vn 0.87691110 0.39240222 0.27757418
vn 0.87691110 0.39240222 0.27757418
vn 0.94618124 0.29916736 -0.12345019
vn 0.94618124 0.29916736 -0.12345019
vn 0.94618124 0.29916736 -0.12345019
vn 0.90697906 0.41003333 0.09623748
vn 0.90697906 0.41003333 0.09623748
vn 0.90697906 0.41003333 0.09623748
vn 0.85003296 0.52585502 -0.03033924
vn 0.85003296 0.52585502 -0.03033924
vn 0.85003296 0.52585502 -0.03033924
vn 0.98019513 0.18702406 -0.06511155
vn 0.98019513 0.18702406 -0.06511155
vn 0.98019513 0.18702406 -0.06511155
vn 0.90338737 0.41507822 0.10770949
vn 0.90338737 0.41507822 0.10770949
vn 0.90338737 0.41507822 0.10770949
vn 0.90928563 0.40341020 0.10227347
vn 0.90928563 0.40341020 0.10227347
vn 0.90928563 0.40341020 0.10227347
vn 0.98233093 0.07794948 -0.17014648
vn 0.98233093 0.07794948 -0.17014648
vn 0.98233093 0.07794948 -0.17014648
vn 0.97877733 0.10799685 -0.17415974
vn 0.97877733 0.10799685 -0.17415974
vn 0.97877733 0.10799685 -0.17415974
vn 0.83848103 0.08247549 -0.53865329
vn 0.83848103 0.08247549 -0.53865329
vn 0.83848103 0.08247549 -0.53865329
vn 0.62833271 0.72801969 -0.27419944
vn 0.62833271 0.72801969 -0.27419944
vn 0.62833271 0.72801969 -0.27419944
vn 0.75726615 0.08746885 -0.64722266
vn 0.75726615 0.08746885 -0.64722266
vn 0.75726615 0.08746885 -0.64722266
vn 0.69162527 0.67182291 -0.26515742
vn 0.69162527 0.67182291 -0.26515742
vn 0.69162527 0.67182291 -0.26515742
vn 0.48243237 0.84953054 -0.21344054
vn 0.73267471 0.35021398 0.58355628
vn 0.73267471 0.35021398 0.58355628
vn 0.73267471 0.35021398 0.58355628
vn 0.46589426 0.72230716 0.51109187
vn 0.46589426 0.72230716 0.51109187
vn 0.46589426 0.72230716 0.51109187
vn 0.36163656 0.84870757 0.38589436
vn 0.36163656 0.84870757 0.38589436
vn 0.36163656 0.84870757 0.38589436
vn 0.48417254 0.70615428 0.51664599
vn 0.48417254 0.70615428 0.51664599
vn 0.48417254 0.70615428 0.51664599
vn 0.65430588 0.44111336 0.61424980
vn 0.65430588 0.44111336 0.61424980
vn 0.65430588 0.44111336 0.61424980
vn 0.36003995 0.83351681 0.41907155
vn 0.36003995 0.83351681 0.41907155
vn 0.36003995 0.83351681 0.41907155
vn 0.52662275 0.64793789 0.55031352
vn 0.52662275 0.64793789 0.55031352
vn 0.52662275 0.64793789 0.55031352
vn 0.62180160 0.54790013 0.55961434
vn 0.62180160 0.54790013 0.55961434
vn 0.62180160 0.54790013 0.55961434
vn 0.61449257 0.54155025 0.57369174
vn 0.61441633 0.54197443 0.57337274
vn 0.61440145 0.54205710 0.57331053
vn 0.43385582 0.73004925 0.52801252
vn 0.43385582 0.73004925 0.52801252
vn 0.43385582 0.73004925 0.52801252
vn 0.51386162 0.74646848 0.42276596
vn 0.51386162 0.74646848 0.42276596
vn 0.51386162 0.74646848 0.42276596
vn 0.61225680 0.55881315 0.55934736
vn 0.61225680 0.55881315 0.55934736
vn 0.61225680 0.55881315 0.55934736
vn 0.63154066 0.55965838 0.53659938
vn 0.63154066 0.55965838 0.53659938
vn 0.63154066 0.55965838 0.53659938
vn 0.55049550 0.70906147 0.44066601
vn 0.55049550 0.70906147 0.44066601
vn 0.55049550 0.70906147 0.44066601
vn 0.61450919 0.54145760 0.57376138
vn 0.51792798 0.69677931 0.49623503
vn 0.51792798 0.69677931 0.49623503
vn 0.51792798 0.69677931 0.49623503
vn 0.49747624 0.74319658 0.44741059
vn 0.49747624 0.74319658 0.44741059
vn 0.49747624 0.74319658 0.44741059
vn -0.17025154 0.60779262 0.77563042
vn -0.17025154 0.60779262 0.77563042
vn -0.17025154 0.60779262 0.77563042
vn -0.02791130 0.84085961 0.54053314
vn -0.02791130 0.84085961 0.54053314
vn -0.02791130 0.84085961 0.54053314
vn 0.09795571 0.77748918 0.62122078
vn 0.09795571 0.77748918 0.62122078
vn 0.09795571 0.77748918 0.62122078
vn -0.21701525 0.57008660 0.79240498
vn -0.21701525 0.57008660 0.79240498
vn -0.21701525 0.57008660 0.79240498
vn -0.04386015 0.48029534 0.87600951
vn -0.04386015 0.48029534 0.87600951
vn -0.04386015 0.48029534 0.87600951
vn -0.12531359 0.36298669 0.92332939
vn -0.12531359 0.36298669 0.92332939
vn -0.12531359 0.36298669 0.92332939
vn -0.21929392 0.56257472 0.79713227
vn -0.21929392 0.56257472 0.79713227
vn -0.21929392 0.56257472 0.79713227
vn -0.05157761 0.51981655 0.85271948
vn -0.05157761 0.51981655 0.85271948
vn -0.05157761 0.51981655 0.85271948
vn 0.13485091 0.81202482 0.56783002
vn 0.13485091 0.81202482 0.56783002
vn 0.13485091 0.81202482 0.56783002
vn 0.20673789 0.64349759 0.73700088
vn 0.20673789 0.64349759 0.73700088
vn 0.20673789 0.64349759 0.73700088
vn 0.10810090 0.19550797 0.97472603
vn 0.10810090 0.19550797 0.97472603
vn 0.10810090 0.19550797 0.97472603
vn 0.31862725 0.73381075 0.59999872
vn 0.31862725 0.73381075 0.59999872
vn 0.31862725 0.73381075 0.59999872
vn 0.32344567 0.38099833 0.86615424
vn 0.32344567 0.38099833 0.86615424
vn 0.32344567 0.38099833 0.86615424
vn 0.34976865 0.18234229 0.91891957
vn 0.34976865 0.18234229 0.91891957
vn 0.34976865 0.18234229 0.91891957
vn 0.43176320 0.53532818 0.72595060
vn 0.43176320 0.53532818 0.72595060
vn 0.43176320 0.53532818 0.72595060
vn 0.67309223 0.20857042 0.70953875
vn 0.67309223 0.20857042 0.70953875
vn 0.67309223 0.20857042 0.70953875
vn 0.64825913 0.63145811 0.42546534
vn 0.64825913 0.63145811 0.42546534
vn 0.64825913 0.63145811 0.42546534
vn 0.59708070 0.40513830 0.69235655
vn 0.59708070 0.40513830 0.69235655
vn 0.59708070 0.40513830 0.69235655
vn -0.19145637 -0.83858256 0.51002328
vn -0.19145637 -0.83858256 0.51002328
vn -0.19145637 -0.83858256 0.51002328
vn 0.09927968 0.70994607 0.69722315
vn 0.09927968 0.70994607 0.69722315
vn 0.09927968 0.70994607 0.69722315
vn 0.11044453 0.72183022 0.68320065
vn 0.11044453 0.72183022 0.68320065
vn 0.11044453 0.72183022 0.68320065
vn 0.11690311 0.70815023 0.69631668
vn 0.11690311 0.70815023 0.69631668
vn 0.11690311 0.70815023 0.69631668
vn 0.10511390 0.59820473 0.79441939
vn 0.10511390 0.59820473 0.79441939
vn 0.10511390 0.59820473 0.79441939
vn -0.13917618 0.80273776 0.57986385
vn -0.13917618 0.80273776 0.57986385
vn -0.13917618 0.80273776 0.57986385
vn -0.13488708 0.81032741 0.57024115
vn -0.13488708 0.81032741 0.57024115
vn -0.13488708 0.81032741 0.57024115
vn 0.15955738 0.81481086 0.55733715
vn 0.15955738 0.81481086 0.55733715
vn 0.15955738 0.81481086 0.55733715
vn -0.13755604 0.69661817 0.70413171
vn -0.13755604 0.69661817 0.70413171
vn -0.13755604 0.69661817 0.70413171
vn -0.08174834 0.81007503 0.58059940
vn -0.08174834 0.81007503 0.58059940
vn -0.08174834 0.81007503 0.58059940
vn -0.02305499 0.88251308 0.46972240
vn -0.02305499 0.88251308 0.46972240
vn -0.02305499 0.88251308 0.46972240
vn 0.17126284 0.79869130 0.57685462
vn 0.17126284 0.79869130 0.57685462
vn 0.17126284 0.79869130 0.57685462
vn 0.04236016 0.93378081 0.35532944
vn 0.04236016 0.93378081 0.35532944
vn 0.04236016 0.93378081 0.35532944
vn -0.02949427 0.72474737 0.68838313
vn -0.02949427 0.72474737 0.68838313
vn -0.02949427 0.72474737 0.68838313
vn 0.18958739 0.70901964 0.67922586
vn 0.18958739 0.70901964 0.67922586
vn 0.18958739 0.70901964 0.67922586
vn 0.22285728 0.75602882 0.61543079
vn 0.22285728 0.75602882 0.61543079
vn 0.22285728 0.75602882 0.61543079
vn 0.30845301 0.61664732 0.72429471
vn 0.30845301 0.61664732 0.72429471
vn 0.30845301 0.61664732 0.72429471
vn 0.27433548 0.70432389 0.65472735
vn 0.27433548 0.70432389 0.65472735
vn 0.27433548 0.70432389 0.65472735
vn 0.28153656 0.53522414 0.79641213
vn 0.28153656 0.53522414 0.79641213
vn 0.28153656 0.53522414 0.79641213
vn 0.22981353 0.89948019 0.37164652
vn 0.22981353 0.89948019 0.37164652
vn 0.22981353 0.89948019 0.37164652
vn 0.33394156 0.53547152 0.77572759
vn 0.33394156 0.53547152 0.77572759
vn 0.33394156 0.53547152 0.77572759
vn 0.34478702 0.47769839 0.80803847
vn 0.34478702 0.47769839 0.80803847
vn 0.34478702 0.47769839 0.80803847
vn 0.27331961 0.88864936 0.36823730
vn 0.27331961 0.88864936 0.36823730
vn 0.27331961 0.88864936 0.36823730
vn 0.28054223 0.87675453 0.39063738
vn 0.28054223 0.87675453 0.39063738
vn 0.28054223 0.87675453 0.39063738
vn 0.42848479 0.44086304 0.78869548
vn 0.42848479 0.44086304 0.78869548
vn 0.42848479 0.44086304 0.78869548
vn 0.41201656 0.60109620 0.68478151
vn 0.41201656 0.60109620 0.68478151
vn 0.41201656 0.60109620 0.68478151
vn 0.35426742 0.76232175 0.54162731
vn 0.35426742 0.76232175 0.54162731
vn 0.35426742 0.76232175 0.54162731
vn 0.34870090 0.86120242 0.36978110
vn 0.34870090 0.86120242 0.36978110
vn 0.34870090 0.86120242 0.36978110
vn 0.46196220 0.57149567 0.67822093
vn 0.46196220 0.57149567 0.67822093
vn 0.46196220 0.57149567 0.67822093
vn 0.49201258 0.48053612 0.72595362
vn 0.49201258 0.48053612 0.72595362
vn 0.49201258 0.48053612 0.72595362
vn -0.29933324 0.65658046 0.69231619
vn -0.29933324 0.65658046 0.69231619
vn -0.29933324 0.65658046 0.69231619
vn -0.14322900 0.82047216 0.55345360
vn -0.14322900 0.82047216 0.55345360
vn -0.14322900 0.82047216 0.55345360
vn -0.04288707 0.70521793 0.70769229
vn -0.04288707 0.70521793 0.70769229
vn -0.04288707 0.70521793 0.70769229
vn 0.34018536 0.74711066 0.57105130
vn 0.34018536 0.74711066 0.57105130
vn 0.34018536 0.74711066 0.57105130
vn 0.33328466 0.80902065 0.48415590
vn 0.33328466 0.80902065 0.48415590
vn 0.33328466 0.80902065 0.48415590
vn -0.13596446 0.69302792 0.70797314
vn -0.13596446 0.69302792 0.70797314
vn -0.13596446 0.69302792 0.70797314
vn -0.02226127 0.81262846 0.58235679
vn -0.02226127 0.81262846 0.58235679
vn -0.02226127 0.81262846 0.58235679
vn 0.31127119 0.90217922 0.29863505
vn 0.31127119 0.90217922 0.29863505
vn 0.31127119 0.90217922 0.29863505
vn -0.08789154 0.35594793 0.93036345
vn -0.08789154 0.35594793 0.93036345
vn -0.08789154 0.35594793 0.93036345
vn 0.12676653 0.54905893 0.82611412
vn 0.12676653 0.54905893 0.82611412
vn 0.12676653 0.54905893 0.82611412
vn 0.17738060 0.80936737 0.55987550
vn 0.17738060 0.80936737 0.55987550
vn 0.17738060 0.80936737 0.55987550
vn 0.19411023 0.80259907 0.56405314
vn 0.19411023 0.80259907 0.56405314
vn 0.19411023 0.80259907 0.56405314
vn -0.02861142 0.66038272 0.75038393
vn -0.02861142 0.66038272 0.75038393
vn -0.02861142 0.66038272 0.75038393
vn 0.20944925 0.68934380 0.69349560
vn 0.20944925 0.68934380 0.69349560
vn 0.20944925 0.68934380 0.69349560
vn 0.24831794 0.57454616 0.77989417
vn 0.24831794 0.57454616 0.77989417
vn 0.24831794 0.57454616 0.77989417
vn 0.10530101 0.83717546 0.53670191
vn 0.10530101 0.83717546 0.53670191
vn 0.10530101 0.83717546 0.53670191
vn -0.02614020 0.47817255 0.87787681
vn -0.02614020 0.47817255 0.87787681
vn -0.02614020 0.47817255 0.87787681
vn 0.09042910 0.85907444 0.50379926
vn 0.09042910 0.85907444 0.50379926
vn 0.09042910 0.85907444 0.50379926
vn 0.34340721 0.76462039 0.54536881
vn 0.34340721 0.76462039 0.54536881
vn 0.34340721 0.76462039 0.54536881
vn 0.09527791 0.86323745 0.49572495
vn 0.09527791 0.86323745 0.49572495
vn 0.09527791 0.86323745 0.49572495
vn 0.44582892 0.61818012 0.64737154
vn 0.44582892 0.61818012 0.64737154
vn 0.44582892 0.61818012 0.64737154
vn 0.44413080 0.52507858 0.72597542
vn 0.44413080 0.52507858 0.72597542
vn 0.44413080 0.52507858 0.72597542
vn 0.11538761 0.84848519 0.51648677
vn 0.11538761 0.84848519 0.51648677
vn 0.11538761 0.84848519 0.51648677
vn 0.05604095 0.79640797 0.60215758
vn 0.05604095 0.79640797 0.60215758
vn 0.05604095 0.79640797 0.60215758
vn -0.21471697 0.39439863 0.89350229
vn -0.21471697 0.39439863 0.89350229
vn -0.21471697 0.39439863 0.89350229
vn -0.05785549 0.54700381 0.83512848
vn -0.05785549 0.54700381 0.83512848
vn -0.05785549 0.54700381 0.83512848
vn 0.25078213 0.87625043 0.41145292
vn 0.25078213 0.87625043 0.41145292
vn 0.25078213 0.87625043 0.41145292
vn 0.26533804 0.50172122 0.82332954
vn 0.26533804 0.50172122 0.82332954
vn 0.26533804 0.50172122 0.82332954
vn -0.04448919 0.90544803 0.42211915
vn -0.04448919 0.90544803 0.42211915
vn -0.04448919 0.90544803 0.42211915
vn -0.38147106 0.70592786 0.59677942
vn -0.38147106 0.70592786 0.59677942
vn -0.38147106 0.70592786 0.59677942
vn -0.58277548 0.21615282 0.78335860
vn -0.58277548 0.21615282 0.78335860
vn -0.58277548 0.21615282 0.78335860
vn 0.07852224 0.96170560 0.26259590
vn 0.07852224 0.96170560 0.26259590
vn 0.07852224 0.96170560 0.26259590
vn -0.29444763 0.56356105 0.77181574
vn -0.29444763 0.56356105 0.77181574
vn -0.29444763 0.56356105 0.77181574
vn -0.31729885 0.53850569 0.78059788
vn -0.31729885 0.53850569 0.78059788
vn -0.31729885 0.53850569 0.78059788
vn 0.06313387 0.86432731 0.49895131
vn 0.06313387 0.86432731 0.49895131
vn 0.06313387 0.86432731 0.49895131
vn 0.13575926 0.89113119 0.43296031
vn 0.13575926 0.89113119 0.43296031
vn 0.13575926 0.89113119 0.43296031
vn -0.01133396 0.31039624 0.95053970
vn -0.01133396 0.31039624 0.95053970
vn -0.01133396 0.31039624 0.95053970
vn 0.09407271 0.48402593 0.86998231
vn 0.09407271 0.48402593 0.86998231
vn 0.09407271 0.48402593 0.86998231
vn 0.15409798 0.75080805 0.64229361
vn 0.15409798 0.75080805 0.64229361
vn 0.15409798 0.75080805 0.64229361
vn 0.17332288 0.33323743 0.92677505
vn 0.17332288 0.33323743 0.92677505
vn 0.17332288 0.33323743 0.92677505
vn 0.32184700 0.79202192 0.51876371
vn 0.32184700 0.79202192 0.51876371
vn 0.32184700 0.79202192 0.51876371
vn 0.31152109 0.89228710 0.32676956
vn 0.31152109 0.89228710 0.32676956
vn 0.31152109 0.89228710 0.32676956
vn 0.42743789 0.28088812 0.85930129
vn 0.42743789 0.28088812 0.85930129
vn 0.42743789 0.28088812 0.85930129
vn 0.09703551 0.93740584 0.33444640
vn 0.09703551 0.93740584 0.33444640
vn 0.09703551 0.93740584 0.33444640
vn -0.14577664 0.91390856 0.37884076
vn -0.14577664 0.91390856 0.37884076
vn -0.14577664 0.91390856 0.37884076
vn -0.38106131 0.75902719 0.52789203
vn -0.38106131 0.75902719 0.52789203
vn -0.38106131 0.75902719 0.52789203
vn -0.38023208 0.75452822 0.53489320
vn -0.38023208 0.75452822 0.53489320
vn -0.38023208 0.75452822 0.53489320
vn -0.36488142 0.76455460 0.53133588
vn -0.36488142 0.76455460 0.53133588
vn -0.36488142 0.76455460 0.53133588
vn -0.36959195 0.74164614 0.55978817
vn -0.36959195 0.74164614 0.55978817
vn -0.36959195 0.74164614 0.55978817
vn -0.34875844 0.75449054 0.55597804
vn -0.34875844 0.75449054 0.55597804
vn -0.34875844 0.75449054 0.55597804
vn -0.37929615 0.70789412 0.59583583
vn -0.37929615 0.70789412 0.59583583
vn -0.37929615 0.70789412 0.59583583
vn -0.55414936 0.59757349 0.57950358
vn -0.55414936 0.59757349 0.57950358
vn -0.55414936 0.59757349 0.57950358
vn -0.38160633 0.70434842 0.59855652
vn -0.38160633 0.70434842 0.59855652
vn -0.38160633 0.70434842 0.59855652
vn -0.14630239 0.82870427 0.54022666
vn -0.14630239 0.82870427 0.54022666
vn -0.14630239 0.82870427 0.54022666
vn -0.56334035 0.54204727 0.62356427
vn -0.56334035 0.54204727 0.62356427
vn -0.56334035 0.54204727 0.62356427
vn -0.38960192 0.70220345 0.59592001
vn -0.38960192 0.70220345 0.59592001
vn -0.38960192 0.70220345 0.59592001
vn -0.51531126 0.57150640 0.63861940
vn -0.51531126 0.57150640 0.63861940
vn -0.51531126 0.57150640 0.63861940
vn -0.28166055 0.85880801 0.42792071
vn -0.28166055 0.85880801 0.42792071
vn -0.28166055 0.85880801 0.42792071
vn -0.03195082 0.92605970 0.37602205
vn -0.03195082 0.92605970 0.37602205
vn -0.03195082 0.92605970 0.37602205
vn -0.67098420 0.65799852 0.34178671
vn -0.67098420 0.65799852 0.34178671
vn -0.67098420 0.65799852 0.34178671
vn -0.27850343 0.87083764 -0.40506499
vn -0.27850343 0.87083764 -0.40506499
vn -0.27850343 0.87083764 -0.40506499
vn -0.27701248 0.78939549 0.54783104
vn -0.27701248 0.78939549 0.54783104
vn -0.27701248 0.78939549 0.54783104
vn -0.35242114 0.89960616 -0.25789163
vn -0.35242114 0.89960616 -0.25789163
vn -0.35242114 0.89960616 -0.25789163
vn -0.47962232 0.85224058 -0.20892206
vn -0.47962232 0.85224058 -0.20892206
vn -0.47962232 0.85224058 -0.20892206
vn -0.55011370 0.81426472 -0.18533182
vn -0.55011370 0.81426472 -0.18533182
vn -0.55011370 0.81426472 -0.18533182
vn -0.15110527 0.84215952 0.51762393
vn -0.15110527 0.84215952 0.51762393
vn -0.15110527 0.84215952 0.51762393
vn -0.62935707 0.46267676 0.62437159
vn -0.62935707 0.46267676 0.62437159
vn -0.62935707 0.46267676 0.62437159
vn 0.20513889 0.97776542 0.04350645
vn 0.20513889 0.97776542 0.04350645
vn 0.20513889 0.97776542 0.04350645
vn -0.29567758 0.80155225 -0.51970065
vn -0.29567758 0.80155225 -0.51970065
vn -0.29567758 0.80155225 -0.51970065
vn -0.74774313 0.65344460 -0.11785740
vn -0.74774313 0.65344460 -0.11785740
vn -0.74774313 0.65344460 -0.11785740
vn -0.17612978 0.97322325 -0.14769837
vn -0.17612978 0.97322325 -0.14769837
vn -0.17612978 0.97322325 -0.14769837
vn -0.72403835 0.68343006 -0.09322993
vn -0.72403835 0.68343006 -0.09322993
vn -0.72403835 0.68343006 -0.09322993
vn -0.14114335 0.98989823 -0.01341819
vn -0.14114335 0.98989823 -0.01341819
vn -0.14114335 0.98989823 -0.01341819
vn -0.55154312 0.82171114 0.14349561
vn -0.55154312 0.82171114 0.14349561
vn -0.55154312 0.82171114 0.14349561
vn -0.16290773 0.97391733 0.15794336
vn -0.16290773 0.97391733 0.15794336
vn -0.16290773 0.97391733 0.15794336
vn -0.44476489 0.71644539 0.53748507
vn -0.44476489 0.71644539 0.53748507
vn -0.44476489 0.71644539 0.53748507
vn -0.44405136 0.89298792 -0.07342312
vn -0.44405136 0.89298792 -0.07342312
vn -0.44405136 0.89298792 -0.07342312
vn -0.20447069 0.94068552 0.27074434
vn -0.20447069 0.94068552 0.27074434
vn -0.20447069 0.94068552 0.27074434
vn -0.37893181 0.84476189 -0.37787303
vn -0.37893181 0.84476189 -0.37787303
vn -0.37893181 0.84476189 -0.37787303
vn -0.08314908 0.99526388 0.05035915
vn -0.08314908 0.99526388 0.05035915
vn -0.08314908 0.99526388 0.05035915
vn -0.07868998 0.97196333 0.22157432
vn -0.07868998 0.97196333 0.22157432
vn -0.07868998 0.97196333 0.22157432
vn -0.66503850 0.70091517 0.25776291
vn -0.66503850 0.70091517 0.25776291
vn -0.66503850 0.70091517 0.25776291
vn -0.27657920 0.92952449 0.24390195
vn -0.27657920 0.92952449 0.24390195
vn -0.27657920 0.92952449 0.24390195
vn -0.19164522 0.62906382 -0.75335969
vn -0.19164522 0.62906382 -0.75335969
vn -0.19164522 0.62906382 -0.75335969
vn 0.15045407 0.94754854 -0.28198465
vn 0.15045407 0.94754854 -0.28198465
vn 0.15045407 0.94754854 -0.28198465
vn 0.00974177 0.74006987 -0.67245943
vn 0.00974177 0.74006987 -0.67245943
vn 0.00974177 0.74006987 -0.67245943
vn -0.00035643 0.78359110 -0.62127679
vn -0.00030844 0.78361575 -0.62124574
vn -0.00016846 0.78368762 -0.62115512
vn 0.05590941 0.73595003 -0.67472342
vn 0.05590941 0.73595003 -0.67472342
vn 0.05590941 0.73595003 -0.67472342
vn -0.00011573 0.78371468 -0.62112099
vn 0.06261575 0.98579425 -0.15584918
vn 0.06261575 0.98579425 -0.15584918
vn 0.06261575 0.98579425 -0.15584918
vn 0.03273072 0.84103537 -0.53998908
vn 0.03273072 0.84103537 -0.53998908
vn 0.03273072 0.84103537 -0.53998908
vn -0.00642010 0.81459236 -0.57999834
vn -0.00642010 0.81459236 -0.57999834
vn -0.00642010 0.81459236 -0.57999834
vn 0.10407040 0.93149518 -0.34854855
vn 0.10407040 0.93149518 -0.34854855
vn 0.10407040 0.93149518 -0.34854855
vn 0.01005257 0.75965252 -0.65025149
vn 0.01005257 0.75965252 -0.65025149
vn 0.01005257 0.75965252 -0.65025149
vn 0.10067144 0.92113857 -0.37599068
vn 0.10067144 0.92113857 -0.37599068
vn 0.10067144 0.92113857 -0.37599068
vn 0.05362975 0.78577124 -0.61618780
vn 0.05362975 0.78577124 -0.61618780
vn 0.05362975 0.78577124 -0.61618780
vn -0.15483158 0.55871583 -0.81477837
vn -0.15483158 0.55871583 -0.81477837
vn -0.15483158 0.55871583 -0.81477837
vn 0.08428173 0.80897102 -0.58177528
vn 0.08428173 0.80897102 -0.58177528
vn 0.08428173 0.80897102 -0.58177528
vn 0.07808627 0.84871244 -0.52305806
vn 0.07808627 0.84871244 -0.52305806
vn 0.07808627 0.84871244 -0.52305806
vn 0.04663167 0.69469631 -0.71779002
vn 0.04663167 0.69469631 -0.71779002
vn 0.04663167 0.69469631 -0.71779002
vn 0.16211155 0.89494862 -0.41567632
vn 0.16211155 0.89494862 -0.41567632
vn 0.16211155 0.89494862 -0.41567632
vn 0.15364769 0.72139796 -0.67526097
vn 0.15364769 0.72139796 -0.67526097
vn 0.15364769 0.72139796 -0.67526097
vn 0.15342638 0.91962573 -0.36159212
vn 0.15342638 0.91962573 -0.36159212
vn 0.15342638 0.91962573 -0.36159212
vn 0.10027846 0.77360383 -0.62568470
vn 0.10027846 0.77360383 -0.62568470
vn 0.10027846 0.77360383 -0.62568470
vn 0.03821856 0.69426962 -0.71869954
vn 0.03821856 0.69426962 -0.71869954
vn 0.03821856 0.69426962 -0.71869954
vn 0.11640911 0.70351195 -0.70108477
vn 0.11640911 0.70351195 -0.70108477
vn 0.11640911 0.70351195 -0.70108477
vn 0.12404856 0.98735279 -0.09872402
vn 0.12404856 0.98735279 -0.09872402
vn 0.12404856 0.98735279 -0.09872402
vn 0.18910493 0.96814619 -0.16411056
vn 0.18910493 0.96814619 -0.16411056
vn 0.18910493 0.96814619 -0.16411056
vn 0.10194972 0.91202079 -0.39727111
vn 0.10194972 0.91202079 -0.39727111
vn 0.10194972 0.91202079 -0.39727111
vn 0.02168244 0.81876463 -0.57371974
vn 0.02168244 0.81876463 -0.57371974
vn 0.02168244 0.81876463 -0.57371974
vn 0.19871861 0.97991498 -0.01665986
vn 0.19871861 0.97991498 -0.01665986
vn 0.19871861 0.97991498 -0.01665986
vn 0.12968546 0.74855654 -0.65026517
vn 0.12968546 0.74855654 -0.65026517
vn 0.12968546 0.74855654 -0.65026517
vn 0.15706748 0.67688620 -0.71913482
vn 0.15706748 0.67688620 -0.71913482
vn 0.15706748 0.67688620 -0.71913482
vn 0.14220988 0.76443956 -0.62881517
vn 0.14220988 0.76443956 -0.62881517
vn 0.14220988 0.76443956 -0.62881517
vn 0.20157781 0.76225572 -0.61508747
vn 0.20157781 0.76225572 -0.61508747
vn 0.20157781 0.76225572 -0.61508747
vn 0.19203152 0.98099074 0.02794735
vn 0.19203152 0.98099074 0.02794735
vn 0.19203152 0.98099074 0.02794735
vn -0.00362865 0.71212942 -0.70203883
vn -0.00362865 0.71212942 -0.70203883
vn -0.00362865 0.71212942 -0.70203883
vn 0.22364966 0.72925716 -0.64665665
vn 0.22364966 0.72925716 -0.64665665
vn 0.22364966 0.72925716 -0.64665665
vn 0.11228988 0.93622241 -0.33298435
vn 0.11228988 0.93622241 -0.33298435
vn 0.11228988 0.93622241 -0.33298435
vn 0.01068460 0.76699008 -0.64157000
vn 0.01068460 0.76699008 -0.64157000
vn 0.01068460 0.76699008 -0.64157000
vn 0.24443788 0.72685451 -0.64181979
vn 0.24443788 0.72685451 -0.64181979
vn 0.24443788 0.72685451 -0.64181979
vn 0.26463443 0.75621349 -0.59842274
vn 0.26463443 0.75621349 -0.59842274
vn 0.26463443 0.75621349 -0.59842274
vn 0.19768374 0.98017731 0.01317526
vn 0.19768374 0.98017731 0.01317526
vn 0.19768374 0.98017731 0.01317526
vn 0.13979048 0.96083606 -0.23927535
vn 0.13979048 0.96083606 -0.23927535
vn 0.13979048 0.96083606 -0.23927535
vn 0.16021456 0.68250039 -0.71310904
vn 0.16021456 0.68250039 -0.71310904
vn 0.16021456 0.68250039 -0.71310904
vn 0.05397001 0.78294659 -0.61974340
vn 0.05397001 0.78294659 -0.61974340
vn 0.05397001 0.78294659 -0.61974340
vn 0.28862028 0.70581350 -0.64693558
vn 0.28862028 0.70581350 -0.64693558
vn 0.28862028 0.70581350 -0.64693558
vn 0.16767254 0.97196380 -0.16484018
vn 0.16767254 0.97196380 -0.16484018
vn 0.16767254 0.97196380 -0.16484018
vn 0.16818651 0.94990863 -0.26341392
vn 0.16818651 0.94990863 -0.26341392
vn 0.16818651 0.94990863 -0.26341392
vn 0.16879641 0.62691100 -0.76058554
vn 0.16879641 0.62691100 -0.76058554
vn 0.16879641 0.62691100 -0.76058554
vn 0.17286547 0.73334720 -0.65751001
vn 0.17286547 0.73334720 -0.65751001
vn 0.17286547 0.73334720 -0.65751001
vn 0.20104480 0.94301982 -0.26513132
vn 0.20104480 0.94301982 -0.26513132
vn 0.20104480 0.94301982 -0.26513132
vn 0.30912401 0.68971263 -0.65478152
vn 0.30912401 0.68971263 -0.65478152
vn 0.30912401 0.68971263 -0.65478152
vn 0.19418786 0.96718756 -0.16382703
vn 0.19418786 0.96718756 -0.16382703
vn 0.19418786 0.96718756 -0.16382703
vn 0.28687721 0.87197383 -0.39669019
vn 0.28687721 0.87197383 -0.39669019
vn 0.28687721 0.87197383 -0.39669019
vn 0.29092274 0.90605721 -0.30728536
vn 0.29092274 0.90605721 -0.30728536
vn 0.29092274 0.90605721 -0.30728536
vn 0.17204596 0.96901696 -0.17721827
vn 0.17204596 0.96901696 -0.17721827
vn 0.17204596 0.96901696 -0.17721827
vn 0.32688071 0.66946108 -0.66706136
vn 0.32688071 0.66946108 -0.66706136
vn 0.32688071 0.66946108 -0.66706136
vn 0.36731114 0.61629669 -0.69660672
vn 0.36731114 0.61629669 -0.69660672
vn 0.36731114 0.61629669 -0.69660672
vn 0.30480153 0.80388959 -0.51074216
vn 0.30480153 0.80388959 -0.51074216
vn 0.30480153 0.80388959 -0.51074216
vn 0.38264888 0.83399084 -0.39754133
vn 0.38264888 0.83399084 -0.39754133
vn 0.38264888 0.83399084 -0.39754133
vn 0.37408734 0.60018967 -0.70698729
vn 0.37408734 0.60018967 -0.70698729
vn 0.37408734 0.60018967 -0.70698729
vn 0.15126173 0.98807846 -0.02865030
vn 0.15126173 0.98807846 -0.02865030
vn 0.15126173 0.98807846 -0.02865030
vn 0.32474398 0.87336305 -0.36301286
vn 0.32474398 0.87336305 -0.36301286
vn 0.32474398 0.87336305 -0.36301286
vn 0.17405175 0.98410358 -0.03530052
vn 0.17405175 0.98410358 -0.03530052
vn 0.17405175 0.98410358 -0.03530052
vn 0.21851116 0.71848060 -0.66033211
vn 0.21851116 0.71848060 -0.66033211
vn 0.21851116 0.71848060 -0.66033211
vn 0.44450617 0.65328394 -0.61289017
vn 0.44450617 0.65328394 -0.61289017
vn 0.44450617 0.65328394 -0.61289017
vn 0.19353224 0.96704993 -0.16540769
vn 0.19353224 0.96704993 -0.16540769
vn 0.19353224 0.96704993 -0.16540769
vn 0.20181065 0.95854953 -0.20113493
vn 0.20181065 0.95854953 -0.20113493
vn 0.20181065 0.95854953 -0.20113493
vn 0.44621028 0.60031860 -0.66371227
vn 0.44621028 0.60031860 -0.66371227
vn 0.44621028 0.60031860 -0.66371227
vn 0.42431229 0.63171857 -0.64876092
vn 0.42431229 0.63171857 -0.64876092
vn 0.42431229 0.63171857 -0.64876092
vn 0.43959484 0.68823551 -0.57713799
vn 0.43959484 0.68823551 -0.57713799
vn 0.43959484 0.68823551 -0.57713799
vn 0.23786768 0.92252897 -0.30390669
vn 0.23786768 0.92252897 -0.30390669
vn 0.23786768 0.92252897 -0.30390669
vn 0.20997338 0.95616572 -0.20410366
vn 0.20997338 0.95616572 -0.20410366
vn 0.20997338 0.95616572 -0.20410366
vn -0.23595266 0.74804200 -0.62028986
vn -0.23595266 0.74804200 -0.62028986
vn -0.23595266 0.74804200 -0.62028986
vn -0.02779519 0.91362194 -0.40561357
vn -0.02779519 0.91362194 -0.40561357
vn -0.02779519 0.91362194 -0.40561357
vn 0.40120273 0.82992313 -0.38763897
vn 0.40120273 0.82992313 -0.38763897
vn 0.40120273 0.82992313 -0.38763897
vn 0.23381187 0.70434817 -0.67024299
vn 0.23381187 0.70434817 -0.67024299
vn 0.23381187 0.70434817 -0.67024299
vn 0.11460207 0.80011281 -0.58880035
vn 0.11460207 0.80011281 -0.58880035
vn 0.11460207 0.80011281 -0.58880035
vn 0.21360144 0.95192008 -0.21959640
vn 0.21360144 0.95192008 -0.21959640
vn 0.21360144 0.95192008 -0.21959640
vn 0.17129226 0.98501363 -0.02017712
vn 0.17129226 0.98501363 -0.02017712
vn 0.17129226 0.98501363 -0.02017712
vn 0.15593390 0.98673173 -0.04522300
vn 0.15593390 0.98673173 -0.04522300
vn 0.15593390 0.98673173 -0.04522300
vn 0.07339711 0.51243377 0.85558430
vn 0.07339711 0.51243377 0.85558430
vn 0.07339711 0.51243377 0.85558430
vn 0.01767525 0.86143380 -0.50756220
vn 0.01767525 0.86143380 -0.50756220
vn 0.01767525 0.86143380 -0.50756220
vn 0.15640440 0.90566675 -0.39408805
vn 0.15640440 0.90566675 -0.39408805
vn 0.15640440 0.90566675 -0.39408805
vn 0.22572560 0.95171402 -0.20805857
vn 0.22572560 0.95171402 -0.20805857
vn 0.22572560 0.95171402 -0.20805857
vn 0.14057980 0.93789994 -0.31714512
vn 0.14057980 0.93789994 -0.31714512
vn 0.14057980 0.93789994 -0.31714512
vn 0.24589427 0.72321861 -0.64536102
vn 0.24589427 0.72321861 -0.64536102
vn 0.24589427 0.72321861 -0.64536102
vn 0.31394072 0.86669174 -0.38766823
vn 0.31394072 0.86669174 -0.38766823
vn 0.31394072 0.86669174 -0.38766823
vn -0.09376345 0.88977501 -0.44666414
vn -0.09376345 0.88977501 -0.44666414
vn -0.09376345 0.88977501 -0.44666414
vn 0.28979415 0.70886478 -0.64306304
vn 0.28979415 0.70886478 -0.64306304
vn 0.28979415 0.70886478 -0.64306304
vn 0.24568679 0.96627762 0.07710749
vn 0.24568679 0.96627762 0.07710749
vn 0.24568679 0.96627762 0.07710749
vn 0.20487382 0.97078578 -0.12490672
vn 0.20487382 0.97078578 -0.12490672
vn 0.20487382 0.97078578 -0.12490672
vn 0.21632834 0.94536387 -0.24390407
vn 0.21632834 0.94536387 -0.24390407
vn 0.21632834 0.94536387 -0.24390407
vn -0.07757040 0.84371636 -0.53115491
vn -0.07757040 0.84371636 -0.53115491
vn -0.07757040 0.84371636 -0.53115491
vn 0.09114332 0.98177999 -0.16673616
vn 0.09114332 0.98177999 -0.16673616
vn 0.09114332 0.98177999 -0.16673616
vn 0.30234383 0.66822508 -0.67975249
vn 0.30234383 0.66822508 -0.67975249
vn 0.30234383 0.66822508 -0.67975249
vn 0.23759731 0.94588864 -0.22100269
vn 0.23759731 0.94588864 -0.22100269
vn 0.23759731 0.94588864 -0.22100269
vn 0.24423794 0.92570172 -0.28883239
vn 0.24423794 0.92570172 -0.28883239
vn 0.24423794 0.92570172 -0.28883239
vn -0.13258400 0.77394710 -0.61921512
vn -0.13258400 0.77394710 -0.61921512
vn -0.13258400 0.77394710 -0.61921512
vn 0.10557739 0.97892390 -0.17481824
vn 0.10557739 0.97892390 -0.17481824
vn 0.10557739 0.97892390 -0.17481824
vn 0.10171911 0.97716692 -0.18654233
vn 0.10171911 0.97716692 -0.18654233
vn 0.10171911 0.97716692 -0.18654233
vn 0.34925742 0.59456820 -0.72422918
vn 0.34925742 0.59456820 -0.72422918
vn 0.34925742 0.59456820 -0.72422918
vn 0.26581713 0.87828789 -0.39743130
vn 0.26581713 0.87828789 -0.39743130
vn 0.26581713 0.87828789 -0.39743130
vn -0.10467523 0.80731640 -0.58076099
vn -0.10467523 0.80731640 -0.58076099
vn -0.10467523 0.80731640 -0.58076099
vn 0.32607697 0.65663223 -0.68007935
vn 0.32607697 0.65663223 -0.68007935
vn 0.32607697 0.65663223 -0.68007935
vn 0.26095921 0.92478726 -0.27689133
vn 0.26095921 0.92478726 -0.27689133
vn 0.26095921 0.92478726 -0.27689133
vn 0.11785063 0.97385286 -0.19422109
vn 0.11785063 0.97385286 -0.19422109
vn 0.11785063 0.97385286 -0.19422109
vn 0.17071189 0.98478571 -0.03247380
vn 0.17071189 0.98478571 -0.03247380
vn 0.17071189 0.98478571 -0.03247380
vn 0.34423594 0.56915772 -0.74670014
vn 0.34423594 0.56915772 -0.74670014
vn 0.34423594 0.56915772 -0.74670014
vn -0.12399775 0.74061037 -0.66039446
vn -0.12399775 0.74061037 -0.66039446
vn -0.12399775 0.74061037 -0.66039446
vn 0.11328827 0.96981207 -0.21594054
vn 0.11328827 0.96981207 -0.21594054
vn 0.11328827 0.96981207 -0.21594054
vn 0.13184640 0.97278083 -0.19056229
vn 0.13184640 0.97278083 -0.19056229
vn 0.13184640 0.97278083 -0.19056229
vn 0.27908708 0.90838595 -0.31136050
vn 0.27908708 0.90838595 -0.31136050
vn 0.27908708 0.90838595 -0.31136050
vn 0.15320370 0.98629181 0.06129513
vn 0.15320370 0.98629181 0.06129513
vn 0.15320370 0.98629181 0.06129513
vn 0.36645577 0.62888612 -0.68572037
vn 0.36645577 0.62888612 -0.68572037
vn 0.36645577 0.62888612 -0.68572037
vn 0.32135014 0.85661164 -0.40367138
vn 0.32135014 0.85661164 -0.40367138
vn 0.32135014 0.85661164 -0.40367138
vn 0.41925171 0.51842541 -0.74529396
vn 0.41925171 0.51842541 -0.74529396
vn 0.41925171 0.51842541 -0.74529396
vn 0.16394053 0.98611397 0.02650936
vn 0.16394053 0.98611397 0.02650936
vn 0.16394053 0.98611397 0.02650936
vn 0.13146711 0.97610730 -0.17300562
vn 0.13146711 0.97610730 -0.17300562
vn 0.13146711 0.97610730 -0.17300562
vn -0.00632117 0.89896268 -0.43797962
vn -0.00632117 0.89896268 -0.43797962
vn -0.00632117 0.89896268 -0.43797962
vn 0.42461447 0.55302811 -0.71684201
vn 0.42461447 0.55302811 -0.71684201
vn 0.42461447 0.55302811 -0.71684201
vn 0.28229479 0.94260777 -0.17832622
vn 0.28229479 0.94260777 -0.17832622
vn 0.28229479 0.94260777 -0.17832622
vn 0.28930153 0.92384976 -0.25061175
vn 0.28930153 0.92384976 -0.25061175
vn 0.28930153 0.92384976 -0.25061175
vn 0.41346493 0.58003121 -0.70186220
vn 0.41346493 0.58003121 -0.70186220
vn 0.41346493 0.58003121 -0.70186220
vn 0.28002686 0.93945337 -0.19751537
vn 0.28002686 0.93945337 -0.19751537
vn 0.28002686 0.93945337 -0.19751537
vn 0.13831789 0.97925595 -0.14807414
vn 0.13831789 0.97925595 -0.14807414
vn 0.13831789 0.97925595 -0.14807414
vn 0.05245788 0.94817982 -0.31337391
vn 0.05245788 0.94817982 -0.31337391
vn 0.05245788 0.94817982 -0.31337391
vn 0.25043320 0.94854779 -0.19375321
vn 0.25043320 0.94854779 -0.19375321
vn 0.25043320 0.94854779 -0.19375321
vn 0.25468152 0.94160520 -0.22026566
vn 0.25468152 0.94160520 -0.22026566
vn 0.25468152 0.94160520 -0.22026566
vn 0.29119261 0.93315116 -0.21079794
vn 0.29119261 0.93315116 -0.21079794
vn 0.29119261 0.93315116 -0.21079794
vn 0.47082680 0.64152481 -0.60561378
vn 0.47082680 0.64152481 -0.60561378
vn 0.47082680 0.64152481 -0.60561378
vn 0.29435526 0.91435620 -0.27804266
vn 0.29435526 0.91435620 -0.27804266
vn 0.29435526 0.91435620 -0.27804266
vn 0.46274444 0.69384413 -0.55176798
vn 0.46274444 0.69384413 -0.55176798
vn 0.46274444 0.69384413 -0.55176798
vn 0.14708383 0.98738793 -0.05857834
vn 0.14708383 0.98738793 -0.05857834
vn 0.14708383 0.98738793 -0.05857834
vn -0.21700160 0.78243798 -0.58369608
vn -0.21700160 0.78243798 -0.58369608
vn -0.21700160 0.78243798 -0.58369608
vn 0.19855244 0.97997918 -0.01475557
vn 0.19855244 0.97997918 -0.01475557
vn 0.19855244 0.97997918 -0.01475557
vn -0.02926215 0.92045837 -0.38974365
vn -0.02926215 0.92045837 -0.38974365
vn -0.02926215 0.92045837 -0.38974365
vn 0.11874637 0.99292461 0.00010060
vn 0.11874637 0.99292461 0.00010060
vn 0.11874637 0.99292461 0.00010060
vn 0.13770576 0.98887312 -0.05627681
vn 0.13770576 0.98887312 -0.05627681
vn 0.13770576 0.98887312 -0.05627681
vn -0.13364360 0.81824164 -0.55912432
vn -0.13364360 0.81824164 -0.55912432
vn -0.13364360 0.81824164 -0.55912432
vn -0.07474717 0.89591253 -0.43789680
vn -0.07474717 0.89591253 -0.43789680
vn -0.07474717 0.89591253 -0.43789680
vn -0.12576869 0.80873898 -0.57456375
vn -0.12576869 0.80873898 -0.57456375
vn -0.12576869 0.80873898 -0.57456375
vn -0.10784981 0.79397326 -0.59831002
vn -0.10784981 0.79397326 -0.59831002
vn -0.10784981 0.79397326 -0.59831002
vn -0.00394152 0.85150725 -0.52432802
vn -0.00394152 0.85150725 -0.52432802
vn -0.00394152 0.85150725 -0.52432802
vn -0.12497771 0.73013621 -0.67177503
vn -0.12497771 0.73013621 -0.67177503
vn -0.12497771 0.73013621 -0.67177503
vn -0.01948268 0.82528191 -0.56438479
vn -0.01948268 0.82528191 -0.56438479
vn -0.01948268 0.82528191 -0.56438479
vn 0.03204193 0.87887643 -0.47597221
vn 0.03204193 0.87887643 -0.47597221
vn 0.03204193 0.87887643 -0.47597221
vn 0.29469331 0.95534208 0.02184877
vn 0.29469331 0.95534208 0.02184877
vn 0.29469331 0.95534208 0.02184877
vn 0.60576350 0.64183164 -0.47021562
vn 0.60576350 0.64183164 -0.47021562
vn 0.60576350 0.64183164 -0.47021562
vn 0.21026214 0.97565501 -0.06234691
vn 0.21026214 0.97565501 -0.06234691
vn 0.21026214 0.97565501 -0.06234691
vn 0.52571451 0.62413131 -0.57800031
vn 0.52571451 0.62413131 -0.57800031
vn 0.52571451 0.62413131 -0.57800031
vn 0.39962520 0.80752704 -0.43381999
vn 0.39962520 0.80752704 -0.43381999
vn 0.39962520 0.80752704 -0.43381999
vn 0.77617780 0.51260993 0.36712270
vn 0.77617780 0.51260993 0.36712270
vn 0.77617780 0.51260993 0.36712270
vn 0.54517770 0.67638054 0.49526826
vn 0.54517770 0.67638054 0.49526826
vn 0.54517770 0.67638054 0.49526826
vn 0.72089768 0.51735764 0.46113730
vn 0.72089768 0.51735764 0.46113730
vn 0.72089768 0.51735764 0.46113730
vn 0.71648387 0.60340470 0.35007661
vn 0.71648387 0.60340470 0.35007661
vn 0.71648387 0.60340470 0.35007661
vn 0.74273619 0.57249010 0.34727228
vn 0.74273619 0.57249010 0.34727228
vn 0.74273619 0.57249010 0.34727228
vn 0.73227035 0.58279366 0.35232326
vn 0.73227035 0.58279366 0.35232326
vn 0.73227035 0.58279366 0.35232326
vn 0.41209297 0.91072144 -0.02767383
vn 0.41209297 0.91072144 -0.02767383
vn 0.41209297 0.91072144 -0.02767383
vn 0.29469671 0.91550937 0.27385477
vn 0.29469671 0.91550937 0.27385477
vn 0.29469671 0.91550937 0.27385477
vn 0.87954768 0.45779019 0.12970742
vn 0.87999939 0.45691281 0.12973727
vn 0.87961456 0.45766043 0.12971184
vn 0.52281488 0.61185694 0.59354501
vn 0.52281488 0.61185694 0.59354501
vn 0.52281488 0.61185694 0.59354501
vn 0.88007801 0.45675989 0.12974246
vn 0.38351322 0.90366902 0.19052538
vn 0.38351322 0.90366902 0.19052538
vn 0.38351322 0.90366902 0.19052538
vn 0.81859501 0.50828364 -0.26748823
vn 0.81859501 0.50828364 -0.26748823
vn 0.81859501 0.50828364 -0.26748823
vn 0.45649893 0.86851095 0.19312550
vn 0.45649893 0.86851095 0.19312550
vn 0.45649893 0.86851095 0.19312550
vn 0.77651032 0.60016364 -0.19192534
vn 0.77651032 0.60016364 -0.19192534
vn 0.77651032 0.60016364 -0.19192534
vn 0.89790821 0.42380080 -0.11896942
vn 0.89790821 0.42380080 -0.11896942
vn 0.89790821 0.42380080 -0.11896942
vn 0.78679175 0.52460249 -0.32519375
vn 0.78679175 0.52460249 -0.32519375
vn 0.78679175 0.52460249 -0.32519375
vn 0.71732495 0.60943235 -0.33769384
vn 0.71732495 0.60943235 -0.33769384
vn 0.71732495 0.60943235 -0.33769384
vn 0.97358104 0.13071859 -0.18722339
vn 0.97358104 0.13071859 -0.18722339
vn 0.97358104 0.13071859 -0.18722339
vn 0.65490299 0.57105963 -0.49496764
vn 0.65490299 0.57105963 -0.49496764
vn 0.65490299 0.57105963 -0.49496764
vn 0.69484875 0.70121297 -0.15964204
vn 0.69484875 0.70121297 -0.15964204
vn 0.69484875 0.70121297 -0.15964204
vn 0.45788229 0.88583588 0.07509067
vn 0.45788229 0.88583588 0.07509067
vn 0.45788229 0.88583588 0.07509067
vn 0.32291107 0.94182924 -0.09319943
vn 0.32291107 0.94182924 -0.09319943
vn 0.32291107 0.94182924 -0.09319943
vn 0.41715935 0.90819947 -0.03393816
vn 0.41715935 0.90819947 -0.03393816
vn 0.41715935 0.90819947 -0.03393816
vn 0.84267968 0.48292615 -0.23806150
vn 0.84267968 0.48292615 -0.23806150
vn 0.84267968 0.48292615 -0.23806150
vn 0.75391891 0.61230792 -0.23808673
vn 0.75391891 0.61230792 -0.23808673
vn 0.75391891 0.61230792 -0.23808673
vn 0.75289450 0.60508363 -0.25888931
vn 0.75289450 0.60508363 -0.25888931
vn 0.75289450 0.60508363 -0.25888931
vn 0.84651645 0.46351005 -0.26185555
vn 0.84651645 0.46351005 -0.26185555
vn 0.84651645 0.46351005 -0.26185555
vn 0.73231630 0.62112362 -0.27913845
vn 0.73231630 0.62112362 -0.27913845
vn 0.73231630 0.62112362 -0.27913845
vn 0.92552124 0.34426213 -0.15777838
vn 0.92552124 0.34426213 -0.15777838
vn 0.92552124 0.34426213 -0.15777838
vn 0.87064253 0.46699671 -0.15458218
vn 0.87064253 0.46699671 -0.15458218
vn 0.87064253 0.46699671 -0.15458218
vn 0.84617551 0.50870192 -0.15877455
vn 0.84617551 0.50870192 -0.15877455
vn 0.84617551 0.50870192 -0.15877455
vn 0.69479752 0.67574500 -0.24622166
vn 0.69479752 0.67574500 -0.24622166
vn 0.69479752 0.67574500 -0.24622166
vn 0.74075861 0.58437602 -0.33133268
vn 0.74075861 0.58437602 -0.33133268
vn 0.74075861 0.58437602 -0.33133268
vn 0.74846431 0.57280572 -0.33420769
vn 0.74846431 0.57280572 -0.33420769
vn 0.74846431 0.57280572 -0.33420769
vn 0.83972096 0.54301811 -0.00021421
vn 0.83972096 0.54301811 -0.00021421
vn 0.83972096 0.54301811 -0.00021421
vn 0.83930521 0.53609183 -0.09040083
vn 0.83930521 0.53609183 -0.09040083
vn 0.83930521 0.53609183 -0.09040083
vn 0.83094866 0.54730699 -0.09989685
vn 0.83094866 0.54730699 -0.09989685
vn 0.83094866 0.54730699 -0.09989685
vn 0.87586167 0.41982253 -0.23793986
vn 0.87586167 0.41982253 -0.23793986
vn 0.87586167 0.41982253 -0.23793986
vn 0.91531787 0.31900481 -0.24582336
vn 0.91531787 0.31900481 -0.24582336
vn 0.91531787 0.31900481 -0.24582336
vn 0.80224188 0.31767068 0.50546345
vn 0.80224188 0.31767068 0.50546345
vn 0.80224188 0.31767068 0.50546345
vn 0.83660396 0.53518240 0.11693421
vn 0.83660396 0.53518240 0.11693421
vn 0.83660396 0.53518240 0.11693421
vn 0.83229098 0.54996780 0.06947764
vn 0.83229098 0.54996780 0.06947764
vn 0.83229098 0.54996780 0.06947764
vn 0.74014606 0.67043297 -0.05199466
vn 0.74014606 0.67043297 -0.05199466
vn 0.74014606 0.67043297 -0.05199466
vn 0.80222784 0.47788827 0.35784535
vn 0.80222784 0.47788827 0.35784535
vn 0.80222784 0.47788827 0.35784535
vn 0.62549870 0.70358999 0.33721284
vn 0.62549870 0.70358999 0.33721284
vn 0.62549870 0.70358999 0.33721284
vn 0.77445580 0.55402394 0.30541071
vn 0.77445580 0.55402394 0.30541071
vn 0.77445580 0.55402394 0.30541071
vn 0.76105619 0.62360073 0.17864939
vn 0.76105619 0.62360073 0.17864939
vn 0.76105619 0.62360073 0.17864939
vn 0.92567495 0.35804549 0.12218554
vn 0.92567495 0.35804549 0.12218554
vn 0.92567495 0.35804549 0.12218554
vn 0.81041570 0.58088328 0.07616433
vn 0.81041570 0.58088328 0.07616433
vn 0.81041570 0.58088328 0.07616433
vn 0.87897421 0.46028698 -0.12466047
vn 0.87897421 0.46028698 -0.12466047
vn 0.87897421 0.46028698 -0.12466047
vn 0.81324158 0.54303960 -0.20915576
vn 0.81324158 0.54303960 -0.20915576
vn 0.81324158 0.54303960 -0.20915576
vn 0.73647976 0.63779925 -0.22541000
vn 0.73647976 0.63779925 -0.22541000
vn 0.73647976 0.63779925 -0.22541000
vn 0.72249813 0.58224564 0.37280889
vn 0.72249813 0.58224564 0.37280889
vn 0.72249813 0.58224564 0.37280889
vn 0.65373438 0.64024758 0.40337872
vn 0.65373438 0.64024758 0.40337872
vn 0.65373438 0.64024758 0.40337872
vn 0.71527910 0.44399545 0.53967013
vn 0.71527910 0.44399545 0.53967013
vn 0.71527910 0.44399545 0.53967013
vn 0.70989850 0.44184260 0.54846990
vn 0.70989850 0.44184260 0.54846990
vn 0.70989850 0.44184260 0.54846990
vn 0.69148427 0.49888151 0.52246220
vn 0.69148427 0.49888151 0.52246220
vn 0.69148427 0.49888151 0.52246220
vn 0.72446236 0.52819113 0.44290904
vn 0.72446236 0.52819113 0.44290904
vn 0.72446236 0.52819113 0.44290904
vn 0.72040245 0.56898681 0.39657827
vn 0.72040245 0.56898681 0.39657827
vn 0.72040245 0.56898681 0.39657827
vn 0.59691135 0.70171963 0.38895553
vn 0.59691135 0.70171963 0.38895553
vn 0.59691135 0.70171963 0.38895553
vn 0.61080185 0.75457335 0.23987527
vn 0.61080185 0.75457335 0.23987527
vn 0.61080185 0.75457335 0.23987527
vn 0.66065549 0.63874760 0.39438030
vn 0.66065549 0.63874760 0.39438030
vn 0.66065549 0.63874760 0.39438030
vn 0.58484442 0.76670539 0.26480151
vn 0.58484442 0.76670539 0.26480151
vn 0.58484442 0.76670539 0.26480151
vn 0.70194119 0.23485906 0.67239853
vn 0.70194119 0.23485906 0.67239853
vn 0.70194119 0.23485906 0.67239853
vn 0.72472865 0.58516606 0.36379811
vn 0.72472865 0.58516606 0.36379811
vn 0.72472865 0.58516606 0.36379811
vn 0.73116603 0.56759804 0.37845567
vn 0.73116603 0.56759804 0.37845567
vn 0.73116603 0.56759804 0.37845567
vn 0.68847504 0.63548864 0.34950867
vn 0.68847504 0.63548864 0.34950867
vn 0.68847504 0.63548864 0.34950867
vn 0.58777376 0.60553224 0.53651907
vn 0.58777376 0.60553224 0.53651907
vn 0.58777376 0.60553224 0.53651907
vn 0.59780175 0.48954247 0.63480803
vn 0.59780175 0.48954247 0.63480803
vn 0.59780175 0.48954247 0.63480803
vn 0.70900680 0.41829620 0.56774787
vn 0.70900680 0.41829620 0.56774787
vn 0.70900680 0.41829620 0.56774787
vn 0.74343604 0.51430576 0.42754232
vn 0.74343604 0.51430576 0.42754232
vn 0.74343604 0.51430576 0.42754232
vn 0.47754646 0.84172322 0.25189560
vn 0.47754646 0.84172322 0.25189560
vn 0.47754646 0.84172322 0.25189560
vn 0.21900237 0.89595547 0.38639585
vn 0.21900237 0.89595547 0.38639585
vn 0.21900237 0.89595547 0.38639585
vn -0.02238727 0.82421320 0.56583691
vn -0.02238727 0.82421320 0.56583691
vn -0.02238727 0.82421320 0.56583691
vn -0.03750460 0.51755600 0.85482700
vn -0.03750460 0.51755600 0.85482700
vn -0.03750460 0.51755600 0.85482700
vn 0.23783958 0.82748083 0.50863328
vn 0.23783958 0.82748083 0.50863328
vn 0.23783958 0.82748083 0.50863328
vn 0.31306903 0.67961265 0.66341120
vn 0.31306903 0.67961265 0.66341120
vn 0.31306903 0.67961265 0.66341120
vn -0.26993681 0.73519104 0.62179438
vn -0.26993681 0.73519104 0.62179438
vn -0.26993681 0.73519104 0.62179438
vn -0.07964213 0.75208672 0.65423443
vn -0.07964213 0.75208672 0.65423443
vn -0.07964213 0.75208672 0.65423443
vn -0.28404400 0.61854397 0.73261338
vn -0.28404400 0.61854397 0.73261338
vn -0.28404400 0.61854397 0.73261338
vn 0.37332633 0.58210703 0.72234262
vn 0.37332633 0.58210703 0.72234262
vn 0.37332633 0.58210703 0.72234262
vn 0.27755039 0.90565681 0.32054879
vn 0.27755039 0.90565681 0.32054879
vn 0.27755039 0.90565681 0.32054879
vn 0.44936945 0.65308066 0.60955127
vn 0.44936945 0.65308066 0.60955127
vn 0.44936945 0.65308066 0.60955127
vn 0.30144145 0.28781675 0.90900746
vn 0.30144145 0.28781675 0.90900746
vn 0.30144145 0.28781675 0.90900746
vn -0.28176298 0.45672419 0.84380841
vn -0.28176298 0.45672419 0.84380841
vn -0.28176298 0.45672419 0.84380841
vn -0.01155281 0.58571464 0.81043500
vn -0.01155281 0.58571464 0.81043500
vn -0.01155281 0.58571464 0.81043500
vn -0.09594197 0.80801382 0.58129924
vn -0.09594197 0.80801382 0.58129924
vn -0.09594197 0.80801382 0.58129924
vn -0.19370656 0.76938195 0.60871109
vn -0.19370656 0.76938195 0.60871109
vn -0.19370656 0.76938195 0.60871109
vn -0.29158372 0.72217717 0.62724722
vn -0.29158372 0.72217717 0.62724722
vn -0.29158372 0.72217717 0.62724722
vn 0.45134280 0.87903808 0.15356345
vn 0.45134280 0.87903808 0.15356345
vn 0.44884181 0.88084516 0.15050859
vn 0.45429176 0.87906720 0.14442941
vn 0.45429176 0.87906720 0.14442941
vn 0.45429176 0.87906720 0.14442941
vn 0.20893473 0.91838503 0.33602859
vn 0.20893473 0.91838503 0.33602859
vn 0.20893473 0.91838503 0.33602859
vn 0.22507080 0.91622369 0.33147743
vn 0.22507080 0.91622369 0.33147743
vn 0.22507080 0.91622369 0.33147743
vn -0.40359671 0.55043573 0.73084212
vn -0.40359671 0.55043573 0.73084212
vn -0.40359671 0.55043573 0.73084212
vn -0.07363538 0.80248691 0.59210860
vn -0.07363538 0.80248691 0.59210860
vn -0.07363538 0.80248691 0.59210860
vn -0.18565115 0.70795487 0.68142025
vn -0.18565115 0.70795487 0.68142025
vn -0.18565115 0.70795487 0.68142025
vn -0.35648783 0.64067040 0.68004255
vn -0.35648783 0.64067040 0.68004255
vn -0.35648783 0.64067040 0.68004255
vn -0.36271277 0.66371506 0.65415730
vn -0.36271277 0.66371506 0.65415730
vn -0.36271277 0.66371506 0.65415730
vn -0.27364369 0.70141127 0.65813476
vn -0.27364369 0.70141127 0.65813476
vn -0.27364369 0.70141127 0.65813476
vn 0.01465502 0.82960682 0.55815567
vn 0.01465502 0.82960682 0.55815567
vn 0.01465502 0.82960682 0.55815567
vn 0.38649193 0.88964531 0.24321845
vn 0.38649193 0.88964531 0.24321845
vn 0.38649193 0.88964531 0.24321845
vn -0.22001923 0.81308567 0.53896497
vn -0.22001923 0.81308567 0.53896497
vn -0.22001923 0.81308567 0.53896497
vn 0.14480433 0.92296016 0.35661780
vn 0.14480433 0.92296016 0.35661780
vn 0.14480433 0.92296016 0.35661780
vn -0.41068331 0.60596267 0.68128442
vn -0.41068331 0.60596267 0.68128442
vn -0.41068331 0.60596267 0.68128442
vn 0.31911996 0.93747410 0.13894158
vn 0.31911996 0.93747410 0.13894158
vn 0.31911996 0.93747410 0.13894158
vn 0.31984262 0.92674629 0.19708378
vn 0.31984262 0.92674629 0.19708378
vn 0.31984262 0.92674629 0.19708378
vn -0.35651947 0.67149992 0.64960121
vn -0.35651947 0.67149992 0.64960121
vn -0.35651947 0.67149992 0.64960121
vn -0.26811121 0.78633777 0.55658717
vn -0.26811121 0.78633777 0.55658717
vn -0.26811121 0.78633777 0.55658717
vn -0.29453458 0.67768163 0.67379299
vn -0.29453458 0.67768163 0.67379299
vn -0.29453458 0.67768163 0.67379299
vn -0.25798278 0.70095041 0.66491609
vn -0.25798278 0.70095041 0.66491609
vn -0.25798278 0.70095041 0.66491609
vn -0.19330518 0.70809615 0.67914134
vn -0.19330518 0.70809615 0.67914134
vn -0.19330518 0.70809615 0.67914134
vn -0.15213760 0.78766973 0.59701805
vn -0.15213760 0.78766973 0.59701805
vn -0.15213760 0.78766973 0.59701805
vn -0.07362044 0.81147341 0.57973350
vn -0.07362044 0.81147341 0.57973350
vn -0.07362044 0.81147341 0.57973350
vn -0.13983312 0.81792544 0.55807229
vn -0.13983312 0.81792544 0.55807229
vn -0.13983312 0.81792544 0.55807229
vn 0.31550942 0.92634195 0.20577754
vn 0.31550942 0.92634195 0.20577754
vn 0.31550942 0.92634195 0.20577754
vn 0.34470037 0.91930530 0.18989316
vn 0.34470037 0.91930530 0.18989316
vn 0.34470037 0.91930530 0.18989316
vn 0.39382339 0.90137132 0.18009131
vn 0.39382339 0.90137132 0.18009131
vn 0.39382339 0.90137132 0.18009131
vn 0.44571073 0.88307566 0.14669463
vn 0.44571073 0.88307566 0.14669463
vn 0.12112288 0.90222926 0.41389806
vn 0.12112288 0.90222926 0.41389806
vn 0.12112288 0.90222926 0.41389806
vn 0.34087114 0.91894040 0.19838196
vn 0.34087114 0.91894040 0.19838196
vn 0.34087114 0.91894040 0.19838196
vn -0.03535423 0.83782200 0.54479755
vn -0.03535423 0.83782200 0.54479755
vn -0.03535423 0.83782200 0.54479755
vn 0.32540053 0.85737624 0.39877372
vn 0.32540053 0.85737624 0.39877372
vn 0.32540053 0.85737624 0.39877372
vn -0.56222978 0.38362376 0.73261893
vn -0.56222978 0.38362376 0.73261893
vn -0.56222978 0.38362376 0.73261893
vn -0.08590403 0.77109566 0.63089776
vn -0.08590403 0.77109566 0.63089776
vn -0.08590403 0.77109566 0.63089776
vn 0.14972039 0.90760717 0.39221554
vn 0.14972039 0.90760717 0.39221554
vn 0.14972039 0.90760717 0.39221554
vn -0.13985183 0.77346299 0.61822041
vn -0.13985183 0.77346299 0.61822041
vn -0.13985183 0.77346299 0.61822041
vn 0.33207592 0.89916046 0.28501940
vn 0.33207592 0.89916046 0.28501940
vn 0.33207592 0.89916046 0.28501940
vn 0.18484650 0.90447598 0.38438910
vn 0.18484650 0.90447598 0.38438910
vn 0.18484650 0.90447598 0.38438910
vn 0.41394175 0.89967857 0.13867479
vn 0.41394175 0.89967857 0.13867479
vn 0.41394175 0.89967857 0.13867479
vn 0.20486775 0.86081761 0.46585647
vn 0.20486775 0.86081761 0.46585647
vn 0.20486775 0.86081761 0.46585647
vn 0.25714890 0.95017561 0.17618387
vn 0.25714890 0.95017561 0.17618387
vn 0.25714890 0.95017561 0.17618387
vn -0.11461869 0.85317605 0.50887442
vn -0.11461869 0.85317605 0.50887442
vn -0.11461869 0.85317605 0.50887442
vn 0.14653700 0.92943534 0.33863971
vn 0.14653700 0.92943534 0.33863971
vn 0.14653700 0.92943534 0.33863971
vn 0.03018355 0.91740353 0.39681194
vn 0.03018355 0.91740353 0.39681194
vn 0.03018355 0.91740353 0.39681194
vn 0.25363388 0.96004880 0.11822079
vn 0.25363388 0.96004880 0.11822079
vn 0.25363388 0.96004880 0.11822079
vn -0.31023448 0.92519149 0.21857554
vn -0.31023448 0.92519149 0.21857554
vn -0.31023448 0.92519149 0.21857554
vn 0.03291463 0.96215476 0.27050850
vn 0.03291463 0.96215476 0.27050850
vn 0.03291463 0.96215476 0.27050850
vn -0.44572355 0.84874124 0.28455021
vn -0.44572355 0.84874124 0.28455021
vn -0.44572355 0.84874124 0.28455021
vn -0.01755809 0.94346006 0.33102088
vn -0.01755809 0.94346006 0.33102088
vn -0.01755809 0.94346006 0.33102088
vn 0.10869980 0.94378087 0.31218909
vn 0.10869980 0.94378087 0.31218909
vn 0.10869980 0.94378087 0.31218909
vn 0.13459560 0.94789248 0.28876265
vn 0.13459560 0.94789248 0.28876265
vn 0.13459560 0.94789248 0.28876265
vn 0.11369304 0.90695844 0.40558635
vn 0.11369304 0.90695844 0.40558635
vn 0.11369304 0.90695844 0.40558635
vn 0.16810658 0.92237957 0.34778745
vn 0.16810658 0.92237957 0.34778745
vn 0.16810658 0.92237957 0.34778745
vn -0.31381685 0.72298340 0.61547867
vn -0.31381685 0.72298340 0.61547867
vn -0.31381685 0.72298340 0.61547867
vn -0.44894872 0.63137364 0.63230718
vn -0.44894872 0.63137364 0.63230718
vn -0.44894872 0.63137364 0.63230718
vn -0.55172697 0.74557426 0.37378652
vn -0.55172697 0.74557426 0.37378652
vn -0.55172697 0.74557426 0.37378652
vn -0.38961691 0.75406506 0.52875755
vn -0.38961691 0.75406506 0.52875755
vn -0.38961691 0.75406506 0.52875755
vn -0.42080309 0.59764786 0.68245278
vn -0.42080309 0.59764786 0.68245278
vn -0.42080309 0.59764786 0.68245278
vn -0.49336581 0.69127040 0.52795398
vn -0.49336581 0.69127040 0.52795398
vn -0.49336581 0.69127040 0.52795398
vn 0.12539844 0.99104456 0.04589012
vn 0.12527233 0.99105050 0.04610592
vn 0.12514330 0.99105650 0.04632669
vn 0.23070215 0.97291795 0.01439362
vn 0.23070215 0.97291795 0.01439362
vn 0.23070215 0.97291795 0.01439362
vn 0.23310733 0.96969857 0.07311399
vn 0.23310733 0.96969857 0.07311399
vn 0.23310733 0.96969857 0.07311399
vn -0.03159606 0.98279025 0.18200280
vn -0.03159606 0.98279025 0.18200280
vn -0.03159606 0.98279025 0.18200280
vn 0.12177258 0.99255760 -0.00092497
vn 0.12177258 0.99255760 -0.00092497
vn 0.12177258 0.99255760 -0.00092497
vn -0.51133948 0.82236690 0.24948872
vn -0.51411892 0.82099633 0.24828765
vn -0.51487270 0.82062259 0.24796102
vn -0.52307697 0.82473189 0.21495999
vn -0.52307697 0.82473189 0.21495999
vn -0.52307697 0.82473189 0.21495999
vn -0.51445771 0.83143504 0.20987865
vn -0.51445771 0.83143504 0.20987865
vn -0.51445771 0.83143504 0.20987865
vn -0.10146119 0.98432372 0.14426520
vn -0.10146119 0.98432372 0.14426520
vn -0.10146119 0.98432372 0.14426520
vn 0.15288867 0.98098061 0.11959137
vn 0.15288867 0.98098061 0.11959137
vn 0.15288867 0.98098061 0.11959137
vn -0.60776983 0.77612452 0.16806714
vn -0.60776983 0.77612452 0.16806714
vn -0.60776983 0.77612452 0.16806714
vn -0.22105789 0.96380152 0.14906389
vn -0.22105789 0.96380152 0.14906389
vn -0.22105789 0.96380152 0.14906389
vn -0.41373891 0.88274043 0.22268690
vn -0.41373891 0.88274043 0.22268690
vn -0.41373891 0.88274043 0.22268690
vn -0.51055054 0.82275377 0.24982869
vn -0.47288132 0.87079148 0.13455649
vn -0.47288132 0.87079148 0.13455649
vn -0.47288132 0.87079148 0.13455649
vn 0.19914266 0.97915408 0.03999355
vn 0.19914266 0.97915408 0.03999355
vn 0.19914266 0.97915408 0.03999355
vn 0.13078615 0.98661520 0.09739314
vn 0.13078615 0.98661520 0.09739314
vn 0.13078615 0.98661520 0.09739314
vn -0.60724941 0.78677390 0.11061188
vn -0.60724941 0.78677390 0.11061188
vn -0.60724941 0.78677390 0.11061188
vn -0.49227923 0.86591587 0.08860508
vn -0.49227923 0.86591587 0.08860508
vn -0.49227923 0.86591587 0.08860508
vn 0.13694969 0.98582760 0.09689542
vn 0.13694969 0.98582760 0.09689542
vn 0.13694969 0.98582760 0.09689542
vn -0.47695470 0.87528746 0.07991293
vn -0.47695470 0.87528746 0.07991293
vn -0.47695470 0.87528746 0.07991293
vn -0.54083089 0.83936656 0.05445852
vn -0.54083089 0.83936656 0.05445852
vn -0.54083089 0.83936656 0.05445852
vn 0.20759811 0.97608477 0.06451011
vn 0.20759811 0.97608477 0.06451011
vn 0.20759811 0.97608477 0.06451011
vn -0.51472620 0.85702690 0.02370286
vn -0.51472620 0.85702690 0.02370286
vn -0.51472620 0.85702690 0.02370286
vn -0.61425152 0.77057279 0.17003719
vn -0.61425152 0.77057279 0.17003719
vn -0.61425152 0.77057279 0.17003719
vn -0.06234996 0.99798996 -0.01133662
vn -0.06234996 0.99798996 -0.01133662
vn -0.06234996 0.99798996 -0.01133662
vn -0.01709821 0.99433922 0.10486734
vn -0.01709821 0.99433922 0.10486734
vn -0.01709821 0.99433922 0.10486734
vn -0.17025813 0.98480262 0.03429228
vn -0.17025813 0.98480262 0.03429228
vn -0.17025813 0.98480262 0.03429228
vn -0.30037255 0.94481706 0.13075572
vn -0.30037255 0.94481706 0.13075572
vn -0.30037255 0.94481706 0.13075572
vn 0.20457946 0.97693459 0.06120495
vn 0.20046409 0.97771025 0.06242446
vn 0.20067006 0.97767189 0.06236347
vn 0.02045099 0.99969598 -0.01377317
vn 0.02045099 0.99969598 -0.01377317
vn 0.02045099 0.99969598 -0.01377317
vn -0.40179684 0.91433416 0.05052076
vn -0.40179684 0.91433416 0.05052076
vn -0.40179684 0.91433416 0.05052076
vn -0.55405759 0.81154914 0.18549443
vn -0.55405759 0.81154914 0.18549443
vn -0.55405759 0.81154914 0.18549443
vn -0.30280796 0.95300275 0.00964852
vn -0.30280796 0.95300275 0.00964852
vn -0.30280796 0.95300275 0.00964852
vn 0.20488396 0.97687643 0.06111463
vn -0.19074040 0.98074575 0.04190319
vn -0.19074040 0.98074575 0.04190319
vn -0.19074040 0.98074575 0.04190319
vn -0.48443702 0.84413227 0.22969867
vn -0.48443702 0.84413227 0.22969867
vn -0.48443702 0.84413227 0.22969867
vn -0.13543571 0.98845463 0.06793092
vn -0.13543571 0.98845463 0.06793092
vn -0.13543571 0.98845463 0.06793092
vn -0.53099660 0.83961273 0.11442500
vn -0.53099660 0.83961273 0.11442500
vn -0.53099660 0.83961273 0.11442500
vn 0.06641846 0.99727925 0.03197946
vn 0.06641846 0.99727925 0.03197946
vn 0.06641846 0.99727925 0.03197946
vn 0.05208769 0.99562276 0.07760283
vn 0.05208769 0.99562276 0.07760283
vn 0.05208769 0.99562276 0.07760283
vn -0.55100997 0.82566232 0.12111872
vn -0.55100997 0.82566232 0.12111872
vn -0.55100997 0.82566232 0.12111872
vn -0.43479650 0.89536227 0.09632454
vn -0.43479650 0.89536227 0.09632454
vn -0.43479650 0.89536227 0.09632454
vn 0.05880024 0.99718692 0.04648420
vn 0.05880024 0.99718692 0.04648420
vn 0.05880024 0.99718692 0.04648420
vn 0.12502013 0.99106218 0.04653742
vn -0.62974525 0.77469672 0.05714814
vn -0.62974525 0.77469672 0.05714814
vn -0.62974525 0.77469672 0.05714814
vn -0.50700827 0.86108499 0.03840888
vn -0.50700827 0.86108499 0.03840888
vn -0.50700827 0.86108499 0.03840888
vn 0.81443886 0.52932163 0.23771402
vn 0.81443886 0.52932163 0.23771402
vn 0.81443886 0.52932163 0.23771402
vn 0.89673360 0.44217419 0.01873075
vn 0.89673360 0.44217419 0.01873075
vn 0.89673360 0.44217419 0.01873075
vn 0.71294510 0.66906014 0.20992333
vn 0.71189716 0.67135845 0.20610740
vn 0.71189716 0.67135845 0.20610740
vn 0.59992863 0.80001239 -0.00811282
vn 0.59992863 0.80001239 -0.00811282
vn 0.59992863 0.80001239 -0.00811282
vn 0.54955029 0.83545975 -0.00121356
vn 0.54955029 0.83545975 -0.00121356
vn 0.54955029 0.83545975 -0.00121356
vn 0.74952372 0.59934634 0.28106611
vn 0.74938848 0.59961775 0.28084775
vn 0.75009079 0.59820508 0.28198313
vn 0.71461578 0.61427426 0.33465119
vn 0.71461578 0.61427426 0.33465119
vn 0.71461578 0.61427426 0.33465119
vn 0.51797921 0.84355140 0.14183997
vn 0.51797921 0.84355140 0.14183997
vn 0.51797921 0.84355140 0.14183997
vn 0.69489693 0.64108641 0.32577059
vn 0.69489693 0.64108641 0.32577059
vn 0.69489693 0.64108641 0.32577059
vn 0.58342121 0.77450289 0.24446875
vn 0.58342121 0.77450289 0.24446875
vn 0.58342121 0.77450289 0.24446875
vn 0.75221823 0.54935019 0.36384350
vn 0.75221823 0.54935019 0.36384350
vn 0.75221823 0.54935019 0.36384350
vn 0.64031523 0.76717606 0.03791177
vn 0.64031523 0.76717606 0.03791177
vn 0.64031523 0.76717606 0.03791177
vn 0.69351431 0.72017286 0.01972208
vn 0.69351431 0.72017286 0.01972208
vn 0.69351431 0.72017286 0.01972208
vn 0.70551883 0.65683924 0.26609281
vn 0.70551883 0.65683924 0.26609281
vn 0.70551883 0.65683924 0.26609281
vn 0.59393442 0.78355075 0.18245581
vn 0.59393442 0.78355075 0.18245581
vn 0.59393442 0.78355075 0.18245581
vn 0.73286621 0.67609862 0.07614318
vn 0.73286621 0.67609862 0.07614318
vn 0.73286621 0.67609862 0.07614318
vn 0.79512852 0.60402447 0.05408392
vn 0.79512852 0.60402447 0.05408392
vn 0.79512852 0.60402447 0.05408392
vn 0.72795980 0.67964916 0.09028592
vn 0.72795980 0.67964916 0.09028592
vn 0.72795980 0.67964916 0.09028592
vn 0.61017359 0.79099534 0.04488384
vn 0.61017359 0.79099534 0.04488384
vn 0.61017359 0.79099534 0.04488384
vn 0.77037733 0.62103774 0.14432914
vn 0.77037733 0.62103774 0.14432914
vn 0.77037733 0.62103774 0.14432914
vn 0.89638413 0.43444937 0.08802974
vn 0.89638413 0.43444937 0.08802974
vn 0.89638413 0.43444937 0.08802974
vn 0.62470914 0.77969870 0.04252566
vn 0.62470914 0.77969870 0.04252566
vn 0.62470914 0.77969870 0.04252566
vn 0.92779399 0.35363040 0.11892797
vn 0.92779399 0.35363040 0.11892797
vn 0.92779399 0.35363040 0.11892797
vn 0.76569896 0.62808580 0.13861218
vn 0.76569896 0.62808580 0.13861218
vn 0.76569896 0.62808580 0.13861218
vn 0.58489087 0.80826272 0.06792680
vn 0.58489087 0.80826272 0.06792680
vn 0.58489087 0.80826272 0.06792680
vn 0.57557595 0.81524882 0.06388803
vn 0.57557595 0.81524882 0.06388803
vn 0.57557595 0.81524882 0.06388803
vn 0.88373520 0.44733207 0.13749954
vn 0.88373520 0.44733207 0.13749954
vn 0.88373520 0.44733207 0.13749954
vn 0.60295609 0.78588670 0.13720807
vn 0.60295609 0.78588670 0.13720807
vn 0.60295609 0.78588670 0.13720807
vn 0.36912337 0.92896473 0.02779325
vn 0.36906456 0.92898833 0.02778543
vn 0.36743080 0.92964219 0.02756813
vn 0.75676403 0.63838393 0.14062066
vn 0.75676403 0.63838393 0.14062066
vn 0.75676403 0.63838393 0.14062066
vn 0.75103411 0.60983378 0.25308205
vn 0.75103411 0.60983378 0.25308205
vn 0.75103411 0.60983378 0.25308205
vn 0.76923906 0.59335173 0.23707592
vn 0.76923906 0.59335173 0.23707592
vn 0.76923906 0.59335173 0.23707592
vn 0.61454304 0.77878107 0.12584477
vn 0.61443594 0.77886607 0.12584168
vn 0.61372471 0.77942994 0.12582114
vn 0.61359306 0.77953419 0.12581733
vn 0.84994592 0.51368765 0.11711929
vn 0.84994592 0.51368765 0.11711929
vn 0.84994592 0.51368765 0.11711929
vn 0.58147323 0.80916573 0.08449678
vn 0.58147323 0.80916573 0.08449678
vn 0.58147323 0.80916573 0.08449678
vn 0.59232257 0.78811524 0.16741666
vn 0.59232257 0.78811524 0.16741666
vn 0.59232257 0.78811524 0.16741666
vn 0.56779833 0.80944740 0.14966618
vn 0.56779833 0.80944740 0.14966618
vn 0.56779833 0.80944740 0.14966618
vn 0.36740788 0.92965134 0.02756508
vn 0.61526598 0.77440590 0.14745601
vn 0.61526598 0.77440590 0.14745601
vn 0.61526598 0.77440590 0.14745601
vn 0.71343430 0.66797103 0.21172200
vn 0.71343430 0.66797103 0.21172200
vn 0.60329137 0.77341040 0.19461726
vn 0.60329137 0.77341040 0.19461726
vn 0.60329137 0.77341040 0.19461726
vn 0.76260015 0.63176942 0.13895471
vn 0.76260015 0.63176942 0.13895471
vn 0.76260015 0.63176942 0.13895471
vn 0.48282481 0.85290453 0.19858013
vn 0.48426144 0.85154578 0.20089960
vn 0.48460481 0.85121922 0.20145477
vn 0.45178092 0.89002049 0.06129868
vn 0.45178092 0.89002049 0.06129868
vn 0.45178092 0.89002049 0.06129868
vn 0.34522088 0.93734866 0.04690458
vn 0.34522088 0.93734866 0.04690458
vn 0.34522088 0.93734866 0.04690458
vn 0.75021638 0.59795161 0.28218654
vn 0.48238393 0.85331908 0.19786940
vn 0.53762054 0.80868209 0.23874134
vn 0.53762054 0.80868209 0.23874134
vn 0.53762054 0.80868209 0.23874134
vn 0.46670048 0.88007612 0.08750247
vn 0.46670048 0.88007612 0.08750247
vn 0.46670048 0.88007612 0.08750247
vn 0.83767107 0.50640067 0.20461070
vn 0.83767107 0.50640067 0.20461070
vn 0.83767107 0.50640067 0.20461070
vn 0.58264071 0.77017662 0.25953376
vn 0.58264071 0.77017662 0.25953376
vn 0.58264071 0.77017662 0.25953376
vn 0.46122609 0.88542561 0.05737581
vn 0.46122609 0.88542561 0.05737581
vn 0.46122609 0.88542561 0.05737581
vn 0.41423811 0.89826514 0.14671924
vn 0.41423811 0.89826514 0.14671924
vn 0.41423811 0.89826514 0.14671924
vn 0.78108123 0.62272788 0.04606626
vn 0.78108123 0.62272788 0.04606626
vn 0.78108123 0.62272788 0.04606626
vn 0.85529187 0.47650378 0.20351896
vn 0.85529187 0.47650378 0.20351896
vn 0.85529187 0.47650378 0.20351896
vn 0.57809651 0.61857319 0.53213873
vn 0.57809651 0.61857319 0.53213873
vn 0.57809651 0.61857319 0.53213873
vn 0.58393259 0.59502315 0.55224106
vn 0.58393259 0.59502315 0.55224106
vn 0.58393259 0.59502315 0.55224106
vn 0.26159347 0.96324286 0.06109050
vn 0.26159347 0.96324286 0.06109050
vn 0.26159347 0.96324286 0.06109050
vn 0.68456775 0.62578965 0.37383728
vn 0.68456775 0.62578965 0.37383728
vn 0.68456775 0.62578965 0.37383728
vn -0.37115069 0.82456843 0.42700595
vn -0.37115069 0.82456843 0.42700595
vn -0.37115069 0.82456843 0.42700595
vn -0.54675033 0.53393518 0.64496302
vn -0.54675033 0.53393518 0.64496302
vn -0.54675033 0.53393518 0.64496302
vn -0.28087022 0.92455114 0.25752109
vn -0.28087022 0.92455114 0.25752109
vn -0.28087022 0.92455114 0.25752109
vn -0.19986015 0.80088094 0.56448706
vn -0.19986015 0.80088094 0.56448706
vn -0.19986015 0.80088094 0.56448706
vn -0.36205169 0.46968891 0.80517756
vn -0.36205169 0.46968891 0.80517756
vn -0.36205169 0.46968891 0.80517756
vn -0.39376147 0.36512216 0.84358622
vn -0.39376147 0.36512216 0.84358622
vn -0.39376147 0.36512216 0.84358622
vn -0.05813763 0.88999816 0.45224252
vn -0.05813763 0.88999816 0.45224252
vn -0.05813763 0.88999816 0.45224252
vn 0.01062663 0.52503910 0.85101176
vn 0.01062663 0.52503910 0.85101176
vn 0.01062663 0.52503910 0.85101176
vn -0.02952687 0.87406115 0.48491780
vn -0.02952687 0.87406115 0.48491780
vn -0.02952687 0.87406115 0.48491780
vn 0.06053913 0.65033552 0.75723096
vn 0.06053913 0.65033552 0.75723096
vn 0.06053913 0.65033552 0.75723096
vn 0.19753264 0.70781961 0.67821254
vn 0.19753264 0.70781961 0.67821254
vn 0.19753264 0.70781961 0.67821254
vn -0.12784209 0.29618139 0.94653737
vn -0.12784209 0.29618139 0.94653737
vn -0.12784209 0.29618139 0.94653737
vn 0.02630595 0.50031564 0.86544339
vn 0.02630595 0.50031564 0.86544339
vn 0.02630595 0.50031564 0.86544339
vn 0.34555396 0.61278038 0.71069872
vn 0.34555396 0.61278038 0.71069872
vn 0.34555396 0.61278038 0.71069872
vn 0.18522921 0.95046764 0.24960248
vn 0.18522921 0.95046764 0.24960248
vn 0.18522921 0.95046764 0.24960248
vn 0.27012536 0.90855204 0.31869340
vn 0.27012536 0.90855204 0.31869340
vn 0.27012536 0.90855204 0.31869340
vn 0.18015706 0.97919813 0.09335126
vn 0.18015706 0.97919813 0.09335126
vn 0.18015706 0.97919813 0.09335126
vn 0.05959669 0.61439274 0.78674633
vn 0.05959669 0.61439274 0.78674633
vn 0.05959669 0.61439274 0.78674633
vn 0.79342343 0.43058251 0.43020689
vn 0.79342343 0.43058251 0.43020689
vn 0.79342343 0.43058251 0.43020689
vn -0.22227771 0.48839283 0.84383948
vn -0.22227771 0.48839283 0.84383948
vn -0.22227771 0.48839283 0.84383948
vn -0.26264419 0.54739580 0.79459164
vn -0.26264419 0.54739580 0.79459164
vn -0.26264419 0.54739580 0.79459164
vn 0.35487210 0.86654195 -0.35095704
vn 0.35487210 0.86654195 -0.35095704
vn 0.35487210 0.86654195 -0.35095704
vn -0.23472605 0.45542888 0.85877134
vn -0.23472605 0.45542888 0.85877134
vn -0.23472605 0.45542888 0.85877134
vn 0.09799888 0.58007655 0.80864542
vn 0.09799888 0.58007655 0.80864542
vn 0.09799888 0.58007655 0.80864542
vn 0.33229164 0.58401473 0.74061398
vn 0.33229164 0.58401473 0.74061398
vn 0.33229164 0.58401473 0.74061398
vn 0.14042066 0.89235519 0.42893385
vn 0.14042066 0.89235519 0.42893385
vn 0.14042066 0.89235519 0.42893385
vn 0.51941607 0.50290979 0.69086084
vn 0.51941607 0.50290979 0.69086084
vn 0.51941607 0.50290979 0.69086084
vn 0.48474630 0.55572514 0.67541883
vn 0.48474630 0.55572514 0.67541883
vn 0.48474630 0.55572514 0.67541883
vn -0.35234891 0.87159509 0.34084050
vn -0.35234891 0.87159509 0.34084050
vn -0.35234891 0.87159509 0.34084050
vn -0.37835445 0.79487858 0.47435847
vn -0.37835445 0.79487858 0.47435847
vn -0.37835445 0.79487858 0.47435847
vn -0.23313797 0.89040634 0.39092612
vn -0.23313797 0.89040634 0.39092612
vn -0.23313797 0.89040634 0.39092612
vn -0.47228602 0.62444102 0.62210877
vn -0.47228602 0.62444102 0.62210877
vn -0.47228602 0.62444102 0.62210877
vn -0.30644440 0.88274360 0.35616790
vn -0.30644440 0.88274360 0.35616790
vn -0.30644440 0.88274360 0.35616790
vn -0.54516916 0.54692527 0.63534505
vn -0.54516916 0.54692527 0.63534505
vn -0.54516916 0.54692527 0.63534505
vn -0.13045882 -0.90747459 0.39933742
vn -0.13045882 -0.90747459 0.39933742
vn -0.13045882 -0.90747459 0.39933742
vn -0.35229823 0.84738761 0.39726589
vn -0.35229823 0.84738761 0.39726589
vn -0.35229823 0.84738761 0.39726589
vn -0.38921218 0.82486921 0.41000570
vn -0.38921218 0.82486921 0.41000570
vn -0.38921218 0.82486921 0.41000570
vn 0.46222129 -0.67397282 -0.57629170
vn 0.46222129 -0.67397282 -0.57629170
vn 0.46222129 -0.67397282 -0.57629170
vn -0.27500398 0.92044605 0.27776227
vn -0.27500398 0.92044605 0.27776227
vn -0.27500398 0.92044605 0.27776227
vn -0.27845700 0.92202462 0.26894664
vn -0.27845700 0.92202462 0.26894664
vn -0.27845700 0.92202462 0.26894664
vn -0.19823650 0.96087890 0.19342706
vn -0.19823650 0.96087890 0.19342706
vn -0.19823650 0.96087890 0.19342706
vn -0.45569643 0.75716316 0.46802212
vn -0.45569643 0.75716316 0.46802212
vn -0.45569643 0.75716316 0.46802212
vn -0.81571009 0.54399262 -0.19669538
vn -0.81571009 0.54399262 -0.19669538
vn -0.81571009 0.54399262 -0.19669538
vn -0.73539350 0.66011630 -0.15311063
vn -0.73539350 0.66011630 -0.15311063
vn -0.73539350 0.66011630 -0.15311063
vn -0.68033519 0.73085272 0.05475696
vn -0.68033519 0.73085272 0.05475696
vn -0.68033519 0.73085272 0.05475696
vn -0.78731160 0.61298904 0.06621848
vn -0.78731160 0.61298904 0.06621848
vn -0.78731160 0.61298904 0.06621848
vn -0.82147962 0.56400229 0.08409911
vn -0.82147962 0.56400229 0.08409911
vn -0.82147962 0.56400229 0.08409911
vn -0.67533798 0.70964365 0.20080964
vn -0.67533798 0.70964365 0.20080964
vn -0.67533798 0.70964365 0.20080964
vn -0.72680285 0.63075742 0.27185051
vn -0.72680285 0.63075742 0.27185051
vn -0.72680285 0.63075742 0.27185051
vn -0.53815990 0.71896939 0.43984877
vn -0.53815990 0.71896939 0.43984877
vn -0.53815990 0.71896939 0.43984877
vn -0.47788026 0.84114970 0.25317511
vn -0.47788026 0.84114970 0.25317511
vn -0.47788026 0.84114970 0.25317511
vn -0.74260624 0.49704696 0.44886556
vn -0.74260624 0.49704696 0.44886556
vn -0.74260624 0.49704696 0.44886556
vn -0.37796278 0.88991505 0.25533380
vn -0.37796278 0.88991505 0.25533380
vn -0.37796278 0.88991505 0.25533380
vn -0.74745684 0.13557682 0.65032853
vn -0.74745684 0.13557682 0.65032853
vn -0.74745684 0.13557682 0.65032853
vn -0.46822262 0.85292241 -0.23084830
vn -0.46822262 0.85292241 -0.23084830
vn -0.46822262 0.85292241 -0.23084830
vn -0.57328104 0.76331749 -0.29781750
vn -0.57328104 0.76331749 -0.29781750
vn -0.57328104 0.76331749 -0.29781750
vn -0.51854172 0.82330580 -0.23082902
vn -0.51854172 0.82330580 -0.23082902
vn -0.51854172 0.82330580 -0.23082902
vn -0.22083797 0.97205075 -0.07967384
vn -0.22083797 0.97205075 -0.07967384
vn -0.22083797 0.97205075 -0.07967384
vn -0.58990420 0.72996733 -0.34519666
vn -0.58959675 0.73021542 -0.34519721
vn -0.58674969 0.73250386 -0.34519979
vn -0.52953203 0.80214876 -0.27595869
vn -0.52953203 0.80214876 -0.27595869
vn -0.52953203 0.80214876 -0.27595869
vn -0.61076749 0.73680851 -0.28995912
vn -0.61095788 0.73679887 -0.28958227
vn -0.60977663 0.73685646 -0.29191613
vn -0.61194760 0.73674657 -0.28761891
vn -0.60232387 0.77018302 -0.20981912
vn -0.60232387 0.77018302 -0.20981912
vn -0.60232387 0.77018302 -0.20981912
vn -0.49531749 0.85404002 -0.15898500
vn -0.49531749 0.85404002 -0.15898500
vn -0.49531749 0.85404002 -0.15898500
vn -0.53145125 0.83217761 -0.15824032
vn -0.53145125 0.83217761 -0.15824032
vn -0.53145125 0.83217761 -0.15824032
vn -0.64791161 0.74910333 -0.13803895
vn -0.64791161 0.74910333 -0.13803895
vn -0.64791161 0.74910333 -0.13803895
vn -0.60099781 0.79239007 -0.10449693
vn -0.60099781 0.79239007 -0.10449693
vn -0.60099781 0.79239007 -0.10449693
vn -0.58964934 0.79831458 -0.12250505
vn -0.58964934 0.79831458 -0.12250505
vn -0.58964934 0.79831458 -0.12250505
vn -0.69251891 0.72062445 -0.03343589
vn -0.69251891 0.72062445 -0.03343589
vn -0.69251891 0.72062445 -0.03343589
vn -0.53689695 0.84364768 0.00051373
vn -0.53689695 0.84364768 0.00051373
vn -0.53689695 0.84364768 0.00051373
vn -0.59180715 0.80357962 -0.06343579
vn -0.59173187 0.80363723 -0.06340819
vn -0.59292100 0.80272571 -0.06384447
vn -0.53135994 0.84167468 -0.09612672
vn -0.53135994 0.84167468 -0.09612672
vn -0.53135994 0.84167468 -0.09612672
vn -0.72488418 0.54313739 -0.42372715
vn -0.72488418 0.54313739 -0.42372715
vn -0.72488418 0.54313739 -0.42372715
vn -0.43797566 0.83045615 -0.34426720
vn -0.43797566 0.83045615 -0.34426720
vn -0.43797566 0.83045615 -0.34426720
vn -0.39197142 0.86764624 -0.30585685
vn -0.39197142 0.86764624 -0.30585685
vn -0.39197142 0.86764624 -0.30585685
vn -0.41942237 0.88836144 -0.18681228
vn -0.41942237 0.88836144 -0.18681228
vn -0.41942237 0.88836144 -0.18681228
vn -0.58828196 0.73276800 -0.34201666
vn -0.58828196 0.73276800 -0.34201666
vn -0.58828196 0.73276800 -0.34201666
vn -0.41396862 0.88803533 -0.20005806
vn -0.41396862 0.88803533 -0.20005806
vn -0.41396862 0.88803533 -0.20005806
vn -0.58153384 0.78224050 -0.22342381
vn -0.58153384 0.78224050 -0.22342381
vn -0.58153384 0.78224050 -0.22342381
vn -0.53097803 0.83368782 -0.15174633
vn -0.53097803 0.83368782 -0.15174633
vn -0.53097803 0.83368782 -0.15174633
vn -0.59302823 0.80264336 -0.06388383
vn -0.58635579 0.73281921 -0.34519979
vn 0.14118817 0.98888949 0.04651312
vn 0.14118817 0.98888949 0.04651312
vn 0.14118817 0.98888949 0.04651312
vn 0.01874240 0.91807263 0.39596890
vn 0.01874240 0.91807263 0.39596890
vn 0.01874240 0.91807263 0.39596890
vn 0.15335245 0.98813726 -0.00823242
vn 0.15335245 0.98813726 -0.00823242
vn 0.15335245 0.98813726 -0.00823242
vn 0.29039531 0.90035150 0.32409526
vn 0.29039531 0.90035150 0.32409526
vn 0.29039531 0.90035150 0.32409526
vn 0.24873715 0.95007882 0.18836151
vn 0.21822197 0.97523678 0.03594991
vn 0.21822197 0.97523678 0.03594991
vn 0.21822197 0.97523678 0.03594991
vn 0.31063481 0.94719954 0.07949240
vn 0.31063481 0.94719954 0.07949240
vn 0.31063481 0.94719954 0.07949240
vn 0.20422775 0.97890688 0.00568683
vn 0.20422775 0.97890688 0.00568683
vn 0.20422775 0.97890688 0.00568683
vn 0.18424912 0.98286178 0.00591540
vn 0.18424912 0.98286178 0.00591540
vn 0.18424912 0.98286178 0.00591540
vn 0.16260634 0.98660885 0.01273376
vn 0.16260634 0.98660885 0.01273376
vn 0.16260634 0.98660885 0.01273376
vn -0.00213314 0.99781403 0.06605013
vn -0.00213314 0.99781403 0.06605013
vn -0.00213314 0.99781403 0.06605013
vn 0.22283056 0.97461262 0.02183544
vn 0.22283056 0.97461262 0.02183544
vn 0.22283056 0.97461262 0.02183544
vn 0.17952665 0.98375269 -0.00090860
vn 0.17952665 0.98375269 -0.00090860
vn 0.17952665 0.98375269 -0.00090860
vn 0.29650916 0.61799549 -0.72812354
vn 0.29650916 0.61799549 -0.72812354
vn 0.29650916 0.61799549 -0.72812354
vn 0.28941053 0.59307825 -0.75133197
vn 0.28941053 0.59307825 -0.75133197
vn 0.28941053 0.59307825 -0.75133197
vn -0.16180390 0.67861469 -0.71645070
vn -0.16180390 0.67861469 -0.71645070
vn -0.16180390 0.67861469 -0.71645070
vn 0.13211059 -0.14303068 -0.98086136
vn 0.13211059 -0.14303068 -0.98086136
vn 0.13211059 -0.14303068 -0.98086136
vn -0.09267909 0.84783128 -0.52210412
vn -0.09267909 0.84783128 -0.52210412
vn -0.09267909 0.84783128 -0.52210412
vn 0.19486164 0.68170640 -0.70519879
vn 0.19486164 0.68170640 -0.70519879
vn 0.19486164 0.68170640 -0.70519879
vn -0.27975464 0.64349644 -0.71249538
vn -0.27975464 0.64349644 -0.71249538
vn -0.27975464 0.64349644 -0.71249538
vn -0.09532351 0.86708539 -0.48895435
vn -0.09532351 0.86708539 -0.48895435
vn -0.09532351 0.86708539 -0.48895435
vn 0.44536437 0.57330969 -0.68772566
vn 0.44536437 0.57330969 -0.68772566
vn 0.44536437 0.57330969 -0.68772566
vn 0.50888058 0.54177056 -0.66897325
vn 0.50888058 0.54177056 -0.66897325
vn 0.50888058 0.54177056 -0.66897325
vn 0.40965421 0.59058580 -0.69526387
vn 0.40965421 0.59058580 -0.69526387
vn 0.40965421 0.59058580 -0.69526387
vn 0.49331357 0.31217886 -0.81190276
vn 0.49331357 0.31217886 -0.81190276
vn 0.49331357 0.31217886 -0.81190276
vn 0.38678950 0.57793777 -0.71859712
vn 0.38681508 0.57824515 -0.71833602
vn 0.38695700 0.57996282 -0.71687336
vn 0.44082524 0.69672836 -0.56589990
vn 0.44082524 0.69672836 -0.56589990
vn 0.44082524 0.69672836 -0.56589990
vn 0.09500271 0.63520365 -0.76647949
vn 0.09500271 0.63520365 -0.76647949
vn 0.09500271 0.63520365 -0.76647949
vn 0.29965536 0.61315109 -0.73092572
vn 0.29965536 0.61315109 -0.73092572
vn 0.29965536 0.61315109 -0.73092572
vn 0.43784143 0.58485567 -0.68281676
vn 0.43784143 0.58485567 -0.68281676
vn 0.43784143 0.58485567 -0.68281676
vn 0.24043103 0.74878181 -0.61767202
vn 0.24043103 0.74878181 -0.61767202
vn 0.24043103 0.74878181 -0.61767202
vn 0.25042947 0.75687364 -0.60367820
vn 0.25042947 0.75687364 -0.60367820
vn 0.25042947 0.75687364 -0.60367820
vn 0.23393252 0.79073029 -0.56570415
vn 0.23393252 0.79073029 -0.56570415
vn 0.23393252 0.79073029 -0.56570415
vn 0.22210067 0.77794930 -0.58776371
vn 0.22210067 0.77794930 -0.58776371
vn 0.22210067 0.77794930 -0.58776371
vn 0.43297916 0.52514144 -0.73263600
vn 0.43297916 0.52514144 -0.73263600
vn 0.43297916 0.52514144 -0.73263600
vn 0.22841406 0.77037824 -0.59526833
vn 0.22841406 0.77037824 -0.59526833
vn 0.22841406 0.77037824 -0.59526833
vn 0.16606751 0.73428097 -0.65821959
vn 0.16606756 0.73428108 -0.65821947
vn 0.16606799 0.73428182 -0.65821853
vn 0.04603772 0.64395872 -0.76367382
vn 0.04603772 0.64395872 -0.76367382
vn 0.04603772 0.64395872 -0.76367382
vn 0.13399994 0.71200607 -0.68926872
vn 0.13399994 0.71200607 -0.68926872
vn 0.13399994 0.71200607 -0.68926872
vn 0.14396742 0.70525500 -0.69418209
vn 0.14396742 0.70525500 -0.69418209
vn 0.14396742 0.70525500 -0.69418209
vn 0.09433087 0.64724494 -0.75642294
vn 0.09433087 0.64724494 -0.75642294
vn 0.09433087 0.64724494 -0.75642294
vn 0.04872745 0.64919523 -0.75905941
vn 0.04872745 0.64919523 -0.75905941
vn 0.04872745 0.64919523 -0.75905941
vn 0.03318477 0.73597680 -0.67619296
vn 0.03318477 0.73597680 -0.67619296
vn 0.03318477 0.73597680 -0.67619296
vn 0.02641338 0.72851954 -0.68451560
vn 0.02641338 0.72851954 -0.68451560
vn 0.02641338 0.72851954 -0.68451560
vn -0.03668951 0.67373894 -0.73805807
vn -0.03695549 0.67425037 -0.73757761
vn -0.03703832 0.67440959 -0.73742788
vn 0.38696793 0.58009597 -0.71675971
vn -0.06201890 0.75459957 -0.65324814
vn -0.06201890 0.75459957 -0.65324814
vn -0.06201890 0.75459957 -0.65324814
vn -0.07905556 0.76002820 -0.64506384
vn -0.07905556 0.76002820 -0.64506384
vn -0.07905556 0.76002820 -0.64506384
vn -0.07160225 0.78616833 -0.61385053
vn -0.07160225 0.78616833 -0.61385053
vn -0.07160225 0.78616833 -0.61385053
vn 0.03139289 0.74624335 -0.66493260
vn 0.03139289 0.74624335 -0.66493260
vn 0.03139289 0.74624335 -0.66493260
vn -0.16727931 0.69530222 -0.69897958
vn -0.16727931 0.69530222 -0.69897958
vn -0.16727931 0.69530222 -0.69897958
vn -0.17645760 0.78076048 -0.59939618
vn -0.17645760 0.78076048 -0.59939618
vn -0.17645760 0.78076048 -0.59939618
vn -0.15939510 0.74106469 -0.65223947
vn -0.15939510 0.74106469 -0.65223947
vn -0.15939510 0.74106469 -0.65223947
vn 0.33830544 0.66890045 -0.66190756
vn 0.33830544 0.66890045 -0.66190756
vn 0.33830544 0.66890045 -0.66190756
vn -0.03660468 0.67357574 -0.73821123
vn 0.33678113 0.65713833 -0.67434982
vn 0.33678113 0.65713833 -0.67434982
vn 0.33678113 0.65713833 -0.67434982
vn 0.16606805 0.73428193 -0.65821840
vn 0.15634743 0.74968653 -0.64305956
vn 0.15634743 0.74968653 -0.64305956
vn 0.15634743 0.74968653 -0.64305956
vn 0.00648505 0.83463633 -0.55076323
vn 0.00648505 0.83463633 -0.55076323
vn 0.00648505 0.83463633 -0.55076323
vn 0.31207653 0.70131716 -0.64090754
vn 0.31207653 0.70131716 -0.64090754
vn 0.31207653 0.70131716 -0.64090754
vn 0.55906135 0.57432753 -0.59799522
vn 0.55906135 0.57432753 -0.59799522
vn 0.55906135 0.57432753 -0.59799522
vn 0.32299366 0.88453712 -0.33655487
vn 0.32299366 0.88453712 -0.33655487
vn 0.32299366 0.88453712 -0.33655487
vn 0.55925973 0.36468227 -0.74446988
vn 0.55925973 0.36468227 -0.74446988
vn 0.55925973 0.36468227 -0.74446988
vn 0.25228443 0.86079041 -0.44203216
vn 0.25228443 0.86079041 -0.44203216
vn 0.25228443 0.86079041 -0.44203216
vn 0.27896276 0.82225409 -0.49606249
vn 0.27896276 0.82225409 -0.49606249
vn 0.27896276 0.82225409 -0.49606249
vn 0.17425150 -0.38891136 -0.90464599
vn 0.17425150 -0.38891136 -0.90464599
vn 0.17425150 -0.38891136 -0.90464599
vn 0.14302264 0.78386540 -0.60423469
vn 0.14302264 0.78386540 -0.60423469
vn 0.14302264 0.78386540 -0.60423469
vn 0.05921738 0.63002117 -0.77431688
vn 0.05921738 0.63002117 -0.77431688
vn 0.05921738 0.63002117 -0.77431688
vn 0.00110123 0.80167426 -0.59776012
vn 0.00110123 0.80167426 -0.59776012
vn 0.00110123 0.80167426 -0.59776012
vn -0.29277043 0.60683127 -0.73894606
vn -0.29277043 0.60683127 -0.73894606
vn -0.29277043 0.60683127 -0.73894606
vn -0.05894883 0.80261429 -0.59357842
vn -0.05894883 0.80261429 -0.59357842
vn -0.05894883 0.80261429 -0.59357842
vn 0.43756847 0.58423484 -0.68352285
vn 0.43756847 0.58423484 -0.68352285
vn 0.43756847 0.58423484 -0.68352285
vn 0.34580350 0.37215527 -0.86134801
vn 0.34580350 0.37215527 -0.86134801
vn 0.34580350 0.37215527 -0.86134801
vn 0.57890689 0.58058960 -0.57252295
vn 0.57890689 0.58058960 -0.57252295
vn 0.57890689 0.58058960 -0.57252295
vn 0.54976222 0.66218190 -0.50919214
vn 0.54976222 0.66218190 -0.50919214
vn 0.54976222 0.66218190 -0.50919214
vn 0.52821191 0.69658119 -0.48555827
vn 0.52821191 0.69658119 -0.48555827
vn 0.52821191 0.69658119 -0.48555827
vn 0.47883434 0.71056023 -0.51557913
vn 0.47883434 0.71056023 -0.51557913
vn 0.47883434 0.71056023 -0.51557913
vn 0.65872328 0.54955004 -0.51388558
vn 0.65872328 0.54955004 -0.51388558
vn 0.65872328 0.54955004 -0.51388558
vn 0.49741575 0.67173024 -0.54895906
vn 0.49741575 0.67173024 -0.54895906
vn 0.49741575 0.67173024 -0.54895906
vn 0.53799377 0.66481840 -0.51824628
vn 0.53799377 0.66481840 -0.51824628
vn 0.53799377 0.66481840 -0.51824628
vn 0.56149800 0.67887039 -0.47313317
vn 0.56149800 0.67887039 -0.47313317
vn 0.56149800 0.67887039 -0.47313317
vn 0.56576232 0.65812195 -0.49677811
vn 0.56576232 0.65812195 -0.49677811
vn 0.56576232 0.65812195 -0.49677811
vn 0.52781765 0.69349204 -0.49038486
vn 0.52781765 0.69349204 -0.49038486
vn 0.52781765 0.69349204 -0.49038486
vn 0.47863366 0.74052560 -0.47173261
vn 0.47863366 0.74052560 -0.47173261
vn 0.47863366 0.74052560 -0.47173261
vn 0.80385130 0.35497066 -0.47730380
vn 0.80385130 0.35497066 -0.47730380
vn 0.80385130 0.35497066 -0.47730380
vn 0.75785247 0.48505492 -0.43632713
vn 0.75785247 0.48505492 -0.43632713
vn 0.75785247 0.48505492 -0.43632713
vn 0.66843515 0.74354426 -0.01834040
vn 0.66843515 0.74354426 -0.01834040
vn 0.66843515 0.74354426 -0.01834040
vn 0.68906716 0.33490779 -0.64266882
vn 0.68906716 0.33490779 -0.64266882
vn 0.68906716 0.33490779 -0.64266882
vn 0.65780571 0.64821283 0.38355153
vn 0.65780571 0.64821283 0.38355153
vn 0.65780571 0.64821283 0.38355153
vn 0.44745914 0.89387275 0.02778185
vn 0.44745914 0.89387275 0.02778185
vn 0.44745914 0.89387275 0.02778185
vn 0.48959130 0.86791511 -0.08380765
vn 0.48959130 0.86791511 -0.08380765
vn 0.48959130 0.86791511 -0.08380765
vn 0.61469296 0.78652966 -0.05936043
vn 0.61469296 0.78652966 -0.05936043
vn 0.61469296 0.78652966 -0.05936043
vn 0.43573929 0.88154892 0.18166668
vn 0.43573929 0.88154892 0.18166668
vn 0.43573929 0.88154892 0.18166668
vn 0.81649074 0.28871053 0.49998910
vn 0.81649074 0.28871053 0.49998910
vn 0.81649074 0.28871053 0.49998910
vn 0.91858183 0.39402071 0.03090465
vn 0.91858183 0.39402071 0.03090465
vn 0.91858183 0.39402071 0.03090465
vn 0.74986603 0.63505857 -0.18547653
vn 0.74986603 0.63505857 -0.18547653
vn 0.74986603 0.63505857 -0.18547653
vn 0.84974095 0.51669575 -0.10471776
vn 0.84974095 0.51669575 -0.10471776
vn 0.84974095 0.51669575 -0.10471776
vn 0.54929797 0.45478882 0.70102701
vn 0.54929797 0.45478882 0.70102701
vn 0.54929797 0.45478882 0.70102701
vn 0.69377200 -0.04238510 0.71894639
vn 0.69377200 -0.04238510 0.71894639
vn 0.69377200 -0.04238510 0.71894639
vn 0.61051781 0.65312861 0.44798552
vn 0.61051781 0.65312861 0.44798552
vn 0.61051781 0.65312861 0.44798552
vn 0.67611673 0.60065414 0.42670922
vn 0.67611673 0.60065414 0.42670922
vn 0.67611673 0.60065414 0.42670922
vn 0.84014231 0.30329824 0.44963437
vn 0.84014231 0.30329824 0.44963437
vn 0.84014231 0.30329824 0.44963437
vn 0.58059424 0.76891046 0.26774433
vn 0.58059424 0.76891046 0.26774433
vn 0.58059424 0.76891046 0.26774433
vn 0.71035952 0.61048595 -0.35028025
vn 0.71035952 0.61048595 -0.35028025
vn 0.71035952 0.61048595 -0.35028025
vn 0.83338731 0.25147377 0.49216514
vn 0.83338731 0.25147377 0.49216514
vn 0.83338731 0.25147377 0.49216514
vn 0.85286993 0.44649406 -0.27065835
vn 0.85286993 0.44649406 -0.27065835
vn 0.85286993 0.44649406 -0.27065835
vn 0.76849133 0.60688667 0.20275514
vn 0.76849133 0.60688667 0.20275514
vn 0.76849133 0.60688667 0.20275514
vn 0.76103227 -0.64849800 -0.01673989
vn 0.76103227 -0.64849800 -0.01673989
vn 0.76103227 -0.64849800 -0.01673989
vn 0.84451003 0.50112471 0.18888313
vn 0.84451003 0.50112471 0.18888313
vn 0.84451003 0.50112471 0.18888313
vn 0.91438843 0.35077596 0.20211388
vn 0.91438843 0.35077596 0.20211388
vn 0.91438843 0.35077596 0.20211388
vn -0.02827030 0.83242233 0.55342014
vn -0.02827030 0.83242233 0.55342014
vn -0.02827030 0.83242233 0.55342014
vn -0.04566480 0.89885079 0.43586923
vn -0.04566480 0.89885079 0.43586923
vn -0.04566480 0.89885079 0.43586923
vn 0.32378199 0.87817843 0.35209071
vn 0.32378199 0.87817843 0.35209071
vn 0.32378199 0.87817843 0.35209071
vn 0.29007220 0.86262765 0.41440518
vn 0.29007220 0.86262765 0.41440518
vn 0.29007220 0.86262765 0.41440518
vn 0.22951382 0.60560588 0.76194811
vn 0.22951382 0.60560588 0.76194811
vn 0.22951382 0.60560588 0.76194811
vn 0.15475518 0.67922785 0.71742621
vn 0.15475518 0.67922785 0.71742621
vn 0.15475518 0.67922785 0.71742621
vn 0.04336140 0.75999014 0.64848652
vn 0.04336140 0.75999014 0.64848652
vn 0.04336140 0.75999014 0.64848652
vn 0.18763201 0.94226697 0.27735751
vn 0.18763201 0.94226697 0.27735751
vn 0.18763201 0.94226697 0.27735751
vn 0.18758161 0.61345237 0.76713058
vn 0.18758161 0.61345237 0.76713058
vn 0.18758161 0.61345237 0.76713058
vn 0.18144977 0.93762573 0.29653664
vn 0.18210512 0.93677082 0.29882798
vn 0.18201494 0.93688890 0.29851257
vn 0.15530670 0.65483170 0.73964537
vn 0.15530670 0.65483170 0.73964537
vn 0.15530670 0.65483170 0.73964537
vn 0.15184441 0.71101365 0.68658784
vn 0.15184441 0.71101365 0.68658784
vn 0.15184441 0.71101365 0.68658784
vn 0.18137011 0.93772913 0.29625827
vn 0.18164073 0.96602795 0.18383865
vn 0.18164073 0.96602795 0.18383865
vn 0.18164073 0.96602795 0.18383865
vn 0.13095053 0.63512594 0.76122730
vn 0.13095053 0.63512594 0.76122730
vn 0.13095053 0.63512594 0.76122730
vn 0.09672578 0.71433998 0.69308189
vn 0.09672578 0.71433998 0.69308189
vn 0.09672578 0.71433998 0.69308189
vn 0.18244211 0.96527742 0.18696092
vn 0.18244211 0.96527742 0.18696092
vn 0.18244211 0.96527742 0.18696092
vn 0.16222617 0.93125771 0.32625413
vn 0.16222617 0.93125771 0.32625413
vn 0.16222617 0.93125771 0.32625413
vn 0.18695897 0.96851772 0.16437694
vn 0.18695897 0.96851772 0.16437694
vn 0.18695897 0.96851772 0.16437694
vn 0.10134025 0.73359782 0.67198541
vn 0.10134025 0.73359782 0.67198541
vn 0.10134025 0.73359782 0.67198541
vn 0.16576457 0.97692199 0.13470536
vn 0.16576457 0.97692199 0.13470536
vn 0.16576457 0.97692199 0.13470536
vn 0.17768484 0.98118241 0.07555905
vn 0.17768484 0.98118241 0.07555905
vn 0.17768484 0.98118241 0.07555905
vn 0.03604300 0.73156920 0.68081378
vn 0.03604300 0.73156920 0.68081378
vn 0.03604300 0.73156920 0.68081378
vn 0.17682413 0.95862632 0.22308921
vn 0.17682413 0.95862632 0.22308921
vn 0.17682413 0.95862632 0.22308921
vn 0.13611634 0.95361268 0.26850549
vn 0.13611634 0.95361268 0.26850549
vn 0.13611634 0.95361268 0.26850549
vn -0.04991287 0.90179985 0.42926184
vn -0.04991287 0.90179985 0.42926184
vn -0.04991287 0.90179985 0.42926184
vn 0.07448662 0.99605365 0.04825834
vn 0.07448662 0.99605365 0.04825834
vn 0.07448662 0.99605365 0.04825834
vn -0.09732941 0.87418928 0.47573111
vn -0.09732941 0.87418928 0.47573111
vn -0.09732941 0.87418928 0.47573111
vn 0.04587643 0.72167613 0.69070900
vn 0.04587643 0.72167613 0.69070900
vn 0.04587643 0.72167613 0.69070900
vn 0.13356726 0.95544073 0.26323526
vn 0.13356726 0.95544073 0.26323526
vn 0.13356726 0.95544073 0.26323526
vn 0.15852477 0.97051651 0.18156981
vn 0.15852477 0.97051651 0.18156981
vn 0.15852477 0.97051651 0.18156981
vn 0.02534788 0.74669893 0.66467902
vn 0.02534788 0.74669893 0.66467902
vn 0.02534788 0.74669893 0.66467902
vn 0.15159217 0.97251748 0.17671888
vn 0.15110180 0.97191743 0.18040162
vn 0.15159217 0.97251748 0.17671888
vn 0.17404665 0.97846075 0.11100595
vn 0.17404665 0.97846075 0.11100595
vn 0.17404665 0.97846075 0.11100595
vn 0.44052363 0.64315481 0.62633123
vn 0.44052363 0.64315481 0.62633123
vn 0.44052363 0.64315481 0.62633123
vn 0.38120784 0.87105519 0.30974739
vn 0.38120784 0.87105519 0.30974739
vn 0.38120784 0.87105519 0.30974739
vn -0.00389345 0.75095686 0.66033979
vn -0.00389345 0.75095686 0.66033979
vn -0.00389345 0.75095686 0.66033979
vn 0.15049957 0.97116536 0.18489925
vn 0.15049957 0.97116536 0.18489925
vn 0.16290509 0.98224126 0.09308079
vn 0.16290509 0.98224126 0.09308079
vn 0.16290509 0.98224126 0.09308079
vn 0.35768422 0.84455451 0.39848423
vn 0.35768422 0.84455451 0.39848423
vn 0.35768422 0.84455451 0.39848423
vn -0.01286754 0.75883587 0.65115478
vn -0.01286754 0.75883587 0.65115478
vn -0.01286754 0.75883587 0.65115478
vn 0.13260143 0.97445630 0.18125061
vn 0.13260143 0.97445630 0.18125061
vn 0.13260143 0.97445630 0.18125061
vn 0.16927767 0.98176523 0.08649915
vn 0.16927767 0.98176523 0.08649915
vn 0.16927767 0.98176523 0.08649915
vn 0.05692912 0.89911592 0.43399266
vn 0.05692912 0.89911592 0.43399266
vn 0.05692912 0.89911592 0.43399266
vn 0.32413663 0.86331846 0.38680315
vn 0.32413663 0.86331846 0.38680315
vn 0.32413663 0.86331846 0.38680315
vn -0.06375375 0.74565077 0.66328003
vn -0.06375375 0.74565077 0.66328003
vn -0.06375375 0.74565077 0.66328003
vn 0.15977579 0.98485927 0.06726011
vn 0.15977579 0.98485927 0.06726011
vn 0.15977579 0.98485927 0.06726011
vn 0.12913177 0.96722714 0.21862445
vn 0.12913177 0.96722714 0.21862445
vn 0.12913177 0.96722714 0.21862445
vn -0.20178642 0.67142609 0.71307030
vn -0.20178642 0.67142609 0.71307030
vn -0.20178642 0.67142609 0.71307030
vn 0.28450611 0.90868663 0.30552396
vn 0.28450611 0.90868663 0.30552396
vn 0.28450611 0.90868663 0.30552396
vn -0.07184126 0.73353243 0.67584688
vn -0.07184126 0.73353243 0.67584688
vn -0.07184126 0.73353243 0.67584688
vn 0.12638506 0.97607984 0.17690385
vn 0.12638506 0.97607984 0.17690385
vn 0.12638506 0.97607984 0.17690385
vn 0.11815751 0.96949723 0.21474152
vn 0.11815751 0.96949723 0.21474152
vn 0.11815751 0.96949723 0.21474152
vn -0.08704588 0.87770759 0.47122436
vn -0.08704588 0.87770759 0.47122436
vn -0.08704588 0.87770759 0.47122436
vn 0.38056415 0.80289429 0.45883733
vn 0.38056415 0.80289429 0.45883733
vn 0.38056415 0.80289429 0.45883733
vn 0.32342874 0.88329848 0.33937832
vn 0.32342874 0.88329848 0.33937832
vn 0.32342874 0.88329848 0.33937832
vn -0.12668657 0.72269847 0.67945378
vn -0.12668657 0.72269847 0.67945378
vn -0.12668657 0.72269847 0.67945378
vn 0.13226658 0.97496533 0.17874047
vn 0.13226658 0.97496533 0.17874047
vn 0.13226658 0.97496533 0.17874047
vn 0.06276160 0.95579199 0.28726756
vn 0.06276160 0.95579199 0.28726756
vn 0.06276160 0.95579199 0.28726756
vn 0.36814338 0.83599056 0.40692780
vn 0.36814338 0.83599056 0.40692780
vn 0.36814338 0.83599056 0.40692780
vn 0.35728723 0.83745988 0.41352967
vn 0.35728723 0.83745988 0.41352967
vn 0.35728723 0.83745988 0.41352967
vn 0.30516404 0.85637845 0.41652233
vn 0.30516404 0.85637845 0.41652233
vn 0.30516404 0.85637845 0.41652233
vn 0.07693584 0.96627012 0.24577009
vn 0.07693584 0.96627012 0.24577009
vn 0.07693584 0.96627012 0.24577009
vn 0.30982986 0.85225715 0.42150113
vn 0.30982986 0.85225715 0.42150113
vn 0.30982986 0.85225715 0.42150113
vn 0.28946777 0.86099132 0.41821329
vn 0.28946777 0.86099132 0.41821329
vn 0.28946777 0.86099132 0.41821329
vn 0.07875356 0.96822714 0.23734803
vn 0.07875356 0.96822714 0.23734803
vn 0.07875356 0.96822714 0.23734803
vn 0.30248581 0.84929495 0.43266664
vn 0.30248581 0.84929495 0.43266664
vn 0.30248581 0.84929495 0.43266664
vn 0.23858375 0.90158658 0.36085929
vn 0.23858375 0.90158658 0.36085929
vn 0.23858375 0.90158658 0.36085929
vn 0.24742333 0.92267259 0.29573127
vn 0.24742333 0.92267259 0.29573127
vn 0.24742333 0.92267259 0.29573127
vn -0.20437579 0.77961751 0.59196882
vn -0.20437579 0.77961751 0.59196882
vn -0.20437579 0.77961751 0.59196882
vn 0.39771214 0.78830079 0.46947515
vn 0.39771214 0.78830079 0.46947515
vn 0.39771214 0.78830079 0.46947515
vn 0.47745782 0.65098039 0.59013437
vn 0.47745782 0.65098039 0.59013437
vn 0.47745782 0.65098039 0.59013437
vn 0.23758062 0.94072526 0.24205670
vn 0.23758062 0.94072526 0.24205670
vn 0.23758062 0.94072526 0.24205670
vn 0.27941290 0.94269880 0.18233869
vn 0.27941290 0.94269880 0.18233869
vn 0.27941290 0.94269880 0.18233869
vn 0.30859370 -0.49034386 0.81506615
vn 0.30859370 -0.49034386 0.81506615
vn 0.30859370 -0.49034386 0.81506615
vn 0.21554719 0.93964642 0.26571416
vn 0.21554719 0.93964642 0.26571416
vn 0.21554719 0.93964642 0.26571416
vn 0.23646990 0.93297077 0.27138077
vn 0.23646990 0.93297077 0.27138077
vn 0.23646990 0.93297077 0.27138077
vn 0.23279004 0.84486492 0.48167630
vn 0.23279004 0.84486492 0.48167630
vn 0.23279004 0.84486492 0.48167630
vn 0.22048822 0.88868449 0.40202590
vn 0.22048822 0.88868449 0.40202590
vn 0.22048822 0.88868449 0.40202590
vn 0.13076167 0.98091830 0.14387729
vn 0.13076167 0.98091830 0.14387729
vn 0.13076167 0.98091830 0.14387729
vn 0.44460746 0.55947410 0.69950907
vn 0.44460746 0.55947410 0.69950907
vn 0.44460746 0.55947410 0.69950907
vn 0.20380928 0.90868590 0.36435108
vn 0.20380928 0.90868590 0.36435108
vn 0.20380928 0.90868590 0.36435108
vn 0.26178382 0.63471724 0.72705107
vn 0.26178382 0.63471724 0.72705107
vn 0.26178382 0.63471724 0.72705107
vn 0.42977462 0.48897917 0.75907387
vn 0.42977462 0.48897917 0.75907387
vn 0.42977462 0.48897917 0.75907387
vn 0.22095778 0.95205853 0.21157082
vn 0.22095778 0.95205853 0.21157082
vn 0.22095778 0.95205853 0.21157082
vn 0.20173048 0.92796140 0.31335675
vn 0.20173048 0.92796140 0.31335675
vn 0.20173048 0.92796140 0.31335675
vn 0.28234529 0.91788041 0.27888471
vn 0.28234529 0.91788041 0.27888471
vn 0.28234529 0.91788041 0.27888471
vn 0.12431486 0.67063533 0.73129616
vn 0.12431486 0.67063533 0.73129616
vn 0.12431486 0.67063533 0.73129616
vn 0.37239411 0.64717511 0.66519697
vn 0.37239411 0.64717511 0.66519697
vn 0.37239411 0.64717511 0.66519697
vn 0.12953025 0.75620743 0.64138307
vn 0.12953025 0.75620743 0.64138307
vn 0.12953025 0.75620743 0.64138307
vn 0.09434506 0.72467373 0.68260310
vn 0.09434506 0.72467373 0.68260310
vn 0.09434506 0.72467373 0.68260310
vn 0.26715396 0.87501506 0.40370460
vn 0.26715396 0.87501506 0.40370460
vn 0.26715396 0.87501506 0.40370460
vn 0.09198942 0.77417765 0.62624828
vn 0.09198942 0.77417765 0.62624828
vn 0.09198942 0.77417765 0.62624828
vn 0.03687180 0.70821233 0.70503600
vn 0.03687180 0.70821233 0.70503600
vn 0.03687180 0.70821233 0.70503600
vn 0.22813011 0.60295859 0.76445902
vn 0.22813011 0.60295859 0.76445902
vn 0.22813011 0.60295859 0.76445902
vn 0.20508206 0.87694931 0.43462772
vn 0.20508206 0.87694931 0.43462772
vn 0.20508206 0.87694931 0.43462772
vn 0.02045565 0.77343847 0.63354124
vn 0.02045565 0.77343847 0.63354124
vn 0.02045565 0.77343847 0.63354124
vn 0.33271094 0.62657995 0.70477017
vn 0.33271094 0.62657995 0.70477017
vn 0.33271094 0.62657995 0.70477017
vn -0.00374537 0.76696775 0.64167472
vn -0.00374537 0.76696775 0.64167472
vn -0.00374537 0.76696775 0.64167472
vn -0.01532414 0.78265315 0.62226941
vn -0.01532414 0.78265315 0.62226941
vn -0.01532414 0.78265315 0.62226941
vn 0.30119017 0.62208462 0.72269994
vn 0.30119017 0.62208462 0.72269994
vn 0.30119017 0.62208462 0.72269994
vn 0.27918876 0.69986566 0.65745091
vn 0.28395405 0.69856527 0.65679271
vn 0.27988716 0.69967628 0.65735552
vn 0.20044993 0.64409024 0.73821920
vn 0.20044993 0.64409024 0.73821920
vn 0.20044993 0.64409024 0.73821920
vn -0.06388659 0.74159545 0.66779839
vn -0.06388659 0.74159545 0.66779839
vn -0.06388659 0.74159545 0.66779839
vn 0.23082375 0.93263259 0.27733888
vn 0.23082375 0.93263259 0.27733888
vn 0.23082375 0.93263259 0.27733888
vn -0.06770104 0.76785069 0.63704151
vn -0.06770104 0.76785069 0.63704151
vn -0.06770104 0.76785069 0.63704151
vn -0.12537483 0.73605895 0.66520551
vn -0.12537483 0.73605895 0.66520551
vn -0.12537483 0.73605895 0.66520551
vn 0.27512759 0.70095872 0.65799823
vn -0.08971075 0.86128046 0.50014793
vn -0.08971075 0.86128046 0.50014793
vn -0.08971075 0.86128046 0.50014793
vn -0.11424158 0.74461759 0.65764238
vn -0.11424158 0.74461759 0.65764238
vn -0.11424158 0.74461759 0.65764238
vn 0.19463780 0.92089882 0.33772991
vn 0.19463780 0.92089882 0.33772991
vn 0.19463780 0.92089882 0.33772991
vn 0.23622179 0.64726088 0.72474314
vn 0.23622179 0.64726088 0.72474314
vn 0.23622179 0.64726088 0.72474314
vn 0.17031000 0.61876020 0.76689655
vn 0.17031000 0.61876020 0.76689655
vn 0.17031000 0.61876020 0.76689655
vn 0.00390614 0.82010693 0.57219697
vn 0.00390614 0.82010693 0.57219697
vn 0.00390614 0.82010693 0.57219697
vn -0.14573234 0.83595348 0.52909721
vn -0.14573234 0.83595348 0.52909721
vn -0.14573234 0.83595348 0.52909721
vn -0.04991950 0.89202861 0.44921377
vn -0.04991950 0.89202861 0.44921377
vn -0.04991950 0.89202861 0.44921377
vn 0.18365257 0.66812302 0.72102938
vn 0.18365257 0.66812302 0.72102938
vn 0.18365257 0.66812302 0.72102938
vn -0.07445915 0.81811116 0.57021922
vn -0.07445915 0.81811116 0.57021922
vn -0.07445915 0.81811116 0.57021922
vn -0.03321504 0.99065111 -0.13231455
vn -0.03321504 0.99065111 -0.13231455
vn -0.03321504 0.99065111 -0.13231455
vn -0.66514719 0.69788808 0.26557756
vn -0.66514719 0.69788808 0.26557756
vn -0.66514719 0.69788808 0.26557756
vn -0.74910460 0.59647149 0.28820835
vn -0.74910460 0.59647149 0.28820835
vn -0.74910460 0.59647149 0.28820835
vn -0.32125453 0.92124216 0.21933630
vn -0.32125453 0.92124216 0.21933630
vn -0.32125453 0.92124216 0.21933630
vn -0.50131286 0.75857503 0.41623231
vn -0.50131286 0.75857503 0.41623231
vn -0.50131286 0.75857503 0.41623231
vn -0.53781745 0.71188620 0.45163085
vn -0.53781745 0.71188620 0.45163085
vn -0.53781745 0.71188620 0.45163085
vn -0.51931616 0.73106837 0.44254916
vn -0.51931616 0.73106837 0.44254916
vn -0.51931616 0.73106837 0.44254916
vn -0.55184738 0.67328012 -0.49209587
vn -0.55184738 0.67328012 -0.49209587
vn -0.55184738 0.67328012 -0.49209587
vn -0.60435893 0.63741061 -0.47797279
vn -0.60435893 0.63741061 -0.47797279
vn -0.60435893 0.63741061 -0.47797279
vn 0.07685998 0.99226574 0.09747437
vn 0.07685998 0.99226574 0.09747437
vn 0.07685998 0.99226574 0.09747437
vn -0.50919409 0.57258940 0.64254397
vn -0.50919409 0.57258940 0.64254397
vn -0.50919409 0.57258940 0.64254397
vn -0.29753456 0.74159672 -0.60125493
vn -0.29753456 0.74159672 -0.60125493
vn -0.29753456 0.74159672 -0.60125493
vn -0.40800369 0.83451536 -0.37029327
vn -0.40800369 0.83451536 -0.37029327
vn -0.40800369 0.83451536 -0.37029327
vn -0.52368267 0.81864370 -0.23575189
vn -0.52368267 0.81864370 -0.23575189
vn -0.52368267 0.81864370 -0.23575189
vn -0.60934800 0.78795137 0.08847403
vn -0.60934800 0.78795137 0.08847403
vn -0.60934800 0.78795137 0.08847403
vn -0.51653116 0.82535331 -0.22800761
vn -0.51653116 0.82535331 -0.22800761
vn -0.51653116 0.82535331 -0.22800761
vn 0.02885341 0.95122995 -0.30713035
vn 0.02885341 0.95122995 -0.30713035
vn 0.02885341 0.95122995 -0.30713035
vn -0.60530418 0.79097008 -0.08929272
vn -0.60530418 0.79097008 -0.08929272
vn -0.60530418 0.79097008 -0.08929272
vn -0.77273453 0.63014237 0.07617051
vn -0.77273453 0.63014237 0.07617051
vn -0.77273453 0.63014237 0.07617051
vn -0.10027437 0.96508341 -0.24198981
vn -0.10027437 0.96508341 -0.24198981
vn -0.10027437 0.96508341 -0.24198981
vn -0.20362799 0.81020547 -0.54963874
vn -0.20362799 0.81020547 -0.54963874
vn -0.20362799 0.81020547 -0.54963874
vn -0.25396582 0.78979227 -0.55832744
vn -0.25396582 0.78979227 -0.55832744
vn -0.25396582 0.78979227 -0.55832744
vn -0.47553541 0.65130118 -0.59133142
vn -0.47553541 0.65130118 -0.59133142
vn -0.47553541 0.65130118 -0.59133142
vn -0.48147689 0.63842853 -0.60049064
vn -0.48147689 0.63842853 -0.60049064
vn -0.48147689 0.63842853 -0.60049064
vn -0.29787260 0.81330522 -0.49980650
vn -0.29787260 0.81330522 -0.49980650
vn -0.29787260 0.81330522 -0.49980650
vn -0.61981005 0.50663877 -0.59929347
vn -0.61981005 0.50663877 -0.59929347
vn -0.61981005 0.50663877 -0.59929347
vn -0.27356649 0.83128777 -0.48386157
vn -0.27356649 0.83128777 -0.48386157
vn -0.27356649 0.83128777 -0.48386157
vn -0.29953247 0.81907340 -0.48928424
vn -0.29953247 0.81907340 -0.48928424
vn -0.29953247 0.81907340 -0.48928424
vn -0.21337835 0.82387748 -0.52506722
vn -0.21337835 0.82387748 -0.52506722
vn -0.21337835 0.82387748 -0.52506722
vn -0.21654294 0.82344239 -0.52445381
vn -0.21654294 0.82344239 -0.52445381
vn -0.21654294 0.82344239 -0.52445381
vn 0.38936556 0.61897296 -0.68210479
vn 0.38936556 0.61897296 -0.68210479
vn 0.38936556 0.61897296 -0.68210479
vn 0.32882436 0.49257444 -0.80575738
vn 0.32882436 0.49257444 -0.80575738
vn 0.32882436 0.49257444 -0.80575738
vn 0.27922306 0.70746838 -0.64924800
vn 0.27922306 0.70746838 -0.64924800
vn 0.27922306 0.70746838 -0.64924800
vn 0.21820716 0.60694463 -0.76420144
vn 0.21820716 0.60694463 -0.76420144
vn 0.21820716 0.60694463 -0.76420144
vn 0.15647281 0.75672096 -0.63473589
vn 0.15647281 0.75672096 -0.63473589
vn 0.15647281 0.75672096 -0.63473589
vn -0.01353837 0.78885674 -0.61442799
vn -0.01353837 0.78885674 -0.61442799
vn -0.01353837 0.78885674 -0.61442799
vn 0.00657170 0.80200585 -0.59728003
vn 0.00657170 0.80200585 -0.59728003
vn 0.00657170 0.80200585 -0.59728003
vn -0.09229513 0.41830935 -0.90360329
vn -0.09229513 0.41830935 -0.90360329
vn -0.09229513 0.41830935 -0.90360329
vn -0.08281734 0.66502649 -0.74221362
vn -0.08281734 0.66502649 -0.74221362
vn -0.08281734 0.66502649 -0.74221362
vn -0.21595192 0.70634165 -0.67412628
vn -0.21595192 0.70634165 -0.67412628
vn -0.21595192 0.70634165 -0.67412628
vn -0.39095827 0.55398636 -0.73501752
vn -0.39095827 0.55398636 -0.73501752
vn -0.39095827 0.55398636 -0.73501752
vn -0.42835546 -0.89410992 -0.13068682
vn -0.42835546 -0.89410992 -0.13068682
vn -0.42835546 -0.89410992 -0.13068682
vn -0.36373391 0.65207854 -0.66520014
vn -0.36373391 0.65207854 -0.66520014
vn -0.36373391 0.65207854 -0.66520014
vn 0.57598909 0.78737839 0.21970853
vn 0.57598909 0.78737839 0.21970853
vn 0.57598909 0.78737839 0.21970853
vn 0.56039719 0.78714593 0.25759712
vn 0.56039719 0.78714593 0.25759712
vn 0.56039719 0.78714593 0.25759712
vn 0.53348274 0.80777724 0.25078295
vn 0.53348274 0.80777724 0.25078295
vn 0.53348274 0.80777724 0.25078295
vn -0.06583219 0.92209830 0.38131464
vn -0.06583219 0.92209830 0.38131464
vn -0.06583219 0.92209830 0.38131464
vn -0.02625548 0.98054639 0.19452357
vn -0.02625548 0.98054639 0.19452357
vn -0.02625548 0.98054639 0.19452357
vn 0.47292255 0.84533916 0.24848734
vn 0.47292255 0.84533916 0.24848734
vn 0.47292255 0.84533916 0.24848734
vn -0.00083434 0.98964940 0.14350390
vn -0.00083434 0.98964940 0.14350390
vn -0.00083434 0.98964940 0.14350390
vn 0.67622427 0.70403526 0.21692185
vn 0.67622427 0.70403526 0.21692185
vn 0.67622427 0.70403526 0.21692185
vn -0.04849861 0.95229183 0.30131074
vn -0.04849861 0.95229183 0.30131074
vn -0.04849861 0.95229183 0.30131074
vn -0.03814527 0.90299842 0.42794719
vn -0.03814527 0.90299842 0.42794719
vn -0.03814527 0.90299842 0.42794719
vn -0.04184810 0.96709066 0.25096692
vn -0.04184810 0.96709066 0.25096692
vn -0.04184810 0.96709066 0.25096692
vn 0.56870270 0.78960877 0.23042403
vn 0.56870270 0.78960877 0.23042403
vn 0.56870270 0.78960877 0.23042403
vn 0.39935464 0.88589481 0.23602173
vn 0.39935464 0.88589481 0.23602173
vn 0.39935464 0.88589481 0.23602173
vn -0.04136697 0.95800234 0.28376099
vn -0.04136697 0.95800234 0.28376099
vn -0.04136697 0.95800234 0.28376099
vn -0.04499364 0.94851035 0.31353420
vn -0.04499364 0.94851035 0.31353420
vn -0.04499364 0.94851035 0.31353420
vn 0.11161591 0.99339768 0.02651277
vn 0.11161591 0.99339768 0.02651277
vn 0.11161591 0.99339768 0.02651277
vn 0.53164520 0.81612901 0.22646591
vn 0.53164520 0.81612901 0.22646591
vn 0.53164520 0.81612901 0.22646591
vn 0.67033101 0.70275482 0.23831071
vn 0.67036282 0.70272611 0.23830590
vn 0.67033667 0.70274971 0.23830986
vn 0.58496526 0.78070424 0.21981024
vn 0.58496526 0.78070424 0.21981024
vn 0.58496526 0.78070424 0.21981024
vn -0.03069178 0.96991793 0.24148961
vn -0.03069178 0.96991793 0.24148961
vn -0.03069178 0.96991793 0.24148961
vn -0.03219624 0.90420823 0.42587660
vn -0.03219624 0.90420823 0.42587660
vn -0.03219624 0.90420823 0.42587660
vn 0.67029797 0.70278464 0.23831571
vn 0.18096642 0.98333190 0.01759374
vn 0.18096642 0.98333190 0.01759374
vn 0.18096642 0.98333190 0.01759374
vn 0.24050403 0.95868143 0.15194648
vn 0.24050403 0.95868143 0.15194648
vn 0.24050403 0.95868143 0.15194648
vn 0.32523626 0.92552210 0.19398512
vn 0.32523626 0.92552210 0.19398512
vn 0.32523626 0.92552210 0.19398512
vn 0.33786950 0.92026661 0.19736659
vn 0.33786950 0.92026661 0.19736659
vn 0.33786950 0.92026661 0.19736659
vn 0.01592094 0.93194916 0.36223926
vn 0.01592094 0.93194916 0.36223926
vn 0.01592094 0.93194916 0.36223926
vn -0.03796565 0.94828966 0.31512748
vn -0.03796565 0.94828966 0.31512748
vn -0.03796565 0.94828966 0.31512748
vn 0.51453031 0.83443880 0.19740935
vn 0.51453031 0.83443880 0.19740935
vn 0.51453031 0.83443880 0.19740935
vn 0.40262935 0.88708007 0.22578429
vn 0.40262935 0.88708007 0.22578429
vn 0.40262935 0.88708007 0.22578429
vn -0.01660377 0.97796183 0.20812252
vn -0.01610783 0.97837462 0.20621260
vn -0.01712759 0.97752144 0.21013918
vn 0.61579431 0.75676256 0.21933490
vn 0.61579431 0.75676256 0.21933490
vn 0.61579431 0.75676256 0.21933490
vn -0.01595321 0.97850250 0.20561700
vn 0.61209243 0.76025797 0.21760210
vn 0.61209243 0.76025797 0.21760210
vn 0.61209243 0.76025797 0.21760210
vn -0.00324222 0.97942230 0.20179556
vn -0.00324222 0.97942230 0.20179556
vn -0.00324222 0.97942230 0.20179556
vn 0.46316184 0.86040681 0.21255876
vn 0.46316184 0.86040681 0.21255876
vn 0.46316184 0.86040681 0.21255876
vn 0.68457617 0.69658705 0.21476024
vn 0.68457617 0.69658705 0.21476024
vn 0.68457617 0.69658705 0.21476024
vn -0.00841740 0.96272701 0.27034396
vn -0.00841740 0.96272701 0.27034396
vn -0.00841740 0.96272701 0.27034396
vn -0.00393878 0.89487831 0.44629284
vn -0.00393878 0.89487831 0.44629284
vn -0.00393878 0.89487831 0.44629284
vn 0.04252286 0.99396927 0.10107871
vn 0.04252286 0.99396927 0.10107871
vn 0.04252286 0.99396927 0.10107871
vn 0.30436687 0.93556636 0.17909884
vn 0.30436687 0.93556636 0.17909884
vn 0.30436687 0.93556636 0.17909884
vn 0.47471599 0.85843362 0.19425872
vn 0.47471599 0.85843362 0.19425872
vn 0.47471599 0.85843362 0.19425872
vn 0.05200609 0.99484669 0.08703694
vn 0.05200609 0.99484669 0.08703694
vn 0.05200609 0.99484669 0.08703694
vn 0.12465001 0.99185255 0.02628485
vn 0.12465001 0.99185255 0.02628485
vn 0.12465001 0.99185255 0.02628485
vn -0.01307141 0.94750569 0.31947162
vn -0.01307141 0.94750569 0.31947162
vn -0.01307141 0.94750569 0.31947162
vn -0.02043027 0.93649069 0.35009684
vn -0.02043027 0.93649069 0.35009684
vn -0.02043027 0.93649069 0.35009684
vn 0.46939883 0.86055333 0.19776932
vn 0.46939883 0.86055333 0.19776932
vn 0.46939883 0.86055333 0.19776932
vn 0.07359837 0.99478356 0.07063251
vn 0.07346030 0.99474841 0.07126838
vn 0.07335458 0.99472122 0.07175511
vn 0.62627698 0.75711651 0.18588097
vn 0.62627698 0.75711651 0.18588097
vn 0.62627698 0.75711651 0.18588097
vn 0.38333384 0.90436466 0.18756259
vn 0.38333384 0.90436466 0.18756259
vn 0.38333384 0.90436466 0.18756259
vn 0.33982873 0.92241753 0.18347300
vn 0.33982873 0.92241753 0.18347300
vn 0.33982873 0.92241753 0.18347300
vn 0.02805768 0.98498822 0.17032609
vn 0.02805768 0.98498822 0.17032609
vn 0.02805768 0.98498822 0.17032609
vn 0.17938617 0.98373352 0.00943231
vn 0.17789178 0.98400372 0.00954911
vn 0.17826922 0.98389841 0.01280598
vn 0.07327094 0.99469954 0.07214014
vn 0.28294766 0.94623242 0.15679553
vn 0.28294766 0.94623242 0.15679553
vn 0.28294766 0.94623242 0.15679553
vn 0.68636971 0.70380643 0.18317513
vn 0.68636971 0.70380643 0.18317513
vn 0.68636971 0.70380643 0.18317513
vn 0.64189183 0.74407860 0.18526174
vn 0.64189183 0.74407860 0.18526174
vn 0.64189183 0.74407860 0.18526174
vn 0.08026172 0.99487365 0.06151817
vn 0.08026172 0.99487365 0.06151817
vn 0.08026172 0.99487365 0.06151817
vn -0.02250659 0.89415627 0.44718903
vn -0.02250659 0.89415627 0.44718903
vn -0.02250659 0.89415627 0.44718903
vn 0.44958555 0.87968136 0.15502754
vn 0.44958555 0.87968136 0.15502754
vn 0.44958555 0.87968136 0.15502754
vn 0.27090214 0.95408591 0.12779712
vn 0.27090214 0.95408591 0.12779712
vn 0.27090214 0.95408591 0.12779712
vn 0.17749813 0.98407660 0.00936307
vn 0.27055413 0.95548758 0.11766030
vn 0.27055413 0.95548758 0.11766030
vn 0.27055413 0.95548758 0.11766030
vn 0.09539583 0.99431447 0.04731131
vn 0.09539583 0.99431447 0.04731131
vn 0.09539583 0.99431447 0.04731131
vn 0.64310384 0.75180707 0.14561450
vn 0.64310384 0.75180707 0.14561450
vn 0.64310384 0.75180707 0.14561450
vn 0.65437132 0.74131688 0.14915582
vn 0.65437132 0.74131688 0.14915582
vn 0.65437132 0.74131688 0.14915582
vn 0.64823821 0.74561190 0.15443483
vn 0.64823821 0.74561190 0.15443483
vn 0.64823821 0.74561190 0.15443483
vn 0.43811351 0.88687618 0.14665335
vn 0.43811351 0.88687618 0.14665335
vn 0.43811351 0.88687618 0.14665335
vn 0.70312966 0.69565286 0.14722696
vn 0.70312966 0.69565286 0.14722696
vn 0.70312966 0.69565286 0.14722696
vn 0.69816437 0.70112415 0.14488426
vn 0.69557900 0.70372719 0.14469934
vn 0.69557900 0.70372719 0.14469934
vn 0.00374751 0.92943614 0.36896398
vn 0.00374751 0.92943614 0.36896398
vn 0.00374751 0.92943614 0.36896398
vn 0.68257281 0.71378345 0.15686793
vn 0.68257281 0.71378345 0.15686793
vn 0.68257281 0.71378345 0.15686793
vn 0.22385240 0.97231343 0.06705747
vn 0.22385240 0.97231343 0.06705747
vn 0.22385240 0.97231343 0.06705747
vn 0.73870324 0.65883474 0.14231763
vn 0.73870324 0.65883474 0.14231763
vn 0.73870324 0.65883474 0.14231763
vn 0.68382757 0.71318124 0.15411805
vn 0.68382757 0.71318124 0.15411805
vn 0.68382757 0.71318124 0.15411805
vn 0.12210068 0.99179610 0.03784062
vn 0.12035957 0.99200678 0.03789627
vn 0.11957430 0.99210078 0.03792133
vn -0.00089346 0.93307663 0.35967654
vn -0.00089346 0.93307663 0.35967654
vn -0.00089346 0.93307663 0.35967654
vn 0.24962326 0.96262005 0.10512308
vn 0.24962326 0.96262005 0.10512308
vn 0.24962326 0.96262005 0.10512308
vn 0.00939972 0.90299803 0.42954186
vn 0.00939972 0.90299803 0.42954186
vn 0.00939972 0.90299803 0.42954186
vn 0.03562342 0.98922195 0.14202434
vn 0.03562342 0.98922195 0.14202434
vn 0.03562342 0.98922195 0.14202434
vn 0.40316830 0.90530241 0.13372681
vn 0.40316830 0.90530241 0.13372681
vn 0.40316830 0.90530241 0.13372681
vn 0.40700459 0.90189696 0.14466909
vn 0.40700459 0.90189696 0.14466909
vn 0.40700459 0.90189696 0.14466909
vn -0.00984767 0.93314380 0.35936844
vn -0.00984767 0.93314380 0.35936844
vn -0.00984767 0.93314380 0.35936844
vn 0.69895833 0.70032094 0.14494079
vn 0.69895833 0.70032094 0.14494079
vn 0.68544606 0.71198509 0.15244979
vn 0.68544606 0.71198509 0.15244979
vn 0.68544606 0.71198509 0.15244979
vn 0.12298999 0.99168730 0.03781214
vn 0.28010002 0.90942147 -0.30740294
vn 0.28010002 0.90942147 -0.30740294
vn 0.28010002 0.90942147 -0.30740294
vn 0.21068617 0.97643388 0.04677842
vn 0.21068617 0.97643388 0.04677842
vn 0.21068617 0.97643388 0.04677842
vn 0.74341519 0.65515979 0.13453441
vn 0.74341519 0.65515979 0.13453441
vn 0.74341519 0.65515979 0.13453441
vn 0.68795245 0.72044987 0.08759801
vn 0.68795245 0.72044987 0.08759801
vn 0.68795245 0.72044987 0.08759801
vn 0.04904245 0.99104216 0.12421865
vn 0.04904245 0.99104216 0.12421865
vn 0.04904245 0.99104216 0.12421865
vn 0.07788855 0.99066959 0.11183531
vn 0.07788855 0.99066959 0.11183531
vn 0.07788855 0.99066959 0.11183531
vn 0.38002985 0.91849407 0.10929756
vn 0.38002985 0.91849407 0.10929756
vn 0.38002985 0.91849407 0.10929756
vn 0.04105729 0.93073908 0.36337179
vn 0.04105729 0.93073908 0.36337179
vn 0.04105729 0.93073908 0.36337179
vn 0.01998575 0.92491910 0.37963830
vn 0.01998575 0.92491910 0.37963830
vn 0.01998575 0.92491910 0.37963830
vn 0.20248322 0.97860750 0.03644051
vn 0.20248322 0.97860750 0.03644051
vn 0.20248322 0.97860750 0.03644051
vn 0.69577584 0.71132694 0.09954883
vn 0.69577584 0.71132694 0.09954883
vn 0.69577584 0.71132694 0.09954883
vn 0.06230983 0.99032404 0.12399909
vn 0.06230983 0.99032404 0.12399909
vn 0.06230983 0.99032404 0.12399909
vn 0.33277770 0.93745438 0.10216792
vn 0.33277770 0.93745438 0.10216792
vn 0.33277770 0.93745438 0.10216792
vn 0.69162360 0.71125140 0.12561145
vn 0.69162360 0.71125140 0.12561145
vn 0.69162360 0.71125140 0.12561145
vn 0.17681886 0.98419526 0.00973565
vn 0.74219975 0.66511251 0.08224893
vn 0.74219975 0.66511251 0.08224893
vn 0.74219975 0.66511251 0.08224893
vn 0.34159475 0.93463007 0.09889210
vn 0.34151960 0.93464512 0.09900942
vn 0.34154360 0.93464032 0.09897195
vn 0.34223112 0.93450189 0.09789825
vn 0.03539512 0.89758751 0.43941307
vn 0.03539512 0.89758751 0.43941307
vn 0.03539512 0.89758751 0.43941307
vn 0.04132977 0.89014732 0.45379467
vn 0.04132977 0.89014732 0.45379467
vn 0.04132977 0.89014732 0.45379467
vn 0.30683692 0.94687877 0.09628966
vn 0.30683692 0.94687877 0.09628966
vn 0.30683692 0.94687877 0.09628966
vn 0.23085166 0.97093162 0.06323997
vn 0.23085166 0.97093162 0.06323997
vn 0.23085166 0.97093162 0.06323997
vn 0.73767208 0.67125384 0.07251337
vn 0.73767208 0.67125384 0.07251337
vn 0.73767208 0.67125384 0.07251337
vn 0.77552377 0.62814385 0.06323111
vn 0.77552377 0.62814385 0.06323111
vn 0.77552377 0.62814385 0.06323111
vn 0.04603675 0.92934619 0.36632811
vn 0.04603675 0.92934619 0.36632811
vn 0.04603675 0.92934619 0.36632811
vn 0.07772049 0.86784624 0.49071623
vn 0.07772049 0.86784624 0.49071623
vn 0.07772049 0.86784624 0.49071623
vn 0.09065190 0.99242023 0.08297183
vn 0.09065190 0.99242023 0.08297183
vn 0.09065190 0.99242023 0.08297183
vn 0.70904396 0.70081485 0.07819982
vn 0.70904396 0.70081485 0.07819982
vn 0.70904396 0.70081485 0.07819982
vn 0.06388822 0.87653564 0.47707815
vn 0.06388822 0.87653564 0.47707815
vn 0.06388822 0.87653564 0.47707815
vn 0.69759153 0.71561476 0.03551847
vn 0.69759153 0.71561476 0.03551847
vn 0.69759153 0.71561476 0.03551847
vn 0.72791334 0.68225673 0.06832216
vn 0.72791334 0.68225673 0.06832216
vn 0.72791334 0.68225673 0.06832216
vn 0.75867156 0.64728723 0.07373402
vn 0.75867156 0.64728723 0.07373402
vn 0.75867156 0.64728723 0.07373402
vn 0.19516566 0.98047125 0.02421782
vn 0.19516566 0.98047125 0.02421782
vn 0.19516566 0.98047125 0.02421782
vn 0.05648576 0.92181810 0.38348502
vn 0.05648576 0.92181810 0.38348502
vn 0.05648576 0.92181810 0.38348502
vn 0.05680155 0.91991502 0.38798189
vn 0.05680155 0.91991502 0.38798189
vn 0.05680155 0.91991502 0.38798189
vn 0.71872831 0.69160169 0.07153128
vn 0.71890706 0.69132813 0.07237437
vn 0.71909284 0.69104227 0.07325344
vn 0.10256773 0.86458939 0.49189943
vn 0.10256773 0.86458939 0.49189943
vn 0.10256773 0.86458939 0.49189943
vn 0.09696827 0.87086928 0.48185460
vn 0.09696827 0.87086928 0.48185460
vn 0.09696827 0.87086928 0.48185460
vn 0.11000803 0.86045561 0.49750817
vn 0.11000803 0.86045561 0.49750817
vn 0.11000803 0.86045561 0.49750817
vn 0.10463488 0.99145576 0.07789101
vn 0.10463488 0.99145576 0.07789101
vn 0.10463488 0.99145576 0.07789101
vn 0.71848326 0.69197433 0.07037992
vn 0.27480893 0.96027673 0.04846299
vn 0.27480893 0.96027673 0.04846299
vn 0.27480893 0.96027673 0.04846299
vn 0.10721707 0.99134765 0.07572540
vn 0.10721707 0.99134765 0.07572540
vn 0.10721707 0.99134765 0.07572540
vn 0.12877345 0.85759225 0.49794873
vn 0.12877345 0.85759225 0.49794873
vn 0.13193816 0.85801480 0.49638990
vn 0.08460573 0.91168420 0.40208679
vn 0.08460573 0.91168420 0.40208679
vn 0.08460573 0.91168420 0.40208679
vn 0.08625757 0.90833449 0.40925307
vn 0.08625757 0.90833449 0.40925307
vn 0.08625757 0.90833449 0.40925307
vn 0.72213018 0.69017769 0.04672012
vn 0.72213018 0.69017769 0.04672012
vn 0.72213018 0.69017769 0.04672012
vn 0.26546156 0.96307605 0.04488519
vn 0.26546156 0.96307605 0.04488519
vn 0.26546156 0.96307605 0.04488519
vn 0.29647834 0.95410339 0.04227656
vn 0.29647834 0.95410339 0.04227656
vn 0.29647834 0.95410339 0.04227656
vn 0.76604498 0.64096959 0.04830199
vn 0.76604498 0.64096959 0.04830199
vn 0.76604498 0.64096959 0.04830199
vn 0.30836766 0.95038859 0.04087689
vn 0.30836766 0.95038859 0.04087689
vn 0.30836766 0.95038859 0.04087689
vn 0.19590012 0.98055707 0.01144433
vn 0.19590012 0.98055707 0.01144433
vn 0.19590012 0.98055707 0.01144433
vn 0.12811016 0.99074960 0.04475503
vn 0.12811016 0.99074960 0.04475503
vn 0.12811016 0.99074960 0.04475503
vn 0.72905159 0.68343004 0.03751211
vn 0.72905159 0.68343004 0.03751211
vn 0.72905159 0.68343004 0.03751211
vn 0.33654869 0.94084263 0.03937170
vn 0.33654869 0.94084263 0.03937170
vn 0.33654869 0.94084263 0.03937170
vn 0.75657006 0.65301463 0.03425838
vn 0.75657006 0.65301463 0.03425838
vn 0.75657006 0.65301463 0.03425838
vn 0.13461992 0.85836455 0.49506340
vn 0.13461992 0.85836455 0.49506340
vn 0.13432885 0.85850365 0.49490125
vn 0.13432885 0.85850365 0.49490125
vn 0.13432885 0.85850365 0.49490125
vn 0.74989411 0.66049620 0.03746460
vn 0.74989411 0.66049620 0.03746460
vn 0.74989411 0.66049620 0.03746460
vn 0.34926260 0.93491408 0.06285933
vn 0.34926260 0.93491408 0.06285933
vn 0.34926260 0.93491408 0.06285933
vn 0.34499807 0.93630367 0.06566403
vn 0.34499807 0.93630367 0.06566403
vn 0.34499807 0.93630367 0.06566403
vn 0.15802119 0.98714985 0.02375890
vn 0.15668004 0.98735441 0.02413765
vn 0.15616120 0.98743302 0.02428413
vn 0.25602281 0.96624053 0.02883693
vn 0.25602281 0.96624053 0.02883693
vn 0.25602281 0.96624053 0.02883693
vn 0.15525814 0.98740125 0.03055633
vn 0.15525814 0.98740125 0.03055633
vn 0.15525814 0.98740125 0.03055633
vn 0.73983968 0.67200954 0.03225568
vn 0.74242654 0.66903870 0.03449727
vn 0.73932956 0.67259171 0.03181511
vn 0.73875507 0.67324589 0.03131953
vn 0.36855924 0.92911131 0.03026972
vn 0.36861430 0.92901765 0.03239921
vn 0.36859566 0.92905015 0.03167115
vn 0.36479883 0.93071878 0.02616035
vn 0.36479883 0.93071878 0.02616035
vn 0.36479883 0.93071878 0.02616035
vn 0.37125557 0.92823707 0.02335030
vn 0.37125557 0.92823707 0.02335030
vn 0.37125557 0.92823707 0.02335030
vn 0.10781593 0.90504408 0.41142550
vn 0.10781593 0.90504408 0.41142550
vn 0.10781593 0.90504408 0.41142550
vn 0.38005188 0.92486264 0.01377207
vn 0.37998037 0.92489566 0.01352514
vn 0.37987334 0.92494496 0.01315570
vn 0.38016127 0.92481197 0.01415002
vn 0.19094336 0.98150687 0.01359764
vn 0.19094336 0.98150687 0.01359764
vn 0.19094336 0.98150687 0.01359764
vn 0.35281479 0.93565898 -0.00800012
vn 0.35281479 0.93565898 -0.00800012
vn 0.35281479 0.93565898 -0.00800012
vn 0.77949830 0.62632402 0.01003127
vn 0.77949830 0.62632402 0.01003127
vn 0.77949830 0.62632402 0.01003127
vn 0.77376644 0.63318997 0.01886679
vn 0.77376644 0.63318997 0.01886679
vn 0.77376644 0.63318997 0.01886679
vn 0.15544450 0.85420222 0.49616084
vn 0.15544450 0.85420222 0.49616084
vn 0.15544450 0.85420222 0.49616084
vn -0.20556821 0.97790411 0.03801657
vn -0.20556821 0.97790411 0.03801657
vn -0.20556821 0.97790411 0.03801657
vn 0.12606154 0.99076386 0.04995467
vn 0.12606154 0.99076386 0.04995467
vn 0.12606154 0.99076386 0.04995467
vn 0.25060523 0.96779946 0.02368996
vn 0.25132370 0.96760314 0.02409502
vn 0.25020853 0.96790755 0.02346634
vn 0.24809276 0.96848017 0.02227414
vn -0.21631261 0.97619666 0.01577773
vn -0.21631261 0.97619666 0.01577773
vn -0.21631261 0.97619666 0.01577773
vn 0.11703336 0.89994305 0.42000678
vn 0.11564086 0.90110597 0.41789380
vn 0.11750818 0.89954475 0.42072683
vn 0.11813533 0.89901728 0.42167756
vn 0.16203809 0.85481764 0.49298120
vn 0.16203809 0.85481764 0.49298120
vn 0.16203809 0.85481764 0.49298120
vn -0.14988409 0.98861141 0.01349938
vn -0.14988409 0.98861141 0.01349938
vn -0.14988409 0.98861141 0.01349938
vn 0.17929545 0.84629304 0.50163854
vn 0.17929545 0.84629304 0.50163854
vn 0.17929545 0.84629304 0.50163854
vn 0.77925487 0.62620936 0.02497387
vn 0.77925487 0.62620936 0.02497387
vn 0.77925487 0.62620936 0.02497387
vn 0.72351530 0.69021850 0.01113735
vn 0.72351530 0.69021850 0.01113735
vn 0.72351530 0.69021850 0.01113735
vn -0.18643032 0.98154280 0.04263174
vn -0.18642272 0.98156645 0.04211730
vn -0.18642872 0.98154783 0.04252280
vn 0.19831562 0.84229064 0.50121591
vn 0.19831562 0.84229064 0.50121591
vn 0.19831562 0.84229064 0.50121591
vn -0.29916550 0.95161881 0.07015438
vn -0.29916550 0.95161881 0.07015438
vn -0.29916550 0.95161881 0.07015438
vn -0.17890923 0.98259583 0.04996932
vn -0.17890923 0.98259583 0.04996932
vn -0.17890923 0.98259583 0.04996932
vn 0.72557628 0.68794655 0.01638936
vn 0.72557628 0.68794655 0.01638936
vn 0.72557628 0.68794655 0.01638936
vn 0.24407079 0.96926470 0.03090953
vn 0.24345712 0.96938472 0.03196705
vn 0.24477496 0.96913412 0.02939854
vn -0.15212783 0.98835884 0.00198146
vn -0.15212783 0.98835884 0.00198146
vn -0.15212783 0.98835884 0.00198146
vn 0.15843687 0.98708603 0.02364149
vn 0.72666447 0.68695414 0.00726337
vn 0.72666447 0.68695414 0.00726337
vn 0.72666447 0.68695414 0.00726337
vn 0.24305002 0.96946135 0.03273178
vn 0.24302248 0.96947347 0.03257708
vn 0.33747660 0.94109351 0.02127311
vn 0.33747660 0.94109351 0.02127311
vn 0.33747660 0.94109351 0.02127311
vn 0.32165666 0.94636109 0.03062174
vn 0.32165666 0.94636109 0.03062174
vn 0.32165666 0.94636109 0.03062174
vn 0.31754800 0.94695624 0.04936759
vn 0.31754800 0.94695624 0.04936759
vn 0.31754800 0.94695624 0.04936759
vn 0.36864439 0.92896337 0.03359113
vn -0.18643476 0.98152879 0.04293377
vn -0.19824444 0.97873368 0.05272113
vn -0.19824444 0.97873368 0.05272113
vn -0.19824444 0.97873368 0.05272113
vn -0.14057113 0.98855042 0.05484356
vn -0.14057113 0.98855042 0.05484356
vn -0.14057113 0.98855042 0.05484356
vn -0.17458427 0.98063205 0.08877566
vn -0.17458427 0.98063205 0.08877566
vn -0.17458427 0.98063205 0.08877566
vn -0.18205676 0.97809313 0.10094136
vn -0.18205676 0.97809313 0.10094136
vn -0.18205676 0.97809313 0.10094136
vn -0.15778611 0.98736939 0.01432570
vn -0.15778611 0.98736939 0.01432570
vn -0.15778611 0.98736939 0.01432570
vn 0.03583542 0.98847167 0.14710398
vn 0.03583542 0.98847167 0.14710398
vn 0.03583542 0.98847167 0.14710398
vn 0.06160038 0.88782437 0.45604088
vn 0.06160038 0.88782437 0.45604088
vn 0.06160038 0.88782437 0.45604088
vn 0.18391069 0.84021024 0.51012117
vn 0.18391069 0.84021024 0.51012117
vn 0.18391069 0.84021024 0.51012117
vn 0.13787988 0.89548553 0.42319593
vn 0.13787988 0.89548553 0.42319593
vn 0.13787988 0.89548553 0.42319593
vn 0.14536565 0.89760877 0.41613377
vn 0.14913781 0.89684055 0.41645521
vn 0.14997168 0.89666886 0.41652546
vn 0.15410876 0.98564823 0.06890617
vn 0.15410876 0.98564823 0.06890617
vn 0.15410876 0.98564823 0.06890617
vn 0.15444442 0.89573637 0.41689720
vn 0.17225273 0.88472916 0.43310888
vn 0.17225273 0.88472916 0.43310888
vn 0.17225273 0.88472916 0.43310888
vn 0.14705698 0.98908670 0.00904130
vn 0.14705698 0.98908670 0.00904130
vn 0.14705698 0.98908670 0.00904130
vn -0.19496343 0.97742297 0.08144687
vn -0.19496343 0.97742297 0.08144687
vn -0.19496343 0.97742297 0.08144687
vn -0.33694664 0.93233932 0.13118824
vn -0.33694664 0.93233932 0.13118824
vn -0.33694664 0.93233932 0.13118824
vn 0.20785157 0.85413261 0.47671291
vn 0.20785157 0.85413261 0.47671291
vn 0.20785157 0.85413261 0.47671291
vn -0.12376650 0.98953866 0.07412896
vn -0.12376650 0.98953866 0.07412896
vn -0.12376650 0.98953866 0.07412896
vn 0.19233513 0.88303329 0.42808808
vn 0.19233513 0.88303329 0.42808808
vn 0.19233513 0.88303329 0.42808808
vn 0.23869162 0.75584446 0.60969293
vn 0.23869162 0.75584446 0.60969293
vn 0.23869162 0.75584446 0.60969293
vn -0.12582393 0.99145968 0.03429351
vn -0.12582393 0.99145968 0.03429351
vn -0.12582393 0.99145968 0.03429351
vn -0.40043790 0.89825981 0.18104917
vn -0.40043790 0.89825981 0.18104917
vn -0.40043790 0.89825981 0.18104917
vn 0.18333439 0.88525314 0.42745220
vn 0.18333439 0.88525314 0.42745220
vn 0.18333439 0.88525314 0.42745220
vn 0.19936074 0.87799717 0.43517383
vn 0.19936074 0.87799717 0.43517383
vn 0.19936074 0.87799717 0.43517383
vn -0.15077237 0.98509604 0.08278572
vn -0.15077237 0.98509604 0.08278572
vn -0.15077237 0.98509604 0.08278572
vn 0.16690591 0.98561327 0.02662527
vn 0.16690591 0.98561327 0.02662527
vn 0.16690591 0.98561327 0.02662527
vn 0.23531812 0.84436260 0.48132857
vn 0.23531812 0.84436260 0.48132857
vn 0.23531812 0.84436260 0.48132857
vn -0.15511898 0.98416904 0.08572870
vn -0.15511898 0.98416904 0.08572870
vn -0.15511898 0.98416904 0.08572870
vn -0.17888522 0.97591098 0.12489130
vn -0.17888522 0.97591098 0.12489130
vn -0.17888522 0.97591098 0.12489130
vn 0.22003474 0.89103629 0.39703783
vn 0.22003474 0.89103629 0.39703783
vn 0.22003474 0.89103629 0.39703783
vn 0.20964906 0.88944109 0.40613029
vn 0.20964906 0.88944109 0.40613029
vn 0.20964906 0.88944109 0.40613029
vn -0.17301387 0.97572128 0.13429143
vn -0.17301387 0.97572128 0.13429143
vn -0.17301387 0.97572128 0.13429143
vn -0.17358951 0.97538705 0.13596609
vn -0.17358951 0.97538705 0.13596609
vn -0.17358951 0.97538705 0.13596609
vn 0.23769715 0.88281988 0.40512854
vn 0.23769715 0.88281988 0.40512854
vn 0.23769715 0.88281988 0.40512854
vn 0.29817123 0.81802392 0.49186459
vn 0.29817123 0.81802392 0.49186459
vn 0.29817123 0.81802392 0.49186459
vn 0.28489065 0.83166278 0.47662810
vn 0.28489065 0.83166278 0.47662810
vn 0.28489065 0.83166278 0.47662810
vn 0.14731202 0.98838662 0.03729687
vn 0.14731202 0.98838662 0.03729687
vn 0.14731202 0.98838662 0.03729687
vn 0.26092494 0.85103810 0.45568885
vn 0.26092494 0.85103810 0.45568885
vn 0.26092494 0.85103810 0.45568885
vn 0.25615189 0.87112609 0.41895770
vn 0.25615189 0.87112609 0.41895770
vn 0.25615189 0.87112609 0.41895770
vn 0.16587422 0.98614270 0.00288353
vn 0.16587422 0.98614270 0.00288353
vn 0.16587422 0.98614270 0.00288353
vn 0.20150381 0.97943154 -0.01049112
vn 0.20150381 0.97943154 -0.01049112
vn 0.20150381 0.97943154 -0.01049112
vn 0.30541811 0.81395251 0.49416707
vn 0.30541811 0.81395251 0.49416707
vn 0.30541811 0.81395251 0.49416707
vn -0.37901987 0.88297341 0.27695108
vn -0.37901987 0.88297341 0.27695108
vn -0.37901987 0.88297341 0.27695108
vn -0.17012330 0.97259117 0.15850702
vn -0.17012330 0.97259117 0.15850702
vn -0.17012330 0.97259117 0.15850702
vn 0.16968851 0.98543024 0.01153451
vn 0.16902747 0.98553044 0.01262830
vn 0.17009119 0.98536840 0.01086798
vn 0.27464379 0.84556808 0.45780499
vn 0.27464379 0.84556808 0.45780499
vn 0.27464379 0.84556808 0.45780499
vn -0.17056034 0.96907945 0.17830925
vn -0.17056034 0.96907945 0.17830925
vn -0.17056034 0.96907945 0.17830925
vn 0.22109187 0.90066709 0.37405505
vn 0.22109187 0.90066709 0.37405505
vn 0.22109187 0.90066709 0.37405505
vn 0.32929759 0.81009417 0.48508816
vn 0.32929759 0.81009417 0.48508816
vn 0.32929759 0.81009417 0.48508816
vn -0.16478632 0.97185666 0.16834521
vn -0.16478632 0.97185666 0.16834521
vn -0.16478632 0.97185666 0.16834521
vn 0.17019711 0.98535202 0.01069261
vn -0.14303749 0.97551439 0.16706868
vn -0.14303749 0.97551439 0.16706868
vn -0.14303749 0.97551439 0.16706868
vn 0.34154374 0.81451459 0.46894974
vn 0.34154374 0.81451459 0.46894974
vn 0.34154374 0.81451459 0.46894974
vn -0.32291002 0.88850539 0.32601732
vn -0.32291002 0.88850539 0.32601732
vn -0.32291002 0.88850539 0.32601732
vn -0.18566800 0.95420845 0.23454982
vn -0.18566800 0.95420845 0.23454982
vn -0.18566800 0.95420845 0.23454982
vn 0.46876969 0.86587714 -0.17467614
vn 0.46876969 0.86587714 -0.17467614
vn 0.46876969 0.86587714 -0.17467614
vn 0.29807142 0.85766146 0.41901103
vn 0.29807142 0.85766146 0.41901103
vn 0.29807142 0.85766146 0.41901103
vn 0.26231411 0.92962477 0.25882252
vn 0.26231411 0.92962477 0.25882252
vn 0.26231411 0.92962477 0.25882252
vn 0.34424831 0.81889157 0.45924905
vn 0.34455487 0.81981434 0.45736898
vn 0.34359608 0.81693152 0.46321121
vn 0.29871718 0.86105238 0.41152987
vn 0.29871718 0.86105238 0.41152987
vn 0.29871718 0.86105238 0.41152987
vn 0.21694224 0.96964998 0.11276071
vn 0.21694224 0.96964998 0.11276071
vn 0.21694224 0.96964998 0.11276071
vn 0.81794729 0.32737405 -0.47306285
vn 0.81794729 0.32737405 -0.47306285
vn 0.81794729 0.32737405 -0.47306285
vn -0.12714826 0.97633782 0.17492224
vn -0.12714826 0.97633782 0.17492224
vn -0.12714826 0.97633782 0.17492224
vn -0.15969023 0.96256699 0.21900644
vn -0.15969023 0.96256699 0.21900644
vn -0.15969023 0.96256699 0.21900644
vn -0.16360685 0.95998058 0.22731054
vn -0.16360685 0.95998058 0.22731054
vn -0.16360685 0.95998058 0.22731054
vn 0.34474221 0.82037874 0.45621435
vn 0.17471295 0.98434943 0.02305613
vn 0.17471295 0.98434943 0.02305613
vn 0.17471295 0.98434943 0.02305613
vn 0.15614535 0.98740216 0.02560476
vn 0.15614535 0.98740216 0.02560476
vn 0.15614535 0.98740216 0.02560476
vn 0.30720030 0.86323041 0.40057613
vn 0.30720030 0.86323041 0.40057613
vn 0.30720030 0.86323041 0.40057613
vn -0.12597607 0.96961639 0.20969997
vn -0.12597607 0.96961639 0.20969997
vn -0.12597607 0.96961639 0.20969997
vn 0.09446835 0.99549184 -0.00846952
vn 0.09446835 0.99549184 -0.00846952
vn 0.09446835 0.99549184 -0.00846952
vn 0.36195203 0.82679635 0.43057928
vn 0.36195203 0.82679635 0.43057928
vn 0.36195203 0.82679635 0.43057928
vn 0.36519608 0.82522767 0.43084929
vn 0.36519608 0.82522767 0.43084929
vn 0.36519608 0.82522767 0.43084929
vn 0.17258976 0.98496199 0.00791557
vn 0.17258976 0.98496199 0.00791557
vn 0.17258976 0.98496199 0.00791557
vn 0.25067957 0.94718524 0.19999967
vn 0.25067957 0.94718524 0.19999967
vn 0.25067957 0.94718524 0.19999967
vn 0.44223531 0.70741031 0.55136067
vn 0.44223531 0.70741031 0.55136067
vn 0.44223531 0.70741031 0.55136067
vn -0.12297120 0.97424478 0.18901110
vn -0.12297120 0.97424478 0.18901110
vn -0.12297120 0.97424478 0.18901110
vn 0.32893298 0.86034710 0.38936611
vn 0.32893298 0.86034710 0.38936611
vn 0.32920808 0.86050795 0.38877770
vn 0.33704827 0.85610292 0.39177322
vn 0.33704827 0.85610292 0.39177322
vn 0.33704827 0.85610292 0.39177322
vn 0.10005822 0.99492816 0.01031089
vn 0.10005822 0.99492816 0.01031089
vn 0.10005822 0.99492816 0.01031089
vn 0.33021663 0.86109509 0.38661639
vn 0.33021663 0.86109509 0.38661639
vn -0.11663642 0.97510012 0.18861520
vn -0.11663642 0.97510012 0.18861520
vn -0.11663642 0.97510012 0.18861520
vn 0.39088679 0.81678834 0.42433986
vn 0.39088679 0.81678834 0.42433986
vn 0.39088679 0.81678834 0.42433986
vn 0.24834678 0.96138459 0.11858981
vn 0.24834678 0.96138459 0.11858981
vn 0.24834678 0.96138459 0.11858981
vn 0.16460805 0.97317849 0.16071032
vn 0.16460805 0.97317849 0.16071032
vn 0.16460805 0.97317849 0.16071032
vn 0.17668340 0.98383863 0.02906064
vn 0.17668340 0.98383863 0.02906064
vn 0.17668340 0.98383863 0.02906064
vn 0.20591046 0.88336715 -0.42102655
vn 0.20591046 0.88336715 -0.42102655
vn 0.20591046 0.88336715 -0.42102655
vn 0.38746682 0.81582321 0.42930403
vn 0.38746682 0.81582321 0.42930403
vn 0.38746682 0.81582321 0.42930403
vn -0.13467485 0.95907117 0.24908870
vn -0.13467485 0.95907117 0.24908870
vn -0.13467485 0.95907117 0.24908870
vn -0.13623159 0.95732441 0.25489396
vn -0.13623159 0.95732441 0.25489396
vn -0.13623159 0.95732441 0.25489396
vn 0.44731337 0.78781102 0.42339643
vn 0.44701150 0.78775741 0.42381481
vn 0.44756300 0.78785522 0.42305026
vn 0.44787346 0.78791000 0.42261945
vn 0.37025420 0.83345079 0.41020922
vn 0.37025420 0.83345079 0.41020922
vn 0.37025420 0.83345079 0.41020922
vn 0.39826024 0.85408371 0.33455911
vn 0.39826024 0.85408371 0.33455911
vn 0.39826024 0.85408371 0.33455911
vn 0.09873386 0.99504141 0.01200882
vn 0.09867428 0.99504900 0.01186865
vn 0.09847820 0.99507382 0.01140741
vn -0.10122010 0.97472996 0.19913815
vn -0.10122010 0.97472996 0.19913815
vn -0.10122010 0.97472996 0.19913815
vn 0.39129965 0.84426906 0.36618893
vn 0.39129965 0.84426906 0.36618893
vn 0.39129965 0.84426906 0.36618893
vn 0.16770766 0.98554452 0.02400281
vn 0.16770766 0.98554452 0.02400281
vn 0.16770766 0.98554452 0.02400281
vn -0.08763947 0.97818062 0.18836667
vn -0.08763947 0.97818062 0.18836667
vn -0.08763947 0.97818062 0.18836667
vn 0.40065635 0.83861946 0.36904186
vn 0.40065635 0.83861946 0.36904186
vn 0.40065635 0.83861946 0.36904186
vn 0.09891945 0.99501761 0.01244546
vn -0.12938444 0.95115773 0.28028313
vn -0.12938444 0.95115773 0.28028313
vn -0.12938444 0.95115773 0.28028313
vn 0.36149475 0.88273670 0.30016239
vn 0.36149475 0.88273670 0.30016239
vn 0.36149475 0.88273670 0.30016239
vn 0.39234521 0.83726079 0.38086693
vn 0.39234521 0.83726079 0.38086693
vn 0.39234521 0.83726079 0.38086693
vn 0.49795053 0.76422564 0.40988345
vn 0.49795053 0.76422564 0.40988345
vn 0.49795053 0.76422564 0.40988345
vn 0.17327323 0.98429175 -0.03385468
vn 0.17327323 0.98429175 -0.03385468
vn 0.17327323 0.98429175 -0.03385468
vn -0.12828622 0.93661142 0.32603940
vn -0.12828622 0.93661142 0.32603940
vn -0.12828622 0.93661142 0.32603940
vn -0.12142955 0.93356546 0.33720971
vn -0.12142955 0.93356546 0.33720971
vn -0.12142955 0.93356546 0.33720971
vn 0.45316330 0.80168877 0.38979243
vn 0.45316330 0.80168877 0.38979243
vn 0.45316330 0.80168877 0.38979243
vn -0.10577794 0.96818471 0.22678050
vn -0.10577794 0.96818471 0.22678050
vn -0.10577794 0.96818471 0.22678050
vn 0.17715666 0.98403977 0.01677042
vn 0.17715666 0.98403977 0.01677042
vn 0.17715666 0.98403977 0.01677042
vn 0.11064924 0.99377090 0.01327198
vn 0.11064924 0.99377090 0.01327198
vn 0.11064924 0.99377090 0.01327198
vn 0.43881798 0.81708626 0.37391018
vn 0.43881798 0.81708626 0.37391018
vn 0.43881798 0.81708626 0.37391018
vn 0.17628323 0.98423344 0.01444859
vn 0.17717212 0.98408288 0.01381724
vn 0.17807642 0.98392846 0.01317478
vn 0.39175332 0.85628178 0.33661678
vn 0.39175332 0.85628178 0.33661678
vn 0.39175332 0.85628178 0.33661678
vn 0.48262504 0.78552785 0.38732296
vn 0.48262504 0.78552785 0.38732296
vn 0.48262504 0.78552785 0.38732296
vn -0.06944597 0.97980445 0.18751132
vn -0.06944597 0.97980445 0.18751132
vn -0.06944597 0.97980445 0.18751132
vn 0.54259364 0.75461751 0.36897771
vn 0.54259364 0.75461751 0.36897771
vn 0.54259364 0.75461751 0.36897771
vn 0.53769676 0.75760262 0.37002767
vn 0.53769676 0.75760262 0.37002767
vn 0.53769676 0.75760262 0.37002767
vn -0.11732705 0.95061944 0.28732743
vn -0.11732705 0.95061944 0.28732743
vn -0.11732705 0.95061944 0.28732743
vn 0.43804259 0.83308860 0.33776038
vn 0.43804259 0.83308860 0.33776038
vn 0.43804259 0.83308860 0.33776038
vn -0.07901238 0.97015303 0.22925998
vn -0.07901238 0.97015303 0.22925998
vn -0.07901238 0.97015303 0.22925998
vn 0.17634489 0.98421591 0.01488358
vn -0.10788282 0.92530838 0.36354601
vn -0.10788282 0.92530838 0.36354601
vn -0.10788282 0.92530838 0.36354601
vn -0.10499844 0.93657920 0.33435720
vn -0.10499844 0.93657920 0.33435720
vn -0.10499844 0.93657920 0.33435720
vn 0.40206917 0.85871859 0.31771492
vn 0.40206917 0.85871859 0.31771492
vn 0.40206917 0.85871859 0.31771492
vn 0.49647362 0.78958860 0.36064357
vn 0.49647362 0.78958860 0.36064357
vn 0.49647362 0.78958860 0.36064357
vn 0.49391134 0.79068641 0.36175486
vn 0.49391134 0.79068641 0.36175486
vn 0.49391134 0.79068641 0.36175486
vn 0.11723637 0.99295618 0.01713651
vn 0.11723637 0.99295618 0.01713651
vn 0.11723637 0.99295618 0.01713651
vn -0.05698262 0.98408528 0.16831265
vn -0.05698262 0.98408528 0.16831265
vn -0.05698262 0.98408528 0.16831265
vn 0.56151072 0.75684837 0.33449403
vn 0.56151072 0.75684837 0.33449403
vn 0.56151072 0.75684837 0.33449403
vn 0.18023833 0.98313266 0.03105363
vn 0.18021353 0.98313701 0.03105978
vn 0.18458128 0.98236004 0.02997509
vn 0.40946308 0.85712148 0.31254242
vn 0.40946308 0.85712148 0.31254242
vn 0.40946308 0.85712148 0.31254242
vn -0.06529306 0.97559901 0.20962677
vn -0.06529306 0.97559901 0.20962677
vn -0.06529306 0.97559901 0.20962677
vn -0.07637780 0.96274896 0.25938557
vn -0.07579848 0.96272406 0.25964781
vn -0.07654351 0.96275601 0.25931053
vn 0.44714585 0.89338174 0.04392778
vn 0.44714585 0.89338174 0.04392778
vn 0.44714585 0.89338174 0.04392778
vn 0.45782582 0.82591023 0.32904073
vn 0.45782582 0.82591023 0.32904073
vn 0.45782582 0.82591023 0.32904073
vn 0.10221433 0.99396696 0.03977331
vn 0.10221433 0.99396696 0.03977331
vn 0.10221433 0.99396696 0.03977331
vn 0.40721055 0.86421999 0.29547144
vn 0.40721055 0.86421999 0.29547144
vn 0.40721055 0.86421999 0.29547144
vn 0.45853007 0.83124442 0.31429744
vn 0.45853007 0.83124442 0.31429744
vn 0.45853007 0.83124442 0.31429744
vn -0.07123744 0.94795566 0.31033094
vn -0.07123744 0.94795566 0.31033094
vn -0.07123744 0.94795566 0.31033094
vn 0.56240499 0.76733722 0.30804905
vn 0.56240499 0.76733722 0.30804905
vn 0.56240499 0.76733722 0.30804905
vn -0.08449576 0.92093372 0.38044913
vn -0.08449576 0.92093372 0.38044913
vn -0.08449576 0.92093372 0.38044913
vn 0.50489485 0.80902861 0.30092175
vn 0.50489485 0.80902861 0.30092175
vn 0.50489485 0.80902861 0.30092175
vn 0.60621582 0.73303698 0.30847878
vn 0.60621582 0.73303698 0.30847878
vn 0.60621582 0.73303698 0.30847878
vn 0.39165657 0.87460935 0.28576847
vn 0.39165657 0.87460935 0.28576847
vn 0.39165657 0.87460935 0.28576847
vn -0.03015138 0.98727027 0.15616754
vn -0.03015138 0.98727027 0.15616754
vn -0.03015138 0.98727027 0.15616754
vn -0.13311138 0.99109757 0.00264025
vn -0.13311138 0.99109757 0.00264025
vn -0.13311138 0.99109757 0.00264025
vn -0.07728995 0.96278738 0.25897243
vn 0.59701304 0.73859157 0.31314200
vn 0.59701304 0.73859157 0.31314200
vn 0.59701304 0.73859157 0.31314200
vn 0.17585084 0.98389196 0.03214164
vn -0.02130544 0.98717439 0.15821758
vn -0.02130544 0.98717439 0.15821758
vn -0.02130544 0.98717439 0.15821758
vn 0.51590625 0.80727998 0.28660037
vn 0.51590625 0.80727998 0.28660037
vn 0.51590625 0.80727998 0.28660037
vn 0.01437930 0.99472976 0.10151817
vn 0.01437930 0.99472976 0.10151817
vn 0.01437930 0.99472976 0.10151817
vn 0.36701528 0.89416031 0.25647051
vn 0.36701528 0.89416031 0.25647051
vn 0.36701528 0.89416031 0.25647051
vn 0.09805828 0.99470803 0.03066768
vn 0.09805828 0.99470803 0.03066768
vn 0.09805828 0.99470803 0.03066768
vn 0.09094044 0.99543053 0.02911859
vn 0.09094044 0.99543053 0.02911859
vn 0.09094044 0.99543053 0.02911859
vn 0.42132412 0.86168675 0.28281077
vn 0.42132412 0.86168675 0.28281077
vn 0.42132412 0.86168675 0.28281077
vn 0.43837016 0.85182367 0.28675431
vn 0.43837016 0.85182367 0.28675431
vn 0.43837016 0.85182367 0.28675431
vn 0.62626007 0.73213174 0.26792058
vn 0.62626007 0.73213174 0.26792058
vn 0.62626007 0.73213174 0.26792058
vn 0.51503013 0.81216769 0.27409416
vn 0.51503013 0.81216769 0.27409416
vn 0.51503013 0.81216769 0.27409416
vn 0.57253401 0.76357840 0.29858472
vn 0.57253401 0.76357840 0.29858472
vn 0.57253401 0.76357840 0.29858472
vn -0.06129489 0.91397205 0.40112097
vn -0.06129489 0.91397205 0.40112097
vn -0.06129489 0.91397205 0.40112097
vn -0.06052542 0.92569248 0.37340340
vn -0.06052542 0.92569248 0.37340340
vn -0.06052542 0.92569248 0.37340340
vn 0.17717720 0.98406820 0.01476551
vn 0.62872142 0.73389392 0.25711689
vn 0.62872142 0.73389392 0.25711689
vn 0.62872142 0.73389392 0.25711689
vn 0.64143842 0.72303478 0.25647116
vn 0.64143842 0.72303478 0.25647116
vn 0.64143842 0.72303478 0.25647116
vn -0.05278296 0.94884462 0.31130026
vn -0.05278296 0.94884462 0.31130026
vn -0.05278296 0.94884462 0.31130026
vn 0.36677194 0.89756703 0.24464620
vn 0.36677194 0.89756703 0.24464620
vn 0.36677194 0.89756703 0.24464620
vn 0.10695795 0.99417028 0.01361786
vn 0.10695795 0.99417028 0.01361786
vn 0.10695795 0.99417028 0.01361786
vn 0.00379948 0.99379139 0.11119456
vn 0.00379948 0.99379139 0.11119456
vn 0.00379948 0.99379139 0.11119456
vn -0.05849754 0.94716071 0.31538014
vn -0.05849754 0.94716071 0.31538014
vn -0.05849754 0.94716071 0.31538014
vn 0.33565503 0.91716147 0.21482675
vn 0.33565503 0.91716147 0.21482675
vn 0.33565503 0.91716147 0.21482675
vn 0.02894600 0.98808594 -0.15115655
vn 0.02894600 0.98808594 -0.15115655
vn 0.02894600 0.98808594 -0.15115655
vn -0.04355120 0.98798565 -0.14828235
vn -0.04355120 0.98798565 -0.14828235
vn -0.04355120 0.98798565 -0.14828235
vn 0.01198477 0.99190289 -0.12643189
vn 0.01198477 0.99190289 -0.12643189
vn 0.01198477 0.99190289 -0.12643189
vn 0.52342838 0.82631438 -0.20791172
vn 0.52342838 0.82631438 -0.20791172
vn 0.52342838 0.82631438 -0.20791172
vn 0.26349264 0.87301399 -0.41038787
vn 0.26339188 0.87303183 -0.41041459
vn 0.26457590 0.87282149 -0.41010028
vn 0.26747930 0.82883265 -0.49141760
vn 0.26747930 0.82883265 -0.49141760
vn 0.26747930 0.82883265 -0.49141760
vn 0.55735343 0.75934766 -0.33578011
vn 0.55698344 0.75929122 -0.33652085
vn 0.55726143 0.75933367 -0.33596439
vn 0.55507107 0.75338554 -0.35257104
vn 0.55507107 0.75338554 -0.35257104
vn 0.55507107 0.75338554 -0.35257104
vn 0.56158386 0.79868690 -0.21615459
vn 0.56158386 0.79868690 -0.21615459
vn 0.56158386 0.79868690 -0.21615459
vn 0.55079641 0.77571350 -0.30804526
vn 0.55088735 0.77577214 -0.30773480
vn 0.55083198 0.77573644 -0.30792386
vn 0.22847432 0.85050687 -0.47374841
vn 0.22847432 0.85050687 -0.47374841
vn 0.22847432 0.85050687 -0.47374841
vn 0.26225242 0.87323292 -0.41071637
vn 0.18252402 0.98315388 -0.00966562
vn 0.18252402 0.98315388 -0.00966562
vn 0.18252402 0.98315388 -0.00966562
vn 0.23639062 0.87156467 -0.42952824
vn 0.23678112 0.87047842 -0.43151133
vn 0.23678112 0.87047842 -0.43151133
vn 0.24237691 0.83938785 -0.48649921
vn 0.24237949 0.83938884 -0.48649621
vn 0.24229194 0.83935524 -0.48659778
vn 0.24241516 0.83940252 -0.48645482
vn 0.23016195 0.86781238 -0.44037160
vn 0.23016195 0.86781238 -0.44037160
vn 0.23016195 0.86781238 -0.44037160
vn 0.21046514 0.83667857 -0.50564157
vn 0.21046514 0.83667857 -0.50564157
vn 0.21046514 0.83667857 -0.50564157
vn 0.23761328 0.87142465 -0.42913753
vn 0.24463388 0.86798339 -0.43215633
vn 0.23933032 0.87058942 -0.42987796
vn 0.19130268 0.83959265 -0.50841663
vn 0.19130268 0.83959265 -0.50841663
vn 0.19130268 0.83959265 -0.50841663
vn 0.20747037 0.82780230 -0.52124792
vn 0.20747037 0.82780230 -0.52124792
vn 0.20747037 0.82780230 -0.52124792
vn 0.55070806 0.77565647 -0.30834667
vn 0.20795543 0.88147039 -0.42398642
vn 0.20795543 0.88147039 -0.42398642
vn 0.20795543 0.88147039 -0.42398642
vn 0.18529433 0.98252118 -0.01783641
vn 0.18529433 0.98252118 -0.01783641
vn 0.18529433 0.98252118 -0.01783641
vn 0.37039801 0.92869814 -0.01802986
vn 0.37039801 0.92869814 -0.01802986
vn 0.37039801 0.92869814 -0.01802986
vn 0.18777310 0.85637250 -0.48100666
vn 0.18777310 0.85637250 -0.48100666
vn 0.18777310 0.85637250 -0.48100666
vn 0.17996557 0.85483538 -0.48669176
vn 0.17996557 0.85483538 -0.48669176
vn 0.17996557 0.85483538 -0.48669176
vn 0.18827669 0.88061329 -0.43482424
vn 0.18827669 0.88061329 -0.43482424
vn 0.18827669 0.88061329 -0.43482424
vn 0.17884090 0.89118571 -0.41689803
vn 0.17884090 0.89118571 -0.41689803
vn 0.17884090 0.89118571 -0.41689803
vn 0.52902404 0.81318749 -0.24261014
vn 0.52902404 0.81318749 -0.24261014
vn 0.52902404 0.81318749 -0.24261014
vn 0.13776669 0.85699385 -0.49657012
vn 0.13776669 0.85699385 -0.49657012
vn 0.13776669 0.85699385 -0.49657012
vn 0.17661649 0.89282282 -0.41433565
vn 0.17661649 0.89282282 -0.41433565
vn 0.17661649 0.89282282 -0.41433565
vn 0.15476402 0.85184778 -0.50040329
vn 0.15476402 0.85184778 -0.50040329
vn 0.15476402 0.85184778 -0.50040329
vn 0.52799671 0.80270698 -0.27727419
vn 0.52799671 0.80270698 -0.27727419
vn 0.52799671 0.80270698 -0.27727419
vn 0.36961558 0.92912142 -0.01084950
vn 0.36864696 0.92945878 -0.01434576
vn 0.36939776 0.92919851 -0.01163727
vn 0.16724105 0.89612512 -0.41108417
vn 0.16724105 0.89612512 -0.41108417
vn 0.16724105 0.89612512 -0.41108417
vn 0.11234389 0.87583325 -0.46935591
vn 0.11234389 0.87583325 -0.46935591
vn 0.11234389 0.87583325 -0.46935591
vn 0.14154404 0.89793166 -0.41675415
vn 0.14154404 0.89793166 -0.41675415
vn 0.14154404 0.89793166 -0.41675415
vn 0.12351558 0.86629479 -0.48402194
vn 0.12351558 0.86629479 -0.48402194
vn 0.12351558 0.86629479 -0.48402194
vn 0.11472876 0.86476019 -0.48890400
vn 0.11472876 0.86476019 -0.48890400
vn 0.11472876 0.86476019 -0.48890400
vn 0.13128679 0.89625848 -0.42365613
vn 0.13128679 0.89625848 -0.42365613
vn 0.13128679 0.89625848 -0.42365613
vn 0.31518055 0.94855977 0.02992644
vn 0.31518055 0.94855977 0.02992644
vn 0.31518055 0.94855977 0.02992644
vn 0.37018739 0.92891564 -0.00877710
vn 0.10862802 0.86507478 -0.48974031
vn 0.10862802 0.86507478 -0.48974031
vn 0.10862802 0.86507478 -0.48974031
vn 0.12949700 0.89559595 -0.42560360
vn 0.12949700 0.89559595 -0.42560360
vn 0.12949700 0.89559595 -0.42560360
vn 0.11193314 0.90467349 -0.41114091
vn 0.11193314 0.90467349 -0.41114091
vn 0.11193314 0.90467349 -0.41114091
vn 0.50609398 0.83315425 -0.22298630
vn 0.50566168 0.83343873 -0.22290390
vn 0.50510978 0.83380146 -0.22279865
vn 0.08395135 0.87436885 -0.47794485
vn 0.08395135 0.87436885 -0.47794485
vn 0.08395135 0.87436885 -0.47794485
vn 0.36100148 0.93224075 -0.02459924
vn 0.36100148 0.93224075 -0.02459924
vn 0.36100148 0.93224075 -0.02459924
vn 0.10575480 0.90601194 -0.40982714
vn 0.10575480 0.90601194 -0.40982714
vn 0.10575480 0.90601194 -0.40982714
vn 0.07321717 0.88183283 -0.46584344
vn 0.07307945 0.88181222 -0.46590408
vn 0.07084136 0.88147445 -0.46688789
vn 0.07444330 0.88201545 -0.46530307
vn 0.09360149 0.90606069 -0.41266547
vn 0.09360149 0.90606069 -0.41266547
vn 0.09360149 0.90606069 -0.41266547
vn 0.50646836 0.83290761 -0.22305764
vn 0.09649037 0.90281117 -0.41907231
vn 0.09649037 0.90281117 -0.41907231
vn 0.09649037 0.90281117 -0.41907231
vn 0.05480640 0.88231291 -0.46746142
vn 0.05480640 0.88231291 -0.46746142
vn 0.05480640 0.88231291 -0.46746142
vn 0.07302790 0.91547455 -0.39569340
vn 0.07302790 0.91547455 -0.39569340
vn 0.07302790 0.91547455 -0.39569340
vn 0.36088293 0.93227195 -0.02514991
vn 0.36088293 0.93227195 -0.02514991
vn 0.36088293 0.93227195 -0.02514991
vn 0.04292355 0.88606623 -0.46156712
vn 0.04292355 0.88606623 -0.46156712
vn 0.04292355 0.88606623 -0.46156712
vn 0.06459302 0.91706463 -0.39347199
vn 0.06459302 0.91706463 -0.39347199
vn 0.06459302 0.91706463 -0.39347199
vn 0.02914134 0.89627342 -0.44254349
vn 0.02911187 0.89626252 -0.44256750
vn 0.03110224 0.89699546 -0.44094422
vn 0.02851165 0.89604025 -0.44305637
vn -0.00265277 0.88805382 -0.45973185
vn -0.00265277 0.88805382 -0.45973185
vn -0.00265277 0.88805382 -0.45973185
vn 0.31536259 0.94752416 -0.05238699
vn 0.31536259 0.94752416 -0.05238699
vn 0.31536259 0.94752416 -0.05238699
vn 0.04253955 0.91582547 -0.39931703
vn 0.04258764 0.91583624 -0.39928720
vn 0.04183067 0.91566638 -0.39975653
vn 0.00551899 0.88865324 -0.45854656
vn 0.00551899 0.88865324 -0.45854656
vn 0.00551899 0.88865324 -0.45854656
vn 0.49972374 0.84294971 -0.19927866
vn 0.49971712 0.84295512 -0.19927234
vn 0.49909346 0.84346505 -0.19867669
vn 0.04285426 0.91589589 -0.39912181
vn 0.03740569 0.92224867 -0.38478333
vn 0.03740569 0.92224867 -0.38478333
vn 0.03740569 0.92224867 -0.38478333
vn 0.33601777 0.94165673 -0.01935616
vn 0.33601777 0.94165673 -0.01935616
vn 0.33601777 0.94165673 -0.01935616
vn 0.33363165 0.94142867 -0.04900996
vn 0.33363165 0.94142867 -0.04900996
vn 0.33363165 0.94142867 -0.04900996
vn -0.01169819 0.89298880 -0.44992683
vn -0.01169819 0.89298880 -0.44992683
vn -0.01169819 0.89298880 -0.44992683
vn 0.02998363 0.92640628 -0.37532972
vn 0.02998363 0.92640628 -0.37532972
vn 0.02998363 0.92640628 -0.37532972
vn -0.03328948 0.91130124 -0.41039232
vn -0.03264536 0.90992264 -0.41349131
vn -0.03337001 0.91150571 -0.40993143
vn 0.32381506 0.94543707 -0.03595217
vn 0.32381506 0.94543707 -0.03595217
vn 0.32381506 0.94543707 -0.03595217
vn 0.01603551 0.92964974 -0.36809541
vn 0.01603551 0.92964974 -0.36809541
vn 0.01603551 0.92964974 -0.36809541
vn -0.03354345 0.91184122 -0.40917040
vn 0.27228842 0.96214080 -0.01200407
vn 0.27228842 0.96214080 -0.01200407
vn 0.27228842 0.96214080 -0.01200407
vn -0.00354753 0.92967260 -0.36836976
vn -0.00354753 0.92967260 -0.36836976
vn -0.00354753 0.92967260 -0.36836976
vn 0.30275406 0.95204783 -0.04410117
vn 0.30275406 0.95204783 -0.04410117
vn 0.30275406 0.95204783 -0.04410117
vn -0.03354356 0.91182877 -0.40919814
vn -0.04169314 0.91149729 -0.40918745
vn -0.04169314 0.91149729 -0.40918745
vn -0.04169314 0.91149729 -0.40918745
vn -0.00564326 0.92938247 -0.36907503
vn -0.00564326 0.92938247 -0.36907503
vn -0.00564326 0.92938247 -0.36907503
vn -0.00726117 0.93566866 -0.35280510
vn -0.00726117 0.93566866 -0.35280510
vn -0.00726117 0.93566866 -0.35280510
vn -0.05470845 0.91338746 -0.40339848
vn -0.05470845 0.91338746 -0.40339848
vn -0.05470845 0.91338746 -0.40339848
vn -0.01453963 0.94207539 -0.33508591
vn -0.01453963 0.94207539 -0.33508591
vn -0.01453963 0.94207539 -0.33508591
vn -0.07213366 0.92151109 -0.38159408
vn -0.07292494 0.92302914 -0.37775543
vn -0.07219007 0.92161977 -0.38132086
vn -0.02064711 0.94400038 -0.32929769
vn -0.02064711 0.94400038 -0.32929769
vn -0.02064711 0.94400038 -0.32929769
vn -0.07170430 0.92068161 -0.38367156
vn 0.48704634 0.82968147 -0.27279024
vn 0.48704634 0.82968147 -0.27279024
vn 0.48704634 0.82968147 -0.27279024
vn 0.50045041 0.84235394 -0.19997305
vn -0.08237219 0.92100385 -0.38074496
vn -0.08237219 0.92100385 -0.38074496
vn -0.08237219 0.92100385 -0.38074496
vn -0.03685049 0.94305394 -0.33059237
vn -0.03685049 0.94305394 -0.33059237
vn -0.03685049 0.94305394 -0.33059237
vn -0.04546697 0.95393883 -0.29653577
vn -0.04546697 0.95393883 -0.29653577
vn -0.04546697 0.95393883 -0.29653577
vn 0.48080460 0.83858889 -0.25611639
vn 0.48080460 0.83858889 -0.25611639
vn 0.48080460 0.83858889 -0.25611639
vn 0.46809764 0.86283169 -0.19080379
vn 0.46809764 0.86283169 -0.19080379
vn 0.46809764 0.86283169 -0.19080379
vn 0.45296055 0.87069609 -0.19161173
vn 0.45296055 0.87069609 -0.19161173
vn 0.45296055 0.87069609 -0.19161173
vn -0.07103035 0.94507814 -0.31903292
vn -0.07103035 0.94507814 -0.31903292
vn -0.07103035 0.94507814 -0.31903292
vn 0.43692766 0.88627265 -0.15367177
vn 0.43692338 0.88627543 -0.15366789
vn 0.43837362 0.88532954 -0.15498442
vn 0.44718084 0.86075379 -0.24317117
vn 0.44718084 0.86075379 -0.24317117
vn 0.44718084 0.86075379 -0.24317117
vn 0.16528943 0.98570378 -0.03267193
vn 0.16528943 0.98570378 -0.03267193
vn 0.16528943 0.98570378 -0.03267193
vn 0.43543157 0.88724266 -0.15231482
vn 0.44168216 0.86998571 -0.21918426
vn 0.44168216 0.86998571 -0.21918426
vn 0.44168216 0.86998571 -0.21918426
vn -0.14773403 0.94988607 -0.27548342
vn -0.14772136 0.94988778 -0.27548432
vn -0.14780787 0.94987609 -0.27547822
vn -0.14911887 0.94988969 -0.27472375
vn -0.14911887 0.94988969 -0.27472375
vn -0.14911887 0.94988969 -0.27472375
vn 0.41042235 0.90025194 -0.14525817
vn 0.41042235 0.90025194 -0.14525817
vn 0.41042235 0.90025194 -0.14525817
vn 0.28638208 0.95739166 -0.03723601
vn 0.28638208 0.95739166 -0.03723601
vn 0.28638208 0.95739166 -0.03723601
vn 0.40837808 0.90316001 -0.13239842
vn 0.40837808 0.90316001 -0.13239842
vn 0.40837808 0.90316001 -0.13239842
vn 0.15701533 0.98745092 -0.01693711
vn 0.15701533 0.98745092 -0.01693711
vn 0.15701533 0.98745092 -0.01693711
vn 0.39049923 0.91376421 -0.11200588
vn 0.39049923 0.91376421 -0.11200588
vn 0.39049923 0.91376421 -0.11200588
vn 0.37406761 0.91057439 -0.17586274
vn 0.37406761 0.91057439 -0.17586274
vn 0.37406761 0.91057439 -0.17586274
vn 0.24703397 0.96838292 -0.03476684
vn 0.24703397 0.96838292 -0.03476684
vn 0.24703397 0.96838292 -0.03476684
vn 0.29065584 0.95621050 -0.03436085
vn 0.29065584 0.95621050 -0.03436085
vn 0.29065584 0.95621050 -0.03436085
vn 0.33417270 0.93690211 -0.10267927
vn 0.33417270 0.93690211 -0.10267927
vn 0.33417270 0.93690211 -0.10267927
vn -0.16638954 0.95609592 -0.24123664
vn -0.16547114 0.95723025 -0.23733849
vn -0.16770890 0.95574922 -0.24169641
vn 0.34064912 0.93471259 -0.10134374
vn 0.34064912 0.93471259 -0.10134374
vn 0.34064912 0.93471259 -0.10134374
vn -0.03113342 0.97829033 -0.20488715
vn -0.03113342 0.97829033 -0.20488715
vn -0.03113342 0.97829033 -0.20488715
vn -0.16836743 0.95521390 -0.24334915
vn 0.31472096 0.94645865 -0.07188000
vn 0.31472096 0.94645865 -0.07188000
vn 0.31472096 0.94645865 -0.07188000
vn 0.18384877 0.98048448 -0.06964062
vn 0.18384877 0.98048448 -0.06964062
vn 0.18384877 0.98048448 -0.06964062
vn 0.25201790 0.96747784 -0.02176239
vn 0.25201790 0.96747784 -0.02176239
vn 0.25201790 0.96747784 -0.02176239
vn -0.12022848 0.97097429 -0.20677048
vn -0.12022848 0.97097429 -0.20677048
vn -0.12022848 0.97097429 -0.20677048
vn 0.18908076 0.98131533 -0.03561876
vn 0.18924215 0.98129617 -0.03528793
vn 0.18898429 0.98132671 -0.03581648
vn -0.15428346 0.96267279 -0.22239092
vn -0.15428346 0.96267279 -0.22239092
vn -0.15428346 0.96267279 -0.22239092
vn -0.11472856 0.97341481 -0.19824471
vn -0.11489769 0.97369141 -0.19678302
vn -0.11468383 0.97334136 -0.19863084
vn 0.18931097 0.98128796 -0.03514685
vn 0.33316194 0.93327066 -0.13419763
vn 0.33316194 0.93327066 -0.13419763
vn 0.33316194 0.93327066 -0.13419763
vn 0.18089793 0.98302158 -0.03073309
vn 0.18253982 0.98258333 -0.03477383
vn 0.18253982 0.98258333 -0.03477383
vn 0.19612835 0.97962521 -0.04322173
vn 0.19612835 0.97962521 -0.04322173
vn 0.19612835 0.97962521 -0.04322173
vn -0.02700624 0.98211561 -0.18633193
vn -0.02700624 0.98211561 -0.18633193
vn -0.02700624 0.98211561 -0.18633193
vn 0.27004671 0.96241477 -0.02885464
vn 0.26785306 0.96307987 -0.02705383
vn 0.27198613 0.96181935 -0.03044812
vn -0.19802055 0.96125017 -0.19179667
vn -0.19943915 0.96098485 -0.19165630
vn -0.19646927 0.96153791 -0.19194966
vn -0.20019490 0.96084265 -0.19158134
vn 0.18121186 0.98321523 -0.02121497
vn 0.17970751 0.98352010 -0.01983485
vn 0.17970751 0.98352010 -0.01983485
vn 0.22172313 0.97434747 -0.03854684
vn 0.22172313 0.97434747 -0.03854684
vn 0.22172313 0.97434747 -0.03854684
vn -0.16668185 0.96790854 -0.18806974
vn -0.16668185 0.96790854 -0.18806974
vn -0.16668185 0.96790854 -0.18806974
vn 0.17916965 0.98346154 -0.02648833
vn 0.17916965 0.98346154 -0.02648833
vn -0.13713120 0.97617058 -0.16818453
vn -0.13770715 0.97608870 -0.16818914
vn -0.13659372 0.97624668 -0.16818018
vn 0.18247375 0.98316504 -0.00947836
vn 0.18247375 0.98316504 -0.00947836
vn 0.18247375 0.98316504 -0.00947836
vn 0.26567116 0.96373261 -0.02526429
vn -0.17256746 0.96422217 -0.20123639
vn -0.17256746 0.96422217 -0.20123639
vn -0.17256746 0.96422217 -0.20123639
vn 0.17333900 0.98461921 -0.02187706
vn 0.17333900 0.98461921 -0.02187706
vn 0.17333900 0.98461921 -0.02187706
vn 0.26310440 0.96445828 -0.02441922
vn 0.26310440 0.96445828 -0.02441922
vn 0.26310440 0.96445828 -0.02441922
vn -0.12102442 0.98666246 -0.10885900
vn -0.12102442 0.98666246 -0.10885900
vn -0.12102442 0.98666246 -0.10885900
vn -0.13799267 0.97604799 -0.16819140
vn -0.19900361 0.96317694 -0.18079754
vn -0.19900361 0.96317694 -0.18079754
vn -0.19900361 0.96317694 -0.18079754
vn 0.17958438 0.98352568 -0.02065657
vn 0.18145235 0.98316677 -0.02140441
vn -0.12448366 0.97747727 -0.17041713
vn -0.12448366 0.97747727 -0.17041713
vn -0.12448366 0.97747727 -0.17041713
vn 0.28097578 0.95738077 -0.06689298
vn 0.28097578 0.95738077 -0.06689298
vn 0.28097578 0.95738077 -0.06689298
vn -0.20141726 0.96395949 -0.17381943
vn -0.20141726 0.96395949 -0.17381943
vn -0.20141726 0.96395949 -0.17381943
vn 0.18913787 0.98167505 0.02325845
vn 0.18913787 0.98167505 0.02325845
vn 0.18913787 0.98167505 0.02325845
vn 0.18091722 0.98330734 -0.01938124
vn -0.13836514 0.98279486 -0.12234929
vn -0.13836514 0.98279486 -0.12234929
vn -0.13836514 0.98279486 -0.12234929
vn -0.19483245 0.96963810 -0.14779134
vn -0.19483245 0.96963810 -0.14779134
vn -0.19483245 0.96963810 -0.14779134
vn 0.17866643 0.98378282 -0.01580072
vn 0.17866643 0.98378282 -0.01580072
vn 0.17375707 0.98448233 -0.02455646
vn 0.17375707 0.98448233 -0.02455646
vn 0.17375707 0.98448233 -0.02455646
vn -0.12364813 0.98371327 -0.13045819
vn -0.12364813 0.98371327 -0.13045819
vn -0.12364813 0.98371327 -0.13045819
vn 0.06027505 0.99301629 -0.10141775
vn 0.06421140 0.99244849 -0.10451266
vn 0.06085751 0.99293388 -0.10187579
vn 0.16844110 0.98535641 -0.02646414
vn 0.16844110 0.98535641 -0.02646414
vn 0.16844110 0.98535641 -0.02646414
vn 0.17526513 0.98405376 -0.03033704
vn 0.17526513 0.98405376 -0.03033704
vn 0.17526513 0.98405376 -0.03033704
vn -0.18199675 0.97474985 -0.12938283
vn -0.18212385 0.97472907 -0.12936049
vn -0.18204340 0.97474222 -0.12937463
vn -0.18171010 0.97479664 -0.12943321
vn 0.14764911 0.98862898 -0.02850419
vn 0.15063993 0.98818792 -0.02814677
vn 0.14667108 0.98877117 -0.02862098
vn 0.16830241 0.98554485 -0.01938159
vn 0.16749234 0.98567586 -0.01973385
vn 0.16717884 0.98570967 -0.02068038
vn -0.19828363 0.97243961 -0.12265731
vn -0.19828363 0.97243961 -0.12265731
vn -0.19828363 0.97243961 -0.12265731
vn 0.16789390 0.98561877 -0.01916442
vn -0.15624158 0.98028563 -0.12094896
vn -0.15624158 0.98028563 -0.12094896
vn -0.15624158 0.98028563 -0.12094896
vn 0.27436377 0.95972688 -0.06040557
vn 0.27436377 0.95972688 -0.06040557
vn 0.27436377 0.95972688 -0.06040557
vn -0.14993276 0.98206501 -0.11431745
vn -0.14993276 0.98206501 -0.11431745
vn -0.14993276 0.98206501 -0.11431745
vn 0.16944635 0.98536058 -0.01877371
vn -0.21310721 0.97094106 -0.10889799
vn -0.21310721 0.97094106 -0.10889799
vn -0.21310721 0.97094106 -0.10889799
vn 0.18056911 0.98334374 -0.02073372
vn 0.17932019 0.98359434 -0.01965811
vn 0.17792653 0.98387064 -0.01845829
vn 0.15143287 0.98806942 -0.02805194
vn -0.13395800 0.98709661 -0.08772416
vn -0.13404835 0.98702191 -0.08842389
vn -0.13416834 0.98692184 -0.08935397
vn 0.18176773 0.98310056 -0.02176636
vn -0.22043473 0.97152401 -0.08688858
vn -0.22043473 0.97152401 -0.08688858
vn -0.22043473 0.97152401 -0.08688858
vn -0.13384267 0.98719117 -0.08683169
vn -0.22536937 0.96927253 -0.09858711
vn -0.22536937 0.96927253 -0.09858711
vn -0.22536937 0.96927253 -0.09858711
vn 0.16428964 0.98629681 0.01508373
vn 0.16428964 0.98629681 0.01508373
vn 0.16428964 0.98629681 0.01508373
vn -0.14078909 0.98697689 -0.07781426
vn -0.14078909 0.98697689 -0.07781426
vn -0.14078909 0.98697689 -0.07781426
vn -0.19532165 0.97865012 -0.06397960
vn -0.19546392 0.97861501 -0.06408207
vn -0.19529592 0.97865647 -0.06396108
vn 0.22261329 0.97464682 -0.02251451
vn 0.22261329 0.97464682 -0.02251451
vn 0.22261329 0.97464682 -0.02251451
vn 0.17497030 0.98425699 -0.02497140
vn 0.17497030 0.98425699 -0.02497140
vn 0.17497030 0.98425699 -0.02497140
vn -0.19525273 0.97866712 -0.06392997
vn -0.21162344 0.97612039 -0.04903579
vn -0.21162344 0.97612039 -0.04903579
vn -0.21162344 0.97612039 -0.04903579
vn 0.08971166 0.99516234 -0.04004679
vn 0.08759127 0.99545678 -0.03733041
vn 0.08808064 0.99538990 -0.03795725
vn -0.17136231 0.98335492 -0.06039919
vn -0.17136231 0.98335492 -0.06039919
vn -0.17136231 0.98335492 -0.06039919
vn -0.14791701 0.98803515 -0.04367043
vn -0.14791701 0.98803515 -0.04367043
vn -0.14791701 0.98803515 -0.04367043
vn 0.09052245 0.99504656 -0.04108571
vn 0.09661156 0.99403515 -0.05059965
vn 0.09611194 0.99397270 -0.05273301
vn 0.09611194 0.99397270 -0.05273301
vn -0.13448436 0.99075337 -0.01793665
vn -0.13448436 0.99075337 -0.01793665
vn -0.13448436 0.99075337 -0.01793665
vn 0.15757042 0.98677620 -0.03800380
vn 0.15757042 0.98677620 -0.03800380
vn 0.15757042 0.98677620 -0.03800380
vn 0.17342690 0.98462241 -0.02101955
vn 0.17342690 0.98462241 -0.02101955
vn 0.17342690 0.98462241 -0.02101955
vn -0.21701525 0.97600167 -0.01803096
vn -0.21615175 0.97621198 -0.01698821
vn -0.21800276 0.97575880 -0.01922404
vn -0.13571877 0.99015165 -0.03435305
vn -0.13571877 0.99015165 -0.03435305
vn -0.13571877 0.99015165 -0.03435305
vn -0.21863179 0.97560277 -0.01998432
vn -0.19968290 0.97979406 -0.01141689
vn -0.19968290 0.97979406 -0.01141689
vn -0.19968290 0.97979406 -0.01141689
vn -0.17971312 0.98366388 -0.01041953
vn -0.17971312 0.98366388 -0.01041953
vn -0.17971312 0.98366388 -0.01041953
vn 0.22902887 0.97217927 -0.04912488
vn 0.22902887 0.97217927 -0.04912488
vn 0.22902887 0.97217927 -0.04912488
vn 0.50218658 0.77796813 -0.37759001
vn 0.50218658 0.77796813 -0.37759001
vn 0.50218658 0.77796813 -0.37759001
vn 0.18866568 0.98201023 -0.00782155
vn 0.18866568 0.98201023 -0.00782155
vn 0.18866568 0.98201023 -0.00782155
vn 0.49004853 0.77550945 -0.39804213
vn 0.49004853 0.77550945 -0.39804213
vn 0.49004853 0.77550945 -0.39804213
vn 0.46858253 0.81890142 -0.33140742
vn 0.46858253 0.81890142 -0.33140742
vn 0.46858253 0.81890142 -0.33140742
vn 0.48458848 0.80516198 -0.34188914
vn 0.48458848 0.80516198 -0.34188914
vn 0.48458848 0.80516198 -0.34188914
vn 0.47676676 0.78013904 -0.40506362
vn 0.47676676 0.78013904 -0.40506362
vn 0.47676676 0.78013904 -0.40506362
vn 0.51394312 0.77073992 -0.37659320
vn 0.51394312 0.77073992 -0.37659320
vn 0.51394312 0.77073992 -0.37659320
vn 0.55773167 0.75940488 -0.33502181
vn 0.16065579 0.98665327 -0.02655245
vn 0.16065579 0.98665327 -0.02655245
vn 0.16065579 0.98665327 -0.02655245
vn 0.46304043 0.82824842 -0.31559169
vn 0.46304043 0.82824842 -0.31559169
vn 0.46304043 0.82824842 -0.31559169
vn 0.50623278 0.77509343 -0.37809859
vn 0.50623278 0.77509343 -0.37809859
vn 0.50623278 0.77509343 -0.37809859
vn 0.47175328 0.78824256 -0.39512341
vn 0.47175328 0.78824256 -0.39512341
vn 0.47175328 0.78824256 -0.39512341
vn 0.46562313 0.78625485 -0.40619997
vn 0.46562313 0.78625485 -0.40619997
vn 0.46562313 0.78625485 -0.40619997
vn 0.15885181 0.98709797 -0.02009255
vn 0.15885181 0.98709797 -0.02009255
vn 0.15885181 0.98709797 -0.02009255
vn 0.43118254 0.85229651 -0.29609504
vn 0.43118254 0.85229651 -0.29609504
vn 0.43118254 0.85229651 -0.29609504
vn 0.44927059 0.79085631 -0.41557459
vn 0.44927059 0.79085631 -0.41557459
vn 0.44927059 0.79085631 -0.41557459
vn 0.44010992 0.79443546 -0.41853979
vn 0.44010992 0.79443546 -0.41853979
vn 0.44010992 0.79443546 -0.41853979
vn 0.44578253 0.82173938 -0.35499624
vn 0.44578253 0.82173938 -0.35499624
vn 0.44578253 0.82173938 -0.35499624
vn 0.42488847 0.86522860 -0.26617525
vn 0.42488847 0.86522860 -0.26617525
vn 0.42488847 0.86522860 -0.26617525
vn 0.38477304 0.89721413 -0.21669453
vn 0.38477304 0.89721413 -0.21669453
vn 0.38477304 0.89721413 -0.21669453
vn 0.41500167 0.84292875 -0.34241018
vn 0.41500167 0.84292875 -0.34241018
vn 0.41500167 0.84292875 -0.34241018
vn 0.40480530 0.85668171 -0.31973289
vn 0.40480530 0.85668171 -0.31973289
vn 0.40480530 0.85668171 -0.31973289
vn 0.39822036 0.87393908 -0.27865936
vn 0.39822036 0.87393908 -0.27865936
vn 0.39822036 0.87393908 -0.27865936
vn 0.12823448 0.99128637 -0.03012071
vn 0.12823448 0.99128637 -0.03012071
vn 0.12823448 0.99128637 -0.03012071
vn 0.10407143 0.99401828 -0.03311790
vn 0.10407143 0.99401828 -0.03311790
vn 0.10407143 0.99401828 -0.03311790
vn 0.40282121 0.85883358 -0.31644897
vn 0.40282121 0.85883358 -0.31644897
vn 0.40282121 0.85883358 -0.31644897
vn 0.39904975 0.86189263 -0.31289038
vn 0.39904975 0.86189263 -0.31289038
vn 0.39904975 0.86189263 -0.31289038
vn 0.37069988 0.90813791 -0.19459480
vn 0.37069988 0.90813791 -0.19459480
vn 0.37069988 0.90813791 -0.19459480
vn 0.09380837 0.99513146 -0.03022186
vn 0.09332164 0.99518672 -0.02990766
vn 0.09442754 0.99506068 -0.03062157
vn 0.37135213 0.88647401 -0.27615472
vn 0.37135213 0.88647401 -0.27615472
vn 0.37135213 0.88647401 -0.27615472
vn 0.34694381 0.90364196 -0.25111989
vn 0.34694381 0.90364196 -0.25111989
vn 0.34694381 0.90364196 -0.25111989
vn 0.37098568 0.89099064 -0.26173518
vn 0.37098568 0.89099064 -0.26173518
vn 0.37098568 0.89099064 -0.26173518
vn 0.09258666 0.99526951 -0.02943323
vn 0.32757318 0.92529993 -0.19109122
vn 0.32757318 0.92529993 -0.19109122
vn 0.32757318 0.92529993 -0.19109122
vn 0.28832734 0.94454849 -0.15714799
vn 0.28813278 0.94466669 -0.15679396
vn 0.28819542 0.94462865 -0.15690794
vn 0.28835665 0.94453067 -0.15720134
vn 0.09354184 0.99490564 -0.03758575
vn 0.09354184 0.99490564 -0.03758575
vn 0.09354184 0.99490564 -0.03758575
vn 0.10353039 0.99438327 -0.02198571
vn 0.10353039 0.99438327 -0.02198571
vn 0.10353039 0.99438327 -0.02198571
vn 0.10895513 0.99322677 -0.04036528
vn 0.10895513 0.99322677 -0.04036528
vn 0.10895513 0.99322677 -0.04036528
vn 0.11911113 0.99276645 -0.01507716
vn 0.11911113 0.99276645 -0.01507716
vn 0.11911113 0.99276645 -0.01507716
vn 0.09926080 0.99504982 -0.00481157
vn 0.09926080 0.99504982 -0.00481157
vn 0.09926080 0.99504982 -0.00481157
vn 0.10288600 0.99451769 -0.01868236
vn 0.10288600 0.99451769 -0.01868236
vn 0.10288600 0.99451769 -0.01868236
vn 0.43087592 0.78530692 -0.44456607
vn 0.43087592 0.78530692 -0.44456607
vn 0.43087592 0.78530692 -0.44456607
vn 0.09609735 0.99504644 -0.02545354
vn 0.09609735 0.99504644 -0.02545354
vn 0.09609735 0.99504644 -0.02545354
vn 0.06096164 0.99812369 -0.00572524
vn 0.06096164 0.99812369 -0.00572524
vn 0.06096164 0.99812369 -0.00572524
vn 0.08698359 0.99530114 -0.04253827
vn 0.08698359 0.99530114 -0.04253827
vn 0.08698359 0.99530114 -0.04253827
vn 0.08375697 0.99642648 -0.01091057
vn 0.08375697 0.99642648 -0.01091057
vn 0.08375697 0.99642648 -0.01091057
vn 0.09676223 0.99529153 0.00564268
vn 0.09676223 0.99529153 0.00564268
vn 0.09676223 0.99529153 0.00564268
vn 0.10908132 0.99402753 -0.00324537
vn 0.10908132 0.99402753 -0.00324537
vn 0.10908132 0.99402753 -0.00324537
vn 0.09214842 0.99573380 -0.00478236
vn 0.09214842 0.99573380 -0.00478236
vn 0.09214842 0.99573380 -0.00478236
vn 0.10694641 0.99420009 -0.01134223
vn 0.10694641 0.99420009 -0.01134223
vn 0.10694641 0.99420009 -0.01134223
vn 0.76849961 0.63977606 -0.00974382
vn 0.76849961 0.63977606 -0.00974382
vn 0.76849961 0.63977606 -0.00974382
vn 0.76499247 0.64394199 -0.01119076
vn 0.76499247 0.64394199 -0.01119076
vn 0.76499247 0.64394199 -0.01119076
vn 0.28371391 0.94822387 -0.14275121
vn 0.28371391 0.94822387 -0.14275121
vn 0.28371391 0.94822387 -0.14275121
vn 0.26236995 0.95854192 -0.11117286
vn 0.26236995 0.95854192 -0.11117286
vn 0.26236995 0.95854192 -0.11117286
vn 0.73461198 0.67847072 -0.00476669
vn 0.73461198 0.67847072 -0.00476669
vn 0.73461198 0.67847072 -0.00476669
vn 0.72827749 0.68475791 -0.02680512
vn 0.72827749 0.68475791 -0.02680512
vn 0.72827749 0.68475791 -0.02680512
vn 0.44892460 0.78891228 -0.41962378
vn 0.44892460 0.78891228 -0.41962378
vn 0.44892460 0.78891228 -0.41962378
vn 0.74125649 0.67113864 -0.01057111
vn 0.74138040 0.67100056 -0.01064681
vn 0.74109241 0.67132138 -0.01047089
vn 0.74221949 0.67006395 -0.01115990
vn 0.72563975 0.68727532 -0.03316013
vn 0.72563975 0.68727532 -0.03316013
vn 0.72563975 0.68727532 -0.03316013
vn 0.76999737 0.63675736 -0.04054777
vn 0.76999737 0.63675736 -0.04054777
vn 0.76999737 0.63675736 -0.04054777
vn 0.72372184 0.68968620 -0.02365691
vn 0.72372184 0.68968620 -0.02365691
vn 0.72372184 0.68968620 -0.02365691
vn 0.75030993 0.65923202 -0.04947888
vn 0.75030993 0.65923202 -0.04947888
vn 0.75030993 0.65923202 -0.04947888
vn 0.21910859 0.97407905 -0.05622652
vn 0.21910859 0.97407905 -0.05622652
vn 0.21910859 0.97407905 -0.05622652
vn 0.23601158 0.96676029 -0.09835183
vn 0.23601158 0.96676029 -0.09835183
vn 0.23601158 0.96676029 -0.09835183
vn 0.84277690 0.53081491 -0.08923359
vn 0.84277690 0.53081491 -0.08923359
vn 0.84277690 0.53081491 -0.08923359
vn 0.39645218 0.84250100 -0.36471596
vn 0.39645218 0.84250100 -0.36471596
vn 0.39645218 0.84250100 -0.36471596
vn 0.73911611 0.67170844 -0.05015129
vn 0.73901242 0.67183047 -0.05004468
vn 0.73929972 0.67149222 -0.05034012
vn 0.41395010 0.79596819 -0.44167857
vn 0.41395010 0.79596819 -0.44167857
vn 0.41395010 0.79596819 -0.44167857
vn 0.73831675 0.67264769 -0.04933016
vn 0.72794651 0.68255802 -0.06487246
vn 0.72794651 0.68255802 -0.06487246
vn 0.72794651 0.68255802 -0.06487246
vn 0.22182216 0.97273992 -0.06761645
vn 0.22182216 0.97273992 -0.06761645
vn 0.22182216 0.97273992 -0.06761645
vn 0.72437703 0.68485552 -0.07906216
vn 0.72437703 0.68485552 -0.07906216
vn 0.72437703 0.68485552 -0.07906216
vn 0.74392680 0.66308174 -0.08303930
vn 0.74392680 0.66308174 -0.08303930
vn 0.74392680 0.66308174 -0.08303930
vn 0.18475986 0.98262263 -0.01779205
vn 0.18475986 0.98262263 -0.01779205
vn 0.18475986 0.98262263 -0.01779205
vn 0.72527106 0.68613951 -0.05651958
vn 0.72527106 0.68613951 -0.05651958
vn 0.72527106 0.68613951 -0.05651958
vn -0.09167546 0.93677533 -0.33770934
vn -0.09167546 0.93677533 -0.33770934
vn -0.09167546 0.93677533 -0.33770934
vn -0.02939229 0.94828607 -0.31605320
vn -0.02939229 0.94828607 -0.31605320
vn -0.02939229 0.94828607 -0.31605320
vn -0.06855553 0.92204299 -0.38096833
vn -0.06855553 0.92204299 -0.38096833
vn -0.06855553 0.92204299 -0.38096833
vn -0.02434384 0.96088907 -0.27586152
vn -0.02434384 0.96088907 -0.27586152
vn -0.02434384 0.96088907 -0.27586152
vn 0.74187362 0.66038328 -0.11626459
vn 0.74187362 0.66038328 -0.11626459
vn 0.74187362 0.66038328 -0.11626459
vn -0.11006492 0.93830093 -0.32783698
vn -0.11006492 0.93830093 -0.32783698
vn -0.11006492 0.93830093 -0.32783698
vn 0.73836073 0.67269606 -0.04799423
vn 0.73836073 0.67269606 -0.04799423
vn 0.73836073 0.67269606 -0.04799423
vn 0.39619721 0.83839059 -0.37433807
vn 0.39619721 0.83839059 -0.37433807
vn 0.39619721 0.83839059 -0.37433807
vn 0.72796776 0.67314216 -0.13016365
vn 0.72796776 0.67314216 -0.13016365
vn 0.72796776 0.67314216 -0.13016365
vn 0.70659094 0.70287530 -0.08182633
vn 0.70659094 0.70287530 -0.08182633
vn 0.70659094 0.70287530 -0.08182633
vn 0.38644579 0.88808132 -0.24894020
vn 0.38644579 0.88808132 -0.24894020
vn 0.38644579 0.88808132 -0.24894020
vn 0.71988544 0.68136245 -0.13232599
vn 0.71988544 0.68136245 -0.13232599
vn 0.71988544 0.68136245 -0.13232599
vn -0.02746902 0.96379359 -0.26523077
vn -0.02746902 0.96379359 -0.26523077
vn -0.02746902 0.96379359 -0.26523077
vn -0.17332494 0.93578226 -0.30703425
vn -0.17332494 0.93578226 -0.30703425
vn -0.17332494 0.93578226 -0.30703425
vn 0.69915711 0.70712595 -0.10560413
vn 0.69915711 0.70712595 -0.10560413
vn 0.69915711 0.70712595 -0.10560413
vn 0.69858305 0.70590089 -0.11698573
vn 0.69858305 0.70590089 -0.11698573
vn 0.69858305 0.70590089 -0.11698573
vn -0.14499661 0.93835525 -0.31379197
vn -0.14499661 0.93835525 -0.31379197
vn -0.14499661 0.93835525 -0.31379197
vn 0.70266732 0.70021089 -0.12634615
vn 0.70266732 0.70021089 -0.12634615
vn 0.70266732 0.70021089 -0.12634615
vn 0.70084483 0.70332964 -0.11892828
vn 0.70084483 0.70332964 -0.11892828
vn 0.70084483 0.70332964 -0.11892828
vn -0.14768341 0.94989290 -0.27548699
vn -0.15022011 0.94185464 -0.30057239
vn -0.15022011 0.94185464 -0.30057239
vn -0.15022011 0.94185464 -0.30057239
vn 0.69381124 0.70705500 -0.13674500
vn 0.69381124 0.70705500 -0.13674500
vn 0.69381124 0.70705500 -0.13674500
vn -0.08481086 0.96246603 -0.25781052
vn -0.08435019 0.96256981 -0.25757409
vn -0.08420284 0.96260295 -0.25749845
vn 0.72111060 0.66261959 -0.20232345
vn 0.72111060 0.66261959 -0.20232345
vn 0.72111060 0.66261959 -0.20232345
vn -0.06405123 0.96076593 -0.26986344
vn -0.06405123 0.96076593 -0.26986344
vn -0.06405123 0.96076593 -0.26986344
vn 0.37175724 0.84472007 -0.38502539
vn 0.37175724 0.84472007 -0.38502539
vn 0.37175724 0.84472007 -0.38502539
vn 0.38532637 0.79854378 -0.46244073
vn 0.38532637 0.79854378 -0.46244073
vn 0.38532637 0.79854378 -0.46244073
vn 0.39562083 0.80493569 -0.44222470
vn 0.39562083 0.80493569 -0.44222470
vn 0.39562083 0.80493569 -0.44222470
vn 0.68798980 0.70925625 -0.15370620
vn 0.68798980 0.70925625 -0.15370620
vn 0.68798980 0.70925625 -0.15370620
vn 0.68690701 0.70858809 -0.16143631
vn 0.68690701 0.70858809 -0.16143631
vn 0.68690701 0.70858809 -0.16143631
vn -0.01688093 0.97093333 -0.23875406
vn -0.01617527 0.97140796 -0.23686479
vn -0.01687414 0.97093792 -0.23873588
vn 0.37305755 0.84610715 -0.38069773
vn 0.37305755 0.84610715 -0.38069773
vn 0.37305755 0.84610715 -0.38069773
vn -0.01463901 0.97473568 -0.22288126
vn -0.01463901 0.97473568 -0.22288126
vn -0.01463901 0.97473568 -0.22288126
vn 0.67554880 0.70483655 -0.21642378
vn 0.67554880 0.70483655 -0.21642378
vn 0.67554880 0.70483655 -0.21642378
vn -0.16618947 0.95573828 -0.24278673
vn 0.39523024 0.79483493 -0.46046768
vn 0.39523024 0.79483493 -0.46046768
vn 0.39523024 0.79483493 -0.46046768
vn 0.67662994 0.70452628 -0.21404356
vn 0.67662994 0.70452628 -0.21404356
vn 0.67662994 0.70452628 -0.21404356
vn -0.01868508 0.97454649 -0.22340546
vn -0.01868508 0.97454649 -0.22340546
vn -0.01868508 0.97454649 -0.22340546
vn 0.67558084 0.71829235 -0.16627273
vn 0.67558084 0.71829235 -0.16627273
vn 0.67558084 0.71829235 -0.16627273
vn 0.34247697 0.85361795 -0.39248685
vn 0.34325318 0.85360565 -0.39183497
vn 0.34486196 0.85357735 -0.39048166
vn -0.06903362 0.97046670 -0.23114659
vn -0.06903362 0.97046670 -0.23114659
vn -0.06903362 0.97046670 -0.23114659
vn 0.35088826 0.81049842 -0.46900932
vn 0.35088826 0.81049842 -0.46900932
vn 0.35088826 0.81049842 -0.46900932
vn 0.35904315 0.81416726 -0.45631096
vn 0.35904315 0.81416726 -0.45631096
vn 0.35904315 0.81416726 -0.45631096
vn 0.65036378 0.74347787 -0.15578065
vn 0.65164481 0.74236342 -0.15574209
vn 0.65239258 0.74171113 -0.15571935
vn 0.64960644 0.74413495 -0.15580321
vn 0.03097910 0.97867752 -0.20305322
vn 0.03097910 0.97867752 -0.20305322
vn 0.03097910 0.97867752 -0.20305322
vn 0.33751006 0.85638314 -0.39076191
vn 0.33751006 0.85638314 -0.39076191
vn 0.33751006 0.85638314 -0.39076191
vn 0.02662009 0.97750881 -0.20920776
vn 0.02662009 0.97750881 -0.20920776
vn 0.02662009 0.97750881 -0.20920776
vn 0.34163226 0.85363032 -0.39319546
vn 0.65155330 0.71986456 -0.23931841
vn 0.65155330 0.71986456 -0.23931841
vn 0.65155330 0.71986456 -0.23931841
vn 0.65260756 0.72269022 -0.22764494
vn 0.65260756 0.72269022 -0.22764494
vn 0.65260756 0.72269022 -0.22764494
vn 0.33342314 0.81487193 -0.47414423
vn 0.33342314 0.81487193 -0.47414423
vn 0.33342314 0.81487193 -0.47414423
vn 0.32744304 0.92383405 -0.19827178
vn 0.32744304 0.92383405 -0.19827178
vn 0.32744304 0.92383405 -0.19827178
vn -0.08658976 0.97907367 -0.18416558
vn -0.09067759 0.97868145 -0.18428293
vn -0.08904603 0.97883999 -0.18423646
vn 0.64095906 0.72264758 -0.25875075
vn 0.64095906 0.72264758 -0.25875075
vn 0.64095906 0.72264758 -0.25875075
vn -0.11460554 0.97321253 -0.19930616
vn -0.09256970 0.97835240 -0.18508762
vn -0.09256970 0.97835240 -0.18508762
vn -0.09256970 0.97835240 -0.18508762
vn 0.03021762 0.98742585 -0.15516793
vn 0.03021762 0.98742585 -0.15516793
vn 0.03021762 0.98742585 -0.15516793
vn 0.32130619 0.86338923 -0.38900048
vn 0.32132633 0.86338551 -0.38899209
vn 0.32255820 0.86315734 -0.38847858
vn 0.64089494 0.74885622 -0.16872474
vn 0.64089494 0.74885622 -0.16872474
vn 0.64089494 0.74885622 -0.16872474
vn -0.08539711 0.97918496 -0.18413076
vn -0.07922035 0.98089898 -0.17765508
vn -0.07922035 0.98089898 -0.17765508
vn -0.07922035 0.98089898 -0.17765508
vn 0.62461722 0.73424712 -0.26595957
vn 0.62461722 0.73424712 -0.26595957
vn 0.62461722 0.73424712 -0.26595957
vn 0.63424506 0.74787855 -0.19598694
vn 0.63424506 0.74787855 -0.19598694
vn 0.63424506 0.74787855 -0.19598694
vn 0.31718075 0.93243348 -0.17310165
vn 0.31718075 0.93243348 -0.17310165
vn 0.31718075 0.93243348 -0.17310165
vn 0.61917895 0.76085586 -0.19420554
vn 0.61917895 0.76085586 -0.19420554
vn 0.61917895 0.76085586 -0.19420554
vn -0.03821297 0.98655732 -0.15888496
vn -0.03821297 0.98655732 -0.15888496
vn -0.03821297 0.98655732 -0.15888496
vn 0.60639057 0.76913190 -0.20180834
vn 0.60639057 0.76913190 -0.20180834
vn 0.60639057 0.76913190 -0.20180834
vn 0.32010112 0.86361077 -0.38950187
vn -0.04826763 0.98576299 -0.16106386
vn -0.04826763 0.98576299 -0.16106386
vn -0.04826763 0.98576299 -0.16106386
vn 0.01063530 0.98852044 -0.15071241
vn 0.01063530 0.98852044 -0.15071241
vn 0.01063530 0.98852044 -0.15071241
vn 0.05037179 0.99026159 -0.12978701
vn 0.05037179 0.99026159 -0.12978701
vn 0.05037179 0.99026159 -0.12978701
vn 0.30699607 0.82839155 -0.46853052
vn 0.30733582 0.82872366 -0.46771977
vn 0.30702508 0.82841993 -0.46846132
vn 0.30615195 0.82756442 -0.47054024
vn 0.07123127 0.99221915 -0.10211394
vn 0.07123127 0.99221915 -0.10211394
vn 0.07123127 0.99221915 -0.10211394
vn 0.67879957 0.55965026 -0.47541848
vn 0.67879957 0.55965026 -0.47541848
vn 0.67879957 0.55965026 -0.47541848
vn 0.59932311 0.75651446 -0.26172063
vn 0.59932311 0.75651446 -0.26172063
vn 0.59932311 0.75651446 -0.26172063
vn 0.29598340 0.85811418 -0.41956392
vn 0.29633586 0.85811127 -0.41932099
vn 0.29528267 0.85754067 -0.42122695
vn 0.60026792 0.76779351 -0.22399007
vn 0.60026792 0.76779351 -0.22399007
vn 0.60026792 0.76779351 -0.22399007
vn 0.30296348 0.82614596 -0.47507472
vn 0.30296348 0.82614596 -0.47507472
vn 0.30296348 0.82614596 -0.47507472
vn 0.11165535 0.99194726 -0.05978051
vn 0.11165535 0.99194726 -0.05978051
vn 0.11165535 0.99194726 -0.05978051
vn 0.09640289 0.99199203 -0.08159834
vn 0.09640289 0.99199203 -0.08159834
vn 0.09640289 0.99199203 -0.08159834
vn 0.00176842 0.99245301 -0.12261280
vn 0.00176842 0.99245301 -0.12261280
vn 0.00176842 0.99245301 -0.12261280
vn 0.64940696 0.64363112 -0.40498096
vn 0.64940696 0.64363112 -0.40498096
vn 0.64940696 0.64363112 -0.40498096
vn 0.23021347 0.89902742 0.37249356
vn 0.23021347 0.89902742 0.37249356
vn 0.23021347 0.89902742 0.37249356
vn 0.05653979 0.99353158 -0.09847968
vn 0.05967530 0.99518330 -0.07777565
vn 0.05967530 0.99518330 -0.07777565
vn 0.05967530 0.99518330 -0.07777565
vn 0.11523756 0.99202224 -0.05110947
vn 0.11523756 0.99202224 -0.05110947
vn 0.11523756 0.99202224 -0.05110947
vn 0.58762973 0.76094746 -0.27504594
vn 0.58762973 0.76094746 -0.27504594
vn 0.58762973 0.76094746 -0.27504594
vn 0.58171133 0.75890457 -0.29270427
vn 0.58171133 0.75890457 -0.29270427
vn 0.58171133 0.75890457 -0.29270427
vn 0.09726191 0.99410937 -0.04781931
vn 0.09726191 0.99410937 -0.04781931
vn 0.24895690 0.96538198 0.07783378
vn 0.24895690 0.96538198 0.07783378
vn 0.24895690 0.96538198 0.07783378
vn 0.29657431 0.85824359 -0.41888140
vn 0.29722420 0.85782565 -0.41927667
vn 0.28128758 0.82508525 -0.49001187
vn 0.28128758 0.82508525 -0.49001187
vn 0.28128758 0.82508525 -0.49001187
vn -0.12730074 0.99088801 -0.04399398
vn -0.12730074 0.99088801 -0.04399398
vn -0.12730074 0.99088801 -0.04399398
vn -0.09803213 0.93616854 -0.33760654
vn -0.09803213 0.93616854 -0.33760654
vn -0.09803213 0.93616854 -0.33760654
vn -0.11553371 0.94432240 -0.30807007
vn -0.11553371 0.94432240 -0.30807007
vn -0.11553371 0.94432240 -0.30807007
vn -0.03198535 0.96485277 -0.26083723
vn -0.03198535 0.96485277 -0.26083723
vn -0.03198535 0.96485277 -0.26083723
vn -0.01755148 0.97047841 -0.24054855
vn -0.11913063 0.95955990 -0.25505430
vn -0.11913063 0.95955990 -0.25505430
vn -0.11913063 0.95955990 -0.25505430
vn -0.08389605 0.96267185 -0.25734095
vn 0.44943487 0.46712647 0.76144676
vn 0.44943487 0.46712647 0.76144676
vn 0.44943487 0.46712647 0.76144676
vn 0.49058468 0.25623006 0.83287023
vn 0.49058468 0.25623006 0.83287023
vn 0.49058468 0.25623006 0.83287023
vn 0.53229203 0.42734437 0.73078176
vn 0.53229203 0.42734437 0.73078176
vn 0.53229203 0.42734437 0.73078176
vn 0.52638810 0.44352658 0.72539627
vn 0.52638810 0.44352658 0.72539627
vn 0.52638810 0.44352658 0.72539627
vn 0.54187575 0.46565153 0.69967087
vn 0.54187575 0.46565153 0.69967087
vn 0.54187575 0.46565153 0.69967087
vn 0.55617269 0.41763190 0.71850925
vn 0.55617269 0.41763190 0.71850925
vn 0.55617269 0.41763190 0.71850925
vn 0.58141875 0.38632391 0.71603497
vn 0.58141875 0.38632391 0.71603497
vn 0.58141875 0.38632391 0.71603497
vn 0.57518542 0.52492425 0.62738844
vn 0.57518542 0.52492425 0.62738844
vn 0.57518542 0.52492425 0.62738844
vn 0.58423381 0.51276165 0.62908374
vn 0.58423381 0.51276165 0.62908374
vn 0.58423381 0.51276165 0.62908374
vn 0.58393089 0.56931659 0.57870833
vn 0.58393089 0.56931659 0.57870833
vn 0.58393089 0.56931659 0.57870833
vn 0.64073508 0.41314238 0.64712590
vn 0.64339676 0.41125624 0.64568484
vn 0.64198496 0.41225806 0.64645078
vn 0.62606258 0.54665117 0.55607387
vn 0.62606258 0.54665117 0.55607387
vn 0.62606258 0.54665117 0.55607387
vn 0.68829362 0.05700510 0.72318899
vn 0.68829362 0.05700510 0.72318899
vn 0.68829362 0.05700510 0.72318899
vn 0.71315430 0.18249213 0.67683644
vn 0.71315430 0.18249213 0.67683644
vn 0.71315430 0.18249213 0.67683644
vn 0.72561999 0.16033447 0.66915506
vn 0.72561999 0.16033447 0.66915506
vn 0.72561999 0.16033447 0.66915506
vn 0.67293467 -0.06934659 0.73644415
vn 0.67293467 -0.06934659 0.73644415
vn 0.67293467 -0.06934659 0.73644415
vn 0.69490045 0.51479248 0.50209768
vn 0.69490045 0.51479248 0.50209768
vn 0.69490045 0.51479248 0.50209768
vn -0.16890038 0.53130973 0.83017024
vn -0.16890038 0.53130973 0.83017024
vn -0.16890038 0.53130973 0.83017024
vn -0.24504490 0.38413768 0.89016360
vn -0.24504490 0.38413768 0.89016360
vn -0.24504490 0.38413768 0.89016360
vn 0.71933748 0.21126748 0.66175496
vn 0.71933748 0.21126748 0.66175496
vn 0.71933748 0.21126748 0.66175496
vn -0.08775517 0.43250074 0.89735285
vn -0.08775517 0.43250074 0.89735285
vn -0.08775517 0.43250074 0.89735285
vn -0.03813662 0.53085595 0.84660354
vn -0.04275705 0.52816055 0.84806737
vn -0.04471295 0.52701442 0.84867930
vn 0.73654718 0.36774680 0.56767996
vn 0.73654718 0.36774680 0.56767996
vn 0.73654718 0.36774680 0.56767996
vn 0.74236271 0.31146155 0.59320259
vn 0.74236271 0.31146155 0.59320259
vn 0.74236271 0.31146155 0.59320259
vn 0.75286041 0.36627561 0.54684859
vn 0.75133843 0.36986413 0.54652638
vn 0.75324507 0.36536344 0.54692909
vn 0.75092066 0.37084346 0.54643691
vn 0.75865976 0.19686017 0.62103256
vn 0.75865976 0.19686017 0.62103256
vn 0.75865976 0.19686017 0.62103256
vn 0.78317145 0.32713868 0.52879368
vn 0.78317145 0.32713868 0.52879368
vn 0.78317145 0.32713868 0.52879368
vn 0.78594473 0.31176369 0.53394221
vn 0.78594473 0.31176369 0.53394221
vn 0.78594473 0.31176369 0.53394221
vn 0.79154873 0.42810459 0.43609295
vn 0.79154873 0.42810459 0.43609295
vn 0.79154873 0.42810459 0.43609295
vn 0.92022067 0.20625519 0.33264504
vn 0.92022067 0.20625519 0.33264504
vn 0.92022067 0.20625519 0.33264504
vn 0.91330668 0.23999822 0.32904674
vn 0.91330668 0.23999822 0.32904674
vn 0.91330668 0.23999822 0.32904674
vn 0.81228278 0.36870101 0.45194718
vn 0.81155686 0.36957617 0.45253610
vn 0.81154799 0.36952279 0.45259560
vn 0.81358828 0.36642335 0.45145104
vn 0.81437249 0.36501901 0.45117465
vn 0.81891247 0.41451221 0.39694080
vn 0.81891247 0.41451221 0.39694080
vn 0.81891247 0.41451221 0.39694080
vn -0.85120422 0.52461357 0.01523084
vn -0.85120422 0.52461357 0.01523084
vn -0.85120422 0.52461357 0.01523084
vn -0.67424243 0.73643767 0.05528742
vn -0.67424243 0.73643767 0.05528742
vn -0.67424243 0.73643767 0.05528742
vn 0.84838222 0.42067912 0.32136692
vn 0.84838222 0.42067912 0.32136692
vn 0.84838222 0.42067912 0.32136692
vn 0.89309995 0.21923026 0.39282384
vn 0.89309995 0.21923026 0.39282384
vn 0.89309995 0.21923026 0.39282384
vn -0.70131106 0.71264781 0.01720158
vn -0.70131106 0.71264781 0.01720158
vn -0.70131106 0.71264781 0.01720158
vn 0.93459995 0.24418933 0.25863971
vn 0.93459995 0.24418933 0.25863971
vn 0.93459995 0.24418933 0.25863971
vn -0.74935629 0.66036210 0.04885734
vn -0.74935629 0.66036210 0.04885734
vn -0.74935629 0.66036210 0.04885734
vn 0.93116651 0.31920934 0.17616562
vn 0.93116651 0.31920934 0.17616562
vn 0.93116651 0.31920934 0.17616562
vn -0.72291593 0.68778567 0.06590472
vn -0.72328540 0.68735486 0.06634408
vn -0.72279880 0.68792209 0.06576551
vn -0.72340941 0.68721007 0.06649165
vn -0.82345136 0.55965876 0.09332701
vn -0.82345136 0.55965876 0.09332701
vn -0.82345136 0.55965876 0.09332701
vn 0.96590421 0.21064416 0.15052606
vn 0.96590421 0.21064416 0.15052606
vn 0.96590421 0.21064416 0.15052606
vn -0.62000930 0.77956968 0.08865428
vn -0.62000930 0.77956968 0.08865428
vn -0.62000930 0.77956968 0.08865428
vn 0.96488276 0.23745494 0.11232277
vn 0.96488276 0.23745494 0.11232277
vn 0.96488276 0.23745494 0.11232277
vn 0.97837765 0.16323698 0.12700734
vn 0.97837765 0.16323698 0.12700734
vn 0.97837765 0.16323698 0.12700734
vn -0.82643433 0.55131204 0.11428619
vn -0.82643433 0.55131204 0.11428619
vn -0.82643433 0.55131204 0.11428619
vn -0.64460695 0.75778065 0.10124409
vn -0.64460695 0.75778065 0.10124409
vn -0.64460695 0.75778065 0.10124409
vn -0.74809993 0.65175539 0.12474537
vn -0.74809993 0.65175539 0.12474537
vn -0.74809993 0.65175539 0.12474537
vn 0.96771618 0.24192693 0.07068781
vn 0.96771618 0.24192693 0.07068781
vn 0.96771618 0.24192693 0.07068781
vn -0.75827506 0.63647543 0.14113098
vn -0.75827506 0.63647543 0.14113098
vn -0.75827506 0.63647543 0.14113098
vn 0.95585116 0.28296780 0.07923249
vn 0.95585116 0.28296780 0.07923249
vn 0.95585116 0.28296780 0.07923249
vn -0.79165432 0.59800767 0.12518090
vn -0.79165432 0.59800767 0.12518090
vn -0.79165432 0.59800767 0.12518090
vn 0.94136169 0.33297291 0.05447206
vn 0.94136169 0.33297291 0.05447206
vn 0.94136169 0.33297291 0.05447206
vn -0.79523159 0.58366575 0.16413715
vn -0.79523159 0.58366575 0.16413715
vn -0.79523159 0.58366575 0.16413715
vn 0.95758110 0.28439185 0.04647266
vn 0.95758110 0.28439185 0.04647266
vn 0.95758110 0.28439185 0.04647266
vn 0.95599797 0.29000073 0.04435591
vn 0.95599797 0.29000073 0.04435591
vn 0.95599797 0.29000073 0.04435591
vn -0.78602016 0.58304081 0.20551331
vn -0.78602016 0.58304081 0.20551331
vn -0.78602016 0.58304081 0.20551331
vn 0.99738217 0.07026240 0.01708793
vn 0.99738217 0.07026240 0.01708793
vn 0.99738217 0.07026240 0.01708793
vn -0.61835550 0.78589261 -0.00304629
vn -0.61835550 0.78589261 -0.00304629
vn -0.61835550 0.78589261 -0.00304629
vn -0.46779055 0.84835586 0.24792002
vn -0.46779055 0.84835586 0.24792002
vn -0.46779055 0.84835586 0.24792002
vn -0.60932060 0.72347254 0.32452410
vn -0.60932060 0.72347254 0.32452410
vn -0.60932060 0.72347254 0.32452410
vn -0.60087138 0.78749418 0.13713683
vn -0.60087138 0.78749418 0.13713683
vn -0.60087138 0.78749418 0.13713683
vn -0.64527398 0.74444243 0.17154290
vn -0.64527398 0.74444243 0.17154290
vn -0.64527398 0.74444243 0.17154290
vn -0.57550980 0.75366585 0.31745276
vn -0.57550980 0.75366585 0.31745276
vn -0.57550980 0.75366585 0.31745276
vn -0.59405305 0.72835392 0.34146969
vn -0.59405305 0.72835392 0.34146969
vn -0.59405305 0.72835392 0.34146969
vn -0.61115883 0.72208967 0.32414716
vn -0.61115883 0.72208967 0.32414716
vn -0.61115883 0.72208967 0.32414716
vn -0.73044347 0.64578095 0.22230453
vn -0.73044347 0.64578095 0.22230453
vn -0.73044347 0.64578095 0.22230453
vn -0.71500636 0.66619025 0.21202936
vn -0.71500636 0.66619025 0.21202936
vn -0.71500636 0.66619025 0.21202936
vn -0.55476859 0.73932689 0.38161179
vn -0.55407408 0.74043877 0.38046333
vn -0.55492954 0.73906852 0.38187817
vn -0.49796251 0.84694639 0.18632004
vn -0.49796251 0.84694639 0.18632004
vn -0.49796251 0.84694639 0.18632004
vn -0.59905791 0.75986431 0.25245961
vn -0.59905791 0.75986431 0.25245961
vn -0.59905791 0.75986431 0.25245961
vn -0.53875989 0.74919345 0.38528814
vn -0.53875989 0.74919345 0.38528814
vn -0.53875989 0.74919345 0.38528814
vn -0.61499955 0.74708388 0.25227213
vn -0.61499955 0.74708388 0.25227213
vn -0.61499955 0.74708388 0.25227213
vn -0.61909695 0.64014653 0.45489711
vn -0.61909695 0.64014653 0.45489711
vn -0.61909695 0.64014653 0.45489711
vn -0.70999116 0.64397070 0.28498122
vn -0.70999116 0.64397070 0.28498122
vn -0.70999116 0.64397070 0.28498122
vn -0.54956939 0.70819413 0.44320939
vn -0.54956939 0.70819413 0.44320939
vn -0.54956939 0.70819413 0.44320939
vn -0.74653584 0.58462845 0.31763787
vn -0.74653584 0.58462845 0.31763787
vn -0.74653584 0.58462845 0.31763787
vn -0.60509959 0.73373219 0.30901708
vn -0.60509959 0.73373219 0.30901708
vn -0.60509959 0.73373219 0.30901708
vn -0.67978394 0.61978456 0.39212357
vn -0.67978394 0.61978456 0.39212357
vn -0.67978394 0.61978456 0.39212357
vn -0.55391576 0.74069154 0.38020176
vn -0.50459736 0.72597442 0.46727149
vn -0.50459736 0.72597442 0.46727149
vn -0.50459736 0.72597442 0.46727149
vn -0.75570070 0.40958934 0.51103134
vn -0.75570070 0.40958934 0.51103134
vn -0.75570070 0.40958934 0.51103134
vn -0.33661873 0.85484266 0.39488208
vn -0.33661873 0.85484266 0.39488208
vn -0.33661873 0.85484266 0.39488208
vn -0.64365016 0.53958839 0.54273275
vn -0.64365016 0.53958839 0.54273275
vn -0.64365016 0.53958839 0.54273275
vn -0.66137828 0.52920104 0.53153084
vn -0.66137828 0.52920104 0.53153084
vn -0.66137828 0.52920104 0.53153084
vn -0.47214827 0.74620358 0.46931463
vn -0.47214827 0.74620358 0.46931463
vn -0.47214827 0.74620358 0.46931463
vn -0.61667495 0.52845792 0.58347599
vn -0.61667495 0.52845792 0.58347599
vn -0.61667495 0.52845792 0.58347599
vn -0.46751305 0.73755321 0.48728514
vn -0.46751305 0.73755321 0.48728514
vn -0.46751305 0.73755321 0.48728514
vn -0.31470075 0.84666126 0.42910156
vn -0.31470075 0.84666126 0.42910156
vn -0.31470075 0.84666126 0.42910156
vn -0.33250825 0.83078280 0.44636107
vn -0.33250825 0.83078280 0.44636107
vn -0.33250825 0.83078280 0.44636107
vn -0.42261409 0.71334604 0.55904809
vn -0.42261409 0.71334604 0.55904809
vn -0.42261409 0.71334604 0.55904809
vn -0.47353983 0.69689017 0.53861314
vn -0.47353983 0.69689017 0.53861314
vn -0.47353983 0.69689017 0.53861314
vn -0.52784510 0.53172551 0.66230471
vn -0.52784510 0.53172551 0.66230471
vn -0.52784510 0.53172551 0.66230471
vn -0.53939698 0.51489057 0.66628718
vn -0.53939698 0.51489057 0.66628718
vn -0.53939698 0.51489057 0.66628718
vn -0.30493919 0.82604057 0.47399269
vn -0.30493919 0.82604057 0.47399269
vn -0.30493919 0.82604057 0.47399269
vn -0.52042763 0.52681021 0.67203131
vn -0.52042763 0.52681021 0.67203131
vn -0.52042763 0.52681021 0.67203131
vn -0.42093022 0.61031016 0.67107321
vn -0.42093022 0.61031016 0.67107321
vn -0.42093022 0.61031016 0.67107321
vn -0.44217424 0.60790809 0.65949200
vn -0.44217424 0.60790809 0.65949200
vn -0.44217424 0.60790809 0.65949200
vn -0.34764427 0.75298920 0.55870450
vn -0.34764427 0.75298920 0.55870450
vn -0.34764427 0.75298920 0.55870450
vn -0.36150537 0.67141739 0.64692546
vn -0.36150537 0.67141739 0.64692546
vn -0.36150537 0.67141739 0.64692546
vn -0.33684949 0.66923397 0.66231286
vn -0.33684949 0.66923397 0.66231286
vn -0.33684949 0.66923397 0.66231286
vn -0.34513513 0.61257036 0.71108319
vn -0.34513513 0.61257036 0.71108319
vn -0.34513513 0.61257036 0.71108319
vn -0.53685155 0.45810055 0.70847322
vn -0.53685155 0.45810055 0.70847322
vn -0.53685155 0.45810055 0.70847322
vn -0.31671636 0.62282745 0.71538571
vn -0.31671636 0.62282745 0.71538571
vn -0.31671636 0.62282745 0.71538571
vn -0.29231487 0.64366471 0.70728195
vn -0.29231487 0.64366471 0.70728195
vn -0.29231487 0.64366471 0.70728195
vn -0.24377486 0.61011256 0.75388095
vn -0.24377486 0.61011256 0.75388095
vn -0.24377486 0.61011256 0.75388095
vn -0.33460269 0.72526868 0.60168628
vn -0.33460269 0.72526868 0.60168628
vn -0.33460269 0.72526868 0.60168628
vn -0.06594566 0.73174489 0.67838086
vn -0.06594566 0.73174489 0.67838086
vn -0.06594566 0.73174489 0.67838086
vn -0.31559855 0.69152891 0.64975789
vn -0.31559855 0.69152891 0.64975789
vn -0.31559855 0.69152891 0.64975789
vn -0.07143337 0.55530724 0.82857175
vn -0.07143337 0.55530724 0.82857175
vn -0.07143337 0.55530724 0.82857175
vn -0.11292817 0.59115360 0.79861420
vn -0.11292817 0.59115360 0.79861420
vn -0.11292817 0.59115360 0.79861420
vn -0.12137014 0.49573975 0.85994848
vn -0.12137014 0.49573975 0.85994848
vn -0.12137014 0.49573975 0.85994848
vn -0.00608404 0.49952123 0.86628028
vn -0.00608404 0.49952123 0.86628028
vn -0.00608404 0.49952123 0.86628028
vn -0.28833070 0.65719212 0.69639352
vn -0.28833070 0.65719212 0.69639352
vn -0.28833070 0.65719212 0.69639352
vn 0.06858042 0.51620585 0.85371438
vn 0.06858042 0.51620585 0.85371438
vn 0.06858042 0.51620585 0.85371438
vn 0.12340326 0.44684120 0.88606127
vn 0.12340326 0.44684120 0.88606127
vn 0.12340326 0.44684120 0.88606127
vn 0.15190325 0.41668005 0.89627180
vn 0.15190325 0.41668005 0.89627180
vn 0.15190325 0.41668005 0.89627180
vn 0.19888349 0.52804514 0.82559898
vn 0.19888349 0.52804514 0.82559898
vn 0.19888349 0.52804514 0.82559898
vn -0.19934501 0.71256888 0.67268652
vn -0.19934501 0.71256888 0.67268652
vn -0.19934501 0.71256888 0.67268652
vn -0.22884210 0.65449191 0.72060504
vn -0.22884210 0.65449191 0.72060504
vn -0.22884210 0.65449191 0.72060504
vn -0.23626366 0.56869518 0.78788659
vn -0.23626366 0.56869518 0.78788659
vn -0.23626366 0.56869518 0.78788659
vn -0.23280431 0.57278888 0.78594850
vn -0.23280431 0.57278888 0.78594850
vn -0.23280431 0.57278888 0.78594850
vn 0.45586299 0.46242552 0.76049429
vn 0.45586299 0.46242552 0.76049429
vn 0.45586299 0.46242552 0.76049429
vn 0.51317415 0.43413787 0.74038950
vn 0.51317415 0.43413787 0.74038950
vn 0.51317415 0.43413787 0.74038950
vn 0.63934665 0.41412190 0.64787261
vn -0.11442675 0.49422112 0.86177260
vn -0.11442675 0.49422112 0.86177260
vn -0.11442675 0.49422112 0.86177260
vn -0.11729644 0.44752244 0.88654679
vn -0.11729644 0.44752244 0.88654679
vn -0.11729644 0.44752244 0.88654679
vn 0.71532477 0.39304951 0.57777380
vn 0.71532477 0.39304951 0.57777380
vn 0.71532477 0.39304951 0.57777380
vn -0.03623189 0.53196216 0.84599262
vn -0.02934820 0.46884135 0.88279469
vn -0.02934820 0.46884135 0.88279469
vn -0.02934820 0.46884135 0.88279469
vn 0.72232547 0.08950785 0.68573629
vn 0.72232547 0.08950785 0.68573629
vn 0.72232547 0.08950785 0.68573629
vn 0.70319104 0.45479798 0.54651729
vn 0.70319104 0.45479798 0.54651729
vn 0.70319104 0.45479798 0.54651729
vn 0.73151889 0.37145027 0.57175591
vn 0.73151889 0.37145027 0.57175591
vn 0.73151889 0.37145027 0.57175591
vn 0.00115329 0.47173723 0.88173843
vn 0.00115329 0.47173723 0.88173843
vn 0.00115329 0.47173723 0.88173843
vn 0.02533286 0.50328756 0.86374758
vn 0.02533286 0.50328756 0.86374758
vn 0.02533286 0.50328756 0.86374758
vn 0.03504184 0.44878523 0.89295234
vn 0.03504184 0.44878523 0.89295234
vn 0.03504184 0.44878523 0.89295234
vn 0.81558368 0.05044099 0.57643644
vn 0.81558368 0.05044099 0.57643644
vn 0.81558368 0.05044099 0.57643644
vn 0.84993896 0.33638375 0.40552403
vn 0.84993896 0.33638375 0.40552403
vn 0.84993896 0.33638375 0.40552403
vn 0.83649668 0.37573559 0.39886849
vn 0.83649668 0.37573559 0.39886849
vn 0.83649668 0.37573559 0.39886849
vn 0.85050513 0.33345311 0.40675551
vn 0.85050513 0.33345311 0.40675551
vn 0.85050513 0.33345311 0.40675551
vn 0.08544399 0.51691530 0.85176164
vn 0.08544399 0.51691530 0.85176164
vn 0.08544399 0.51691530 0.85176164
vn 0.08678071 0.49983220 0.86176382
vn 0.08678071 0.49983220 0.86176382
vn 0.08678071 0.49983220 0.86176382
vn 0.90888810 0.36554993 0.20073781
vn 0.90888810 0.36554993 0.20073781
vn 0.90888810 0.36554993 0.20073781
vn 0.10347598 0.51729189 0.84953035
vn 0.10347598 0.51729189 0.84953035
vn 0.10347598 0.51729189 0.84953035
vn 0.11972196 0.43801844 0.89095819
vn 0.11972196 0.43801844 0.89095819
vn 0.11972196 0.43801844 0.89095819
vn 0.18807182 0.53953096 0.82069198
vn 0.18807182 0.53953096 0.82069198
vn 0.18807182 0.53953096 0.82069198
vn -0.68582361 0.71297843 0.14597166
vn -0.68582361 0.71297843 0.14597166
vn -0.68582361 0.71297843 0.14597166
vn -0.57887044 0.80090658 0.15315895
vn -0.57887044 0.80090658 0.15315895
vn -0.57887044 0.80090658 0.15315895
vn -0.59422337 0.77752147 0.20581291
vn -0.59422337 0.77752147 0.20581291
vn -0.59422337 0.77752147 0.20581291
vn -0.72698665 0.66396139 0.17505908
vn -0.72698665 0.66396139 0.17505908
vn -0.72698665 0.66396139 0.17505908
vn 0.21212206 0.55738892 0.80269660
vn 0.21212206 0.55738892 0.80269660
vn 0.21212206 0.55738892 0.80269660
vn -0.59976396 0.77260712 0.20823406
vn -0.59976396 0.77260712 0.20823406
vn -0.59976396 0.77260712 0.20823406
vn -0.65116360 0.72129054 0.23606337
vn -0.65116360 0.72129054 0.23606337
vn -0.65116360 0.72129054 0.23606337
vn 0.22552461 0.42038292 0.87887249
vn 0.22552461 0.42038292 0.87887249
vn 0.22552461 0.42038292 0.87887249
vn -0.68966755 0.65226481 0.31449847
vn -0.68966755 0.65226481 0.31449847
vn -0.68966755 0.65226481 0.31449847
vn 0.26567188 0.48314908 0.83425740
vn 0.26567188 0.48314908 0.83425740
vn 0.26567188 0.48314908 0.83425740
vn 0.25921160 0.49839873 0.82728958
vn 0.25921160 0.49839873 0.82728958
vn 0.25921160 0.49839873 0.82728958
vn -0.43816889 0.74879852 0.49730152
vn -0.43816889 0.74879852 0.49730152
vn -0.43816889 0.74879852 0.49730152
vn -0.63174008 0.51357306 0.58064377
vn -0.63174008 0.51357306 0.58064377
vn -0.63174008 0.51357306 0.58064377
vn -0.50877748 0.65709656 0.55621003
vn -0.50877748 0.65709656 0.55621003
vn -0.50877748 0.65709656 0.55621003
vn -0.58669122 0.51598818 0.62413909
vn -0.58682016 0.51591950 0.62407464
vn -0.58689090 0.51588182 0.62403928
vn -0.58661815 0.51602709 0.62417560
vn 0.27600460 0.51303877 0.81278083
vn 0.27600460 0.51303877 0.81278083
vn 0.27600460 0.51303877 0.81278083
vn 0.28594213 0.46451689 0.83812956
vn 0.28594213 0.46451689 0.83812956
vn 0.28594213 0.46451689 0.83812956
vn -0.24658851 0.47901176 0.84246177
vn -0.24658851 0.47901176 0.84246177
vn -0.24658851 0.47901176 0.84246177
vn -0.16931735 0.59498848 0.78569736
vn -0.16931735 0.59498848 0.78569736
vn -0.16931735 0.59498848 0.78569736
vn 0.31529621 0.47641341 0.82074269
vn 0.31529621 0.47641341 0.82074269
vn 0.31529621 0.47641341 0.82074269
vn 0.31105961 0.46187276 0.83061151
vn 0.31105961 0.46187276 0.83061151
vn 0.31105961 0.46187276 0.83061151
vn 0.62428558 0.54827652 0.55647136
vn 0.62428558 0.54827652 0.55647136
vn 0.62428558 0.54827652 0.55647136
vn 0.66949067 0.52769748 0.52279787
vn 0.66949067 0.52769748 0.52279787
vn 0.66949067 0.52769748 0.52279787
vn 0.71931665 0.42207823 0.55175495
vn 0.71931665 0.42207823 0.55175495
vn 0.71931665 0.42207823 0.55175495
vn 0.74409988 0.08920395 0.66208611
vn 0.74409988 0.08920395 0.66208611
vn 0.74409988 0.08920395 0.66208611
vn 0.33446615 0.41136185 0.84788786
vn 0.33446615 0.41136185 0.84788786
vn 0.33446615 0.41136185 0.84788786
vn 0.97201897 0.23487582 0.00353113
vn 0.97201897 0.23487582 0.00353113
vn 0.97201897 0.23487582 0.00353113
vn 0.74629595 0.06935879 0.66199072
vn 0.74629595 0.06935879 0.66199072
vn 0.74629595 0.06935879 0.66199072
vn 0.67436512 0.54092746 0.50262229
vn 0.67436512 0.54092746 0.50262229
vn 0.67436512 0.54092746 0.50262229
vn 0.74401102 0.11544527 0.65811852
vn 0.74401102 0.11544527 0.65811852
vn 0.74401102 0.11544527 0.65811852
vn 0.35460740 0.46530156 0.81101668
vn 0.35460740 0.46530156 0.81101668
vn 0.35460740 0.46530156 0.81101668
vn 0.36532873 0.44762374 0.81619110
vn 0.36532873 0.44762374 0.81619110
vn 0.36532873 0.44762374 0.81619110
vn 0.37406182 0.46696160 0.80126439
vn 0.37406182 0.46696160 0.80126439
vn 0.37406182 0.46696160 0.80126439
vn 0.38990534 0.44071710 0.80854330
vn 0.38990534 0.44071710 0.80854330
vn 0.38990534 0.44071710 0.80854330
vn 0.39912298 0.46220135 0.79187799
vn 0.39912298 0.46220135 0.79187799
vn 0.39912298 0.46220135 0.79187799
vn 0.41505830 0.43583784 0.79860627
vn 0.41505830 0.43583784 0.79860627
vn 0.41505830 0.43583784 0.79860627
vn 0.42659809 0.46389036 0.77641471
vn 0.42659809 0.46389036 0.77641471
vn 0.42659809 0.46389036 0.77641471
vn 0.44276858 0.43912979 0.78174229
vn 0.44276858 0.43912979 0.78174229
vn 0.44276858 0.43912979 0.78174229
vn -0.29528300 0.53617569 -0.79077404
vn -0.29528300 0.53617569 -0.79077404
vn -0.29528300 0.53617569 -0.79077404
vn -0.31547580 0.55707704 -0.76820582
vn -0.31547580 0.55707704 -0.76820582
vn -0.31547580 0.55707704 -0.76820582
vn -0.33174823 0.55820935 -0.76049026
vn -0.33174823 0.55820935 -0.76049026
vn -0.33174823 0.55820935 -0.76049026
vn -0.32168764 0.59594590 -0.73577548
vn -0.32168764 0.59594590 -0.73577548
vn -0.32168764 0.59594590 -0.73577548
vn -0.60215152 0.69367504 -0.39525750
vn -0.60215152 0.69367504 -0.39525750
vn -0.60215152 0.69367504 -0.39525750
vn -0.36108009 0.56114980 -0.74480338
vn -0.36108009 0.56114980 -0.74480338
vn -0.36108009 0.56114980 -0.74480338
vn -0.33900904 0.59237258 -0.73086770
vn -0.33900904 0.59237258 -0.73086770
vn -0.33900904 0.59237258 -0.73086770
vn -0.39431722 0.54265528 -0.74164626
vn -0.39431722 0.54265528 -0.74164626
vn -0.39431722 0.54265528 -0.74164626
vn -0.70170229 0.58356588 -0.40873557
vn -0.70170229 0.58356588 -0.40873557
vn -0.70170229 0.58356588 -0.40873557
vn -0.50678546 0.58872534 -0.62973881
vn -0.50678546 0.58872534 -0.62973881
vn -0.50678546 0.58872534 -0.62973881
vn -0.44360819 0.64257623 -0.62474600
vn -0.44360819 0.64257623 -0.62474600
vn -0.44360819 0.64257623 -0.62474600
vn -0.66463439 0.63237538 -0.39794785
vn -0.66463439 0.63237538 -0.39794785
vn -0.66463439 0.63237538 -0.39794785
vn -0.52209034 0.60011913 -0.60603524
vn -0.52209034 0.60011913 -0.60603524
vn -0.52209034 0.60011913 -0.60603524
vn -0.62752327 0.47703255 -0.61534908
vn -0.62752327 0.47703255 -0.61534908
vn -0.62752327 0.47703255 -0.61534908
vn -0.53079047 0.62668758 -0.57054724
vn -0.53079047 0.62668758 -0.57054724
vn -0.53079047 0.62668758 -0.57054724
vn -0.55023436 0.60930911 -0.57095057
vn -0.54880217 0.60790213 -0.57382156
vn -0.55110326 0.61016229 -0.56919871
vn -0.52983733 0.69208291 -0.49019756
vn -0.52983733 0.69208291 -0.49019756
vn -0.52983733 0.69208291 -0.49019756
vn -0.64400283 0.68224515 -0.34612412
vn -0.64400283 0.68224515 -0.34612412
vn -0.64400283 0.68224515 -0.34612412
vn -0.49786424 0.71764820 -0.48694174
vn -0.49786424 0.71764820 -0.48694174
vn -0.49786424 0.71764820 -0.48694174
vn -0.54948788 0.64023327 -0.53680949
vn -0.54948788 0.64023327 -0.53680949
vn -0.54948788 0.64023327 -0.53680949
vn -0.52343621 0.71744446 -0.45966071
vn -0.52343621 0.71744446 -0.45966071
vn -0.52343621 0.71744446 -0.45966071
vn -0.59593511 0.74088118 -0.30976835
vn -0.59593511 0.74088118 -0.30976835
vn -0.59593511 0.74088118 -0.30976835
vn -0.68525632 0.62029457 -0.38165222
vn -0.68525632 0.62029457 -0.38165222
vn -0.68525632 0.62029457 -0.38165222
vn -0.62291626 0.72333950 -0.29791828
vn -0.62353158 0.72258826 -0.29845365
vn -0.62299644 0.72324171 -0.29798803
vn -0.62360195 0.72250222 -0.29851490
vn -0.62809259 0.76382856 -0.14854505
vn -0.62809259 0.76382856 -0.14854505
vn -0.62809259 0.76382856 -0.14854505
vn -0.77245957 0.59778377 -0.21438464
vn -0.77245957 0.59778377 -0.21438464
vn -0.77245957 0.59778377 -0.21438464
vn -0.72971853 0.67528401 -0.10724917
vn -0.72971853 0.67528401 -0.10724917
vn -0.72971853 0.67528401 -0.10724917
vn -0.80895455 0.49365123 -0.31921935
vn -0.80895455 0.49365123 -0.31921935
vn -0.80895455 0.49365123 -0.31921935
vn -0.63232212 0.71620266 -0.29533454
vn -0.63232212 0.71620266 -0.29533454
vn -0.63232212 0.71620266 -0.29533454
vn -0.73590454 0.65461856 -0.17297124
vn -0.73590454 0.65461856 -0.17297124
vn -0.73590454 0.65461856 -0.17297124
vn -0.65433896 0.74492857 -0.13008439
vn -0.65433896 0.74492857 -0.13008439
vn -0.65433896 0.74492857 -0.13008439
vn -0.57566949 0.77766301 -0.25267544
vn -0.57566949 0.77766301 -0.25267544
vn -0.57566949 0.77766301 -0.25267544
vn -0.66205538 0.73908813 -0.12422323
vn -0.66205538 0.73908813 -0.12422323
vn -0.66205538 0.73908813 -0.12422323
vn -0.78885783 0.60447146 -0.11098460
vn -0.78884006 0.60452214 -0.11083475
vn -0.78881233 0.60460108 -0.11060122
vn -0.78003074 0.55171448 -0.29523410
vn -0.78003074 0.55171448 -0.29523410
vn -0.78003074 0.55171448 -0.29523410
vn -0.62154139 0.74209094 -0.25097277
vn -0.62154139 0.74209094 -0.25097277
vn -0.62154139 0.74209094 -0.25097277
vn -0.78888636 0.60438992 -0.11122559
vn -0.66930935 0.73862722 -0.08034188
vn -0.66930935 0.73862722 -0.08034188
vn -0.66930935 0.73862722 -0.08034188
vn -0.66688724 0.74367192 -0.04704767
vn -0.66688724 0.74367192 -0.04704767
vn -0.66688724 0.74367192 -0.04704767
vn -0.77536959 0.63004325 -0.04298257
vn -0.77536959 0.63004325 -0.04298257
vn -0.77536959 0.63004325 -0.04298257
vn -0.79602565 0.60314097 -0.05063726
vn -0.79602565 0.60314097 -0.05063726
vn -0.79602565 0.60314097 -0.05063726
vn -0.80653550 0.51864975 -0.28373036
vn -0.80653550 0.51864975 -0.28373036
vn -0.80653550 0.51864975 -0.28373036
vn -0.66282279 0.71415064 -0.22506623
vn -0.66282279 0.71415064 -0.22506623
vn -0.66282279 0.71415064 -0.22506623
vn -0.60082578 0.76506968 -0.23168245
vn -0.60082578 0.76506968 -0.23168245
vn -0.60082578 0.76506968 -0.23168245
vn 0.95454237 0.29801077 -0.00620077
vn 0.95454237 0.29801077 -0.00620077
vn 0.95454237 0.29801077 -0.00620077
vn 0.84944920 0.52746509 -0.01471885
vn 0.84944920 0.52746509 -0.01471885
vn 0.84944920 0.52746509 -0.01471885
vn 0.71144540 0.45203262 -0.53806315
vn 0.71144540 0.45203262 -0.53806315
vn 0.71144540 0.45203262 -0.53806315
vn -0.66260064 0.71469604 -0.22398650
vn -0.66390459 0.71363116 -0.22352015
vn -0.66234512 0.71490427 -0.22407772
vn 0.70810127 0.37155726 -0.60044799
vn 0.70810127 0.37155726 -0.60044799
vn 0.70810127 0.37155726 -0.60044799
vn -0.79414844 0.56345521 -0.22769821
vn -0.79414844 0.56345521 -0.22769821
vn -0.79414844 0.56345521 -0.22769821
vn -0.66418066 0.71340522 -0.22342124
vn 0.70014294 0.38879487 -0.59886427
vn 0.70014294 0.38879487 -0.59886427
vn 0.70014294 0.38879487 -0.59886427
vn 0.96994395 0.09014385 -0.22601511
vn 0.96994395 0.09014385 -0.22601511
vn 0.96994395 0.09014385 -0.22601511
vn 0.93427803 0.30604994 -0.18291527
vn 0.93427803 0.30604994 -0.18291527
vn 0.93427803 0.30604994 -0.18291527
vn 0.90450364 0.39913341 -0.15021882
vn 0.90450364 0.39913341 -0.15021882
vn 0.90450364 0.39913341 -0.15021882
vn 0.70927872 0.10150765 -0.69758146
vn 0.70927872 0.10150765 -0.69758146
vn 0.70927872 0.10150765 -0.69758146
vn -0.81465661 0.53918117 -0.21358438
vn -0.81465661 0.53918117 -0.21358438
vn -0.81465661 0.53918117 -0.21358438
vn -0.77361260 0.60512047 -0.18802330
vn -0.77361260 0.60512047 -0.18802330
vn -0.77361260 0.60512047 -0.18802330
vn -0.84672063 0.49696504 -0.18997348
vn -0.84672063 0.49696504 -0.18997348
vn -0.84672063 0.49696504 -0.18997348
vn -0.37037984 0.92826724 -0.03374484
vn -0.37037984 0.92826724 -0.03374484
vn -0.37037984 0.92826724 -0.03374484
vn -0.78106259 0.62137617 -0.06191035
vn -0.78106259 0.62137617 -0.06191035
vn -0.78106259 0.62137617 -0.06191035
vn -0.35428475 0.93503404 -0.01391636
vn -0.35428475 0.93503404 -0.01391636
vn -0.35428475 0.93503404 -0.01391636
vn -0.65772710 0.75319851 0.00933090
vn -0.65772710 0.75319851 0.00933090
vn -0.65772710 0.75319851 0.00933090
vn 0.47409717 0.23544565 -0.84840864
vn 0.47461268 0.23751594 -0.84754291
vn 0.47406030 0.23529791 -0.84847023
vn 0.47465140 0.23767180 -0.84747753
vn 0.96896927 0.24044765 -0.05730158
vn 0.96896927 0.24044765 -0.05730158
vn 0.96896927 0.24044765 -0.05730158
vn 0.46897617 0.55139647 -0.68994441
vn 0.46897617 0.55139647 -0.68994441
vn 0.46897617 0.55139647 -0.68994441
vn 0.96285232 0.25838752 -0.07843027
vn 0.96285232 0.25838752 -0.07843027
vn 0.96285232 0.25838752 -0.07843027
vn 0.44137410 0.36850575 -0.81816405
vn 0.44137410 0.36850575 -0.81816405
vn 0.44137410 0.36850575 -0.81816405
vn 0.41402361 0.51422132 -0.75110644
vn 0.41402361 0.51422132 -0.75110644
vn 0.41402361 0.51422132 -0.75110644
vn 0.95655591 0.26121644 -0.12948651
vn 0.95655591 0.26121644 -0.12948651
vn 0.95655591 0.26121644 -0.12948651
vn 0.95093025 0.27910790 -0.13353067
vn 0.95093025 0.27910790 -0.13353067
vn 0.95093025 0.27910790 -0.13353067
vn 0.95463892 0.26027391 -0.14464446
vn 0.95463892 0.26027391 -0.14464446
vn 0.95463892 0.26027391 -0.14464446
vn 0.92744139 0.34238216 -0.15042246
vn 0.92744139 0.34238216 -0.15042246
vn 0.92744139 0.34238216 -0.15042246
vn 0.13444621 0.36898757 -0.91965884
vn 0.13444621 0.36898757 -0.91965884
vn 0.13444621 0.36898757 -0.91965884
vn 0.16139194 0.45696465 -0.87472050
vn 0.16139194 0.45696465 -0.87472050
vn 0.16139194 0.45696465 -0.87472050
vn 0.87227637 0.37304242 -0.31618554
vn 0.87227637 0.37304242 -0.31618554
vn 0.87227637 0.37304242 -0.31618554
vn 0.86758267 0.33350782 -0.36888053
vn 0.86758267 0.33350782 -0.36888053
vn 0.86758267 0.33350782 -0.36888053
vn 0.86173464 0.35443001 -0.36303275
vn 0.86173464 0.35443001 -0.36303275
vn 0.86173464 0.35443001 -0.36303275
vn 0.78373051 0.57700310 -0.22985627
vn 0.78373051 0.57700310 -0.22985627
vn 0.78373051 0.57700310 -0.22985627
vn 0.85530843 0.32506060 -0.40346388
vn 0.85530843 0.32506060 -0.40346388
vn 0.85530843 0.32506060 -0.40346388
vn 0.79078455 0.50741965 -0.34232309
vn 0.79078455 0.50741965 -0.34232309
vn 0.79078455 0.50741965 -0.34232309
vn 0.81458361 0.47345905 -0.33509710
vn 0.81458361 0.47345905 -0.33509710
vn 0.81458361 0.47345905 -0.33509710
vn 0.80497389 0.41807466 -0.42098767
vn 0.80497389 0.41807466 -0.42098767
vn 0.80497389 0.41807466 -0.42098767
vn -0.42610879 0.55125089 -0.71732403
vn -0.42610879 0.55125089 -0.71732403
vn -0.42610879 0.55125089 -0.71732403
vn -0.37905488 0.61275654 -0.69343119
vn -0.37905488 0.61275654 -0.69343119
vn -0.37905488 0.61275654 -0.69343119
vn 0.77675616 0.30891848 -0.54883444
vn 0.77675616 0.30891848 -0.54883444
vn 0.77675616 0.30891848 -0.54883444
vn 0.74094330 0.36730839 -0.56221666
vn 0.74094330 0.36730839 -0.56221666
vn 0.74094330 0.36730839 -0.56221666
vn -0.44928778 0.55156033 -0.70279562
vn -0.44928778 0.55156033 -0.70279562
vn -0.44928778 0.55156033 -0.70279562
vn -0.40795655 0.64977689 -0.64137465
vn -0.40602340 0.65089922 -0.64146333
vn -0.40847401 0.64947572 -0.64135035
vn 0.72591293 0.35736334 -0.58765795
vn 0.72591293 0.35736334 -0.58765795
vn 0.72591293 0.35736334 -0.58765795
vn 0.72692144 0.36051989 -0.58447466
vn 0.72692144 0.36051989 -0.58447466
vn 0.72692144 0.36051989 -0.58447466
vn -0.55250795 0.61154092 -0.56635031
vn 0.74169776 0.07538514 -0.66648444
vn 0.74169776 0.07538514 -0.66648444
vn 0.74169776 0.07538514 -0.66648444
vn -0.52253372 0.66283792 -0.53628761
vn -0.52253372 0.66283792 -0.53628761
vn -0.52253372 0.66283792 -0.53628761
vn 0.71876969 0.42607523 -0.54939060
vn 0.71876969 0.42607523 -0.54939060
vn 0.71876969 0.42607523 -0.54939060
vn 0.68632453 0.43859056 -0.58016977
vn 0.68632453 0.43859056 -0.58016977
vn 0.68632453 0.43859056 -0.58016977
vn 0.66827638 0.44689996 -0.59471598
vn 0.66827638 0.44689996 -0.59471598
vn 0.66827638 0.44689996 -0.59471598
vn 0.67126173 0.33185009 -0.66278443
vn 0.67152666 0.33170580 -0.66258827
vn 0.67143355 0.33175652 -0.66265723
vn 0.58853317 0.41959972 -0.69106062
vn 0.58926386 0.41927572 -0.69063447
vn 0.58818882 0.41975222 -0.69126115
vn 0.57907022 0.29719969 -0.75917720
vn 0.57907022 0.29719969 -0.75917720
vn 0.57907022 0.29719969 -0.75917720
vn 0.52707298 0.44730778 -0.72257167
vn 0.52707298 0.44730778 -0.72257167
vn 0.52707298 0.44730778 -0.72257167
vn 0.90959730 0.40816651 -0.07767140
vn 0.90959730 0.40816651 -0.07767140
vn 0.90959730 0.40816651 -0.07767140
vn 0.51729629 0.47725852 -0.71037234
vn 0.51729629 0.47725852 -0.71037234
vn 0.51729629 0.47725852 -0.71037234
vn 0.95299797 0.28125194 -0.11265977
vn 0.95299797 0.28125194 -0.11265977
vn 0.95299797 0.28125194 -0.11265977
vn 0.42897183 0.36244966 -0.82741369
vn 0.42897183 0.36244966 -0.82741369
vn 0.42897183 0.36244966 -0.82741369
vn 0.93098112 -0.07661258 -0.35693789
vn 0.93098112 -0.07661258 -0.35693789
vn 0.93098112 -0.07661258 -0.35693789
vn 0.91249249 0.25038169 -0.32352197
vn 0.91249249 0.25038169 -0.32352197
vn 0.91249249 0.25038169 -0.32352197
vn 0.92232606 0.15498412 -0.35396971
vn 0.92232606 0.15498412 -0.35396971
vn 0.92232606 0.15498412 -0.35396971
vn 0.38856302 0.41681356 -0.82175740
vn 0.38856302 0.41681356 -0.82175740
vn 0.38856302 0.41681356 -0.82175740
vn 0.36918995 0.40054717 -0.83860643
vn 0.36918995 0.40054717 -0.83860643
vn 0.36918995 0.40054717 -0.83860643
vn 0.34454397 0.39847856 -0.85000252
vn 0.34454397 0.39847856 -0.85000252
vn 0.34454397 0.39847856 -0.85000252
vn 0.21990687 0.41177594 -0.88435374
vn 0.22118869 0.41212836 -0.88386977
vn 0.22240626 0.41246247 -0.88340827
vn 0.78391215 0.47600944 -0.39861856
vn 0.78391215 0.47600944 -0.39861856
vn 0.78391215 0.47600944 -0.39861856
vn 0.20954696 0.51243554 -0.83276640
vn 0.20954696 0.51243554 -0.83276640
vn 0.20954696 0.51243554 -0.83276640
vn 0.78978773 0.32761871 -0.51855695
vn 0.78978773 0.32761871 -0.51855695
vn 0.78978773 0.32761871 -0.51855695
vn 0.20224375 0.51020533 -0.83593540
vn 0.20224375 0.51020533 -0.83593540
vn 0.20224375 0.51020533 -0.83593540
vn 0.17371292 0.43825681 -0.88190407
vn 0.17371292 0.43825681 -0.88190407
vn 0.17371292 0.43825681 -0.88190407
vn 0.08981243 0.42294632 -0.90169293
vn 0.08981243 0.42294632 -0.90169293
vn 0.08981243 0.42294632 -0.90169293
vn 0.76857834 0.38033357 -0.51442562
vn 0.76857834 0.38033357 -0.51442562
vn 0.76857834 0.38033357 -0.51442562
vn 0.05745029 0.27980368 -0.95833677
vn 0.05745029 0.27980368 -0.95833677
vn 0.05745029 0.27980368 -0.95833677
vn 0.76064721 0.39285062 -0.51680191
vn 0.76064721 0.39285062 -0.51680191
vn 0.76064721 0.39285062 -0.51680191
vn 0.75085059 0.29926502 -0.58878166
vn 0.75085059 0.29926502 -0.58878166
vn 0.75085059 0.29926502 -0.58878166
vn 0.11741901 0.65872522 -0.74316476
vn 0.11741901 0.65872522 -0.74316476
vn 0.11741901 0.65872522 -0.74316476
vn 0.04928489 0.43244749 -0.90031115
vn 0.04928489 0.43244749 -0.90031115
vn 0.04928489 0.43244749 -0.90031115
vn 0.73486332 0.37368355 -0.56598278
vn 0.73486332 0.37368355 -0.56598278
vn 0.73486332 0.37368355 -0.56598278
vn 0.00824445 0.47697745 -0.87887686
vn 0.00824445 0.47697745 -0.87887686
vn 0.00824445 0.47697745 -0.87887686
vn 0.73012778 0.34376146 -0.59054338
vn 0.73012778 0.34376146 -0.59054338
vn 0.73012778 0.34376146 -0.59054338
vn -0.02249721 0.45679077 -0.88928964
vn -0.02293133 0.45690188 -0.88922147
vn -0.02290367 0.45689481 -0.88922582
vn 0.71895404 0.22151144 -0.65881543
vn 0.71895404 0.22151144 -0.65881543
vn 0.71895404 0.22151144 -0.65881543
vn -0.02924065 0.58805782 -0.80829016
vn -0.02924065 0.58805782 -0.80829016
vn -0.02924065 0.58805782 -0.80829016
vn -0.05035694 0.59400718 -0.80288209
vn -0.05035694 0.59400718 -0.80288209
vn -0.05035694 0.59400718 -0.80288209
vn -0.07324153 0.61152182 -0.78783040
vn -0.07324153 0.61152182 -0.78783040
vn -0.07324153 0.61152182 -0.78783040
vn 0.69988093 0.05341552 -0.71225941
vn 0.69988093 0.05341552 -0.71225941
vn 0.69988093 0.05341552 -0.71225941
vn -0.11221974 0.64313611 -0.75748444
vn -0.11221974 0.64313611 -0.75748444
vn -0.11221974 0.64313611 -0.75748444
vn -0.11478397 0.62434737 -0.77266746
vn -0.11478397 0.62434737 -0.77266746
vn -0.11478397 0.62434737 -0.77266746
vn 0.67169937 0.33161169 -0.66246030
vn -0.13022558 0.63173463 -0.76416795
vn -0.13022558 0.63173463 -0.76416795
vn -0.13022558 0.63173463 -0.76416795
vn 0.65230231 0.39161195 -0.64895437
vn 0.65230231 0.39161195 -0.64895437
vn 0.65230231 0.39161195 -0.64895437
vn 0.63217293 0.35065641 -0.69093956
vn 0.63217293 0.35065641 -0.69093956
vn 0.63217293 0.35065641 -0.69093956
vn 0.64043892 0.32796804 -0.69446019
vn 0.64043892 0.32796804 -0.69446019
vn 0.64043892 0.32796804 -0.69446019
vn 0.62836906 0.17427112 -0.75814373
vn 0.62836906 0.17427112 -0.75814373
vn 0.62836906 0.17427112 -0.75814373
vn 0.63977332 0.32697218 -0.69554245
vn 0.63977332 0.32697218 -0.69554245
vn 0.63977332 0.32697218 -0.69554245
vn -0.21970794 0.60594217 -0.76456688
vn -0.21970794 0.60594217 -0.76456688
vn -0.21970794 0.60594217 -0.76456688
vn 0.59211920 0.41159747 -0.69280761
vn 0.59211920 0.41159747 -0.69280761
vn 0.59211920 0.41159747 -0.69280761
vn -0.28900430 0.56935718 -0.76961608
vn -0.28900430 0.56935718 -0.76961608
vn -0.28900430 0.56935718 -0.76961608
vn 0.56349543 0.33577573 -0.75480299
vn 0.56349543 0.33577573 -0.75480299
vn 0.56349543 0.33577573 -0.75480299
vn 0.56107691 0.25987614 -0.78591163
vn 0.56107691 0.25987614 -0.78591163
vn 0.56107691 0.25987614 -0.78591163
vn -0.32125764 0.53103738 -0.78408726
vn -0.32125764 0.53103738 -0.78408726
vn -0.32125764 0.53103738 -0.78408726
vn 0.48664750 0.17732122 -0.85541299
vn 0.48664750 0.17732122 -0.85541299
vn 0.48664750 0.17732122 -0.85541299
vn -0.40533330 0.65129879 -0.64149419
vn -0.50259740 0.53226277 -0.68124312
vn -0.50259740 0.53226277 -0.68124312
vn -0.50259740 0.53226277 -0.68124312
vn -0.33230550 0.77797471 -0.53322453
vn -0.33230550 0.77797471 -0.53322453
vn -0.33230550 0.77797471 -0.53322453
vn -0.53620871 0.53156569 -0.65568143
vn -0.53620871 0.53156569 -0.65568143
vn -0.53620871 0.53156569 -0.65568143
vn 0.22365837 0.41280538 -0.88293185
vn -0.41837961 0.80744611 -0.41591980
vn -0.41837961 0.80744611 -0.41591980
vn -0.41837961 0.80744611 -0.41591980
vn -0.61903590 0.66544447 -0.41710695
vn -0.61903590 0.66544447 -0.41710695
vn -0.61903590 0.66544447 -0.41710695
vn 0.04606222 0.26226825 -0.96389503
vn 0.04606222 0.26226825 -0.96389503
vn 0.04606222 0.26226825 -0.96389503
vn -0.61913098 0.70157227 -0.35280757
vn -0.61913098 0.70157227 -0.35280757
vn -0.61913098 0.70157227 -0.35280757
vn -0.02333850 0.45700601 -0.88915737
vn -0.58844249 0.78712379 -0.18485554
vn -0.58844249 0.78712379 -0.18485554
vn -0.58844249 0.78712379 -0.18485554
vn -0.55634268 0.82620353 -0.08871612
vn -0.55634268 0.82620353 -0.08871612
vn -0.55634268 0.82620353 -0.08871612
vn -0.84005107 0.53255344 -0.10344584
vn -0.84005107 0.53255344 -0.10344584
vn -0.84005107 0.53255344 -0.10344584
vn -0.70950117 0.69992573 -0.08192722
vn -0.70950117 0.69992573 -0.08192722
vn -0.70950117 0.69992573 -0.08192722
vn -0.18795173 0.53529255 -0.82349015
vn -0.18795173 0.53529255 -0.82349015
vn -0.18795173 0.53529255 -0.82349015
vn -0.82223412 0.56787435 -0.03807585
vn -0.82223412 0.56787435 -0.03807585
vn -0.82223412 0.56787435 -0.03807585
vn -0.80574702 0.59187253 -0.02141619
vn -0.80574702 0.59187253 -0.02141619
vn -0.80574702 0.59187253 -0.02141619
vn 0.88181645 0.40501394 -0.24158532
vn 0.88181645 0.40501394 -0.24158532
vn 0.88181645 0.40501394 -0.24158532
vn 0.82317844 0.37116263 -0.42966912
vn 0.82317844 0.37116263 -0.42966912
vn 0.82317844 0.37116263 -0.42966912
vn 0.79567460 0.45539029 -0.39940158
vn 0.79567460 0.45539029 -0.39940158
vn 0.79567460 0.45539029 -0.39940158
vn 0.68972217 0.45609354 -0.56237177
vn 0.68972217 0.45609354 -0.56237177
vn 0.68972217 0.45609354 -0.56237177
vn 0.71874274 0.43638327 -0.54127489
vn 0.71874274 0.43638327 -0.54127489
vn 0.71874274 0.43638327 -0.54127489
vn 0.68781010 0.39116091 -0.61148214
vn 0.68781010 0.39116091 -0.61148214
vn 0.68781010 0.39116091 -0.61148214
vn 0.58927656 0.47245995 -0.65538900
vn 0.58927656 0.47245995 -0.65538900
vn 0.58927656 0.47245995 -0.65538900
vn 0.58745350 0.42007745 -0.69168875
vn 0.51757588 0.44727066 -0.72942729
vn 0.51757588 0.44727066 -0.72942729
vn 0.51757588 0.44727066 -0.72942729
vn 0.51536970 0.47411773 -0.71386726
vn 0.51536970 0.47411773 -0.71386726
vn 0.51536970 0.47411773 -0.71386726
vn 0.37844252 0.43496571 -0.81705941
vn 0.37844252 0.43496571 -0.81705941
vn 0.37844252 0.43496571 -0.81705941
vn 0.35048183 0.41750626 -0.83836210
vn 0.35048183 0.41750626 -0.83836210
vn 0.35048183 0.41750626 -0.83836210
vn 0.33344389 0.40810769 -0.84986074
vn 0.33344389 0.40810769 -0.84986074
vn 0.33344389 0.40810769 -0.84986074
vn 0.31319647 0.52399137 -0.79204862
vn 0.31319647 0.52399137 -0.79204862
vn 0.31319647 0.52399137 -0.79204862
vn -0.52601375 0.56299304 -0.63745461
vn -0.52601375 0.56299304 -0.63745461
vn -0.52601375 0.56299304 -0.63745461
vn 0.29907446 0.52242783 -0.79851339
vn 0.29928807 0.52156297 -0.79899857
vn 0.29932392 0.52141767 -0.79907997
vn 0.29903656 0.52258106 -0.79842731
vn 0.27107273 0.51990482 -0.81007318
vn 0.27107273 0.51990482 -0.81007318
vn 0.27107273 0.51990482 -0.81007318
vn -0.40202610 0.74866671 -0.52713677
vn -0.40202610 0.74866671 -0.52713677
vn -0.40202610 0.74866671 -0.52713677
vn 0.26963708 0.52726387 -0.80578450
vn 0.26963708 0.52726387 -0.80578450
vn 0.26963708 0.52726387 -0.80578450
vn 0.25532681 0.52940139 -0.80903794
vn 0.25532681 0.52940139 -0.80903794
vn 0.25532681 0.52940139 -0.80903794
vn 0.10377849 0.44038265 -0.89179210
vn 0.10377849 0.44038265 -0.89179210
vn 0.10377849 0.44038265 -0.89179210
vn 0.12445231 0.64547618 -0.75357291
vn 0.12445231 0.64547618 -0.75357291
vn 0.12445231 0.64547618 -0.75357291
vn 0.04314111 0.43141389 -0.90112202
vn 0.04314111 0.43141389 -0.90112202
vn 0.04314111 0.43141389 -0.90112202
vn 0.04722822 0.57249966 -0.81854361
vn 0.04722822 0.57249966 -0.81854361
vn 0.04722822 0.57249966 -0.81854361
vn 0.05750871 0.56918093 -0.82019865
vn 0.05750871 0.56918093 -0.82019865
vn 0.05750871 0.56918093 -0.82019865
vn -0.00928500 0.48044136 -0.87697770
vn -0.00928500 0.48044136 -0.87697770
vn -0.00928500 0.48044136 -0.87697770
vn -0.01836345 0.58889127 -0.80800362
vn -0.01836345 0.58889127 -0.80800362
vn -0.01836345 0.58889127 -0.80800362
vn -0.62951900 0.58489104 -0.51147659
vn -0.62951900 0.58489104 -0.51147659
vn -0.62951900 0.58489104 -0.51147659
vn -0.57116114 0.67946096 -0.46055158
vn -0.57116114 0.67946096 -0.46055158
vn -0.57116114 0.67946096 -0.46055158
vn -0.02957025 0.59724882 -0.80151073
vn -0.02957025 0.59724882 -0.80151073
vn -0.02957025 0.59724882 -0.80151073
vn -0.04983089 0.61368639 -0.78797582
vn -0.04983089 0.61368639 -0.78797582
vn -0.04983089 0.61368639 -0.78797582
vn -0.07270853 0.61971863 -0.78144884
vn -0.07270853 0.61971863 -0.78144884
vn -0.07270853 0.61971863 -0.78144884
vn -0.57490821 0.67139550 -0.46766294
vn -0.57490821 0.67139550 -0.46766294
vn -0.57490821 0.67139550 -0.46766294
vn -0.57702748 0.67010684 -0.46690053
vn -0.57702748 0.67010684 -0.46690053
vn -0.57702748 0.67010684 -0.46690053
vn -0.09563381 0.61967149 -0.77901310
vn -0.09563381 0.61967149 -0.77901310
vn -0.09563381 0.61967149 -0.77901310
vn -0.09325836 0.64011265 -0.76259995
vn -0.09325836 0.64011265 -0.76259995
vn -0.09325836 0.64011265 -0.76259995
vn -0.72399911 0.47435707 -0.50081001
vn -0.72399911 0.47435707 -0.50081001
vn -0.72399911 0.47435707 -0.50081001
vn -0.42535907 0.84510238 -0.32383889
vn -0.42535907 0.84510238 -0.32383889
vn -0.42535907 0.84510238 -0.32383889
vn -0.19738867 0.59220734 -0.78123503
vn -0.19738867 0.59220734 -0.78123503
vn -0.19738867 0.59220734 -0.78123503
vn -0.72656158 0.47664267 -0.49489396
vn -0.72656158 0.47664267 -0.49489396
vn -0.72656158 0.47664267 -0.49489396
vn -0.22434971 0.55439265 -0.80144619
vn -0.22434971 0.55439265 -0.80144619
vn -0.22434971 0.55439265 -0.80144619
vn -0.21551982 0.55088739 -0.80627184
vn -0.21551982 0.55088739 -0.80627184
vn -0.21551982 0.55088739 -0.80627184
vn -0.18861919 0.66431047 -0.72326648
vn -0.18861919 0.66431047 -0.72326648
vn -0.18861919 0.66431047 -0.72326648
vn -0.41258060 0.84938261 -0.32912981
vn -0.41258060 0.84938261 -0.32912981
vn -0.41258060 0.84938261 -0.32912981
vn -0.21063620 0.65994646 -0.72118172
vn -0.21063620 0.65994646 -0.72118172
vn -0.21063620 0.65994646 -0.72118172
vn -0.44880016 0.79990371 -0.39841244
vn -0.44880016 0.79990371 -0.39841244
vn -0.44880016 0.79990371 -0.39841244
f 1//1 2//2 3//3
f 4//4 5//5 6//6
f 7//7 8//8 9//9
f 10//10 11//11 12//12
f 13//13 14//14 15//15
f 16//16 17//17 18//18
f 19//19 20//20 21//21
f 22//22 23//23 24//24
f 25//25 26//26 27//27
f 28//28 29//29 30//30
f 31//31 32//32 33//33
f 34//34 35//35 36//36
f 37//37 38//38 39//39
f 40//40 41//41 42//42
f 43//43 44//44 45//45
f 46//46 47//47 48//48
f 49//49 50//50 51//51
f 52//52 53//53 54//54
f 55//55 56//56 57//57
f 58//58 59//59 60//60
f 61//61 62//62 63//63
f 64//64 65//65 66//66
f 67//67 68//68 69//69
f 70//70 71//71 72//72
f 73//73 74//74 75//75
f 76//76 77//77 78//78
f 79//79 80//80 81//81
f 82//82 83//83 84//84
f 85//85 86//86 87//87
f 88//88 89//89 90//90
f 91//91 92//92 93//93
f 94//94 95//95 96//96
f 97//97 98//98 99//99
f 100//100 101//101 102//102
f 103//103 104//104 105//105
f 106//106 107//107 108//108
f 109//109 110//110 111//111
f 112//112 113//113 114//114
f 115//115 116//116 117//117
f 118//118 119//119 120//120
f 121//121 122//122 123//123
f 124//124 125//125 126//126
f 127//127 128//128 129//129
f 130//130 131//131 132//132
f 133//133 134//134 135//135
f 136//136 137//137 138//138
f 139//139 140//140 141//141
f 142//142 143//143 144//144
f 145//145 146//146 147//147
f 148//148 149//149 150//150
f 151//151 152//152 153//153
f 154//154 155//155 156//156
f 157//157 158//158 159//159
f 160//160 161//161 162//162
f 163//163 164//164 165//165
f 166//166 167//167 168//168
f 169//169 170//170 171//171
f 172//172 173//173 174//174
f 175//175 176//176 177//177
f 178//178 179//179 180//180
f 181//181 182//182 183//183
f 184//184 185//185 186//186
f 187//187 188//188 189//189
f 190//190 191//191 192//192
f 193//193 194//194 195//195
f 196//196 197//197 198//198
f 199//199 200//200 201//201
f 202//202 203//203 204//204
f 205//205 206//206 207//207
f 208//208 209//209 210//210
f 211//211 212//212 213//213
f 214//214 215//215 216//216
f 217//217 218//218 219//219
f 220//220 221//221 222//222
f 223//223 220//220 222//222
f 224//224 225//225 226//226
f 227//227 228//228 229//229
f 230//230 231//231 232//232
f 233//233 234//234 235//235
f 236//236 237//237 238//238
f 239//239 240//240 241//241
f 242//242 243//243 244//244
f 245//245 246//246 247//247
f 248//248 249//249 250//250
f 251//251 252//252 253//253
f 254//254 255//255 256//256
f 257//257 258//258 259//259
f 260//260 261//261 262//262
f 263//263 264//264 265//265
f 266//266 267//267 268//268
f 269//269 270//270 271//271
f 272//272 273//273 274//274
f 275//275 276//276 277//277
f 278//278 279//279 280//280
f 281//281 282//282 283//283
f 284//284 285//285 286//286
f 287//287 288//288 289//289
f 290//290 291//291 292//292
f 293//293 294//294 295//295
f 296//296 297//297 298//298
f 299//299 300//300 301//301
f 302//302 303//303 304//304
f 305//305 306//306 307//307
f 308//308 309//309 310//310
f 311//311 312//312 313//313
f 314//314 315//315 316//316
f 317//317 318//318 319//319
f 320//320 321//321 322//322
f 323//323 324//324 325//325
f 326//326 327//327 328//328
f 329//329 330//330 331//331
f 332//332 333//333 334//334
f 335//335 336//336 337//337
f 338//338 339//339 340//340
f 341//341 342//342 343//343
f 344//344 345//345 346//346
f 347//347 348//348 349//349
f 350//350 351//351 352//352
f 353//353 354//354 355//355
f 356//356 357//357 358//358
f 359//359 360//360 361//361
f 362//362 363//363 364//364
f 365//365 366//366 367//367
f 368//368 358//358 357//357
f 369//369 370//370 371//371
f 372//372 373//373 374//374
f 375//375 376//376 377//377
f 378//378 379//379 380//380
f 381//381 382//382 383//383
f 384//384 385//385 386//386
f 387//387 388//388 389//389
f 390//390 391//391 392//392
f 370//370 369//369 393//393
f 394//394 395//395 396//396
f 397//397 398//398 399//399
f 400//400 401//401 402//402
f 403//403 404//404 405//405
f 406//406 407//407 408//408
f 409//409 410//410 411//411
f 412//412 413//413 414//414
f 415//415 416//416 417//417
f 418//418 419//419 420//420
f 421//421 422//422 423//423
f 424//424 425//425 426//426
f 427//427 428//428 429//429
f 430//430 431//431 432//432
f 433//433 434//434 435//435
f 436//436 437//437 438//438
f 436//436 439//439 437//437
f 440//440 441//441 442//442
f 443//443 444//444 445//445
f 446//446 447//447 448//448
f 449//449 450//450 451//451
f 452//452 453//453 454//454
f 455//455 456//456 457//457
f 458//458 459//459 460//460
f 461//461 462//462 463//463
f 464//464 465//465 466//466
f 467//467 468//468 469//469
f 470//470 471//471 472//472
f 473//473 474//474 475//475
f 476//476 477//477 478//478
f 479//479 476//476 478//478
f 480//480 481//481 482//482
f 483//483 484//484 485//485
f 486//486 487//487 488//488
f 489//489 490//490 491//491
f 492//492 493//493 494//494
f 495//495 496//496 497//497
f 498//498 499//499 500//500
f 501//501 502//502 503//503
f 504//504 505//505 506//506
f 507//507 508//508 509//509
f 510//510 511//511 512//512
f 513//513 514//514 515//515
f 516//516 517//517 518//518
f 519//519 520//520 521//521
f 522//522 523//523 524//524
f 525//525 526//526 527//527
f 528//528 529//529 530//530
f 531//531 532//532 533//533
f 534//534 535//535 536//536
f 537//537 538//538 539//539
f 540//540 541//541 542//542
f 543//543 544//544 545//545
f 546//546 547//547 548//548
f 549//549 550//550 551//551
f 552//552 553//553 554//554
f 555//555 556//556 557//557
f 558//558 559//559 560//560
f 561//561 562//562 563//563
f 564//564 565//565 566//566
f 567//567 565//565 564//564
f 568//568 569//569 570//570
f 571//571 572//572 573//573
f 574//574 575//575 576//576
f 577//577 578//578 579//579
f 580//580 581//581 582//582
f 561//561 583//583 562//562
f 584//584 585//585 586//586
f 587//587 588//588 589//589
f 590//590 591//591 592//592
f 593//593 594//594 595//595
f 570//570 569//569 596//596
f 597//597 598//598 599//599
f 600//600 601//601 602//602
f 603//603 604//604 605//605
f 606//606 607//607 608//608
f 609//609 610//610 611//611
f 612//612 613//613 614//614
f 615//615 616//616 617//617
f 618//618 619//619 620//620
f 621//621 622//622 623//623
f 624//624 625//625 626//626
f 627//627 628//628 629//629
f 630//630 631//631 632//632
f 633//633 634//634 635//635
f 596//596 569//569 636//636
f 637//637 638//638 639//639
f 640//640 641//641 642//642
f 643//643 644//644 645//645
f 646//646 647//647 648//648
f 649//649 650//650 651//651
f 652//652 653//653 654//654
f 655//655 656//656 657//657
f 658//658 659//659 660//660
f 661//661 662//662 663//663
f 664//664 665//665 666//666
f 667//667 668//668 669//669
f 670//670 671//671 672//672
f 673//673 674//674 675//675
f 676//676 677//677 645//645
f 678//678 679//679 680//680
f 681//681 682//682 683//683
f 684//684 685//685 686//686
f 687//687 688//688 689//689
f 690//690 691//691 692//692
f 693//693 694//694 695//695
f 696//696 697//697 698//698
f 699//699 700//700 701//701
f 702//702 703//703 704//704
f 705//705 706//706 707//707
f 696//696 708//708 697//697
f 709//709 710//710 711//711
f 712//712 713//713 714//714
f 669//669 715//715 716//716
f 717//717 718//718 719//719
f 720//720 721//721 722//722
f 723//723 724//724 725//725
f 726//726 727//727 728//728
f 729//729 730//730 731//731
f 732//732 733//733 734//734
f 735//735 736//736 737//737
f 738//738 739//739 740//740
f 741//741 742//742 743//743
f 744//744 745//745 746//746
f 747//747 748//748 749//749
f 750//750 748//748 747//747
f 751//751 752//752 753//753
f 754//754 755//755 756//756
f 757//757 758//758 759//759
f 760//760 761//761 762//762
f 763//763 764//764 765//765
f 766//766 767//767 768//768
f 761//761 769//769 762//762
f 749//749 770//770 771//771
f 772//772 773//773 774//774
f 775//775 776//776 777//777
f 778//778 779//779 780//780
f 781//781 782//782 783//783
f 784//784 785//785 786//786
f 770//770 787//787 771//771
f 788//788 789//789 790//790
f 791//791 792//792 793//793
f 794//794 795//795 796//796
f 797//797 798//798 799//799
f 800//800 801//801 802//802
f 803//803 804//804 805//805
f 806//806 807//807 808//808
f 809//809 810//810 811//811
f 812//812 813//813 814//814
f 815//815 816//816 817//817
f 818//818 819//819 820//820
f 821//821 822//822 823//823
f 824//824 825//825 826//826
f 827//827 828//828 829//829
f 830//830 831//831 832//832
f 833//833 834//834 835//835
f 836//836 837//837 838//838
f 839//839 840//840 841//841
f 842//842 843//843 844//844
f 841//841 840//840 845//845
f 846//846 847//847 848//848
f 849//849 850//850 851//851
f 852//852 850//850 849//849
f 853//853 854//854 855//855
f 856//856 857//857 858//858
f 859//859 860//860 861//861
f 862//862 863//863 864//864
f 865//865 866//866 867//867
f 868//868 869//869 870//870
f 871//871 872//872 873//873
f 874//874 875//875 876//876
f 877//877 878//878 879//879
f 880//880 881//881 882//882
f 883//883 884//884 885//885
f 886//886 887//887 888//888
f 889//889 890//890 891//891
f 892//892 893//893 894//894
f 895//895 896//896 897//897
f 898//898 899//899 900//900
f 901//901 902//902 903//903
f 904//904 905//905 906//906
f 907//907 908//908 909//909
f 910//910 911//911 912//912
f 913//913 914//914 915//915
f 916//916 917//917 918//918
f 919//919 920//920 921//921
f 922//922 923//923 924//924
f 925//925 926//926 927//927
f 928//928 929//929 930//930
f 931//931 932//932 933//933
f 934//934 935//935 936//936
f 937//937 938//938 939//939
f 940//940 941//941 942//942
f 943//943 944//944 945//945
f 946//946 947//947 948//948
f 949//949 950//950 951//951
f 952//952 953//953 954//954
f 955//955 956//956 957//957
f 958//958 959//959 960//960
f 961//961 962//962 963//963
f 964//964 965//965 966//966
f 967//967 968//968 969//969
f 970//970 971//971 972//972
f 973//973 974//974 975//975
f 976//976 977//977 978//978
f 979//979 980//980 981//981
f 982//982 983//983 984//984
f 985//985 986//986 987//987
f 988//988 989//989 990//990
f 991//991 992//992 993//993
f 994//994 995//995 996//996
f 997//997 998//998 999//999
f 1000//1000 1001//1001 1002//1002
f 1003//1003 1004//1004 1005//1005
f 1006//1006 1007//1007 1008//1008
f 1009//1009 1010//1010 1011//1011
f 1012//1012 1013//1013 1014//1014
f 1015//1015 1016//1016 1017//1017
f 1018//1018 1019//1019 1020//1020
f 1021//1021 1022//1022 1023//1023
f 1024//1024 1025//1025 1026//1026
f 1027//1027 1028//1028 1029//1029
f 1030//1030 1031//1031 1032//1032
f 1033//1033 1034//1034 1035//1035
f 1036//1036 1037//1037 1038//1038
f 1039//1039 1040//1040 1041//1041
f 1042//1042 1043//1043 1044//1044
f 1045//1045 1046//1046 1047//1047
f 1048//1048 1049//1049 1050//1050
f 1051//1051 1052//1052 1053//1053
f 1054//1054 1055//1055 1056//1056
f 1057//1057 1058//1058 1059//1059
f 1060//1060 1061//1061 1062//1062
f 1063//1063 1064//1064 1065//1065
f 1066//1066 1067//1067 1068//1068
f 1069//1069 1070//1070 1071//1071
f 1072//1072 1073//1073 1074//1074
f 1075//1075 1076//1076 1077//1077
f 1078//1078 1079//1079 1080//1080
f 1081//1081 1082//1082 1083//1083
f 1084//1084 1085//1085 1086//1086
f 1087//1087 1088//1088 1089//1089
f 1090//1090 1091//1091 1092//1092
f 1093//1093 1094//1094 1095//1095
f 1096//1096 1097//1097 1098//1098
f 1099//1099 1100//1100 1101//1101
f 1102//1102 1103//1103 1104//1104
f 1105//1105 1106//1106 1107//1107
f 1108//1108 1109//1109 1110//1110
f 1111//1111 1112//1112 1113//1113
f 1114//1114 1115//1115 1116//1116
f 1117//1117 1118//1118 1119//1119
f 1120//1120 1121//1121 1122//1122
f 1123//1123 1124//1124 1125//1125
f 1126//1126 1127//1127 1128//1128
f 1129//1129 1130//1130 1131//1131
f 1132//1132 1133//1133 1134//1134
f 1135//1135 1136//1136 1137//1137
f 1138//1138 1139//1139 1140//1140
f 1141//1141 1142//1142 1143//1143
f 1144//1144 1145//1145 1146//1146
f 1147//1147 1148//1148 1149//1149
f 1150//1150 1151//1151 1152//1152
f 1153//1153 1154//1154 1155//1155
f 1156//1156 1157//1157 1158//1158
f 1159//1159 1160//1160 1161//1161
f 1162//1162 1163//1163 1164//1164
f 1165//1165 1166//1166 1167//1167
f 1156//1156 1168//1168 1157//1157
f 1169//1169 1170//1170 1171//1171
f 1172//1172 1173//1173 1174//1174
f 1175//1175 1176//1176 1177//1177
f 1178//1178 1179//1179 1180//1180
f 1181//1181 1182//1182 1183//1183
f 1184//1184 1185//1185 1186//1186
f 1187//1187 1188//1188 1189//1189
f 1190//1190 1191//1191 1192//1192
f 1193//1193 1194//1194 1195//1195
f 1196//1196 1197//1197 1198//1198
f 1199//1199 1200//1200 1201//1201
f 1202//1202 1203//1203 1204//1204
f 1205//1205 1206//1206 1207//1207
f 1208//1208 1209//1209 1210//1210
f 1211//1211 1212//1212 1213//1213
f 1214//1214 1215//1215 1216//1216
f 1217//1217 1218//1218 1219//1219
f 1220//1220 1221//1221 1222//1222
f 1223//1223 1224//1224 1225//1225
f 1226//1226 1227//1227 1228//1228
f 1229//1229 1230//1230 1231//1231
f 1232//1232 1233//1233 1234//1234
f 1235//1235 1236//1236 1237//1237
f 1238//1238 1239//1239 1240//1240
f 1241//1241 1242//1242 1243//1243
f 1244//1244 1245//1245 1246//1246
f 1247//1247 1248//1248 1249//1249
f 1250//1250 1251//1251 1252//1252
f 1253//1253 1254//1254 1255//1255
f 1256//1256 1257//1257 1258//1258
f 1259//1259 1260//1260 1261//1261
f 1127//1127 1126//1126 1262//1262
f 1263//1263 1264//1264 1265//1265
f 1266//1266 1267//1267 1268//1268
f 1269//1269 1270//1270 1271//1271
f 1272//1272 1273//1273 1274//1274
f 1275//1275 1276//1276 1277//1277
f 1278//1278 1279//1279 1280//1280
f 1281//1281 1282//1282 1283//1283
f 1284//1284 1285//1285 1286//1286
f 1287//1287 1288//1288 1289//1289
f 1290//1290 1291//1291 1292//1292
f 1293//1293 1294//1294 1295//1295
f 1296//1296 1297//1297 1298//1298
f 1299//1299 1300//1300 1301//1301
f 1302//1302 1303//1303 1304//1304
f 1305//1305 1306//1306 1307//1307
f 1308//1308 1309//1309 1310//1310
f 1311//1311 1312//1312 1313//1313
f 1314//1314 1300//1300 1299//1299
f 1315//1315 1316//1316 1317//1317
f 1318//1318 1319//1319 1320//1320
f 1321//1321 1322//1322 1323//1323
f 1324//1324 1325//1325 1326//1326
f 1327//1327 1328//1328 1329//1329
f 1330//1330 1331//1331 1332//1332
f 1333//1333 1334//1334 1335//1335
f 1336//1336 1337//1337 1338//1338
f 1339//1339 1340//1340 1341//1341
f 1342//1342 1343//1343 1344//1344
f 1345//1345 1346//1346 1347//1347
f 1348//1348 1349//1349 1350//1350
f 1351//1351 1352//1352 1353//1353
f 1354//1354 1355//1355 1356//1356
f 1357//1357 1358//1358 1342//1342
f 1359//1359 1360//1360 1361//1361
f 1362//1362 1363//1363 1364//1364
f 1365//1365 1366//1366 1367//1367
f 1368//1368 1369//1369 1370//1370
f 1371//1371 1372//1372 1373//1373
f 1374//1374 1375//1375 1376//1376
f 1377//1377 1378//1378 1379//1379
f 1380//1380 1381//1381 1382//1382
f 1383//1383 1384//1384 1385//1385
f 1386//1386 1387//1387 1388//1388
f 1387//1387 1389//1389 1388//1388
f 1390//1390 1391//1391 1392//1392
f 1393//1393 1394//1394 1395//1395
f 1396//1396 1397//1397 1398//1398
f 1399//1399 1400//1400 1401//1401
f 1402//1402 1403//1403 1404//1404
f 1405//1405 1406//1406 1407//1407
f 1408//1408 1409//1409 1410//1410
f 1409//1409 1411//1411 1410//1410
f 1412//1412 1413//1413 1414//1414
f 1415//1415 1416//1416 1417//1417
f 1418//1418 1419//1419 1420//1420
f 1421//1421 1422//1422 1423//1423
f 1424//1424 1425//1425 1426//1426
f 1427//1427 1428//1428 1429//1429
f 1430//1430 1431//1431 1432//1432
f 1433//1433 1434//1434 1435//1435
f 1436//1436 1437//1437 1438//1438
f 1439//1439 1440//1440 1441//1441
f 1442//1442 1443//1443 1444//1444
f 1445//1445 1446//1446 1447//1447
f 1448//1448 1449//1449 1450//1450
f 1451//1451 1452//1452 1453//1453
f 1454//1454 1455//1455 1456//1456
f 1457//1457 1458//1458 1459//1459
f 1460//1460 1461//1461 1462//1462
f 1463//1463 1464//1464 1465//1465
f 1466//1466 1467//1467 1468//1468
f 1469//1469 1470//1470 1471//1471
f 1472//1472 1473//1473 1474//1474
f 1475//1475 1476//1476 1477//1477
f 1478//1478 1479//1479 1480//1480
f 1481//1481 1482//1482 1483//1483
f 1484//1484 1485//1485 1486//1486
f 1487//1487 1488//1488 1489//1489
f 1490//1490 1491//1491 1492//1492
f 1493//1493 1494//1494 1495//1495
f 1496//1496 1497//1497 1498//1498
f 1499//1499 1500//1500 1501//1501
f 1502//1502 1503//1503 1504//1504
f 1505//1505 1506//1506 1507//1507
f 1508//1508 1509//1509 1510//1510
f 1511//1511 1512//1512 1513//1513
f 1514//1514 1515//1515 1516//1516
f 1517//1517 1518//1518 1519//1519
f 1520//1520 1521//1521 1522//1522
f 1523//1523 1524//1524 1525//1525
f 1526//1526 1527//1527 1528//1528
f 1529//1529 1530//1530 1531//1531
f 1532//1532 1533//1533 1534//1534
f 1535//1535 1536//1536 1537//1537
f 1538//1538 1539//1539 1540//1540
f 1541//1541 1542//1542 1543//1543
f 1544//1544 1545//1545 1546//1546
f 1547//1547 1548//1548 1549//1549
f 1550//1550 1551//1551 1552//1552
f 1553//1553 1554//1554 1555//1555
f 1556//1556 1557//1557 1558//1558
f 1559//1559 1560//1560 1561//1561
f 1562//1562 1563//1563 1564//1564
f 1565//1565 1566//1566 1567//1567
f 1568//1568 1569//1569 1570//1570
f 1571//1571 1572//1572 1573//1573
f 1574//1574 1575//1575 1576//1576
f 1577//1577 1578//1578 1579//1579
f 1580//1580 1581//1581 1582//1582
f 1583//1583 1584//1584 1585//1585
f 1586//1586 1587//1587 1588//1588
f 1589//1589 1590//1590 1591//1591
f 1592//1592 1593//1593 1594//1594
f 1595//1595 1596//1596 1597//1597
f 1598//1598 1599//1599 1600//1600
f 1601//1601 1602//1602 1603//1603
f 1604//1604 1605//1605 1606//1606
f 1607//1607 1608//1608 1609//1609
f 1610//1610 1611//1611 1612//1612
f 1613//1613 1614//1614 1615//1615
f 1616//1616 1617//1617 1618//1618
f 1605//1605 1619//1619 1606//1606
f 1620//1620 1621//1621 1622//1622
f 1623//1623 1624//1624 1625//1625
f 1626//1626 1627//1627 1628//1628
f 1629//1629 1630//1630 1631//1631
f 1632//1632 1633//1633 1634//1634
f 1635//1635 1636//1636 1637//1637
f 1638//1638 1639//1639 1640//1640
f 1641//1641 1642//1642 1643//1643
f 1644//1644 1645//1645 1646//1646
f 1647//1647 1648//1648 1649//1649
f 1650//1650 1651//1651 1652//1652
f 1653//1653 1654//1654 1655//1655
f 1656//1656 1657//1657 1658//1658
f 1659//1659 1660//1660 1661//1661
f 1662//1662 1663//1663 1664//1664
f 1665//1665 1666//1666 1667//1667
f 1668//1668 1669//1669 1670//1670
f 1671//1671 1672//1672 1673//1673
f 1674//1674 1675//1675 1676//1676
f 1677//1677 1678//1678 1679//1679
f 1680//1680 1681//1681 1682//1682
f 1683//1683 1684//1684 1685//1685
f 1686//1686 1687//1687 1688//1688
f 1689//1689 1690//1690 1691//1691
f 1692//1692 1693//1693 1694//1694
f 1695//1695 1696//1696 1697//1697
f 1698//1698 1699//1699 1700//1700
f 1701//1701 1702//1702 1703//1703
f 1704//1704 1705//1705 1706//1706
f 1707//1707 1708//1708 1709//1709
f 1710//1710 1711//1711 1712//1712
f 1713//1713 1714//1714 1715//1715
f 1716//1716 1717//1717 1718//1718
f 1719//1719 1720//1720 1721//1721
f 1722//1722 1723//1723 1724//1724
f 1725//1725 1726//1726 1727//1727
f 1728//1728 1729//1729 1730//1730
f 1731//1731 1732//1732 1733//1733
f 1734//1734 1735//1735 1736//1736
f 1737//1737 1738//1738 1739//1739
f 1740//1740 1741//1741 1742//1742
f 1743//1743 1744//1744 1745//1745
f 1746//1746 1747//1747 1748//1748
f 1749//1749 1750//1750 1751//1751
f 1752//1752 1753//1753 1754//1754
f 1755//1755 1756//1756 1757//1757
f 1758//1758 1759//1759 1760//1760
f 1761//1761 1762//1762 1763//1763
f 1764//1764 1765//1765 1766//1766
f 1675//1675 1767//1767 1676//1676
f 1768//1768 1769//1769 1770//1770
f 1771//1771 1772//1772 1773//1773
f 1774//1774 1775//1775 1776//1776
f 1777//1777 1778//1778 1779//1779
f 1780//1780 1781//1781 1782//1782
f 1783//1783 1784//1784 1785//1785
f 1786//1786 1787//1787 1788//1788
f 1789//1789 1790//1790 1791//1791
f 1792//1792 1793//1793 1794//1794
f 1795//1795 1796//1796 1797//1797
f 1798//1798 1799//1799 1800//1800
f 1801//1801 1802//1802 1803//1803
f 1804//1804 1805//1805 1806//1806
f 1807//1807 1808//1808 1809//1809
f 1810//1810 1793//1793 1792//1792
f 1811//1811 1812//1812 1813//1813
f 1814//1814 1815//1815 1816//1816
f 1817//1817 1818//1818 1819//1819
f 1820//1820 1821//1821 1822//1822
f 1823//1823 1824//1824 1825//1825
f 1826//1826 1827//1827 1828//1828
f 1829//1829 1830//1830 1831//1831
f 1832//1832 1833//1833 1834//1834
f 1835//1835 1836//1836 1837//1837
f 1838//1838 1839//1839 1840//1840
f 1841//1841 1842//1842 1843//1843
f 1844//1844 1845//1845 1846//1846
f 1847//1847 1848//1848 1849//1849
f 1850//1850 1851//1851 1852//1852
f 1853//1853 1854//1854 1855//1855
f 1856//1856 1857//1857 1858//1858
f 1859//1859 1860//1860 1861//1861
f 1862//1862 1863//1863 1864//1864
f 1865//1865 1866//1866 1867//1867
f 1868//1868 1869//1869 1870//1870
f 1871//1871 1872//1872 1873//1873
f 1874//1874 1875//1875 1876//1876
f 1877//1877 1878//1878 1879//1879
f 1880//1880 1881//1881 1882//1882
f 1883//1883 1884//1884 1885//1885
f 1886//1886 1887//1887 1888//1888
f 1889//1889 1890//1890 1891//1891
f 1892//1892 1893//1893 1894//1894
f 1895//1895 1896//1896 1897//1897
f 1898//1898 1899//1899 1900//1900
f 1901//1901 1902//1902 1903//1903
f 1904//1904 1905//1905 1906//1906
f 1907//1907 1908//1908 1909//1909
f 1910//1910 1911//1911 1912//1912
f 1913//1913 1914//1914 1915//1915
f 1916//1916 1917//1917 1918//1918
f 1919//1919 1920//1920 1921//1921
f 1922//1922 1923//1923 1924//1924
f 1925//1925 1926//1926 1927//1927
f 1928//1928 1929//1929 1930//1930
f 1931//1931 1932//1932 1933//1933
f 1934//1934 1935//1935 1936//1936
f 1937//1937 1938//1938 1939//1939
f 1940//1940 1941//1941 1942//1942
f 1943//1943 1944//1944 1945//1945
f 1946//1946 1947//1947 1948//1948
f 1949//1949 1950//1950 1951//1951
f 1952//1952 1953//1953 1954//1954
f 1955//1955 1956//1956 1957//1957
f 1958//1958 1959//1959 1960//1960
f 1961//1961 1962//1962 1963//1963
f 1964//1964 1965//1965 1966//1966
f 1967//1967 1968//1968 1969//1969
f 1970//1970 1971//1971 1972//1972
f 1973//1973 1974//1974 1975//1975
f 1976//1976 1977//1977 1978//1978
f 1979//1979 1980//1980 1981//1981
f 1982//1982 1983//1983 1984//1984
f 1985//1985 1986//1986 1987//1987
f 1988//1988 1989//1989 1990//1990
f 1991//1991 1992//1992 1993//1993
f 1994//1994 1995//1995 1996//1996
f 1997//1997 1998//1998 1999//1999
f 2000//2000 2001//2001 2002//2002
f 2003//2003 2004//2004 2005//2005
f 2006//2006 2007//2007 2008//2008
f 2009//2009 2010//2010 2011//2011
f 2012//2012 2013//2013 2014//2014
f 2015//2015 2016//2016 2017//2017
f 2018//2018 2019//2019 2020//2020
f 2021//2021 2022//2022 2023//2023
f 2024//2024 2025//2025 2026//2026
f 2027//2027 2028//2028 2029//2029
f 2030//2030 2031//2031 2032//2032
f 2033//2033 2034//2034 2035//2035
f 2036//2036 2037//2037 2038//2038
f 2039//2039 2040//2040 2041//2041
f 2042//2042 2043//2043 2044//2044
f 2045//2045 2046//2046 2047//2047
f 2048//2048 2049//2049 2050//2050
f 2051//2051 2052//2052 2053//2053
f 2054//2054 2055//2055 2056//2056
f 2057//2057 2058//2058 2059//2059
f 2060//2060 2061//2061 2062//2062
f 2063//2063 2064//2064 2065//2065
f 2066//2066 2067//2067 2068//2068
f 2069//2069 2070//2070 2071//2071
f 2072//2072 2073//2073 2074//2074
f 2075//2075 2076//2076 2077//2077
f 2078//2078 2079//2079 2080//2080
f 2081//2081 2082//2082 2083//2083
f 2084//2084 2085//2085 2086//2086
f 2087//2087 2088//2088 2089//2089
f 2090//2090 2091//2091 2092//2092
f 2093//2093 2094//2094 2095//2095
f 2096//2096 2097//2097 2098//2098
f 2099//2099 2100//2100 2101//2101
f 2102//2102 2103//2103 2104//2104
f 2105//2105 2106//2106 2107//2107
f 2108//2108 2109//2109 2110//2110
f 2111//2111 2112//2112 2113//2113
f 2114//2114 2115//2115 2116//2116
f 2117//2117 2118//2118 2119//2119
f 2120//2120 2121//2121 2122//2122
f 2123//2123 2124//2124 2125//2125
f 2126//2126 2127//2127 2128//2128
f 2129//2129 2130//2130 2131//2131
f 2132//2132 2133//2133 2134//2134
f 2135//2135 2136//2136 2137//2137
f 2138//2138 2139//2139 2140//2140
f 2141//2141 2142//2142 2143//2143
f 2144//2144 2145//2145 2146//2146
f 2147//2147 2148//2148 2149//2149
f 2150//2150 2151//2151 2152//2152
f 2153//2153 2154//2154 2155//2155
f 2156//2156 2157//2157 2158//2158
f 2159//2159 2160//2160 2161//2161
f 2162//2162 2163//2163 2164//2164
f 2165//2165 2166//2166 2167//2167
f 2168//2168 2169//2169 2170//2170
f 2171//2171 2172//2172 2173//2173
f 2174//2174 2175//2175 2176//2176
f 2177//2177 2178//2178 2179//2179
f 2180//2180 2181//2181 2182//2182
f 2183//2183 2184//2184 2185//2185
f 2186//2186 2187//2187 2188//2188
f 2189//2189 2190//2190 2191//2191
f 2192//2192 2193//2193 2194//2194
f 2195//2195 2196//2196 2197//2197
f 2198//2198 2199//2199 2200//2200
f 2201//2201 2202//2202 2203//2203
f 2204//2204 2205//2205 2206//2206
f 2207//2207 2208//2208 2209//2209
f 2210//2210 2211//2211 2212//2212
f 2213//2213 2214//2214 2215//2215
f 2216//2216 2217//2217 2218//2218
f 2219//2219 2220//2220 2221//2221
f 2222//2222 2223//2223 2224//2224
f 2225//2225 2221//2221 2220//2220
f 2226//2226 2227//2227 2228//2228
f 2229//2229 2230//2230 2231//2231
f 2232//2232 2233//2233 2234//2234
f 2235//2235 2236//2236 2237//2237
f 2238//2238 2239//2239 2240//2240
f 2241//2241 2242//2242 2243//2243
f 2244//2244 2245//2245 2246//2246
f 2247//2247 2248//2248 2249//2249
f 2250//2250 2251//2251 2252//2252
f 2253//2253 2254//2254 2255//2255
f 2256//2256 2257//2257 2258//2258
f 2259//2259 2260//2260 2261//2261
f 2262//2262 2263//2263 2264//2264
f 2265//2265 2266//2266 2267//2267
f 2268//2268 2269//2269 2270//2270
f 2271//2271 2272//2272 2273//2273
f 2274//2274 2275//2275 2276//2276
f 2277//2277 2278//2278 2279//2279
f 2280//2280 2281//2281 2282//2282
f 2283//2283 2284//2284 2285//2285
f 2286//2286 2287//2287 2288//2288
f 2289//2289 2290//2290 2291//2291
f 2292//2292 2293//2293 2294//2294
f 2295//2295 2296//2296 2297//2297
f 2298//2298 2299//2299 2300//2300
f 2301//2301 2302//2302 2303//2303
f 2304//2304 2305//2305 2306//2306
f 2307//2307 2308//2308 2309//2309
f 2310//2310 2311//2311 2312//2312
f 2313//2313 2314//2314 2315//2315
f 2316//2316 2317//2317 2318//2318
f 2319//2319 2320//2320 2321//2321
f 2322//2322 2323//2323 2324//2324
f 2325//2325 2326//2326 2327//2327
f 2328//2328 2329//2329 2330//2330
f 2331//2331 2332//2332 2333//2333
f 2334//2334 2335//2335 2336//2336
f 2337//2337 2338//2338 2339//2339
f 2340//2340 2341//2341 2342//2342
f 2343//2343 2344//2344 2345//2345
f 2346//2346 2347//2347 2348//2348
f 2349//2349 2350//2350 2351//2351
f 2352//2352 2353//2353 2354//2354
f 2355//2355 2356//2356 2357//2357
f 2358//2358 2359//2359 2360//2360
f 2361//2361 2362//2362 2363//2363
f 2364//2364 2365//2365 2366//2366
f 2367//2367 2368//2368 2369//2369
f 2370//2370 2371//2371 2372//2372
f 2373//2373 2374//2374 2375//2375
f 2376//2376 2377//2377 2378//2378
f 2379//2379 2380//2380 2381//2381
f 2382//2382 2383//2383 2384//2384
f 2385//2385 2386//2386 2387//2387
f 2388//2388 2389//2389 2390//2390
f 2391//2391 2392//2392 2393//2393
f 2394//2394 2395//2395 2396//2396
f 2397//2397 2398//2398 2399//2399
f 2400//2400 2401//2401 2402//2402
f 2403//2403 2404//2404 2405//2405
f 2406//2406 2407//2407 2408//2408
f 2409//2409 2410//2410 2411//2411
f 2412//2412 2413//2413 2414//2414
f 2415//2415 2416//2416 2417//2417
f 2418//2418 2419//2419 2420//2420
f 2421//2421 2422//2422 2423//2423
f 2424//2424 2425//2425 2426//2426
f 2427//2427 2428//2428 2429//2429
f 2430//2430 2431//2431 2432//2432
f 2433//2433 2434//2434 2435//2435
f 2436//2436 2437//2437 2438//2438
f 2439//2439 2440//2440 2441//2441
f 2442//2442 2443//2443 2444//2444
f 2445//2445 2446//2446 2447//2447
f 2448//2448 2449//2449 2450//2450
f 2451//2451 2452//2452 2453//2453
f 2454//2454 2455//2455 2456//2456
f 2457//2457 2458//2458 2459//2459
f 2460//2460 2461//2461 2462//2462
f 2463//2463 2464//2464 2465//2465
f 2466//2466 2467//2467 2468//2468
f 2469//2469 2470//2470 2471//2471
f 2472//2472 2473//2473 2474//2474
f 2475//2475 2476//2476 2477//2477
f 2478//2478 2479//2479 2480//2480
f 2481//2481 2482//2482 2483//2483
f 2484//2484 2485//2485 2486//2486
f 2487//2487 2488//2488 2489//2489
f 2490//2490 2491//2491 2492//2492
f 2493//2493 2494//2494 2495//2495
f 2496//2496 2497//2497 2498//2498
f 2499//2499 2500//2500 2501//2501
f 2502//2502 2503//2503 2504//2504
f 2505//2505 2506//2506 2507//2507
f 2508//2508 2509//2509 2510//2510
f 2511//2511 2512//2512 2513//2513
f 2514//2514 2515//2515 2516//2516
f 2517//2517 2518//2518 2519//2519
f 2520//2520 2521//2521 2522//2522
f 2523//2523 2524//2524 2525//2525
f 2526//2526 2527//2527 2528//2528
f 2529//2529 2530//2530 2531//2531
f 2532//2532 2533//2533 2534//2534
f 2535//2535 2536//2536 2537//2537
f 2538//2538 2539//2539 2540//2540
f 2541//2541 2542//2542 2543//2543
f 2544//2544 2545//2545 2546//2546
f 2547//2547 2548//2548 2549//2549
f 2550//2550 2551//2551 2552//2552
f 2553//2553 2554//2554 2555//2555
f 2556//2556 2557//2557 2558//2558
f 2559//2559 2560//2560 2561//2561
f 2562//2562 2563//2563 2564//2564
f 2565//2565 2566//2566 2567//2567
f 2568//2568 2569//2569 2570//2570
f 2571//2571 2572//2572 2573//2573
f 2574//2574 2575//2575 2576//2576
f 2577//2577 2578//2578 2579//2579
f 2580//2580 2581//2581 2582//2582
f 2583//2583 2584//2584 2585//2585
f 2586//2586 2587//2587 2588//2588
f 2589//2589 2590//2590 2591//2591
f 2592//2592 2593//2593 2594//2594
f 2595//2595 2596//2596 2597//2597
f 2598//2598 2599//2599 2600//2600
f 2601//2601 2602//2602 2603//2603
f 2604//2604 2605//2605 2606//2606
f 2607//2607 2608//2608 2609//2609
f 2610//2610 2611//2611 2612//2612
f 2613//2613 2614//2614 2615//2615
f 2616//2616 2617//2617 2618//2618
f 2619//2619 2620//2620 2621//2621
f 2622//2622 2623//2623 2624//2624
f 2625//2625 2626//2626 2627//2627
f 2628//2628 2629//2629 2630//2630
f 2631//2631 2632//2632 2633//2633
f 2634//2634 2635//2635 2636//2636
f 2637//2637 2638//2638 2639//2639
f 2640//2640 2641//2641 2642//2642
f 2643//2643 2644//2644 2645//2645
f 2646//2646 2647//2647 2648//2648
f 2649//2649 2650//2650 2651//2651
f 2652//2652 2653//2653 2654//2654
f 2655//2655 2656//2656 2657//2657
f 2658//2658 2659//2659 2660//2660
f 2661//2661 2662//2662 2663//2663
f 2664//2664 2665//2665 2666//2666
f 2667//2667 2668//2668 2669//2669
f 2670//2670 2671//2671 2672//2672
f 2673//2673 2674//2674 2675//2675
f 2676//2676 2677//2677 2678//2678
f 2679//2679 2680//2680 2681//2681
f 2682//2682 2683//2683 2684//2684
f 2685//2685 2686//2686 2687//2687
f 2683//2683 2688//2688 2684//2684
f 2689//2689 2690//2690 2691//2691
f 2692//2692 2693//2693 2694//2694
f 2695//2695 2696//2696 2697//2697
f 2698//2698 2699//2699 2700//2700
f 2701//2701 2702//2702 2703//2703
f 2704//2704 2705//2705 2706//2706
f 2707//2707 2708//2708 2709//2709
f 2710//2710 2711//2711 2712//2712
f 2713//2713 2714//2714 2715//2715
f 2716//2716 2717//2717 2718//2718
f 2719//2719 2720//2720 2721//2721
f 2722//2722 2723//2723 2724//2724
f 2725//2725 2726//2726 2727//2727
f 2728//2728 2729//2729 2730//2730
f 2731//2731 2732//2732 2733//2733
f 2734//2734 2735//2735 2736//2736
f 2737//2737 2738//2738 2739//2739
f 2740//2740 2741//2741 2742//2742
f 2743//2743 2744//2744 2745//2745
f 2746//2746 2747//2747 2748//2748
f 2749//2749 2750//2750 2751//2751
f 2752//2752 2753//2753 2754//2754
f 2755//2755 2756//2756 2757//2757
f 2758//2758 2759//2759 2760//2760
f 2761//2761 2762//2762 2763//2763
f 2764//2764 2765//2765 2766//2766
f 2767//2767 2768//2768 2769//2769
f 2770//2770 2771//2771 2772//2772
f 2773//2773 2774//2774 2775//2775
f 2776//2776 2777//2777 2778//2778
f 2779//2779 2780//2780 2781//2781
f 2782//2782 2783//2783 2784//2784
f 2785//2785 2786//2786 2787//2787
f 2788//2788 2789//2789 2790//2790
f 2791//2791 2792//2792 2793//2793
f 2794//2794 2795//2795 2796//2796
f 2797//2797 2798//2798 2799//2799
f 2800//2800 2801//2801 2802//2802
f 2803//2803 2804//2804 2805//2805
f 2806//2806 2807//2807 2808//2808
f 2809//2809 2810//2810 2811//2811
f 2812//2812 2813//2813 2814//2814
f 2815//2815 2816//2816 2817//2817
f 2818//2818 2819//2819 2820//2820
f 2821//2821 2822//2822 2823//2823
f 2824//2824 2825//2825 2826//2826
f 2827//2827 2828//2828 2829//2829
f 2830//2830 2831//2831 2832//2832
f 2833//2833 2834//2834 2835//2835
f 2836//2836 2837//2837 2838//2838
f 2839//2839 2840//2840 2841//2841
f 2842//2842 2843//2843 2844//2844
f 2845//2845 2846//2846 2847//2847
f 2848//2848 2849//2849 2850//2850
f 2851//2851 2852//2852 2853//2853
f 2854//2854 2855//2855 2856//2856
f 2857//2857 2858//2858 2859//2859
f 2860//2860 2861//2861 2862//2862
f 2863//2863 2864//2864 2865//2865
f 2866//2866 2867//2867 2868//2868
f 2869//2869 2870//2870 2871//2871
f 2872//2872 2873//2873 2874//2874
f 2875//2875 2876//2876 2877//2877
f 2878//2878 2879//2879 2880//2880
f 2881//2881 2882//2882 2883//2883
f 2884//2884 2885//2885 2886//2886
f 2887//2887 2888//2888 2889//2889
f 2890//2890 2891//2891 2892//2892
f 2893//2893 2894//2894 2895//2895
f 2896//2896 2897//2897 2898//2898
f 2899//2899 2900//2900 2901//2901
f 2902//2902 2903//2903 2904//2904
f 2905//2905 2906//2906 2907//2907
f 2908//2908 2909//2909 2910//2910
f 2911//2911 2912//2912 2913//2913
f 2914//2914 2915//2915 2916//2916
f 2917//2917 2918//2918 2919//2919
f 2920//2920 2921//2921 2922//2922
f 2923//2923 2924//2924 2925//2925
f 2926//2926 2927//2927 2928//2928
f 2929//2929 2930//2930 2931//2931
f 2932//2932 2933//2933 2934//2934
f 2935//2935 2936//2936 2937//2937
f 2938//2938 2939//2939 2940//2940
f 2941//2941 2942//2942 2943//2943
f 2944//2944 2945//2945 2946//2946
f 2947//2947 2948//2948 2949//2949
f 2950//2950 2951//2951 2952//2952
f 2953//2953 2954//2954 2955//2955
f 2956//2956 2957//2957 2958//2958
f 2959//2959 2960//2960 2961//2961
f 2962//2962 2963//2963 2964//2964
f 2965//2965 2966//2966 2967//2967
f 2968//2968 2969//2969 2970//2970
f 2971//2971 2972//2972 2973//2973
f 2974//2974 2975//2975 2976//2976
f 2977//2977 2978//2978 2979//2979
f 2980//2980 2981//2981 2982//2982
f 2983//2983 2984//2984 2985//2985
f 2986//2986 2987//2987 2988//2988
f 2989//2989 2990//2990 2991//2991
f 2992//2992 2993//2993 2994//2994
f 2995//2995 2996//2996 2997//2997
f 2998//2998 2999//2999 3000//3000
f 3001//3001 3002//3002 3003//3003
f 3004//3004 3005//3005 3006//3006
f 3007//3007 3008//3008 3009//3009
f 3010//3010 3011//3011 2928//2928
f 3012//3012 3013//3013 3014//3014
f 3015//3015 3016//3016 3017//3017
f 3018//3018 3019//3019 3020//3020
f 3021//3021 3022//3022 3023//3023
f 3024//3024 3025//3025 3026//3026
f 3027//3027 3028//3028 3029//3029
f 3030//3030 3031//3031 3032//3032
f 3033//3033 3034//3034 3035//3035
f 3036//3036 3037//3037 3038//3038
f 3039//3039 3040//3040 3041//3041
f 3042//3042 3043//3043 3044//3044
f 3045//3045 3046//3046 3047//3047
f 3048//3048 3049//3049 3050//3050
f 3051//3051 3052//3052 3053//3053
f 3054//3054 3055//3055 3056//3056
f 3057//3057 3058//3058 3059//3059
f 3060//3060 3061//3061 3062//3062
f 3063//3063 3064//3064 3065//3065
f 3066//3066 3067//3067 3068//3068
f 3069//3069 3070//3070 3071//3071
f 3072//3072 3073//3073 3074//3074
f 3075//3075 3076//3076 3077//3077
f 3078//3078 3079//3079 3080//3080
f 3081//3081 3082//3082 3083//3083
f 3084//3084 3085//3085 3086//3086
f 3087//3087 3088//3088 3089//3089
f 3090//3090 3091//3091 3092//3092
f 3093//3093 3094//3094 3095//3095
f 3096//3096 3097//3097 3098//3098
f 3099//3099 3100//3100 3101//3101
f 3102//3102 3103//3103 3104//3104
f 3105//3105 3106//3106 3107//3107
f 3108//3108 3109//3109 3110//3110
f 3111//3111 3112//3112 3113//3113
f 3114//3114 3115//3115 3116//3116
f 3117//3117 3118//3118 3119//3119
f 3120//3120 3121//3121 3122//3122
f 3123//3123 3124//3124 3125//3125
f 3126//3126 3127//3127 3128//3128
f 3129//3129 3130//3130 3131//3131
f 3132//3132 3133//3133 3134//3134
f 3135//3135 3136//3136 3137//3137
f 3138//3138 3139//3139 3140//3140
f 3141//3141 3142//3142 3143//3143
f 3121//3121 3120//3120 3144//3144
f 3145//3145 3146//3146 3147//3147
f 3148//3148 3149//3149 3150//3150
f 3151//3151 3152//3152 3153//3153
f 3154//3154 3155//3155 3156//3156
f 3157//3157 3158//3158 3159//3159
f 3160//3160 3161//3161 3162//3162
f 3163//3163 3164//3164 3165//3165
f 3166//3166 3167//3167 3168//3168
f 3169//3169 3170//3170 3171//3171
f 3172//3172 3173//3173 3174//3174
f 3175//3175 3176//3176 3177//3177
f 3178//3178 3179//3179 3180//3180
f 3181//3181 3182//3182 3183//3183
f 3184//3184 3185//3185 3186//3186
f 3187//3187 3188//3188 3189//3189
f 3190//3190 3191//3191 3192//3192
f 3193//3193 3194//3194 3195//3195
f 3196//3196 3197//3197 3198//3198
f 3199//3199 3200//3200 3201//3201
f 3202//3202 3203//3203 3204//3204
f 3205//3205 3190//3190 3192//3192
f 3206//3206 3207//3207 3208//3208
f 3209//3209 3210//3210 3211//3211
f 3212//3212 3213//3213 3214//3214
f 3215//3215 3216//3216 3217//3217
f 3218//3218 3219//3219 3220//3220
f 3221//3221 3222//3222 3223//3223
f 3224//3224 3225//3225 3226//3226
f 3227//3227 3228//3228 3229//3229
f 3230//3230 3231//3231 3232//3232
f 3106//3106 3233//3233 3107//3107
f 3234//3234 3235//3235 3236//3236
f 3237//3237 3238//3238 3239//3239
f 3240//3240 3241//3241 3242//3242
f 3243//3243 3244//3244 3245//3245
f 3246//3246 3247//3247 3248//3248
f 3249//3249 3250//3250 3251//3251
f 3252//3252 3253//3253 3254//3254
f 3255//3255 3256//3256 3257//3257
f 3258//3258 3259//3259 3260//3260
f 3261//3261 3262//3262 3263//3263
f 3264//3264 3265//3265 3266//3266
f 3267//3267 3268//3268 3269//3269
f 3270//3270 3271//3271 3272//3272
f 3273//3273 3274//3274 3275//3275
f 3276//3276 3277//3277 3278//3278
f 3279//3279 3280//3280 3281//3281
f 3282//3282 3283//3283 3284//3284
f 3285//3285 3286//3286 3287//3287
f 3288//3288 3289//3289 3290//3290
f 3291//3291 3292//3292 3293//3293
f 3294//3294 3295//3295 3296//3296
f 3297//3297 3298//3298 3299//3299
f 3300//3300 3301//3301 3302//3302
f 3303//3303 3304//3304 3305//3305
f 3306//3306 3307//3307 3308//3308
f 3309//3309 3310//3310 3311//3311
f 3312//3312 3313//3313 3314//3314
f 3315//3315 3316//3316 3317//3317
f 3318//3318 3319//3319 3320//3320
f 3321//3321 3322//3322 3323//3323
f 3324//3324 3325//3325 3326//3326
f 3327//3327 3328//3328 3329//3329
f 3330//3330 3331//3331 3332//3332
f 3333//3333 3334//3334 3335//3335
f 3336//3336 3337//3337 3338//3338
f 3339//3339 3338//3338 3337//3337
f 3340//3340 3341//3341 3342//3342
f 3343//3343 3344//3344 3345//3345
f 3346//3346 3347//3347 3348//3348
f 3349//3349 3350//3350 3351//3351
f 3352//3352 3326//3326 3325//3325
f 3353//3353 3354//3354 3355//3355
f 3356//3356 3357//3357 3246//3246
f 3358//3358 3359//3359 3360//3360
f 3361//3361 3362//3362 3363//3363
f 3364//3364 3365//3365 3366//3366
f 3367//3367 3368//3368 3369//3369
f 3370//3370 3371//3371 3372//3372
f 3255//3255 3257//3257 3373//3373
f 3364//3364 3374//3374 3365//3365
f 3375//3375 3376//3376 3377//3377
f 3378//3378 3379//3379 3380//3380
f 3381//3381 3382//3382 3383//3383
f 3384//3384 3385//3385 3386//3386
f 3387//3387 3388//3388 3389//3389
f 3390//3390 3391//3391 3392//3392
f 3393//3393 3394//3394 3395//3395
f 3396//3396 3397//3397 3398//3398
f 3399//3399 3400//3400 3401//3401
f 3402//3402 3403//3403 3404//3404
f 3405//3405 3406//3406 3407//3407
f 3408//3408 3409//3409 3410//3410
f 3411//3411 3412//3412 3413//3413
f 3414//3414 3415//3415 3416//3416
f 3417//3417 3418//3418 3419//3419
f 3420//3420 3421//3421 3422//3422
f 3423//3423 3424//3424 3425//3425
f 3426//3426 3427//3427 3428//3428
f 3429//3429 3430//3430 3431//3431
f 3432//3432 3433//3433 3434//3434
f 3435//3435 3436//3436 3437//3437
f 3438//3438 3439//3439 3440//3440
f 3441//3441 3442//3442 3443//3443
f 3444//3444 3445//3445 3446//3446
f 3447//3447 3448//3448 3449//3449
f 3450//3450 3451//3451 3452//3452
f 3453//3453 3454//3454 3455//3455
f 3456//3456 3457//3457 3458//3458
f 3459//3459 3460//3460 3461//3461
f 3462//3462 3463//3463 3464//3464
f 3465//3465 3466//3466 3467//3467
f 3468//3468 3469//3469 3470//3470
f 3471//3471 3472//3472 3473//3473
f 3474//3474 3475//3475 3476//3476
f 3477//3477 3478//3478 3479//3479
f 3480//3480 3481//3481 3482//3482
f 3483//3483 3484//3484 3485//3485
f 3486//3486 3487//3487 3488//3488
f 3489//3489 3490//3490 3491//3491
f 3492//3492 3493//3493 3494//3494
f 3495//3495 3496//3496 3497//3497
f 3498//3498 3499//3499 3500//3500
f 3501//3501 3502//3502 3503//3503
f 3504//3504 3505//3505 3506//3506
f 3507//3507 3508//3508 3509//3509
f 3510//3510 3511//3511 3512//3512
f 3513//3513 3514//3514 3515//3515
f 3516//3516 3517//3517 3518//3518
f 3519//3519 3520//3520 3521//3521
f 3522//3522 3523//3523 3524//3524
f 3525//3525 3526//3526 3527//3527
f 3528//3528 3529//3529 3530//3530
f 3531//3531 3532//3532 3533//3533
f 3534//3534 3535//3535 3536//3536
f 3537//3537 3538//3538 3539//3539
f 3540//3540 3541//3541 3542//3542
f 3543//3543 3544//3544 3545//3545
f 3546//3546 3547//3547 3548//3548
f 3549//3549 3550//3550 3551//3551
f 3552//3552 3553//3553 3554//3554
f 3555//3555 3556//3556 3557//3557
f 3558//3558 3559//3559 3560//3560
f 3561//3561 3562//3562 3563//3563
f 3564//3564 3565//3565 3566//3566
f 3567//3567 3568//3568 3569//3569
f 3570//3570 3571//3571 3572//3572
f 3573//3573 3574//3574 3575//3575
f 3576//3576 3577//3577 3578//3578
f 3579//3579 3580//3580 3581//3581
f 3582//3582 3583//3583 3584//3584
f 3585//3585 3586//3586 3587//3587
f 3588//3588 3589//3589 3590//3590
f 3591//3591 3592//3592 3593//3593
f 3591//3591 3594//3594 3592//3592
f 3595//3595 3596//3596 3597//3597
f 3598//3598 3599//3599 3600//3600
f 3601//3601 3602//3602 3603//3603
f 3604//3604 3605//3605 3606//3606
f 3607//3607 3608//3608 3609//3609
f 3610//3610 3611//3611 3612//3612
f 3613//3613 3614//3614 3615//3615
f 3616//3616 3617//3617 3618//3618
f 3619//3619 3620//3620 3621//3621
f 3622//3622 3623//3623 3624//3624
f 3625//3625 3626//3626 3627//3627
f 3628//3628 3629//3629 3630//3630
f 3631//3631 3632//3632 3633//3633
f 3634//3634 3635//3635 3636//3636
f 3637//3637 3638//3638 3639//3639
f 3640//3640 3641//3641 3642//3642
f 3643//3643 3644//3644 3645//3645
f 3646//3646 3647//3647 3648//3648
f 3619//3619 3621//3621 3649//3649
f 3587//3587 3586//3586 3650//3650
f 3651//3651 3652//3652 3653//3653
f 3654//3654 3655//3655 3656//3656
f 3657//3657 3658//3658 3659//3659
f 3660//3660 3661//3661 3662//3662
f 3663//3663 587//587 589//589
f 3664//3664 3665//3665 3666//3666
f 3667//3667 3668//3668 3669//3669
f 3670//3670 3671//3671 3672//3672
f 3673//3673 3674//3674 3675//3675
f 3676//3676 3677//3677 3678//3678
f 3679//3679 3680//3680 3681//3681
f 3682//3682 3683//3683 3684//3684
f 3685//3685 3686//3686 3687//3687
f 3688//3688 3689//3689 3690//3690
f 3691//3691 3692//3692 3693//3693
f 3694//3694 3695//3695 3696//3696
f 3697//3697 3698//3698 3699//3699
f 3700//3700 3701//3701 3702//3702
f 3703//3703 3704//3704 3705//3705
f 3706//3706 3707//3707 3708//3708
f 3709//3709 3710//3710 3711//3711
f 3712//3712 3713//3713 3714//3714
f 3715//3715 3716//3716 3717//3717
f 3718//3718 3719//3719 3720//3720
f 3721//3721 3722//3722 3723//3723
f 3724//3724 3725//3725 3726//3726
f 3727//3727 3728//3728 3729//3729
f 3730//3730 3731//3731 3732//3732
f 3733//3733 3734//3734 3735//3735
f 3736//3736 3737//3737 3738//3738
f 3739//3739 3740//3740 3741//3741
f 3742//3742 3743//3743 3744//3744
f 3745//3745 3746//3746 3747//3747
f 3748//3748 3749//3749 3750//3750
f 3751//3751 3752//3752 3753//3753
f 3754//3754 3755//3755 3756//3756
f 3757//3757 3758//3758 3759//3759
f 3760//3760 3761//3761 3762//3762
f 3763//3763 3764//3764 3765//3765
f 3766//3766 3767//3767 3768//3768
f 3769//3769 3770//3770 3771//3771
f 3772//3772 3773//3773 3774//3774
f 3775//3775 3776//3776 3777//3777
f 3778//3778 3779//3779 3780//3780
f 3781//3781 3782//3782 3783//3783
f 3784//3784 3726//3726 3725//3725
f 3785//3785 3786//3786 3787//3787
f 3788//3788 3789//3789 3790//3790
f 3791//3791 3792//3792 3793//3793
f 3794//3794 3795//3795 3796//3796
f 3797//3797 3798//3798 3799//3799
f 3800//3800 3801//3801 3802//3802
f 3803//3803 3804//3804 3805//3805
f 3806//3806 3807//3807 3808//3808
f 3809//3809 3782//3782 3781//3781
f 3810//3810 3811//3811 3812//3812
f 3759//3759 3758//3758 3813//3813
f 3814//3814 3815//3815 3816//3816
f 3817//3817 3818//3818 3819//3819
f 3820//3820 3821//3821 3822//3822
f 3823//3823 3824//3824 3825//3825
f 3826//3826 3827//3827 3828//3828
f 3829//3829 3830//3830 3831//3831
f 3832//3832 3833//3833 3834//3834
f 3835//3835 3836//3836 3837//3837
f 3838//3838 3839//3839 3840//3840
f 3841//3841 3842//3842 3843//3843
f 3844//3844 3845//3845 3846//3846
f 3847//3847 3848//3848 3849//3849
f 3850//3850 3851//3851 3852//3852
f 3853//3853 3854//3854 3855//3855
f 3856//3856 3857//3857 3858//3858
f 3859//3859 3860//3860 3861//3861
f 3862//3862 3863//3863 3864//3864
f 3865//3865 3866//3866 3867//3867
f 3868//3868 3869//3869 3870//3870
f 3871//3871 3872//3872 3873//3873
f 3874//3874 3875//3875 3876//3876
f 3877//3877 3878//3878 3879//3879
f 3880//3880 3881//3881 3882//3882
f 3883//3883 3884//3884 3885//3885
f 3886//3886 3887//3887 3888//3888
f 3889//3889 3890//3890 3891//3891
f 3892//3892 3893//3893 3894//3894
f 3895//3895 3896//3896 3897//3897
f 3898//3898 3899//3899 3900//3900
f 3901//3901 3902//3902 3903//3903
f 3904//3904 3905//3905 3906//3906
f 3907//3907 3908//3908 3909//3909
f 3910//3910 3911//3911 3912//3912
f 3913//3913 3914//3914 3915//3915
f 3916//3916 3917//3917 3918//3918
f 3919//3919 3920//3920 3921//3921
f 3922//3922 3923//3923 3924//3924
f 3925//3925 3926//3926 3927//3927
f 3928//3928 3929//3929 3930//3930
f 3931//3931 3932//3932 3933//3933
f 3934//3934 3935//3935 3936//3936
f 3937//3937 3938//3938 3939//3939
f 3940//3940 3941//3941 3942//3942
f 3943//3943 3944//3944 3945//3945
f 3946//3946 3947//3947 3948//3948
f 3949//3949 3950//3950 3951//3951
f 3952//3952 3953//3953 3954//3954
f 3955//3955 3956//3956 3957//3957
f 3958//3958 3959//3959 3960//3960
f 3961//3961 3962//3962 3963//3963
f 3964//3964 3965//3965 3966//3966
f 3967//3967 3968//3968 3969//3969
f 3970//3970 3971//3971 3972//3972
f 3973//3973 3974//3974 3975//3975
f 3976//3976 3977//3977 3978//3978
f 3979//3979 3980//3980 3981//3981
f 3982//3982 3983//3983 3984//3984
f 3985//3985 3986//3986 3987//3987
f 3988//3988 3989//3989 3990//3990
f 3991//3991 3992//3992 3993//3993
f 3994//3994 3995//3995 3996//3996
f 3997//3997 3998//3998 3999//3999
f 4000//4000 4001//4001 4002//4002
f 4003//4003 4004//4004 4005//4005
f 4006//4006 4007//4007 4008//4008
f 4000//4000 4002//4002 4009//4009
f 4010//4010 4011//4011 4012//4012
f 4013//4013 4014//4014 4015//4015
f 4016//4016 4017//4017 4018//4018
f 4019//4019 4020//4020 4021//4021
f 4022//4022 4023//4023 4024//4024
f 4025//4025 4026//4026 4027//4027
f 4028//4028 4029//4029 4030//4030
f 4031//4031 4032//4032 4033//4033
f 4034//4034 4035//4035 4036//4036
f 4037//4037 4038//4038 4039//4039
f 4040//4040 4041//4041 4042//4042
f 4043//4043 4044//4044 4045//4045
f 4046//4046 4047//4047 4048//4048
f 4049//4049 4050//4050 4051//4051
f 4052//4052 4053//4053 4054//4054
f 4055//4055 4056//4056 4057//4057
f 4058//4058 4059//4059 4060//4060
f 4061//4061 4062//4062 4063//4063
f 4064//4064 4065//4065 4066//4066
f 4067//4067 4068//4068 4069//4069
f 4070//4070 4071//4071 4072//4072
f 4073//4073 4074//4074 4075//4075
f 4076//4076 4077//4077 4078//4078
f 4079//4079 4080//4080 4081//4081
f 4082//4082 4083//4083 4068//4068
f 4084//4084 4085//4085 4086//4086
f 4087//4087 4088//4088 4089//4089
f 4090//4090 4091//4091 4092//4092
f 4093//4093 4094//4094 4095//4095
f 4096//4096 4097//4097 4098//4098
f 4099//4099 4100//4100 4101//4101
f 4102//4102 4103//4103 4104//4104
f 4105//4105 4106//4106 4107//4107
f 4108//4108 4109//4109 4110//4110
f 4111//4111 4112//4112 4113//4113
f 4114//4114 4115//4115 4116//4116
f 4117//4117 4118//4118 4119//4119
f 4120//4120 4121//4121 4122//4122
f 4123//4123 4124//4124 4125//4125
f 4126//4126 4127//4127 4128//4128
f 4129//4129 4130//4130 4131//4131
f 4132//4132 4133//4133 4134//4134
f 4135//4135 4136//4136 4137//4137
f 4138//4138 4139//4139 4140//4140
f 4141//4141 4142//4142 4143//4143
f 4144//4144 4145//4145 4146//4146
f 4147//4147 4148//4148 4149//4149
f 4150//4150 4151//4151 4152//4152
f 4153//4153 4154//4154 4155//4155
f 4156//4156 4157//4157 4158//4158
f 4159//4159 4160//4160 4161//4161
f 4162//4162 4163//4163 4164//4164
f 4165//4165 4166//4166 4167//4167
f 4168//4168 4169//4169 4170//4170
f 4171//4171 4172//4172 4173//4173
f 4174//4174 4175//4175 4176//4176
f 4177//4177 4178//4178 4179//4179
f 4180//4180 4181//4181 4182//4182
f 4183//4183 4184//4184 4185//4185
f 4186//4186 4187//4187 4188//4188
f 4189//4189 4190//4190 4191//4191
f 4192//4192 4193//4193 4194//4194
f 4195//4195 4196//4196 4197//4197
f 4198//4198 4199//4199 4200//4200
f 4201//4201 4202//4202 4203//4203
f 4204//4204 4205//4205 4206//4206
f 4207//4207 4208//4208 4209//4209
f 4210//4210 4211//4211 4212//4212
f 4213//4213 4214//4214 4215//4215
f 4216//4216 4217//4217 4218//4218
f 4219//4219 4220//4220 4221//4221
f 4222//4222 4223//4223 4224//4224
f 4225//4225 4226//4226 4227//4227
f 4228//4228 4229//4229 4230//4230
f 4231//4231 4232//4232 4233//4233
f 4234//4234 4235//4235 4236//4236
f 4237//4237 4238//4238 4239//4239
f 4240//4240 4241//4241 4242//4242
f 4243//4243 4244//4244 4245//4245
f 4246//4246 4247//4247 4248//4248
f 4249//4249 4250//4250 4251//4251
f 4252//4252 4253//4253 4254//4254
f 4255//4255 4256//4256 4257//4257
f 4258//4258 4259//4259 4260//4260
f 4261//4261 4262//4262 4263//4263
f 4264//4264 4265//4265 4266//4266
f 4267//4267 4268//4268 4269//4269
f 4270//4270 4271//4271 4272//4272
f 4273//4273 4274//4274 4275//4275
f 4276//4276 4277//4277 4278//4278
f 4279//4279 4280//4280 4281//4281
f 4282//4282 4283//4283 4284//4284
f 4285//4285 4286//4286 4287//4287
f 4288//4288 4289//4289 4290//4290
f 4273//4273 4275//4275 4291//4291
f 4292//4292 4293//4293 4294//4294
f 4295//4295 4296//4296 4297//4297
f 4298//4298 4299//4299 4300//4300
f 4301//4301 4302//4302 4303//4303
f 4304//4304 4305//4305 4306//4306
f 4307//4307 4308//4308 4309//4309
f 4310//4310 4311//4311 4312//4312
f 4313//4313 4314//4314 4315//4315
f 4316//4316 4317//4317 4318//4318
f 4319//4319 4320//4320 4321//4321
f 4322//4322 4323//4323 4324//4324
f 4325//4325 4326//4326 4327//4327
f 4328//4328 4329//4329 4330//4330
f 4331//4331 4332//4332 4333//4333
f 4334//4334 4335//4335 4336//4336
f 4337//4337 4338//4338 4339//4339
f 4340//4340 4341//4341 4342//4342
f 4343//4343 4344//4344 4345//4345
f 4346//4346 4347//4347 4348//4348
f 4349//4349 4350//4350 4351//4351
f 4352//4352 4353//4353 4354//4354
f 4355//4355 4356//4356 4357//4357
f 4358//4358 4359//4359 4360//4360
f 4361//4361 4362//4362 4363//4363
f 4364//4364 4365//4365 4366//4366
f 4367//4367 4368//4368 4369//4369
f 4370//4370 4371//4371 4372//4372
f 4373//4373 4374//4374 4375//4375
f 4376//4376 4377//4377 4378//4378
f 4379//4379 4380//4380 4381//4381
f 4382//4382 4383//4383 4384//4384
f 4385//4385 4386//4386 4387//4387
f 4388//4388 4389//4389 4390//4390
f 4391//4391 4392//4392 4393//4393
f 4394//4394 4395//4395 4396//4396
f 4397//4397 4398//4398 4399//4399
f 4400//4400 4401//4401 4402//4402
f 4403//4403 4404//4404 4405//4405
f 4406//4406 4407//4407 4408//4408
f 4409//4409 4410//4410 4411//4411
f 4412//4412 4413//4413 4414//4414
f 4415//4415 4416//4416 4417//4417
f 4418//4418 4419//4419 4420//4420
f 4421//4421 4422//4422 4423//4423
f 4424//4424 4425//4425 4426//4426
f 4427//4427 4428//4428 4429//4429
f 4430//4430 4431//4431 4432//4432
f 4433//4433 4434//4434 4435//4435
f 4436//4436 4437//4437 4438//4438
f 4439//4439 4440//4440 4441//4441
f 4442//4442 4443//4443 4444//4444
f 4445//4445 4446//4446 4447//4447
f 4448//4448 4449//4449 4450//4450
f 4451//4451 4452//4452 4453//4453
f 4454//4454 4455//4455 4456//4456
f 4457//4457 4458//4458 4459//4459
f 4460//4460 4461//4461 4462//4462
f 4463//4463 4464//4464 4465//4465
f 4466//4466 4467//4467 4468//4468
f 4469//4469 4470//4470 4471//4471
f 4472//4472 4473//4473 4474//4474
f 4475//4475 4476//4476 4477//4477
f 4478//4478 4479//4479 4480//4480
f 4481//4481 4482//4482 4483//4483
f 4484//4484 4485//4485 4486//4486
f 4487//4487 4488//4488 4489//4489
f 4490//4490 4491//4491 4492//4492
f 4493//4493 4494//4494 4495//4495
f 4496//4496 4497//4497 4498//4498
f 4499//4499 4500//4500 4501//4501
f 4502//4502 4503//4503 4504//4504
f 4505//4505 4506//4506 4507//4507
f 4508//4508 4509//4509 4510//4510
f 4511//4511 4512//4512 4513//4513
f 4514//4514 4502//4502 4504//4504
f 4515//4515 4516//4516 4517//4517
f 4518//4518 4519//4519 4520//4520
f 4521//4521 4522//4522 4523//4523
f 4524//4524 4525//4525 4526//4526
f 4527//4527 4528//4528 4529//4529
f 4530//4530 4531//4531 4532//4532
f 4533//4533 4534//4534 4535//4535
f 4536//4536 4537//4537 4538//4538
f 4539//4539 4540//4540 4541//4541
f 4542//4542 4543//4543 4544//4544
f 4539//4539 4545//4545 4540//4540
f 4546//4546 4547//4547 4548//4548
f 4549//4549 4550//4550 4551//4551
f 4552//4552 4553//4553 4554//4554
f 4555//4555 4556//4556 4557//4557
f 4558//4558 4559//4559 4560//4560
f 4561//4561 4562//4562 4563//4563
f 4564//4564 4565//4565 4566//4566
f 4567//4567 4568//4568 4569//4569
f 4570//4570 4571//4571 4572//4572
f 4573//4573 4574//4574 4575//4575
f 4576//4576 4577//4577 4578//4578
f 4579//4579 4580//4580 4581//4581
f 4582//4582 4583//4583 4584//4584
f 4585//4585 4586//4586 4587//4587
f 4588//4588 4589//4589 4590//4590
f 4591//4591 4592//4592 4593//4593
f 4594//4594 4595//4595 4596//4596
f 4597//4597 4598//4598 4599//4599
f 4600//4600 4601//4601 4602//4602
f 4603//4603 4604//4604 4605//4605
f 4590//4590 4589//4589 4606//4606
f 4607//4607 4608//4608 4609//4609
f 4610//4610 4611//4611 4612//4612
f 4613//4613 4614//4614 4615//4615
f 4616//4616 4617//4617 4618//4618
f 4619//4619 4620//4620 4621//4621
f 4622//4622 4623//4623 4624//4624
f 4625//4625 4626//4626 4627//4627
f 4628//4628 4604//4604 4603//4603
f 4629//4629 4630//4630 4631//4631
f 4632//4632 4633//4633 4634//4634
f 4635//4635 4636//4636 4637//4637
f 4638//4638 4639//4639 4640//4640
f 4641//4641 4642//4642 4643//4643
f 4644//4644 4645//4645 4646//4646
f 4647//4647 4648//4648 4649//4649
f 4650//4650 4651//4651 4652//4652
f 4653//4653 4654//4654 4655//4655
f 4656//4656 4657//4657 4658//4658
f 4659//4659 4660//4660 4661//4661
f 4662//4662 4663//4663 4664//4664
f 4665//4665 4666//4666 4667//4667
f 4668//4668 4669//4669 4670//4670
f 4671//4671 4672//4672 4673//4673
f 4674//4674 4675//4675 4676//4676
f 4677//4677 4678//4678 4679//4679
f 4680//4680 4681//4681 4682//4682
f 4683//4683 4684//4684 4685//4685
f 4686//4686 4687//4687 4688//4688
f 4689//4689 4690//4690 4691//4691
f 4692//4692 4693//4693 4650//4650
f 4694//4694 4695//4695 4696//4696
f 4668//4668 4697//4697 4669//4669
f 4698//4698 4699//4699 4700//4700
f 4701//4701 4702//4702 4703//4703
f 4704//4704 4705//4705 4706//4706
f 4707//4707 4708//4708 4709//4709
f 4710//4710 4711//4711 4712//4712
f 4713//4713 4714//4714 4715//4715
f 4716//4716 4717//4717 4718//4718
f 4719//4719 4720//4720 4721//4721
f 4722//4722 4723//4723 4724//4724
f 4725//4725 4726//4726 4727//4727
f 4728//4728 4729//4729 4730//4730
f 4731//4731 4732//4732 4733//4733
f 4734//4734 4735//4735 4736//4736
f 4737//4737 4738//4738 4739//4739
f 4628//4628 4740//4740 4604//4604
f 4741//4741 4742//4742 4743//4743
f 4744//4744 4745//4745 4746//4746
f 4744//4744 4746//4746 4747//4747
f 4748//4748 4749//4749 4750//4750
f 4751//4751 4752//4752 4753//4753
f 4754//4754 4755//4755 4756//4756
f 4757//4757 4758//4758 4759//4759
f 4760//4760 4761//4761 4762//4762
f 4763//4763 4764//4764 4765//4765
f 4766//4766 4767//4767 4768//4768
f 4769//4769 4770//4770 4771//4771
f 4772//4772 4773//4773 4774//4774
f 4775//4775 4776//4776 4777//4777
f 4778//4778 4779//4779 4780//4780
f 4781//4781 4782//4782 4783//4783
f 4784//4784 4785//4785 4786//4786
f 4787//4787 4788//4788 4789//4789
f 4790//4790 4791//4791 4792//4792
f 4793//4793 4794//4794 4795//4795
f 4796//4796 4797//4797 4798//4798
f 4799//4799 4800//4800 4801//4801
f 4802//4802 4803//4803 4804//4804
f 4805//4805 4806//4806 4807//4807
f 4808//4808 4809//4809 4810//4810
f 4811//4811 4812//4812 4813//4813
f 4799//4799 4814//4814 4800//4800
f 4815//4815 4816//4816 4817//4817
f 4818//4818 4819//4819 4820//4820
f 4821//4821 4822//4822 4823//4823
f 4824//4824 4825//4825 4826//4826
f 4827//4827 4828//4828 4829//4829
f 4830//4830 4831//4831 4832//4832
f 4833//4833 4834//4834 4835//4835
f 4836//4836 4837//4837 4838//4838
f 4839//4839 4840//4840 4841//4841
f 4842//4842 4843//4843 4844//4844
f 4845//4845 4846//4846 4847//4847
f 4848//4848 4849//4849 4850//4850
f 4851//4851 4852//4852 4853//4853
f 4854//4854 4855//4855 4856//4856
f 4857//4857 4858//4858 4859//4859
f 4860//4860 4823//4823 4861//4861
f 4862//4862 4863//4863 4864//4864
f 4865//4865 4866//4866 4867//4867
f 4868//4868 4869//4869 4870//4870
f 4871//4871 4872//4872 4873//4873
f 4874//4874 4875//4875 4876//4876
f 4877//4877 4878//4878 4879//4879
f 4880//4880 4881//4881 4882//4882
f 4883//4883 4884//4884 4885//4885
f 4883//4883 4885//4885 4886//4886
f 4887//4887 4888//4888 4889//4889
f 4890//4890 4891//4891 4892//4892
f 4893//4893 4894//4894 4895//4895
f 4896//4896 4897//4897 4898//4898
f 4899//4899 4900//4900 4901//4901
f 4900//4900 4899//4899 4902//4902
f 4903//4903 4904//4904 4905//4905
f 4906//4906 4907//4907 4908//4908
f 4909//4909 4910//4910 4911//4911
f 4912//4912 4913//4913 4914//4914
f 4915//4915 4916//4916 4917//4917
f 4918//4918 4919//4919 4920//4920
f 4921//4921 4922//4922 4923//4923
f 4924//4924 4925//4925 4926//4926
f 4924//4924 4926//4926 4927//4927
f 4928//4928 4929//4929 4930//4930
f 4931//4931 4932//4932 4933//4933
f 4931//4931 4933//4933 4934//4934
f 4935//4935 4936//4936 4937//4937
f 4938//4938 4939//4939 4940//4940
f 4941//4941 4942//4942 4943//4943
f 4944//4944 4945//4945 4946//4946
f 4947//4947 4948//4948 4949//4949
f 4950//4950 4951//4951 4952//4952
f 4953//4953 4954//4954 4955//4955
f 4956//4956 4957//4957 4958//4958
f 4959//4959 4960//4960 4961//4961
f 4962//4962 4963//4963 4964//4964
f 4965//4965 4966//4966 4967//4967
f 4968//4968 4969//4969 4970//4970
f 4874//4874 4971//4971 4875//4875
f 4972//4972 4973//4973 4974//4974
f 4965//4965 4975//4975 4966//4966
f 4975//4975 4976//4976 4966//4966
f 4977//4977 4978//4978 4979//4979
f 4980//4980 4981//4981 4982//4982
f 4983//4983 4984//4984 4985//4985
f 4889//4889 4888//4888 4986//4986
f 4987//4987 4950//4950 4952//4952
f 4988//4988 4989//4989 4990//4990
f 4991//4991 4992//4992 4993//4993
f 4994//4994 4995//4995 4996//4996
f 4997//4997 4998//4998 4999//4999
f 5000//5000 5001//5001 5002//5002
f 5003//5003 5004//5004 5005//5005
f 5006//5006 5007//5007 5008//5008
f 5009//5009 5010//5010 5011//5011
f 5012//5012 5013//5013 5014//5014
f 5015//5015 5016//5016 5017//5017
f 5018//5018 5019//5019 5020//5020
f 5016//5016 5021//5021 5017//5017
f 5022//5022 5023//5023 5024//5024
f 5025//5025 5026//5026 5027//5027
f 5028//5028 5029//5029 5030//5030
f 5031//5031 5032//5032 5033//5033
f 5034//5034 5035//5035 5036//5036
f 5037//5037 5038//5038 5039//5039
f 5040//5040 5041//5041 5042//5042
f 5043//5043 5044//5044 5045//5045
f 5046//5046 5047//5047 5048//5048
f 5049//5049 5050//5050 5051//5051
f 5052//5052 5053//5053 5054//5054
f 5055//5055 5056//5056 5057//5057
f 5058//5058 5059//5059 5060//5060
f 5061//5061 5062//5062 5063//5063
f 5064//5064 5065//5065 5066//5066
f 5067//5067 5068//5068 5069//5069
f 5070//5070 5071//5071 5072//5072
f 5073//5073 5074//5074 5075//5075
f 5076//5076 5077//5077 5078//5078
f 5079//5079 5080//5080 5081//5081
f 5082//5082 5083//5083 5084//5084
f 5085//5085 5086//5086 5087//5087
f 5088//5088 5089//5089 5090//5090
f 5091//5091 5092//5092 5093//5093
f 5094//5094 5095//5095 5096//5096
f 5097//5097 5098//5098 5099//5099
f 5100//5100 5101//5101 5102//5102
f 5103//5103 5104//5104 5105//5105
f 5106//5106 5107//5107 5108//5108
f 5109//5109 5110//5110 5111//5111
f 5112//5112 5113//5113 5114//5114
f 5115//5115 5116//5116 5117//5117
f 5118//5118 5119//5119 5120//5120
f 5121//5121 5122//5122 5123//5123
f 5124//5124 5125//5125 5126//5126
f 5127//5127 5128//5128 5129//5129
f 5130//5130 5131//5131 5132//5132
f 5133//5133 5134//5134 5135//5135
f 5120//5120 5136//5136 5118//5118
f 5137//5137 5138//5138 5139//5139
f 5140//5140 5141//5141 5142//5142
f 5143//5143 5144//5144 5145//5145
f 5146//5146 5147//5147 5148//5148
f 5149//5149 5150//5150 5151//5151
f 5152//5152 5153//5153 5154//5154
f 5155//5155 5156//5156 5157//5157
f 5158//5158 5159//5159 5160//5160
f 5161//5161 5162//5162 5163//5163
f 5164//5164 5165//5165 5166//5166
f 5167//5167 5168//5168 5169//5169
f 5170//5170 5171//5171 5172//5172
f 5173//5173 5174//5174 5175//5175
f 5176//5176 5177//5177 5178//5178
f 5179//5179 5159//5159 5158//5158
f 5180//5180 5181//5181 5182//5182
f 5183//5183 5184//5184 5185//5185
f 5186//5186 5187//5187 5188//5188
f 5189//5189 5190//5190 5191//5191
f 5192//5192 5193//5193 5194//5194
f 5195//5195 5196//5196 5197//5197
f 5198//5198 5199//5199 5200//5200
f 5201//5201 5202//5202 5203//5203
f 5204//5204 5205//5205 5206//5206
f 5207//5207 5208//5208 5209//5209
f 5210//5210 5211//5211 5212//5212
f 5213//5213 5214//5214 5215//5215
f 5216//5216 5217//5217 5218//5218
f 5219//5219 5220//5220 5221//5221
f 5222//5222 5215//5215 5223//5223
f 5224//5224 5225//5225 5226//5226
f 5227//5227 5228//5228 5229//5229
f 5230//5230 5231//5231 5232//5232
f 5233//5233 5234//5234 5235//5235
f 5236//5236 5237//5237 5238//5238
f 5239//5239 5240//5240 5241//5241
f 5242//5242 5243//5243 5244//5244
f 5245//5245 5246//5246 5247//5247
f 5248//5248 5249//5249 5250//5250
f 5251//5251 5252//5252 5253//5253
f 5251//5251 5253//5253 5254//5254
f 5255//5255 5256//5256 5257//5257
f 5258//5258 5259//5259 5260//5260
f 5261//5261 5262//5262 5263//5263
f 5264//5264 5265//5265 5266//5266
f 5267//5267 5268//5268 5269//5269
f 5270//5270 5271//5271 5272//5272
f 5273//5273 5274//5274 5275//5275
f 5276//5276 5277//5277 5278//5278
f 5279//5279 5262//5262 5261//5261
f 5280//5280 5281//5281 5282//5282
f 5283//5283 5284//5284 5285//5285
f 5286//5286 5287//5287 5288//5288
f 5289//5289 5290//5290 5291//5291
f 5292//5292 5293//5293 5294//5294
f 5295//5295 5296//5296 5297//5297
f 5298//5298 5299//5299 5300//5300
f 5301//5301 5302//5302 5303//5303
f 5304//5304 5305//5305 5306//5306
f 5307//5307 5308//5308 5309//5309
f 5310//5310 5311//5311 5312//5312
f 5313//5313 5314//5314 5315//5315
f 5316//5316 5317//5317 5318//5318
f 5319//5319 5320//5320 5321//5321
f 5322//5322 5323//5323 5324//5324
f 5325//5325 5326//5326 5327//5327
f 5328//5328 5329//5329 5330//5330
f 5331//5331 5332//5332 5333//5333
f 5334//5334 5335//5335 5336//5336
f 5337//5337 5338//5338 5339//5339
f 5340//5340 5341//5341 5342//5342
f 5316//5316 5343//5343 5317//5317
f 5344//5344 5345//5345 5346//5346
f 5347//5347 5348//5348 5349//5349
f 5350//5350 5351//5351 5352//5352
f 5353//5353 5354//5354 5355//5355
f 5356//5356 5357//5357 5358//5358
f 5359//5359 5360//5360 5361//5361
f 5362//5362 5363//5363 5364//5364
f 5365//5365 5366//5366 5367//5367
f 5368//5368 5369//5369 5370//5370
f 5371//5371 5372//5372 5373//5373
f 5374//5374 5375//5375 5376//5376
f 5377//5377 5378//5378 5379//5379
f 5380//5380 5381//5381 5382//5382
f 5383//5383 5384//5384 5385//5385
f 5386//5386 5387//5387 5388//5388
f 5389//5389 5390//5390 5391//5391
f 5392//5392 5393//5393 5394//5394
f 5395//5395 5396//5396 5397//5397
f 5398//5398 5399//5399 5400//5400
f 5401//5401 5402//5402 5403//5403
f 5404//5404 5405//5405 5406//5406
f 5407//5407 5408//5408 5409//5409
f 5410//5410 5411//5411 5412//5412
f 5413//5413 5414//5414 5415//5415
f 5416//5416 5417//5417 5418//5418
f 5419//5419 5377//5377 5379//5379
f 5420//5420 5421//5421 5422//5422
f 5423//5423 5369//5369 5368//5368
f 5424//5424 5425//5425 5426//5426
f 5427//5427 5428//5428 5429//5429
f 5430//5430 5431//5431 5432//5432
f 5433//5433 5434//5434 5435//5435
f 5436//5436 5437//5437 5438//5438
f 5439//5439 5440//5440 5441//5441
f 5442//5442 5443//5443 5444//5444
f 5445//5445 5446//5446 5447//5447
f 5448//5448 5449//5449 5450//5450
f 5451//5451 5452//5452 5453//5453
f 5454//5454 5455//5455 5456//5456
f 5457//5457 5458//5458 5459//5459
f 5460//5460 5461//5461 5462//5462
f 5463//5463 4605//4605 5343//5343
f 5464//5464 5465//5465 5466//5466
f 5467//5467 5468//5468 5469//5469
f 5470//5470 5471//5471 5472//5472
f 5473//5473 5474//5474 5475//5475
f 5476//5476 5477//5477 5478//5478
f 5479//5479 5480//5480 5481//5481
f 5482//5482 5483//5483 5484//5484
f 5485//5485 5486//5486 5487//5487
f 5488//5488 5489//5489 5490//5490
f 5491//5491 5492//5492 5493//5493
f 5494//5494 5495//5495 5496//5496
f 5497//5497 5498//5498 5499//5499
f 5500//5500 5501//5501 5502//5502
f 5503//5503 5504//5504 5505//5505
f 5506//5506 5507//5507 5508//5508
f 5509//5509 5510//5510 5511//5511
f 5512//5512 5513//5513 5514//5514
f 5515//5515 5516//5516 5517//5517
f 5518//5518 5519//5519 5520//5520
f 5500//5500 5521//5521 5501//5501
f 5522//5522 5523//5523 5524//5524
f 5525//5525 5526//5526 5527//5527
f 5528//5528 5529//5529 5530//5530
f 5528//5528 5531//5531 5529//5529
f 5532//5532 5533//5533 5534//5534
f 5535//5535 5536//5536 5537//5537
f 5538//5538 5539//5539 5540//5540
f 5538//5538 5540//5540 5525//5525
f 5541//5541 5542//5542 5543//5543
f 5544//5544 5545//5545 5546//5546
f 5515//5515 5517//5517 5547//5547
f 5548//5548 5549//5549 5550//5550
f 5551//5551 5552//5552 5553//5553
f 5554//5554 5555//5555 5556//5556
f 5557//5557 5558//5558 5559//5559
f 5560//5560 5561//5561 5562//5562
f 5563//5563 5564//5564 5565//5565
f 5566//5566 5567//5567 5568//5568
f 5569//5569 5570//5570 5571//5571
f 5572//5572 5573//5573 5574//5574
f 5575//5575 5576//5576 5577//5577
f 5578//5578 5579//5579 5580//5580
f 5581//5581 5582//5582 5583//5583
f 5584//5584 5585//5585 5586//5586
f 5587//5587 5588//5588 5589//5589
f 5590//5590 5591//5591 5592//5592
f 5593//5593 5594//5594 5595//5595
f 5596//5596 5597//5597 5598//5598
f 5599//5599 5600//5600 5601//5601
f 5602//5602 5603//5603 5604//5604
f 5605//5605 5606//5606 5607//5607
f 5608//5608 5584//5584 5586//5586
f 5609//5609 5610//5610 5611//5611
f 5612//5612 5613//5613 5614//5614
f 5615//5615 5616//5616 5617//5617
f 5618//5618 5619//5619 5620//5620
f 5621//5621 5622//5622 5623//5623
f 5624//5624 5625//5625 5626//5626
f 5627//5627 5628//5628 5629//5629
f 5630//5630 5631//5631 5632//5632
f 5630//5630 5633//5633 5631//5631
f 5634//5634 5635//5635 5636//5636
f 5637//5637 5619//5619 5618//5618
f 5638//5638 5639//5639 5640//5640
f 5641//5641 5642//5642 5643//5643
f 5644//5644 5645//5645 5646//5646
f 5647//5647 5648//5648 5649//5649
f 5650//5650 5651//5651 5652//5652
f 5653//5653 5654//5654 5655//5655
f 5656//5656 5657//5657 5658//5658
f 5656//5656 5659//5659 5657//5657
f 5660//5660 5661//5661 5662//5662
f 5663//5663 5664//5664 5665//5665
f 5666//5666 5667//5667 5668//5668
f 5669//5669 5670//5670 5671//5671
f 5672//5672 5673//5673 5674//5674
f 5675//5675 5667//5667 5666//5666
f 5676//5676 5677//5677 5678//5678
f 5679//5679 5680//5680 5681//5681
f 5682//5682 5683//5683 5684//5684
f 5685//5685 5686//5686 5687//5687
f 5688//5688 5689//5689 5690//5690
f 5691//5691 5692//5692 5693//5693
f 5694//5694 5695//5695 5696//5696
f 5697//5697 5698//5698 5699//5699
f 5691//5691 5693//5693 5700//5700
f 5701//5701 5702//5702 5703//5703
f 5704//5704 5705//5705 5706//5706
f 5707//5707 5708//5708 5709//5709
f 5710//5710 5691//5691 5700//5700
f 5711//5711 5712//5712 5713//5713
f 5714//5714 5715//5715 5716//5716
f 5717//5717 5718//5718 5719//5719
f 5720//5720 5721//5721 5722//5722
f 5723//5723 5724//5724 5725//5725
f 5726//5726 5727//5727 5728//5728
f 5729//5729 5730//5730 5731//5731
f 5732//5732 5726//5726 5728//5728
f 5733//5733 5734//5734 5735//5735
f 5672//5672 5736//5736 5673//5673
f 5737//5737 5738//5738 5739//5739
f 5740//5740 5741//5741 5742//5742
f 5743//5743 5744//5744 5745//5745
f 5746//5746 5747//5747 5748//5748
f 5749//5749 5750//5750 5751//5751
f 5752//5752 5753//5753 5754//5754
f 5755//5755 5756//5756 5757//5757
f 5758//5758 5759//5759 5760//5760
f 5761//5761 5762//5762 5763//5763
f 5764//5764 5765//5765 5766//5766
f 5758//5758 5767//5767 5759//5759
f 5768//5768 5769//5769 5770//5770
f 5771//5771 5772//5772 5773//5773
f 5774//5774 5775//5775 5776//5776
f 5777//5777 5778//5778 5779//5779
f 5780//5780 5781//5781 5782//5782
f 5783//5783 5784//5784 5785//5785
f 5786//5786 5787//5787 5788//5788
f 5789//5789 5790//5790 5791//5791
f 5792//5792 5793//5793 5794//5794
f 5795//5795 5796//5796 5797//5797
f 5798//5798 5799//5799 5800//5800
f 5801//5801 5802//5802 5803//5803
f 5804//5804 5805//5805 5806//5806
f 5807//5807 5808//5808 5809//5809
f 5810//5810 5811//5811 5812//5812
f 5813//5813 5804//5804 5806//5806
f 5814//5814 5815//5815 5816//5816
f 5817//5817 5818//5818 5819//5819
f 5820//5820 5821//5821 5822//5822
f 5823//5823 5824//5824 5825//5825
f 5826//5826 5827//5827 5828//5828
f 5829//5829 5830//5830 5831//5831
f 5832//5832 5833//5833 5834//5834
f 5827//5827 5826//5826 5835//5835
f 5836//5836 5837//5837 5838//5838
f 5839//5839 5840//5840 5841//5841
f 5842//5842 5843//5843 5844//5844
f 5845//5845 5846//5846 5847//5847
f 5848//5848 5849//5849 5850//5850
f 5851//5851 5852//5852 5853//5853
f 5851//5851 5854//5854 5852//5852
f 5855//5855 5856//5856 5857//5857
f 5858//5858 5859//5859 5860//5860
f 5861//5861 5862//5862 5863//5863
f 5864//5864 5839//5839 5865//5865
f 5866//5866 5867//5867 5868//5868
f 5869//5869 5870//5870 5871//5871
f 5848//5848 5872//5872 5849//5849
f 5873//5873 5874//5874 5875//5875
f 5876//5876 5877//5877 5878//5878
f 5879//5879 5880//5880 5881//5881
f 5882//5882 5883//5883 5884//5884
f 5885//5885 5867//5867 5866//5866
f 5886//5886 5887//5887 5888//5888
f 5855//5855 5889//5889 5890//5890
f 5891//5891 5892//5892 5893//5893
f 5894//5894 5895//5895 5896//5896
f 5897//5897 5898//5898 5899//5899
f 5900//5900 5901//5901 5902//5902
f 5903//5903 5855//5855 5890//5890
f 5904//5904 5905//5905 5906//5906
f 5907//5907 5908//5908 5909//5909
f 5903//5903 5910//5910 5911//5911
f 5912//5912 5913//5913 5914//5914
f 5915//5915 5916//5916 5917//5917
f 5918//5918 5919//5919 5920//5920
f 5921//5921 5922//5922 5923//5923
f 5924//5924 5925//5925 5926//5926
f 5927//5927 5928//5928 5929//5929
f 5927//5927 5929//5929 5930//5930
f 5931//5931 5932//5932 5933//5933
f 5934//5934 5935//5935 5936//5936
f 5937//5937 5938//5938 5939//5939
f 5934//5934 5940//5940 5935//5935
f 5941//5941 5942//5942 5943//5943
f 5944//5944 5945//5945 5946//5946
f 5947//5947 5948//5948 5949//5949
f 5950//5950 5934//5934 5936//5936
f 5951//5951 5952//5952 5953//5953
f 5954//5954 5955//5955 5956//5956
f 5957//5957 5932//5932 5931//5931
f 5958//5958 5959//5959 5960//5960
f 5961//5961 5955//5955 5954//5954
f 5962//5962 5963//5963 5964//5964
f 5958//5958 5965//5965 5959//5959
f 5966//5966 5967//5967 5968//5968
f 5969//5969 5970//5970 5971//5971
f 5972//5972 5973//5973 5974//5974
f 5975//5975 5976//5976 5977//5977
f 5978//5978 5979//5979 5980//5980
f 5981//5981 5982//5982 5983//5983
f 5984//5984 5975//5975 5977//5977
f 5985//5985 5986//5986 5987//5987
f 5988//5988 5989//5989 5990//5990
f 5991//5991 5992//5992 5993//5993
f 5994//5994 5995//5995 5996//5996
f 5988//5988 5990//5990 5997//5997
f 5998//5998 5999//5999 6000//6000
f 6001//6001 6002//6002 6003//6003
f 6004//6004 6005//6005 6006//6006
f 6007//6007 6008//6008 6009//6009
f 6010//6010 6011//6011 6012//6012
f 6013//6013 6014//6014 6015//6015
f 6016//6016 6010//6010 6012//6012
f 6017//6017 6018//6018 6019//6019
f 6020//6020 6021//6021 6022//6022
f 6023//6023 6024//6024 6025//6025
f 6026//6026 6027//6027 6028//6028
f 6029//6029 6030//6030 6031//6031
f 6032//6032 6033//6033 6034//6034
f 6035//6035 6036//6036 6037//6037
f 6038//6038 6039//6039 6040//6040
f 6041//6041 6042//6042 6043//6043
f 6044//6044 6045//6045 6046//6046
f 5506//5506 5508//5508 6047//6047
f 6048//6048 6049//6049 6050//6050
f 6051//6051 6052//6052 6053//6053
f 6054//6054 6055//6055 6056//6056
f 6057//6057 6058//6058 6059//6059
f 6060//6060 6061//6061 6062//6062
f 6063//6063 6064//6064 6065//6065
f 6066//6066 6067//6067 6068//6068
f 6069//6069 6070//6070 6071//6071
f 6072//6072 6073//6073 6074//6074
f 6075//6075 6076//6076 6077//6077
f 6078//6078 6079//6079 6080//6080
f 6081//6081 6082//6082 6083//6083
f 6084//6084 6085//6085 6086//6086
f 6087//6087 6088//6088 6089//6089
f 6090//6090 6091//6091 6092//6092
f 6093//6093 6094//6094 6095//6095
f 6096//6096 6097//6097 6098//6098
f 6099//6099 6100//6100 6101//6101
f 6102//6102 6103//6103 6104//6104
f 6105//6105 6106//6106 6107//6107
f 6108//6108 6109//6109 6110//6110
f 6111//6111 6112//6112 6113//6113
f 6114//6114 6115//6115 6116//6116
f 6117//6117 6118//6118 6119//6119
f 6120//6120 6109//6109 6108//6108
f 6121//6121 6122//6122 6123//6123
f 6124//6124 6125//6125 6126//6126
f 6124//6124 6126//6126 6127//6127
f 6128//6128 6129//6129 6130//6130
f 6131//6131 6132//6132 6133//6133
f 6134//6134 6135//6135 6136//6136
f 6137//6137 6138//6138 6139//6139
f 6140//6140 6141//6141 6142//6142
f 6143//6143 6144//6144 6145//6145
f 6146//6146 6147//6147 6148//6148
f 6149//6149 6150//6150 6151//6151
f 6152//6152 6153//6153 6154//6154
f 6155//6155 6156//6156 6157//6157
f 6158//6158 6159//6159 6160//6160
f 6161//6161 6162//6162 6163//6163
f 6164//6164 6165//6165 6166//6166
f 6167//6167 6168//6168 6169//6169
f 6170//6170 6171//6171 6172//6172
f 6173//6173 6174//6174 6175//6175
f 6176//6176 6177//6177 6178//6178
f 6179//6179 6180//6180 6181//6181
f 6182//6182 6183//6183 6184//6184
f 6185//6185 6186//6186 6187//6187
f 6188//6188 6189//6189 6190//6190
f 6191//6191 6192//6192 6193//6193
f 6194//6194 6195//6195 6196//6196
f 6194//6194 6197//6197 6195//6195
f 6198//6198 6199//6199 6200//6200
f 6201//6201 6202//6202 6203//6203
f 6204//6204 6205//6205 6206//6206
f 6207//6207 6208//6208 6209//6209
f 6210//6210 6211//6211 6212//6212
f 6213//6213 6214//6214 6215//6215
f 6216//6216 6217//6217 6218//6218
f 6219//6219 6220//6220 6221//6221
f 6222//6222 6223//6223 6224//6224
f 6225//6225 6226//6226 6227//6227
f 6222//6222 6228//6228 6223//6223
f 6229//6229 6230//6230 6231//6231
f 6232//6232 6233//6233 6234//6234
f 6235//6235 6236//6236 6237//6237
f 6238//6238 6239//6239 6240//6240
f 6241//6241 6242//6242 6243//6243
f 6244//6244 6245//6245 6246//6246
f 6247//6247 6248//6248 6249//6249
f 6250//6250 6251//6251 6252//6252
f 6253//6253 6254//6254 6255//6255
f 6256//6256 6257//6257 6258//6258
f 6259//6259 6260//6260 6261//6261
f 6262//6262 6263//6263 6264//6264
f 6265//6265 6266//6266 6267//6267
f 6268//6268 6269//6269 6270//6270
f 6271//6271 6272//6272 6273//6273
f 6274//6274 6275//6275 6276//6276
f 6277//6277 6278//6278 6279//6279
f 6280//6280 6281//6281 6282//6282
f 6283//6283 6284//6284 6285//6285
f 6286//6286 6287//6287 6288//6288
f 6289//6289 6290//6290 6291//6291
f 6292//6292 6293//6293 6294//6294
f 6295//6295 6296//6296 6297//6297
f 6298//6298 6299//6299 6300//6300
f 6301//6301 6302//6302 6303//6303
f 6304//6304 5772//5772 5771//5771
f 6305//6305 6306//6306 6307//6307
f 6308//6308 6309//6309 6310//6310
f 6311//6311 6312//6312 6313//6313
f 6314//6314 6315//6315 6316//6316
f 6317//6317 6318//6318 6319//6319
f 6320//6320 6321//6321 6322//6322
f 6323//6323 6324//6324 6325//6325
f 6326//6326 6327//6327 6328//6328
f 6329//6329 6330//6330 6331//6331
f 6332//6332 6333//6333 6334//6334
f 6335//6335 6336//6336 6337//6337
f 6338//6338 6339//6339 6340//6340
f 6341//6341 6342//6342 6343//6343
f 6344//6344 6345//6345 6346//6346
f 5804//5804 6347//6347 5805//5805
f 6348//6348 6349//6349 6350//6350
f 6351//6351 6352//6352 6353//6353
f 6354//6354 6355//6355 6356//6356
f 6357//6357 6358//6358 6359//6359
f 6360//6360 6361//6361 6362//6362
f 6363//6363 6364//6364 6365//6365
f 6366//6366 6367//6367 6368//6368
f 6369//6369 6370//6370 6371//6371
f 6372//6372 6373//6373 6374//6374
f 6372//6372 6375//6375 6373//6373
f 6376//6376 6377//6377 6378//6378
f 6379//6379 6380//6380 6381//6381
f 6382//6382 6383//6383 6384//6384
f 6385//6385 6361//6361 6360//6360
f 6386//6386 6387//6387 6388//6388
f 6389//6389 6390//6390 6391//6391
f 6392//6392 6393//6393 6394//6394
f 6395//6395 6396//6396 6397//6397
f 6398//6398 6399//6399 6400//6400
f 6401//6401 6402//6402 6403//6403
f 6404//6404 5832//5832 5834//5834
f 6405//6405 6406//6406 6407//6407
f 6408//6408 6409//6409 6410//6410
f 6411//6411 6412//6412 6413//6413
f 6414//6414 6415//6415 6416//6416
f 6417//6417 6398//6398 6400//6400
f 6418//6418 6419//6419 6420//6420
f 6421//6421 6422//6422 6423//6423
f 6424//6424 6425//6425 6426//6426
f 6427//6427 6428//6428 6429//6429
f 6430//6430 6431//6431 6432//6432
f 6433//6433 6434//6434 6435//6435
f 6436//6436 6437//6437 6438//6438
f 6411//6411 6439//6439 6412//6412
f 6440//6440 6441//6441 6442//6442
f 6443//6443 6444//6444 6445//6445
f 6446//6446 6447//6447 6448//6448
f 6449//6449 6450//6450 6451//6451
f 6449//6449 6451//6451 6452//6452
f 6453//6453 6454//6454 6455//6455
f 6456//6456 6457//6457 6458//6458
f 6459//6459 6460//6460 6461//6461
f 6462//6462 6463//6463 6464//6464
f 6465//6465 6466//6466 6467//6467
f 6468//6468 6469//6469 6470//6470
f 6471//6471 6472//6472 6473//6473
f 6474//6474 6475//6475 6476//6476
f 6477//6477 6478//6478 6479//6479
f 6480//6480 6481//6481 6482//6482
f 6483//6483 6484//6484 6485//6485
f 5918//5918 5920//5920 6486//6486
f 6487//6487 6488//6488 6489//6489
f 6490//6490 6491//6491 6492//6492
f 6493//6493 6494//6494 6495//6495
f 6496//6496 6497//6497 6498//6498
f 6499//6499 6500//6500 5998//5998
f 6501//6501 6502//6502 6503//6503
f 6504//6504 6505//6505 6463//6463
f 6504//6504 6463//6463 6462//6462
f 6506//6506 6507//6507 6508//6508
f 6509//6509 6510//6510 6511//6511
f 6512//6512 6513//6513 6514//6514
f 6515//6515 6516//6516 6517//6517
f 6518//6518 6519//6519 6520//6520
f 6335//6335 6337//6337 6521//6521
f 6522//6522 6523//6523 6524//6524
f 6525//6525 6313//6313 6312//6312
f 6526//6526 6527//6527 6528//6528
f 6529//6529 6530//6530 6531//6531
f 6532//6532 6533//6533 6534//6534
f 6535//6535 6536//6536 6537//6537
f 6538//6538 6539//6539 6540//6540
f 6541//6541 6542//6542 6543//6543
f 6544//6544 6545//6545 6546//6546
f 6547//6547 6548//6548 6549//6549
f 6550//6550 6551//6551 6552//6552
f 6553//6553 6554//6554 6555//6555
f 6556//6556 6557//6557 6558//6558
f 6559//6559 6560//6560 6561//6561
f 6562//6562 6563//6563 6564//6564
f 6565//6565 6566//6566 6567//6567
f 6568//6568 6569//6569 6570//6570
f 6571//6571 6572//6572 6573//6573
f 6574//6574 6575//6575 6576//6576
f 6577//6577 6578//6578 6579//6579
f 6580//6580 6581//6581 6582//6582
f 6583//6583 6584//6584 6585//6585
f 6586//6586 6587//6587 6588//6588
f 6589//6589 6590//6590 6591//6591
f 6592//6592 6593//6593 6594//6594
f 6595//6595 6596//6596 6597//6597
f 6598//6598 6599//6599 6600//6600
f 6598//6598 6601//6601 6599//6599
f 6602//6602 6603//6603 6604//6604
f 6605//6605 6606//6606 6607//6607
f 6608//6608 6609//6609 6610//6610
f 6611//6611 6612//6612 6613//6613
f 6614//6614 6615//6615 6616//6616
f 6617//6617 6618//6618 6619//6619
f 6620//6620 6621//6621 6622//6622
f 6620//6620 6623//6623 6621//6621
f 6624//6624 6623//6623 6620//6620
f 6625//6625 6626//6626 6627//6627
f 6628//6628 6629//6629 6630//6630
f 6631//6631 6632//6632 6633//6633
f 6634//6634 6635//6635 6636//6636
f 6637//6637 6638//6638 6639//6639
f 6640//6640 6641//6641 6642//6642
f 6643//6643 6644//6644 6645//6645
f 6646//6646 6647//6647 6648//6648
f 6649//6649 6650//6650 6651//6651
f 6652//6652 6653//6653 6654//6654
f 6655//6655 6653//6653 6652//6652
f 6656//6656 6657//6657 6658//6658
f 6659//6659 6660//6660 6661//6661
f 6662//6662 6663//6663 6664//6664
f 6665//6665 6666//6666 6667//6667
f 6668//6668 6669//6669 6670//6670
f 6671//6671 6672//6672 6673//6673
f 6674//6674 6675//6675 6676//6676
f 6677//6677 6678//6678 6679//6679
f 6680//6680 6681//6681 6682//6682
f 6683//6683 6684//6684 6685//6685
f 6686//6686 6687//6687 6688//6688
f 6689//6689 6690//6690 6691//6691
f 6692//6692 6693//6693 6694//6694
f 6695//6695 6696//6696 6697//6697
f 6698//6698 6699//6699 6700//6700
f 6701//6701 6702//6702 6703//6703
f 6704//6704 6705//6705 6706//6706
f 6707//6707 6708//6708 6709//6709
f 6710//6710 6711//6711 6712//6712
f 6713//6713 6714//6714 6715//6715
f 6716//6716 6717//6717 6718//6718
f 6719//6719 6720//6720 6721//6721
f 6722//6722 6723//6723 6724//6724
f 6725//6725 6726//6726 6727//6727
f 6728//6728 6729//6729 6730//6730
f 6731//6731 6732//6732 6733//6733
f 6734//6734 6735//6735 6736//6736
f 6737//6737 6738//6738 6739//6739
f 6740//6740 6741//6741 6742//6742
f 6743//6743 6744//6744 6745//6745
f 6746//6746 6747//6747 6748//6748
f 6749//6749 6750//6750 6751//6751
f 6752//6752 6753//6753 6754//6754
f 6755//6755 6756//6756 6757//6757
f 6758//6758 6759//6759 6760//6760
f 6761//6761 6762//6762 6763//6763
f 6764//6764 6765//6765 6766//6766
f 6767//6767 6768//6768 6769//6769
f 6770//6770 6771//6771 6772//6772
f 6773//6773 6741//6741 6740//6740
f 6774//6774 6775//6775 6776//6776
f 6777//6777 6778//6778 6779//6779
f 6780//6780 6781//6781 6782//6782
f 6783//6783 6784//6784 6785//6785
f 6786//6786 6787//6787 6788//6788
f 6789//6789 6790//6790 6791//6791
f 6792//6792 6793//6793 6794//6794
f 6795//6795 6796//6796 6797//6797
f 6798//6798 6799//6799 6800//6800
f 6801//6801 6802//6802 6803//6803
f 6804//6804 6805//6805 6806//6806
f 6807//6807 6808//6808 6809//6809
f 6810//6810 6811//6811 6812//6812
f 6813//6813 6814//6814 6815//6815
f 6816//6816 6817//6817 6818//6818
f 6819//6819 6820//6820 6821//6821
f 6822//6822 6823//6823 6824//6824
f 6825//6825 6826//6826 6827//6827
f 6828//6828 6829//6829 6830//6830
f 6831//6831 6832//6832 6833//6833
f 6834//6834 6835//6835 6836//6836
f 6837//6837 6838//6838 6839//6839
f 6840//6840 6841//6841 6842//6842
f 6843//6843 6844//6844 6845//6845
f 6846//6846 6847//6847 6848//6848
f 6849//6849 6850//6850 6851//6851
f 6852//6852 6853//6853 6854//6854
f 6855//6855 6856//6856 6857//6857
f 6858//6858 6859//6859 6860//6860
f 6861//6861 6862//6862 6863//6863
f 6864//6864 6865//6865 6866//6866
f 6867//6867 6868//6868 6869//6869
f 6870//6870 6871//6871 6872//6872
f 6873//6873 6874//6874 6875//6875
f 6876//6876 6877//6877 6878//6878
f 6879//6879 6880//6880 6881//6881
f 6882//6882 6883//6883 6884//6884
f 6885//6885 6886//6886 6887//6887
f 6888//6888 6889//6889 6890//6890
f 6891//6891 6892//6892 6893//6893
f 6894//6894 6895//6895 6896//6896
f 6897//6897 6898//6898 6899//6899
f 6900//6900 6901//6901 6902//6902
f 6903//6903 6904//6904 6905//6905
f 6906//6906 6556//6556 6558//6558
f 6907//6907 6908//6908 6909//6909
f 6910//6910 6911//6911 6912//6912
f 6913//6913 6914//6914 6915//6915
f 6589//6589 6916//6916 6590//6590
f 6917//6917 6918//6918 6919//6919
f 6920//6920 6921//6921 6922//6922
f 6923//6923 6924//6924 6925//6925
f 6926//6926 6927//6927 6928//6928
f 6929//6929 6930//6930 6931//6931
f 6932//6932 6933//6933 6934//6934
f 6935//6935 6936//6936 6937//6937
f 6938//6938 6939//6939 6940//6940
f 6941//6941 6942//6942 6943//6943
f 6944//6944 6945//6945 6946//6946
f 6947//6947 6948//6948 6949//6949
f 6950//6950 6951//6951 6952//6952
f 6953//6953 6954//6954 6955//6955
f 6956//6956 6957//6957 6958//6958
f 6959//6959 6960//6960 6961//6961
f 6962//6962 6963//6963 6964//6964
f 6965//6965 6966//6966 6967//6967
f 6968//6968 6969//6969 6970//6970
f 6971//6971 6972//6972 6973//6973
f 6974//6974 6975//6975 6976//6976
f 6977//6977 6978//6978 6979//6979
f 6980//6980 6981//6981 6982//6982
f 6983//6983 6984//6984 6985//6985
f 6986//6986 6987//6987 6988//6988
f 6989//6989 6990//6990 6991//6991
f 6992//6992 6993//6993 6994//6994
f 6995//6995 6996//6996 6997//6997
f 6998//6998 6999//6999 7000//7000
f 7001//7001 7002//7002 7003//7003
f 7004//7004 7005//7005 7006//7006
f 7007//7007 7008//7008 7009//7009
f 7010//7010 7011//7011 7012//7012
f 7010//7010 7013//7013 7011//7011
f 7014//7014 7015//7015 7016//7016
f 7017//7017 7018//7018 7019//7019
f 7020//7020 7021//7021 7022//7022
f 7023//7023 7024//7024 7025//7025
f 7026//7026 7027//7027 7028//7028
f 7029//7029 7030//7030 7031//7031
f 7032//7032 7033//7033 7034//7034
f 7035//7035 7036//7036 7037//7037
f 7038//7038 7039//7039 7040//7040
f 7041//7041 7042//7042 7043//7043
f 7044//7044 7045//7045 7046//7046
f 7047//7047 7048//7048 7049//7049
f 7050//7050 7051//7051 7052//7052
f 7053//7053 7054//7054 7055//7055
f 7056//7056 7057//7057 7058//7058
f 7059//7059 7060//7060 7061//7061
f 7062//7062 7063//7063 7064//7064
f 7065//7065 7066//7066 7067//7067
f 7068//7068 7069//7069 7070//7070
f 7071//7071 7072//7072 7073//7073
f 7074//7074 7075//7075 7076//7076
f 7077//7077 7078//7078 7079//7079
f 7080//7080 7081//7081 7082//7082
f 7083//7083 7084//7084 7085//7085
f 7086//7086 7087//7087 7088//7088
f 7089//7089 7090//7090 7091//7091
f 7092//7092 7093//7093 7094//7094
f 7095//7095 7096//7096 7097//7097
f 7098//7098 7099//7099 7100//7100
f 7101//7101 7102//7102 7103//7103
f 7104//7104 7105//7105 7106//7106
f 7107//7107 7108//7108 7109//7109
f 7110//7110 7111//7111 7112//7112
f 7113//7113 7114//7114 7115//7115
f 7116//7116 7117//7117 7118//7118
f 7119//7119 7120//7120 7121//7121
f 7122//7122 7123//7123 7124//7124
f 7125//7125 7126//7126 7127//7127
f 7128//7128 7129//7129 7130//7130
f 7131//7131 7132//7132 7133//7133
f 7134//7134 7135//7135 7136//7136
f 7137//7137 7138//7138 7139//7139
f 7140//7140 7141//7141 7142//7142
f 7143//7143 7144//7144 7145//7145
f 7146//7146 7147//7147 7148//7148
f 7149//7149 7150//7150 7151//7151
f 7152//7152 7153//7153 7154//7154
f 7153//7153 7155//7155 7154//7154
f 7156//7156 7157//7157 7158//7158
f 7159//7159 7160//7160 7161//7161
f 7162//7162 7163//7163 7164//7164
f 7165//7165 7166//7166 7167//7167
f 7168//7168 7169//7169 7170//7170
f 7171//7171 7172//7172 7173//7173
f 7174//7174 7175//7175 7176//7176
f 7177//7177 7178//7178 7179//7179
f 7180//7180 7181//7181 7182//7182
f 7183//7183 7184//7184 7185//7185
f 7186//7186 7187//7187 7188//7188
f 7189//7189 7190//7190 7191//7191
f 7183//7183 7192//7192 7184//7184
f 7193//7193 7194//7194 7195//7195
f 7196//7196 7197//7197 7198//7198
f 7199//7199 7200//7200 7201//7201
f 7202//7202 7203//7203 7204//7204
f 7205//7205 7206//7206 7207//7207
f 7208//7208 7209//7209 7210//7210
f 7211//7211 7212//7212 7213//7213
f 7214//7214 7215//7215 7216//7216
f 7217//7217 7218//7218 7219//7219
f 7220//7220 7221//7221 7222//7222
f 7223//7223 7224//7224 7225//7225
f 7226//7226 7227//7227 7228//7228
f 7229//7229 7230//7230 7231//7231
f 7232//7232 7224//7224 7223//7223
f 7233//7233 7234//7234 7235//7235
f 7236//7236 7237//7237 7238//7238
f 7239//7239 7240//7240 7241//7241
f 7242//7242 7243//7243 7244//7244
f 7245//7245 7246//7246 7247//7247
f 7248//7248 7249//7249 7250//7250
f 7251//7251 7252//7252 7253//7253
f 7254//7254 7255//7255 7256//7256
f 7257//7257 7258//7258 7259//7259
f 7260//7260 7261//7261 7262//7262
f 7263//7263 7264//7264 7265//7265
f 7266//7266 7267//7267 7268//7268
f 7269//7269 7270//7270 7271//7271
f 7272//7272 7270//7270 7269//7269
f 7273//7273 7274//7274 7275//7275
f 7276//7276 7277//7277 7278//7278
f 7279//7279 7280//7280 7281//7281
f 7282//7282 7283//7283 7284//7284
f 7285//7285 7286//7286 7287//7287
f 7288//7288 7289//7289 7290//7290
f 7291//7291 7292//7292 7293//7293
f 7294//7294 7295//7295 7296//7296
f 7297//7297 7298//7298 7299//7299
f 7300//7300 7301//7301 7302//7302
f 7303//7303 7304//7304 7305//7305
f 7306//7306 7307//7307 7308//7308
f 7309//7309 7310//7310 7311//7311
f 7312//7312 7313//7313 7314//7314
f 7315//7315 7316//7316 7317//7317
f 7318//7318 7319//7319 7320//7320
f 7321//7321 7322//7322 7323//7323
f 7324//7324 7325//7325 7326//7326
f 7327//7327 7328//7328 7329//7329
f 7330//7330 7331//7331 7332//7332
f 7333//7333 7334//7334 7335//7335
f 7336//7336 7337//7337 7338//7338
f 7339//7339 7340//7340 7341//7341
f 7342//7342 7343//7343 7344//7344
f 7345//7345 7346//7346 7347//7347
f 7348//7348 7349//7349 7350//7350
f 7351//7351 7352//7352 7353//7353
f 7130//7130 7354//7354 7128//7128
f 7355//7355 7356//7356 7357//7357
f 7358//7358 7359//7359 7360//7360
f 7361//7361 7362//7362 7363//7363
f 7364//7364 7365//7365 7366//7366
f 7367//7367 7368//7368 7369//7369
f 7370//7370 7371//7371 7372//7372
f 7373//7373 7374//7374 7375//7375
f 7376//7376 7377//7377 7378//7378
f 7379//7379 7380//7380 7381//7381
f 7382//7382 7383//7383 7384//7384
f 7385//7385 7386//7386 7387//7387
f 7388//7388 7389//7389 7390//7390
f 7391//7391 7392//7392 7393//7393
f 7394//7394 7395//7395 7396//7396
f 7397//7397 7398//7398 7399//7399
f 7400//7400 7401//7401 7402//7402
f 7403//7403 7404//7404 7405//7405
f 7406//7406 7407//7407 7408//7408
f 7409//7409 7410//7410 7411//7411
f 7412//7412 7413//7413 7414//7414
f 7415//7415 7416//7416 7417//7417
f 7418//7418 7419//7419 7420//7420
f 7421//7421 7422//7422 7423//7423
f 7424//7424 7425//7425 7426//7426
f 7427//7427 7428//7428 7429//7429
f 7430//7430 7431//7431 7432//7432
f 7433//7433 7434//7434 7435//7435
f 7436//7436 7437//7437 7438//7438
f 7439//7439 7440//7440 7441//7441
f 7442//7442 7443//7443 7444//7444
f 7445//7445 7446//7446 7447//7447
f 7448//7448 7449//7449 7450//7450
f 7451//7451 7452//7452 7453//7453
f 7454//7454 7455//7455 7456//7456
f 7457//7457 7458//7458 7459//7459
f 7460//7460 7461//7461 7462//7462
f 7463//7463 7464//7464 7465//7465
f 7466//7466 7467//7467 7468//7468
f 7469//7469 7470//7470 7471//7471
f 7472//7472 7473//7473 7474//7474
f 7475//7475 7476//7476 7477//7477
f 7478//7478 7479//7479 7480//7480
f 7481//7481 7482//7482 7483//7483
f 7371//7371 7484//7484 7372//7372
f 7485//7485 7486//7486 7487//7487
f 7488//7488 7489//7489 7490//7490
f 7491//7491 7492//7492 7493//7493
f 7494//7494 7495//7495 7496//7496
f 7497//7497 7498//7498 7499//7499
f 7500//7500 7501//7501 7502//7502
f 7503//7503 7504//7504 7505//7505
f 7506//7506 7507//7507 7508//7508
f 7509//7509 7510//7510 7511//7511
f 7512//7512 7513//7513 7514//7514
f 7515//7515 7516//7516 7517//7517
f 7518//7518 7519//7519 7520//7520
f 7521//7521 7522//7522 7523//7523
f 7345//7345 7524//7524 7346//7346
f 7525//7525 7526//7526 7527//7527
f 7528//7528 7529//7529 7530//7530
f 7531//7531 7532//7532 7533//7533
f 7413//7413 7534//7534 7414//7414
f 7535//7535 7536//7536 7537//7537
f 7538//7538 7539//7539 7540//7540
f 7541//7541 7542//7542 7543//7543
f 7544//7544 7545//7545 7546//7546
f 7461//7461 7547//7547 7462//7462
f 7548//7548 7549//7549 7550//7550
f 7551//7551 7552//7552 7553//7553
f 7554//7554 7555//7555 7556//7556
f 7557//7557 7558//7558 7559//7559
f 7560//7560 7561//7561 7562//7562
f 7563//7563 7564//7564 7565//7565
f 7566//7566 7567//7567 7568//7568
f 7569//7569 7570//7570 7571//7571
f 7572//7572 7573//7573 7574//7574
f 7575//7575 7576//7576 7577//7577
f 7578//7578 7579//7579 7580//7580
f 7581//7581 7582//7582 7583//7583
f 7584//7584 7585//7585 7586//7586
f 7587//7587 7588//7588 7589//7589
f 7590//7590 7373//7373 7375//7375
f 7591//7591 7592//7592 7593//7593
f 7594//7594 7595//7595 7596//7596
f 7597//7597 7598//7598 7599//7599
f 7600//7600 7601//7601 7602//7602
f 7603//7603 7604//7604 7605//7605
f 7606//7606 7607//7607 7608//7608
f 7609//7609 7610//7610 7611//7611
f 7612//7612 7613//7613 7614//7614
f 7615//7615 7613//7613 7612//7612
f 7616//7616 7617//7617 7618//7618
f 7619//7619 7620//7620 7621//7621
f 7622//7622 7623//7623 7624//7624
f 7625//7625 7626//7626 7627//7627
f 7628//7628 7629//7629 7630//7630
f 7631//7631 7632//7632 7633//7633
f 7634//7634 7635//7635 7636//7636
f 7637//7637 7638//7638 7639//7639
f 7640//7640 7641//7641 7642//7642
f 7643//7643 7644//7644 7645//7645
f 7646//7646 7647//7647 7648//7648
f 7649//7649 7650//7650 7651//7651
f 7652//7652 7653//7653 7654//7654
f 7655//7655 7656//7656 7657//7657
f 7658//7658 7659//7659 7660//7660
f 7661//7661 7662//7662 7663//7663
f 7664//7664 7665//7665 7666//7666
f 7667//7667 7668//7668 7669//7669
f 7670//7670 7671//7671 7672//7672
f 7673//7673 7674//7674 7675//7675
f 7676//7676 7677//7677 7678//7678
f 7679//7679 7680//7680 7681//7681
f 7682//7682 7683//7683 7684//7684
f 7685//7685 7686//7686 7687//7687
f 7688//7688 7689//7689 7690//7690
f 7691//7691 7692//7692 7693//7693
f 7694//7694 7695//7695 7696//7696
f 7697//7697 7698//7698 7699//7699
f 7700//7700 7701//7701 7702//7702
f 7703//7703 7704//7704 7705//7705
