# https://github.com/mikedh/trimesh
v 0.05436227 0.00803613 0.08719874
v 0.05479461 0.00866733 0.09003277
v 0.05404363 0.00756595 0.08970822
v 0.06062213 0.01640881 0.07093872
v 0.06635397 0.02305196 0.07233025
v 0.07030861 0.02734267 0.07531960
v 0.06028950 0.01600033 0.06957180
v 0.06635397 0.02305196 0.07233025
v 0.06062213 0.01640881 0.07093872
v 0.05352788 0.00678923 0.08498157
v 0.05352788 0.00678923 0.08498157
v 0.05411238 0.00766672 0.08337242
v 0.05436227 0.00803613 0.08719874
v 0.07148101 0.02851760 0.09331662
v 0.07266394 0.02973923 0.09217359
v 0.07289744 0.02997921 0.09348900
v 0.07266394 0.02973923 0.09217359
v 0.07380621 0.03090695 0.09176452
v 0.07289744 0.02997921 0.09348900
v 0.07183533 0.02888534 0.09434290
v 0.06028950 0.01600033 0.06957180
v 0.06062213 0.01640881 0.07093872
v 0.05879590 0.01410272 0.07053621
v 0.05345295 0.00667474 0.07814742
v 0.07353310 0.03062886 0.08940191
v 0.07447441 0.03158509 0.08867742
v 0.06995875 0.02697562 0.09370078
v 0.07148101 0.02851760 0.09331662
v 0.07183533 0.02888534 0.09434290
v 0.05816311 0.01328355 0.06938524
v 0.06028950 0.01600033 0.06957180
v 0.05879590 0.01410272 0.07053621
v 0.06564080 0.02229352 0.09437908
v 0.06995875 0.02697562 0.09370078
v 0.07183533 0.02888534 0.09434290
v 0.05413931 0.00770646 0.07683201
v 0.05816311 0.01328355 0.06938524
v 0.05879590 0.01410272 0.07053621
v 0.05736387 0.01223219 0.07073332
v 0.07379230 0.03089245 0.08448733
v 0.07459115 0.03170277 0.08341057
v 0.05686646 0.01156535 0.06973339
v 0.05816311 0.01328355 0.06938524
v 0.05736387 0.01223219 0.07073332
v 0.05363747 0.00695519 0.07573737
v 0.07341361 0.03050727 0.08012898
v 0.07427901 0.03138735 0.08034409
v 0.05686646 0.01156535 0.06973339
v 0.05736387 0.01223219 0.07073332
v 0.05625651 0.01073209 0.07138593
v 0.06092238 0.01678797 0.09369994
v 0.06995875 0.02697562 0.09370078
v 0.06564080 0.02229352 0.09437908
v 0.07367130 0.03076960 0.07799012
v 0.05578898 0.01008216 0.07050682
v 0.05686646 0.01156535 0.06973339
v 0.05625651 0.01073209 0.07138593
v 0.05407217 0.00760737 0.07364053
v 0.05465936 0.00847130 0.07411076
v 0.05413931 0.00770646 0.07683201
v 0.05407217 0.00760737 0.07364053
v 0.07252798 0.02959939 0.07758732
v 0.05900120 0.01439315 0.09437890
v 0.06092238 0.01678797 0.09369994
v 0.06564080 0.02229352 0.09437908
v 0.05535849 0.00947675 0.07247288
v 0.07253839 0.02961080 0.07576866
v 0.05483102 0.00872187 0.07175435
v 0.05578898 0.01008216 0.07050682
v 0.05535849 0.00947675 0.07247288
v 0.05483102 0.00872187 0.07175435
v 0.05483102 0.00872187 0.07175435
v 0.05535849 0.00947675 0.07247288
v 0.05465936 0.00847130 0.07411076
v 0.07161722 0.02865854 0.07624860
v 0.07253839 0.02961080 0.07576866
v 0.07252798 0.02959939 0.07758732
v 0.07101638 0.02803427 0.07441694
v 0.07161722 0.02865854 0.07624860
v 0.07030861 0.02734267 0.07531960
v 0.07101638 0.02803427 0.07441694
v 0.05713372 0.01192473 0.09367312
v 0.06092238 0.01678797 0.09369994
v 0.05900120 0.01439315 0.09437890
v 0.05608986 0.01050223 0.09433419
v 0.05713372 0.01192473 0.09367312
v 0.05900120 0.01439315 0.09437890
v 0.05624130 0.01071090 0.09320516
v 0.05713372 0.01192473 0.09367312
v 0.05608986 0.01050223 0.09433419
v 0.06635397 0.02305196 0.07233025
v 0.07101638 0.02803427 0.07441694
v 0.07030861 0.02734267 0.07531960
v 0.05624130 0.01071090 0.09320516
v 0.05608986 0.01050223 0.09433419
v 0.05495228 0.00889791 0.09287466
v 0.05545593 0.00961381 0.09204931
v 0.05479461 0.00866733 0.09003277
v 0.05545593 0.00961381 0.09204931
v 0.05495228 0.00889791 0.09287466
v 0.05495228 0.00889791 0.09287466
v 0.06124236 0.01539359 0.07088555
v 0.07030861 0.02734267 0.07531960
v 0.07151317 0.02662626 0.07549275
v 0.06062213 0.01640881 0.07093872
v 0.07030861 0.02734267 0.07531960
v 0.06124236 0.01539359 0.07088555
v 0.06543260 0.01968936 0.07279731
v 0.06251275 0.01513008 0.07157368
v 0.06181594 0.01541723 0.07112391
v 0.06543260 0.01968936 0.07279731
v 0.06608238 0.01934641 0.07322277
v 0.06251275 0.01513008 0.07157368
v 0.06181594 0.01541723 0.07112391
v 0.06124236 0.01539359 0.07088555
v 0.06543260 0.01968936 0.07279731
v 0.06543260 0.01968936 0.07279731
v 0.06124236 0.01539359 0.07088555
v 0.06818214 0.02272591 0.07404102
v 0.07151317 0.02662626 0.07549275
v 0.06838646 0.02193077 0.07426400
v 0.06818214 0.02272591 0.07404102
v 0.07151317 0.02662626 0.07549275
v 0.07222153 0.02606626 0.07598884
v 0.06838646 0.02193077 0.07426400
v 0.06818214 0.02272591 0.07404102
v 0.06608238 0.01934641 0.07322277
v 0.06608238 0.01934641 0.07322277
v 0.06543260 0.01968936 0.07279731
v 0.06818214 0.02272591 0.07404102
v 0.06124236 0.01539359 0.07088555
v 0.07151317 0.02662626 0.07549275
v 0.07235750 0.02606752 0.07624860
v 0.06838646 0.02193077 0.07426400
v 0.07222153 0.02606626 0.07598884
v 0.06668006 0.01992151 0.07375122
v 0.06838646 0.02193077 0.07426400
v 0.07235750 0.02606752 0.07624860
v 0.06608238 0.01934641 0.07322277
v 0.06294636 0.01561267 0.07181711
v 0.06251275 0.01513008 0.07157368
v 0.06294922 0.01556334 0.07193143
v 0.06294636 0.01561267 0.07181711
v 0.06668006 0.01992151 0.07375122
v 0.06608238 0.01934641 0.07322277
v 0.06838646 0.02193077 0.07426400
v 0.06668006 0.01992151 0.07375122
v 0.06294636 0.01561267 0.07181711
v 0.06608238 0.01934641 0.07322277
v 0.06668006 0.01992151 0.07375122
v 0.07326782 0.02713388 0.07697804
v 0.07373667 0.02756184 0.07771827
v 0.07333961 0.02708385 0.07724626
v 0.07290755 0.02669665 0.07659681
v 0.07326782 0.02713388 0.07697804
v 0.07333961 0.02708385 0.07724626
v 0.07496015 0.02888993 0.08280177
v 0.07466702 0.02848823 0.08062793
v 0.07477159 0.02868417 0.08106465
v 0.07290755 0.02669665 0.07659681
v 0.07235750 0.02606752 0.07624860
v 0.07222153 0.02606626 0.07598884
v 0.07491476 0.02872164 0.08285470
v 0.07466702 0.02848823 0.08062793
v 0.07496015 0.02888993 0.08280177
v 0.07477159 0.02868417 0.08106465
v 0.07466702 0.02848823 0.08062793
v 0.07456246 0.02847959 0.07996792
v 0.07434421 0.02814376 0.07934357
v 0.07456246 0.02847959 0.07996792
v 0.07466702 0.02848823 0.08062793
v 0.07501118 0.02889343 0.08389343
v 0.07491476 0.02872164 0.08285470
v 0.07496015 0.02888993 0.08280177
v 0.07456246 0.02847959 0.07996792
v 0.07434421 0.02814376 0.07934357
v 0.07427038 0.02818734 0.07892604
v 0.07434421 0.02814376 0.07934357
v 0.07412703 0.02795709 0.07857127
v 0.07427038 0.02818734 0.07892604
v 0.07499411 0.02885301 0.08623053
v 0.07496968 0.02877167 0.08484955
v 0.07501118 0.02889343 0.08389343
v 0.07490347 0.02875232 0.08789648
v 0.07479279 0.02868228 0.08899982
v 0.07460195 0.02845266 0.09007312
v 0.07499411 0.02885301 0.08623053
v 0.07497321 0.02887055 0.08697380
v 0.07490347 0.02875232 0.08789648
v 0.07185325 0.02552796 0.09300769
v 0.07258458 0.02638962 0.09298582
v 0.07178532 0.02562347 0.09320343
v 0.07337251 0.02713118 0.09241814
v 0.07258458 0.02638962 0.09298582
v 0.07185325 0.02552796 0.09300769
v 0.07185325 0.02552796 0.09300769
v 0.07178532 0.02562347 0.09320343
v 0.07121426 0.02494561 0.09318216
v 0.07337251 0.02713118 0.09241814
v 0.07311344 0.02700504 0.09274835
v 0.07258458 0.02638962 0.09298582
v 0.07337251 0.02713118 0.09241814
v 0.07356639 0.02746616 0.09236003
v 0.07311344 0.02700504 0.09274835
v 0.07390425 0.02766856 0.09177406
v 0.07356639 0.02746616 0.09236003
v 0.07337251 0.02713118 0.09241814
v 0.07390425 0.02766856 0.09177406
v 0.07401959 0.02793843 0.09174330
v 0.07356639 0.02746616 0.09236003
v 0.07434375 0.02820087 0.09098847
v 0.07401959 0.02793843 0.09174330
v 0.07390425 0.02766856 0.09177406
v 0.05882212 0.01037061 0.09313394
v 0.06211788 0.01460193 0.09316433
v 0.05910568 0.01095476 0.09327264
v 0.05922167 0.01086010 0.09310074
v 0.06043242 0.01244487 0.09311284
v 0.05882212 0.01037061 0.09313394
v 0.05882212 0.01037061 0.09313394
v 0.06043242 0.01244487 0.09311284
v 0.06211788 0.01460193 0.09316433
v 0.05923419 0.01085525 0.09303976
v 0.06043242 0.01244487 0.09311284
v 0.05922167 0.01086010 0.09310074
v 0.05910535 0.01095485 0.09327264
v 0.05910535 0.01095485 0.09327264
v 0.05910535 0.01095485 0.09327264
v 0.05910568 0.01095476 0.09327264
v 0.05861850 0.01029343 0.09322602
v 0.05910568 0.01095476 0.09327264
v 0.05910535 0.01095485 0.09327264
v 0.05861850 0.01029343 0.09322602
v 0.05882212 0.01037061 0.09313394
v 0.05910568 0.01095476 0.09327264
v 0.05712301 0.00827186 0.09160776
v 0.05700162 0.00783716 0.09073360
v 0.05742377 0.00841549 0.09177596
v 0.05839516 0.00980879 0.09302694
v 0.05882212 0.01037061 0.09313394
v 0.05861850 0.01029343 0.09322602
v 0.05922167 0.01086010 0.09310074
v 0.05882212 0.01037061 0.09313394
v 0.05928734 0.01088041 0.09269477
v 0.05964124 0.01144092 0.07112683
v 0.05905110 0.01065320 0.07130528
v 0.05869483 0.01053987 0.07120557
v 0.05905110 0.01065320 0.07130528
v 0.05862824 0.01003529 0.07155455
v 0.05869483 0.01053987 0.07120557
v 0.05869483 0.01053987 0.07120557
v 0.05862824 0.01003529 0.07155455
v 0.05827307 0.00962904 0.07168318
v 0.06181864 0.01418191 0.07140751
v 0.06251275 0.01513008 0.07157368
v 0.06294636 0.01561267 0.07181711
v 0.05796321 0.00918936 0.07195617
v 0.05738032 0.00830579 0.07277502
v 0.05751767 0.00859883 0.07242943
v 0.05655660 0.00713976 0.07471968
v 0.05671377 0.00745177 0.07397206
v 0.05705465 0.00786540 0.07331175
v 0.05621175 0.00665009 0.07647491
v 0.05634363 0.00690664 0.07536782
v 0.05655660 0.00713976 0.07471968
v 0.06251275 0.01513008 0.07157368
v 0.06181864 0.01418191 0.07140751
v 0.06155341 0.01397189 0.07122369
v 0.06067338 0.01276253 0.07111956
v 0.06155341 0.01397189 0.07122369
v 0.06181864 0.01418191 0.07140751
v 0.06083745 0.01313987 0.07103152
v 0.06155341 0.01397189 0.07122369
v 0.06067338 0.01276253 0.07111956
v 0.07496968 0.02877167 0.08484955
v 0.07491476 0.02872164 0.08285470
v 0.07501118 0.02889343 0.08389343
v 0.07496968 0.02877167 0.08484955
v 0.07362772 0.02753601 0.08261157
v 0.07491476 0.02872164 0.08285470
v 0.07333961 0.02708385 0.07724626
v 0.07235750 0.02606752 0.07624860
v 0.07290755 0.02669665 0.07659681
v 0.07434421 0.02814376 0.07934357
v 0.07466702 0.02848823 0.08062793
v 0.07491476 0.02872164 0.08285470
v 0.07333961 0.02708385 0.07724626
v 0.07373667 0.02756184 0.07771827
v 0.07412703 0.02795709 0.07857127
v 0.07333961 0.02708385 0.07724626
v 0.07412703 0.02795709 0.07857127
v 0.07434421 0.02814376 0.07934357
v 0.07491476 0.02872164 0.08285470
v 0.07333961 0.02708385 0.07724626
v 0.07434421 0.02814376 0.07934357
v 0.07333985 0.02726584 0.08779169
v 0.07319879 0.02718631 0.08467103
v 0.07362772 0.02753601 0.08261157
v 0.07059171 0.02438267 0.07718308
v 0.07235750 0.02606752 0.07624860
v 0.07333961 0.02708385 0.07724626
v 0.07243218 0.02632858 0.07963253
v 0.07246977 0.02638229 0.08951266
v 0.07333985 0.02726584 0.08779169
v 0.07390425 0.02766856 0.09177406
v 0.07106573 0.02492269 0.09084726
v 0.07390425 0.02766856 0.09177406
v 0.07185325 0.02552796 0.09300769
v 0.07362772 0.02753601 0.08261157
v 0.07333961 0.02708385 0.07724626
v 0.07491476 0.02872164 0.08285470
v 0.07243218 0.02632858 0.07963253
v 0.07106573 0.02492269 0.09084726
v 0.07246977 0.02638229 0.08951266
v 0.07390425 0.02766856 0.09177406
v 0.06010620 0.01494594 0.08543236
v 0.05982829 0.01479489 0.08303739
v 0.06187010 0.01684014 0.08382417
v 0.07106573 0.02492269 0.09084726
v 0.06393428 0.01870161 0.08602525
v 0.07246977 0.02638229 0.08951266
v 0.06393428 0.01870161 0.08602525
v 0.06187010 0.01684014 0.08382417
v 0.06551171 0.02030736 0.08362026
v 0.07106573 0.02492269 0.09084726
v 0.06759984 0.02159579 0.09043170
v 0.06393428 0.01870161 0.08602525
v 0.06276960 0.01724147 0.08816726
v 0.06060442 0.01506189 0.08794321
v 0.06010620 0.01494594 0.08543236
v 0.06276960 0.01724147 0.08816726
v 0.06010620 0.01494594 0.08543236
v 0.06393428 0.01870161 0.08602525
v 0.06272390 0.01758927 0.08028222
v 0.05995250 0.01464539 0.07802380
v 0.06218957 0.01669550 0.07728047
v 0.06187010 0.01684014 0.08382417
v 0.05989817 0.01488963 0.08114059
v 0.06551171 0.02030736 0.08362026
v 0.07362772 0.02753601 0.08261157
v 0.06709959 0.02163072 0.08096898
v 0.07243218 0.02632858 0.07963253
v 0.05989817 0.01488963 0.08114059
v 0.05995250 0.01464539 0.07802380
v 0.06272390 0.01758927 0.08028222
v 0.06249627 0.01657567 0.08991451
v 0.06060442 0.01506189 0.08794321
v 0.06276960 0.01724147 0.08816726
v 0.06272390 0.01758927 0.08028222
v 0.06218957 0.01669550 0.07728047
v 0.06783303 0.02191412 0.07734103
v 0.06783303 0.02191412 0.07734103
v 0.06218957 0.01669550 0.07728047
v 0.06645255 0.02047236 0.07633925
v 0.06393428 0.01870161 0.08602525
v 0.06010620 0.01494594 0.08543236
v 0.06187010 0.01684014 0.08382417
v 0.07319879 0.02718631 0.08467103
v 0.06709959 0.02163072 0.08096898
v 0.07362772 0.02753601 0.08261157
v 0.06551171 0.02030736 0.08362026
v 0.06272390 0.01758927 0.08028222
v 0.06709959 0.02163072 0.08096898
v 0.06551171 0.02030736 0.08362026
v 0.06709959 0.02163072 0.08096898
v 0.07319879 0.02718631 0.08467103
v 0.06709959 0.02163072 0.08096898
v 0.06783303 0.02191412 0.07734103
v 0.07243218 0.02632858 0.07963253
v 0.06412774 0.01814755 0.09027649
v 0.06218957 0.01669550 0.07728047
v 0.06074844 0.01512582 0.07622446
v 0.06202330 0.01606688 0.07499875
v 0.06318288 0.01715127 0.07495929
v 0.06218957 0.01669550 0.07728047
v 0.05995250 0.01464539 0.07802380
v 0.06074844 0.01512582 0.07622446
v 0.06276960 0.01724147 0.08816726
v 0.06560730 0.01961151 0.09040470
v 0.06412774 0.01814755 0.09027649
v 0.06187010 0.01684014 0.08382417
v 0.05982829 0.01479489 0.08303739
v 0.05989817 0.01488963 0.08114059
v 0.07333985 0.02726584 0.08779169
v 0.06393428 0.01870161 0.08602525
v 0.06551171 0.02030736 0.08362026
v 0.07246977 0.02638229 0.08951266
v 0.06393428 0.01870161 0.08602525
v 0.07333985 0.02726584 0.08779169
v 0.06645255 0.02047236 0.07633925
v 0.06218957 0.01669550 0.07728047
v 0.06318288 0.01715127 0.07495929
v 0.06759984 0.02159579 0.09043170
v 0.06276960 0.01724147 0.08816726
v 0.07333985 0.02726584 0.08779169
v 0.06551171 0.02030736 0.08362026
v 0.07319879 0.02718631 0.08467103
v 0.06551171 0.02030736 0.08362026
v 0.05989817 0.01488963 0.08114059
v 0.06272390 0.01758927 0.08028222
v 0.06272390 0.01758927 0.08028222
v 0.06318288 0.01715127 0.07495929
v 0.06260526 0.01579326 0.07382632
v 0.06415960 0.01715616 0.07381476
v 0.07059171 0.02438267 0.07718308
v 0.07243218 0.02632858 0.07963253
v 0.06783303 0.02191412 0.07734103
v 0.06318288 0.01715127 0.07495929
v 0.06415960 0.01715616 0.07381476
v 0.06570689 0.01905909 0.07475854
v 0.06645255 0.02047236 0.07633925
v 0.06318288 0.01715127 0.07495929
v 0.06570689 0.01905909 0.07475854
v 0.06570689 0.01905909 0.07475854
v 0.06415960 0.01715616 0.07381476
v 0.06666821 0.02000922 0.07489474
v 0.06666821 0.02000922 0.07489474
v 0.07059171 0.02438267 0.07718308
v 0.06645255 0.02047236 0.07633925
v 0.06783303 0.02191412 0.07734103
v 0.06645255 0.02047236 0.07633925
v 0.07059171 0.02438267 0.07718308
v 0.07059171 0.02438267 0.07718308
v 0.06666821 0.02000922 0.07489474
v 0.07235750 0.02606752 0.07624860
v 0.06570689 0.01905909 0.07475854
v 0.06666821 0.02000922 0.07489474
v 0.06645255 0.02047236 0.07633925
v 0.05927440 0.01112112 0.07571186
v 0.05942680 0.01171918 0.07615663
v 0.05879008 0.01042657 0.07763518
v 0.06020812 0.01227898 0.07390089
v 0.06138153 0.01413659 0.07373107
v 0.06018936 0.01264098 0.07466860
v 0.05921114 0.01077859 0.07473106
v 0.06020812 0.01227898 0.07390089
v 0.05927440 0.01112112 0.07571186
v 0.06318288 0.01715127 0.07495929
v 0.06202330 0.01606688 0.07499875
v 0.06260526 0.01579326 0.07382632
v 0.06020812 0.01227898 0.07390089
v 0.06018936 0.01264098 0.07466860
v 0.05927440 0.01112112 0.07571186
v 0.05927440 0.01112112 0.07571186
v 0.06018936 0.01264098 0.07466860
v 0.05942680 0.01171918 0.07615663
v 0.05987040 0.01382564 0.07660587
v 0.05942680 0.01171918 0.07615663
v 0.06018936 0.01264098 0.07466860
v 0.06018936 0.01264098 0.07466860
v 0.06051453 0.01464239 0.07581742
v 0.05987040 0.01382564 0.07660587
v 0.05942680 0.01171918 0.07615663
v 0.05912763 0.01147085 0.07796586
v 0.05879008 0.01042657 0.07763518
v 0.06260526 0.01579326 0.07382632
v 0.06202330 0.01606688 0.07499875
v 0.06148740 0.01545082 0.07496537
v 0.06415960 0.01715616 0.07381476
v 0.06260526 0.01579326 0.07382632
v 0.06247481 0.01506550 0.07293052
v 0.06074844 0.01512582 0.07622446
v 0.06148740 0.01545082 0.07496537
v 0.06202330 0.01606688 0.07499875
v 0.05958153 0.01389703 0.07800342
v 0.05942680 0.01171918 0.07615663
v 0.05987040 0.01382564 0.07660587
v 0.05912763 0.01147085 0.07796586
v 0.05942680 0.01171918 0.07615663
v 0.05958153 0.01389703 0.07800342
v 0.06051453 0.01464239 0.07581742
v 0.05958153 0.01389703 0.07800342
v 0.05987040 0.01382564 0.07660587
v 0.05995250 0.01464539 0.07802380
v 0.05958153 0.01389703 0.07800342
v 0.06051453 0.01464239 0.07581742
v 0.06260526 0.01579326 0.07382632
v 0.06138153 0.01413659 0.07373107
v 0.06247481 0.01506550 0.07293052
v 0.06247481 0.01506550 0.07293052
v 0.06138153 0.01413659 0.07373107
v 0.06085651 0.01305060 0.07323433
v 0.06074844 0.01512582 0.07622446
v 0.06051453 0.01464239 0.07581742
v 0.06148740 0.01545082 0.07496537
v 0.06018936 0.01264098 0.07466860
v 0.06138153 0.01413659 0.07373107
v 0.06051453 0.01464239 0.07581742
v 0.06085651 0.01305060 0.07323433
v 0.06138153 0.01413659 0.07373107
v 0.06020812 0.01227898 0.07390089
v 0.06260526 0.01579326 0.07382632
v 0.06148740 0.01545082 0.07496537
v 0.06138153 0.01413659 0.07373107
v 0.06074844 0.01512582 0.07622446
v 0.05995250 0.01464539 0.07802380
v 0.06051453 0.01464239 0.07581742
v 0.06148740 0.01545082 0.07496537
v 0.06051453 0.01464239 0.07581742
v 0.06138153 0.01413659 0.07373107
v 0.05938373 0.01368297 0.08180715
v 0.05956980 0.01371689 0.08545209
v 0.05916199 0.01144030 0.08499456
v 0.05916199 0.01144030 0.08499456
v 0.05956980 0.01371689 0.08545209
v 0.05944703 0.01174160 0.08767636
v 0.05912763 0.01147085 0.07796586
v 0.05906218 0.01131031 0.08189298
v 0.05879008 0.01042657 0.07763518
v 0.05879008 0.01042657 0.07763518
v 0.05906218 0.01131031 0.08189298
v 0.05878013 0.01040255 0.08363319
v 0.05916199 0.01144030 0.08499456
v 0.05878013 0.01040255 0.08363319
v 0.05906218 0.01131031 0.08189298
v 0.05916199 0.01144030 0.08499456
v 0.05906218 0.01131031 0.08189298
v 0.05938373 0.01368297 0.08180715
v 0.05958153 0.01389703 0.07800342
v 0.05938373 0.01368297 0.08180715
v 0.05912763 0.01147085 0.07796586
v 0.05912763 0.01147085 0.07796586
v 0.05938373 0.01368297 0.08180715
v 0.05906218 0.01131031 0.08189298
v 0.05958153 0.01389703 0.07800342
v 0.05953271 0.01425410 0.08141143
v 0.05938373 0.01368297 0.08180715
v 0.05995250 0.01464539 0.07802380
v 0.05953271 0.01425410 0.08141143
v 0.05958153 0.01389703 0.07800342
v 0.05995250 0.01464539 0.07802380
v 0.05989817 0.01488963 0.08114059
v 0.05953271 0.01425410 0.08141143
v 0.05953271 0.01425410 0.08141143
v 0.05968128 0.01436440 0.08475340
v 0.05938373 0.01368297 0.08180715
v 0.05904140 0.01072991 0.08768071
v 0.05916199 0.01144030 0.08499456
v 0.05944703 0.01174160 0.08767636
v 0.05953271 0.01425410 0.08141143
v 0.05982829 0.01479489 0.08303739
v 0.05968128 0.01436440 0.08475340
v 0.05938373 0.01368297 0.08180715
v 0.05968128 0.01436440 0.08475340
v 0.05956980 0.01371689 0.08545209
v 0.05944703 0.01174160 0.08767636
v 0.05956980 0.01371689 0.08545209
v 0.06001470 0.01418498 0.08744998
v 0.05956980 0.01371689 0.08545209
v 0.05968128 0.01436440 0.08475340
v 0.06001470 0.01418498 0.08744998
v 0.06001470 0.01418498 0.08744998
v 0.05968128 0.01436440 0.08475340
v 0.06060442 0.01506189 0.08794321
v 0.05968128 0.01436440 0.08475340
v 0.06010620 0.01494594 0.08543236
v 0.06060442 0.01506189 0.08794321
v 0.05968128 0.01436440 0.08475340
v 0.05982829 0.01479489 0.08303739
v 0.06010620 0.01494594 0.08543236
v 0.05953271 0.01425410 0.08141143
v 0.05989817 0.01488963 0.08114059
v 0.05982829 0.01479489 0.08303739
v 0.05904140 0.01072991 0.08768071
v 0.05878013 0.01040255 0.08363319
v 0.05916199 0.01144030 0.08499456
v 0.05944703 0.01174160 0.08767636
v 0.05962506 0.01148509 0.08993478
v 0.05904140 0.01072991 0.08768071
v 0.05987120 0.01230409 0.08920146
v 0.05962506 0.01148509 0.08993478
v 0.05944703 0.01174160 0.08767636
v 0.06175212 0.01461846 0.09094013
v 0.06349692 0.01643550 0.09158362
v 0.06168128 0.01415320 0.09159769
v 0.06249627 0.01657567 0.08991451
v 0.06171010 0.01575664 0.08967609
v 0.06060442 0.01506189 0.08794321
v 0.05944703 0.01174160 0.08767636
v 0.06001470 0.01418498 0.08744998
v 0.05987120 0.01230409 0.08920146
v 0.06086397 0.01371260 0.09024633
v 0.06054643 0.01270233 0.09099008
v 0.05987120 0.01230409 0.08920146
v 0.06001470 0.01418498 0.08744998
v 0.06036305 0.01433321 0.08847822
v 0.05987120 0.01230409 0.08920146
v 0.06060442 0.01506189 0.08794321
v 0.06036305 0.01433321 0.08847822
v 0.06001470 0.01418498 0.08744998
v 0.06086397 0.01371260 0.09024633
v 0.06168128 0.01415320 0.09159769
v 0.06054643 0.01270233 0.09099008
v 0.06175212 0.01461846 0.09094013
v 0.06168128 0.01415320 0.09159769
v 0.06086397 0.01371260 0.09024633
v 0.06060442 0.01506189 0.08794321
v 0.06098657 0.01498024 0.08923347
v 0.06036305 0.01433321 0.08847822
v 0.05987120 0.01230409 0.08920146
v 0.06036305 0.01433321 0.08847822
v 0.06086397 0.01371260 0.09024633
v 0.06060442 0.01506189 0.08794321
v 0.06171010 0.01575664 0.08967609
v 0.06098657 0.01498024 0.08923347
v 0.06036305 0.01433321 0.08847822
v 0.06098657 0.01498024 0.08923347
v 0.06086397 0.01371260 0.09024633
v 0.06249627 0.01657567 0.08991451
v 0.06349692 0.01643550 0.09158362
v 0.06171010 0.01575664 0.08967609
v 0.06171010 0.01575664 0.08967609
v 0.06349692 0.01643550 0.09158362
v 0.06175212 0.01461846 0.09094013
v 0.06054643 0.01270233 0.09099008
v 0.05962506 0.01148509 0.08993478
v 0.05987120 0.01230409 0.08920146
v 0.06168128 0.01415320 0.09159769
v 0.06349692 0.01643550 0.09158362
v 0.06195363 0.01433503 0.09254296
v 0.06054643 0.01270233 0.09099008
v 0.06168128 0.01415320 0.09159769
v 0.06195363 0.01433503 0.09254296
v 0.06086397 0.01371260 0.09024633
v 0.06098657 0.01498024 0.08923347
v 0.06175212 0.01461846 0.09094013
v 0.06098657 0.01498024 0.08923347
v 0.06171010 0.01575664 0.08967609
v 0.06175212 0.01461846 0.09094013
v 0.06349692 0.01643550 0.09158362
v 0.06712981 0.02067353 0.09137608
v 0.06596180 0.01913454 0.09220780
v 0.06412774 0.01814755 0.09027649
v 0.06560730 0.01961151 0.09040470
v 0.06712981 0.02067353 0.09137608
v 0.06412774 0.01814755 0.09027649
v 0.06712981 0.02067353 0.09137608
v 0.06349692 0.01643550 0.09158362
v 0.06249627 0.01657567 0.08991451
v 0.06412774 0.01814755 0.09027649
v 0.06349692 0.01643550 0.09158362
v 0.06712981 0.02067353 0.09137608
v 0.06759984 0.02159579 0.09043170
v 0.06941792 0.02306869 0.09157223
v 0.06560730 0.01961151 0.09040470
v 0.06759984 0.02159579 0.09043170
v 0.06712981 0.02067353 0.09137608
v 0.06349692 0.01643550 0.09158362
v 0.06596180 0.01913454 0.09220780
v 0.06195363 0.01433503 0.09254296
v 0.06941792 0.02306869 0.09157223
v 0.07106573 0.02492269 0.09084726
v 0.07185325 0.02552796 0.09300769
v 0.06759984 0.02159579 0.09043170
v 0.07106573 0.02492269 0.09084726
v 0.06941792 0.02306869 0.09157223
v 0.06596180 0.01913454 0.09220780
v 0.06712981 0.02067353 0.09137608
v 0.06941792 0.02306869 0.09157223
v 0.06666821 0.02000922 0.07489474
v 0.06668006 0.01992151 0.07375122
v 0.07235750 0.02606752 0.07624860
v 0.06415960 0.01715616 0.07381476
v 0.06668006 0.01992151 0.07375122
v 0.06666821 0.02000922 0.07489474
v 0.06247481 0.01506550 0.07293052
v 0.06294922 0.01556334 0.07193143
v 0.06415960 0.01715616 0.07381476
v 0.06415960 0.01715616 0.07381476
v 0.06294922 0.01556334 0.07193143
v 0.06668006 0.01992151 0.07375122
v 0.05751881 0.00817758 0.07420386
v 0.05862824 0.01003529 0.07155455
v 0.05951598 0.01112583 0.07241006
v 0.06181864 0.01418191 0.07140751
v 0.06247481 0.01506550 0.07293052
v 0.05951598 0.01112583 0.07241006
v 0.06181864 0.01418191 0.07140751
v 0.06294922 0.01556334 0.07193143
v 0.06247481 0.01506550 0.07293052
v 0.06067338 0.01276253 0.07111956
v 0.05964124 0.01144092 0.07112683
v 0.06013634 0.01212889 0.07106234
v 0.05751881 0.00817758 0.07420386
v 0.05655660 0.00713976 0.07471968
v 0.05705465 0.00786540 0.07331175
v 0.05751881 0.00817758 0.07420386
v 0.05675499 0.00710051 0.07660294
v 0.05655660 0.00713976 0.07471968
v 0.05793088 0.00875175 0.07685626
v 0.05927440 0.01112112 0.07571186
v 0.05879008 0.01042657 0.07763518
v 0.05738032 0.00830579 0.07277502
v 0.05751881 0.00817758 0.07420386
v 0.05705465 0.00786540 0.07331175
v 0.05951598 0.01112583 0.07241006
v 0.05793088 0.00875175 0.07685626
v 0.05739161 0.00789283 0.07630838
v 0.05793088 0.00875175 0.07685626
v 0.05921114 0.01077859 0.07473106
v 0.05927440 0.01112112 0.07571186
v 0.05615359 0.00654279 0.07736070
v 0.05675499 0.00710051 0.07660294
v 0.05605914 0.00647902 0.07819868
v 0.05921114 0.01077859 0.07473106
v 0.05793088 0.00875175 0.07685626
v 0.05951598 0.01112583 0.07241006
v 0.05951598 0.01112583 0.07241006
v 0.06020812 0.01227898 0.07390089
v 0.05921114 0.01077859 0.07473106
v 0.05951598 0.01112583 0.07241006
v 0.05862824 0.01003529 0.07155455
v 0.06067338 0.01276253 0.07111956
v 0.05951598 0.01112583 0.07241006
v 0.06085651 0.01305060 0.07323433
v 0.06020812 0.01227898 0.07390089
v 0.05751881 0.00817758 0.07420386
v 0.05738032 0.00830579 0.07277502
v 0.05862824 0.01003529 0.07155455
v 0.05862824 0.01003529 0.07155455
v 0.05738032 0.00830579 0.07277502
v 0.05796321 0.00918936 0.07195617
v 0.06181864 0.01418191 0.07140751
v 0.05951598 0.01112583 0.07241006
v 0.06067338 0.01276253 0.07111956
v 0.05862824 0.01003529 0.07155455
v 0.05796321 0.00918936 0.07195617
v 0.05827307 0.00962904 0.07168318
v 0.05951598 0.01112583 0.07241006
v 0.06247481 0.01506550 0.07293052
v 0.06085651 0.01305060 0.07323433
v 0.05675499 0.00710051 0.07660294
v 0.05615359 0.00654279 0.07736070
v 0.05621175 0.00665009 0.07647491
v 0.05964124 0.01144092 0.07112683
v 0.05862824 0.01003529 0.07155455
v 0.05905110 0.01065320 0.07130528
v 0.06067338 0.01276253 0.07111956
v 0.05862824 0.01003529 0.07155455
v 0.05964124 0.01144092 0.07112683
v 0.05751881 0.00817758 0.07420386
v 0.05739161 0.00789283 0.07630838
v 0.05675499 0.00710051 0.07660294
v 0.05675499 0.00710051 0.07660294
v 0.05621175 0.00665009 0.07647491
v 0.05655660 0.00713976 0.07471968
v 0.05751881 0.00817758 0.07420386
v 0.05951598 0.01112583 0.07241006
v 0.05739161 0.00789283 0.07630838
v 0.05695206 0.00727737 0.08158112
v 0.05793088 0.00875175 0.07685626
v 0.05795406 0.00879693 0.08355636
v 0.05695206 0.00727737 0.08158112
v 0.05675499 0.00710051 0.07660294
v 0.05608092 0.00647080 0.08024831
v 0.05605914 0.00647902 0.07819868
v 0.05795406 0.00879693 0.08355636
v 0.05793088 0.00875175 0.07685626
v 0.05878013 0.01040255 0.08363319
v 0.05879008 0.01042657 0.07763518
v 0.05675499 0.00710051 0.07660294
v 0.05695206 0.00727737 0.08158112
v 0.05608092 0.00647080 0.08024831
v 0.05739161 0.00789283 0.07630838
v 0.05695206 0.00727737 0.08158112
v 0.05675499 0.00710051 0.07660294
v 0.05839516 0.00980879 0.09302694
v 0.05815224 0.00920010 0.09188260
v 0.05882212 0.01037061 0.09313394
v 0.05962506 0.01148509 0.08993478
v 0.05945411 0.01107358 0.09181423
v 0.05827530 0.00918789 0.08982403
v 0.05945411 0.01107358 0.09181423
v 0.05928734 0.01088041 0.09269477
v 0.05815224 0.00920010 0.09188260
v 0.05962506 0.01148509 0.08993478
v 0.06054643 0.01270233 0.09099008
v 0.05945411 0.01107358 0.09181423
v 0.05621478 0.00670159 0.08579565
v 0.05720874 0.00778987 0.08931769
v 0.05638102 0.00695043 0.08760853
v 0.05682537 0.00719417 0.08526028
v 0.05720874 0.00778987 0.08931769
v 0.05621478 0.00670159 0.08579565
v 0.05682537 0.00719417 0.08526028
v 0.05759371 0.00817240 0.08650268
v 0.05720874 0.00778987 0.08931769
v 0.05638102 0.00695043 0.08760853
v 0.05720874 0.00778987 0.08931769
v 0.05652667 0.00716479 0.08863688
v 0.05695206 0.00727737 0.08158112
v 0.05609441 0.00651456 0.08312870
v 0.05608092 0.00647080 0.08024831
v 0.05652667 0.00716479 0.08863688
v 0.05720874 0.00778987 0.08931769
v 0.05671663 0.00743103 0.08963347
v 0.05682537 0.00719417 0.08526028
v 0.05827530 0.00918789 0.08982403
v 0.05720874 0.00778987 0.08931769
v 0.05759371 0.00817240 0.08650268
v 0.05671663 0.00743103 0.08963347
v 0.05720874 0.00778987 0.08931769
v 0.05700162 0.00783716 0.09073360
v 0.05795406 0.00879693 0.08355636
v 0.05827530 0.00918789 0.08982403
v 0.05759371 0.00817240 0.08650268
v 0.05695206 0.00727737 0.08158112
v 0.05759371 0.00817240 0.08650268
v 0.05682537 0.00719417 0.08526028
v 0.05795406 0.00879693 0.08355636
v 0.05878013 0.01040255 0.08363319
v 0.05827530 0.00918789 0.08982403
v 0.05700162 0.00783716 0.09073360
v 0.05720874 0.00778987 0.08931769
v 0.05742377 0.00841549 0.09177596
v 0.05904140 0.01072991 0.08768071
v 0.05827530 0.00918789 0.08982403
v 0.05878013 0.01040255 0.08363319
v 0.05882212 0.01037061 0.09313394
v 0.05815224 0.00920010 0.09188260
v 0.05928734 0.01088041 0.09269477
v 0.05720874 0.00778987 0.08931769
v 0.05815224 0.00920010 0.09188260
v 0.05742377 0.00841549 0.09177596
v 0.05614473 0.00657971 0.08428980
v 0.05682537 0.00719417 0.08526028
v 0.05621478 0.00670159 0.08579565
v 0.05827530 0.00918789 0.08982403
v 0.05815224 0.00920010 0.09188260
v 0.05720874 0.00778987 0.08931769
v 0.05609441 0.00651456 0.08312870
v 0.05682537 0.00719417 0.08526028
v 0.05614473 0.00657971 0.08428980
v 0.05742377 0.00841549 0.09177596
v 0.05815224 0.00920010 0.09188260
v 0.05781594 0.00899564 0.09246761
v 0.05695206 0.00727737 0.08158112
v 0.05795406 0.00879693 0.08355636
v 0.05759371 0.00817240 0.08650268
v 0.05781594 0.00899564 0.09246761
v 0.05815224 0.00920010 0.09188260
v 0.05839516 0.00980879 0.09302694
v 0.05962506 0.01148509 0.08993478
v 0.05827530 0.00918789 0.08982403
v 0.05904140 0.01072991 0.08768071
v 0.05815224 0.00920010 0.09188260
v 0.05827530 0.00918789 0.08982403
v 0.05945411 0.01107358 0.09181423
v 0.06054643 0.01270233 0.09099008
v 0.05928734 0.01088041 0.09269477
v 0.05945411 0.01107358 0.09181423
v 0.06195363 0.01433503 0.09254296
v 0.05928734 0.01088041 0.09269477
v 0.06054643 0.01270233 0.09099008
v 0.06282611 0.01549444 0.09318758
v 0.06211788 0.01460193 0.09316433
v 0.06195363 0.01433503 0.09254296
v 0.05923419 0.01085525 0.09303976
v 0.05928734 0.01088041 0.09269477
v 0.06043242 0.01244487 0.09311284
v 0.06043242 0.01244487 0.09311284
v 0.06195363 0.01433503 0.09254296
v 0.06211788 0.01460193 0.09316433
v 0.05928734 0.01088041 0.09269477
v 0.06195363 0.01433503 0.09254296
v 0.06043242 0.01244487 0.09311284
v 0.06596180 0.01913454 0.09220780
v 0.06441177 0.01737984 0.09317858
v 0.06282611 0.01549444 0.09318758
v 0.06596180 0.01913454 0.09220780
v 0.06282611 0.01549444 0.09318758
v 0.06195363 0.01433503 0.09254296
v 0.07185325 0.02552796 0.09300769
v 0.07121426 0.02494561 0.09318216
v 0.06942100 0.02301209 0.09317035
v 0.07185325 0.02552796 0.09300769
v 0.06596180 0.01913454 0.09220780
v 0.06941792 0.02306869 0.09157223
v 0.07185325 0.02552796 0.09300769
v 0.06942100 0.02301209 0.09317035
v 0.06796137 0.02141354 0.09316731
v 0.06596180 0.01913454 0.09220780
v 0.07185325 0.02552796 0.09300769
v 0.06796137 0.02141354 0.09316731
v 0.06596180 0.01913454 0.09220780
v 0.06796137 0.02141354 0.09316731
v 0.06615441 0.01938970 0.09316642
v 0.06596180 0.01913454 0.09220780
v 0.06615441 0.01938970 0.09316642
v 0.06441177 0.01737984 0.09317858
v 0.07333985 0.02726584 0.08779169
v 0.07390425 0.02766856 0.09177406
v 0.07333985 0.02726584 0.08779169
v 0.07496968 0.02877167 0.08484955
v 0.07496968 0.02877167 0.08484955
v 0.07499411 0.02885301 0.08623053
v 0.07490347 0.02875232 0.08789648
v 0.07496968 0.02877167 0.08484955
v 0.07490347 0.02875232 0.08789648
v 0.07460195 0.02845266 0.09007312
v 0.07390425 0.02766856 0.09177406
v 0.07496968 0.02877167 0.08484955
v 0.07460195 0.02845266 0.09007312
v 0.07390425 0.02766856 0.09177406
v 0.07460195 0.02845266 0.09007312
v 0.07434375 0.02820087 0.09098847
v 0.07185325 0.02552796 0.09300769
v 0.07390425 0.02766856 0.09177406
v 0.07337251 0.02713118 0.09241814
v 0.07361891 0.02883847 0.07801808
v 0.07373667 0.02756184 0.07771827
v 0.07304651 0.02829154 0.07698733
v 0.07361891 0.02883847 0.07801808
v 0.07412703 0.02795709 0.07857127
v 0.07373667 0.02756184 0.07771827
v 0.07361891 0.02883847 0.07801808
v 0.07427038 0.02818734 0.07892604
v 0.07412703 0.02795709 0.07857127
v 0.07501118 0.02889343 0.08389343
v 0.07496015 0.02888993 0.08280177
v 0.07478477 0.02932889 0.08226348
v 0.07480766 0.02961460 0.08516110
v 0.07478477 0.02932889 0.08226348
v 0.07456641 0.03000572 0.08321948
v 0.07480766 0.02961460 0.08516110
v 0.07501118 0.02889343 0.08389343
v 0.07478477 0.02932889 0.08226348
v 0.07412332 0.02895740 0.07913102
v 0.07427038 0.02818734 0.07892604
v 0.07361891 0.02883847 0.07801808
v 0.07412332 0.02895740 0.07913102
v 0.07361891 0.02883847 0.07801808
v 0.07426464 0.02957827 0.08025284
v 0.07412332 0.02895740 0.07913102
v 0.07456246 0.02847959 0.07996792
v 0.07427038 0.02818734 0.07892604
v 0.07426464 0.02957827 0.08025284
v 0.07456246 0.02847959 0.07996792
v 0.07412332 0.02895740 0.07913102
v 0.07222153 0.02606626 0.07598884
v 0.07151317 0.02662626 0.07549275
v 0.07240074 0.02754156 0.07616837
v 0.07426464 0.02957827 0.08025284
v 0.07477159 0.02868417 0.08106465
v 0.07456246 0.02847959 0.07996792
v 0.07240074 0.02754156 0.07616837
v 0.07290755 0.02669665 0.07659681
v 0.07222153 0.02606626 0.07598884
v 0.07478477 0.02932889 0.08226348
v 0.07477159 0.02868417 0.08106465
v 0.07426464 0.02957827 0.08025284
v 0.07240074 0.02754156 0.07616837
v 0.07326782 0.02713388 0.07697804
v 0.07290755 0.02669665 0.07659681
v 0.07478477 0.02932889 0.08226348
v 0.07426464 0.02957827 0.08025284
v 0.07456641 0.03000572 0.08321948
v 0.07478477 0.02932889 0.08226348
v 0.07496015 0.02888993 0.08280177
v 0.07477159 0.02868417 0.08106465
v 0.07304651 0.02829154 0.07698733
v 0.07326782 0.02713388 0.07697804
v 0.07240074 0.02754156 0.07616837
v 0.07304651 0.02829154 0.07698733
v 0.07373667 0.02756184 0.07771827
v 0.07326782 0.02713388 0.07697804
v 0.06251275 0.01513008 0.07157368
v 0.06155341 0.01397189 0.07122369
v 0.06181594 0.01541723 0.07112391
v 0.05502751 0.00675335 0.07803685
v 0.05615359 0.00654279 0.07736070
v 0.05605914 0.00647902 0.07819868
v 0.05519597 0.00689830 0.07647474
v 0.05615359 0.00654279 0.07736070
v 0.05502751 0.00675335 0.07803685
v 0.05519597 0.00689830 0.07647474
v 0.05621175 0.00665009 0.07647491
v 0.05615359 0.00654279 0.07736070
v 0.05583374 0.00713567 0.07493205
v 0.05519597 0.00689830 0.07647474
v 0.05534403 0.00745281 0.07463247
v 0.05583374 0.00713567 0.07493205
v 0.05634363 0.00690664 0.07536782
v 0.05621175 0.00665009 0.07647491
v 0.05583374 0.00713567 0.07493205
v 0.05621175 0.00665009 0.07647491
v 0.05519597 0.00689830 0.07647474
v 0.05583374 0.00713567 0.07493205
v 0.05655660 0.00713976 0.07471968
v 0.05634363 0.00690664 0.07536782
v 0.05583374 0.00713567 0.07493205
v 0.05671377 0.00745177 0.07397206
v 0.05655660 0.00713976 0.07471968
v 0.05590285 0.00794978 0.07340367
v 0.05583374 0.00713567 0.07493205
v 0.05534403 0.00745281 0.07463247
v 0.05590285 0.00794978 0.07340367
v 0.05671377 0.00745177 0.07397206
v 0.05583374 0.00713567 0.07493205
v 0.05590285 0.00794978 0.07340367
v 0.05705465 0.00786540 0.07331175
v 0.05671377 0.00745177 0.07397206
v 0.05632248 0.00854658 0.07253987
v 0.05705465 0.00786540 0.07331175
v 0.05590285 0.00794978 0.07340367
v 0.05632248 0.00854658 0.07253987
v 0.05738032 0.00830579 0.07277502
v 0.05705465 0.00786540 0.07331175
v 0.05679334 0.00916740 0.07189376
v 0.05738032 0.00830579 0.07277502
v 0.05632248 0.00854658 0.07253987
v 0.05679334 0.00916740 0.07189376
v 0.05751767 0.00859883 0.07242943
v 0.05738032 0.00830579 0.07277502
v 0.05679334 0.00916740 0.07189376
v 0.05796321 0.00918936 0.07195617
v 0.05751767 0.00859883 0.07242943
v 0.05827307 0.00962904 0.07168318
v 0.05679334 0.00916740 0.07189376
v 0.05751038 0.01020012 0.07122029
v 0.05827307 0.00962904 0.07168318
v 0.05796321 0.00918936 0.07195617
v 0.05679334 0.00916740 0.07189376
v 0.05869483 0.01053987 0.07120557
v 0.05751038 0.01020012 0.07122029
v 0.05856077 0.01177405 0.07065941
v 0.05869483 0.01053987 0.07120557
v 0.05827307 0.00962904 0.07168318
v 0.05751038 0.01020012 0.07122029
v 0.05964124 0.01144092 0.07112683
v 0.05869483 0.01053987 0.07120557
v 0.05856077 0.01177405 0.07065941
v 0.06013634 0.01212889 0.07106234
v 0.05964124 0.01144092 0.07112683
v 0.05856077 0.01177405 0.07065941
v 0.05969924 0.01312781 0.07059325
v 0.06067338 0.01276253 0.07111956
v 0.06013634 0.01212889 0.07106234
v 0.05969924 0.01312781 0.07059325
v 0.06083745 0.01313987 0.07103152
v 0.06067338 0.01276253 0.07111956
v 0.05969924 0.01312781 0.07059325
v 0.06083745 0.01313987 0.07103152
v 0.05969924 0.01312781 0.07059325
v 0.06124236 0.01539359 0.07088555
v 0.06181594 0.01541723 0.07112391
v 0.06083745 0.01313987 0.07103152
v 0.06124236 0.01539359 0.07088555
v 0.06155341 0.01397189 0.07122369
v 0.06083745 0.01313987 0.07103152
v 0.06181594 0.01541723 0.07112391
v 0.05590285 0.00794978 0.07340367
v 0.05535849 0.00947675 0.07247288
v 0.05632248 0.00854658 0.07253987
v 0.05590285 0.00794978 0.07340367
v 0.05465936 0.00847130 0.07411076
v 0.05535849 0.00947675 0.07247288
v 0.05534403 0.00745281 0.07463247
v 0.05465936 0.00847130 0.07411076
v 0.05590285 0.00794978 0.07340367
v 0.06124236 0.01539359 0.07088555
v 0.05879590 0.01410272 0.07053621
v 0.06062213 0.01640881 0.07093872
v 0.05969924 0.01312781 0.07059325
v 0.05879590 0.01410272 0.07053621
v 0.06124236 0.01539359 0.07088555
v 0.05534403 0.00745281 0.07463247
v 0.05413931 0.00770646 0.07683201
v 0.05465936 0.00847130 0.07411076
v 0.05519597 0.00689830 0.07647474
v 0.05413931 0.00770646 0.07683201
v 0.05534403 0.00745281 0.07463247
v 0.05856077 0.01177405 0.07065941
v 0.05879590 0.01410272 0.07053621
v 0.05969924 0.01312781 0.07059325
v 0.05856077 0.01177405 0.07065941
v 0.05736387 0.01223219 0.07073332
v 0.05879590 0.01410272 0.07053621
v 0.05502751 0.00675335 0.07803685
v 0.05413931 0.00770646 0.07683201
v 0.05519597 0.00689830 0.07647474
v 0.05751038 0.01020012 0.07122029
v 0.05736387 0.01223219 0.07073332
v 0.05856077 0.01177405 0.07065941
v 0.05751038 0.01020012 0.07122029
v 0.05625651 0.01073209 0.07138593
v 0.05736387 0.01223219 0.07073332
v 0.05679334 0.00916740 0.07189376
v 0.05625651 0.01073209 0.07138593
v 0.05751038 0.01020012 0.07122029
v 0.05679334 0.00916740 0.07189376
v 0.05535849 0.00947675 0.07247288
v 0.05625651 0.01073209 0.07138593
v 0.05632248 0.00854658 0.07253987
v 0.05535849 0.00947675 0.07247288
v 0.05679334 0.00916740 0.07189376
v 0.05910568 0.01095476 0.09327264
v 0.05881567 0.01148392 0.09353043
v 0.05910535 0.01095485 0.09327264
v 0.05861850 0.01029343 0.09322602
v 0.05910535 0.01095485 0.09327264
v 0.05881567 0.01148392 0.09353043
v 0.05605914 0.00647902 0.07819868
v 0.05608092 0.00647080 0.08024831
v 0.05502751 0.00675335 0.07803685
v 0.05861850 0.01029343 0.09322602
v 0.05881567 0.01148392 0.09353043
v 0.05791618 0.01107838 0.09365512
v 0.05839516 0.00980879 0.09302694
v 0.05791618 0.01107838 0.09365512
v 0.05715302 0.00978207 0.09313245
v 0.05839516 0.00980879 0.09302694
v 0.05861850 0.01029343 0.09322602
v 0.05791618 0.01107838 0.09365512
v 0.05715302 0.00978207 0.09313245
v 0.05781594 0.00899564 0.09246761
v 0.05839516 0.00980879 0.09302694
v 0.05667524 0.00903557 0.09244353
v 0.05781594 0.00899564 0.09246761
v 0.05715302 0.00978207 0.09313245
v 0.05667524 0.00903557 0.09244353
v 0.05742377 0.00841549 0.09177596
v 0.05781594 0.00899564 0.09246761
v 0.05667524 0.00903557 0.09244353
v 0.05712301 0.00827186 0.09160776
v 0.05742377 0.00841549 0.09177596
v 0.05712301 0.00827186 0.09160776
v 0.05667524 0.00903557 0.09244353
v 0.05617146 0.00863285 0.09174175
v 0.05611342 0.00783252 0.09041221
v 0.05617146 0.00863285 0.09174175
v 0.05561702 0.00789819 0.09004200
v 0.05611342 0.00783252 0.09041221
v 0.05712301 0.00827186 0.09160776
v 0.05617146 0.00863285 0.09174175
v 0.05611342 0.00783252 0.09041221
v 0.05700162 0.00783716 0.09073360
v 0.05712301 0.00827186 0.09160776
v 0.05611342 0.00783252 0.09041221
v 0.05671663 0.00743103 0.08963347
v 0.05700162 0.00783716 0.09073360
v 0.05574549 0.00721322 0.08820702
v 0.05561702 0.00789819 0.09004200
v 0.05519147 0.00722144 0.08718515
v 0.05574549 0.00721322 0.08820702
v 0.05611342 0.00783252 0.09041221
v 0.05561702 0.00789819 0.09004200
v 0.05652667 0.00716479 0.08863688
v 0.05671663 0.00743103 0.08963347
v 0.05611342 0.00783252 0.09041221
v 0.05652667 0.00716479 0.08863688
v 0.05611342 0.00783252 0.09041221
v 0.05574549 0.00721322 0.08820702
v 0.05638102 0.00695043 0.08760853
v 0.05652667 0.00716479 0.08863688
v 0.05574549 0.00721322 0.08820702
v 0.05542580 0.00679458 0.08512230
v 0.05574549 0.00721322 0.08820702
v 0.05519147 0.00722144 0.08718515
v 0.05621478 0.00670159 0.08579565
v 0.05574549 0.00721322 0.08820702
v 0.05542580 0.00679458 0.08512230
v 0.05621478 0.00670159 0.08579565
v 0.05638102 0.00695043 0.08760853
v 0.05574549 0.00721322 0.08820702
v 0.05542580 0.00679458 0.08512230
v 0.05519147 0.00722144 0.08718515
v 0.05499055 0.00685682 0.08335818
v 0.05621478 0.00670159 0.08579565
v 0.05542580 0.00679458 0.08512230
v 0.05614473 0.00657971 0.08428980
v 0.05544716 0.00660124 0.08104963
v 0.05542580 0.00679458 0.08512230
v 0.05499055 0.00685682 0.08335818
v 0.05544716 0.00660124 0.08104963
v 0.05609441 0.00651456 0.08312870
v 0.05542580 0.00679458 0.08512230
v 0.05609441 0.00651456 0.08312870
v 0.05544716 0.00660124 0.08104963
v 0.05608092 0.00647080 0.08024831
v 0.05544716 0.00660124 0.08104963
v 0.05502751 0.00675335 0.07803685
v 0.05608092 0.00647080 0.08024831
v 0.05544716 0.00660124 0.08104963
v 0.05499055 0.00685682 0.08335818
v 0.05502751 0.00675335 0.07803685
v 0.05542580 0.00679458 0.08512230
v 0.05609441 0.00651456 0.08312870
v 0.05614473 0.00657971 0.08428980
v 0.05411238 0.00766672 0.08337242
v 0.05413931 0.00770646 0.07683201
v 0.05502751 0.00675335 0.07803685
v 0.05499055 0.00685682 0.08335818
v 0.05411238 0.00766672 0.08337242
v 0.05502751 0.00675335 0.07803685
v 0.06166307 0.01513067 0.09353531
v 0.06282611 0.01549444 0.09318758
v 0.06441177 0.01737984 0.09317858
v 0.06166307 0.01513067 0.09353531
v 0.06441177 0.01737984 0.09317858
v 0.06294438 0.01712982 0.09364069
v 0.06166307 0.01513067 0.09353531
v 0.06211788 0.01460193 0.09316433
v 0.06282611 0.01549444 0.09318758
v 0.06166307 0.01513067 0.09353531
v 0.06294438 0.01712982 0.09364069
v 0.05791618 0.01107838 0.09365512
v 0.06166307 0.01513067 0.09353531
v 0.05791618 0.01107838 0.09365512
v 0.05881567 0.01148392 0.09353043
v 0.07111365 0.02626452 0.09364153
v 0.06942100 0.02301209 0.09317035
v 0.07121426 0.02494561 0.09318216
v 0.07111365 0.02626452 0.09364153
v 0.06796137 0.02141354 0.09316731
v 0.06942100 0.02301209 0.09317035
v 0.05881567 0.01148392 0.09353043
v 0.05910568 0.01095476 0.09327264
v 0.06211788 0.01460193 0.09316433
v 0.05881567 0.01148392 0.09353043
v 0.06211788 0.01460193 0.09316433
v 0.06166307 0.01513067 0.09353531
v 0.06294438 0.01712982 0.09364069
v 0.06615441 0.01938970 0.09316642
v 0.06796137 0.02141354 0.09316731
v 0.07111365 0.02626452 0.09364153
v 0.06441177 0.01737984 0.09317858
v 0.06615441 0.01938970 0.09316642
v 0.06294438 0.01712982 0.09364069
v 0.05791618 0.01107838 0.09365512
v 0.05624130 0.01071090 0.09320516
v 0.05715302 0.00978207 0.09313245
v 0.05791618 0.01107838 0.09365512
v 0.05713372 0.01192473 0.09367312
v 0.05624130 0.01071090 0.09320516
v 0.05519147 0.00722144 0.08718515
v 0.05436227 0.00803613 0.08719874
v 0.05411238 0.00766672 0.08337242
v 0.05519147 0.00722144 0.08718515
v 0.05411238 0.00766672 0.08337242
v 0.05499055 0.00685682 0.08335818
v 0.05519147 0.00722144 0.08718515
v 0.05479461 0.00866733 0.09003277
v 0.05436227 0.00803613 0.08719874
v 0.05561702 0.00789819 0.09004200
v 0.05479461 0.00866733 0.09003277
v 0.05519147 0.00722144 0.08718515
v 0.05617146 0.00863285 0.09174175
v 0.05545593 0.00961381 0.09204931
v 0.05479461 0.00866733 0.09003277
v 0.05617146 0.00863285 0.09174175
v 0.05479461 0.00866733 0.09003277
v 0.05561702 0.00789819 0.09004200
v 0.05667524 0.00903557 0.09244353
v 0.05545593 0.00961381 0.09204931
v 0.05617146 0.00863285 0.09174175
v 0.05667524 0.00903557 0.09244353
v 0.05624130 0.01071090 0.09320516
v 0.05545593 0.00961381 0.09204931
v 0.05715302 0.00978207 0.09313245
v 0.05624130 0.01071090 0.09320516
v 0.05667524 0.00903557 0.09244353
v 0.07434531 0.02951370 0.08980543
v 0.07460195 0.02845266 0.09007312
v 0.07479279 0.02868228 0.08899982
v 0.07212139 0.02721594 0.09338225
v 0.07258458 0.02638962 0.09298582
v 0.07311344 0.02700504 0.09274835
v 0.07212139 0.02721594 0.09338225
v 0.07311344 0.02700504 0.09274835
v 0.07275502 0.02794053 0.09301634
v 0.07395685 0.02914867 0.09126920
v 0.07434375 0.02820087 0.09098847
v 0.07460195 0.02845266 0.09007312
v 0.07395685 0.02914867 0.09126920
v 0.07460195 0.02845266 0.09007312
v 0.07434531 0.02951370 0.08980543
v 0.07480766 0.02961460 0.08516110
v 0.07456641 0.03000572 0.08321948
v 0.07457058 0.02984771 0.08776868
v 0.07212139 0.02721594 0.09338225
v 0.07178532 0.02562347 0.09320343
v 0.07258458 0.02638962 0.09298582
v 0.07395685 0.02914867 0.09126920
v 0.07401959 0.02793843 0.09174330
v 0.07434375 0.02820087 0.09098847
v 0.07480766 0.02961460 0.08516110
v 0.07499411 0.02885301 0.08623053
v 0.07501118 0.02889343 0.08389343
v 0.07111365 0.02626452 0.09364153
v 0.07178532 0.02562347 0.09320343
v 0.07212139 0.02721594 0.09338225
v 0.07457058 0.02984771 0.08776868
v 0.07499411 0.02885301 0.08623053
v 0.07480766 0.02961460 0.08516110
v 0.07497321 0.02887055 0.08697380
v 0.07499411 0.02885301 0.08623053
v 0.07457058 0.02984771 0.08776868
v 0.07111365 0.02626452 0.09364153
v 0.07121426 0.02494561 0.09318216
v 0.07178532 0.02562347 0.09320343
v 0.07338432 0.02865285 0.09235300
v 0.07401959 0.02793843 0.09174330
v 0.07395685 0.02914867 0.09126920
v 0.07457058 0.02984771 0.08776868
v 0.07490347 0.02875232 0.08789648
v 0.07497321 0.02887055 0.08697380
v 0.07479279 0.02868228 0.08899982
v 0.07338432 0.02865285 0.09235300
v 0.07356639 0.02746616 0.09236003
v 0.07401959 0.02793843 0.09174330
v 0.07434531 0.02951370 0.08980543
v 0.07479279 0.02868228 0.08899982
v 0.07457058 0.02984771 0.08776868
v 0.07275502 0.02794053 0.09301634
v 0.07356639 0.02746616 0.09236003
v 0.07338432 0.02865285 0.09235300
v 0.07275502 0.02794053 0.09301634
v 0.07311344 0.02700504 0.09274835
v 0.07356639 0.02746616 0.09236003
v 0.07151317 0.02662626 0.07549275
v 0.07161722 0.02865854 0.07624860
v 0.07240074 0.02754156 0.07616837
v 0.07151317 0.02662626 0.07549275
v 0.07030861 0.02734267 0.07531960
v 0.07161722 0.02865854 0.07624860
v 0.07456641 0.03000572 0.08321948
v 0.07341361 0.03050727 0.08012898
v 0.07379230 0.03089245 0.08448733
v 0.07426464 0.02957827 0.08025284
v 0.07341361 0.03050727 0.08012898
v 0.07456641 0.03000572 0.08321948
v 0.07361891 0.02883847 0.07801808
v 0.07341361 0.03050727 0.08012898
v 0.07426464 0.02957827 0.08025284
v 0.07361891 0.02883847 0.07801808
v 0.07252798 0.02959939 0.07758732
v 0.07341361 0.03050727 0.08012898
v 0.07304651 0.02829154 0.07698733
v 0.07252798 0.02959939 0.07758732
v 0.07361891 0.02883847 0.07801808
v 0.07304651 0.02829154 0.07698733
v 0.07161722 0.02865854 0.07624860
v 0.07252798 0.02959939 0.07758732
v 0.07240074 0.02754156 0.07616837
v 0.07161722 0.02865854 0.07624860
v 0.07304651 0.02829154 0.07698733
v 0.05791618 0.01107838 0.09365512
v 0.06092238 0.01678797 0.09369994
v 0.05713372 0.01192473 0.09367312
v 0.06294438 0.01712982 0.09364069
v 0.06092238 0.01678797 0.09369994
v 0.05791618 0.01107838 0.09365512
v 0.06995875 0.02697562 0.09370078
v 0.06092238 0.01678797 0.09369994
v 0.06294438 0.01712982 0.09364069
v 0.07111365 0.02626452 0.09364153
v 0.06995875 0.02697562 0.09370078
v 0.06294438 0.01712982 0.09364069
v 0.07457058 0.02984771 0.08776868
v 0.07353310 0.03062886 0.08940191
v 0.07434531 0.02951370 0.08980543
v 0.07457058 0.02984771 0.08776868
v 0.07379230 0.03089245 0.08448733
v 0.07353310 0.03062886 0.08940191
v 0.07456641 0.03000572 0.08321948
v 0.07379230 0.03089245 0.08448733
v 0.07457058 0.02984771 0.08776868
v 0.07111365 0.02626452 0.09364153
v 0.07148101 0.02851760 0.09331662
v 0.06995875 0.02697562 0.09370078
v 0.07212139 0.02721594 0.09338225
v 0.07148101 0.02851760 0.09331662
v 0.07111365 0.02626452 0.09364153
v 0.07275502 0.02794053 0.09301634
v 0.07148101 0.02851760 0.09331662
v 0.07212139 0.02721594 0.09338225
v 0.07275502 0.02794053 0.09301634
v 0.07266394 0.02973923 0.09217359
v 0.07148101 0.02851760 0.09331662
v 0.07338432 0.02865285 0.09235300
v 0.07266394 0.02973923 0.09217359
v 0.07275502 0.02794053 0.09301634
v 0.07395685 0.02914867 0.09126920
v 0.07266394 0.02973923 0.09217359
v 0.07338432 0.02865285 0.09235300
v 0.07395685 0.02914867 0.09126920
v 0.07353310 0.03062886 0.08940191
v 0.07266394 0.02973923 0.09217359
v 0.07434531 0.02951370 0.08980543
v 0.07353310 0.03062886 0.08940191
v 0.07395685 0.02914867 0.09126920
vn 0.82958777 -0.55837587 0.00071721
vn 0.82625458 -0.56329679 -0.00030410
vn 0.82685872 -0.56240964 -0.00023324
vn 0.76337484 -0.63934049 -0.09220946
vn 0.76337484 -0.63934049 -0.09220946
vn 0.76337484 -0.63934049 -0.09220946
vn 0.75586388 -0.65462436 0.01169384
vn 0.75586388 -0.65462436 0.01169384
vn 0.75586388 -0.65462436 0.01169384
vn 0.83027257 -0.55735668 0.00099512
vn 0.83184137 -0.55501323 -0.00050396
vn 0.83226064 -0.55438454 -0.00003431
vn 0.83167070 -0.55526872 -0.00070528
vn 0.71807857 -0.69596170 0.00069173
vn 0.71814995 -0.69588820 -0.00051791
vn 0.71811160 -0.69592795 0.00013428
vn 0.71490703 -0.69921946 0.00029272
vn 0.71449617 -0.69963935 -0.00000044
vn 0.71496827 -0.69915661 0.00064315
vn 0.71803088 -0.69600965 0.00149017
vn 0.78440968 -0.62021837 -0.00553408
vn 0.78440968 -0.62021837 -0.00553408
vn 0.78440968 -0.62021837 -0.00553408
vn 0.83250100 -0.55402353 -0.00011566
vn 0.71303892 -0.70112445 0.00003202
vn 0.71261232 -0.70155803 0.00003093
vn 0.71232375 -0.70182913 0.00554580
vn 0.71232375 -0.70182913 0.00554580
vn 0.71232375 -0.70182913 0.00554580
vn 0.78726028 -0.61659147 0.00601714
vn 0.78726028 -0.61659147 0.00601714
vn 0.78726028 -0.61659147 0.00601714
vn 0.72544492 -0.68222333 -0.09110979
vn 0.72544492 -0.68222333 -0.09110979
vn 0.72544492 -0.68222333 -0.09110979
vn 0.83214503 -0.55455785 -0.00049507
vn 0.79383631 -0.60812068 -0.00362713
vn 0.79383631 -0.60812068 -0.00362713
vn 0.79383631 -0.60812068 -0.00362713
vn 0.71224488 -0.70193106 0.00010313
vn 0.71231578 -0.70185912 0.00006953
vn 0.79860422 -0.60184260 0.00409587
vn 0.79860422 -0.60184260 0.00409587
vn 0.79860422 -0.60184260 0.00409587
vn 0.83182332 -0.55504034 -0.00042209
vn 0.71336371 -0.70079398 -0.00006792
vn 0.71306943 -0.70109334 -0.00033455
vn 0.80386281 -0.59480608 -0.00321253
vn 0.80386281 -0.59480608 -0.00321253
vn 0.80386281 -0.59480608 -0.00321253
vn 0.73603608 -0.65287319 0.17890636
vn 0.73603608 -0.65287319 0.17890636
vn 0.73603608 -0.65287319 0.17890636
vn 0.71483583 -0.69929229 0.00016872
vn 0.81118501 -0.58478886 0.00093455
vn 0.80980587 -0.58668987 0.00307345
vn 0.81134591 -0.58456594 0.00068418
vn 0.82698475 -0.56222429 0.00027431
vn 0.82699679 -0.56220659 0.00022676
vn 0.82704059 -0.56214220 0.00005376
vn 0.83171436 -0.55520371 -0.00026002
vn 0.71528435 -0.69883352 -0.00005205
vn 0.76151121 -0.63998400 -0.10257270
vn 0.76151121 -0.63998400 -0.10257270
vn 0.76151121 -0.63998400 -0.10257270
vn 0.81271913 -0.58265383 -0.00145979
vn 0.71532543 -0.69879141 -0.00029099
vn 0.81863818 -0.57430457 0.00240721
vn 0.81863818 -0.57430457 0.00240721
vn 0.81863818 -0.57430457 0.00240721
vn 0.82693955 -0.56229064 0.00045265
vn 0.82019920 -0.57207701 -0.00107899
vn 0.82019920 -0.57207701 -0.00107899
vn 0.82019920 -0.57207701 -0.00107899
vn 0.71887144 -0.69514286 0.00050333
vn 0.71881801 -0.69519823 0.00029093
vn 0.71868175 -0.69533911 -0.00025012
vn 0.70543483 -0.70870227 0.01013868
vn 0.70543483 -0.70870227 0.01013868
vn 0.70543483 -0.70870227 0.01013868
vn 0.71900150 -0.69500777 0.00102099
vn 0.78712618 -0.61355188 0.06313849
vn 0.78712618 -0.61355188 0.06313849
vn 0.78712618 -0.61355188 0.06313849
vn 0.80057464 -0.59874256 -0.02424054
vn 0.80057464 -0.59874256 -0.02424054
vn 0.80057464 -0.59874256 -0.02424054
vn 0.80592460 -0.59201672 -0.00132001
vn 0.80592460 -0.59201672 -0.00132001
vn 0.80592460 -0.59201672 -0.00132001
vn 0.72195637 -0.69096554 0.03668264
vn 0.72195637 -0.69096554 0.03668264
vn 0.72195637 -0.69096554 0.03668264
vn 0.81497389 -0.57949759 0.00031536
vn 0.81481445 -0.57971787 0.00214555
vn 0.81518835 -0.57919179 -0.00219858
vn 0.81538492 -0.57890125 -0.00455902
vn 0.81852399 -0.57447110 0.00119925
vn 0.81852399 -0.57447110 0.00119925
vn 0.81852399 -0.57447110 0.00119925
vn 0.82623103 -0.56333140 -0.00013217
vn 0.23991029 0.17248044 -0.95534996
vn 0.23991029 0.17248044 -0.95534996
vn 0.23991029 0.17248044 -0.95534996
vn 0.22267099 0.18615630 -0.95695531
vn 0.22267099 0.18615630 -0.95695531
vn 0.22267099 0.18615630 -0.95695531
vn 0.51088911 -0.09797275 -0.85404547
vn 0.51088911 -0.09797275 -0.85404547
vn 0.51088911 -0.09797275 -0.85404547
vn 0.50909546 -0.09649159 -0.85528427
vn 0.50909546 -0.09649159 -0.85528427
vn 0.50909546 -0.09649159 -0.85528427
vn 0.38212602 0.03816980 -0.92332160
vn 0.38212602 0.03816980 -0.92332160
vn 0.38212602 0.03816980 -0.92332160
vn 0.45162506 -0.04395073 -0.89112465
vn 0.45162506 -0.04395073 -0.89112465
vn 0.45162506 -0.04395073 -0.89112465
vn 0.50337517 -0.11095142 -0.85691495
vn 0.50337517 -0.11095142 -0.85691495
vn 0.50350378 -0.11053989 -0.85689257
vn 0.50755200 -0.11450100 -0.85397921
vn 0.50755200 -0.11450100 -0.85397921
vn 0.50820812 -0.10939854 -0.85425785
vn 0.50826432 -0.10895641 -0.85428092
vn 0.50826432 -0.10895641 -0.85428092
vn 0.50483744 -0.10625359 -0.85665006
vn 0.50483744 -0.10625359 -0.85665006
vn 0.52735671 -0.13836004 -0.83830269
vn 0.52735671 -0.13836004 -0.83830269
vn 0.52735671 -0.13836004 -0.83830269
vn 0.75055190 -0.53325061 -0.39027634
vn 0.75055190 -0.53325061 -0.39027634
vn 0.75055190 -0.53325061 -0.39027634
vn 0.75241969 -0.54435581 -0.37086571
vn 0.75241969 -0.54435581 -0.37086571
vn 0.75241969 -0.54435581 -0.37086571
vn 0.77724993 -0.51879961 -0.35599088
vn 0.77724993 -0.51879961 -0.35599088
vn 0.77724993 -0.51879961 -0.35599088
vn 0.78444647 -0.56207650 -0.26213305
vn 0.78444647 -0.56207650 -0.26213305
vn 0.78444647 -0.56207650 -0.26213305
vn 0.77049567 -0.59805426 -0.22060719
vn 0.77049567 -0.59805426 -0.22060719
vn 0.77049567 -0.59805426 -0.22060719
vn 0.78392113 -0.54994370 -0.28814855
vn 0.78392113 -0.54994370 -0.28814855
vn 0.78392113 -0.54994370 -0.28814855
vn 0.85871724 -0.41074089 -0.30642554
vn 0.85871724 -0.41074089 -0.30642554
vn 0.85871724 -0.41074089 -0.30642554
vn 0.84837436 -0.43098266 -0.30743275
vn 0.84837436 -0.43098266 -0.30743275
vn 0.84837436 -0.43098266 -0.30743275
vn 0.92811700 -0.36787235 -0.05717318
vn 0.92811700 -0.36787235 -0.05717318
vn 0.92811700 -0.36787235 -0.05717318
vn 0.78698065 -0.46131589 -0.40969391
vn 0.78698065 -0.46131589 -0.40969391
vn 0.78698065 -0.46131589 -0.40969391
vn 0.95629978 -0.28211587 -0.07682034
vn 0.95629978 -0.28211587 -0.07682034
vn 0.95629978 -0.28211587 -0.07682034
vn 0.97178080 -0.18072372 -0.15159487
vn 0.97178080 -0.18072372 -0.15159487
vn 0.97178080 -0.18072372 -0.15159487
vn 0.92998678 -0.33867767 -0.14290563
vn 0.92998678 -0.33867767 -0.14290563
vn 0.92998678 -0.33867767 -0.14290563
vn 0.96098490 -0.27307137 -0.04404592
vn 0.96098490 -0.27307137 -0.04404592
vn 0.96098490 -0.27307137 -0.04404592
vn 0.94732647 -0.25473718 -0.19411733
vn 0.94732647 -0.25473718 -0.19411733
vn 0.94732647 -0.25473718 -0.19411733
vn 0.93891221 -0.28317045 -0.19559745
vn 0.93891221 -0.28317045 -0.19559745
vn 0.93891221 -0.28317045 -0.19559745
vn 0.95017398 -0.31171622 0.00154883
vn 0.95017398 -0.31171622 0.00154883
vn 0.95017398 -0.31171622 0.00154883
vn 0.88740651 -0.45706609 0.06000227
vn 0.88740651 -0.45706609 0.06000227
vn 0.88740651 -0.45706609 0.06000227
vn 0.95382814 -0.29843798 0.03386214
vn 0.95382814 -0.29843798 0.03386214
vn 0.95382814 -0.29843798 0.03386214
vn 0.66612471 -0.55266195 0.50084192
vn 0.66612471 -0.55266195 0.50084192
vn 0.66612471 -0.55266195 0.50084192
vn 0.74714125 -0.62866028 0.21579203
vn 0.74714125 -0.62866028 0.21579203
vn 0.74714125 -0.62866028 0.21579203
vn 0.65319865 -0.56606419 0.50289448
vn 0.65319865 -0.56606419 0.50289448
vn 0.65319865 -0.56606419 0.50289448
vn 0.76413684 -0.49886096 0.40894087
vn 0.76413684 -0.49886096 0.40894087
vn 0.76413684 -0.49886096 0.40894087
vn 0.79332057 -0.37611566 0.47872693
vn 0.79332057 -0.37611566 0.47872693
vn 0.79332057 -0.37611566 0.47872693
vn 0.83921195 -0.42739533 0.33623882
vn 0.83921195 -0.42739533 0.33623882
vn 0.83921195 -0.42739533 0.33623882
vn 0.86349937 -0.32512689 0.38556627
vn 0.86349937 -0.32512689 0.38556627
vn 0.86349937 -0.32512689 0.38556627
vn 0.89773010 -0.35378221 0.26252394
vn 0.89773010 -0.35378221 0.26252394
vn 0.89773010 -0.35378221 0.26252394
vn 0.55508698 -0.43743549 0.70748048
vn 0.55508698 -0.43743549 0.70748048
vn 0.55508698 -0.43743549 0.70748048
vn 0.69479817 -0.53449494 0.48121790
vn 0.69479817 -0.53449494 0.48121790
vn 0.69479817 -0.53449494 0.48121790
vn 0.78400170 -0.60982123 -0.11601464
vn 0.78400170 -0.60982123 -0.11601464
vn 0.78400170 -0.60982123 -0.11601464
vn 0.77670605 -0.59497614 0.20671501
vn 0.77670605 -0.59497614 0.20671501
vn 0.77670605 -0.59497614 0.20671501
vn 0.00000000 0.00000000 0.00000000
vn 0.00000000 0.00000000 0.00000000
vn 0.00000000 0.00000000 0.00000000
vn 0.00000000 0.00000000 0.00000000
vn -0.01436596 -0.05978090 0.99810814
vn -0.01436596 -0.05978090 0.99810814
vn -0.01436596 -0.05978090 0.99810814
vn 0.50155644 -0.42269340 0.75483206
vn 0.50155644 -0.42269340 0.75483206
vn 0.50155644 -0.42269340 0.75483206
vn 0.19224484 -0.88907902 0.41542799
vn 0.19224484 -0.88907902 0.41542799
vn 0.19224484 -0.88907902 0.41542799
vn 0.50763123 -0.51703901 0.68918879
vn 0.50763123 -0.51703901 0.68918879
vn 0.50763123 -0.51703901 0.68918879
vn 0.77437337 -0.62571511 0.09394935
vn 0.77437337 -0.62571511 0.09394935
vn 0.77437337 -0.62571511 0.09394935
vn 0.37215541 -0.46127262 -0.80543648
vn 0.37215541 -0.46127262 -0.80543648
vn 0.37215541 -0.46127262 -0.80543648
vn 0.38356629 -0.55903138 -0.73509239
vn 0.38356629 -0.55903138 -0.73509239
vn 0.38356629 -0.55903138 -0.73509239
vn 0.37342790 -0.56051470 -0.73917175
vn 0.37342790 -0.56051470 -0.73917175
vn 0.37342790 -0.56051470 -0.73917175
vn 0.77388593 -0.49793955 -0.39135249
vn 0.77388593 -0.49793955 -0.39135249
vn 0.77388593 -0.49793955 -0.39135249
vn 0.54050583 -0.73537834 -0.40874459
vn 0.54050583 -0.73537834 -0.40874459
vn 0.54050583 -0.73537834 -0.40874459
vn 0.55025664 -0.80537305 -0.22043568
vn 0.55025664 -0.80537305 -0.22043568
vn 0.55025664 -0.80537305 -0.22043568
vn 0.51654495 -0.84564208 -0.13442766
vn 0.51654495 -0.84564208 -0.13442766
vn 0.51654495 -0.84564208 -0.13442766
vn 0.71906097 -0.43082744 -0.54528803
vn 0.71906097 -0.43082744 -0.54528803
vn 0.71906097 -0.43082744 -0.54528803
vn 0.72397154 -0.48454457 -0.49100079
vn 0.72397154 -0.48454457 -0.49100079
vn 0.72397154 -0.48454457 -0.49100079
vn 0.66497967 -0.43139956 -0.60966914
vn 0.66497967 -0.43139956 -0.60966914
vn 0.66497967 -0.43139956 -0.60966914
vn 0.90652919 -0.42189823 -0.01437743
vn 0.90652919 -0.42189823 -0.01437743
vn 0.90652919 -0.42189823 -0.01437743
vn 0.67786148 -0.73518944 -0.00054293
vn 0.67776654 -0.73527704 -0.00043764
vn 0.67756148 -0.73546611 -0.00021028
vn 0.78645585 -0.59407482 -0.16900385
vn 0.78645585 -0.59407482 -0.16900385
vn 0.78645585 -0.59407482 -0.16900385
vn 0.75906363 -0.65081411 -0.01622982
vn 0.75906363 -0.65081411 -0.01622982
vn 0.75906363 -0.65081411 -0.01622982
vn 0.81496853 -0.56911485 -0.10924549
vn 0.81496853 -0.56911485 -0.10924549
vn 0.81496853 -0.56911485 -0.10924549
vn 0.79741005 -0.59815513 -0.07967212
vn 0.79741005 -0.59815513 -0.07967212
vn 0.79741005 -0.59815513 -0.07967212
vn 0.73270454 -0.68051027 -0.00705900
vn 0.73270454 -0.68051027 -0.00705900
vn 0.73270454 -0.68051027 -0.00705900
vn 0.61028872 -0.79214452 -0.00739838
vn 0.61028872 -0.79214452 -0.00739838
vn 0.61028872 -0.79214452 -0.00739838
vn 0.70001482 -0.71304202 0.03937417
vn 0.70009725 -0.71307590 0.03723723
vn 0.70001498 -0.71304209 0.03937016
vn 0.69997007 -0.71302285 0.04050085
vn 0.68831038 -0.72501145 -0.02423248
vn 0.68831038 -0.72501145 -0.02423248
vn 0.68831038 -0.72501145 -0.02423248
vn 0.70385644 -0.70795154 -0.05822996
vn 0.70385644 -0.70795154 -0.05822996
vn 0.70385644 -0.70795154 -0.05822996
vn 0.67533592 -0.73705714 0.02584872
vn 0.67701548 -0.73552239 0.02562919
vn 0.67465722 -0.73767534 0.02593726
vn 0.67823607 -0.73440258 0.02546927
vn 0.70147150 -0.71156108 -0.04023147
vn 0.70147150 -0.71156108 -0.04023147
vn 0.70147150 -0.71156108 -0.04023147
vn 0.71460543 -0.69844698 -0.03887032
vn 0.71460543 -0.69844698 -0.03887032
vn 0.71460543 -0.69844698 -0.03887032
vn 0.68371366 -0.72592501 -0.07462250
vn 0.68371366 -0.72592501 -0.07462250
vn 0.68371366 -0.72592501 -0.07462250
vn 0.68823303 -0.72476170 -0.03249277
vn 0.68823303 -0.72476170 -0.03249277
vn 0.68823303 -0.72476170 -0.03249277
vn 0.69509684 -0.71017297 -0.11177989
vn 0.69482405 -0.71051028 -0.11133141
vn 0.69353252 -0.71209905 -0.10921352
vn 0.71080172 -0.69490308 -0.10895237
vn 0.71080172 -0.69490308 -0.10895237
vn 0.71080172 -0.69490308 -0.10895237
vn 0.70462655 -0.70303940 -0.09610944
vn 0.70462655 -0.70303940 -0.09610944
vn 0.70462655 -0.70303940 -0.09610944
vn 0.68913363 -0.71885121 0.09136616
vn 0.68913363 -0.71885121 0.09136616
vn 0.68913363 -0.71885121 0.09136616
vn 0.68998397 -0.72357754 0.01891193
vn 0.68998397 -0.72357754 0.01891193
vn 0.68998397 -0.72357754 0.01891193
vn 0.66556510 -0.74551592 0.03505865
vn 0.66556510 -0.74551592 0.03505865
vn 0.66556510 -0.74551592 0.03505865
vn 0.69990409 -0.71100050 0.06791579
vn 0.69990409 -0.71100050 0.06791579
vn 0.69990409 -0.71100050 0.06791579
vn 0.70588864 -0.69157793 -0.15310513
vn 0.70899958 -0.68873553 -0.15153537
vn 0.70640185 -0.69111089 -0.15284688
vn 0.67512869 -0.73122271 0.09754276
vn 0.67512869 -0.73122271 0.09754276
vn 0.67512869 -0.73122271 0.09754276
vn 0.67314584 -0.72936321 0.12208189
vn 0.67314584 -0.72936321 0.12208189
vn 0.67314584 -0.72936321 0.12208189
vn 0.70383737 -0.70768822 -0.06156576
vn 0.70383737 -0.70768822 -0.06156576
vn 0.70383737 -0.70768822 -0.06156576
vn 0.66896552 -0.74317734 0.01313691
vn 0.66896552 -0.74317734 0.01313691
vn 0.66896552 -0.74317734 0.01313691
vn 0.67495592 -0.73696007 0.03639181
vn 0.67495592 -0.73696007 0.03639181
vn 0.67495592 -0.73696007 0.03639181
vn 0.66470489 -0.74667400 0.02540375
vn 0.66470489 -0.74667400 0.02540375
vn 0.66470489 -0.74667400 0.02540375
vn 0.66987527 -0.73839203 0.07774530
vn 0.66989505 -0.73837351 0.07775075
vn 0.66993904 -0.73833232 0.07776286
vn 0.70306380 -0.69413568 -0.15452167
vn 0.67702623 -0.72067404 0.14921264
vn 0.67621073 -0.72138635 0.14946831
vn 0.67724930 -0.72047891 0.14914263
vn 0.67811665 -0.71971905 0.14887008
vn 0.69170803 -0.71285815 0.11564280
vn 0.69170803 -0.71285815 0.11564280
vn 0.69170803 -0.71285815 0.11564280
vn 0.70081379 -0.69736603 -0.15013543
vn 0.69956469 -0.69941552 -0.14638027
vn 0.70173965 -0.69582291 -0.15294425
vn 0.70941573 -0.70473198 -0.00906438
vn 0.70941573 -0.70473198 -0.00906438
vn 0.70941573 -0.70473198 -0.00906438
vn 0.67726332 -0.73429786 -0.04605486
vn 0.67726332 -0.73429786 -0.04605486
vn 0.67726332 -0.73429786 -0.04605486
vn 0.67648635 -0.73559216 -0.03564262
vn 0.67648635 -0.73559216 -0.03564262
vn 0.67648635 -0.73559216 -0.03564262
vn 0.67390397 -0.72421223 0.14618508
vn 0.67390397 -0.72421223 0.14618508
vn 0.67390397 -0.72421223 0.14618508
vn 0.69915083 -0.70008655 -0.14514458
vn 0.69323511 -0.71246298 -0.10872709
vn 0.66765916 -0.74438271 -0.01120878
vn 0.66765916 -0.74438271 -0.01120878
vn 0.66765916 -0.74438271 -0.01120878
vn 0.69225549 -0.72159090 0.00942908
vn 0.69225549 -0.72159090 0.00942908
vn 0.69225549 -0.72159090 0.00942908
vn 0.66982958 -0.73843480 0.07773273
vn 0.57693899 -0.65382043 0.48955106
vn 0.57693899 -0.65382043 0.48955106
vn 0.57693899 -0.65382043 0.48955106
vn 0.66707825 -0.73993754 0.08659698
vn 0.66707825 -0.73993754 0.08659698
vn 0.66707825 -0.73993754 0.08659698
vn 0.55543654 -0.68526354 0.47106702
vn 0.55543654 -0.68526354 0.47106702
vn 0.55543654 -0.68526354 0.47106702
vn 0.57769255 -0.72476591 0.37548061
vn 0.57769255 -0.72476591 0.37548061
vn 0.57769255 -0.72476591 0.37548061
vn 0.63104988 -0.68945851 0.35556014
vn 0.63104988 -0.68945851 0.35556014
vn 0.63104988 -0.68945851 0.35556014
vn 0.61443436 -0.72000637 0.32258526
vn 0.61443436 -0.72000637 0.32258526
vn 0.61443436 -0.72000637 0.32258526
vn 0.66469530 -0.73384610 0.14017868
vn 0.66469530 -0.73384610 0.14017868
vn 0.66469530 -0.73384610 0.14017868
vn 0.71405980 -0.69290848 0.09998225
vn 0.71405980 -0.69290848 0.09998225
vn 0.71405980 -0.69290848 0.09998225
vn 0.64291099 -0.69625007 0.31921984
vn 0.64291099 -0.69625007 0.31921984
vn 0.64291099 -0.69625007 0.31921984
vn 0.93768792 -0.32678804 0.11811408
vn 0.93768792 -0.32678804 0.11811408
vn 0.93768792 -0.32678804 0.11811408
vn 0.82772197 -0.49947176 0.25574264
vn 0.82772197 -0.49947176 0.25574264
vn 0.82772197 -0.49947176 0.25574264
vn 0.85622311 -0.50242005 0.12023343
vn 0.85622311 -0.50242005 0.12023343
vn 0.85622311 -0.50242005 0.12023343
vn 0.61618897 -0.64232965 0.45576723
vn 0.61618897 -0.64232965 0.45576723
vn 0.61618897 -0.64232965 0.45576723
vn 0.89452572 -0.39549428 0.20834589
vn 0.89452572 -0.39549428 0.20834589
vn 0.89452572 -0.39549428 0.20834589
vn 0.89497255 -0.38964047 0.21726584
vn 0.89497255 -0.38964047 0.21726584
vn 0.89497255 -0.38964047 0.21726584
vn 0.91527955 -0.25861324 0.30884062
vn 0.91527955 -0.25861324 0.30884062
vn 0.91527955 -0.25861324 0.30884062
vn 0.86964746 -0.34434361 0.35375243
vn 0.86964746 -0.34434361 0.35375243
vn 0.86964746 -0.34434361 0.35375243
vn 0.93535090 -0.33668364 0.10845655
vn 0.93535090 -0.33668364 0.10845655
vn 0.93535090 -0.33668364 0.10845655
vn 0.65558586 -0.59544704 0.46438131
vn 0.65558586 -0.59544704 0.46438131
vn 0.65558586 -0.59544704 0.46438131
vn 0.58852577 -0.66731555 0.45642893
vn 0.58852577 -0.66731555 0.45642893
vn 0.58852577 -0.66731555 0.45642893
vn 0.72197530 -0.64201610 0.25800581
vn 0.72197530 -0.64201610 0.25800581
vn 0.72197530 -0.64201610 0.25800581
vn 0.94718459 -0.24387774 0.20824266
vn 0.94718459 -0.24387774 0.20824266
vn 0.94718459 -0.24387774 0.20824266
vn 0.97347431 -0.18421934 0.13568713
vn 0.97347431 -0.18421934 0.13568713
vn 0.97347431 -0.18421934 0.13568713
vn 0.85417421 -0.47954410 0.20105687
vn 0.85417421 -0.47954410 0.20105687
vn 0.85417421 -0.47954410 0.20105687
vn 0.87107611 -0.43786829 0.22248094
vn 0.87107611 -0.43786829 0.22248094
vn 0.87107611 -0.43786829 0.22248094
vn 0.74243890 -0.56877004 0.35395638
vn 0.74243890 -0.56877004 0.35395638
vn 0.74243890 -0.56877004 0.35395638
vn 0.74527589 -0.53950630 0.39178668
vn 0.74527589 -0.53950630 0.39178668
vn 0.74527589 -0.53950630 0.39178668
vn 0.74753581 -0.60058627 0.28370116
vn 0.74753581 -0.60058627 0.28370116
vn 0.74753581 -0.60058627 0.28370116
vn 0.81750704 -0.38081319 0.43204578
vn 0.81750704 -0.38081319 0.43204578
vn 0.81750704 -0.38081319 0.43204578
vn 0.83293561 -0.50557896 0.22496262
vn 0.83293561 -0.50557896 0.22496262
vn 0.83293561 -0.50557896 0.22496262
vn 0.67915138 -0.53081699 0.50693857
vn 0.67915138 -0.53081699 0.50693857
vn 0.67915138 -0.53081699 0.50693857
vn 0.80213803 -0.56081515 0.20508764
vn 0.80213803 -0.56081515 0.20508764
vn 0.80213803 -0.56081515 0.20508764
vn 0.76944599 -0.46909615 0.43347626
vn 0.76944599 -0.46909615 0.43347626
vn 0.76944599 -0.46909615 0.43347626
vn 0.98481680 -0.16661880 -0.04872415
vn 0.98481680 -0.16661880 -0.04872415
vn 0.98481680 -0.16661880 -0.04872415
vn 0.98350455 -0.15875206 -0.08669817
vn 0.98350455 -0.15875206 -0.08669817
vn 0.98350455 -0.15875206 -0.08669817
vn 0.95122020 -0.30849576 0.00324144
vn 0.95122020 -0.30849576 0.00324144
vn 0.95122020 -0.30849576 0.00324144
vn 0.95518157 -0.29602027 0.00039891
vn 0.95518157 -0.29602027 0.00039891
vn 0.95518157 -0.29602027 0.00039891
vn 0.94527540 -0.32584262 -0.01676305
vn 0.94527540 -0.32584262 -0.01676305
vn 0.94527540 -0.32584262 -0.01676305
vn 0.99047473 -0.13517745 -0.02620828
vn 0.99047473 -0.13517745 -0.02620828
vn 0.99047473 -0.13517745 -0.02620828
vn 0.98201850 -0.18434715 0.04069152
vn 0.98201850 -0.18434715 0.04069152
vn 0.98201850 -0.18434715 0.04069152
vn 0.99093438 -0.13389228 0.01104119
vn 0.99093438 -0.13389228 0.01104119
vn 0.99093438 -0.13389228 0.01104119
vn 0.97301161 -0.22764133 0.03778670
vn 0.97301161 -0.22764133 0.03778670
vn 0.97301161 -0.22764133 0.03778670
vn 0.89372994 -0.44465694 0.05938861
vn 0.89372994 -0.44465694 0.05938861
vn 0.89372994 -0.44465694 0.05938861
vn 0.87525760 -0.48075203 0.05293036
vn 0.87525760 -0.48075203 0.05293036
vn 0.87525760 -0.48075203 0.05293036
vn 0.96112286 -0.27405904 -0.03368232
vn 0.96112286 -0.27405904 -0.03368232
vn 0.96112286 -0.27405904 -0.03368232
vn 0.92659592 -0.37175672 -0.05671802
vn 0.92659592 -0.37175672 -0.05671802
vn 0.92659592 -0.37175672 -0.05671802
vn 0.90872100 -0.41655245 -0.02664979
vn 0.90872100 -0.41655245 -0.02664979
vn 0.90872100 -0.41655245 -0.02664979
vn 0.97449937 -0.21926003 -0.04770760
vn 0.97449937 -0.21926003 -0.04770760
vn 0.97449937 -0.21926003 -0.04770760
vn 0.95852253 -0.23731615 -0.15784675
vn 0.95852253 -0.23731615 -0.15784675
vn 0.95852253 -0.23731615 -0.15784675
vn 0.94089822 -0.30976765 -0.13694726
vn 0.94089822 -0.30976765 -0.13694726
vn 0.94089822 -0.30976765 -0.13694726
vn 0.85619010 -0.49761944 -0.13897267
vn 0.85619010 -0.49761944 -0.13897267
vn 0.85619010 -0.49761944 -0.13897267
vn 0.87420605 -0.46109333 -0.15217332
vn 0.87420605 -0.46109333 -0.15217332
vn 0.87420605 -0.46109333 -0.15217332
vn 0.83961903 -0.53946258 -0.06340358
vn 0.83961903 -0.53946258 -0.06340358
vn 0.83961903 -0.53946258 -0.06340358
vn 0.86819145 -0.49617713 0.00720085
vn 0.86819145 -0.49617713 0.00720085
vn 0.86819145 -0.49617713 0.00720085
vn 0.95261886 -0.30189859 -0.03707486
vn 0.95261886 -0.30189859 -0.03707486
vn 0.95261886 -0.30189859 -0.03707486
vn 0.92187760 -0.37011433 -0.11470427
vn 0.92187760 -0.37011433 -0.11470427
vn 0.92187760 -0.37011433 -0.11470427
vn 0.91805208 -0.37927975 -0.11544372
vn 0.91805208 -0.37927975 -0.11544372
vn 0.91805208 -0.37927975 -0.11544372
vn 0.73594290 -0.58754229 -0.33642548
vn 0.73594290 -0.58754229 -0.33642548
vn 0.73594290 -0.58754229 -0.33642548
vn 0.73515704 -0.64430142 -0.21076006
vn 0.73515704 -0.64430142 -0.21076006
vn 0.73515704 -0.64430142 -0.21076006
vn 0.95480534 -0.23828879 -0.17766603
vn 0.95480534 -0.23828879 -0.17766603
vn 0.95480534 -0.23828879 -0.17766603
vn 0.86752642 -0.44142516 -0.22921987
vn 0.86752642 -0.44142516 -0.22921987
vn 0.86752642 -0.44142516 -0.22921987
vn 0.91180087 -0.31493791 -0.26350196
vn 0.91180087 -0.31493791 -0.26350196
vn 0.91180087 -0.31493791 -0.26350196
vn 0.86247546 -0.45234325 -0.22698383
vn 0.86247546 -0.45234325 -0.22698383
vn 0.86247546 -0.45234325 -0.22698383
vn 0.80600634 -0.49370895 -0.32650459
vn 0.80600634 -0.49370895 -0.32650459
vn 0.80600634 -0.49370895 -0.32650459
vn 0.78575297 -0.54168499 -0.29861286
vn 0.78575297 -0.54168499 -0.29861286
vn 0.78575297 -0.54168499 -0.29861286
vn 0.83282867 -0.47924045 -0.27699277
vn 0.83282867 -0.47924045 -0.27699277
vn 0.83282867 -0.47924045 -0.27699277
vn 0.86667389 -0.34015117 -0.36492952
vn 0.86667389 -0.34015117 -0.36492952
vn 0.86667389 -0.34015117 -0.36492952
vn 0.77616838 -0.57164292 -0.26605829
vn 0.77616838 -0.57164292 -0.26605829
vn 0.77616838 -0.57164292 -0.26605829
vn 0.84636213 -0.38002082 -0.37316929
vn 0.84636213 -0.38002082 -0.37316929
vn 0.84636213 -0.38002082 -0.37316929
vn 0.70213144 -0.53825895 -0.46614241
vn 0.70213144 -0.53825895 -0.46614241
vn 0.70213144 -0.53825895 -0.46614241
vn 0.71055334 -0.51099400 -0.48373451
vn 0.71055334 -0.51099400 -0.48373451
vn 0.71055334 -0.51099400 -0.48373451
vn 0.86049183 -0.45814336 -0.22284183
vn 0.86049183 -0.45814336 -0.22284183
vn 0.86049183 -0.45814336 -0.22284183
vn 0.77793152 -0.61951879 -0.10497153
vn 0.77793152 -0.61951879 -0.10497153
vn 0.77793152 -0.61951879 -0.10497153
vn 0.80580449 -0.57976095 -0.12064974
vn 0.80580449 -0.57976095 -0.12064974
vn 0.80580449 -0.57976095 -0.12064974
vn 0.78588338 -0.43061002 -0.44380438
vn 0.78588338 -0.43061002 -0.44380438
vn 0.78588338 -0.43061002 -0.44380438
vn 0.76781343 -0.46320637 -0.44260863
vn 0.76781343 -0.46320637 -0.44260863
vn 0.76781343 -0.46320637 -0.44260863
vn 0.74708617 -0.64772642 -0.14937449
vn 0.74708617 -0.64772642 -0.14937449
vn 0.74708617 -0.64772642 -0.14937449
vn 0.67505745 -0.65201837 -0.34520933
vn 0.67505745 -0.65201837 -0.34520933
vn 0.67505745 -0.65201837 -0.34520933
vn 0.66500305 -0.59232494 -0.45488692
vn 0.66500305 -0.59232494 -0.45488692
vn 0.66500305 -0.59232494 -0.45488692
vn 0.66918284 -0.59074232 -0.45079689
vn 0.66918284 -0.59074232 -0.45079689
vn 0.66918284 -0.59074232 -0.45079689
vn 0.70481323 -0.65004901 -0.28403275
vn 0.70481323 -0.65004901 -0.28403275
vn 0.70481323 -0.65004901 -0.28403275
vn 0.67077673 -0.66921915 -0.31969408
vn 0.67077673 -0.66921915 -0.31969408
vn 0.67077673 -0.66921915 -0.31969408
vn 0.74632323 -0.63679263 -0.19364084
vn 0.74632323 -0.63679263 -0.19364084
vn 0.74632323 -0.63679263 -0.19364084
vn 0.73033517 -0.67884381 -0.07603693
vn 0.73033517 -0.67884381 -0.07603693
vn 0.73033517 -0.67884381 -0.07603693
vn 0.69048888 -0.69375972 -0.20474998
vn 0.69048888 -0.69375972 -0.20474998
vn 0.69048888 -0.69375972 -0.20474998
vn 0.71365742 -0.66331839 -0.22517060
vn 0.71365742 -0.66331839 -0.22517060
vn 0.71365742 -0.66331839 -0.22517060
vn 0.72085280 -0.69044878 0.06042948
vn 0.72085280 -0.69044878 0.06042948
vn 0.72085280 -0.69044878 0.06042948
vn 0.73845333 -0.67170315 0.05917406
vn 0.73845333 -0.67170315 0.05917406
vn 0.73845333 -0.67170315 0.05917406
vn 0.76809760 -0.63864286 0.04649063
vn 0.76809760 -0.63864286 0.04649063
vn 0.76809760 -0.63864286 0.04649063
vn 0.73695132 -0.66956473 0.09265978
vn 0.73695132 -0.66956473 0.09265978
vn 0.73695132 -0.66956473 0.09265978
vn 0.80246315 -0.59148738 -0.07871198
vn 0.80246315 -0.59148738 -0.07871198
vn 0.80246315 -0.59148738 -0.07871198
vn 0.79932739 -0.60088092 0.00422539
vn 0.79932739 -0.60088092 0.00422539
vn 0.79932739 -0.60088092 0.00422539
vn 0.76507049 -0.64250047 0.04313103
vn 0.76507049 -0.64250047 0.04313103
vn 0.76507049 -0.64250047 0.04313103
vn 0.69027871 -0.54172415 -0.47963554
vn 0.69027871 -0.54172415 -0.47963554
vn 0.69027871 -0.54172415 -0.47963554
vn 0.69876185 -0.70579130 -0.11657840
vn 0.69876185 -0.70579130 -0.11657840
vn 0.69876185 -0.70579130 -0.11657840
vn 0.70790959 -0.70065132 -0.08917254
vn 0.70790959 -0.70065132 -0.08917254
vn 0.70790959 -0.70065132 -0.08917254
vn 0.87897841 -0.47422364 0.05008894
vn 0.87897841 -0.47422364 0.05008894
vn 0.87897841 -0.47422364 0.05008894
vn 0.71412971 -0.68766208 -0.13091835
vn 0.71412971 -0.68766208 -0.13091835
vn 0.71412971 -0.68766208 -0.13091835
vn 0.84297673 -0.53778373 0.01337488
vn 0.84381074 -0.53653622 0.01059824
vn 0.84377392 -0.53659167 0.01072142
vn 0.88559733 -0.45329818 0.10118359
vn 0.88559733 -0.45329818 0.10118359
vn 0.88559733 -0.45329818 0.10118359
vn 0.69574552 -0.71789416 0.02379388
vn 0.69574552 -0.71789416 0.02379388
vn 0.69574552 -0.71789416 0.02379388
vn 0.86222362 -0.50512475 0.03767507
vn 0.86222362 -0.50512475 0.03767507
vn 0.86222362 -0.50512475 0.03767507
vn 0.83991427 -0.54193094 0.02923826
vn 0.83991427 -0.54193094 0.02923826
vn 0.83991427 -0.54193094 0.02923826
vn 0.79472065 -0.60456822 -0.05400324
vn 0.79472065 -0.60456822 -0.05400324
vn 0.79472065 -0.60456822 -0.05400324
vn 0.79907333 -0.59461708 0.08895140
vn 0.79907333 -0.59461708 0.08895140
vn 0.79907333 -0.59461708 0.08895140
vn 0.75787526 -0.63915169 -0.13080601
vn 0.75787526 -0.63915169 -0.13080601
vn 0.75787526 -0.63915169 -0.13080601
vn 0.72117066 -0.66272965 -0.20174809
vn 0.72117066 -0.66272965 -0.20174809
vn 0.72117066 -0.66272965 -0.20174809
vn 0.78358509 -0.61626395 -0.07882353
vn 0.78358509 -0.61626395 -0.07882353
vn 0.78358509 -0.61626395 -0.07882353
vn 0.64357088 -0.67618783 -0.35858964
vn 0.64357088 -0.67618783 -0.35858964
vn 0.64357088 -0.67618783 -0.35858964
vn 0.78202027 -0.60636278 0.14411273
vn 0.78202027 -0.60636278 0.14411273
vn 0.78202027 -0.60636278 0.14411273
vn 0.64445167 -0.76300102 -0.05011475
vn 0.64445167 -0.76300102 -0.05011475
vn 0.64445167 -0.76300102 -0.05011475
vn 0.73983534 -0.61570452 -0.27120401
vn 0.73983534 -0.61570452 -0.27120401
vn 0.73983534 -0.61570452 -0.27120401
vn 0.77794082 -0.60841066 -0.15698585
vn 0.77794082 -0.60841066 -0.15698585
vn 0.77794082 -0.60841066 -0.15698585
vn 0.77176376 -0.63469796 -0.03923263
vn 0.77176376 -0.63469796 -0.03923263
vn 0.77176376 -0.63469796 -0.03923263
vn 0.64768313 -0.75726431 -0.08400792
vn 0.64768313 -0.75726431 -0.08400792
vn 0.64768313 -0.75726431 -0.08400792
vn 0.81964146 -0.57219791 -0.02788234
vn 0.81964146 -0.57219791 -0.02788234
vn 0.81964146 -0.57219791 -0.02788234
vn 0.83434370 -0.55124396 0.00082953
vn 0.83434370 -0.55124396 0.00082953
vn 0.83434370 -0.55124396 0.00082953
vn 0.84460663 -0.53532876 0.00792193
vn 0.65327143 -0.75705801 -0.00998082
vn 0.65327143 -0.75705801 -0.00998082
vn 0.65327143 -0.75705801 -0.00998082
vn 0.88921502 -0.45748951 0.00000750
vn 0.88968105 -0.45658247 -0.00027185
vn 0.88932128 -0.45728290 -0.00005615
vn 0.88981377 -0.45632372 -0.00035151
vn 0.68011214 -0.73310757 -0.00088045
vn 0.68011214 -0.73310757 -0.00088045
vn 0.68011214 -0.73310757 -0.00088045
vn 0.77796638 -0.62824868 -0.00847954
vn 0.77796638 -0.62824868 -0.00847954
vn 0.77796638 -0.62824868 -0.00847954
vn 0.76999721 -0.61648827 0.16445821
vn 0.76999721 -0.61648827 0.16445821
vn 0.76999721 -0.61648827 0.16445821
vn 0.86241740 -0.50517448 -0.03217110
vn 0.86241740 -0.50517448 -0.03217110
vn 0.86241740 -0.50517448 -0.03217110
vn 0.82133283 -0.56962783 0.03060259
vn 0.82133283 -0.56962783 0.03060259
vn 0.82133283 -0.56962783 0.03060259
vn 0.81720976 -0.57404708 -0.05136295
vn 0.81720976 -0.57404708 -0.05136295
vn 0.81720976 -0.57404708 -0.05136295
vn 0.66899250 -0.74216353 0.04052558
vn 0.66899250 -0.74216353 0.04052558
vn 0.66899250 -0.74216353 0.04052558
vn 0.65293726 -0.75580762 0.04927241
vn 0.65293726 -0.75580762 0.04927241
vn 0.65293726 -0.75580762 0.04927241
vn 0.77388863 -0.63301164 0.01981549
vn 0.77388863 -0.63301164 0.01981549
vn 0.77388863 -0.63301164 0.01981549
vn 0.63481457 -0.76944371 0.07047589
vn 0.63481457 -0.76944371 0.07047589
vn 0.63481457 -0.76944371 0.07047589
vn 0.67223529 -0.74029806 0.00764841
vn 0.67134976 -0.74110986 0.00675752
vn 0.67267320 -0.73989548 0.00808953
vn 0.62340324 -0.77685193 0.08871006
vn 0.62340324 -0.77685193 0.08871006
vn 0.62340324 -0.77685193 0.08871006
vn 0.67093146 -0.74149229 0.00633720
vn 0.79042474 -0.61205186 0.02492508
vn 0.79042474 -0.61205186 0.02492508
vn 0.79042474 -0.61205186 0.02492508
vn 0.63346094 -0.76469339 0.11820010
vn 0.63346094 -0.76469339 0.11820010
vn 0.63346094 -0.76469339 0.11820010
vn 0.84504589 -0.53460093 -0.00996441
vn 0.84504589 -0.53460093 -0.00996441
vn 0.84504589 -0.53460093 -0.00996441
vn 0.77851151 -0.62750344 0.01261959
vn 0.77851151 -0.62750344 0.01261959
vn 0.77851151 -0.62750344 0.01261959
vn 0.88941775 -0.45677554 -0.01709313
vn 0.88941775 -0.45677554 -0.01709313
vn 0.88941775 -0.45677554 -0.01709313
vn 0.68188527 -0.72090284 0.12382076
vn 0.68188527 -0.72090284 0.12382076
vn 0.68188527 -0.72090284 0.12382076
vn 0.88440559 -0.46631685 -0.01937390
vn 0.88440559 -0.46631685 -0.01937390
vn 0.88440559 -0.46631685 -0.01937390
vn 0.78817106 -0.59957544 0.13890885
vn 0.78817106 -0.59957544 0.13890885
vn 0.78817106 -0.59957544 0.13890885
vn 0.72072975 -0.68425595 0.11109646
vn 0.72072975 -0.68425595 0.11109646
vn 0.72072975 -0.68425595 0.11109646
vn 0.64434387 -0.76407158 0.03186848
vn 0.64434387 -0.76407158 0.03186848
vn 0.64434387 -0.76407158 0.03186848
vn 0.78510536 -0.61729201 0.05059800
vn 0.78510536 -0.61729201 0.05059800
vn 0.78510536 -0.61729201 0.05059800
vn 0.65927409 -0.75177943 0.01361456
vn 0.65927409 -0.75177943 0.01361456
vn 0.65927409 -0.75177943 0.01361456
vn 0.71057768 -0.68281395 0.16983661
vn 0.71057768 -0.68281395 0.16983661
vn 0.71057768 -0.68281395 0.16983661
vn 0.84160353 -0.53997286 -0.01152412
vn 0.84160353 -0.53997286 -0.01152412
vn 0.84160353 -0.53997286 -0.01152412
vn 0.73194551 -0.65366129 0.19230882
vn 0.73194551 -0.65366129 0.19230882
vn 0.73194551 -0.65366129 0.19230882
vn 0.86205375 -0.50388939 -0.05439503
vn 0.86205375 -0.50388939 -0.05439503
vn 0.86205375 -0.50388939 -0.05439503
vn 0.82096001 -0.56857138 0.05245228
vn 0.82096001 -0.56857138 0.05245228
vn 0.82096001 -0.56857138 0.05245228
vn 0.83908508 -0.54253436 0.03990852
vn 0.83908508 -0.54253436 0.03990852
vn 0.83908508 -0.54253436 0.03990852
vn 0.78810159 -0.61139645 -0.07134610
vn 0.78810159 -0.61139645 -0.07134610
vn 0.78810159 -0.61139645 -0.07134610
vn 0.78113249 -0.62143154 0.06045558
vn 0.78113249 -0.62143154 0.06045558
vn 0.78113249 -0.62143154 0.06045558
vn 0.79434725 -0.60237715 0.07844880
vn 0.79434725 -0.60237715 0.07844880
vn 0.79434725 -0.60237715 0.07844880
vn 0.78606020 -0.61555077 0.05662700
vn 0.78606020 -0.61555077 0.05662700
vn 0.78606020 -0.61555077 0.05662700
vn 0.78972107 -0.60506499 0.10117799
vn 0.78972107 -0.60506499 0.10117799
vn 0.78972107 -0.60506499 0.10117799
vn 0.76412668 -0.64236306 0.05899244
vn 0.76412668 -0.64236306 0.05899244
vn 0.76412668 -0.64236306 0.05899244
vn 0.76706922 -0.63352566 0.10124253
vn 0.76706922 -0.63352566 0.10124253
vn 0.76706922 -0.63352566 0.10124253
vn 0.67806277 -0.63117597 0.37662684
vn 0.67806277 -0.63117597 0.37662684
vn 0.67806277 -0.63117597 0.37662684
vn 0.73773099 -0.66596549 -0.11064787
vn 0.73773099 -0.66596549 -0.11064787
vn 0.73773099 -0.66596549 -0.11064787
vn 0.63413477 -0.57999782 0.51134688
vn 0.63413477 -0.57999782 0.51134688
vn 0.63413477 -0.57999782 0.51134688
vn 0.72432320 -0.68095848 0.10794187
vn 0.72432320 -0.68095848 0.10794187
vn 0.72432320 -0.68095848 0.10794187
vn 0.74565941 -0.66576414 0.02738913
vn 0.74565941 -0.66576414 0.02738913
vn 0.74565941 -0.66576414 0.02738913
vn 0.75542247 -0.65485084 0.02252268
vn 0.75542247 -0.65485084 0.02252268
vn 0.75542247 -0.65485084 0.02252268
vn 0.67796853 -0.73509063 -0.00066167
vn 0.66097113 -0.75019994 -0.01781068
vn 0.66097113 -0.75019994 -0.01781068
vn 0.66097113 -0.75019994 -0.01781068
vn 0.85580541 -0.51707114 0.01531451
vn 0.85580541 -0.51707114 0.01531451
vn 0.85580541 -0.51707114 0.01531451
vn 0.74718095 -0.66451200 0.01201787
vn 0.74718095 -0.66451200 0.01201787
vn 0.74718095 -0.66451200 0.01201787
vn 0.76198958 -0.64743570 0.01410325
vn 0.76198958 -0.64743570 0.01410325
vn 0.76198958 -0.64743570 0.01410325
vn 0.82103588 -0.56580114 0.07595496
vn 0.82103588 -0.56580114 0.07595496
vn 0.82103588 -0.56580114 0.07595496
vn 0.73210248 -0.68019463 0.03689480
vn 0.73210248 -0.68019463 0.03689480
vn 0.73210248 -0.68019463 0.03689480
vn 0.80551128 0.20487962 -0.55603589
vn 0.80551128 0.20487962 -0.55603589
vn 0.80551128 0.20487962 -0.55603589
vn 0.85577344 0.19177502 -0.48049366
vn 0.85577344 0.19177502 -0.48049366
vn 0.85577344 0.19177502 -0.48049366
vn 0.85799361 0.19685274 -0.47444279
vn 0.85799361 0.19685274 -0.47444279
vn 0.85799361 0.19685274 -0.47444279
vn 0.94555041 0.32231733 -0.04523234
vn 0.94555041 0.32231733 -0.04523234
vn 0.94555041 0.32231733 -0.04523234
vn 0.93149107 0.36121686 -0.04297403
vn 0.93149107 0.36121686 -0.04297403
vn 0.93149107 0.36121686 -0.04297403
vn 0.94065493 0.33692109 -0.04065077
vn 0.94065493 0.33692109 -0.04065077
vn 0.94065493 0.33692109 -0.04065077
vn 0.86370073 0.27701696 -0.42104946
vn 0.86370073 0.27701696 -0.42104946
vn 0.86370073 0.27701696 -0.42104946
vn 0.74135136 0.54325207 -0.39404994
vn 0.74135136 0.54325207 -0.39404994
vn 0.74135136 0.54325207 -0.39404994
vn 0.90811917 0.26064906 -0.32769137
vn 0.90811917 0.26064906 -0.32769137
vn 0.90811917 0.26064906 -0.32769137
vn 0.90181410 0.31981351 -0.29060395
vn 0.90181410 0.31981351 -0.29060395
vn 0.90181410 0.31981351 -0.29060395
vn 0.58767963 0.02701657 -0.80864254
vn 0.58767963 0.02701657 -0.80864254
vn 0.58767963 0.02701657 -0.80864254
vn 0.92146876 0.31036010 -0.23360639
vn 0.92146876 0.31036010 -0.23360639
vn 0.92146876 0.31036010 -0.23360639
vn 0.65704801 0.01191077 -0.75375464
vn 0.65704801 0.01191077 -0.75375464
vn 0.65704801 0.01191077 -0.75375464
vn 0.91858055 0.34378739 -0.19498718
vn 0.91858055 0.34378739 -0.19498718
vn 0.91858055 0.34378739 -0.19498718
vn 0.69473233 0.05299389 -0.71731348
vn 0.69473233 0.05299389 -0.71731348
vn 0.69473233 0.05299389 -0.71731348
vn 0.85206843 0.49883996 -0.15854996
vn 0.85206843 0.49883996 -0.15854996
vn 0.85206843 0.49883996 -0.15854996
vn 0.96554443 0.22461906 -0.13141624
vn 0.96554443 0.22461906 -0.13141624
vn 0.96554443 0.22461906 -0.13141624
vn 0.71032787 0.14132946 -0.68953629
vn 0.71032787 0.14132946 -0.68953629
vn 0.71032787 0.14132946 -0.68953629
vn 0.79120349 0.15600246 -0.59132079
vn 0.79120349 0.15600246 -0.59132079
vn 0.79120349 0.15600246 -0.59132079
vn 0.49232403 -0.14863406 -0.85762752
vn 0.49232403 -0.14863406 -0.85762752
vn 0.49232403 -0.14863406 -0.85762752
vn -0.24091512 -0.96531691 -0.10061395
vn -0.24091512 -0.96531691 -0.10061395
vn -0.24091512 -0.96531691 -0.10061395
vn -0.24948551 -0.96139252 -0.11610948
vn -0.24948551 -0.96139252 -0.11610948
vn -0.24948551 -0.96139252 -0.11610948
vn -0.23526284 -0.96291373 -0.13209296
vn -0.23526284 -0.96291373 -0.13209296
vn -0.23526284 -0.96291373 -0.13209296
vn -0.38620575 -0.87424325 -0.29418338
vn -0.38620575 -0.87424325 -0.29418338
vn -0.38620575 -0.87424325 -0.29418338
vn -0.21547404 -0.94534494 -0.24473228
vn -0.21547404 -0.94534494 -0.24473228
vn -0.21547404 -0.94534494 -0.24473228
vn -0.23036880 -0.94295854 -0.24033187
vn -0.23036880 -0.94295854 -0.24033187
vn -0.23036880 -0.94295854 -0.24033187
vn -0.10238504 -0.92485187 -0.36628720
vn -0.10238504 -0.92485187 -0.36628720
vn -0.10238504 -0.92485187 -0.36628720
vn -0.11321924 -0.90823869 -0.40284473
vn -0.11321924 -0.90823869 -0.40284473
vn -0.11321924 -0.90823869 -0.40284473
vn -0.26489617 -0.84604928 -0.46263446
vn -0.26489617 -0.84604928 -0.46263446
vn -0.26489617 -0.84604928 -0.46263446
vn -0.20089644 -0.86080745 -0.46760149
vn -0.20089644 -0.86080745 -0.46760149
vn -0.20089644 -0.86080745 -0.46760149
vn -0.10508045 -0.81745890 -0.56632062
vn -0.10508045 -0.81745890 -0.56632062
vn -0.10508045 -0.81745890 -0.56632062
vn -0.10596204 -0.79328758 -0.59955555
vn -0.10596204 -0.79328758 -0.59955555
vn -0.10596204 -0.79328758 -0.59955555
vn -0.03043575 -0.76358754 -0.64498662
vn -0.03043575 -0.76358754 -0.64498662
vn -0.03043575 -0.76358754 -0.64498662
vn -0.00866867 -0.71788455 -0.69610820
vn -0.00866867 -0.71788455 -0.69610820
vn -0.00866867 -0.71788455 -0.69610820
vn -0.09047345 -0.74155498 -0.66476370
vn -0.09047345 -0.74155498 -0.66476370
vn -0.09047345 -0.74155498 -0.66476370
vn 0.05268489 -0.64840508 -0.75947032
vn 0.05268489 -0.64840508 -0.75947032
vn 0.05268489 -0.64840508 -0.75947032
vn 0.06361536 -0.57575131 -0.81514632
vn 0.06361536 -0.57575131 -0.81514632
vn 0.06361536 -0.57575131 -0.81514632
vn 0.05470998 -0.55423664 -0.83055919
vn 0.05470998 -0.55423664 -0.83055919
vn 0.05470998 -0.55423664 -0.83055919
vn 0.10147052 -0.39334789 -0.91377304
vn 0.10147052 -0.39334789 -0.91377304
vn 0.10147052 -0.39334789 -0.91377304
vn 0.13530080 -0.50854177 -0.85034050
vn 0.13530080 -0.50854177 -0.85034050
vn 0.13530080 -0.50854177 -0.85034050
vn 0.27284070 -0.36438205 -0.89038400
vn 0.27284070 -0.36438205 -0.89038400
vn 0.27284070 -0.36438205 -0.89038400
vn 0.29885568 -0.29727943 -0.90681322
vn 0.29924191 -0.30025179 -0.90570588
vn 0.29888423 -0.29749843 -0.90673199
vn 0.29862067 -0.29548074 -0.90747828
vn 0.38696645 -0.24776166 -0.88818417
vn 0.38696645 -0.24776166 -0.88818417
vn 0.38696645 -0.24776166 -0.88818417
vn 0.33967299 -0.35126852 -0.87248650
vn 0.33967299 -0.35126852 -0.87248650
vn 0.33967299 -0.35126852 -0.87248650
vn 0.35769492 -0.12420910 -0.92554116
vn 0.35769492 -0.12420910 -0.92554116
vn 0.35769492 -0.12420910 -0.92554116
vn 0.38507857 -0.12837560 -0.91391148
vn 0.38507857 -0.12837560 -0.91391148
vn 0.38507857 -0.12837560 -0.91391148
vn 0.40049760 -0.13531126 -0.90625192
vn 0.40049760 -0.13531126 -0.90625192
vn 0.40049760 -0.13531126 -0.90625192
vn -0.50828534 -0.57305834 -0.64284536
vn -0.50828534 -0.57305834 -0.64284536
vn -0.50828534 -0.57305834 -0.64284536
vn -0.57394847 -0.56559031 -0.59219149
vn -0.57394847 -0.56559031 -0.59219149
vn -0.57394847 -0.56559031 -0.59219149
vn -0.56401586 -0.64394896 -0.51692925
vn -0.56401586 -0.64394896 -0.51692925
vn -0.56401586 -0.64394896 -0.51692925
vn 0.08628163 0.10460241 -0.99076426
vn 0.08628163 0.10460241 -0.99076426
vn 0.08628163 0.10460241 -0.99076426
vn 0.11571367 0.04917487 -0.99206460
vn 0.11571367 0.04917487 -0.99206460
vn 0.11571367 0.04917487 -0.99206460
vn -0.70596076 -0.63512664 -0.31342232
vn -0.70596076 -0.63512664 -0.31342232
vn -0.70596076 -0.63512664 -0.31342232
vn -0.64082620 -0.71937523 -0.26803183
vn -0.64082620 -0.71937523 -0.26803183
vn -0.64082620 -0.71937523 -0.26803183
vn 0.00544411 -0.05337893 -0.99855949
vn 0.00544411 -0.05337893 -0.99855949
vn 0.00544411 -0.05337893 -0.99855949
vn -0.07862819 -0.04474915 -0.99589915
vn -0.07862819 -0.04474915 -0.99589915
vn -0.07862819 -0.04474915 -0.99589915
vn -0.63082355 -0.76339952 -0.13886261
vn -0.63082355 -0.76339952 -0.13886261
vn -0.63082355 -0.76339952 -0.13886261
vn -0.15132412 -0.24066547 -0.95873935
vn -0.15132412 -0.24066547 -0.95873935
vn -0.15132412 -0.24066547 -0.95873935
vn -0.22743871 -0.24241413 -0.94313680
vn -0.22743871 -0.24241413 -0.94313680
vn -0.22743871 -0.24241413 -0.94313680
vn -0.27832646 -0.38156717 -0.88144250
vn -0.27832646 -0.38156717 -0.88144250
vn -0.27832646 -0.38156717 -0.88144250
vn -0.41596711 -0.40669640 -0.81336917
vn -0.41596711 -0.40669640 -0.81336917
vn -0.41596711 -0.40669640 -0.81336917
vn -0.41518633 -0.48567824 -0.76924441
vn -0.41518633 -0.48567824 -0.76924441
vn -0.41518633 -0.48567824 -0.76924441
vn -0.11678259 -0.48596608 0.86614017
vn -0.11678259 -0.48596608 0.86614017
vn -0.11678259 -0.48596608 0.86614017
vn 0.29625045 -0.28237340 0.91241489
vn 0.29625045 -0.28237340 0.91241489
vn 0.29625045 -0.28237340 0.91241489
vn -0.25682195 -0.96645806 -0.00114658
vn -0.25682195 -0.96645806 -0.00114658
vn -0.25682195 -0.96645806 -0.00114658
vn 0.25411500 -0.27889200 0.92609115
vn 0.25411500 -0.27889200 0.92609115
vn 0.25411500 -0.27889200 0.92609115
vn 0.08585582 -0.41562893 0.90547301
vn 0.08585582 -0.41562893 0.90547301
vn 0.08585582 -0.41562893 0.90547301
vn 0.09079693 -0.41391477 0.90577618
vn 0.09079693 -0.41391477 0.90577618
vn 0.09079693 -0.41391477 0.90577618
vn 0.08038530 -0.60313142 0.79358093
vn 0.08038530 -0.60313142 0.79358093
vn 0.08038530 -0.60313142 0.79358093
vn -0.03900398 -0.66408569 0.74663839
vn -0.03900398 -0.66408569 0.74663839
vn -0.03900398 -0.66408569 0.74663839
vn -0.04023198 -0.75418846 0.65542441
vn -0.04023198 -0.75418846 0.65542441
vn -0.04023198 -0.75418846 0.65542441
vn -0.01914865 -0.74316926 0.66882941
vn -0.01914865 -0.74316926 0.66882941
vn -0.01914865 -0.74316926 0.66882941
vn -0.21019325 -0.77518953 0.59573483
vn -0.21019325 -0.77518953 0.59573483
vn -0.21019325 -0.77518953 0.59573483
vn -0.45343798 -0.75472692 0.47411104
vn -0.45343798 -0.75472692 0.47411104
vn -0.45343798 -0.75472692 0.47411104
vn -0.24202313 -0.82657547 0.50813168
vn -0.24202313 -0.82657547 0.50813168
vn -0.24202313 -0.82657547 0.50813168
vn -0.16089311 -0.87464461 0.45728570
vn -0.16089311 -0.87464461 0.45728570
vn -0.16089311 -0.87464461 0.45728570
vn -0.13011631 -0.91871641 0.37286714
vn -0.13011631 -0.91871641 0.37286714
vn -0.13011631 -0.91871641 0.37286714
vn -0.50916304 -0.81739558 0.26947626
vn -0.50916304 -0.81739558 0.26947626
vn -0.50916304 -0.81739558 0.26947626
vn -0.34607190 -0.88664648 0.30674461
vn -0.34607190 -0.88664648 0.30674461
vn -0.34607190 -0.88664648 0.30674461
vn -0.23831953 -0.92599604 0.29280564
vn -0.23831953 -0.92599604 0.29280564
vn -0.23831953 -0.92599604 0.29280564
vn -0.22140065 -0.92862143 0.29773141
vn -0.22140065 -0.92862143 0.29773141
vn -0.22140065 -0.92862143 0.29773141
vn -0.18336487 -0.95684861 0.22542862
vn -0.18336487 -0.95684861 0.22542862
vn -0.18336487 -0.95684861 0.22542862
vn -0.30753394 -0.93812653 0.15919014
vn -0.30753394 -0.93812653 0.15919014
vn -0.30753394 -0.93812653 0.15919014
vn -0.24530445 -0.95692736 0.15529247
vn -0.24530445 -0.95692736 0.15529247
vn -0.24530445 -0.95692736 0.15529247
vn -0.25009907 -0.95587273 0.15413558
vn -0.25009907 -0.95587273 0.15413558
vn -0.25009907 -0.95587273 0.15413558
vn -0.55464221 -0.82508578 0.10772872
vn -0.55464221 -0.82508578 0.10772872
vn -0.55464221 -0.82508578 0.10772872
vn -0.19032638 -0.97776931 0.08799462
vn -0.19032638 -0.97776931 0.08799462
vn -0.19032638 -0.97776931 0.08799462
vn -0.31174862 -0.94917187 0.04342306
vn -0.31174862 -0.94917187 0.04342306
vn -0.31174862 -0.94917187 0.04342306
vn -0.27084922 -0.96160522 0.04422785
vn -0.27084922 -0.96160522 0.04422785
vn -0.27084922 -0.96160522 0.04422785
vn -0.18237672 -0.98310196 0.01578853
vn -0.18237672 -0.98310196 0.01578853
vn -0.18237672 -0.98310196 0.01578853
vn -0.22344094 -0.97454975 -0.01808123
vn -0.22344094 -0.97454975 -0.01808123
vn -0.22344094 -0.97454975 -0.01808123
vn -0.43138314 -0.90205159 0.01454348
vn -0.43138314 -0.90205159 0.01454348
vn -0.43138314 -0.90205159 0.01454348
vn -0.21693853 -0.97408104 0.06406086
vn -0.21693853 -0.97408104 0.06406086
vn -0.21693853 -0.97408104 0.06406086
vn -0.72702677 -0.68657172 -0.00716642
vn -0.72702677 -0.68657172 -0.00716642
vn -0.72702677 -0.68657172 -0.00716642
vn -0.67783660 -0.73515008 0.00958626
vn -0.67783660 -0.73515008 0.00958626
vn -0.67783660 -0.73515008 0.00958626
vn 0.35750237 -0.29643845 0.88561634
vn 0.35750237 -0.29643845 0.88561634
vn 0.35750237 -0.29643845 0.88561634
vn 0.33002675 -0.25936747 0.90764027
vn 0.33002675 -0.25936747 0.90764027
vn 0.33002675 -0.25936747 0.90764027
vn 0.35974890 -0.30841306 0.88060327
vn 0.35974890 -0.30841306 0.88060327
vn 0.35974890 -0.30841306 0.88060327
vn 0.27149812 -0.22335838 0.93616228
vn 0.27149812 -0.22335838 0.93616228
vn 0.27149812 -0.22335838 0.93616228
vn 0.20725404 -0.16311548 0.96459271
vn 0.20725404 -0.16311548 0.96459271
vn 0.20725404 -0.16311548 0.96459271
vn 0.30863581 -0.29177652 0.90532337
vn 0.30863581 -0.29177652 0.90532337
vn 0.30863581 -0.29177652 0.90532337
vn 0.32639342 -0.29973300 0.89645271
vn 0.32639342 -0.29973300 0.89645271
vn 0.32639342 -0.29973300 0.89645271
vn 0.34051884 -0.25435300 0.90518035
vn 0.34051884 -0.25435300 0.90518035
vn 0.34051884 -0.25435300 0.90518035
vn 0.37514890 -0.29409392 0.87907455
vn 0.37514890 -0.29409392 0.87907455
vn 0.37514890 -0.29409392 0.87907455
vn 0.35185290 -0.31466098 0.88158267
vn 0.35151488 -0.31423335 0.88187000
vn 0.35205614 -0.31491812 0.88140970
vn 0.35208556 -0.31495534 0.88138465
vn 0.33157356 -0.28204342 0.90028356
vn 0.33157356 -0.28204342 0.90028356
vn 0.33157356 -0.28204342 0.90028356
vn -0.19534291 -0.26564716 0.94407242
vn -0.19534291 -0.26564716 0.94407242
vn -0.19534291 -0.26564716 0.94407242
vn -0.20940574 -0.21389009 0.95414897
vn -0.20940574 -0.21389009 0.95414897
vn -0.20940574 -0.21389009 0.95414897
vn -0.69532553 -0.70960890 0.11391936
vn -0.69532553 -0.70960890 0.11391936
vn -0.69532553 -0.70960890 0.11391936
vn -0.67327725 -0.73188555 0.10507757
vn -0.67327725 -0.73188555 0.10507757
vn -0.67327725 -0.73188555 0.10507757
vn -0.67515174 -0.69146258 0.25700123
vn -0.67515174 -0.69146258 0.25700123
vn -0.67515174 -0.69146258 0.25700123
vn -0.66024988 -0.70280291 0.26483613
vn -0.66024988 -0.70280291 0.26483613
vn -0.66024988 -0.70280291 0.26483613
vn -0.62378242 -0.60870977 0.49027330
vn -0.62378242 -0.60870977 0.49027330
vn -0.62378242 -0.60870977 0.49027330
vn -0.60430194 -0.64047012 0.47393796
vn -0.60430194 -0.64047012 0.47393796
vn -0.60430194 -0.64047012 0.47393796
vn -0.48365269 -0.56291783 0.67022652
vn -0.48365269 -0.56291783 0.67022652
vn -0.48365269 -0.56291783 0.67022652
vn -0.46387729 -0.46340088 0.75503475
vn -0.46387729 -0.46340088 0.75503475
vn -0.46387729 -0.46340088 0.75503475
vn -0.40935618 -0.46334096 0.78596607
vn -0.40935618 -0.46334096 0.78596607
vn -0.40935618 -0.46334096 0.78596607
vn 0.93220421 0.28254199 0.22619756
vn 0.93220421 0.28254199 0.22619756
vn 0.93220421 0.28254199 0.22619756
vn 0.51695298 -0.11703934 0.84797489
vn 0.51695298 -0.11703934 0.84797489
vn 0.51695298 -0.11703934 0.84797489
vn 0.53224162 -0.03835409 0.84572325
vn 0.53224162 -0.03835409 0.84572325
vn 0.53224162 -0.03835409 0.84572325
vn 0.90421190 0.27144737 0.32972287
vn 0.90421190 0.27144737 0.32972287
vn 0.90421190 0.27144737 0.32972287
vn 0.90188439 0.29722548 0.31346699
vn 0.90188439 0.29722548 0.31346699
vn 0.90188439 0.29722548 0.31346699
vn 0.80375271 0.59463007 0.01991624
vn 0.80375271 0.59463007 0.01991624
vn 0.80375271 0.59463007 0.01991624
vn 0.42224982 -0.18866918 0.88662790
vn 0.42224982 -0.18866918 0.88662790
vn 0.42224982 -0.18866918 0.88662790
vn 0.86604826 0.22064737 0.44863699
vn 0.86604826 0.22064737 0.44863699
vn 0.86604826 0.22064737 0.44863699
vn 0.96742196 0.25291082 0.01143970
vn 0.96742196 0.25291082 0.01143970
vn 0.96742196 0.25291082 0.01143970
vn 0.40594566 -0.18613933 0.89474034
vn 0.40594566 -0.18613933 0.89474034
vn 0.40594566 -0.18613933 0.89474034
vn 0.94775620 0.31365493 0.05812713
vn 0.94775620 0.31365493 0.05812713
vn 0.94775620 0.31365493 0.05812713
vn 0.92936367 0.36875376 0.01743103
vn 0.92936367 0.36875376 0.01743103
vn 0.92936367 0.36875376 0.01743103
vn 0.31196307 -0.29119099 0.90437097
vn 0.31196307 -0.29119099 0.90437097
vn 0.31196307 -0.29119099 0.90437097
vn 0.80278908 0.25310934 0.53987531
vn 0.80278908 0.25310934 0.53987531
vn 0.80278908 0.25310934 0.53987531
vn 0.94706036 0.30087502 0.11203080
vn 0.94701641 0.30089782 0.11234065
vn 0.94732572 0.30073570 0.11014545
vn 0.94676734 0.30102556 0.11408427
vn 0.75415862 0.11953624 0.64572120
vn 0.75415862 0.11953624 0.64572120
vn 0.75415862 0.11953624 0.64572120
vn 0.92537850 0.34417859 0.15879461
vn 0.92537850 0.34417859 0.15879461
vn 0.92537850 0.34417859 0.15879461
vn 0.66207934 0.10597820 0.74190267
vn 0.66207934 0.10597820 0.74190267
vn 0.66207934 0.10597820 0.74190267
vn 0.63692400 0.02328160 0.77057497
vn 0.63692400 0.02328160 0.77057497
vn 0.63692400 0.02328160 0.77057497
vn 0.35206749 0.31038477 -0.88301177
vn 0.35206749 0.31038477 -0.88301177
vn 0.35206749 0.31038477 -0.88301177
vn 0.31669616 0.31636217 -0.89421391
vn 0.31669616 0.31636217 -0.89421391
vn 0.31669616 0.31636217 -0.89421391
vn 0.65397044 0.74648780 -0.12279509
vn 0.65397044 0.74648780 -0.12279509
vn 0.65397044 0.74648780 -0.12279509
vn 0.73787449 0.65338501 -0.16920185
vn 0.73787449 0.65338501 -0.16920185
vn 0.73787449 0.65338501 -0.16920185
vn 0.70220161 0.59016561 -0.39826807
vn 0.70220161 0.59016561 -0.39826807
vn 0.70220161 0.59016561 -0.39826807
vn 0.62376490 0.64152561 -0.44649999
vn 0.62376490 0.64152561 -0.44649999
vn 0.62376490 0.64152561 -0.44649999
vn 0.60136376 0.51763347 -0.60861911
vn 0.60136376 0.51763347 -0.60861911
vn 0.60136376 0.51763347 -0.60861911
vn 0.49407471 0.51667096 -0.69924337
vn 0.49407471 0.51667096 -0.69924337
vn 0.49407471 0.51667096 -0.69924337
vn 0.49972449 0.40551203 -0.76539887
vn 0.49972449 0.40551203 -0.76539887
vn 0.49972449 0.40551203 -0.76539887
vn 0.00924661 -0.01271732 0.99987638
vn 0.00924661 -0.01271732 0.99987638
vn 0.00924661 -0.01271732 0.99987638
vn 0.03359133 -0.02552925 0.99910954
vn 0.03359133 -0.02552925 0.99910954
vn 0.03359133 -0.02552925 0.99910954
vn 0.03445027 -0.03063968 0.99893663
vn 0.03445027 -0.03063968 0.99893663
vn 0.03445027 -0.03063968 0.99893663
vn 0.03301640 -0.02961864 0.99901584
vn 0.03301640 -0.02961864 0.99901584
vn 0.03301640 -0.02961864 0.99901584
vn 0.76094230 0.62155870 0.18609565
vn 0.76094230 0.62155870 0.18609565
vn 0.76094230 0.62155870 0.18609565
vn 0.67242479 0.73636006 0.07495838
vn 0.67242479 0.73636006 0.07495838
vn 0.67242479 0.73636006 0.07495838
vn 0.76819062 0.63985941 0.02151982
vn 0.76819062 0.63985941 0.02151982
vn 0.76819062 0.63985941 0.02151982
vn 0.12535741 0.12155188 0.98463732
vn 0.12535741 0.12155188 0.98463732
vn 0.12535741 0.12155188 0.98463732
vn 0.14073423 0.11879345 0.98289470
vn 0.14073423 0.11879345 0.98289470
vn 0.14073423 0.11879345 0.98289470
vn 0.30933969 0.19906932 0.92988191
vn 0.30933969 0.19906932 0.92988191
vn 0.30933969 0.19906932 0.92988191
vn 0.38045140 0.40809453 0.82988890
vn 0.38045140 0.40809453 0.82988890
vn 0.38045140 0.40809453 0.82988890
vn 0.40594424 0.40451657 0.81949718
vn 0.40594424 0.40451657 0.81949718
vn 0.40594424 0.40451657 0.81949718
vn 0.63653755 0.51665170 0.57261765
vn 0.63653755 0.51665170 0.57261765
vn 0.63653755 0.51665170 0.57261765
vn 0.60006214 0.68757335 0.40886222
vn 0.60006214 0.68757335 0.40886222
vn 0.60006214 0.68757335 0.40886222
vn 0.69631151 0.63094779 0.34213326
vn 0.69631151 0.63094779 0.34213326
vn 0.69631151 0.63094779 0.34213326
f 1//1 2//2 3//3
f 4//4 5//5 6//6
f 7//7 8//8 9//9
f 10//10 1//1 3//3
f 11//11 12//12 13//13
f 14//14 15//15 16//16
f 17//17 18//18 19//19
f 14//14 16//16 20//20
f 21//21 22//22 23//23
f 24//24 12//12 11//11
f 25//25 18//18 17//17
f 25//25 26//26 18//18
f 27//27 28//28 29//29
f 30//30 31//31 32//32
f 33//33 34//34 35//35
f 24//24 36//36 12//12
f 37//37 38//38 39//39
f 40//40 26//26 25//25
f 41//41 26//26 40//40
f 42//42 43//43 44//44
f 45//45 36//36 24//24
f 46//46 41//41 40//40
f 46//46 47//47 41//41
f 48//48 49//49 50//50
f 51//51 52//52 53//53
f 54//54 47//47 46//46
f 55//55 56//56 57//57
f 58//58 59//59 60//60
f 61//61 36//36 45//45
f 62//62 54//54 46//46
f 63//63 64//64 65//65
f 55//55 57//57 66//66
f 67//67 54//54 62//62
f 68//68 69//69 70//70
f 71//71 59//59 58//58
f 72//72 73//73 74//74
f 75//75 76//76 77//77
f 78//78 79//79 80//80
f 81//81 76//76 75//75
f 82//82 83//83 84//84
f 85//85 86//86 87//87
f 88//88 89//89 90//90
f 91//91 92//92 93//93
f 94//94 95//95 96//96
f 97//97 94//94 96//96
f 98//98 99//99 100//100
f 3//3 2//2 101//101
f 102//102 103//103 104//104
f 105//105 106//106 107//107
f 108//108 109//109 110//110
f 111//111 112//112 113//113
f 114//114 115//115 116//116
f 117//117 118//118 119//119
f 120//120 121//121 122//122
f 123//123 124//124 125//125
f 126//126 125//125 127//127
f 122//122 128//128 129//129
f 130//130 131//131 132//132
f 133//133 134//134 135//135
f 136//136 137//137 138//138
f 139//139 140//140 141//141
f 142//142 143//143 144//144
f 145//145 146//146 147//147
f 148//148 149//149 150//150
f 151//151 152//152 153//153
f 154//154 155//155 156//156
f 157//157 158//158 159//159
f 160//160 161//161 162//162
f 163//163 164//164 165//165
f 166//166 167//167 168//168
f 169//169 170//170 171//171
f 172//172 173//173 174//174
f 175//175 176//176 177//177
f 178//178 179//179 180//180
f 181//181 182//182 183//183
f 184//184 185//185 186//186
f 187//187 188//188 189//189
f 190//190 191//191 192//192
f 193//193 194//194 195//195
f 196//196 197//197 198//198
f 199//199 200//200 201//201
f 202//202 203//203 204//204
f 205//205 206//206 207//207
f 208//208 209//209 210//210
f 211//211 212//212 213//213
f 214//214 215//215 216//216
f 217//217 218//218 219//219
f 220//220 221//221 222//222
f 223//223 224//224 225//225
f 226//226 227//227 227//227
f 226//226 227//227 227//227
f 226//226 228//228 227//227
f 227//227 227//227 227//227
f 227//227 229//229 227//227
f 230//230 231//231 232//232
f 233//233 234//234 235//235
f 236//236 237//237 238//238
f 239//239 240//240 241//241
f 242//242 243//243 244//244
f 245//245 246//246 247//247
f 248//248 249//249 250//250
f 251//251 252//252 253//253
f 254//254 255//255 256//256
f 257//257 258//258 259//259
f 260//260 261//261 262//262
f 263//263 264//264 265//265
f 266//266 267//267 268//268
f 269//269 270//270 271//271
f 272//272 273//273 274//274
f 275//275 276//276 277//277
f 278//278 279//279 280//280
f 281//281 282//282 283//283
f 284//284 285//285 286//286
f 287//287 288//288 289//289
f 290//290 291//291 292//292
f 293//293 294//294 295//295
f 296//296 297//297 298//298
f 299//299 300//300 301//301
f 302//302 299//299 301//301
f 303//303 304//304 305//305
f 306//306 307//307 308//308
f 309//309 310//310 311//311
f 309//309 312//312 310//310
f 313//313 314//314 315//315
f 316//316 317//317 318//318
f 319//319 320//320 321//321
f 322//322 323//323 324//324
f 325//325 326//326 327//327
f 328//328 329//329 330//330
f 331//331 332//332 333//333
f 334//334 335//335 336//336
f 337//337 338//338 339//339
f 340//340 341//341 342//342
f 343//343 344//344 345//345
f 346//346 347//347 348//348
f 349//349 350//350 351//351
f 352//352 353//353 354//354
f 355//355 356//356 357//357
f 358//358 359//359 360//360
f 361//361 362//362 363//363
f 364//364 365//365 366//366
f 367//367 368//368 369//369
f 370//370 346//346 348//348
f 371//371 372//372 373//373
f 371//371 373//373 374//374
f 375//375 376//376 377//377
f 378//378 379//379 380//380
f 381//381 382//382 383//383
f 384//384 385//385 386//386
f 387//387 388//388 389//389
f 390//390 391//391 392//392
f 393//393 379//379 378//378
f 326//326 394//394 327//327
f 395//395 396//396 397//397
f 398//398 399//399 400//400
f 367//367 401//401 368//368
f 402//402 403//403 404//404
f 405//405 406//406 407//407
f 408//408 409//409 410//410
f 411//411 412//412 413//413
f 414//414 415//415 416//416
f 417//417 418//418 419//419
f 420//420 421//421 422//422
f 423//423 424//424 425//425
f 426//426 427//427 428//428
f 429//429 430//430 431//431
f 432//432 433//433 434//434
f 435//435 436//436 437//437
f 438//438 439//439 440//440
f 441//441 442//442 443//443
f 444//444 445//445 446//446
f 447//447 448//448 449//449
f 450//450 451//451 452//452
f 453//453 454//454 455//455
f 456//456 457//457 458//458
f 459//459 460//460 461//461
f 462//462 463//463 464//464
f 465//465 466//466 467//467
f 468//468 469//469 470//470
f 471//471 472//472 473//473
f 474//474 475//475 476//476
f 477//477 478//478 479//479
f 480//480 481//481 482//482
f 483//483 484//484 485//485
f 486//486 487//487 488//488
f 489//489 490//490 491//491
f 492//492 493//493 494//494
f 495//495 496//496 497//497
f 498//498 499//499 500//500
f 501//501 502//502 503//503
f 504//504 505//505 506//506
f 507//507 508//508 509//509
f 510//510 511//511 512//512
f 513//513 514//514 515//515
f 516//516 517//517 518//518
f 519//519 520//520 521//521
f 522//522 523//523 524//524
f 525//525 526//526 527//527
f 528//528 529//529 530//530
f 531//531 532//532 533//533
f 534//534 535//535 536//536
f 537//537 538//538 539//539
f 540//540 541//541 542//542
f 543//543 544//544 545//545
f 546//546 547//547 548//548
f 549//549 550//550 551//551
f 552//552 553//553 554//554
f 555//555 556//556 557//557
f 558//558 559//559 560//560
f 561//561 562//562 563//563
f 564//564 565//565 566//566
f 567//567 568//568 569//569
f 570//570 571//571 572//572
f 573//573 574//574 575//575
f 576//576 577//577 578//578
f 579//579 580//580 581//581
f 582//582 583//583 584//584
f 585//585 586//586 587//587
f 588//588 589//589 590//590
f 591//591 592//592 593//593
f 594//594 595//595 596//596
f 597//597 598//598 599//599
f 600//600 601//601 602//602
f 603//603 604//604 605//605
f 606//606 607//607 608//608
f 609//609 610//610 611//611
f 612//612 613//613 614//614
f 615//615 616//616 617//617
f 618//618 619//619 620//620
f 621//621 622//622 623//623
f 624//624 625//625 626//626
f 627//627 628//628 629//629
f 630//630 631//631 632//632
f 633//633 634//634 635//635
f 636//636 637//637 638//638
f 639//639 640//640 641//641
f 642//642 643//643 644//644
f 645//645 646//646 647//647
f 648//648 649//649 650//650
f 651//651 652//652 653//653
f 654//654 655//655 656//656
f 657//657 658//658 659//659
f 660//660 661//661 662//662
f 663//663 664//664 665//665
f 666//666 667//667 668//668
f 669//669 670//670 671//671
f 672//672 673//673 674//674
f 675//675 676//676 677//677
f 678//678 679//679 680//680
f 681//681 682//682 683//683
f 684//684 685//685 686//686
f 687//687 688//688 689//689
f 690//690 691//691 692//692
f 693//693 694//694 695//695
f 696//696 697//697 698//698
f 699//699 700//700 701//701
f 702//702 703//703 704//704
f 705//705 706//706 707//707
f 708//708 709//709 710//710
f 711//711 712//712 713//713
f 714//714 715//715 716//716
f 717//717 718//718 719//719
f 720//720 721//721 722//722
f 723//723 724//724 725//725
f 726//726 727//727 728//728
f 729//729 730//730 731//731
f 732//732 733//733 734//734
f 735//735 736//736 737//737
f 738//738 739//739 740//740
f 741//741 742//742 743//743
f 744//744 745//745 746//746
f 747//747 748//748 749//749
f 750//750 751//751 752//752
f 698//698 697//697 753//753
f 754//754 755//755 756//756
f 757//757 758//758 759//759
f 760//760 759//759 758//758
f 761//761 762//762 763//763
f 764//764 765//765 766//766
f 767//767 768//768 769//769
f 770//770 771//771 772//772
f 773//773 774//774 775//775
f 776//776 777//777 778//778
f 779//779 780//780 781//781
f 782//782 783//783 784//784
f 785//785 786//786 787//787
f 788//788 789//789 790//790
f 791//791 792//792 793//793
f 794//794 795//795 796//796
f 791//791 797//797 792//792
f 798//798 799//799 800//800
f 801//801 802//802 803//803
f 804//804 805//805 806//806
f 807//807 808//808 809//809
f 810//810 811//811 812//812
f 813//813 814//814 815//815
f 816//816 817//817 818//818
f 819//819 820//820 821//821
f 822//822 823//823 824//824
f 825//825 826//826 827//827
f 828//828 829//829 830//830
f 831//831 832//832 833//833
f 834//834 835//835 836//836
f 837//837 838//838 839//839
f 840//840 841//841 842//842
f 843//843 844//844 845//845
f 846//846 847//847 848//848
f 849//849 850//850 851//851
f 852//852 853//853 854//854
f 855//855 856//856 857//857
f 858//858 859//859 860//860
f 861//861 862//862 863//863
f 864//864 865//865 866//866
f 867//867 868//868 869//869
f 870//870 871//871 872//872
f 873//873 874//874 875//875
f 876//876 877//877 878//878
f 879//879 880//880 881//881
f 882//882 883//883 884//884
f 885//885 886//886 887//887
f 888//888 889//889 890//890
f 278//278 891//891 279//279
f 892//892 893//893 894//894
f 895//895 896//896 897//897
f 898//898 899//899 900//900
f 901//901 902//902 903//903
f 904//904 905//905 906//906
f 907//907 908//908 909//909
f 910//910 911//911 912//912
f 913//913 914//914 915//915
f 916//916 917//917 918//918
f 919//919 920//920 921//921
f 922//922 923//923 924//924
f 925//925 926//926 927//927
f 928//928 929//929 930//930
f 931//931 932//932 933//933
f 934//934 935//935 936//936
f 937//937 938//938 939//939
f 940//940 941//941 942//942
f 943//943 944//944 945//945
f 946//946 947//947 948//948
f 949//949 950//950 951//951
f 952//952 953//953 954//954
f 955//955 956//956 957//957
f 958//958 959//959 960//960
f 961//961 962//962 963//963
f 964//964 965//965 966//966
f 967//967 968//968 969//969
f 970//970 971//971 972//972
f 973//973 974//974 975//975
f 976//976 977//977 978//978
f 979//979 980//980 981//981
f 982//982 983//983 984//984
f 985//985 986//986 987//987
f 988//988 989//989 990//990
f 991//991 992//992 993//993
f 994//994 995//995 996//996
f 997//997 998//998 999//999
f 1000//1000 1001//1001 1002//1002
f 1003//1003 1004//1004 1005//1005
f 1006//1006 1007//1007 1008//1008
f 1009//1009 1010//1010 1011//1011
f 1012//1012 1013//1013 1014//1014
f 1015//1015 1016//1016 1017//1017
f 1018//1018 1019//1019 1020//1020
f 1021//1021 1022//1022 1023//1023
f 1024//1024 1025//1025 1026//1026
f 1027//1027 1028//1028 1029//1029
f 1030//1030 1031//1031 1032//1032
f 1033//1033 1034//1034 1035//1035
f 1033//1033 1035//1035 1036//1036
f 1037//1037 1038//1038 1039//1039
f 1040//1040 1041//1041 1042//1042
f 1043//1043 1044//1044 1045//1045
f 1046//1046 1047//1047 1048//1048
f 1049//1049 1050//1050 1051//1051
f 1052//1052 1053//1053 1054//1054
f 1055//1055 1056//1056 1057//1057
f 1058//1058 1059//1059 1060//1060
f 1061//1061 1062//1062 1063//1063
f 1064//1064 1065//1065 1066//1066
f 1067//1067 1068//1068 1069//1069
f 1070//1070 1071//1071 1072//1072
f 1073//1073 1074//1074 1075//1075
f 1076//1076 1077//1077 1078//1078
f 1079//1079 1080//1080 1081//1081
f 1082//1082 1083//1083 1084//1084
f 1085//1085 1086//1086 1087//1087
f 1088//1088 1089//1089 1090//1090
f 1091//1091 1092//1092 1093//1093
f 1094//1094 1095//1095 1096//1096
f 1097//1097 1098//1098 1099//1099
f 1100//1100 1101//1101 1102//1102
f 1103//1103 1104//1104 1105//1105
f 1106//1106 1107//1107 1108//1108
f 1109//1109 1110//1110 1111//1111
f 1112//1112 1113//1113 1114//1114
f 1115//1115 1116//1116 1117//1117
f 1118//1118 1119//1119 1120//1120
f 1121//1121 1122//1122 1123//1123
f 1124//1124 1125//1125 1126//1126
f 1127//1127 1128//1128 1129//1129
f 1130//1130 1131//1131 1132//1132
f 1133//1133 1134//1134 1135//1135
f 1136//1136 1137//1137 1138//1138
f 1139//1139 1140//1140 1141//1141
f 1142//1142 1143//1143 1144//1144
f 1145//1145 1146//1146 1147//1147
f 1148//1148 1149//1149 1150//1150
f 1151//1151 1152//1152 1153//1153
f 1154//1154 1155//1155 1156//1156
f 1157//1157 1158//1158 1159//1159
f 1160//1160 1161//1161 1162//1162
f 1163//1163 1164//1164 1165//1165
f 1166//1166 1167//1167 1168//1168
f 1169//1169 1170//1170 1171//1171
f 1172//1172 1173//1173 1174//1174
f 1175//1175 1176//1176 1177//1177
f 1178//1178 1179//1179 1180//1180
f 1181//1181 1182//1182 1183//1183
f 1184//1184 1185//1185 1186//1186
f 1187//1187 1188//1188 1189//1189
f 1190//1190 1191//1191 1192//1192
f 1193//1193 1194//1194 1195//1195
f 1196//1196 1197//1197 1198//1198
f 1199//1199 1200//1200 1201//1201
f 1202//1202 1203//1203 1204//1204
f 1205//1205 1206//1206 1207//1207
f 1208//1208 1209//1209 1210//1210
f 1211//1211 1212//1212 1213//1213
f 1214//1214 1215//1215 1216//1216
f 1217//1217 1218//1218 1219//1219
f 1220//1220 1221//1221 1222//1222
f 1223//1223 1224//1224 1225//1225
f 1223//1223 1225//1225 1226//1226
f 1227//1227 1228//1228 1229//1229
f 1230//1230 1231//1231 1232//1232
f 1233//1233 1234//1234 1235//1235
f 1236//1236 1237//1237 1238//1238
f 1239//1239 1240//1240 1241//1241
f 1242//1242 1243//1243 1244//1244
f 1245//1245 1246//1246 1247//1247
f 1248//1248 1249//1249 1250//1250
f 1251//1251 1252//1252 1253//1253
f 1254//1254 1255//1255 1256//1256
f 1257//1257 1258//1258 1259//1259
f 1260//1260 1261//1261 1262//1262
f 1263//1263 1264//1264 1265//1265
f 1266//1266 1267//1267 1268//1268
f 1269//1269 1270//1270 1271//1271
f 1272//1272 1273//1273 1274//1274
f 1275//1275 1276//1276 1277//1277
f 1278//1278 1279//1279 1280//1280
f 1281//1281 1282//1282 1283//1283
f 1284//1284 1285//1285 1286//1286
f 1287//1287 1288//1288 1289//1289
f 1290//1290 1291//1291 1292//1292
f 1293//1293 1294//1294 1295//1295
f 1296//1296 1297//1297 1298//1298
f 1299//1299 1300//1300 1301//1301
f 1302//1302 1303//1303 1304//1304
f 1305//1305 1306//1306 1307//1307
f 1305//1305 1308//1308 1306//1306
f 1309//1309 1310//1310 1311//1311
f 1312//1312 1313//1313 1314//1314
f 1315//1315 1316//1316 1317//1317
f 1318//1318 1319//1319 1320//1320
f 1321//1321 1322//1322 1323//1323
f 1324//1324 1325//1325 1326//1326
f 1327//1327 1328//1328 1329//1329
f 1330//1330 1331//1331 1332//1332
f 1333//1333 1334//1334 1335//1335
f 1336//1336 1337//1337 1338//1338
f 1339//1339 1340//1340 1341//1341
f 1342//1342 1343//1343 1344//1344
f 1345//1345 1346//1346 1347//1347
f 1348//1348 1349//1349 1350//1350
f 1351//1351 1352//1352 1353//1353
f 1354//1354 1355//1355 1356//1356
f 1357//1357 1358//1358 1359//1359
f 1360//1360 1361//1361 1362//1362
f 1363//1363 1364//1364 1365//1365
f 1366//1366 1367//1367 1368//1368
f 1369//1369 1370//1370 1371//1371
f 1372//1372 1373//1373 1374//1374
f 1375//1375 1376//1376 1377//1377
f 1378//1378 1379//1379 1380//1380
f 1381//1381 1382//1382 1383//1383
f 1384//1384 1385//1385 1386//1386
f 1387//1387 1388//1388 1389//1389
f 1390//1390 1391//1391 1392//1392

