# https://github.com/mikedh/trimesh
v -0.00206828 -0.08807855 -0.01592922
v -0.00214273 -0.08845925 -0.01622420
v -0.00123006 -0.08825844 -0.01570701
v 0.00378686 -0.08858287 -0.02241599
v 0.00432837 -0.08858829 -0.02072292
v 0.00385207 -0.08876985 -0.02131778
v 0.00444627 -0.08827072 -0.02154713
v 0.00432837 -0.08858829 -0.02072292
v 0.00378686 -0.08858287 -0.02241599
v 0.00444627 -0.08827072 -0.02154713
v 0.00461662 -0.08829480 -0.01991790
v 0.00432837 -0.08858829 -0.02072292
v 0.00436997 -0.08833891 -0.01871931
v 0.00415587 -0.08870941 -0.01967525
v 0.00461662 -0.08829480 -0.01991790
v 0.00336558 -0.08863538 -0.01744747
v 0.00354528 -0.08878087 -0.01839298
v 0.00415587 -0.08870941 -0.01967525
v 0.00436997 -0.08833891 -0.01871931
v 0.00336558 -0.08863538 -0.01744747
v 0.00415587 -0.08870941 -0.01967525
v 0.00432837 -0.08858829 -0.02072292
v 0.00461662 -0.08829480 -0.01991790
v 0.00415587 -0.08870941 -0.01967525
v 0.00382513 -0.08820146 -0.01748609
v 0.00336558 -0.08863538 -0.01744747
v 0.00436997 -0.08833891 -0.01871931
v 0.00336558 -0.08863538 -0.01744747
v 0.00237149 -0.08877897 -0.01693314
v 0.00354528 -0.08878087 -0.01839298
v 0.00318950 -0.08830332 -0.01683652
v 0.00336558 -0.08863538 -0.01744747
v 0.00382513 -0.08820146 -0.01748609
v 0.00220215 -0.08839190 -0.01614505
v 0.00237149 -0.08877897 -0.01693314
v 0.00336558 -0.08863538 -0.01744747
v 0.00318950 -0.08830332 -0.01683652
v 0.00220215 -0.08839190 -0.01614505
v 0.00336558 -0.08863538 -0.01744747
v 0.00291282 -0.08877468 -0.02295589
v 0.00185573 -0.08876121 -0.02375388
v 0.00259960 -0.08853298 -0.02376759
v 0.00415587 -0.08870941 -0.01967525
v 0.00385207 -0.08876985 -0.02131778
v 0.00432837 -0.08858829 -0.02072292
v 0.00341898 -0.08803212 -0.02345407
v 0.00259960 -0.08853298 -0.02376759
v 0.00232351 -0.08827447 -0.02417230
v 0.00053544 -0.08877742 -0.01615780
v 0.00237149 -0.08877897 -0.01693314
v 0.00220215 -0.08839190 -0.01614505
v 0.00378686 -0.08858287 -0.02241599
v 0.00291282 -0.08877468 -0.02295589
v 0.00259960 -0.08853298 -0.02376759
v 0.00109583 -0.08834630 -0.01570928
v 0.00053544 -0.08877742 -0.01615780
v 0.00220215 -0.08839190 -0.01614505
v 0.00341898 -0.08803212 -0.02345407
v 0.00378686 -0.08858287 -0.02241599
v 0.00259960 -0.08853298 -0.02376759
v 0.00394619 -0.08809340 -0.02273046
v 0.00378686 -0.08858287 -0.02241599
v 0.00341898 -0.08803212 -0.02345407
v -0.00006403 -0.08830082 -0.01552975
v 0.00053544 -0.08877742 -0.01615780
v 0.00109583 -0.08834630 -0.01570928
v 0.00378686 -0.08858287 -0.02241599
v 0.00385207 -0.08876985 -0.02131778
v 0.00291282 -0.08877468 -0.02295589
v -0.00006403 -0.08830082 -0.01552975
v -0.00061729 -0.08860176 -0.01584917
v 0.00053544 -0.08877742 -0.01615780
v 0.00444627 -0.08827072 -0.02154713
v 0.00378686 -0.08858287 -0.02241599
v 0.00394619 -0.08809340 -0.02273046
v -0.00193882 -0.08874779 -0.01657629
v 0.00053544 -0.08877742 -0.01615780
v -0.00061729 -0.08860176 -0.01584917
v -0.00123006 -0.08825844 -0.01570701
v -0.00061729 -0.08860176 -0.01584917
v -0.00006403 -0.08830082 -0.01552975
v 0.00415587 -0.08870941 -0.01967525
v 0.00354528 -0.08878087 -0.01839298
v 0.00385207 -0.08876985 -0.02131778
v -0.00214273 -0.08845925 -0.01622420
v -0.00193882 -0.08874779 -0.01657629
v -0.00061729 -0.08860176 -0.01584917
v -0.00214273 -0.08845925 -0.01622420
v -0.00061729 -0.08860176 -0.01584917
v -0.00123006 -0.08825844 -0.01570701
v 0.00365186 -0.07704645 -0.01594460
v 0.00292051 -0.07690161 -0.01545542
v 0.00323409 -0.07815790 -0.01550167
v 0.00268114 -0.08256411 -0.01519036
v 0.00244683 -0.08498775 -0.01536715
v 0.00285858 -0.08373564 -0.01542174
v 0.00292051 -0.07690161 -0.01545542
v 0.00365186 -0.07704645 -0.01594460
v 0.00291181 -0.07583010 -0.01561486
v -0.00501943 -0.08244973 -0.01751846
v -0.00544321 -0.08318245 -0.01872080
v -0.00476331 -0.08482742 -0.01758944
v 0.00264508 -0.08120632 -0.01508522
v 0.00204778 -0.08295440 -0.01491737
v 0.00268114 -0.08256411 -0.01519036
v -0.00418121 -0.08811563 -0.01798373
v -0.00496203 -0.08635628 -0.01887983
v -0.00430947 -0.08829164 -0.01849550
v -0.00418121 -0.08811563 -0.01798373
v -0.00476331 -0.08482742 -0.01758944
v -0.00496203 -0.08635628 -0.01887983
v -0.00440627 -0.07583689 -0.01703739
v -0.00490665 -0.07743680 -0.01746124
v -0.00471854 -0.07690143 -0.01725435
v -0.00490844 -0.07582497 -0.01788491
v -0.00490665 -0.07743680 -0.01746124
v -0.00440627 -0.07583689 -0.01703739
v 0.00204778 -0.08295440 -0.01491737
v -0.00506073 -0.07905709 -0.01751637
v -0.00505775 -0.07821476 -0.01754534
v -0.00510615 -0.08013021 -0.01753270
v 0.00292051 -0.07690161 -0.01545542
v 0.00291181 -0.07583010 -0.01561486
v 0.00271338 -0.07744860 -0.01526749
v -0.00510615 -0.08013021 -0.01753270
v -0.00550759 -0.08013385 -0.01844722
v -0.00501943 -0.08244973 -0.01751846
v -0.00476331 -0.08482742 -0.01758944
v -0.00544321 -0.08318245 -0.01872080
v -0.00496203 -0.08635628 -0.01887983
v 0.00220215 -0.08839190 -0.01614505
v 0.00198716 -0.08682101 -0.01554507
v 0.00109583 -0.08834630 -0.01570928
v -0.00510615 -0.08013021 -0.01753270
v -0.00505775 -0.07821476 -0.01754534
v -0.00550759 -0.08013385 -0.01844722
v 0.00264508 -0.08120632 -0.01508522
v 0.00264114 -0.07996714 -0.01506847
v 0.00165582 -0.08053338 -0.01464211
v 0.00264508 -0.08120632 -0.01508522
v 0.00165582 -0.08053338 -0.01464211
v 0.00204778 -0.08295440 -0.01491737
v -0.00490665 -0.07743680 -0.01746124
v -0.00490844 -0.07582497 -0.01788491
v -0.00505775 -0.07821476 -0.01754534
v 0.00271338 -0.07744860 -0.01526749
v 0.00202471 -0.07798230 -0.01486372
v 0.00265431 -0.07834756 -0.01514500
v 0.00265169 -0.07905483 -0.01510792
v 0.00202471 -0.07798230 -0.01486372
v 0.00264114 -0.07996714 -0.01506847
v -0.00501943 -0.08244973 -0.01751846
v -0.00550759 -0.08013385 -0.01844722
v -0.00544321 -0.08318245 -0.01872080
v 0.00291181 -0.07583010 -0.01561486
v 0.00202471 -0.07798230 -0.01486372
v 0.00271338 -0.07744860 -0.01526749
v 0.00265431 -0.07834756 -0.01514500
v 0.00202471 -0.07798230 -0.01486372
v 0.00265169 -0.07905483 -0.01510792
v -0.00430947 -0.08829164 -0.01849550
v -0.00496203 -0.08635628 -0.01887983
v -0.00451833 -0.08841896 -0.01959681
v 0.00244683 -0.08498775 -0.01536715
v 0.00079257 -0.08594703 -0.01501530
v 0.00198716 -0.08682101 -0.01554507
v 0.00244683 -0.08498775 -0.01536715
v 0.00204778 -0.08295440 -0.01491737
v 0.00119293 -0.08300203 -0.01464754
v 0.00196588 -0.07580852 -0.01515924
v 0.00202471 -0.07798230 -0.01486372
v 0.00291181 -0.07583010 -0.01561486
v 0.00264114 -0.07996714 -0.01506847
v 0.00202471 -0.07798230 -0.01486372
v 0.00165582 -0.08053338 -0.01464211
v 0.00244683 -0.08498775 -0.01536715
v 0.00119293 -0.08300203 -0.01464754
v 0.00079257 -0.08594703 -0.01501530
v 0.00198716 -0.08682101 -0.01554507
v 0.00079257 -0.08594703 -0.01501530
v 0.00109583 -0.08834630 -0.01570928
v -0.00544321 -0.08318245 -0.01872080
v -0.00539935 -0.08466273 -0.01955366
v -0.00496203 -0.08635628 -0.01887983
v 0.00204778 -0.08295440 -0.01491737
v 0.00165582 -0.08053338 -0.01464211
v 0.00119293 -0.08300203 -0.01464754
v -0.00496203 -0.08635628 -0.01887983
v -0.00505334 -0.08673226 -0.02017194
v -0.00451833 -0.08841896 -0.01959681
v -0.00505775 -0.07821476 -0.01754534
v -0.00545889 -0.07750123 -0.01878947
v -0.00550759 -0.08013385 -0.01844722
v -0.00505775 -0.07821476 -0.01754534
v -0.00490844 -0.07582497 -0.01788491
v -0.00545889 -0.07750123 -0.01878947
v -0.00550759 -0.08013385 -0.01844722
v -0.00571984 -0.08135163 -0.01964604
v -0.00544321 -0.08318245 -0.01872080
v 0.00109583 -0.08834630 -0.01570928
v 0.00079257 -0.08594703 -0.01501530
v -0.00006403 -0.08830082 -0.01552975
v 0.00202471 -0.07798230 -0.01486372
v 0.00092302 -0.07790899 -0.01457947
v 0.00165582 -0.08053338 -0.01464211
v -0.00451833 -0.08841896 -0.01959681
v -0.00505334 -0.08673226 -0.02017194
v -0.00461614 -0.08829468 -0.02042734
v -0.00496203 -0.08635628 -0.01887983
v -0.00539935 -0.08466273 -0.01955366
v -0.00505334 -0.08673226 -0.02017194
v -0.00523520 -0.07581084 -0.01885372
v -0.00545889 -0.07750123 -0.01878947
v -0.00490844 -0.07582497 -0.01788491
v 0.00196588 -0.07580852 -0.01515924
v 0.00107956 -0.07582300 -0.01487952
v 0.00202471 -0.07798230 -0.01486372
v -0.00550759 -0.08013385 -0.01844722
v -0.00545889 -0.07750123 -0.01878947
v -0.00571066 -0.07904893 -0.01966369
v -0.00550759 -0.08013385 -0.01844722
v -0.00571066 -0.07904893 -0.01966369
v -0.00571984 -0.08135163 -0.01964604
v -0.00554377 -0.08373719 -0.02001929
v -0.00544321 -0.08318245 -0.01872080
v -0.00571984 -0.08135163 -0.01964604
v -0.00539935 -0.08466273 -0.01955366
v -0.00544321 -0.08318245 -0.01872080
v -0.00554377 -0.08373719 -0.02001929
v 0.00202471 -0.07798230 -0.01486372
v 0.00107956 -0.07582300 -0.01487952
v 0.00092302 -0.07790899 -0.01457947
v 0.00021207 -0.08370989 -0.01462942
v 0.00119293 -0.08300203 -0.01464754
v 0.00052593 -0.07972854 -0.01443994
v 0.00079257 -0.08594703 -0.01501530
v 0.00004965 -0.08531284 -0.01484698
v -0.00006403 -0.08830082 -0.01552975
v 0.00092302 -0.07790899 -0.01457947
v 0.00052593 -0.07972854 -0.01443994
v 0.00165582 -0.08053338 -0.01464211
v 0.00165582 -0.08053338 -0.01464211
v 0.00052593 -0.07972854 -0.01443994
v 0.00119293 -0.08300203 -0.01464754
v 0.00079257 -0.08594703 -0.01501530
v 0.00021207 -0.08370989 -0.01462942
v 0.00004965 -0.08531284 -0.01484698
v 0.00119293 -0.08300203 -0.01464754
v 0.00021207 -0.08370989 -0.01462942
v 0.00079257 -0.08594703 -0.01501530
v -0.00523520 -0.07581084 -0.01885372
v -0.00554001 -0.07680213 -0.02000159
v -0.00545889 -0.07750123 -0.01878947
v -0.00540101 -0.07582092 -0.02019840
v -0.00554001 -0.07680213 -0.02000159
v -0.00523520 -0.07581084 -0.01885372
v -0.00554377 -0.08373719 -0.02001929
v -0.00542516 -0.08465963 -0.02043682
v -0.00539935 -0.08466273 -0.01955366
v -0.00539935 -0.08466273 -0.01955366
v -0.00542516 -0.08465963 -0.02043682
v -0.00505334 -0.08673226 -0.02017194
v -0.00545889 -0.07750123 -0.01878947
v -0.00554001 -0.07680213 -0.02000159
v -0.00571066 -0.07904893 -0.01966369
v -0.00554377 -0.08373719 -0.02001929
v -0.00560242 -0.08320802 -0.02027916
v -0.00542516 -0.08465963 -0.02043682
v -0.00560242 -0.08320802 -0.02027916
v -0.00565445 -0.08263963 -0.02033632
v -0.00542516 -0.08465963 -0.02043682
v -0.00001296 -0.07581651 -0.01477557
v 0.00092302 -0.07790899 -0.01457947
v 0.00107956 -0.07582300 -0.01487952
v 0.00004965 -0.08531284 -0.01484698
v -0.00098991 -0.08588600 -0.01503223
v -0.00006403 -0.08830082 -0.01552975
v 0.00092302 -0.07790899 -0.01457947
v 0.00016744 -0.07683658 -0.01463240
v 0.00052593 -0.07972854 -0.01443994
v 0.00021207 -0.08370989 -0.01462942
v -0.00012626 -0.08321624 -0.01456499
v 0.00004965 -0.08531284 -0.01484698
v 0.00016744 -0.07683658 -0.01463240
v 0.00092302 -0.07790899 -0.01457947
v -0.00001296 -0.07581651 -0.01477557
v -0.00542516 -0.08465963 -0.02043682
v -0.00500554 -0.08627909 -0.02136296
v -0.00505334 -0.08673226 -0.02017194
v 0.00004965 -0.08531284 -0.01484698
v -0.00012626 -0.08321624 -0.01456499
v -0.00098991 -0.08588600 -0.01503223
v -0.00505334 -0.08673226 -0.02017194
v -0.00500554 -0.08627909 -0.02136296
v -0.00461614 -0.08829468 -0.02042734
v -0.00461614 -0.08829468 -0.02042734
v -0.00500554 -0.08627909 -0.02136296
v -0.00432748 -0.08835858 -0.02173030
v -0.00016026 -0.08263576 -0.01451987
v -0.00110310 -0.08272635 -0.01461529
v -0.00012626 -0.08321624 -0.01456499
v -0.00571537 -0.08127903 -0.02039444
v -0.00564116 -0.08181506 -0.02118659
v -0.00565445 -0.08263963 -0.02033632
v -0.00565445 -0.08263963 -0.02033632
v -0.00564116 -0.08181506 -0.02118659
v -0.00542516 -0.08465963 -0.02043682
v -0.00542516 -0.08465963 -0.02043682
v -0.00564116 -0.08181506 -0.02118659
v -0.00538427 -0.08357560 -0.02168709
v -0.00542516 -0.08465963 -0.02043682
v -0.00538427 -0.08357560 -0.02168709
v -0.00500554 -0.08627909 -0.02136296
v -0.00562674 -0.07768917 -0.02030706
v -0.00558120 -0.07739621 -0.02080672
v -0.00574040 -0.07936739 -0.02044290
v -0.00554001 -0.07680213 -0.02000159
v -0.00558120 -0.07739621 -0.02080672
v -0.00562674 -0.07768917 -0.02030706
v -0.00573587 -0.08040046 -0.02042388
v -0.00564116 -0.08181506 -0.02118659
v -0.00571537 -0.08127903 -0.02039444
v -0.00573587 -0.08040046 -0.02042388
v -0.00574040 -0.07936739 -0.02044290
v -0.00564116 -0.08181506 -0.02118659
v -0.00006403 -0.08830082 -0.01552975
v -0.00098991 -0.08588600 -0.01503223
v -0.00123006 -0.08825844 -0.01570701
v -0.00012626 -0.08321624 -0.01456499
v -0.00110310 -0.08272635 -0.01461529
v -0.00098991 -0.08588600 -0.01503223
v -0.00001296 -0.07581651 -0.01477557
v -0.00079128 -0.07698106 -0.01465493
v 0.00016744 -0.07683658 -0.01463240
v 0.00016744 -0.07683658 -0.01463240
v -0.00079128 -0.07698106 -0.01465493
v -0.00013789 -0.07762908 -0.01454854
v -0.00016026 -0.08263576 -0.01451987
v -0.00024125 -0.08127814 -0.01444751
v -0.00110310 -0.08272635 -0.01461529
v -0.00540101 -0.07582092 -0.02019840
v -0.00558120 -0.07739621 -0.02080672
v -0.00554001 -0.07680213 -0.02000159
v -0.00021136 -0.07895094 -0.01446861
v -0.00013789 -0.07762908 -0.01454854
v -0.00095922 -0.07923752 -0.01450783
v -0.00021136 -0.07895094 -0.01446861
v -0.00095922 -0.07923752 -0.01450783
v -0.00025975 -0.08040529 -0.01443243
v -0.00025975 -0.08040529 -0.01443243
v -0.00095922 -0.07923752 -0.01450783
v -0.00024125 -0.08127814 -0.01444751
v -0.00526351 -0.07581061 -0.02132529
v -0.00558120 -0.07739621 -0.02080672
v -0.00540101 -0.07582092 -0.02019840
v -0.00013789 -0.07762908 -0.01454854
v -0.00079128 -0.07698106 -0.01465493
v -0.00095922 -0.07923752 -0.01450783
v -0.00024125 -0.08127814 -0.01444751
v -0.00095922 -0.07923752 -0.01450783
v -0.00110310 -0.08272635 -0.01461529
v -0.00526351 -0.07581061 -0.02132529
v -0.00541943 -0.07759475 -0.02176553
v -0.00558120 -0.07739621 -0.02080672
v -0.00574040 -0.07936739 -0.02044290
v -0.00552046 -0.08052247 -0.02182954
v -0.00564116 -0.08181506 -0.02118659
v -0.00098991 -0.08588600 -0.01503223
v -0.00206828 -0.08807855 -0.01592922
v -0.00123006 -0.08825844 -0.01570701
v -0.00140536 -0.07581776 -0.01496005
v -0.00079128 -0.07698106 -0.01465493
v -0.00001296 -0.07581651 -0.01477557
v -0.00574040 -0.07936739 -0.02044290
v -0.00541943 -0.07759475 -0.02176553
v -0.00552046 -0.08052247 -0.02182954
v -0.00500554 -0.08627909 -0.02136296
v -0.00474524 -0.08559560 -0.02252388
v -0.00432748 -0.08835858 -0.02173030
v -0.00558120 -0.07739621 -0.02080672
v -0.00541943 -0.07759475 -0.02176553
v -0.00574040 -0.07936739 -0.02044290
v -0.00564116 -0.08181506 -0.02118659
v -0.00552046 -0.08052247 -0.02182954
v -0.00538427 -0.08357560 -0.02168709
v -0.00095922 -0.07923752 -0.01450783
v -0.00176477 -0.08060014 -0.01467645
v -0.00110310 -0.08272635 -0.01461529
v -0.00500554 -0.08627909 -0.02136296
v -0.00538427 -0.08357560 -0.02168709
v -0.00474524 -0.08559560 -0.02252388
v -0.00098991 -0.08588600 -0.01503223
v -0.00110310 -0.08272635 -0.01461529
v -0.00195682 -0.08430689 -0.01504492
v -0.00110310 -0.08272635 -0.01461529
v -0.00176477 -0.08060014 -0.01467645
v -0.00195682 -0.08430689 -0.01504492
v -0.00098991 -0.08588600 -0.01503223
v -0.00195682 -0.08430689 -0.01504492
v -0.00206828 -0.08807855 -0.01592922
v -0.00095922 -0.07923752 -0.01450783
v -0.00189578 -0.07787168 -0.01483798
v -0.00176477 -0.08060014 -0.01467645
v -0.00432748 -0.08835858 -0.02173030
v -0.00474524 -0.08559560 -0.02252388
v -0.00390577 -0.08812963 -0.02277255
v -0.00095922 -0.07923752 -0.01450783
v -0.00079128 -0.07698106 -0.01465493
v -0.00189578 -0.07787168 -0.01483798
v -0.00541943 -0.07759475 -0.02176553
v -0.00523382 -0.07937061 -0.02254641
v -0.00552046 -0.08052247 -0.02182954
v -0.00140536 -0.07581776 -0.01496005
v -0.00189578 -0.07787168 -0.01483798
v -0.00079128 -0.07698106 -0.01465493
v -0.00499398 -0.07582306 -0.02221876
v -0.00541943 -0.07759475 -0.02176553
v -0.00526351 -0.07581061 -0.02132529
v -0.00538427 -0.08357560 -0.02168709
v -0.00517529 -0.08155441 -0.02261281
v -0.00507432 -0.08277809 -0.02264142
v -0.00552046 -0.08052247 -0.02182954
v -0.00517529 -0.08155441 -0.02261281
v -0.00538427 -0.08357560 -0.02168709
v -0.00195682 -0.08430689 -0.01504492
v -0.00270748 -0.08586668 -0.01569235
v -0.00206828 -0.08807855 -0.01592922
v -0.00195682 -0.08430689 -0.01504492
v -0.00242949 -0.08258080 -0.01505082
v -0.00263756 -0.08370202 -0.01529455
v -0.00176477 -0.08060014 -0.01467645
v -0.00242949 -0.08258080 -0.01505082
v -0.00195682 -0.08430689 -0.01504492
v -0.00538427 -0.08357560 -0.02168709
v -0.00507432 -0.08277809 -0.02264142
v -0.00474524 -0.08559560 -0.02252388
v -0.00474524 -0.08559560 -0.02252388
v -0.00507432 -0.08277809 -0.02264142
v -0.00485665 -0.08372706 -0.02285254
v -0.00176477 -0.08060014 -0.01467645
v -0.00241852 -0.08008730 -0.01495707
v -0.00242949 -0.08258080 -0.01505082
v -0.00552046 -0.08052247 -0.02182954
v -0.00523382 -0.07937061 -0.02254641
v -0.00517529 -0.08155441 -0.02261281
v -0.00499398 -0.07582306 -0.02221876
v -0.00501448 -0.07738453 -0.02267813
v -0.00541943 -0.07759475 -0.02176553
v -0.00514126 -0.07891362 -0.02263021
v -0.00541943 -0.07759475 -0.02176553
v -0.00511152 -0.07821476 -0.02262449
v -0.00523382 -0.07937061 -0.02254641
v -0.00541943 -0.07759475 -0.02176553
v -0.00514126 -0.07891362 -0.02263021
v -0.00541943 -0.07759475 -0.02176553
v -0.00501448 -0.07738453 -0.02267813
v -0.00511152 -0.07821476 -0.02262449
v -0.00487471 -0.07685297 -0.02282041
v -0.00501448 -0.07738453 -0.02267813
v -0.00462824 -0.07581549 -0.02295124
v -0.00462824 -0.07581549 -0.02295124
v -0.00501448 -0.07738453 -0.02267813
v -0.00499398 -0.07582306 -0.02221876
v -0.00263756 -0.08370202 -0.01529455
v -0.00270748 -0.08586668 -0.01569235
v -0.00195682 -0.08430689 -0.01504492
v -0.00176477 -0.08060014 -0.01467645
v -0.00189578 -0.07787168 -0.01483798
v -0.00241852 -0.08008730 -0.01495707
v -0.00241852 -0.08008730 -0.01495707
v -0.00189578 -0.07787168 -0.01483798
v -0.00244653 -0.07870548 -0.01503247
v -0.00140536 -0.07581776 -0.01496005
v -0.00235355 -0.07582139 -0.01531136
v -0.00189578 -0.07787168 -0.01483798
v -0.00189578 -0.07787168 -0.01483798
v -0.00262546 -0.07686555 -0.01528668
v -0.00244653 -0.07870548 -0.01503247
v -0.00263756 -0.08370202 -0.01529455
v -0.00289863 -0.08314412 -0.01536870
v -0.00270748 -0.08586668 -0.01569235
v -0.00189578 -0.07787168 -0.01483798
v -0.00235355 -0.07582139 -0.01531136
v -0.00262546 -0.07686555 -0.01528668
v -0.00206828 -0.08807855 -0.01592922
v -0.00270748 -0.08586668 -0.01569235
v -0.00327104 -0.08811575 -0.01677501
v -0.00289863 -0.08314412 -0.01536870
v -0.00332624 -0.08461761 -0.01586621
v -0.00270748 -0.08586668 -0.01569235
v 0.00489247 -0.08366304 -0.01755166
v 0.00481230 -0.08304095 -0.01726782
v 0.00463486 -0.08576828 -0.01768893
v 0.00481230 -0.08304095 -0.01726782
v 0.00416189 -0.08497858 -0.01672786
v 0.00463486 -0.08576828 -0.01768893
v 0.00463486 -0.08576828 -0.01768893
v 0.00416189 -0.08497858 -0.01672786
v 0.00382513 -0.08820146 -0.01748609
v -0.00304931 -0.08127713 -0.01533204
v -0.00375605 -0.08124327 -0.01582032
v -0.00301278 -0.08219254 -0.01534944
v -0.00315827 -0.08042943 -0.01534163
v -0.00375605 -0.08124327 -0.01582032
v -0.00304931 -0.08127713 -0.01533204
v -0.00289863 -0.08314412 -0.01536870
v -0.00397086 -0.08347785 -0.01622498
v -0.00332624 -0.08461761 -0.01586621
v -0.00301278 -0.08219254 -0.01534944
v -0.00270748 -0.08586668 -0.01569235
v -0.00332624 -0.08461761 -0.01586621
v -0.00327104 -0.08811575 -0.01677501
v -0.00235355 -0.07582139 -0.01531136
v -0.00292927 -0.07755357 -0.01537209
v -0.00262546 -0.07686555 -0.01528668
v -0.00320965 -0.07581657 -0.01584059
v -0.00292927 -0.07755357 -0.01537209
v -0.00235355 -0.07582139 -0.01531136
v 0.00480640 -0.07581883 -0.01771563
v 0.00446963 -0.07581228 -0.01715308
v 0.00492024 -0.07695734 -0.01758867
v 0.00492024 -0.07695734 -0.01758867
v 0.00446963 -0.07581228 -0.01715308
v 0.00480908 -0.07745224 -0.01730293
v -0.00301278 -0.08219254 -0.01534944
v -0.00375605 -0.08124327 -0.01582032
v -0.00397086 -0.08347785 -0.01622498
v 0.00483537 -0.08134537 -0.01710850
v 0.00417548 -0.08167189 -0.01623046
v 0.00481230 -0.08304095 -0.01726782
v 0.00480908 -0.07745224 -0.01730293
v 0.00452662 -0.07838249 -0.01669842
v 0.00482541 -0.07832324 -0.01716685
v 0.00483537 -0.08134537 -0.01710850
v 0.00484109 -0.08023995 -0.01707530
v 0.00417548 -0.08167189 -0.01623046
v 0.00480908 -0.07745224 -0.01730293
v 0.00446963 -0.07581228 -0.01715308
v 0.00452662 -0.07838249 -0.01669842
v 0.00483382 -0.07928270 -0.01709789
v 0.00452662 -0.07838249 -0.01669842
v 0.00484109 -0.08023995 -0.01707530
v 0.00481230 -0.08304095 -0.01726782
v 0.00417548 -0.08167189 -0.01623046
v 0.00416189 -0.08497858 -0.01672786
v 0.00483382 -0.07928270 -0.01709789
v 0.00482541 -0.07832324 -0.01716685
v 0.00452662 -0.07838249 -0.01669842
v 0.00382513 -0.08820146 -0.01748609
v 0.00321531 -0.08664327 -0.01625967
v 0.00318950 -0.08830332 -0.01683652
v 0.00382513 -0.08820146 -0.01748609
v 0.00416189 -0.08497858 -0.01672786
v 0.00321531 -0.08664327 -0.01625967
v -0.00332624 -0.08461761 -0.01586621
v -0.00405484 -0.08630567 -0.01700693
v -0.00327104 -0.08811575 -0.01677501
v -0.00302851 -0.07848995 -0.01535362
v -0.00292927 -0.07755357 -0.01537209
v -0.00383234 -0.07809013 -0.01596659
v -0.00332624 -0.08461761 -0.01586621
v -0.00397086 -0.08347785 -0.01622498
v -0.00405484 -0.08630567 -0.01700693
v 0.00484109 -0.08023995 -0.01707530
v 0.00452662 -0.07838249 -0.01669842
v 0.00417548 -0.08167189 -0.01623046
v -0.00320965 -0.07581657 -0.01584059
v -0.00383234 -0.07809013 -0.01596659
v -0.00292927 -0.07755357 -0.01537209
v -0.00302851 -0.07848995 -0.01535362
v -0.00383234 -0.07809013 -0.01596659
v -0.00315827 -0.08042943 -0.01534163
v -0.00315827 -0.08042943 -0.01534163
v -0.00383234 -0.07809013 -0.01596659
v -0.00375605 -0.08124327 -0.01582032
v 0.00446963 -0.07581228 -0.01715308
v 0.00394613 -0.07581782 -0.01648092
v 0.00452662 -0.07838249 -0.01669842
v 0.00417548 -0.08167189 -0.01623046
v 0.00361919 -0.08369302 -0.01594543
v 0.00416189 -0.08497858 -0.01672786
v 0.00452662 -0.07838249 -0.01669842
v 0.00391120 -0.07975989 -0.01594752
v 0.00417548 -0.08167189 -0.01623046
v -0.00327104 -0.08811575 -0.01677501
v -0.00405484 -0.08630567 -0.01700693
v -0.00418121 -0.08811563 -0.01798373
v -0.00389308 -0.07581835 -0.01643759
v -0.00383234 -0.07809013 -0.01596659
v -0.00320965 -0.07581657 -0.01584059
v 0.00318950 -0.08830332 -0.01683652
v 0.00321531 -0.08664327 -0.01625967
v 0.00220215 -0.08839190 -0.01614505
v -0.00375605 -0.08124327 -0.01582032
v -0.00467342 -0.08190584 -0.01687943
v -0.00397086 -0.08347785 -0.01622498
v 0.00394613 -0.07581782 -0.01648092
v 0.00365186 -0.07704645 -0.01594460
v 0.00452662 -0.07838249 -0.01669842
v -0.00375605 -0.08124327 -0.01582032
v -0.00468898 -0.07986783 -0.01682412
v -0.00467342 -0.08190584 -0.01687943
v -0.00383234 -0.07809013 -0.01596659
v -0.00468898 -0.07986783 -0.01682412
v -0.00375605 -0.08124327 -0.01582032
v 0.00452662 -0.07838249 -0.01669842
v 0.00365186 -0.07704645 -0.01594460
v 0.00391120 -0.07975989 -0.01594752
v -0.00397086 -0.08347785 -0.01622498
v -0.00476331 -0.08482742 -0.01758944
v -0.00405484 -0.08630567 -0.01700693
v 0.00416189 -0.08497858 -0.01672786
v 0.00361919 -0.08369302 -0.01594543
v 0.00321531 -0.08664327 -0.01625967
v 0.00417548 -0.08167189 -0.01623046
v 0.00320160 -0.08244436 -0.01549685
v 0.00361919 -0.08369302 -0.01594543
v -0.00467241 -0.08307230 -0.01705116
v -0.00475216 -0.08374190 -0.01731663
v -0.00476331 -0.08482742 -0.01758944
v -0.00467241 -0.08307230 -0.01705116
v -0.00389308 -0.07581835 -0.01643759
v -0.00467181 -0.07824623 -0.01692235
v -0.00383234 -0.07809013 -0.01596659
v 0.00361919 -0.08369302 -0.01594543
v 0.00244683 -0.08498775 -0.01536715
v 0.00321531 -0.08664327 -0.01625967
v -0.00397086 -0.08347785 -0.01622498
v -0.00467342 -0.08190584 -0.01687943
v -0.00467241 -0.08307230 -0.01705116
v 0.00321531 -0.08664327 -0.01625967
v 0.00198716 -0.08682101 -0.01554507
v 0.00220215 -0.08839190 -0.01614505
v -0.00383234 -0.07809013 -0.01596659
v -0.00467181 -0.07824623 -0.01692235
v -0.00468898 -0.07986783 -0.01682412
v 0.00321531 -0.08664327 -0.01625967
v 0.00244683 -0.08498775 -0.01536715
v 0.00198716 -0.08682101 -0.01554507
v 0.00365186 -0.07704645 -0.01594460
v 0.00323409 -0.07815790 -0.01550167
v 0.00391120 -0.07975989 -0.01594752
v 0.00417548 -0.08167189 -0.01623046
v 0.00330269 -0.08080720 -0.01547569
v 0.00320160 -0.08244436 -0.01549685
v 0.00361919 -0.08369302 -0.01594543
v 0.00320160 -0.08244436 -0.01549685
v 0.00308883 -0.08319115 -0.01549834
v -0.00440627 -0.07583689 -0.01703739
v -0.00467181 -0.07824623 -0.01692235
v -0.00389308 -0.07581835 -0.01643759
v 0.00391120 -0.07975989 -0.01594752
v 0.00330269 -0.08080720 -0.01547569
v 0.00417548 -0.08167189 -0.01623046
v 0.00361919 -0.08369302 -0.01594543
v 0.00308883 -0.08319115 -0.01549834
v 0.00244683 -0.08498775 -0.01536715
v 0.00244683 -0.08498775 -0.01536715
v 0.00308883 -0.08319115 -0.01549834
v 0.00285858 -0.08373564 -0.01542174
v 0.00291181 -0.07583010 -0.01561486
v 0.00365186 -0.07704645 -0.01594460
v 0.00394613 -0.07581782 -0.01648092
v -0.00405484 -0.08630567 -0.01700693
v -0.00476331 -0.08482742 -0.01758944
v -0.00418121 -0.08811563 -0.01798373
v 0.00391120 -0.07975989 -0.01594752
v 0.00327408 -0.07922494 -0.01547712
v 0.00330269 -0.08080720 -0.01547569
v 0.00391120 -0.07975989 -0.01594752
v 0.00323409 -0.07815790 -0.01550167
v 0.00327408 -0.07922494 -0.01547712
v -0.00440627 -0.07583689 -0.01703739
v -0.00471854 -0.07690143 -0.01725435
v -0.00467181 -0.07824623 -0.01692235
v -0.00475216 -0.08374190 -0.01731663
v -0.00501943 -0.08244973 -0.01751846
v -0.00476331 -0.08482742 -0.01758944
v 0.00291181 -0.07583010 -0.01561486
v 0.00394613 -0.07581782 -0.01648092
v 0.00196588 -0.07580852 -0.01515924
v 0.00534916 -0.07584196 -0.01928788
v 0.00539797 -0.07581841 -0.02036190
v 0.00508696 -0.07581013 -0.01840794
v 0.00427663 -0.07582592 -0.02346450
v 0.00383413 -0.07581895 -0.02397412
v 0.00464433 -0.07582068 -0.02293086
v 0.00483382 -0.07928270 -0.01709789
v 0.00484109 -0.08023995 -0.01707530
v 0.00482541 -0.07832324 -0.01716685
v 0.00265169 -0.07905483 -0.01510792
v 0.00264114 -0.07996714 -0.01506847
v 0.00265431 -0.07834756 -0.01514500
v -0.00285673 -0.08373707 -0.02492713
v -0.00240779 -0.08592694 -0.02480942
v -0.00314277 -0.08323413 -0.02483296
v 0.00411004 -0.07917892 -0.02418512
v 0.00466829 -0.07820099 -0.02344036
v 0.00469971 -0.08025789 -0.02349889
v 0.00383413 -0.07581895 -0.02397412
v 0.00427663 -0.07582592 -0.02346450
v 0.00466829 -0.07820099 -0.02344036
v -0.00268304 -0.08254975 -0.02515679
v -0.00205618 -0.08428984 -0.02526932
v -0.00285673 -0.08373707 -0.02492713
v 0.00473768 -0.08381235 -0.02305012
v 0.00504446 -0.08399766 -0.02243959
v 0.00439572 -0.08580893 -0.02302396
v -0.00285673 -0.08373707 -0.02492713
v -0.00205618 -0.08428984 -0.02526932
v -0.00240779 -0.08592694 -0.02480942
v -0.00333953 -0.07581222 -0.02441102
v -0.00268626 -0.07584953 -0.02487272
v -0.00325745 -0.07821553 -0.02484470
v -0.00325745 -0.07821553 -0.02484470
v -0.00268626 -0.07584953 -0.02487272
v -0.00291646 -0.07689750 -0.02489447
v 0.00394619 -0.08809340 -0.02273046
v 0.00487339 -0.08641999 -0.02176219
v 0.00444627 -0.08827072 -0.02154713
v 0.00394619 -0.08809340 -0.02273046
v 0.00439572 -0.08580893 -0.02302396
v 0.00487339 -0.08641999 -0.02176219
v -0.00240779 -0.08592694 -0.02480942
v -0.00130558 -0.08593606 -0.02523428
v -0.00149131 -0.08818823 -0.02460730
v -0.00268304 -0.08254975 -0.02515679
v -0.00195426 -0.08156573 -0.02556872
v -0.00205618 -0.08428984 -0.02526932
v 0.00500333 -0.08246833 -0.02283763
v 0.00504446 -0.08399766 -0.02243959
v 0.00473768 -0.08381235 -0.02305012
v 0.00427663 -0.07582592 -0.02346450
v 0.00464433 -0.07582068 -0.02293086
v 0.00466829 -0.07820099 -0.02344036
v 0.00466829 -0.07820099 -0.02344036
v 0.00464433 -0.07582068 -0.02293086
v 0.00474358 -0.07687628 -0.02304571
v -0.00262004 -0.08101946 -0.02529352
v -0.00195426 -0.08156573 -0.02556872
v -0.00268304 -0.08254975 -0.02515679
v 0.00439572 -0.08580893 -0.02302396
v 0.00504446 -0.08399766 -0.02243959
v 0.00487339 -0.08641999 -0.02176219
v 0.00500333 -0.08246833 -0.02283763
v 0.00543207 -0.08062285 -0.02214348
v 0.00504446 -0.08399766 -0.02243959
v -0.00291646 -0.07689750 -0.02489447
v -0.00268626 -0.07584953 -0.02487272
v -0.00271040 -0.07744079 -0.02508378
v -0.00271040 -0.07744079 -0.02508378
v -0.00213653 -0.07798182 -0.02543354
v -0.00268114 -0.07819688 -0.02516871
v 0.00508022 -0.08118915 -0.02282840
v 0.00543207 -0.08062285 -0.02214348
v 0.00500333 -0.08246833 -0.02283763
v -0.00264782 -0.07998734 -0.02526932
v -0.00265473 -0.07905143 -0.02523905
v -0.00262004 -0.08101946 -0.02529352
v 0.00509071 -0.07947117 -0.02281951
v 0.00543207 -0.08062285 -0.02214348
v 0.00508022 -0.08118915 -0.02282840
v -0.00240779 -0.08592694 -0.02480942
v -0.00205618 -0.08428984 -0.02526932
v -0.00130558 -0.08593606 -0.02523428
v -0.00268114 -0.07819688 -0.02516871
v -0.00213653 -0.07798182 -0.02543354
v -0.00265473 -0.07905143 -0.02523905
v -0.00265473 -0.07905143 -0.02523905
v -0.00213653 -0.07798182 -0.02543354
v -0.00262004 -0.08101946 -0.02529352
v -0.00268626 -0.07584953 -0.02487272
v -0.00213653 -0.07798182 -0.02543354
v -0.00271040 -0.07744079 -0.02508378
v -0.00177413 -0.07581704 -0.02527898
v -0.00213653 -0.07798182 -0.02543354
v -0.00268626 -0.07584953 -0.02487272
v 0.00496095 -0.07800269 -0.02287799
v 0.00474358 -0.07687628 -0.02304571
v 0.00526488 -0.07747048 -0.02217084
v 0.00496095 -0.07800269 -0.02287799
v 0.00526488 -0.07747048 -0.02217084
v 0.00509071 -0.07947117 -0.02281951
v -0.00195426 -0.08156573 -0.02556872
v -0.00120407 -0.08227890 -0.02575415
v -0.00205618 -0.08428984 -0.02526932
v 0.00509334 -0.07582229 -0.02198976
v 0.00526488 -0.07747048 -0.02217084
v 0.00464433 -0.07582068 -0.02293086
v 0.00464433 -0.07582068 -0.02293086
v 0.00526488 -0.07747048 -0.02217084
v 0.00474358 -0.07687628 -0.02304571
v 0.00509071 -0.07947117 -0.02281951
v 0.00526488 -0.07747048 -0.02217084
v 0.00543207 -0.08062285 -0.02214348
v 0.00504446 -0.08399766 -0.02243959
v 0.00540447 -0.08429580 -0.02117133
v 0.00487339 -0.08641999 -0.02176219
v -0.00262004 -0.08101946 -0.02529352
v -0.00213653 -0.07798182 -0.02543354
v -0.00136334 -0.07976961 -0.02577060
v -0.00130558 -0.08593606 -0.02523428
v -0.00056117 -0.08631891 -0.02527976
v -0.00149131 -0.08818823 -0.02460730
v 0.00504446 -0.08399766 -0.02243959
v 0.00543207 -0.08062285 -0.02214348
v 0.00547689 -0.08272731 -0.02161633
v -0.00205618 -0.08428984 -0.02526932
v -0.00120407 -0.08227890 -0.02575415
v -0.00130558 -0.08593606 -0.02523428
v -0.00195426 -0.08156573 -0.02556872
v 0.00504446 -0.08399766 -0.02243959
v 0.00547689 -0.08272731 -0.02161633
v 0.00540447 -0.08429580 -0.02117133
v -0.00149131 -0.08818823 -0.02460730
v -0.00056117 -0.08631891 -0.02527976
v 0.00030103 -0.08808398 -0.02488803
v -0.00177413 -0.07581704 -0.02527898
v -0.00107628 -0.07752168 -0.02570563
v -0.00213653 -0.07798182 -0.02543354
v 0.00487339 -0.08641999 -0.02176219
v 0.00509727 -0.08649885 -0.02033543
v 0.00444627 -0.08827072 -0.02154713
v -0.00213653 -0.07798182 -0.02543354
v -0.00107628 -0.07752168 -0.02570563
v -0.00136334 -0.07976961 -0.02577060
v -0.00195426 -0.08156573 -0.02556872
v -0.00136334 -0.07976961 -0.02577060
v -0.00120407 -0.08227890 -0.02575415
v 0.00543207 -0.08062285 -0.02214348
v 0.00571311 -0.08164072 -0.02069920
v 0.00547689 -0.08272731 -0.02161633
v 0.00547689 -0.08272731 -0.02161633
v 0.00571311 -0.08164072 -0.02069920
v 0.00540447 -0.08429580 -0.02117133
v -0.00120407 -0.08227890 -0.02575415
v -0.00040184 -0.08287191 -0.02579820
v -0.00130558 -0.08593606 -0.02523428
v 0.00487339 -0.08641999 -0.02176219
v 0.00540447 -0.08429580 -0.02117133
v 0.00509727 -0.08649885 -0.02033543
v -0.00130558 -0.08593606 -0.02523428
v -0.00040184 -0.08287191 -0.02579820
v -0.00012032 -0.08379495 -0.02571815
v 0.00526488 -0.07747048 -0.02217084
v 0.00555861 -0.07770550 -0.02115774
v 0.00543207 -0.08062285 -0.02214348
v 0.00543207 -0.08062285 -0.02214348
v 0.00572699 -0.07939720 -0.02070820
v 0.00571311 -0.08164072 -0.02069920
v -0.00130558 -0.08593606 -0.02523428
v -0.00012032 -0.08379495 -0.02571815
v -0.00056117 -0.08631891 -0.02527976
v 0.00444627 -0.08827072 -0.02154713
v 0.00509727 -0.08649885 -0.02033543
v 0.00461662 -0.08829480 -0.01991790
v 0.00543207 -0.08062285 -0.02214348
v 0.00555861 -0.07770550 -0.02115774
v 0.00572699 -0.07939720 -0.02070820
v -0.00049822 -0.08108383 -0.02588820
v -0.00120407 -0.08227890 -0.02575415
v -0.00049900 -0.07990032 -0.02589035
v 0.00509334 -0.07582229 -0.02198976
v 0.00555861 -0.07770550 -0.02115774
v 0.00526488 -0.07747048 -0.02217084
v -0.00120407 -0.08227890 -0.02575415
v -0.00136334 -0.07976961 -0.02577060
v -0.00049900 -0.07990032 -0.02589035
v -0.00120407 -0.08227890 -0.02575415
v -0.00049822 -0.08108383 -0.02588820
v -0.00040184 -0.08287191 -0.02579820
v -0.00177413 -0.07581704 -0.02527898
v -0.00048687 -0.07581466 -0.02555531
v -0.00107628 -0.07752168 -0.02570563
v 0.00540447 -0.08429580 -0.02117133
v 0.00554109 -0.08381092 -0.02030324
v 0.00509727 -0.08649885 -0.02033543
v -0.00136334 -0.07976961 -0.02577060
v -0.00045997 -0.07864010 -0.02585244
v -0.00049900 -0.07990032 -0.02589035
v -0.00136334 -0.07976961 -0.02577060
v -0.00107628 -0.07752168 -0.02570563
v -0.00045997 -0.07864010 -0.02585244
v -0.00056117 -0.08631891 -0.02527976
v 0.00060447 -0.08591216 -0.02535635
v 0.00030103 -0.08808398 -0.02488803
v 0.00571311 -0.08164072 -0.02069920
v 0.00554109 -0.08381092 -0.02030324
v 0.00540447 -0.08429580 -0.02117133
v 0.00509334 -0.07582229 -0.02198976
v 0.00531662 -0.07580959 -0.02103883
v 0.00555861 -0.07770550 -0.02115774
v -0.00056117 -0.08631891 -0.02527976
v -0.00012032 -0.08379495 -0.02571815
v 0.00060447 -0.08591216 -0.02535635
v -0.00045997 -0.07864010 -0.02585244
v -0.00107628 -0.07752168 -0.02570563
v -0.00037334 -0.07774561 -0.02579253
v -0.00107628 -0.07752168 -0.02570563
v -0.00018858 -0.07695978 -0.02572602
v -0.00037334 -0.07774561 -0.02579253
v -0.00048687 -0.07581466 -0.02555531
v -0.00018858 -0.07695978 -0.02572602
v -0.00107628 -0.07752168 -0.02570563
v 0.00015823 -0.08265084 -0.02582556
v -0.00012032 -0.08379495 -0.02571815
v 0.00008487 -0.08321171 -0.02577412
v 0.00531662 -0.07580959 -0.02103883
v 0.00554097 -0.07681506 -0.02034527
v 0.00555861 -0.07770550 -0.02115774
v 0.00572699 -0.07939720 -0.02070820
v 0.00555861 -0.07770550 -0.02115774
v 0.00554097 -0.07681506 -0.02034527
v -0.00012032 -0.08379495 -0.02571815
v 0.00015823 -0.08265084 -0.02582556
v 0.00104129 -0.08353179 -0.02566576
v 0.00531662 -0.07580959 -0.02103883
v 0.00539797 -0.07581841 -0.02036190
v 0.00554097 -0.07681506 -0.02034527
v -0.00012032 -0.08379495 -0.02571815
v 0.00104129 -0.08353179 -0.02566576
v 0.00060447 -0.08591216 -0.02535635
v 0.00509727 -0.08649885 -0.02033543
v 0.00512636 -0.08589643 -0.01911813
v 0.00461662 -0.08829480 -0.01991790
v 0.00565857 -0.08264303 -0.02000159
v 0.00554109 -0.08381092 -0.02030324
v 0.00559986 -0.08319491 -0.02009934
v 0.00014853 -0.07768756 -0.02580720
v -0.00018858 -0.07695978 -0.02572602
v -0.00048687 -0.07581466 -0.02555531
v 0.00509727 -0.08649885 -0.02033543
v 0.00554109 -0.08381092 -0.02030324
v 0.00512636 -0.08589643 -0.01911813
v 0.00015823 -0.08265084 -0.02582556
v 0.00148666 -0.08214610 -0.02570348
v 0.00104129 -0.08353179 -0.02566576
v 0.00565857 -0.08264303 -0.02000159
v 0.00561136 -0.08244454 -0.01919615
v 0.00554109 -0.08381092 -0.02030324
v 0.00023346 -0.08036744 -0.02590638
v 0.00136924 -0.07987385 -0.02579182
v 0.00024390 -0.08127444 -0.02590215
v 0.00015823 -0.08265084 -0.02582556
v 0.00024390 -0.08127444 -0.02590215
v 0.00148666 -0.08214610 -0.02570348
v 0.00554109 -0.08381092 -0.02030324
v 0.00561136 -0.08244454 -0.01919615
v 0.00512636 -0.08589643 -0.01911813
v 0.00014853 -0.07768756 -0.02580720
v 0.00136924 -0.07987385 -0.02579182
v 0.00023346 -0.08036744 -0.02590638
v -0.00048687 -0.07581466 -0.02555531
v 0.00076007 -0.07740837 -0.02574127
v 0.00014853 -0.07768756 -0.02580720
v 0.00571293 -0.08127915 -0.01996022
v 0.00574744 -0.08040964 -0.01990449
v 0.00565857 -0.08264303 -0.02000159
v 0.00461662 -0.08829480 -0.01991790
v 0.00512636 -0.08589643 -0.01911813
v 0.00436997 -0.08833891 -0.01871931
v 0.00571656 -0.07948559 -0.01995646
v 0.00561494 -0.07837617 -0.01911199
v 0.00574744 -0.08040964 -0.01990449
v 0.00563109 -0.07769924 -0.02003496
v 0.00561494 -0.07837617 -0.01911199
v 0.00571656 -0.07948559 -0.01995646
v 0.00554097 -0.07681506 -0.02034527
v 0.00534916 -0.07584196 -0.01928788
v 0.00563109 -0.07769924 -0.02003496
v 0.00539797 -0.07581841 -0.02036190
v 0.00534916 -0.07584196 -0.01928788
v 0.00554097 -0.07681506 -0.02034527
v -0.00048687 -0.07581466 -0.02555531
v 0.00088696 -0.07581901 -0.02550441
v 0.00076007 -0.07740837 -0.02574127
v 0.00060447 -0.08591216 -0.02535635
v 0.00162357 -0.08639615 -0.02502757
v 0.00030103 -0.08808398 -0.02488803
v 0.00030103 -0.08808398 -0.02488803
v 0.00162357 -0.08639615 -0.02502757
v 0.00144666 -0.08841198 -0.02450948
v 0.00565857 -0.08264303 -0.02000159
v 0.00574744 -0.08040964 -0.01990449
v 0.00561136 -0.08244454 -0.01919615
v 0.00563109 -0.07769924 -0.02003496
v 0.00534916 -0.07584196 -0.01928788
v 0.00561494 -0.07837617 -0.01911199
v 0.00014853 -0.07768756 -0.02580720
v 0.00076007 -0.07740837 -0.02574127
v 0.00136924 -0.07987385 -0.02579182
v 0.00024390 -0.08127444 -0.02590215
v 0.00136924 -0.07987385 -0.02579182
v 0.00148666 -0.08214610 -0.02570348
v 0.00060447 -0.08591216 -0.02535635
v 0.00104129 -0.08353179 -0.02566576
v 0.00162357 -0.08639615 -0.02502757
v 0.00512636 -0.08589643 -0.01911813
v 0.00477517 -0.08635783 -0.01829999
v 0.00436997 -0.08833891 -0.01871931
v 0.00574744 -0.08040964 -0.01990449
v 0.00561494 -0.07837617 -0.01911199
v 0.00561136 -0.08244454 -0.01919615
v 0.00104129 -0.08353179 -0.02566576
v 0.00211197 -0.08460915 -0.02519446
v 0.00162357 -0.08639615 -0.02502757
v 0.00561136 -0.08244454 -0.01919615
v 0.00527239 -0.08377462 -0.01842594
v 0.00512636 -0.08589643 -0.01911813
v 0.00076007 -0.07740837 -0.02574127
v 0.00180185 -0.07751846 -0.02551341
v 0.00136924 -0.07987385 -0.02579182
v 0.00104129 -0.08353179 -0.02566576
v 0.00148666 -0.08214610 -0.02570348
v 0.00211197 -0.08460915 -0.02519446
v 0.00561494 -0.07837617 -0.01911199
v 0.00549346 -0.08016204 -0.01841247
v 0.00561136 -0.08244454 -0.01919615
v 0.00076007 -0.07740837 -0.02574127
v 0.00088696 -0.07581901 -0.02550441
v 0.00180185 -0.07751846 -0.02551341
v 0.00512636 -0.08589643 -0.01911813
v 0.00527239 -0.08377462 -0.01842594
v 0.00477517 -0.08635783 -0.01829999
v 0.00561136 -0.08244454 -0.01919615
v 0.00513583 -0.08253312 -0.01774466
v 0.00527239 -0.08377462 -0.01842594
v 0.00144666 -0.08841198 -0.02450948
v 0.00288403 -0.08610439 -0.02450001
v 0.00232351 -0.08827447 -0.02417230
v 0.00162357 -0.08639615 -0.02502757
v 0.00288403 -0.08610439 -0.02450001
v 0.00144666 -0.08841198 -0.02450948
v 0.00162357 -0.08639615 -0.02502757
v 0.00211197 -0.08460915 -0.02519446
v 0.00288403 -0.08610439 -0.02450001
v 0.00561494 -0.07837617 -0.01911199
v 0.00535446 -0.07764005 -0.01840502
v 0.00549346 -0.08016204 -0.01841247
v 0.00549346 -0.08016204 -0.01841247
v 0.00175512 -0.07581853 -0.02527052
v 0.00180185 -0.07751846 -0.02551341
v 0.00088696 -0.07581901 -0.02550441
v 0.00436997 -0.08833891 -0.01871931
v 0.00463486 -0.08576828 -0.01768893
v 0.00382513 -0.08820146 -0.01748609
v 0.00477517 -0.08635783 -0.01829999
v 0.00463486 -0.08576828 -0.01768893
v 0.00436997 -0.08833891 -0.01871931
v 0.00211197 -0.08460915 -0.02519446
v 0.00148666 -0.08214610 -0.02570348
v 0.00249285 -0.08302670 -0.02520591
v 0.00527239 -0.08377462 -0.01842594
v 0.00463486 -0.08576828 -0.01768893
v 0.00477517 -0.08635783 -0.01829999
v 0.00268549 -0.08371680 -0.02502751
v 0.00211197 -0.08460915 -0.02519446
v 0.00249285 -0.08302670 -0.02520591
v 0.00508696 -0.07581013 -0.01840794
v 0.00535446 -0.07764005 -0.01840502
v 0.00534916 -0.07584196 -0.01928788
v 0.00534916 -0.07584196 -0.01928788
v 0.00535446 -0.07764005 -0.01840502
v 0.00561494 -0.07837617 -0.01911199
v 0.00527239 -0.08377462 -0.01842594
v 0.00489247 -0.08366304 -0.01755166
v 0.00463486 -0.08576828 -0.01768893
v 0.00527239 -0.08377462 -0.01842594
v 0.00513583 -0.08253312 -0.01774466
v 0.00489247 -0.08366304 -0.01755166
v 0.00243902 -0.08200049 -0.02532368
v 0.00249285 -0.08302670 -0.02520591
v 0.00148666 -0.08214610 -0.02570348
v 0.00136924 -0.07987385 -0.02579182
v 0.00241911 -0.08068126 -0.02538383
v 0.00148666 -0.08214610 -0.02570348
v 0.00148666 -0.08214610 -0.02570348
v 0.00241911 -0.08068126 -0.02538383
v 0.00243902 -0.08200049 -0.02532368
v -0.00474524 -0.08559560 -0.02252388
v -0.00485665 -0.08372706 -0.02285254
v -0.00480127 -0.08282005 -0.02312481
v 0.00136924 -0.07987385 -0.02579182
v 0.00245225 -0.07926869 -0.02533406
v 0.00241911 -0.08068126 -0.02538383
v 0.00238156 -0.07581979 -0.02502042
v 0.00180185 -0.07751846 -0.02551341
v 0.00175512 -0.07581853 -0.02527052
v 0.00508696 -0.07581013 -0.01840794
v 0.00492024 -0.07695734 -0.01758867
v 0.00535446 -0.07764005 -0.01840502
v 0.00136924 -0.07987385 -0.02579182
v 0.00245500 -0.07864552 -0.02531009
v 0.00245225 -0.07926869 -0.02533406
v 0.00549346 -0.08016204 -0.01841247
v 0.00520867 -0.07967329 -0.01775640
v 0.00513583 -0.08253312 -0.01774466
v -0.00474524 -0.08559560 -0.02252388
v -0.00389087 -0.08571529 -0.02372825
v -0.00390577 -0.08812963 -0.02277255
v 0.00180185 -0.07751846 -0.02551341
v 0.00245500 -0.07864552 -0.02531009
v 0.00136924 -0.07987385 -0.02579182
v 0.00268549 -0.08371680 -0.02502751
v 0.00288403 -0.08610439 -0.02450001
v 0.00211197 -0.08460915 -0.02519446
v 0.00480640 -0.07581883 -0.01771563
v 0.00492024 -0.07695734 -0.01758867
v 0.00508696 -0.07581013 -0.01840794
v 0.00549346 -0.08016204 -0.01841247
v 0.00515300 -0.07866972 -0.01773703
v 0.00520867 -0.07967329 -0.01775640
v 0.00294477 -0.08280527 -0.02498435
v 0.00288403 -0.08610439 -0.02450001
v 0.00268549 -0.08371680 -0.02502751
v 0.00535446 -0.07764005 -0.01840502
v 0.00515300 -0.07866972 -0.01773703
v 0.00549346 -0.08016204 -0.01841247
v 0.00180185 -0.07751846 -0.02551341
v 0.00249207 -0.07784730 -0.02523124
v 0.00245500 -0.07864552 -0.02531009
v 0.00535446 -0.07764005 -0.01840502
v 0.00492024 -0.07695734 -0.01758867
v 0.00515300 -0.07866972 -0.01773703
v -0.00483823 -0.08147895 -0.02323710
v -0.00447458 -0.08218824 -0.02372032
v -0.00480127 -0.08282005 -0.02312481
v 0.00249207 -0.07784730 -0.02523124
v 0.00180185 -0.07751846 -0.02551341
v 0.00263214 -0.07688105 -0.02505970
v -0.00474524 -0.08559560 -0.02252388
v -0.00480127 -0.08282005 -0.02312481
v -0.00389087 -0.08571529 -0.02372825
v 0.00238156 -0.07581979 -0.02502042
v 0.00263214 -0.07688105 -0.02505970
v 0.00180185 -0.07751846 -0.02551341
v 0.00232351 -0.08827447 -0.02417230
v 0.00288403 -0.08610439 -0.02450001
v 0.00341898 -0.08803212 -0.02345407
v 0.00294477 -0.08280527 -0.02498435
v 0.00349539 -0.08228367 -0.02468395
v 0.00288403 -0.08610439 -0.02450001
v -0.00480127 -0.08282005 -0.02312481
v -0.00447458 -0.08218824 -0.02372032
v -0.00389087 -0.08571529 -0.02372825
v 0.00301218 -0.08190637 -0.02500373
v 0.00349539 -0.08228367 -0.02468395
v 0.00294477 -0.08280527 -0.02498435
v 0.00301218 -0.08190637 -0.02500373
v 0.00305653 -0.08131259 -0.02501314
v 0.00349539 -0.08228367 -0.02468395
v -0.00483221 -0.07975143 -0.02330601
v -0.00447458 -0.08218824 -0.02372032
v -0.00483823 -0.08147895 -0.02323710
v 0.00263214 -0.07688105 -0.02505970
v 0.00238156 -0.07581979 -0.02502042
v 0.00289869 -0.07745647 -0.02497464
v -0.00390577 -0.08812963 -0.02277255
v -0.00389087 -0.08571529 -0.02372825
v -0.00293243 -0.08817958 -0.02381986
v -0.00481224 -0.07812297 -0.02316564
v -0.00428265 -0.07756513 -0.02384728
v -0.00483221 -0.07975143 -0.02330601
v -0.00481224 -0.07812297 -0.02316564
v -0.00487471 -0.07685297 -0.02282041
v -0.00428265 -0.07756513 -0.02384728
v 0.00305653 -0.08131259 -0.02501314
v 0.00311679 -0.07938385 -0.02500391
v 0.00349539 -0.08228367 -0.02468395
v 0.00321782 -0.07581847 -0.02450639
v 0.00289869 -0.07745647 -0.02497464
v 0.00238156 -0.07581979 -0.02502042
v 0.00289869 -0.07745647 -0.02497464
v 0.00362056 -0.07751572 -0.02449238
v 0.00311679 -0.07938385 -0.02500391
v -0.00462824 -0.07581549 -0.02295124
v -0.00428265 -0.07756513 -0.02384728
v -0.00487471 -0.07685297 -0.02282041
v -0.00447458 -0.08218824 -0.02372032
v -0.00396925 -0.08234465 -0.02426636
v -0.00389087 -0.08571529 -0.02372825
v 0.00288403 -0.08610439 -0.02450001
v 0.00349539 -0.08228367 -0.02468395
v 0.00397164 -0.08418828 -0.02399510
v -0.00483221 -0.07975143 -0.02330601
v -0.00428265 -0.07756513 -0.02384728
v -0.00404525 -0.07917046 -0.02425122
v 0.00321782 -0.07581847 -0.02450639
v 0.00362056 -0.07751572 -0.02449238
v 0.00289869 -0.07745647 -0.02497464
v -0.00462824 -0.07581549 -0.02295124
v -0.00411248 -0.07583171 -0.02368307
v -0.00428265 -0.07756513 -0.02384728
v -0.00389087 -0.08571529 -0.02372825
v -0.00312680 -0.08636075 -0.02423578
v -0.00293243 -0.08817958 -0.02381986
v 0.00288403 -0.08610439 -0.02450001
v 0.00397164 -0.08418828 -0.02399510
v 0.00341898 -0.08803212 -0.02345407
v 0.00349539 -0.08228367 -0.02468395
v 0.00418860 -0.08160507 -0.02408879
v 0.00397164 -0.08418828 -0.02399510
v -0.00447458 -0.08218824 -0.02372032
v -0.00404525 -0.07917046 -0.02425122
v -0.00396925 -0.08234465 -0.02426636
v -0.00483221 -0.07975143 -0.02330601
v -0.00404525 -0.07917046 -0.02425122
v -0.00447458 -0.08218824 -0.02372032
v 0.00311679 -0.07938385 -0.02500391
v 0.00362056 -0.07751572 -0.02449238
v 0.00411004 -0.07917892 -0.02418512
v 0.00311679 -0.07938385 -0.02500391
v 0.00411004 -0.07917892 -0.02418512
v 0.00349539 -0.08228367 -0.02468395
v 0.00349539 -0.08228367 -0.02468395
v 0.00411004 -0.07917892 -0.02418512
v 0.00418860 -0.08160507 -0.02408879
v -0.00396925 -0.08234465 -0.02426636
v -0.00314277 -0.08323413 -0.02483296
v -0.00389087 -0.08571529 -0.02372825
v 0.00397164 -0.08418828 -0.02399510
v 0.00439572 -0.08580893 -0.02302396
v 0.00341898 -0.08803212 -0.02345407
v 0.00321782 -0.07581847 -0.02450639
v 0.00383413 -0.07581895 -0.02397412
v 0.00362056 -0.07751572 -0.02449238
v -0.00389087 -0.08571529 -0.02372825
v -0.00314277 -0.08323413 -0.02483296
v -0.00312680 -0.08636075 -0.02423578
v 0.00341898 -0.08803212 -0.02345407
v 0.00439572 -0.08580893 -0.02302396
v 0.00394619 -0.08809340 -0.02273046
v 0.00411004 -0.07917892 -0.02418512
v 0.00469971 -0.08025789 -0.02349889
v 0.00418860 -0.08160507 -0.02408879
v -0.00404525 -0.07917046 -0.02425122
v -0.00332683 -0.08003550 -0.02486932
v -0.00396925 -0.08234465 -0.02426636
v -0.00411248 -0.07583171 -0.02368307
v -0.00333953 -0.07581222 -0.02441102
v -0.00428265 -0.07756513 -0.02384728
v 0.00397164 -0.08418828 -0.02399510
v 0.00473768 -0.08381235 -0.02305012
v 0.00439572 -0.08580893 -0.02302396
v 0.00362056 -0.07751572 -0.02449238
v 0.00466829 -0.07820099 -0.02344036
v 0.00411004 -0.07917892 -0.02418512
v -0.00396925 -0.08234465 -0.02426636
v -0.00332683 -0.08003550 -0.02486932
v -0.00321788 -0.08232492 -0.02485466
v -0.00396925 -0.08234465 -0.02426636
v -0.00321788 -0.08232492 -0.02485466
v -0.00314277 -0.08323413 -0.02483296
v -0.00333953 -0.07581222 -0.02441102
v -0.00325745 -0.07821553 -0.02484470
v -0.00428265 -0.07756513 -0.02384728
v -0.00312680 -0.08636075 -0.02423578
v -0.00240779 -0.08592694 -0.02480942
v -0.00293243 -0.08817958 -0.02381986
v 0.00397164 -0.08418828 -0.02399510
v 0.00467587 -0.08283066 -0.02332139
v 0.00473768 -0.08381235 -0.02305012
v -0.00312680 -0.08636075 -0.02423578
v -0.00314277 -0.08323413 -0.02483296
v -0.00240779 -0.08592694 -0.02480942
v -0.00428265 -0.07756513 -0.02384728
v -0.00325745 -0.07821553 -0.02484470
v -0.00404525 -0.07917046 -0.02425122
v 0.00397164 -0.08418828 -0.02399510
v 0.00468534 -0.08195900 -0.02342391
v 0.00467587 -0.08283066 -0.02332139
v 0.00418860 -0.08160507 -0.02408879
v 0.00468534 -0.08195900 -0.02342391
v 0.00397164 -0.08418828 -0.02399510
v 0.00383413 -0.07581895 -0.02397412
v 0.00466829 -0.07820099 -0.02344036
v 0.00362056 -0.07751572 -0.02449238
v -0.00293243 -0.08817958 -0.02381986
v -0.00240779 -0.08592694 -0.02480942
v -0.00149131 -0.08818823 -0.02460730
v -0.00404525 -0.07917046 -0.02425122
v -0.00325745 -0.07821553 -0.02484470
v -0.00332683 -0.08003550 -0.02486932
v 0.00418860 -0.08160507 -0.02408879
v 0.00469971 -0.08025789 -0.02349889
v 0.00468534 -0.08195900 -0.02342391
v -0.00262004 -0.08101946 -0.02529352
v -0.00268304 -0.08254975 -0.02515679
v -0.00264782 -0.07998734 -0.02526932
v 0.00263214 -0.07688105 -0.02505970
v 0.00268549 -0.08371680 -0.02502751
v 0.00249207 -0.07784730 -0.02523124
v 0.00268549 -0.08371680 -0.02502751
v 0.00249285 -0.08302670 -0.02520591
v 0.00249207 -0.07784730 -0.02523124
v 0.00249207 -0.07784730 -0.02523124
v 0.00243902 -0.08200049 -0.02532368
v 0.00245500 -0.07864552 -0.02531009
v 0.00249285 -0.08302670 -0.02520591
v 0.00243902 -0.08200049 -0.02532368
v 0.00249207 -0.07784730 -0.02523124
v 0.00245500 -0.07864552 -0.02531009
v 0.00243902 -0.08200049 -0.02532368
v 0.00245225 -0.07926869 -0.02533406
v 0.00245225 -0.07926869 -0.02533406
v 0.00243902 -0.08200049 -0.02532368
v 0.00241911 -0.08068126 -0.02538383
v 0.00496095 -0.07800269 -0.02287799
v 0.00500333 -0.08246833 -0.02283763
v 0.00474358 -0.07687628 -0.02304571
v 0.00473768 -0.08381235 -0.02305012
v 0.00467587 -0.08283066 -0.02332139
v 0.00474358 -0.07687628 -0.02304571
v 0.00474358 -0.07687628 -0.02304571
v 0.00467587 -0.08283066 -0.02332139
v 0.00466829 -0.07820099 -0.02344036
v 0.00467587 -0.08283066 -0.02332139
v 0.00468534 -0.08195900 -0.02342391
v 0.00466829 -0.07820099 -0.02344036
v 0.00468534 -0.08195900 -0.02342391
v 0.00469971 -0.08025789 -0.02349889
v 0.00466829 -0.07820099 -0.02344036
v 0.00500333 -0.08246833 -0.02283763
v 0.00473768 -0.08381235 -0.02305012
v 0.00474358 -0.07687628 -0.02304571
v -0.00392973 -0.08861285 -0.01837235
v -0.00451833 -0.08841896 -0.01959681
v -0.00393593 -0.08874177 -0.01902621
v -0.00430947 -0.08829164 -0.01849550
v -0.00451833 -0.08841896 -0.01959681
v -0.00392973 -0.08861285 -0.01837235
v 0.00232351 -0.08827447 -0.02417230
v 0.00259960 -0.08853298 -0.02376759
v 0.00144666 -0.08841198 -0.02450948
v -0.00432748 -0.08835858 -0.02173030
v -0.00422913 -0.08867305 -0.02046895
v -0.00461614 -0.08829468 -0.02042734
v -0.00432748 -0.08835858 -0.02173030
v -0.00373286 -0.08878600 -0.02166306
v -0.00422913 -0.08867305 -0.02046895
v -0.00432748 -0.08835858 -0.02173030
v -0.00323319 -0.08855932 -0.02320402
v -0.00373286 -0.08878600 -0.02166306
v -0.00451833 -0.08841896 -0.01959681
v -0.00461614 -0.08829468 -0.02042734
v -0.00422913 -0.08867305 -0.02046895
v 0.00185573 -0.08876121 -0.02375388
v 0.00144666 -0.08841198 -0.02450948
v 0.00259960 -0.08853298 -0.02376759
v -0.00390577 -0.08812963 -0.02277255
v -0.00323319 -0.08855932 -0.02320402
v -0.00432748 -0.08835858 -0.02173030
v -0.00323319 -0.08855932 -0.02320402
v -0.00244868 -0.08878237 -0.02328979
v -0.00373286 -0.08878600 -0.02166306
v -0.00422913 -0.08867305 -0.02046895
v -0.00393593 -0.08874177 -0.01902621
v -0.00451833 -0.08841896 -0.01959681
v -0.00293243 -0.08817958 -0.02381986
v -0.00323319 -0.08855932 -0.02320402
v -0.00390577 -0.08812963 -0.02277255
v -0.00164539 -0.08861196 -0.02422052
v -0.00244868 -0.08878237 -0.02328979
v -0.00323319 -0.08855932 -0.02320402
v -0.00422913 -0.08867305 -0.02046895
v -0.00373286 -0.08878600 -0.02166306
v -0.00393593 -0.08874177 -0.01902621
v -0.00325447 -0.08855885 -0.01719975
v -0.00293076 -0.08878266 -0.01751238
v -0.00193882 -0.08874779 -0.01657629
v -0.00325447 -0.08855885 -0.01719975
v -0.00193882 -0.08874779 -0.01657629
v -0.00214273 -0.08845925 -0.01622420
v -0.00327104 -0.08811575 -0.01677501
v -0.00325447 -0.08855885 -0.01719975
v -0.00214273 -0.08845925 -0.01622420
v -0.00164539 -0.08861196 -0.02422052
v -0.00003764 -0.08877480 -0.02422362
v -0.00244868 -0.08878237 -0.02328979
v -0.00293243 -0.08817958 -0.02381986
v -0.00164539 -0.08861196 -0.02422052
v -0.00323319 -0.08855932 -0.02320402
v -0.00327104 -0.08811575 -0.01677501
v -0.00214273 -0.08845925 -0.01622420
v -0.00206828 -0.08807855 -0.01592922
v -0.00149131 -0.08818823 -0.02460730
v -0.00164539 -0.08861196 -0.02422052
v -0.00293243 -0.08817958 -0.02381986
v -0.00392973 -0.08861285 -0.01837235
v -0.00393593 -0.08874177 -0.01902621
v -0.00293076 -0.08878266 -0.01751238
v -0.00011820 -0.08847099 -0.02467072
v -0.00003764 -0.08877480 -0.02422362
v -0.00164539 -0.08861196 -0.02422052
v -0.00392973 -0.08861285 -0.01837235
v -0.00293076 -0.08878266 -0.01751238
v -0.00325447 -0.08855885 -0.01719975
v -0.00418121 -0.08811563 -0.01798373
v -0.00325447 -0.08855885 -0.01719975
v -0.00327104 -0.08811575 -0.01677501
v -0.00418121 -0.08811563 -0.01798373
v -0.00392973 -0.08861285 -0.01837235
v -0.00325447 -0.08855885 -0.01719975
v -0.00149131 -0.08818823 -0.02460730
v -0.00011820 -0.08847099 -0.02467072
v -0.00164539 -0.08861196 -0.02422052
v 0.00030103 -0.08808398 -0.02488803
v -0.00011820 -0.08847099 -0.02467072
v -0.00149131 -0.08818823 -0.02460730
v -0.00430947 -0.08829164 -0.01849550
v -0.00392973 -0.08861285 -0.01837235
v -0.00418121 -0.08811563 -0.01798373
v -0.00393593 -0.08874177 -0.01902621
v -0.00373286 -0.08878600 -0.02166306
v -0.00293076 -0.08878266 -0.01751238
v 0.00144666 -0.08841198 -0.02450948
v -0.00003764 -0.08877480 -0.02422362
v -0.00011820 -0.08847099 -0.02467072
v 0.00144666 -0.08841198 -0.02450948
v 0.00185573 -0.08876121 -0.02375388
v -0.00003764 -0.08877480 -0.02422362
v 0.00144666 -0.08841198 -0.02450948
v -0.00011820 -0.08847099 -0.02467072
v 0.00030103 -0.08808398 -0.02488803
v -0.00333953 -0.07581222 -0.02441102
v -0.00177413 -0.07581704 -0.02527898
v -0.00268626 -0.07584953 -0.02487272
v -0.00411248 -0.07583171 -0.02368307
v -0.00462824 -0.07581549 -0.02295124
v -0.00333953 -0.07581222 -0.02441102
v -0.00499398 -0.07582306 -0.02221876
v -0.00526351 -0.07581061 -0.02132529
v -0.00462824 -0.07581549 -0.02295124
v -0.00440627 -0.07583689 -0.01703739
v -0.00389308 -0.07581835 -0.01643759
v -0.00490844 -0.07582497 -0.01788491
v -0.00523382 -0.07937061 -0.02254641
v -0.00514126 -0.07891362 -0.02263021
v -0.00517529 -0.08155441 -0.02261281
v -0.00037334 -0.07774561 -0.02579253
v -0.00040184 -0.08287191 -0.02579820
v -0.00045997 -0.07864010 -0.02585244
v -0.00045997 -0.07864010 -0.02585244
v -0.00040184 -0.08287191 -0.02579820
v -0.00049900 -0.07990032 -0.02589035
v -0.00049900 -0.07990032 -0.02589035
v -0.00040184 -0.08287191 -0.02579820
v -0.00049822 -0.08108383 -0.02588820
v -0.00467342 -0.08190584 -0.01687943
v -0.00468898 -0.07986783 -0.01682412
v -0.00467241 -0.08307230 -0.01705116
v -0.00373286 -0.08878600 -0.02166306
v -0.00244868 -0.08878237 -0.02328979
v 0.00385207 -0.08876985 -0.02131778
v -0.00293076 -0.08878266 -0.01751238
v 0.00354528 -0.08878087 -0.01839298
v 0.00237149 -0.08877897 -0.01693314
v 0.00053544 -0.08877742 -0.01615780
v -0.00003764 -0.08877480 -0.02422362
v 0.00291282 -0.08877468 -0.02295589
v -0.00003764 -0.08877480 -0.02422362
v 0.00185573 -0.08876121 -0.02375388
v 0.00291282 -0.08877468 -0.02295589
v -0.00293076 -0.08878266 -0.01751238
v 0.00053544 -0.08877742 -0.01615780
v -0.00193882 -0.08874779 -0.01657629
v 0.00046018 -0.07579386 -0.01539129
v 0.00107956 -0.07582300 -0.01487952
v 0.00196588 -0.07580852 -0.01515924
v 0.00246853 -0.07579386 -0.01608866
v 0.00046018 -0.07579386 -0.01539129
v 0.00196588 -0.07580852 -0.01515924
v 0.00046018 -0.07579386 -0.01539129
v -0.00001296 -0.07581651 -0.01477557
v 0.00107956 -0.07582300 -0.01487952
v 0.00246853 -0.07579386 -0.01608866
v 0.00196588 -0.07580852 -0.01515924
v 0.00394613 -0.07581782 -0.01648092
v 0.00046018 -0.07579386 -0.01539129
v -0.00140536 -0.07581776 -0.01496005
v -0.00001296 -0.07581651 -0.01477557
v 0.00388932 -0.07579386 -0.01738214
v 0.00446963 -0.07581228 -0.01715308
v -0.00225925 -0.07579386 -0.01591014
v -0.00225925 -0.07579386 -0.01591014
v -0.00235355 -0.07582139 -0.01531136
v -0.00140536 -0.07581776 -0.01496005
v 0.00388932 -0.07579386 -0.01738214
v 0.00446963 -0.07581228 -0.01715308
v 0.00480640 -0.07581883 -0.01771563
v -0.00320965 -0.07581657 -0.01584059
v 0.00465912 -0.07579386 -0.01913470
v 0.00465912 -0.07579386 -0.01913470
v 0.00480640 -0.07581883 -0.01771563
v 0.00508696 -0.07581013 -0.01840794
v -0.00225925 -0.07579386 -0.01591014
v -0.00389308 -0.07581835 -0.01643759
v -0.00320965 -0.07581657 -0.01584059
v 0.00539797 -0.07581841 -0.02036190
v 0.00465912 -0.07579386 -0.01913470
v 0.00508696 -0.07581013 -0.01840794
v -0.00421697 -0.07579386 -0.01787137
v -0.00421697 -0.07579386 -0.01787137
v -0.00490844 -0.07582497 -0.01788491
v -0.00389308 -0.07581835 -0.01643759
v 0.00472724 -0.07579386 -0.02083808
v 0.00531662 -0.07580959 -0.02103883
v 0.00472724 -0.07579386 -0.02083808
v 0.00539797 -0.07581841 -0.02036190
v -0.00523520 -0.07581084 -0.01885372
v 0.00419265 -0.07579386 -0.02245670
v 0.00472724 -0.07579386 -0.02083808
v 0.00531662 -0.07580959 -0.02103883
v 0.00509334 -0.07582229 -0.02198976
v 0.00419265 -0.07579386 -0.02245670
v 0.00531662 -0.07580959 -0.02103883
v -0.00480849 -0.07579386 -0.02057605
v -0.00523520 -0.07581084 -0.01885372
v -0.00421697 -0.07579386 -0.01787137
v 0.00464433 -0.07582068 -0.02293086
v -0.00540101 -0.07582092 -0.02019840
v -0.00523520 -0.07581084 -0.01885372
v -0.00480849 -0.07579386 -0.02057605
v 0.00383413 -0.07581895 -0.02397412
v 0.00280094 -0.07579386 -0.02407872
v 0.00419265 -0.07579386 -0.02245670
v 0.00464433 -0.07582068 -0.02293086
v -0.00526351 -0.07581061 -0.02132529
v -0.00540101 -0.07582092 -0.02019840
v -0.00480849 -0.07579386 -0.02057605
v 0.00321782 -0.07581847 -0.02450639
v 0.00280094 -0.07579386 -0.02407872
v 0.00383413 -0.07581895 -0.02397412
v -0.00462824 -0.07581549 -0.02295124
v -0.00526351 -0.07581061 -0.02132529
v -0.00480849 -0.07579386 -0.02057605
v -0.00462824 -0.07581549 -0.02295124
v -0.00480849 -0.07579386 -0.02057605
v -0.00399607 -0.07579386 -0.02278447
v 0.00238156 -0.07581979 -0.02502042
v 0.00280094 -0.07579386 -0.02407872
v 0.00321782 -0.07581847 -0.02450639
v 0.00238156 -0.07581979 -0.02502042
v 0.00018624 -0.07579386 -0.02499634
v 0.00280094 -0.07579386 -0.02407872
v 0.00175512 -0.07581853 -0.02527052
v 0.00018624 -0.07579386 -0.02499634
v 0.00238156 -0.07581979 -0.02502042
v 0.00088696 -0.07581901 -0.02550441
v 0.00018624 -0.07579386 -0.02499634
v 0.00175512 -0.07581853 -0.02527052
v -0.00333953 -0.07581222 -0.02441102
v -0.00462824 -0.07581549 -0.02295124
v -0.00399607 -0.07579386 -0.02278447
v -0.00333953 -0.07581222 -0.02441102
v -0.00399607 -0.07579386 -0.02278447
v -0.00248909 -0.07579386 -0.02428412
v -0.00048687 -0.07581466 -0.02555531
v 0.00018624 -0.07579386 -0.02499634
v 0.00088696 -0.07581901 -0.02550441
v -0.00177413 -0.07581704 -0.02527898
v -0.00333953 -0.07581222 -0.02441102
v -0.00248909 -0.07579386 -0.02428412
v -0.00048687 -0.07581466 -0.02555531
v -0.00248909 -0.07579386 -0.02428412
v 0.00018624 -0.07579386 -0.02499634
v -0.00177413 -0.07581704 -0.02527898
v -0.00248909 -0.07579386 -0.02428412
v -0.00399607 -0.07579386 -0.02278447
v -0.00323170 -0.07149857 -0.02370285
v -0.00225925 -0.07579386 -0.01591014
v -0.00200027 -0.07149744 -0.01585966
v -0.00337678 -0.07150393 -0.01681602
v -0.00248909 -0.07579386 -0.02428412
v -0.00323170 -0.07149857 -0.02370285
v -0.00169814 -0.07150620 -0.02460438
v -0.00421697 -0.07579386 -0.01787137
v -0.00225925 -0.07579386 -0.01591014
v -0.00337678 -0.07150393 -0.01681602
v -0.00421697 -0.07579386 -0.01787137
v -0.00337678 -0.07150393 -0.01681602
v -0.00432867 -0.07150548 -0.01818895
v 0.00018624 -0.07579386 -0.02499634
v -0.00169814 -0.07150620 -0.02460438
v -0.00037437 -0.07150250 -0.02490985
v 0.00018624 -0.07579386 -0.02499634
v -0.00248909 -0.07579386 -0.02428412
v -0.00169814 -0.07150620 -0.02460438
v -0.00480849 -0.07579386 -0.02057605
v -0.00421697 -0.07579386 -0.01787137
v -0.00432867 -0.07150548 -0.01818895
v -0.00480849 -0.07579386 -0.02057605
v -0.00432867 -0.07150548 -0.01818895
v -0.00475591 -0.07150167 -0.02024698
v 0.00018624 -0.07579386 -0.02499634
v -0.00037437 -0.07150250 -0.02490985
v 0.00130165 -0.07151323 -0.02474164
v 0.00280094 -0.07579386 -0.02407872
v 0.00018624 -0.07579386 -0.02499634
v 0.00130165 -0.07151323 -0.02474164
v 0.00280094 -0.07579386 -0.02407872
v 0.00130165 -0.07151323 -0.02474164
v 0.00319165 -0.07150477 -0.02377051
v -0.00480849 -0.07579386 -0.02057605
v -0.00475591 -0.07150167 -0.02024698
v -0.00434572 -0.07150149 -0.02213943
v -0.00399607 -0.07579386 -0.02278447
v -0.00480849 -0.07579386 -0.02057605
v -0.00434572 -0.07150149 -0.02213943
v -0.00399607 -0.07579386 -0.02278447
v -0.00434572 -0.07150149 -0.02213943
v -0.00323170 -0.07149857 -0.02370285
v -0.00448000 -0.07067900 -0.01850914
v -0.00371975 -0.07094103 -0.01789343
v -0.00351155 -0.07068228 -0.01697129
v -0.00298250 -0.07094639 -0.01698118
v -0.00381440 -0.07132452 -0.01793020
v -0.00295323 -0.07132512 -0.01686537
v -0.00371975 -0.07094103 -0.01789343
v 0.00282466 -0.07140713 -0.02370125
v 0.00130856 -0.07121610 -0.02433151
v 0.00240338 -0.07112449 -0.02379620
v -0.00289231 -0.07132703 -0.02353698
v -0.00165653 -0.07121527 -0.02420032
v -0.00169814 -0.07150620 -0.02460438
v 0.00282466 -0.07140713 -0.02370125
v 0.00130165 -0.07151323 -0.02474164
v 0.00130856 -0.07121610 -0.02433151
v -0.00381440 -0.07132452 -0.01793020
v -0.00432867 -0.07150548 -0.01818895
v -0.00295323 -0.07132512 -0.01686537
v -0.00358421 -0.07140010 -0.02292317
v -0.00169814 -0.07150620 -0.02460438
v -0.00323170 -0.07149857 -0.02370285
v -0.00463533 -0.07068109 -0.02127724
v -0.00359654 -0.07093632 -0.02266639
v -0.00421071 -0.07098561 -0.02122068
v -0.00150877 -0.07086867 -0.02433753
v -0.00085593 -0.07125079 -0.02445596
v -0.00165653 -0.07121527 -0.02420032
v -0.00359654 -0.07093632 -0.02266639
v -0.00388932 -0.07106775 -0.02213174
v -0.00421071 -0.07098561 -0.02122068
v -0.00448000 -0.07067900 -0.01850914
v -0.00433421 -0.07086235 -0.01922786
v -0.00371975 -0.07094103 -0.01789343
v -0.00414467 -0.07122707 -0.01883578
v -0.00381440 -0.07132452 -0.01793020
v -0.00371975 -0.07094103 -0.01789343
v -0.00409937 -0.07068198 -0.02256280
v -0.00359654 -0.07093632 -0.02266639
v -0.00463533 -0.07068109 -0.02127724
v -0.00004948 -0.07106089 -0.02454406
v -0.00085593 -0.07125079 -0.02445596
v -0.00150877 -0.07086867 -0.02433753
v -0.00371975 -0.07094103 -0.01789343
v -0.00433421 -0.07086235 -0.01922786
v -0.00414467 -0.07122707 -0.01883578
v -0.00165653 -0.07121527 -0.02420032
v -0.00037437 -0.07150250 -0.02490985
v -0.00169814 -0.07150620 -0.02460438
v -0.00159925 -0.07068502 -0.02466166
v 0.00027213 -0.07075625 -0.02471208
v -0.00150877 -0.07086867 -0.02433753
v -0.00439847 -0.07136237 -0.02097791
v -0.00434572 -0.07150149 -0.02213943
v -0.00475591 -0.07150167 -0.02024698
v -0.00473225 -0.07068186 -0.01987189
v -0.00433421 -0.07086235 -0.01922786
v -0.00448000 -0.07067900 -0.01850914
v 0.00027213 -0.07075625 -0.02471208
v -0.00004948 -0.07106089 -0.02454406
v -0.00150877 -0.07086867 -0.02433753
v -0.00421071 -0.07098561 -0.02122068
v -0.00358421 -0.07140010 -0.02292317
v -0.00439847 -0.07136237 -0.02097791
v -0.00165653 -0.07121527 -0.02420032
v -0.00085593 -0.07125079 -0.02445596
v -0.00037437 -0.07150250 -0.02490985
v -0.00358421 -0.07140010 -0.02292317
v -0.00434572 -0.07150149 -0.02213943
v -0.00439847 -0.07136237 -0.02097791
v -0.00388932 -0.07106775 -0.02213174
v -0.00358421 -0.07140010 -0.02292317
v -0.00421071 -0.07098561 -0.02122068
v -0.00414467 -0.07122707 -0.01883578
v -0.00432867 -0.07150548 -0.01818895
v -0.00381440 -0.07132452 -0.01793020
v -0.00018672 -0.07069426 -0.02493059
v 0.00027213 -0.07075625 -0.02471208
v -0.00159925 -0.07068502 -0.02466166
v 0.00282466 -0.07140713 -0.02370125
v 0.00319165 -0.07150477 -0.02377051
v 0.00130165 -0.07151323 -0.02474164
v -0.00433421 -0.07086235 -0.01922786
v -0.00429845 -0.07116806 -0.01947808
v -0.00414467 -0.07122707 -0.01883578
v -0.00264418 -0.07069468 -0.01621848
v -0.00351155 -0.07068228 -0.01697129
v -0.00131267 -0.07068330 -0.01558971
v -0.00004948 -0.07106089 -0.02454406
v 0.00020378 -0.07132643 -0.02459621
v -0.00085593 -0.07125079 -0.02445596
v -0.00131267 -0.07068330 -0.01558971
v -0.00298250 -0.07094639 -0.01698118
v -0.00190878 -0.07094424 -0.01623708
v -0.00351155 -0.07068228 -0.01697129
v -0.00298250 -0.07094639 -0.01698118
v -0.00131267 -0.07068330 -0.01558971
v -0.00414467 -0.07122707 -0.01883578
v -0.00475591 -0.07150167 -0.02024698
v -0.00432867 -0.07150548 -0.01818895
v 0.00131339 -0.07068330 -0.02475887
v 0.00027213 -0.07075625 -0.02471208
v -0.00018672 -0.07069426 -0.02493059
v 0.00020378 -0.07132643 -0.02459621
v -0.00037437 -0.07150250 -0.02490985
v -0.00085593 -0.07125079 -0.02445596
v -0.00359654 -0.07093632 -0.02266639
v -0.00289231 -0.07132703 -0.02353698
v -0.00388932 -0.07106775 -0.02213174
v -0.00190878 -0.07094424 -0.01623708
v -0.00295323 -0.07132512 -0.01686537
v -0.00176311 -0.07131832 -0.01611876
v -0.00409937 -0.07068198 -0.02256280
v -0.00269359 -0.07094973 -0.02360898
v -0.00359654 -0.07093632 -0.02266639
v -0.00358421 -0.07140010 -0.02292317
v -0.00323170 -0.07149857 -0.02370285
v -0.00434572 -0.07150149 -0.02213943
v -0.00473225 -0.07068186 -0.01987189
v -0.00435352 -0.07094287 -0.02039718
v -0.00433421 -0.07086235 -0.01922786
v -0.00388932 -0.07106775 -0.02213174
v -0.00289231 -0.07132703 -0.02353698
v -0.00358421 -0.07140010 -0.02292317
v -0.00295323 -0.07132512 -0.01686537
v -0.00337678 -0.07150393 -0.01681602
v -0.00176311 -0.07131832 -0.01611876
v -0.00312030 -0.07067626 -0.02377665
v -0.00269359 -0.07094973 -0.02360898
v -0.00409937 -0.07068198 -0.02256280
v -0.00269359 -0.07094973 -0.02360898
v -0.00289231 -0.07132703 -0.02353698
v -0.00359654 -0.07093632 -0.02266639
v -0.00298250 -0.07094639 -0.01698118
v -0.00295323 -0.07132512 -0.01686537
v -0.00190878 -0.07094424 -0.01623708
v -0.00004948 -0.07106089 -0.02454406
v 0.00130856 -0.07121610 -0.02433151
v 0.00020378 -0.07132643 -0.02459621
v -0.00433421 -0.07086235 -0.01922786
v -0.00435352 -0.07094287 -0.02039718
v -0.00429845 -0.07116806 -0.01947808
v -0.00429845 -0.07116806 -0.01947808
v -0.00475591 -0.07150167 -0.02024698
v -0.00414467 -0.07122707 -0.01883578
v 0.00027213 -0.07075625 -0.02471208
v 0.00130856 -0.07121610 -0.02433151
v -0.00004948 -0.07106089 -0.02454406
v -0.00435352 -0.07094287 -0.02039718
v -0.00439847 -0.07136237 -0.02097791
v -0.00429845 -0.07116806 -0.01947808
v -0.00159925 -0.07068502 -0.02466166
v -0.00269359 -0.07094973 -0.02360898
v -0.00312030 -0.07067626 -0.02377665
v 0.00020378 -0.07132643 -0.02459621
v 0.00130165 -0.07151323 -0.02474164
v -0.00037437 -0.07150250 -0.02490985
v -0.00429845 -0.07116806 -0.01947808
v -0.00439847 -0.07136237 -0.02097791
v -0.00475591 -0.07150167 -0.02024698
v 0.00131339 -0.07068330 -0.02475887
v 0.00213718 -0.07084494 -0.02409708
v 0.00027213 -0.07075625 -0.02471208
v -0.00463533 -0.07068109 -0.02127724
v -0.00421071 -0.07098561 -0.02122068
v -0.00473225 -0.07068186 -0.01987189
v -0.00473225 -0.07068186 -0.01987189
v -0.00421071 -0.07098561 -0.02122068
v -0.00435352 -0.07094287 -0.02039718
v 0.00027213 -0.07075625 -0.02471208
v 0.00213718 -0.07084494 -0.02409708
v 0.00130856 -0.07121610 -0.02433151
v -0.00159925 -0.07068502 -0.02466166
v -0.00150877 -0.07086867 -0.02433753
v -0.00269359 -0.07094973 -0.02360898
v 0.00130856 -0.07121610 -0.02433151
v 0.00130165 -0.07151323 -0.02474164
v 0.00020378 -0.07132643 -0.02459621
v -0.00351155 -0.07068228 -0.01697129
v -0.00371975 -0.07094103 -0.01789343
v -0.00298250 -0.07094639 -0.01698118
v -0.00150877 -0.07086867 -0.02433753
v -0.00165653 -0.07121527 -0.02420032
v -0.00269359 -0.07094973 -0.02360898
v -0.00421071 -0.07098561 -0.02122068
v -0.00439847 -0.07136237 -0.02097791
v -0.00435352 -0.07094287 -0.02039718
v -0.00295323 -0.07132512 -0.01686537
v -0.00432867 -0.07150548 -0.01818895
v -0.00337678 -0.07150393 -0.01681602
v -0.00289231 -0.07132703 -0.02353698
v -0.00169814 -0.07150620 -0.02460438
v -0.00358421 -0.07140010 -0.02292317
v -0.00269359 -0.07094973 -0.02360898
v -0.00165653 -0.07121527 -0.02420032
v -0.00289231 -0.07132703 -0.02353698
v 0.00240338 -0.07112449 -0.02379620
v 0.00130856 -0.07121610 -0.02433151
v 0.00213718 -0.07084494 -0.02409708
v 0.00208277 -0.06880754 -0.02452898
v 0.00131339 -0.07068330 -0.02475887
v -0.00012117 -0.06879854 -0.02501755
v -0.00471413 -0.06880050 -0.02107119
v -0.00463533 -0.07068109 -0.02127724
v -0.00474548 -0.06881320 -0.01917332
v -0.00474548 -0.06881320 -0.01917332
v -0.00463533 -0.07068109 -0.02127724
v -0.00473225 -0.07068186 -0.01987189
v 0.00276738 -0.07069033 -0.02404427
v 0.00131339 -0.07068330 -0.02475887
v 0.00208277 -0.06880754 -0.02452898
v -0.00415117 -0.06880623 -0.02260845
v -0.00463533 -0.07068109 -0.02127724
v -0.00471413 -0.06880050 -0.02107119
v -0.00415117 -0.06880623 -0.02260845
v -0.00409937 -0.07068198 -0.02256280
v -0.00463533 -0.07068109 -0.02127724
v -0.00415117 -0.06880623 -0.02260845
v -0.00312030 -0.07067626 -0.02377665
v -0.00409937 -0.07068198 -0.02256280
v -0.00296938 -0.06880336 -0.02394682
v -0.00312030 -0.07067626 -0.02377665
v -0.00415117 -0.06880623 -0.02260845
v -0.00262719 -0.06880420 -0.01612174
v -0.00351155 -0.07068228 -0.01697129
v -0.00264418 -0.07069468 -0.01621848
v -0.00394827 -0.06879556 -0.01745045
v -0.00351155 -0.07068228 -0.01697129
v -0.00262719 -0.06880420 -0.01612174
v -0.00178725 -0.06879842 -0.02464807
v -0.00159925 -0.07068502 -0.02466166
v -0.00296938 -0.06880336 -0.02394682
v -0.00296938 -0.06880336 -0.02394682
v -0.00159925 -0.07068502 -0.02466166
v -0.00312030 -0.07067626 -0.02377665
v -0.00394827 -0.06879556 -0.01745045
v -0.00448000 -0.07067900 -0.01850914
v -0.00351155 -0.07068228 -0.01697129
v -0.00474548 -0.06881320 -0.01917332
v -0.00448000 -0.07067900 -0.01850914
v -0.00394827 -0.06879556 -0.01745045
v -0.00012117 -0.06879854 -0.02501755
v -0.00159925 -0.07068502 -0.02466166
v -0.00178725 -0.06879842 -0.02464807
v -0.00012117 -0.06879854 -0.02501755
v -0.00018672 -0.07069426 -0.02493059
v -0.00159925 -0.07068502 -0.02466166
v -0.00012117 -0.06879854 -0.02501755
v 0.00131339 -0.07068330 -0.02475887
v -0.00018672 -0.07069426 -0.02493059
v -0.00474548 -0.06881320 -0.01917332
v -0.00473225 -0.07068186 -0.01987189
v -0.00448000 -0.07067900 -0.01850914
v -0.00426757 -0.06854468 -0.02140653
v -0.00452977 -0.06864094 -0.02040338
v -0.00441384 -0.06831753 -0.02040416
v 0.00246328 -0.06852978 -0.02387267
v 0.00105292 -0.06869667 -0.02463001
v 0.00175303 -0.06826591 -0.02426326
v -0.00165278 -0.06799107 -0.02473944
v -0.00113356 -0.06811636 -0.02457553
v -0.00283569 -0.06799262 -0.02414137
v 0.00246328 -0.06852978 -0.02387267
v 0.00208277 -0.06880754 -0.02452898
v 0.00105292 -0.06869667 -0.02463001
v -0.00367302 -0.06851232 -0.01767778
v -0.00394827 -0.06879556 -0.01745045
v -0.00274885 -0.06851172 -0.01667487
v -0.00431675 -0.06799483 -0.01790583
v -0.00483698 -0.06798970 -0.01955986
v -0.00405365 -0.06807225 -0.01803344
v -0.00426757 -0.06854468 -0.02140653
v -0.00471413 -0.06880050 -0.02107119
v -0.00452977 -0.06864094 -0.02040338
v -0.00405365 -0.06807225 -0.01803344
v -0.00427419 -0.06858372 -0.01887828
v -0.00367302 -0.06851232 -0.01767778
v -0.00196934 -0.06825643 -0.02416193
v -0.00079093 -0.06871074 -0.02469629
v -0.00250155 -0.06858235 -0.02391988
v -0.00113356 -0.06811636 -0.02457553
v -0.00065554 -0.06841409 -0.02455765
v -0.00196934 -0.06825643 -0.02416193
v -0.00403553 -0.06798231 -0.02289420
v -0.00335777 -0.06822597 -0.02312517
v -0.00427663 -0.06816262 -0.02163279
v -0.00250155 -0.06858235 -0.02391988
v -0.00079093 -0.06871074 -0.02469629
v -0.00296938 -0.06880336 -0.02394682
v -0.00427663 -0.06816262 -0.02163279
v -0.00374311 -0.06860429 -0.02268028
v -0.00426757 -0.06854468 -0.02140653
v -0.00483698 -0.06798970 -0.01955986
v -0.00450623 -0.06810355 -0.01951849
v -0.00405365 -0.06807225 -0.01803344
v -0.00165278 -0.06799107 -0.02473944
v -0.00009410 -0.06810325 -0.02471995
v -0.00113356 -0.06811636 -0.02457553
v -0.00079093 -0.06871074 -0.02469629
v -0.00178725 -0.06879842 -0.02464807
v -0.00296938 -0.06880336 -0.02394682
v -0.00065554 -0.06841409 -0.02455765
v -0.00079093 -0.06871074 -0.02469629
v -0.00196934 -0.06825643 -0.02416193
v -0.00311559 -0.06805926 -0.02354431
v -0.00335777 -0.06822597 -0.02312517
v -0.00403553 -0.06798231 -0.02289420
v -0.00040826 -0.06799483 -0.02503407
v 0.00086939 -0.06799095 -0.02495235
v -0.00165278 -0.06799107 -0.02473944
v 0.00086939 -0.06799095 -0.02495235
v -0.00009410 -0.06810325 -0.02471995
v -0.00165278 -0.06799107 -0.02473944
v -0.00374311 -0.06860429 -0.02268028
v -0.00415117 -0.06880623 -0.02260845
v -0.00426757 -0.06854468 -0.02140653
v -0.00405365 -0.06807225 -0.01803344
v -0.00437361 -0.06841623 -0.01943492
v -0.00427419 -0.06858372 -0.01887828
v -0.00450623 -0.06810355 -0.01951849
v -0.00437361 -0.06841623 -0.01943492
v -0.00405365 -0.06807225 -0.01803344
v -0.00426757 -0.06854468 -0.02140653
v -0.00415117 -0.06880623 -0.02260845
v -0.00471413 -0.06880050 -0.02107119
v -0.00367302 -0.06851232 -0.01767778
v -0.00427419 -0.06858372 -0.01887828
v -0.00394827 -0.06879556 -0.01745045
v -0.00009410 -0.06810325 -0.02471995
v 0.00048384 -0.06850475 -0.02459228
v -0.00113356 -0.06811636 -0.02457553
v -0.00113356 -0.06811636 -0.02457553
v 0.00048384 -0.06850475 -0.02459228
v -0.00065554 -0.06841409 -0.02455765
v -0.00283569 -0.06799262 -0.02414137
v -0.00311559 -0.06805926 -0.02354431
v -0.00403553 -0.06798231 -0.02289420
v -0.00178725 -0.06879842 -0.02464807
v -0.00079093 -0.06871074 -0.02469629
v -0.00012117 -0.06879854 -0.02501755
v -0.00335777 -0.06822597 -0.02312517
v -0.00374311 -0.06860429 -0.02268028
v -0.00427663 -0.06816262 -0.02163279
v -0.00325262 -0.06798273 -0.01654422
v -0.00290799 -0.06811171 -0.01665562
v -0.00173450 -0.06811124 -0.01597851
v -0.00427419 -0.06858372 -0.01887828
v -0.00474548 -0.06881320 -0.01917332
v -0.00394827 -0.06879556 -0.01745045
v -0.00290799 -0.06811171 -0.01665562
v -0.00274885 -0.06851172 -0.01667487
v -0.00169075 -0.06851834 -0.01607435
v 0.00086939 -0.06799095 -0.02495235
v 0.00116098 -0.06809777 -0.02458477
v -0.00009410 -0.06810325 -0.02471995
v -0.00474518 -0.06798964 -0.02129513
v -0.00450623 -0.06810355 -0.01951849
v -0.00483698 -0.06798970 -0.01955986
v -0.00065554 -0.06841409 -0.02455765
v 0.00048384 -0.06850475 -0.02459228
v -0.00079093 -0.06871074 -0.02469629
v -0.00274885 -0.06851172 -0.01667487
v -0.00262719 -0.06880420 -0.01612174
v -0.00169075 -0.06851834 -0.01607435
v 0.00048384 -0.06850475 -0.02459228
v 0.00105292 -0.06869667 -0.02463001
v -0.00079093 -0.06871074 -0.02469629
v 0.00116098 -0.06809777 -0.02458477
v 0.00048384 -0.06850475 -0.02459228
v -0.00009410 -0.06810325 -0.02471995
v 0.00105292 -0.06869667 -0.02463001
v -0.00012117 -0.06879854 -0.02501755
v -0.00079093 -0.06871074 -0.02469629
v -0.00437361 -0.06841623 -0.01943492
v -0.00452977 -0.06864094 -0.02040338
v -0.00427419 -0.06858372 -0.01887828
v -0.00335777 -0.06822597 -0.02312517
v -0.00250155 -0.06858235 -0.02391988
v -0.00374311 -0.06860429 -0.02268028
v -0.00474518 -0.06798964 -0.02129513
v -0.00427663 -0.06816262 -0.02163279
v -0.00450623 -0.06810355 -0.01951849
v -0.00450623 -0.06810355 -0.01951849
v -0.00441384 -0.06831753 -0.02040416
v -0.00437361 -0.06841623 -0.01943492
v -0.00452977 -0.06864094 -0.02040338
v -0.00474548 -0.06881320 -0.01917332
v -0.00427419 -0.06858372 -0.01887828
v -0.00427663 -0.06816262 -0.02163279
v -0.00441384 -0.06831753 -0.02040416
v -0.00450623 -0.06810355 -0.01951849
v -0.00374311 -0.06860429 -0.02268028
v -0.00296938 -0.06880336 -0.02394682
v -0.00415117 -0.06880623 -0.02260845
v -0.00250155 -0.06858235 -0.02391988
v -0.00296938 -0.06880336 -0.02394682
v -0.00374311 -0.06860429 -0.02268028
v -0.00441384 -0.06831753 -0.02040416
v -0.00452977 -0.06864094 -0.02040338
v -0.00437361 -0.06841623 -0.01943492
v 0.00235081 -0.06798869 -0.02445811
v 0.00116098 -0.06809777 -0.02458477
v 0.00086939 -0.06799095 -0.02495235
v -0.00283569 -0.06799262 -0.02414137
v -0.00113356 -0.06811636 -0.02457553
v -0.00311559 -0.06805926 -0.02354431
v -0.00452977 -0.06864094 -0.02040338
v -0.00471413 -0.06880050 -0.02107119
v -0.00474548 -0.06881320 -0.01917332
v -0.00311559 -0.06805926 -0.02354431
v -0.00196934 -0.06825643 -0.02416193
v -0.00335777 -0.06822597 -0.02312517
v -0.00274885 -0.06851172 -0.01667487
v -0.00394827 -0.06879556 -0.01745045
v -0.00262719 -0.06880420 -0.01612174
v -0.00113356 -0.06811636 -0.02457553
v -0.00196934 -0.06825643 -0.02416193
v -0.00311559 -0.06805926 -0.02354431
v -0.00290799 -0.06811171 -0.01665562
v -0.00367302 -0.06851232 -0.01767778
v -0.00274885 -0.06851172 -0.01667487
v 0.00116098 -0.06809777 -0.02458477
v 0.00175303 -0.06826591 -0.02426326
v 0.00048384 -0.06850475 -0.02459228
v -0.00012117 -0.06879854 -0.02501755
v 0.00105292 -0.06869667 -0.02463001
v 0.00208277 -0.06880754 -0.02452898
v -0.00325262 -0.06798273 -0.01654422
v -0.00405365 -0.06807225 -0.01803344
v -0.00290799 -0.06811171 -0.01665562
v -0.00196934 -0.06825643 -0.02416193
v -0.00250155 -0.06858235 -0.02391988
v -0.00335777 -0.06822597 -0.02312517
v -0.00474518 -0.06798964 -0.02129513
v -0.00403553 -0.06798231 -0.02289420
v -0.00427663 -0.06816262 -0.02163279
v -0.00427663 -0.06816262 -0.02163279
v -0.00426757 -0.06854468 -0.02140653
v -0.00441384 -0.06831753 -0.02040416
v 0.00175303 -0.06826591 -0.02426326
v 0.00105292 -0.06869667 -0.02463001
v 0.00048384 -0.06850475 -0.02459228
v 0.00314486 -0.06802076 -0.02369678
v 0.00116098 -0.06809777 -0.02458477
v 0.00235081 -0.06798869 -0.02445811
v -0.00431675 -0.06799483 -0.01790583
v -0.00405365 -0.06807225 -0.01803344
v -0.00325262 -0.06798273 -0.01654422
v 0.00314486 -0.06802076 -0.02369678
v 0.00175303 -0.06826591 -0.02426326
v 0.00116098 -0.06809777 -0.02458477
v -0.00405365 -0.06807225 -0.01803344
v -0.00367302 -0.06851232 -0.01767778
v -0.00290799 -0.06811171 -0.01665562
v -0.00456804 -0.06610161 -0.02229368
v -0.00474518 -0.06798964 -0.02129513
v -0.00501192 -0.06609749 -0.02067399
v -0.00456804 -0.06610161 -0.02229368
v -0.00403553 -0.06798231 -0.02289420
v -0.00474518 -0.06798964 -0.02129513
v -0.00356096 -0.06610149 -0.02373540
v -0.00403553 -0.06798231 -0.02289420
v -0.00456804 -0.06610161 -0.02229368
v -0.00356096 -0.06610149 -0.02373540
v -0.00283569 -0.06799262 -0.02414137
v -0.00403553 -0.06798231 -0.02289420
v -0.00361013 -0.06610691 -0.01666522
v -0.00325262 -0.06798273 -0.01654422
v -0.00184894 -0.06609851 -0.01544821
v -0.00184894 -0.06609851 -0.01544821
v -0.00325262 -0.06798273 -0.01654422
v -0.00194651 -0.06798791 -0.01571649
v -0.00232184 -0.06608879 -0.02462720
v -0.00283569 -0.06799262 -0.02414137
v -0.00356096 -0.06610149 -0.02373540
v -0.00117135 -0.06609767 -0.02508813
v -0.00165278 -0.06799107 -0.02473944
v -0.00232184 -0.06608879 -0.02462720
v -0.00232184 -0.06608879 -0.02462720
v -0.00165278 -0.06799107 -0.02473944
v -0.00283569 -0.06799262 -0.02414137
v -0.00361013 -0.06610691 -0.01666522
v -0.00431675 -0.06799483 -0.01790583
v -0.00325262 -0.06798273 -0.01654422
v -0.00443691 -0.06609421 -0.01786768
v -0.00431675 -0.06799483 -0.01790583
v -0.00361013 -0.06610691 -0.01666522
v -0.00117135 -0.06609767 -0.02508813
v -0.00040826 -0.06799483 -0.02503407
v -0.00165278 -0.06799107 -0.02473944
v -0.00490969 -0.06611049 -0.01908463
v -0.00431675 -0.06799483 -0.01790583
v -0.00443691 -0.06609421 -0.01786768
v 0.00056780 -0.06609576 -0.02519232
v -0.00040826 -0.06799483 -0.02503407
v -0.00117135 -0.06609767 -0.02508813
v -0.00490969 -0.06611049 -0.01908463
v -0.00483698 -0.06798970 -0.01955986
v -0.00431675 -0.06799483 -0.01790583
v 0.00056780 -0.06609576 -0.02519232
v 0.00086939 -0.06799095 -0.02495235
v -0.00040826 -0.06799483 -0.02503407
v -0.00501192 -0.06609749 -0.02067399
v -0.00483698 -0.06798970 -0.01955986
v -0.00490969 -0.06611049 -0.01908463
v 0.00258076 -0.06610596 -0.02452373
v 0.00235081 -0.06798869 -0.02445811
v 0.00056780 -0.06609576 -0.02519232
v 0.00056780 -0.06609576 -0.02519232
v 0.00235081 -0.06798869 -0.02445811
v 0.00086939 -0.06799095 -0.02495235
v -0.00501192 -0.06609749 -0.02067399
v -0.00474518 -0.06798964 -0.02129513
v -0.00483698 -0.06798970 -0.01955986
v 0.00194949 -0.06555008 -0.02444922
v 0.00128943 -0.06579542 -0.02468138
v 0.00080129 -0.06538128 -0.02492207
v -0.00313735 -0.06580090 -0.02364253
v -0.00260121 -0.06593060 -0.02413946
v -0.00356096 -0.06610149 -0.02373540
v -0.00484395 -0.06527888 -0.01843214
v -0.00384378 -0.06533735 -0.01711541
v -0.00415194 -0.06529086 -0.01713842
v -0.00199354 -0.06556844 -0.02444458
v -0.00260121 -0.06593060 -0.02413946
v -0.00313735 -0.06580090 -0.02364253
v -0.00260121 -0.06593060 -0.02413946
v -0.00232184 -0.06608879 -0.02462720
v -0.00356096 -0.06610149 -0.02373540
v -0.00239909 -0.06529635 -0.02473068
v -0.00121480 -0.06527167 -0.02513349
v -0.00290173 -0.06531554 -0.02425169
v -0.00384378 -0.06533735 -0.01711541
v -0.00419480 -0.06554853 -0.01805645
v -0.00343239 -0.06554263 -0.01694828
v -0.00354487 -0.06588143 -0.01704770
v -0.00443691 -0.06609421 -0.01786768
v -0.00361013 -0.06610691 -0.01666522
v 0.00128943 -0.06579542 -0.02468138
v 0.00258076 -0.06610596 -0.02452373
v 0.00005853 -0.06594312 -0.02493679
v -0.00199354 -0.06556844 -0.02444458
v -0.00153792 -0.06589925 -0.02466315
v -0.00260121 -0.06593060 -0.02413946
v 0.00005853 -0.06594312 -0.02493679
v 0.00258076 -0.06610596 -0.02452373
v 0.00056780 -0.06609576 -0.02519232
v -0.00484395 -0.06527888 -0.01843214
v -0.00457621 -0.06553149 -0.01905936
v -0.00384378 -0.06533735 -0.01711541
v -0.00443238 -0.06539481 -0.02209270
v -0.00435203 -0.06579548 -0.02187037
v -0.00460452 -0.06554663 -0.02108573
v -0.00343239 -0.06554263 -0.01694828
v -0.00423336 -0.06588143 -0.01807183
v -0.00354487 -0.06588143 -0.01704770
v -0.00419480 -0.06554853 -0.01805645
v -0.00423336 -0.06588143 -0.01807183
v -0.00343239 -0.06554263 -0.01694828
v 0.00279993 -0.06587958 -0.02399450
v 0.00128943 -0.06579542 -0.02468138
v 0.00194949 -0.06555008 -0.02444922
v -0.00457621 -0.06553149 -0.01905936
v -0.00419480 -0.06554853 -0.01805645
v -0.00384378 -0.06533735 -0.01711541
v 0.00279993 -0.06587958 -0.02399450
v 0.00258076 -0.06610596 -0.02452373
v 0.00128943 -0.06579542 -0.02468138
v -0.00460452 -0.06554663 -0.02108573
v -0.00435203 -0.06579548 -0.02187037
v -0.00467271 -0.06583636 -0.02068620
v -0.00354487 -0.06588143 -0.01704770
v -0.00423336 -0.06588143 -0.01807183
v -0.00443691 -0.06609421 -0.01786768
v -0.00467271 -0.06583636 -0.02068620
v -0.00456804 -0.06610161 -0.02229368
v -0.00501192 -0.06609749 -0.02067399
v -0.00121480 -0.06527167 -0.02513349
v -0.00199354 -0.06556844 -0.02444458
v -0.00290173 -0.06531554 -0.02425169
v -0.00383282 -0.06528687 -0.02361780
v -0.00443238 -0.06539481 -0.02209270
v -0.00474417 -0.06529194 -0.02215951
v -0.00435203 -0.06579548 -0.02187037
v -0.00456804 -0.06610161 -0.02229368
v -0.00467271 -0.06583636 -0.02068620
v -0.00153792 -0.06589925 -0.02466315
v -0.00232184 -0.06608879 -0.02462720
v -0.00260121 -0.06593060 -0.02413946
v -0.00121480 -0.06527167 -0.02513349
v -0.00030601 -0.06554716 -0.02487593
v -0.00199354 -0.06556844 -0.02444458
v -0.00484395 -0.06527888 -0.01843214
v -0.00480956 -0.06538826 -0.01978445
v -0.00457621 -0.06553149 -0.01905936
v -0.00443238 -0.06539481 -0.02209270
v -0.00390166 -0.06580132 -0.02275842
v -0.00435203 -0.06579548 -0.02187037
v -0.00030601 -0.06554716 -0.02487593
v -0.00153792 -0.06589925 -0.02466315
v -0.00199354 -0.06556844 -0.02444458
v -0.00423336 -0.06588143 -0.01807183
v -0.00490969 -0.06611049 -0.01908463
v -0.00443691 -0.06609421 -0.01786768
v -0.00383282 -0.06528687 -0.02361780
v -0.00290173 -0.06531554 -0.02425169
v -0.00443238 -0.06539481 -0.02209270
v -0.00419480 -0.06554853 -0.01805645
v -0.00463319 -0.06588143 -0.01923894
v -0.00423336 -0.06588143 -0.01807183
v -0.00463319 -0.06588143 -0.01923894
v -0.00390166 -0.06580132 -0.02275842
v -0.00456804 -0.06610161 -0.02229368
v -0.00435203 -0.06579548 -0.02187037
v -0.00290173 -0.06531554 -0.02425169
v -0.00342697 -0.06554663 -0.02339005
v -0.00443238 -0.06539481 -0.02209270
v -0.00515950 -0.06528848 -0.02017176
v -0.00480956 -0.06538826 -0.01978445
v -0.00484395 -0.06527888 -0.01843214
v -0.00153792 -0.06589925 -0.02466315
v -0.00117135 -0.06609767 -0.02508813
v -0.00232184 -0.06608879 -0.02462720
v -0.00423336 -0.06588143 -0.01807183
v -0.00463319 -0.06588143 -0.01923894
v -0.00490969 -0.06611049 -0.01908463
v -0.00030601 -0.06554716 -0.02487593
v 0.00005853 -0.06594312 -0.02493679
v -0.00153792 -0.06589925 -0.02466315
v -0.00443238 -0.06539481 -0.02209270
v -0.00342697 -0.06554663 -0.02339005
v -0.00390166 -0.06580132 -0.02275842
v -0.00390166 -0.06580132 -0.02275842
v -0.00356096 -0.06610149 -0.02373540
v -0.00456804 -0.06610161 -0.02229368
v 0.00005853 -0.06594312 -0.02493679
v 0.00056780 -0.06609576 -0.02519232
v -0.00153792 -0.06589925 -0.02466315
v 0.00035973 -0.06529062 -0.02530348
v 0.00080129 -0.06538128 -0.02492207
v -0.00121480 -0.06527167 -0.02513349
v 0.00056780 -0.06609576 -0.02519232
v -0.00117135 -0.06609767 -0.02508813
v -0.00153792 -0.06589925 -0.02466315
v 0.00080129 -0.06538128 -0.02492207
v -0.00030601 -0.06554716 -0.02487593
v -0.00121480 -0.06527167 -0.02513349
v -0.00265700 -0.06538027 -0.01615136
v -0.00343239 -0.06554263 -0.01694828
v -0.00256485 -0.06574708 -0.01627486
v -0.00309682 -0.06529682 -0.01607847
v -0.00415194 -0.06529086 -0.01713842
v -0.00194043 -0.06529366 -0.01540291
v -0.00342697 -0.06554663 -0.02339005
v -0.00313735 -0.06580090 -0.02364253
v -0.00390166 -0.06580132 -0.02275842
v -0.00415194 -0.06529086 -0.01713842
v -0.00384378 -0.06533735 -0.01711541
v -0.00194043 -0.06529366 -0.01540291
v -0.00194043 -0.06529366 -0.01540291
v -0.00384378 -0.06533735 -0.01711541
v -0.00265700 -0.06538027 -0.01615136
v -0.00239909 -0.06529635 -0.02473068
v -0.00290173 -0.06531554 -0.02425169
v -0.00383282 -0.06528687 -0.02361780
v -0.00480956 -0.06538826 -0.01978445
v -0.00467271 -0.06583636 -0.02068620
v -0.00457621 -0.06553149 -0.01905936
v -0.00384378 -0.06533735 -0.01711541
v -0.00343239 -0.06554263 -0.01694828
v -0.00265700 -0.06538027 -0.01615136
v -0.00463319 -0.06588143 -0.01923894
v -0.00501192 -0.06609749 -0.02067399
v -0.00490969 -0.06611049 -0.01908463
v -0.00256485 -0.06574708 -0.01627486
v -0.00361013 -0.06610691 -0.01666522
v -0.00201642 -0.06592547 -0.01587212
v 0.00080129 -0.06538128 -0.02492207
v 0.00128943 -0.06579542 -0.02468138
v -0.00030601 -0.06554716 -0.02487593
v -0.00457621 -0.06553149 -0.01905936
v -0.00467271 -0.06583636 -0.02068620
v -0.00463319 -0.06588143 -0.01923894
v -0.00201642 -0.06592547 -0.01587212
v -0.00361013 -0.06610691 -0.01666522
v -0.00184894 -0.06609851 -0.01544821
v -0.00313735 -0.06580090 -0.02364253
v -0.00356096 -0.06610149 -0.02373540
v -0.00390166 -0.06580132 -0.02275842
v -0.00290173 -0.06531554 -0.02425169
v -0.00199354 -0.06556844 -0.02444458
v -0.00342697 -0.06554663 -0.02339005
v -0.00474417 -0.06529194 -0.02215951
v -0.00443238 -0.06539481 -0.02209270
v -0.00515950 -0.06528848 -0.02017176
v -0.00515950 -0.06528848 -0.02017176
v -0.00443238 -0.06539481 -0.02209270
v -0.00480956 -0.06538826 -0.01978445
v -0.00343239 -0.06554263 -0.01694828
v -0.00354487 -0.06588143 -0.01704770
v -0.00256485 -0.06574708 -0.01627486
v -0.00030601 -0.06554716 -0.02487593
v 0.00128943 -0.06579542 -0.02468138
v 0.00005853 -0.06594312 -0.02493679
v -0.00463319 -0.06588143 -0.01923894
v -0.00467271 -0.06583636 -0.02068620
v -0.00501192 -0.06609749 -0.02067399
v -0.00199354 -0.06556844 -0.02444458
v -0.00313735 -0.06580090 -0.02364253
v -0.00342697 -0.06554663 -0.02339005
v -0.00443238 -0.06539481 -0.02209270
v -0.00460452 -0.06554663 -0.02108573
v -0.00480956 -0.06538826 -0.01978445
v -0.00354487 -0.06588143 -0.01704770
v -0.00361013 -0.06610691 -0.01666522
v -0.00256485 -0.06574708 -0.01627486
v 0.00035973 -0.06529062 -0.02530348
v 0.00211441 -0.06535959 -0.02455091
v 0.00080129 -0.06538128 -0.02492207
v 0.00205529 -0.06529271 -0.02488750
v 0.00211441 -0.06535959 -0.02455091
v 0.00035973 -0.06529062 -0.02530348
v -0.00480956 -0.06538826 -0.01978445
v -0.00460452 -0.06554663 -0.02108573
v -0.00467271 -0.06583636 -0.02068620
v 0.00211441 -0.06535959 -0.02455091
v 0.00194949 -0.06555008 -0.02444922
v 0.00080129 -0.06538128 -0.02492207
v -0.00392205 -0.06339323 -0.01647841
v -0.00415194 -0.06529086 -0.01713842
v -0.00309682 -0.06529682 -0.01607847
v -0.00039303 -0.06339663 -0.02554214
v -0.00121480 -0.06527167 -0.02513349
v -0.00129080 -0.06339335 -0.02540642
v -0.00039303 -0.06339663 -0.02554214
v 0.00035973 -0.06529062 -0.02530348
v -0.00121480 -0.06527167 -0.02513349
v 0.00111574 -0.06339114 -0.02545017
v 0.00205529 -0.06529271 -0.02488750
v 0.00035973 -0.06529062 -0.02530348
v -0.00517279 -0.06340157 -0.02170825
v -0.00474417 -0.06529194 -0.02215951
v -0.00515950 -0.06528848 -0.02017176
v -0.00132424 -0.06339102 -0.01494342
v 0.00009097 -0.06529283 -0.01501208
v 0.00058952 -0.06340026 -0.01480424
v -0.00517279 -0.06340157 -0.02170825
v -0.00515950 -0.06528848 -0.02017176
v -0.00538140 -0.06339061 -0.02018094
v 0.00009097 -0.06529283 -0.01501208
v -0.00132424 -0.06339102 -0.01494342
v -0.00194043 -0.06529366 -0.01540291
v -0.00132424 -0.06339102 -0.01494342
v -0.00278455 -0.06339228 -0.01555407
v -0.00194043 -0.06529366 -0.01540291
v -0.00517279 -0.06340157 -0.02170825
v -0.00468051 -0.06339222 -0.02284044
v -0.00474417 -0.06529194 -0.02215951
v -0.00194043 -0.06529366 -0.01540291
v -0.00278455 -0.06339228 -0.01555407
v -0.00309682 -0.06529682 -0.01607847
v 0.00469923 -0.06528884 -0.01808923
v 0.00455874 -0.06340736 -0.01730537
v 0.00409311 -0.06529152 -0.01707172
v -0.00278455 -0.06339228 -0.01555407
v -0.00392205 -0.06339323 -0.01647841
v -0.00309682 -0.06529682 -0.01607847
v 0.00455874 -0.06340736 -0.01730537
v 0.00350368 -0.06339842 -0.01606619
v 0.00409311 -0.06529152 -0.01707172
v -0.00475353 -0.06339204 -0.01764291
v -0.00415194 -0.06529086 -0.01713842
v -0.00392205 -0.06339323 -0.01647841
v -0.00415194 -0.06529086 -0.01713842
v -0.00475353 -0.06339204 -0.01764291
v -0.00484395 -0.06527888 -0.01843214
v 0.00350368 -0.06339842 -0.01606619
v 0.00213307 -0.06339293 -0.01522392
v 0.00298929 -0.06529045 -0.01598250
v 0.00298929 -0.06529045 -0.01598250
v 0.00213307 -0.06339293 -0.01522392
v 0.00182873 -0.06529366 -0.01536995
v -0.00523424 -0.06339108 -0.01891714
v -0.00484395 -0.06527888 -0.01843214
v -0.00475353 -0.06339204 -0.01764291
v 0.00213307 -0.06339293 -0.01522392
v 0.00058952 -0.06340026 -0.01480424
v 0.00182873 -0.06529366 -0.01536995
v 0.00182873 -0.06529366 -0.01536995
v 0.00058952 -0.06340026 -0.01480424
v 0.00009097 -0.06529283 -0.01501208
v -0.00523424 -0.06339108 -0.01891714
v -0.00515950 -0.06528848 -0.02017176
v -0.00484395 -0.06527888 -0.01843214
v -0.00538140 -0.06339061 -0.02018094
v -0.00515950 -0.06528848 -0.02017176
v -0.00523424 -0.06339108 -0.01891714
v -0.00498855 -0.06309622 -0.01949322
v -0.00508201 -0.06331264 -0.02134561
v -0.00512832 -0.06333178 -0.01924026
v -0.00501293 -0.06299293 -0.02023077
v -0.00508201 -0.06331264 -0.02134561
v -0.00498855 -0.06309622 -0.01949322
v 0.00080755 -0.06272673 -0.02521497
v 0.00061316 -0.06308418 -0.02518039
v -0.00026172 -0.06276369 -0.02524524
v 0.00091964 -0.06258809 -0.02557992
v 0.00080755 -0.06272673 -0.02521497
v -0.00134218 -0.06258577 -0.02549827
v -0.00514620 -0.06259560 -0.01826345
v -0.00442421 -0.06271845 -0.01763391
v -0.00363350 -0.06266349 -0.01643550
v -0.00296354 -0.06333070 -0.02447581
v -0.00337189 -0.06338816 -0.02437520
v -0.00421697 -0.06317210 -0.02298283
v -0.00512832 -0.06333178 -0.01924026
v -0.00508201 -0.06331264 -0.02134561
v -0.00538140 -0.06339061 -0.02018094
v -0.00363350 -0.06266349 -0.01643550
v -0.00442421 -0.06271845 -0.01763391
v -0.00373220 -0.06299960 -0.01683658
v -0.00514817 -0.06267738 -0.02103453
v -0.00479871 -0.06299960 -0.02160269
v -0.00501293 -0.06299293 -0.02023077
v -0.00263804 -0.06258445 -0.02500206
v -0.00234991 -0.06271845 -0.02470242
v -0.00348574 -0.06257438 -0.02441680
v -0.00339270 -0.06276428 -0.02397590
v -0.00202346 -0.06310284 -0.02480638
v -0.00320005 -0.06309503 -0.02406013
v -0.00348574 -0.06257438 -0.02441680
v -0.00234991 -0.06271845 -0.02470242
v -0.00339270 -0.06276428 -0.02397590
v -0.00429803 -0.06331831 -0.01719450
v -0.00475353 -0.06339204 -0.01764291
v -0.00392205 -0.06339323 -0.01647841
v -0.00442421 -0.06271845 -0.01763391
v -0.00457954 -0.06309586 -0.01805675
v -0.00373220 -0.06299960 -0.01683658
v -0.00538140 -0.06339061 -0.02018094
v -0.00508201 -0.06331264 -0.02134561
v -0.00517279 -0.06340157 -0.02170825
v 0.00061316 -0.06308418 -0.02518039
v 0.00148857 -0.06333255 -0.02517229
v -0.00022811 -0.06321036 -0.02524870
v -0.00457954 -0.06309586 -0.01805675
v -0.00429803 -0.06331831 -0.01719450
v -0.00373220 -0.06299960 -0.01683658
v -0.00039303 -0.06339663 -0.02554214
v 0.00148857 -0.06333255 -0.02517229
v 0.00111574 -0.06339114 -0.02545017
v -0.00022811 -0.06321036 -0.02524870
v 0.00148857 -0.06333255 -0.02517229
v -0.00039303 -0.06339663 -0.02554214
v -0.00479871 -0.06299960 -0.02160269
v -0.00508201 -0.06331264 -0.02134561
v -0.00501293 -0.06299293 -0.02023077
v -0.00430345 -0.06259346 -0.02357339
v -0.00514817 -0.06267738 -0.02103453
v -0.00527680 -0.06258082 -0.02169215
v -0.00234991 -0.06271845 -0.02470242
v -0.00202346 -0.06310284 -0.02480638
v -0.00339270 -0.06276428 -0.02397590
v 0.00091964 -0.06258809 -0.02557992
v 0.00210792 -0.06266236 -0.02492040
v 0.00080755 -0.06272673 -0.02521497
v 0.00222313 -0.06258881 -0.02517229
v 0.00210792 -0.06266236 -0.02492040
v 0.00091964 -0.06258809 -0.02557992
v -0.00514620 -0.06259560 -0.01826345
v -0.00509530 -0.06262266 -0.01883572
v -0.00442421 -0.06271845 -0.01763391
v -0.00202346 -0.06310284 -0.02480638
v -0.00296354 -0.06333070 -0.02447581
v -0.00320005 -0.06309503 -0.02406013
v 0.00210792 -0.06266236 -0.02492040
v 0.00182784 -0.06299299 -0.02482813
v 0.00080755 -0.06272673 -0.02521497
v -0.00509530 -0.06262266 -0.01883572
v -0.00483459 -0.06281203 -0.01866525
v -0.00442421 -0.06271845 -0.01763391
v -0.00541699 -0.06259506 -0.01931840
v -0.00509530 -0.06262266 -0.01883572
v -0.00514620 -0.06259560 -0.01826345
v -0.00263804 -0.06258445 -0.02500206
v -0.00130981 -0.06274139 -0.02510017
v -0.00234991 -0.06271845 -0.02470242
v 0.00080755 -0.06272673 -0.02521497
v 0.00182784 -0.06299299 -0.02482813
v 0.00061316 -0.06308418 -0.02518039
v -0.00430345 -0.06259346 -0.02357339
v -0.00436890 -0.06274205 -0.02278316
v -0.00514817 -0.06267738 -0.02103453
v -0.00337189 -0.06338816 -0.02437520
v -0.00296354 -0.06333070 -0.02447581
v -0.00232744 -0.06339174 -0.02502322
v -0.00483459 -0.06281203 -0.01866525
v -0.00457954 -0.06309586 -0.01805675
v -0.00442421 -0.06271845 -0.01763391
v 0.00182784 -0.06299299 -0.02482813
v 0.00148857 -0.06333255 -0.02517229
v 0.00061316 -0.06308418 -0.02518039
v -0.00514817 -0.06267738 -0.02103453
v -0.00436890 -0.06274205 -0.02278316
v -0.00479871 -0.06299960 -0.02160269
v 0.00277144 -0.06300264 -0.02434492
v 0.00182784 -0.06299299 -0.02482813
v 0.00210792 -0.06266236 -0.02492040
v -0.00263804 -0.06258445 -0.02500206
v -0.00134218 -0.06258577 -0.02549827
v -0.00130981 -0.06274139 -0.02510017
v -0.00130981 -0.06274139 -0.02510017
v -0.00202346 -0.06310284 -0.02480638
v -0.00234991 -0.06271845 -0.02470242
v -0.00436890 -0.06274205 -0.02278316
v -0.00421697 -0.06317210 -0.02298283
v -0.00479871 -0.06299960 -0.02160269
v -0.00475353 -0.06339204 -0.01764291
v -0.00429803 -0.06331831 -0.01719450
v -0.00523424 -0.06339108 -0.01891714
v -0.00517279 -0.06340157 -0.02170825
v -0.00508201 -0.06331264 -0.02134561
v -0.00468051 -0.06339222 -0.02284044
v 0.00277144 -0.06300264 -0.02434492
v 0.00148857 -0.06333255 -0.02517229
v 0.00182784 -0.06299299 -0.02482813
v 0.00328112 -0.06332463 -0.02423352
v 0.00148857 -0.06333255 -0.02517229
v 0.00277144 -0.06300264 -0.02434492
v -0.00202346 -0.06310284 -0.02480638
v -0.00130618 -0.06331640 -0.02518564
v -0.00296354 -0.06333070 -0.02447581
v -0.00240552 -0.06258744 -0.01524972
v -0.00363350 -0.06266349 -0.01643550
v -0.00210750 -0.06267708 -0.01545596
v 0.00259489 -0.06339263 -0.02489358
v 0.00148857 -0.06333255 -0.02517229
v 0.00328112 -0.06332463 -0.02423352
v -0.00367165 -0.06258749 -0.01608186
v -0.00363350 -0.06266349 -0.01643550
v -0.00240552 -0.06258744 -0.01524972
v 0.00111574 -0.06339114 -0.02545017
v 0.00148857 -0.06333255 -0.02517229
v 0.00259489 -0.06339263 -0.02489358
v -0.00457954 -0.06309586 -0.01805675
v -0.00512832 -0.06333178 -0.01924026
v -0.00429803 -0.06331831 -0.01719450
v -0.00479871 -0.06299960 -0.02160269
v -0.00410646 -0.06340515 -0.02365177
v -0.00508201 -0.06331264 -0.02134561
v -0.00421697 -0.06317210 -0.02298283
v -0.00410646 -0.06340515 -0.02365177
v -0.00479871 -0.06299960 -0.02160269
v -0.00363350 -0.06266349 -0.01643550
v -0.00268549 -0.06294190 -0.01594084
v -0.00210750 -0.06267708 -0.01545596
v -0.00430345 -0.06259346 -0.02357339
v -0.00348574 -0.06257438 -0.02441680
v -0.00436890 -0.06274205 -0.02278316
v -0.00232744 -0.06339174 -0.02502322
v -0.00130618 -0.06331640 -0.02518564
v -0.00129080 -0.06339335 -0.02540642
v -0.00296354 -0.06333070 -0.02447581
v -0.00130618 -0.06331640 -0.02518564
v -0.00232744 -0.06339174 -0.02502322
v -0.00483459 -0.06281203 -0.01866525
v -0.00498855 -0.06309622 -0.01949322
v -0.00457954 -0.06309586 -0.01805675
v -0.00429803 -0.06331831 -0.01719450
v -0.00512832 -0.06333178 -0.01924026
v -0.00523424 -0.06339108 -0.01891714
v -0.00509530 -0.06262266 -0.01883572
v -0.00501293 -0.06299293 -0.02023077
v -0.00483459 -0.06281203 -0.01866525
v -0.00498855 -0.06309622 -0.01949322
v -0.00512832 -0.06333178 -0.01924026
v -0.00457954 -0.06309586 -0.01805675
v -0.00130981 -0.06274139 -0.02510017
v -0.00022811 -0.06321036 -0.02524870
v -0.00202346 -0.06310284 -0.02480638
v -0.00348574 -0.06257438 -0.02441680
v -0.00339270 -0.06276428 -0.02397590
v -0.00436890 -0.06274205 -0.02278316
v -0.00501293 -0.06299293 -0.02023077
v -0.00498855 -0.06309622 -0.01949322
v -0.00483459 -0.06281203 -0.01866525
v -0.00134218 -0.06258577 -0.02549827
v -0.00026172 -0.06276369 -0.02524524
v -0.00130981 -0.06274139 -0.02510017
v -0.00508201 -0.06331264 -0.02134561
v -0.00410646 -0.06340515 -0.02365177
v -0.00468051 -0.06339222 -0.02284044
v -0.00022811 -0.06321036 -0.02524870
v -0.00130618 -0.06331640 -0.02518564
v -0.00202346 -0.06310284 -0.02480638
v -0.00541699 -0.06259506 -0.01931840
v -0.00527680 -0.06258082 -0.02169215
v -0.00509530 -0.06262266 -0.01883572
v -0.00546390 -0.06259477 -0.02060163
v -0.00527680 -0.06258082 -0.02169215
v -0.00541699 -0.06259506 -0.01931840
v -0.00514817 -0.06267738 -0.02103453
v -0.00501293 -0.06299293 -0.02023077
v -0.00509530 -0.06262266 -0.01883572
v -0.00363350 -0.06266349 -0.01643550
v -0.00373220 -0.06299960 -0.01683658
v -0.00268549 -0.06294190 -0.01594084
v -0.00026172 -0.06276369 -0.02524524
v -0.00022811 -0.06321036 -0.02524870
v -0.00130981 -0.06274139 -0.02510017
v -0.00278455 -0.06339228 -0.01555407
v -0.00282025 -0.06330984 -0.01584798
v -0.00392205 -0.06339323 -0.01647841
v -0.00130618 -0.06331640 -0.02518564
v -0.00039303 -0.06339663 -0.02554214
v -0.00129080 -0.06339335 -0.02540642
v -0.00527680 -0.06258082 -0.02169215
v -0.00514817 -0.06267738 -0.02103453
v -0.00509530 -0.06262266 -0.01883572
v -0.00523424 -0.06339108 -0.01891714
v -0.00512832 -0.06333178 -0.01924026
v -0.00538140 -0.06339061 -0.02018094
v -0.00268549 -0.06294190 -0.01594084
v -0.00373220 -0.06299960 -0.01683658
v -0.00282025 -0.06330984 -0.01584798
v -0.00373220 -0.06299960 -0.01683658
v -0.00429803 -0.06331831 -0.01719450
v -0.00282025 -0.06330984 -0.01584798
v -0.00022811 -0.06321036 -0.02524870
v -0.00039303 -0.06339663 -0.02554214
v -0.00130618 -0.06331640 -0.02518564
v -0.00282025 -0.06330984 -0.01584798
v -0.00429803 -0.06331831 -0.01719450
v -0.00392205 -0.06339323 -0.01647841
v -0.00026172 -0.06276369 -0.02524524
v 0.00061316 -0.06308418 -0.02518039
v -0.00022811 -0.06321036 -0.02524870
v -0.00339270 -0.06276428 -0.02397590
v -0.00320005 -0.06309503 -0.02406013
v -0.00436890 -0.06274205 -0.02278316
v -0.00436890 -0.06274205 -0.02278316
v -0.00320005 -0.06309503 -0.02406013
v -0.00421697 -0.06317210 -0.02298283
v -0.00134218 -0.06258577 -0.02549827
v 0.00080755 -0.06272673 -0.02521497
v -0.00026172 -0.06276369 -0.02524524
v -0.00514620 -0.06259560 -0.01826345
v -0.00363350 -0.06266349 -0.01643550
v -0.00367165 -0.06258749 -0.01608186
v -0.00421697 -0.06317210 -0.02298283
v -0.00337189 -0.06338816 -0.02437520
v -0.00410646 -0.06340515 -0.02365177
v -0.00320005 -0.06309503 -0.02406013
v -0.00296354 -0.06333070 -0.02447581
v -0.00421697 -0.06317210 -0.02298283
v -0.00527680 -0.06258082 -0.02169215
v -0.00496274 -0.06149590 -0.02271091
v -0.00430345 -0.06259346 -0.02357339
v -0.00471896 -0.06216186 -0.01730817
v -0.00514620 -0.06259560 -0.01826345
v -0.00367165 -0.06258749 -0.01608186
v -0.00496274 -0.06149590 -0.02271091
v -0.00495821 -0.05896770 -0.02305454
v -0.00430345 -0.06259346 -0.02357339
v -0.00495821 -0.05896770 -0.02305454
v -0.00402880 -0.05885595 -0.02425783
v -0.00430345 -0.06259346 -0.02357339
v -0.00430345 -0.06259346 -0.02357339
v -0.00402880 -0.05885595 -0.02425783
v -0.00348574 -0.06257438 -0.02441680
v -0.00012261 -0.06216156 -0.02569890
v 0.00091964 -0.06258809 -0.02557992
v -0.00134218 -0.06258577 -0.02549827
v -0.00402880 -0.05885595 -0.02425783
v -0.00296527 -0.05844718 -0.02509742
v -0.00348574 -0.06257438 -0.02441680
v -0.00296527 -0.05844718 -0.02509742
v -0.00263804 -0.06258445 -0.02500206
v -0.00348574 -0.06257438 -0.02441680
v -0.00517094 -0.06061810 -0.01793295
v -0.00494105 -0.06061828 -0.01746577
v -0.00521892 -0.05969977 -0.01788491
v -0.00521892 -0.05969977 -0.01788491
v -0.00494105 -0.06061828 -0.01746577
v -0.00498474 -0.05971968 -0.01743942
v -0.00471896 -0.06216186 -0.01730817
v -0.00517094 -0.06061810 -0.01793295
v -0.00514620 -0.06259560 -0.01826345
v -0.00468522 -0.06061840 -0.01703763
v -0.00437146 -0.06061667 -0.01662379
v -0.00472498 -0.05971968 -0.01701343
v -0.00442457 -0.05970817 -0.01659703
v -0.00472498 -0.05971968 -0.01701343
v -0.00437146 -0.06061667 -0.01662379
v 0.00064378 -0.06061923 -0.02577209
v 0.00012525 -0.06061834 -0.02580899
v 0.00068337 -0.05971693 -0.02583909
v 0.00068337 -0.05971693 -0.02583909
v 0.00012525 -0.06061834 -0.02580899
v 0.00012456 -0.05971968 -0.02585804
v -0.00012261 -0.06216156 -0.02569890
v 0.00064378 -0.06061923 -0.02577209
v 0.00091964 -0.06258809 -0.02557992
v -0.00101727 -0.05974704 -0.02577656
v -0.00037434 -0.05971974 -0.02584815
v -0.00089008 -0.06061732 -0.02573567
v -0.00089008 -0.06061732 -0.02573567
v -0.00037434 -0.05971974 -0.02584815
v -0.00037302 -0.06061822 -0.02579689
v -0.00240552 -0.06258744 -0.01524972
v -0.00299156 -0.05863261 -0.01526916
v -0.00367165 -0.06258749 -0.01608186
v -0.00296527 -0.05844718 -0.02509742
v -0.00185221 -0.05883646 -0.02559572
v -0.00263804 -0.06258445 -0.02500206
v -0.00263804 -0.06258445 -0.02500206
v -0.00185221 -0.05883646 -0.02559572
v -0.00134218 -0.06258577 -0.02549827
v -0.00299156 -0.05863261 -0.01526916
v -0.00399232 -0.05880659 -0.01606065
v -0.00367165 -0.06258749 -0.01608186
v -0.00185221 -0.05883646 -0.02559572
v -0.00101727 -0.05974704 -0.02577656
v -0.00134218 -0.06258577 -0.02549827
v -0.00134218 -0.06258577 -0.02549827
v -0.00101727 -0.05974704 -0.02577656
v -0.00089008 -0.06061732 -0.02573567
v -0.00081033 -0.05964028 -0.02583885
v -0.00101727 -0.05974704 -0.02577656
v -0.00185221 -0.05883646 -0.02559572
v -0.00399232 -0.05880659 -0.01606065
v -0.00442457 -0.05970817 -0.01659703
v -0.00367165 -0.06258749 -0.01608186
v -0.00089008 -0.06061732 -0.02573567
v -0.00012261 -0.06216156 -0.02569890
v -0.00134218 -0.06258577 -0.02549827
v -0.00367165 -0.06258749 -0.01608186
v -0.00442457 -0.05970817 -0.01659703
v -0.00437146 -0.06061667 -0.01662379
v -0.00491434 -0.05816942 -0.01718634
v -0.00442457 -0.05970817 -0.01659703
v -0.00399232 -0.05880659 -0.01606065
v -0.00437146 -0.06061667 -0.01662379
v -0.00471896 -0.06216186 -0.01730817
v -0.00367165 -0.06258749 -0.01608186
v 0.00064378 -0.06061923 -0.02577209
v 0.00068337 -0.05971693 -0.02583909
v 0.00091964 -0.06258809 -0.02557992
v -0.00517094 -0.06061810 -0.01793295
v -0.00521892 -0.05969977 -0.01788491
v -0.00514620 -0.06259560 -0.01826345
v 0.00068337 -0.05971693 -0.02583909
v 0.00191039 -0.05961513 -0.02555096
v 0.00091964 -0.06258809 -0.02557992
v -0.00521892 -0.05969977 -0.01788491
v -0.00555527 -0.05894351 -0.01879054
v -0.00514620 -0.06259560 -0.01826345
v 0.00091964 -0.06258809 -0.02557992
v 0.00191039 -0.05961513 -0.02555096
v 0.00222313 -0.06258881 -0.02517229
v -0.00514620 -0.06259560 -0.01826345
v -0.00555527 -0.05894351 -0.01879054
v -0.00541699 -0.06259506 -0.01931840
v -0.00555527 -0.05894351 -0.01879054
v -0.00573540 -0.05887562 -0.02001965
v -0.00541699 -0.06259506 -0.01931840
v 0.00191039 -0.05961513 -0.02555096
v 0.00273389 -0.05965042 -0.02517575
v 0.00222313 -0.06258881 -0.02517229
v -0.00541699 -0.06259506 -0.01931840
v -0.00573540 -0.05887562 -0.02001965
v -0.00546390 -0.06259477 -0.02060163
v -0.00573540 -0.05887562 -0.02001965
v -0.00565547 -0.05874031 -0.02109694
v -0.00546390 -0.06259477 -0.02060163
v -0.00546390 -0.06259477 -0.02060163
v -0.00565547 -0.05874031 -0.02109694
v -0.00527680 -0.06258082 -0.02169215
v -0.00565547 -0.05874031 -0.02109694
v -0.00547957 -0.05876821 -0.02185457
v -0.00527680 -0.06258082 -0.02169215
v -0.00527680 -0.06258082 -0.02169215
v -0.00547957 -0.05876821 -0.02185457
v -0.00496274 -0.06149590 -0.02271091
v -0.00547957 -0.05876821 -0.02185457
v -0.00495821 -0.05896770 -0.02305454
v -0.00496274 -0.06149590 -0.02271091
v -0.00482363 -0.04549390 -0.01697438
v -0.00491434 -0.05816942 -0.01718634
v -0.00399232 -0.05880659 -0.01606065
v 0.00151390 -0.04549390 -0.02575904
v 0.00325960 -0.04549390 -0.02492952
v 0.00273389 -0.05965042 -0.02517575
v 0.00151390 -0.04549390 -0.02575904
v 0.00273389 -0.05965042 -0.02517575
v 0.00191039 -0.05961513 -0.02555096
v -0.00350517 -0.04549390 -0.01559877
v -0.00399232 -0.05880659 -0.01606065
v -0.00299156 -0.05863261 -0.01526916
v -0.00350517 -0.04549390 -0.01559877
v -0.00482363 -0.04549390 -0.01697438
v -0.00399232 -0.05880659 -0.01606065
v -0.00302625 -0.05200344 -0.01529026
v -0.00350517 -0.04549390 -0.01559877
v -0.00299156 -0.05863261 -0.01526916
v 0.00151390 -0.04549390 -0.02575904
v 0.00068337 -0.05971693 -0.02583909
v 0.00124794 -0.04943972 -0.02578634
v 0.00151390 -0.04549390 -0.02575904
v 0.00191039 -0.05961513 -0.02555096
v 0.00068337 -0.05971693 -0.02583909
v 0.00127691 -0.04599386 -0.02578049
v 0.00151390 -0.04549390 -0.02575904
v 0.00124794 -0.04943972 -0.02578634
v -0.00280327 -0.05222934 -0.01516360
v -0.00302625 -0.05200344 -0.01529026
v -0.00299156 -0.05863261 -0.01526916
v 0.00069128 -0.04995530 -0.02588582
v 0.00124794 -0.04943972 -0.02578634
v 0.00068337 -0.05971693 -0.02583909
v -0.00350517 -0.04549390 -0.01559877
v -0.00302625 -0.05200344 -0.01529026
v -0.00298262 -0.04711902 -0.01527249
v 0.00069128 -0.04995530 -0.02588582
v 0.00068337 -0.05971693 -0.02583909
v -0.00012279 -0.05817478 -0.02592867
v -0.00197238 -0.04549390 -0.01472312
v -0.00350517 -0.04549390 -0.01559877
v -0.00298262 -0.04711902 -0.01527249
v 0.00001086 -0.04948252 -0.02592426
v 0.00069128 -0.04995530 -0.02588582
v -0.00012279 -0.05817478 -0.02592867
v 0.00127691 -0.04599386 -0.02578049
v -0.00002521 -0.04599398 -0.02594578
v 0.00151390 -0.04549390 -0.02575904
v -0.00303274 -0.04677999 -0.02505064
v -0.00403267 -0.04674565 -0.02425462
v -0.00405651 -0.04549390 -0.02428287
v -0.00403267 -0.04674565 -0.02425462
v -0.00473630 -0.04678529 -0.02336221
v -0.00405651 -0.04549390 -0.02428287
v -0.00473630 -0.04678529 -0.02336221
v -0.00508773 -0.04679208 -0.02277410
v -0.00519150 -0.04549390 -0.02270865
v -0.00508773 -0.04679208 -0.02277410
v -0.00551194 -0.04683107 -0.02168828
v -0.00519150 -0.04549390 -0.02270865
v -0.00536984 -0.04738253 -0.02221179
v -0.00438106 -0.04739391 -0.02390164
v -0.00495821 -0.05896770 -0.02305454
v -0.00438106 -0.04739391 -0.02390164
v -0.00354755 -0.04738587 -0.02468568
v -0.00402880 -0.05885595 -0.02425783
v 0.00001086 -0.04948252 -0.02592426
v -0.00012279 -0.05817478 -0.02592867
v -0.00081033 -0.05964028 -0.02583885
v -0.00063608 -0.04549390 -0.02591133
v 0.00151390 -0.04549390 -0.02575904
v -0.00002521 -0.04599398 -0.02594578
v -0.00063608 -0.04549390 -0.02591133
v -0.00002521 -0.04599398 -0.02594578
v 0.00001086 -0.04948252 -0.02592426
v -0.00063608 -0.04549390 -0.02591133
v 0.00001086 -0.04948252 -0.02592426
v -0.00081033 -0.05964028 -0.02583885
v -0.00063608 -0.04549390 -0.02591133
v -0.00081033 -0.05964028 -0.02583885
v -0.00185221 -0.05883646 -0.02559572
v -0.00253111 -0.04549390 -0.02536487
v -0.00063608 -0.04549390 -0.02591133
v -0.00185221 -0.05883646 -0.02559572
v -0.00253111 -0.04549390 -0.02536487
v -0.00185221 -0.05883646 -0.02559572
v -0.00296527 -0.05844718 -0.02509742
v -0.00274426 -0.05203241 -0.02521145
v -0.00253111 -0.04549390 -0.02536487
v -0.00296527 -0.05844718 -0.02509742
v -0.00300902 -0.05222564 -0.02506381
v -0.00274426 -0.05203241 -0.02521145
v -0.00296527 -0.05844718 -0.02509742
v -0.00277448 -0.04715687 -0.02518254
v -0.00253111 -0.04549390 -0.02536487
v -0.00274426 -0.05203241 -0.02521145
v -0.00303274 -0.04677999 -0.02505064
v -0.00253111 -0.04549390 -0.02536487
v -0.00277448 -0.04715687 -0.02518254
v -0.00323278 -0.05204272 -0.02489906
v -0.00300902 -0.05222564 -0.02506381
v -0.00296527 -0.05844718 -0.02509742
v -0.00354755 -0.04738587 -0.02468568
v -0.00296527 -0.05844718 -0.02509742
v -0.00402880 -0.05885595 -0.02425783
v -0.00354755 -0.04738587 -0.02468568
v -0.00323278 -0.05204272 -0.02489906
v -0.00296527 -0.05844718 -0.02509742
v -0.00405651 -0.04549390 -0.02428287
v -0.00253111 -0.04549390 -0.02536487
v -0.00303274 -0.04677999 -0.02505064
v -0.00438106 -0.04739391 -0.02390164
v -0.00402880 -0.05885595 -0.02425783
v -0.00495821 -0.05896770 -0.02305454
v -0.00519150 -0.04549390 -0.02270865
v -0.00405651 -0.04549390 -0.02428287
v -0.00473630 -0.04678529 -0.02336221
v -0.00547326 -0.05203717 -0.02184921
v -0.00495821 -0.05896770 -0.02305454
v -0.00547957 -0.05876821 -0.02185457
v -0.00536984 -0.04738253 -0.02221179
v -0.00495821 -0.05896770 -0.02305454
v -0.00547326 -0.05203717 -0.02184921
v -0.00551111 -0.05213975 -0.02159667
v -0.00547326 -0.05203717 -0.02184921
v -0.00547957 -0.05876821 -0.02185457
v -0.00562489 -0.05206269 -0.02130073
v -0.00551111 -0.05213975 -0.02159667
v -0.00547957 -0.05876821 -0.02185457
v -0.00562489 -0.05206269 -0.02130073
v -0.00547957 -0.05876821 -0.02185457
v -0.00565547 -0.05874031 -0.02109694
v -0.00567949 -0.04549390 -0.02113199
v -0.00519150 -0.04549390 -0.02270865
v -0.00551194 -0.04683107 -0.02168828
v -0.00567949 -0.04549390 -0.02113199
v -0.00551194 -0.04683107 -0.02168828
v -0.00562644 -0.04720515 -0.02128165
v -0.00567949 -0.04549390 -0.02113199
v -0.00565547 -0.05874031 -0.02109694
v -0.00573540 -0.05887562 -0.02001965
v -0.00567949 -0.04549390 -0.02113199
v -0.00562489 -0.05206269 -0.02130073
v -0.00565547 -0.05874031 -0.02109694
v -0.00567949 -0.04549390 -0.02113199
v -0.00562644 -0.04720515 -0.02128165
v -0.00562489 -0.05206269 -0.02130073
v -0.00570256 -0.04549390 -0.01918166
v -0.00567949 -0.04549390 -0.02113199
v -0.00573540 -0.05887562 -0.02001965
v -0.00570256 -0.04549390 -0.01918166
v -0.00573540 -0.05887562 -0.02001965
v -0.00555527 -0.05894351 -0.01879054
v -0.00570256 -0.04549390 -0.01918166
v -0.00555527 -0.05894351 -0.01879054
v -0.00521892 -0.05969977 -0.01788491
v -0.00482363 -0.04549390 -0.01697438
v -0.00570256 -0.04549390 -0.01918166
v -0.00521892 -0.05969977 -0.01788491
v -0.00482363 -0.04549390 -0.01697438
v -0.00521892 -0.05969977 -0.01788491
v -0.00491434 -0.05816942 -0.01718634
v 0.00311679 -0.07938385 -0.02500391
v 0.00305653 -0.08131259 -0.02501314
v 0.00289869 -0.07745647 -0.02497464
v 0.00305653 -0.08131259 -0.02501314
v 0.00301218 -0.08190637 -0.02500373
v 0.00289869 -0.07745647 -0.02497464
v 0.00301218 -0.08190637 -0.02500373
v 0.00294477 -0.08280527 -0.02498435
v 0.00289869 -0.07745647 -0.02497464
v 0.00294477 -0.08280527 -0.02498435
v 0.00268549 -0.08371680 -0.02502751
v 0.00289869 -0.07745647 -0.02497464
v 0.00289869 -0.07745647 -0.02497464
v 0.00268549 -0.08371680 -0.02502751
v 0.00263214 -0.07688105 -0.02505970
v -0.00483221 -0.07975143 -0.02330601
v -0.00483823 -0.08147895 -0.02323710
v -0.00481224 -0.07812297 -0.02316564
v -0.00483823 -0.08147895 -0.02323710
v -0.00480127 -0.08282005 -0.02312481
v -0.00481224 -0.07812297 -0.02316564
v -0.00481224 -0.07812297 -0.02316564
v -0.00480127 -0.08282005 -0.02312481
v -0.00487471 -0.07685297 -0.02282041
v -0.00487471 -0.07685297 -0.02282041
v -0.00507432 -0.08277809 -0.02264142
v -0.00501448 -0.07738453 -0.02267813
v -0.00485665 -0.08372706 -0.02285254
v -0.00507432 -0.08277809 -0.02264142
v -0.00487471 -0.07685297 -0.02282041
v -0.00501448 -0.07738453 -0.02267813
v -0.00507432 -0.08277809 -0.02264142
v -0.00511152 -0.07821476 -0.02262449
v -0.00511152 -0.07821476 -0.02262449
v -0.00507432 -0.08277809 -0.02264142
v -0.00514126 -0.07891362 -0.02263021
v -0.00507432 -0.08277809 -0.02264142
v -0.00517529 -0.08155441 -0.02261281
v -0.00514126 -0.07891362 -0.02263021
v -0.00480127 -0.08282005 -0.02312481
v -0.00485665 -0.08372706 -0.02285254
v -0.00487471 -0.07685297 -0.02282041
v 0.00484109 -0.08023995 -0.01707530
v 0.00483537 -0.08134537 -0.01710850
v 0.00482541 -0.07832324 -0.01716685
v 0.00482541 -0.07832324 -0.01716685
v 0.00483537 -0.08134537 -0.01710850
v 0.00480908 -0.07745224 -0.01730293
v 0.00483537 -0.08134537 -0.01710850
v 0.00481230 -0.08304095 -0.01726782
v 0.00480908 -0.07745224 -0.01730293
v 0.00480908 -0.07745224 -0.01730293
v 0.00481230 -0.08304095 -0.01726782
v 0.00492024 -0.07695734 -0.01758867
v 0.00492024 -0.07695734 -0.01758867
v 0.00513583 -0.08253312 -0.01774466
v 0.00515300 -0.07866972 -0.01773703
v 0.00489247 -0.08366304 -0.01755166
v 0.00513583 -0.08253312 -0.01774466
v 0.00492024 -0.07695734 -0.01758867
v 0.00515300 -0.07866972 -0.01773703
v 0.00513583 -0.08253312 -0.01774466
v 0.00520867 -0.07967329 -0.01775640
v 0.00481230 -0.08304095 -0.01726782
v 0.00489247 -0.08366304 -0.01755166
v 0.00492024 -0.07695734 -0.01758867
v 0.00509071 -0.07947117 -0.02281951
v 0.00508022 -0.08118915 -0.02282840
v 0.00496095 -0.07800269 -0.02287799
v 0.00508022 -0.08118915 -0.02282840
v 0.00500333 -0.08246833 -0.02283763
v 0.00496095 -0.07800269 -0.02287799
v 0.00023346 -0.08036744 -0.02590638
v 0.00015823 -0.08265084 -0.02582556
v 0.00014853 -0.07768756 -0.02580720
v 0.00024390 -0.08127444 -0.02590215
v 0.00015823 -0.08265084 -0.02582556
v 0.00023346 -0.08036744 -0.02590638
v -0.00012032 -0.08379495 -0.02571815
v -0.00040184 -0.08287191 -0.02579820
v -0.00018858 -0.07695978 -0.02572602
v -0.00018858 -0.07695978 -0.02572602
v -0.00040184 -0.08287191 -0.02579820
v -0.00037334 -0.07774561 -0.02579253
v 0.00015823 -0.08265084 -0.02582556
v 0.00008487 -0.08321171 -0.02577412
v 0.00014853 -0.07768756 -0.02580720
v 0.00014853 -0.07768756 -0.02580720
v -0.00012032 -0.08379495 -0.02571815
v -0.00018858 -0.07695978 -0.02572602
v 0.00008487 -0.08321171 -0.02577412
v -0.00012032 -0.08379495 -0.02571815
v 0.00014853 -0.07768756 -0.02580720
v -0.00025975 -0.08040529 -0.01443243
v -0.00024125 -0.08127814 -0.01444751
v -0.00021136 -0.07895094 -0.01446861
v -0.00024125 -0.08127814 -0.01444751
v -0.00016026 -0.08263576 -0.01451987
v -0.00021136 -0.07895094 -0.01446861
v -0.00021136 -0.07895094 -0.01446861
v -0.00016026 -0.08263576 -0.01451987
v -0.00013789 -0.07762908 -0.01454854
v -0.00016026 -0.08263576 -0.01451987
v -0.00012626 -0.08321624 -0.01456499
v -0.00013789 -0.07762908 -0.01454854
v 0.00016744 -0.07683658 -0.01463240
v 0.00021207 -0.08370989 -0.01462942
v 0.00052593 -0.07972854 -0.01443994
v -0.00013789 -0.07762908 -0.01454854
v 0.00021207 -0.08370989 -0.01462942
v 0.00016744 -0.07683658 -0.01463240
v -0.00012626 -0.08321624 -0.01456499
v 0.00021207 -0.08370989 -0.01462942
v -0.00013789 -0.07762908 -0.01454854
v -0.00315827 -0.08042943 -0.01534163
v -0.00304931 -0.08127713 -0.01533204
v -0.00302851 -0.07848995 -0.01535362
v -0.00302851 -0.07848995 -0.01535362
v -0.00301278 -0.08219254 -0.01534944
v -0.00292927 -0.07755357 -0.01537209
v -0.00304931 -0.08127713 -0.01533204
v -0.00301278 -0.08219254 -0.01534944
v -0.00302851 -0.07848995 -0.01535362
v -0.00301278 -0.08219254 -0.01534944
v -0.00289863 -0.08314412 -0.01536870
v -0.00292927 -0.07755357 -0.01537209
v -0.00292927 -0.07755357 -0.01537209
v -0.00263756 -0.08370202 -0.01529455
v -0.00262546 -0.07686555 -0.01528668
v -0.00262546 -0.07686555 -0.01528668
v -0.00242949 -0.08258080 -0.01505082
v -0.00244653 -0.07870548 -0.01503247
v -0.00263756 -0.08370202 -0.01529455
v -0.00242949 -0.08258080 -0.01505082
v -0.00262546 -0.07686555 -0.01528668
v -0.00289863 -0.08314412 -0.01536870
v -0.00263756 -0.08370202 -0.01529455
v -0.00292927 -0.07755357 -0.01537209
v -0.00242949 -0.08258080 -0.01505082
v -0.00241852 -0.08008730 -0.01495707
v -0.00244653 -0.07870548 -0.01503247
v 0.00574744 -0.08040964 -0.01990449
v 0.00571293 -0.08127915 -0.01996022
v 0.00571656 -0.07948559 -0.01995646
v 0.00571656 -0.07948559 -0.01995646
v 0.00565857 -0.08264303 -0.02000159
v 0.00563109 -0.07769924 -0.02003496
v 0.00571293 -0.08127915 -0.01996022
v 0.00565857 -0.08264303 -0.02000159
v 0.00571656 -0.07948559 -0.01995646
v 0.00554109 -0.08381092 -0.02030324
v 0.00571311 -0.08164072 -0.02069920
v 0.00554097 -0.07681506 -0.02034527
v 0.00565857 -0.08264303 -0.02000159
v 0.00559986 -0.08319491 -0.02009934
v 0.00563109 -0.07769924 -0.02003496
v 0.00554097 -0.07681506 -0.02034527
v 0.00571311 -0.08164072 -0.02069920
v 0.00572699 -0.07939720 -0.02070820
v 0.00563109 -0.07769924 -0.02003496
v 0.00554109 -0.08381092 -0.02030324
v 0.00554097 -0.07681506 -0.02034527
v 0.00559986 -0.08319491 -0.02009934
v 0.00554109 -0.08381092 -0.02030324
v 0.00563109 -0.07769924 -0.02003496
v -0.00264782 -0.07998734 -0.02526932
v -0.00268304 -0.08254975 -0.02515679
v -0.00265473 -0.07905143 -0.02523905
v -0.00265473 -0.07905143 -0.02523905
v -0.00268304 -0.08254975 -0.02515679
v -0.00268114 -0.07819688 -0.02516871
v -0.00268114 -0.07819688 -0.02516871
v -0.00268304 -0.08254975 -0.02515679
v -0.00271040 -0.07744079 -0.02508378
v -0.00285673 -0.08373707 -0.02492713
v -0.00314277 -0.08323413 -0.02483296
v -0.00291646 -0.07689750 -0.02489447
v -0.00291646 -0.07689750 -0.02489447
v -0.00321788 -0.08232492 -0.02485466
v -0.00325745 -0.07821553 -0.02484470
v -0.00314277 -0.08323413 -0.02483296
v -0.00321788 -0.08232492 -0.02485466
v -0.00291646 -0.07689750 -0.02489447
v -0.00271040 -0.07744079 -0.02508378
v -0.00285673 -0.08373707 -0.02492713
v -0.00291646 -0.07689750 -0.02489447
v -0.00325745 -0.07821553 -0.02484470
v -0.00321788 -0.08232492 -0.02485466
v -0.00332683 -0.08003550 -0.02486932
v -0.00268304 -0.08254975 -0.02515679
v -0.00285673 -0.08373707 -0.02492713
v -0.00271040 -0.07744079 -0.02508378
v -0.00573587 -0.08040046 -0.02042388
v -0.00571537 -0.08127903 -0.02039444
v -0.00574040 -0.07936739 -0.02044290
v -0.00574040 -0.07936739 -0.02044290
v -0.00565445 -0.08263963 -0.02033632
v -0.00562674 -0.07768917 -0.02030706
v -0.00571537 -0.08127903 -0.02039444
v -0.00565445 -0.08263963 -0.02033632
v -0.00574040 -0.07936739 -0.02044290
v -0.00554377 -0.08373719 -0.02001929
v -0.00571984 -0.08135163 -0.01964604
v -0.00554001 -0.07680213 -0.02000159
v -0.00565445 -0.08263963 -0.02033632
v -0.00560242 -0.08320802 -0.02027916
v -0.00562674 -0.07768917 -0.02030706
v -0.00554001 -0.07680213 -0.02000159
v -0.00571984 -0.08135163 -0.01964604
v -0.00571066 -0.07904893 -0.01966369
v -0.00562674 -0.07768917 -0.02030706
v -0.00560242 -0.08320802 -0.02027916
v -0.00554001 -0.07680213 -0.02000159
v -0.00560242 -0.08320802 -0.02027916
v -0.00554377 -0.08373719 -0.02001929
v -0.00554001 -0.07680213 -0.02000159
v -0.00510615 -0.08013021 -0.01753270
v -0.00501943 -0.08244973 -0.01751846
v -0.00506073 -0.07905709 -0.01751637
v -0.00506073 -0.07905709 -0.01751637
v -0.00501943 -0.08244973 -0.01751846
v -0.00505775 -0.07821476 -0.01754534
v -0.00505775 -0.07821476 -0.01754534
v -0.00501943 -0.08244973 -0.01751846
v -0.00490665 -0.07743680 -0.01746124
v -0.00475216 -0.08374190 -0.01731663
v -0.00467241 -0.08307230 -0.01705116
v -0.00471854 -0.07690143 -0.01725435
v -0.00471854 -0.07690143 -0.01725435
v -0.00467241 -0.08307230 -0.01705116
v -0.00467181 -0.07824623 -0.01692235
v -0.00490665 -0.07743680 -0.01746124
v -0.00475216 -0.08374190 -0.01731663
v -0.00471854 -0.07690143 -0.01725435
v -0.00467181 -0.07824623 -0.01692235
v -0.00467241 -0.08307230 -0.01705116
v -0.00468898 -0.07986783 -0.01682412
v -0.00501943 -0.08244973 -0.01751846
v -0.00475216 -0.08374190 -0.01731663
v -0.00490665 -0.07743680 -0.01746124
v 0.00264114 -0.07996714 -0.01506847
v 0.00264508 -0.08120632 -0.01508522
v 0.00265431 -0.07834756 -0.01514500
v 0.00264508 -0.08120632 -0.01508522
v 0.00268114 -0.08256411 -0.01519036
v 0.00265431 -0.07834756 -0.01514500
v 0.00265431 -0.07834756 -0.01514500
v 0.00268114 -0.08256411 -0.01519036
v 0.00271338 -0.07744860 -0.01526749
v 0.00285858 -0.08373564 -0.01542174
v 0.00308883 -0.08319115 -0.01549834
v 0.00292051 -0.07690161 -0.01545542
v 0.00292051 -0.07690161 -0.01545542
v 0.00320160 -0.08244436 -0.01549685
v 0.00323409 -0.07815790 -0.01550167
v 0.00308883 -0.08319115 -0.01549834
v 0.00320160 -0.08244436 -0.01549685
v 0.00292051 -0.07690161 -0.01545542
v 0.00323409 -0.07815790 -0.01550167
v 0.00320160 -0.08244436 -0.01549685
v 0.00327408 -0.07922494 -0.01547712
v 0.00271338 -0.07744860 -0.01526749
v 0.00285858 -0.08373564 -0.01542174
v 0.00292051 -0.07690161 -0.01545542
v 0.00320160 -0.08244436 -0.01549685
v 0.00330269 -0.08080720 -0.01547569
v 0.00327408 -0.07922494 -0.01547712
v 0.00268114 -0.08256411 -0.01519036
v 0.00285858 -0.08373564 -0.01542174
v 0.00271338 -0.07744860 -0.01526749
v 0.00388932 -0.07579386 -0.01738214
v 0.00375277 -0.07150501 -0.01727730
v 0.00290459 -0.07149386 -0.01636821
v 0.00246853 -0.07579386 -0.01608866
v 0.00388932 -0.07579386 -0.01738214
v 0.00290459 -0.07149386 -0.01636821
v 0.00246853 -0.07579386 -0.01608866
v 0.00290459 -0.07149386 -0.01636821
v 0.00088691 -0.07149100 -0.01545137
v 0.00419265 -0.07579386 -0.02245670
v 0.00280094 -0.07579386 -0.02407872
v 0.00319165 -0.07150477 -0.02377051
v 0.00046018 -0.07579386 -0.01539129
v 0.00246853 -0.07579386 -0.01608866
v 0.00088691 -0.07149100 -0.01545137
v 0.00419265 -0.07579386 -0.02245670
v 0.00319165 -0.07150477 -0.02377051
v 0.00438291 -0.07150530 -0.02202403
v 0.00472724 -0.07579386 -0.02083808
v 0.00419265 -0.07579386 -0.02245670
v 0.00438291 -0.07150530 -0.02202403
v 0.00472724 -0.07579386 -0.02083808
v 0.00438291 -0.07150530 -0.02202403
v 0.00472623 -0.07150334 -0.02054220
v 0.00046018 -0.07579386 -0.01539129
v 0.00088691 -0.07149100 -0.01545137
v -0.00102317 -0.07149481 -0.01552343
v -0.00225925 -0.07579386 -0.01591014
v 0.00046018 -0.07579386 -0.01539129
v -0.00102317 -0.07149481 -0.01552343
v 0.00465912 -0.07579386 -0.01913470
v 0.00472623 -0.07150334 -0.02054220
v 0.00459915 -0.07150620 -0.01895821
v 0.00465912 -0.07579386 -0.01913470
v 0.00472724 -0.07579386 -0.02083808
v 0.00472623 -0.07150334 -0.02054220
v -0.00225925 -0.07579386 -0.01591014
v -0.00102317 -0.07149481 -0.01552343
v -0.00200027 -0.07149744 -0.01585966
v 0.00388932 -0.07579386 -0.01738214
v 0.00459915 -0.07150620 -0.01895821
v 0.00375277 -0.07150501 -0.01727730
v 0.00388932 -0.07579386 -0.01738214
v 0.00465912 -0.07579386 -0.01913470
v 0.00459915 -0.07150620 -0.01895821
v 0.00166923 -0.07104492 -0.01614964
v 0.00225896 -0.07136499 -0.01632905
v 0.00238502 -0.07093828 -0.01651346
v 0.00225896 -0.07136499 -0.01632905
v 0.00088691 -0.07149100 -0.01545137
v 0.00375277 -0.07150501 -0.01727730
v 0.00375277 -0.07150501 -0.01727730
v 0.00088691 -0.07149100 -0.01545137
v 0.00290459 -0.07149386 -0.01636821
v 0.00437194 -0.07068139 -0.01827532
v 0.00407463 -0.07094973 -0.01860725
v 0.00431913 -0.07094496 -0.01953858
v 0.00339335 -0.07110273 -0.02293044
v 0.00391960 -0.07132393 -0.02225154
v 0.00282466 -0.07140713 -0.02370125
v 0.00120789 -0.07077658 -0.01583820
v 0.00166923 -0.07104492 -0.01614964
v 0.00238502 -0.07093828 -0.01651346
v -0.00337678 -0.07150393 -0.01681602
v -0.00200027 -0.07149744 -0.01585966
v -0.00176311 -0.07131832 -0.01611876
v 0.00407463 -0.07094973 -0.01860725
v 0.00442576 -0.07134509 -0.01966065
v 0.00431913 -0.07094496 -0.01953858
v 0.00406468 -0.07094395 -0.02178645
v 0.00339335 -0.07110273 -0.02293044
v 0.00350553 -0.07083088 -0.02292162
v 0.00391960 -0.07132393 -0.02225154
v 0.00438291 -0.07150530 -0.02202403
v 0.00282466 -0.07140713 -0.02370125
v 0.00461614 -0.07068061 -0.02141088
v 0.00406468 -0.07094395 -0.02178645
v 0.00350553 -0.07083088 -0.02292162
v 0.00282466 -0.07140713 -0.02370125
v 0.00438291 -0.07150530 -0.02202403
v 0.00319165 -0.07150477 -0.02377051
v 0.00362766 -0.07068049 -0.01710259
v 0.00407463 -0.07094973 -0.01860725
v 0.00437194 -0.07068139 -0.01827532
v 0.00407463 -0.07094973 -0.01860725
v 0.00404924 -0.07132488 -0.01840502
v 0.00442576 -0.07134509 -0.01966065
v 0.00166923 -0.07104492 -0.01614964
v 0.00102198 -0.07136982 -0.01584267
v 0.00225896 -0.07136499 -0.01632905
v 0.00406468 -0.07094395 -0.02178645
v 0.00391960 -0.07132393 -0.02225154
v 0.00339335 -0.07110273 -0.02293044
v 0.00362766 -0.07068049 -0.01710259
v 0.00344282 -0.07086235 -0.01737529
v 0.00407463 -0.07094973 -0.01860725
v 0.00120789 -0.07077658 -0.01583820
v 0.00033373 -0.07123482 -0.01581794
v 0.00166923 -0.07104492 -0.01614964
v 0.00404924 -0.07132488 -0.01840502
v 0.00459915 -0.07150620 -0.01895821
v 0.00442576 -0.07134509 -0.01966065
v 0.00102198 -0.07136982 -0.01584267
v 0.00088691 -0.07149100 -0.01545137
v 0.00225896 -0.07136499 -0.01632905
v 0.00033373 -0.07123482 -0.01581794
v 0.00102198 -0.07136982 -0.01584267
v 0.00166923 -0.07104492 -0.01614964
v 0.00344282 -0.07086235 -0.01737529
v 0.00340181 -0.07123827 -0.01742208
v 0.00407463 -0.07094973 -0.01860725
v 0.00407463 -0.07094973 -0.01860725
v 0.00340181 -0.07123827 -0.01742208
v 0.00404924 -0.07132488 -0.01840502
v 0.00158674 -0.07070118 -0.01567280
v -0.00043890 -0.07086235 -0.01575917
v 0.00120789 -0.07077658 -0.01583820
v 0.00461614 -0.07068061 -0.02141088
v 0.00434929 -0.07094967 -0.02054584
v 0.00406468 -0.07094395 -0.02178645
v 0.00340181 -0.07123827 -0.01742208
v 0.00375277 -0.07150501 -0.01727730
v 0.00404924 -0.07132488 -0.01840502
v 0.00406468 -0.07094395 -0.02178645
v 0.00435656 -0.07132643 -0.02095991
v 0.00391960 -0.07132393 -0.02225154
v -0.00043890 -0.07086235 -0.01575917
v 0.00033373 -0.07123482 -0.01581794
v 0.00120789 -0.07077658 -0.01583820
v 0.00404924 -0.07132488 -0.01840502
v 0.00375277 -0.07150501 -0.01727730
v 0.00459915 -0.07150620 -0.01895821
v 0.00010270 -0.07069075 -0.01541715
v -0.00043890 -0.07086235 -0.01575917
v 0.00158674 -0.07070118 -0.01567280
v 0.00276738 -0.07069033 -0.02404427
v 0.00213718 -0.07084494 -0.02409708
v 0.00131339 -0.07068330 -0.02475887
v 0.00435656 -0.07132643 -0.02095991
v 0.00472623 -0.07150334 -0.02054220
v 0.00391960 -0.07132393 -0.02225154
v 0.00391960 -0.07132393 -0.02225154
v 0.00472623 -0.07150334 -0.02054220
v 0.00438291 -0.07150530 -0.02202403
v 0.00434929 -0.07094967 -0.02054584
v 0.00435656 -0.07132643 -0.02095991
v 0.00406468 -0.07094395 -0.02178645
v 0.00033373 -0.07123482 -0.01581794
v -0.00102317 -0.07149481 -0.01552343
v 0.00102198 -0.07136982 -0.01584267
v -0.00102317 -0.07149481 -0.01552343
v 0.00088691 -0.07149100 -0.01545137
v 0.00102198 -0.07136982 -0.01584267
v 0.00461614 -0.07068061 -0.02141088
v 0.00431913 -0.07094496 -0.01953858
v 0.00434929 -0.07094967 -0.02054584
v 0.00277567 -0.07067823 -0.01632732
v 0.00238502 -0.07093828 -0.01651346
v 0.00362766 -0.07068049 -0.01710259
v 0.00213718 -0.07084494 -0.02409708
v 0.00339335 -0.07110273 -0.02293044
v 0.00240338 -0.07112449 -0.02379620
v 0.00362766 -0.07068049 -0.01710259
v 0.00238502 -0.07093828 -0.01651346
v 0.00344282 -0.07086235 -0.01737529
v 0.00434929 -0.07094967 -0.02054584
v 0.00442576 -0.07134509 -0.01966065
v 0.00435656 -0.07132643 -0.02095991
v -0.00043890 -0.07086235 -0.01575917
v -0.00066593 -0.07116806 -0.01587069
v 0.00033373 -0.07123482 -0.01581794
v 0.00276738 -0.07069033 -0.02404427
v 0.00350553 -0.07083088 -0.02292162
v 0.00213718 -0.07084494 -0.02409708
v 0.00473750 -0.07067584 -0.01976186
v 0.00431913 -0.07094496 -0.01953858
v 0.00461614 -0.07068061 -0.02141088
v -0.00066593 -0.07116806 -0.01587069
v -0.00200027 -0.07149744 -0.01585966
v 0.00033373 -0.07123482 -0.01581794
v 0.00344282 -0.07086235 -0.01737529
v 0.00238502 -0.07093828 -0.01651346
v 0.00340181 -0.07123827 -0.01742208
v 0.00350553 -0.07083088 -0.02292162
v 0.00339335 -0.07110273 -0.02293044
v 0.00213718 -0.07084494 -0.02409708
v 0.00033373 -0.07123482 -0.01581794
v -0.00200027 -0.07149744 -0.01585966
v -0.00102317 -0.07149481 -0.01552343
v 0.00238502 -0.07093828 -0.01651346
v 0.00225896 -0.07136499 -0.01632905
v 0.00340181 -0.07123827 -0.01742208
v 0.00339335 -0.07110273 -0.02293044
v 0.00282466 -0.07140713 -0.02370125
v 0.00240338 -0.07112449 -0.02379620
v -0.00131267 -0.07068330 -0.01558971
v -0.00190878 -0.07094424 -0.01623708
v 0.00010270 -0.07069075 -0.01541715
v 0.00010270 -0.07069075 -0.01541715
v -0.00190878 -0.07094424 -0.01623708
v -0.00043890 -0.07086235 -0.01575917
v 0.00442576 -0.07134509 -0.01966065
v 0.00472623 -0.07150334 -0.02054220
v 0.00435656 -0.07132643 -0.02095991
v 0.00431913 -0.07094496 -0.01953858
v 0.00442576 -0.07134509 -0.01966065
v 0.00434929 -0.07094967 -0.02054584
v -0.00043890 -0.07086235 -0.01575917
v -0.00190878 -0.07094424 -0.01623708
v -0.00066593 -0.07116806 -0.01587069
v 0.00225896 -0.07136499 -0.01632905
v 0.00375277 -0.07150501 -0.01727730
v 0.00340181 -0.07123827 -0.01742208
v 0.00158674 -0.07070118 -0.01567280
v 0.00120789 -0.07077658 -0.01583820
v 0.00277567 -0.07067823 -0.01632732
v 0.00437194 -0.07068139 -0.01827532
v 0.00431913 -0.07094496 -0.01953858
v 0.00473750 -0.07067584 -0.01976186
v -0.00190878 -0.07094424 -0.01623708
v -0.00176311 -0.07131832 -0.01611876
v -0.00066593 -0.07116806 -0.01587069
v 0.00442576 -0.07134509 -0.01966065
v 0.00459915 -0.07150620 -0.01895821
v 0.00472623 -0.07150334 -0.02054220
v 0.00374389 -0.07069432 -0.02313202
v 0.00461614 -0.07068061 -0.02141088
v 0.00276738 -0.07069033 -0.02404427
v 0.00277567 -0.07067823 -0.01632732
v 0.00120789 -0.07077658 -0.01583820
v 0.00238502 -0.07093828 -0.01651346
v -0.00066593 -0.07116806 -0.01587069
v -0.00176311 -0.07131832 -0.01611876
v -0.00200027 -0.07149744 -0.01585966
v 0.00461614 -0.07068061 -0.02141088
v 0.00350553 -0.07083088 -0.02292162
v 0.00276738 -0.07069033 -0.02404427
v 0.00377584 -0.06880313 -0.01718926
v 0.00437194 -0.07068139 -0.01827532
v 0.00463277 -0.06880962 -0.01881426
v 0.00377584 -0.06880313 -0.01718926
v 0.00362766 -0.07068049 -0.01710259
v 0.00437194 -0.07068139 -0.01827532
v 0.00353473 -0.06880199 -0.02342689
v 0.00276738 -0.07069033 -0.02404427
v 0.00208277 -0.06880754 -0.02452898
v 0.00203419 -0.06880050 -0.01575917
v 0.00277567 -0.07067823 -0.01632732
v 0.00377584 -0.06880313 -0.01718926
v 0.00377584 -0.06880313 -0.01718926
v 0.00277567 -0.07067823 -0.01632732
v 0.00362766 -0.07068049 -0.01710259
v 0.00353473 -0.06880199 -0.02342689
v 0.00374389 -0.07069432 -0.02313202
v 0.00276738 -0.07069033 -0.02404427
v 0.00203419 -0.06880050 -0.01575917
v 0.00158674 -0.07070118 -0.01567280
v 0.00277567 -0.07067823 -0.01632732
v 0.00437778 -0.06879985 -0.02219074
v 0.00374389 -0.07069432 -0.02313202
v 0.00353473 -0.06880199 -0.02342689
v 0.00437778 -0.06879985 -0.02219074
v 0.00461614 -0.07068061 -0.02141088
v 0.00374389 -0.07069432 -0.02313202
v 0.00034495 -0.06880080 -0.01539665
v 0.00010270 -0.07069075 -0.01541715
v 0.00203419 -0.06880050 -0.01575917
v 0.00203419 -0.06880050 -0.01575917
v 0.00010270 -0.07069075 -0.01541715
v 0.00158674 -0.07070118 -0.01567280
v 0.00478351 -0.06880843 -0.02075952
v 0.00461614 -0.07068061 -0.02141088
v 0.00437778 -0.06879985 -0.02219074
v -0.00107896 -0.06881159 -0.01548624
v 0.00010270 -0.07069075 -0.01541715
v 0.00034495 -0.06880080 -0.01539665
v -0.00107896 -0.06881159 -0.01548624
v -0.00131267 -0.07068330 -0.01558971
v 0.00010270 -0.07069075 -0.01541715
v 0.00478351 -0.06880843 -0.02075952
v 0.00473750 -0.07067584 -0.01976186
v 0.00461614 -0.07068061 -0.02141088
v 0.00463277 -0.06880962 -0.01881426
v 0.00473750 -0.07067584 -0.01976186
v 0.00478351 -0.06880843 -0.02075952
v -0.00264418 -0.07069468 -0.01621848
v -0.00131267 -0.07068330 -0.01558971
v -0.00262719 -0.06880420 -0.01612174
v -0.00262719 -0.06880420 -0.01612174
v -0.00131267 -0.07068330 -0.01558971
v -0.00107896 -0.06881159 -0.01548624
v 0.00463277 -0.06880962 -0.01881426
v 0.00437194 -0.07068139 -0.01827532
v 0.00473750 -0.07067584 -0.01976186
v 0.00299954 -0.06829530 -0.02345973
v 0.00398099 -0.06860429 -0.02228337
v 0.00326848 -0.06860530 -0.02324920
v 0.00350004 -0.06825256 -0.02294147
v 0.00398099 -0.06860429 -0.02228337
v 0.00299954 -0.06829530 -0.02345973
v 0.00126851 -0.06799483 -0.01546514
v 0.00069781 -0.06802254 -0.01554042
v 0.00285131 -0.06799429 -0.01621860
v 0.00314486 -0.06802076 -0.02369678
v 0.00402623 -0.06827181 -0.02205663
v 0.00350004 -0.06825256 -0.02294147
v 0.00440437 -0.06811207 -0.02138727
v 0.00402623 -0.06827181 -0.02205663
v 0.00314486 -0.06802076 -0.02369678
v 0.00069781 -0.06802254 -0.01554042
v 0.00206423 -0.06809741 -0.01608330
v 0.00285131 -0.06799429 -0.01621860
v 0.00427079 -0.06827181 -0.01894325
v 0.00445110 -0.06861543 -0.01933723
v 0.00442302 -0.06829202 -0.01980769
v 0.00398099 -0.06860429 -0.02228337
v 0.00353473 -0.06880199 -0.02342689
v 0.00326848 -0.06860530 -0.02324920
v 0.00226247 -0.06826251 -0.01633656
v 0.00136846 -0.06858021 -0.01593405
v 0.00280505 -0.06864172 -0.01660794
v 0.00460768 -0.06798845 -0.01863873
v 0.00406450 -0.06797039 -0.01749444
v 0.00454694 -0.06804698 -0.01914840
v 0.00406450 -0.06797039 -0.01749444
v 0.00377005 -0.06821602 -0.01779961
v 0.00454694 -0.06804698 -0.01914840
v 0.00206423 -0.06809741 -0.01608330
v 0.00136846 -0.06858021 -0.01593405
v 0.00226247 -0.06826251 -0.01633656
v 0.00069781 -0.06802254 -0.01554042
v 0.00054676 -0.06827181 -0.01576364
v 0.00206423 -0.06809741 -0.01608330
v 0.00136846 -0.06858021 -0.01593405
v 0.00203419 -0.06880050 -0.01575917
v 0.00280505 -0.06864172 -0.01660794
v 0.00454694 -0.06804698 -0.01914840
v 0.00377005 -0.06821602 -0.01779961
v 0.00427079 -0.06827181 -0.01894325
v 0.00402623 -0.06827181 -0.02205663
v 0.00398099 -0.06860429 -0.02228337
v 0.00350004 -0.06825256 -0.02294147
v 0.00054676 -0.06827181 -0.01576364
v 0.00136846 -0.06858021 -0.01593405
v 0.00206423 -0.06809741 -0.01608330
v 0.00427079 -0.06827181 -0.01894325
v 0.00384277 -0.06860488 -0.01784223
v 0.00445110 -0.06861543 -0.01933723
v 0.00377005 -0.06821602 -0.01779961
v 0.00384277 -0.06860488 -0.01784223
v 0.00427079 -0.06827181 -0.01894325
v 0.00398099 -0.06860429 -0.02228337
v 0.00437778 -0.06879985 -0.02219074
v 0.00353473 -0.06880199 -0.02342689
v -0.00046366 -0.06799483 -0.01531922
v 0.00069781 -0.06802254 -0.01554042
v 0.00126851 -0.06799483 -0.01546514
v 0.00384277 -0.06860488 -0.01784223
v 0.00377584 -0.06880313 -0.01718926
v 0.00445110 -0.06861543 -0.01933723
v 0.00445110 -0.06861543 -0.01933723
v 0.00377584 -0.06880313 -0.01718926
v 0.00463277 -0.06880962 -0.01881426
v 0.00136846 -0.06858021 -0.01593405
v 0.00034495 -0.06880080 -0.01539665
v 0.00203419 -0.06880050 -0.01575917
v 0.00440437 -0.06811207 -0.02138727
v 0.00437522 -0.06851994 -0.02093172
v 0.00402623 -0.06827181 -0.02205663
v 0.00054676 -0.06827181 -0.01576364
v -0.00022919 -0.06859147 -0.01566672
v 0.00136846 -0.06858021 -0.01593405
v 0.00069781 -0.06802254 -0.01554042
v -0.00055133 -0.06806445 -0.01560235
v 0.00054676 -0.06827181 -0.01576364
v 0.00402623 -0.06827181 -0.02205663
v 0.00437522 -0.06851994 -0.02093172
v 0.00398099 -0.06860429 -0.02228337
v 0.00406450 -0.06797039 -0.01749444
v 0.00307900 -0.06827038 -0.01696646
v 0.00377005 -0.06821602 -0.01779961
v -0.00022919 -0.06859147 -0.01566672
v 0.00034495 -0.06880080 -0.01539665
v 0.00136846 -0.06858021 -0.01593405
v 0.00437522 -0.06851994 -0.02093172
v 0.00437778 -0.06879985 -0.02219074
v 0.00398099 -0.06860429 -0.02228337
v 0.00314486 -0.06802076 -0.02369678
v 0.00299954 -0.06829530 -0.02345973
v 0.00175303 -0.06826591 -0.02426326
v -0.00055133 -0.06806445 -0.01560235
v -0.00066206 -0.06827187 -0.01577740
v 0.00054676 -0.06827181 -0.01576364
v 0.00299954 -0.06829530 -0.02345973
v 0.00246328 -0.06852978 -0.02387267
v 0.00175303 -0.06826591 -0.02426326
v 0.00487006 -0.06799483 -0.01991254
v 0.00454694 -0.06804698 -0.01914840
v 0.00465292 -0.06799125 -0.02163350
v -0.00046366 -0.06799483 -0.01531922
v -0.00055133 -0.06806445 -0.01560235
v 0.00069781 -0.06802254 -0.01554042
v 0.00307900 -0.06827038 -0.01696646
v 0.00280505 -0.06864172 -0.01660794
v 0.00377005 -0.06821602 -0.01779961
v 0.00377005 -0.06821602 -0.01779961
v 0.00280505 -0.06864172 -0.01660794
v 0.00384277 -0.06860488 -0.01784223
v 0.00465292 -0.06799125 -0.02163350
v 0.00454694 -0.06804698 -0.01914840
v 0.00440437 -0.06811207 -0.02138727
v -0.00066206 -0.06827187 -0.01577740
v -0.00022919 -0.06859147 -0.01566672
v 0.00054676 -0.06827181 -0.01576364
v 0.00285131 -0.06799429 -0.01621860
v 0.00206423 -0.06809741 -0.01608330
v 0.00406450 -0.06797039 -0.01749444
v 0.00454694 -0.06804698 -0.01914840
v 0.00442302 -0.06829202 -0.01980769
v 0.00440437 -0.06811207 -0.02138727
v -0.00022919 -0.06859147 -0.01566672
v -0.00107896 -0.06881159 -0.01548624
v 0.00034495 -0.06880080 -0.01539665
v 0.00280505 -0.06864172 -0.01660794
v 0.00377584 -0.06880313 -0.01718926
v 0.00384277 -0.06860488 -0.01784223
v 0.00384408 -0.06799483 -0.02317589
v 0.00314486 -0.06802076 -0.02369678
v 0.00235081 -0.06798869 -0.02445811
v 0.00206423 -0.06809741 -0.01608330
v 0.00307900 -0.06827038 -0.01696646
v 0.00406450 -0.06797039 -0.01749444
v 0.00440437 -0.06811207 -0.02138727
v 0.00442302 -0.06829202 -0.01980769
v 0.00437522 -0.06851994 -0.02093172
v 0.00314486 -0.06802076 -0.02369678
v 0.00350004 -0.06825256 -0.02294147
v 0.00299954 -0.06829530 -0.02345973
v 0.00437522 -0.06851994 -0.02093172
v 0.00478351 -0.06880843 -0.02075952
v 0.00437778 -0.06879985 -0.02219074
v 0.00442302 -0.06829202 -0.01980769
v 0.00445110 -0.06861543 -0.01933723
v 0.00437522 -0.06851994 -0.02093172
v 0.00487006 -0.06799483 -0.01991254
v 0.00460768 -0.06798845 -0.01863873
v 0.00454694 -0.06804698 -0.01914840
v -0.00046366 -0.06799483 -0.01531922
v -0.00194651 -0.06798791 -0.01571649
v -0.00055133 -0.06806445 -0.01560235
v 0.00206423 -0.06809741 -0.01608330
v 0.00226247 -0.06826251 -0.01633656
v 0.00307900 -0.06827038 -0.01696646
v 0.00226247 -0.06826251 -0.01633656
v 0.00280505 -0.06864172 -0.01660794
v 0.00307900 -0.06827038 -0.01696646
v 0.00299954 -0.06829530 -0.02345973
v 0.00326848 -0.06860530 -0.02324920
v 0.00246328 -0.06852978 -0.02387267
v -0.00055133 -0.06806445 -0.01560235
v -0.00173450 -0.06811124 -0.01597851
v -0.00066206 -0.06827187 -0.01577740
v 0.00445110 -0.06861543 -0.01933723
v 0.00478351 -0.06880843 -0.02075952
v 0.00437522 -0.06851994 -0.02093172
v 0.00454694 -0.06804698 -0.01914840
v 0.00427079 -0.06827181 -0.01894325
v 0.00442302 -0.06829202 -0.01980769
v 0.00246328 -0.06852978 -0.02387267
v 0.00353473 -0.06880199 -0.02342689
v 0.00208277 -0.06880754 -0.02452898
v 0.00326848 -0.06860530 -0.02324920
v 0.00353473 -0.06880199 -0.02342689
v 0.00246328 -0.06852978 -0.02387267
v -0.00173450 -0.06811124 -0.01597851
v -0.00169075 -0.06851834 -0.01607435
v -0.00066206 -0.06827187 -0.01577740
v 0.00280505 -0.06864172 -0.01660794
v 0.00203419 -0.06880050 -0.01575917
v 0.00377584 -0.06880313 -0.01718926
v -0.00066206 -0.06827187 -0.01577740
v -0.00169075 -0.06851834 -0.01607435
v -0.00022919 -0.06859147 -0.01566672
v -0.00325262 -0.06798273 -0.01654422
v -0.00173450 -0.06811124 -0.01597851
v -0.00194651 -0.06798791 -0.01571649
v -0.00194651 -0.06798791 -0.01571649
v -0.00173450 -0.06811124 -0.01597851
v -0.00055133 -0.06806445 -0.01560235
v 0.00445110 -0.06861543 -0.01933723
v 0.00463277 -0.06880962 -0.01881426
v 0.00478351 -0.06880843 -0.02075952
v 0.00384408 -0.06799483 -0.02317589
v 0.00465292 -0.06799125 -0.02163350
v 0.00314486 -0.06802076 -0.02369678
v -0.00022919 -0.06859147 -0.01566672
v -0.00262719 -0.06880420 -0.01612174
v -0.00107896 -0.06881159 -0.01548624
v -0.00169075 -0.06851834 -0.01607435
v -0.00262719 -0.06880420 -0.01612174
v -0.00022919 -0.06859147 -0.01566672
v 0.00465292 -0.06799125 -0.02163350
v 0.00440437 -0.06811207 -0.02138727
v 0.00314486 -0.06802076 -0.02369678
v -0.00169075 -0.06851834 -0.01607435
v -0.00173450 -0.06811124 -0.01597851
v -0.00290799 -0.06811171 -0.01665562
v 0.00501329 -0.06610327 -0.01969087
v 0.00460768 -0.06798845 -0.01863873
v 0.00487006 -0.06799483 -0.01991254
v 0.00439978 -0.06609731 -0.01770651
v 0.00460768 -0.06798845 -0.01863873
v 0.00501329 -0.06610327 -0.01969087
v 0.00439978 -0.06609731 -0.01770651
v 0.00406450 -0.06797039 -0.01749444
v 0.00460768 -0.06798845 -0.01863873
v 0.00348514 -0.06609129 -0.01651263
v 0.00406450 -0.06797039 -0.01749444
v 0.00439978 -0.06609731 -0.01770651
v 0.00348514 -0.06609129 -0.01651263
v 0.00285131 -0.06799429 -0.01621860
v 0.00406450 -0.06797039 -0.01749444
v 0.00194961 -0.06610035 -0.01552706
v 0.00285131 -0.06799429 -0.01621860
v 0.00348514 -0.06609129 -0.01651263
v 0.00258076 -0.06610596 -0.02452373
v 0.00384408 -0.06799483 -0.02317589
v 0.00235081 -0.06798869 -0.02445811
v 0.00417942 -0.06609106 -0.02301752
v 0.00384408 -0.06799483 -0.02317589
v 0.00258076 -0.06610596 -0.02452373
v 0.00194961 -0.06610035 -0.01552706
v 0.00126851 -0.06799483 -0.01546514
v 0.00285131 -0.06799429 -0.01621860
v 0.00028080 -0.06609922 -0.01513075
v 0.00126851 -0.06799483 -0.01546514
v 0.00194961 -0.06610035 -0.01552706
v 0.00490308 -0.06609547 -0.02139467
v 0.00465292 -0.06799125 -0.02163350
v 0.00417942 -0.06609106 -0.02301752
v 0.00417942 -0.06609106 -0.02301752
v 0.00465292 -0.06799125 -0.02163350
v 0.00384408 -0.06799483 -0.02317589
v 0.00028080 -0.06609922 -0.01513075
v -0.00046366 -0.06799483 -0.01531922
v 0.00126851 -0.06799483 -0.01546514
v -0.00184894 -0.06609851 -0.01544821
v -0.00046366 -0.06799483 -0.01531922
v 0.00028080 -0.06609922 -0.01513075
v 0.00501329 -0.06610327 -0.01969087
v 0.00487006 -0.06799483 -0.01991254
v 0.00490308 -0.06609547 -0.02139467
v 0.00490308 -0.06609547 -0.02139467
v 0.00487006 -0.06799483 -0.01991254
v 0.00465292 -0.06799125 -0.02163350
v -0.00184894 -0.06609851 -0.01544821
v -0.00194651 -0.06798791 -0.01571649
v -0.00046366 -0.06799483 -0.01531922
v 0.00258076 -0.06610596 -0.02452373
v 0.00366712 -0.06600511 -0.02329230
v 0.00417942 -0.06609106 -0.02301752
v 0.00462371 -0.06573814 -0.01944375
v 0.00465518 -0.06602609 -0.01877802
v 0.00470859 -0.06587284 -0.02074790
v 0.00469923 -0.06528884 -0.01808923
v 0.00420606 -0.06538623 -0.01783514
v 0.00466496 -0.06539809 -0.01896727
v -0.00131691 -0.06554776 -0.01565057
v -0.00201642 -0.06592547 -0.01587212
v -0.00034046 -0.06597214 -0.01538515
v 0.00466496 -0.06539809 -0.01896727
v 0.00442648 -0.06569170 -0.01865100
v 0.00462371 -0.06573814 -0.01944375
v -0.00265700 -0.06538027 -0.01615136
v -0.00127542 -0.06534355 -0.01543664
v -0.00194043 -0.06529366 -0.01540291
v 0.00293773 -0.06569397 -0.01651597
v 0.00263315 -0.06600785 -0.01612699
v 0.00330424 -0.06592142 -0.01673758
v 0.00298929 -0.06529045 -0.01598250
v 0.00060501 -0.06539231 -0.01537573
v 0.00246298 -0.06539094 -0.01602596
v 0.00182873 -0.06529366 -0.01536995
v 0.00060501 -0.06539231 -0.01537573
v 0.00298929 -0.06529045 -0.01598250
v 0.00246298 -0.06539094 -0.01602596
v 0.00159305 -0.06578773 -0.01577275
v 0.00293773 -0.06569397 -0.01651597
v 0.00465518 -0.06602609 -0.01877802
v 0.00501329 -0.06610327 -0.01969087
v 0.00470859 -0.06587284 -0.02074790
v 0.00400484 -0.06537866 -0.02287209
v 0.00421709 -0.06554687 -0.02225387
v 0.00353235 -0.06569170 -0.02324599
v -0.00265700 -0.06538027 -0.01615136
v -0.00131691 -0.06554776 -0.01565057
v -0.00127542 -0.06534355 -0.01543664
v 0.00486869 -0.06528973 -0.02185362
v 0.00400484 -0.06537866 -0.02287209
v 0.00408983 -0.06529021 -0.02328968
v -0.00256485 -0.06574708 -0.01627486
v -0.00131691 -0.06554776 -0.01565057
v -0.00265700 -0.06538027 -0.01615136
v -0.00201642 -0.06592547 -0.01587212
v -0.00184894 -0.06609851 -0.01544821
v -0.00034046 -0.06597214 -0.01538515
v 0.00348514 -0.06609129 -0.01651263
v 0.00263315 -0.06600785 -0.01612699
v 0.00194961 -0.06610035 -0.01552706
v 0.00421709 -0.06554687 -0.02225387
v 0.00438899 -0.06595879 -0.02205908
v 0.00353235 -0.06569170 -0.02324599
v 0.00159305 -0.06578773 -0.01577275
v 0.00263315 -0.06600785 -0.01612699
v 0.00293773 -0.06569397 -0.01651597
v -0.00256485 -0.06574708 -0.01627486
v -0.00201642 -0.06592547 -0.01587212
v -0.00131691 -0.06554776 -0.01565057
v 0.00353235 -0.06569170 -0.02324599
v 0.00438899 -0.06595879 -0.02205908
v 0.00366712 -0.06600511 -0.02329230
v 0.00486869 -0.06528973 -0.02185362
v 0.00459898 -0.06543934 -0.02129447
v 0.00400484 -0.06537866 -0.02287209
v 0.00366712 -0.06600511 -0.02329230
v 0.00438899 -0.06595879 -0.02205908
v 0.00417942 -0.06609106 -0.02301752
v 0.00459898 -0.06543934 -0.02129447
v 0.00421709 -0.06554687 -0.02225387
v 0.00400484 -0.06537866 -0.02287209
v 0.00060501 -0.06539231 -0.01537573
v 0.00159305 -0.06578773 -0.01577275
v 0.00246298 -0.06539094 -0.01602596
v 0.00159305 -0.06578773 -0.01577275
v 0.00194961 -0.06610035 -0.01552706
v 0.00263315 -0.06600785 -0.01612699
v 0.00501329 -0.06610327 -0.01969087
v 0.00465518 -0.06602609 -0.01877802
v 0.00439978 -0.06609731 -0.01770651
v 0.00442648 -0.06569170 -0.01865100
v 0.00395733 -0.06578814 -0.01767343
v 0.00462371 -0.06573814 -0.01944375
v 0.00409311 -0.06529152 -0.01707172
v 0.00349718 -0.06539481 -0.01687866
v 0.00469923 -0.06528884 -0.01808923
v 0.00469923 -0.06528884 -0.01808923
v 0.00349718 -0.06539481 -0.01687866
v 0.00420606 -0.06538623 -0.01783514
v 0.00466496 -0.06539809 -0.01896727
v 0.00395733 -0.06578814 -0.01767343
v 0.00442648 -0.06569170 -0.01865100
v 0.00420606 -0.06538623 -0.01783514
v 0.00395733 -0.06578814 -0.01767343
v 0.00466496 -0.06539809 -0.01896727
v 0.00060501 -0.06539231 -0.01537573
v 0.00029703 -0.06572550 -0.01549488
v 0.00159305 -0.06578773 -0.01577275
v 0.00395733 -0.06578814 -0.01767343
v 0.00465518 -0.06602609 -0.01877802
v 0.00462371 -0.06573814 -0.01944375
v 0.00438899 -0.06595879 -0.02205908
v 0.00490308 -0.06609547 -0.02139467
v 0.00417942 -0.06609106 -0.02301752
v 0.00459898 -0.06543934 -0.02129447
v 0.00470859 -0.06587284 -0.02074790
v 0.00421709 -0.06554687 -0.02225387
v 0.00421709 -0.06554687 -0.02225387
v 0.00470859 -0.06587284 -0.02074790
v 0.00438899 -0.06595879 -0.02205908
v 0.00395733 -0.06578814 -0.01767343
v 0.00439978 -0.06609731 -0.01770651
v 0.00465518 -0.06602609 -0.01877802
v 0.00511938 -0.06529635 -0.02058333
v 0.00505114 -0.06529450 -0.01916790
v 0.00486869 -0.06528973 -0.02185362
v 0.00009097 -0.06529283 -0.01501208
v 0.00060501 -0.06539231 -0.01537573
v 0.00182873 -0.06529366 -0.01536995
v 0.00505114 -0.06529450 -0.01916790
v 0.00459898 -0.06543934 -0.02129447
v 0.00486869 -0.06528973 -0.02185362
v 0.00205529 -0.06529271 -0.02488750
v 0.00314575 -0.06543099 -0.02372997
v 0.00211441 -0.06535959 -0.02455091
v 0.00409311 -0.06529152 -0.01707172
v 0.00246298 -0.06539094 -0.01602596
v 0.00349718 -0.06539481 -0.01687866
v 0.00349718 -0.06539481 -0.01687866
v 0.00395733 -0.06578814 -0.01767343
v 0.00420606 -0.06538623 -0.01783514
v 0.00029703 -0.06572550 -0.01549488
v -0.00034046 -0.06597214 -0.01538515
v 0.00159305 -0.06578773 -0.01577275
v 0.00211441 -0.06535959 -0.02455091
v 0.00314575 -0.06543099 -0.02372997
v 0.00194949 -0.06555008 -0.02444922
v 0.00159305 -0.06578773 -0.01577275
v -0.00034046 -0.06597214 -0.01538515
v 0.00194961 -0.06610035 -0.01552706
v 0.00009097 -0.06529283 -0.01501208
v -0.00127542 -0.06534355 -0.01543664
v 0.00060501 -0.06539231 -0.01537573
v 0.00314575 -0.06543099 -0.02372997
v 0.00279993 -0.06587958 -0.02399450
v 0.00194949 -0.06555008 -0.02444922
v 0.00505114 -0.06529450 -0.01916790
v 0.00466496 -0.06539809 -0.01896727
v 0.00459898 -0.06543934 -0.02129447
v -0.00034046 -0.06597214 -0.01538515
v 0.00028080 -0.06609922 -0.01513075
v 0.00194961 -0.06610035 -0.01552706
v 0.00466496 -0.06539809 -0.01896727
v 0.00470781 -0.06551539 -0.02030915
v 0.00459898 -0.06543934 -0.02129447
v 0.00349718 -0.06539481 -0.01687866
v 0.00293773 -0.06569397 -0.01651597
v 0.00395733 -0.06578814 -0.01767343
v 0.00470781 -0.06551539 -0.02030915
v 0.00470859 -0.06587284 -0.02074790
v 0.00459898 -0.06543934 -0.02129447
v 0.00298554 -0.06529676 -0.02434909
v 0.00408983 -0.06529021 -0.02328968
v 0.00205529 -0.06529271 -0.02488750
v 0.00330424 -0.06592142 -0.01673758
v 0.00439978 -0.06609731 -0.01770651
v 0.00395733 -0.06578814 -0.01767343
v 0.00408983 -0.06529021 -0.02328968
v 0.00314575 -0.06543099 -0.02372997
v 0.00205529 -0.06529271 -0.02488750
v 0.00293773 -0.06569397 -0.01651597
v 0.00330424 -0.06592142 -0.01673758
v 0.00395733 -0.06578814 -0.01767343
v -0.00127542 -0.06534355 -0.01543664
v -0.00131691 -0.06554776 -0.01565057
v 0.00060501 -0.06539231 -0.01537573
v 0.00298929 -0.06529045 -0.01598250
v 0.00246298 -0.06539094 -0.01602596
v 0.00409311 -0.06529152 -0.01707172
v 0.00470859 -0.06587284 -0.02074790
v 0.00501329 -0.06610327 -0.01969087
v 0.00438899 -0.06595879 -0.02205908
v 0.00060501 -0.06539231 -0.01537573
v -0.00131691 -0.06554776 -0.01565057
v 0.00029703 -0.06572550 -0.01549488
v 0.00353235 -0.06569170 -0.02324599
v 0.00279993 -0.06587958 -0.02399450
v 0.00314575 -0.06543099 -0.02372997
v -0.00131691 -0.06554776 -0.01565057
v -0.00034046 -0.06597214 -0.01538515
v 0.00029703 -0.06572550 -0.01549488
v 0.00246298 -0.06539094 -0.01602596
v 0.00293773 -0.06569397 -0.01651597
v 0.00349718 -0.06539481 -0.01687866
v 0.00279993 -0.06587958 -0.02399450
v 0.00366712 -0.06600511 -0.02329230
v 0.00258076 -0.06610596 -0.02452373
v 0.00470781 -0.06551539 -0.02030915
v 0.00462371 -0.06573814 -0.01944375
v 0.00470859 -0.06587284 -0.02074790
v 0.00400484 -0.06537866 -0.02287209
v 0.00353235 -0.06569170 -0.02324599
v 0.00314575 -0.06543099 -0.02372997
v 0.00438899 -0.06595879 -0.02205908
v 0.00501329 -0.06610327 -0.01969087
v 0.00490308 -0.06609547 -0.02139467
v 0.00028080 -0.06609922 -0.01513075
v -0.00034046 -0.06597214 -0.01538515
v -0.00184894 -0.06609851 -0.01544821
v 0.00330424 -0.06592142 -0.01673758
v 0.00263315 -0.06600785 -0.01612699
v 0.00439978 -0.06609731 -0.01770651
v 0.00408983 -0.06529021 -0.02328968
v 0.00400484 -0.06537866 -0.02287209
v 0.00314575 -0.06543099 -0.02372997
v 0.00439978 -0.06609731 -0.01770651
v 0.00263315 -0.06600785 -0.01612699
v 0.00348514 -0.06609129 -0.01651263
v 0.00469923 -0.06528884 -0.01808923
v 0.00466496 -0.06539809 -0.01896727
v 0.00505114 -0.06529450 -0.01916790
v -0.00194043 -0.06529366 -0.01540291
v -0.00127542 -0.06534355 -0.01543664
v 0.00009097 -0.06529283 -0.01501208
v 0.00466496 -0.06539809 -0.01896727
v 0.00462371 -0.06573814 -0.01944375
v 0.00470781 -0.06551539 -0.02030915
v 0.00353235 -0.06569170 -0.02324599
v 0.00366712 -0.06600511 -0.02329230
v 0.00279993 -0.06587958 -0.02399450
v 0.00350368 -0.06339842 -0.01606619
v 0.00298929 -0.06529045 -0.01598250
v 0.00409311 -0.06529152 -0.01707172
v 0.00356334 -0.06339442 -0.02421379
v 0.00408983 -0.06529021 -0.02328968
v 0.00298554 -0.06529676 -0.02434909
v 0.00111574 -0.06339114 -0.02545017
v 0.00035973 -0.06529062 -0.02530348
v -0.00039303 -0.06339663 -0.02554214
v 0.00538206 -0.06339913 -0.02006262
v 0.00526744 -0.06339675 -0.01902836
v 0.00505114 -0.06529450 -0.01916790
v 0.00526744 -0.06339675 -0.01902836
v 0.00469923 -0.06528884 -0.01808923
v 0.00505114 -0.06529450 -0.01916790
v 0.00455874 -0.06340736 -0.01730537
v 0.00469923 -0.06528884 -0.01808923
v 0.00526744 -0.06339675 -0.01902836
v 0.00259489 -0.06339263 -0.02489358
v 0.00205529 -0.06529271 -0.02488750
v 0.00111574 -0.06339114 -0.02545017
v 0.00205529 -0.06529271 -0.02488750
v 0.00259489 -0.06339263 -0.02489358
v 0.00298554 -0.06529676 -0.02434909
v -0.00474417 -0.06529194 -0.02215951
v -0.00468051 -0.06339222 -0.02284044
v -0.00383282 -0.06528687 -0.02361780
v 0.00259489 -0.06339263 -0.02489358
v 0.00356334 -0.06339442 -0.02421379
v 0.00298554 -0.06529676 -0.02434909
v -0.00468051 -0.06339222 -0.02284044
v -0.00410646 -0.06340515 -0.02365177
v -0.00383282 -0.06528687 -0.02361780
v 0.00356334 -0.06339442 -0.02421379
v 0.00444835 -0.06339299 -0.02323997
v 0.00408983 -0.06529021 -0.02328968
v -0.00410646 -0.06340515 -0.02365177
v -0.00337189 -0.06338816 -0.02437520
v -0.00383282 -0.06528687 -0.02361780
v -0.00383282 -0.06528687 -0.02361780
v -0.00337189 -0.06338816 -0.02437520
v -0.00239909 -0.06529635 -0.02473068
v 0.00408983 -0.06529021 -0.02328968
v 0.00444835 -0.06339299 -0.02323997
v 0.00486869 -0.06528973 -0.02185362
v -0.00232744 -0.06339174 -0.02502322
v -0.00239909 -0.06529635 -0.02473068
v -0.00337189 -0.06338816 -0.02437520
v 0.00444835 -0.06339299 -0.02323997
v 0.00519496 -0.06339854 -0.02163285
v 0.00486869 -0.06528973 -0.02185362
v -0.00129080 -0.06339335 -0.02540642
v -0.00239909 -0.06529635 -0.02473068
v -0.00232744 -0.06339174 -0.02502322
v -0.00239909 -0.06529635 -0.02473068
v -0.00129080 -0.06339335 -0.02540642
v -0.00121480 -0.06527167 -0.02513349
v 0.00519496 -0.06339854 -0.02163285
v 0.00511938 -0.06529635 -0.02058333
v 0.00486869 -0.06528973 -0.02185362
v 0.00538206 -0.06339913 -0.02006262
v 0.00511938 -0.06529635 -0.02058333
v 0.00519496 -0.06339854 -0.02163285
v 0.00511938 -0.06529635 -0.02058333
v 0.00538206 -0.06339913 -0.02006262
v 0.00505114 -0.06529450 -0.01916790
v 0.00507420 -0.06258779 -0.02227014
v 0.00463367 -0.06266266 -0.02255219
v 0.00447387 -0.06258934 -0.02334707
v 0.00340176 -0.06318849 -0.01641923
v 0.00350368 -0.06339842 -0.01606619
v 0.00455874 -0.06340736 -0.01730537
v 0.00501972 -0.06318801 -0.01957190
v 0.00538206 -0.06339913 -0.02006262
v 0.00498873 -0.06319451 -0.02107203
v 0.00388795 -0.06310606 -0.02339619
v 0.00452435 -0.06332933 -0.02275609
v 0.00328112 -0.06332463 -0.02423352
v -0.00021741 -0.06328833 -0.01498138
v -0.00132424 -0.06339102 -0.01494342
v 0.00058952 -0.06340026 -0.01480424
v 0.00489628 -0.06260216 -0.01764899
v 0.00476527 -0.06263613 -0.01800560
v 0.00547248 -0.06257855 -0.02046424
v 0.00547248 -0.06257855 -0.02046424
v 0.00476527 -0.06263613 -0.01800560
v 0.00508189 -0.06277048 -0.01981574
v 0.00501972 -0.06318801 -0.01957190
v 0.00526744 -0.06339675 -0.01902836
v 0.00538206 -0.06339913 -0.02006262
v 0.00476527 -0.06263613 -0.01800560
v 0.00461030 -0.06288743 -0.01812422
v 0.00508189 -0.06277048 -0.01981574
v 0.00240070 -0.06263774 -0.01551532
v 0.00216401 -0.06299787 -0.01566249
v 0.00322205 -0.06277006 -0.01624321
v 0.00463367 -0.06266266 -0.02255219
v 0.00453991 -0.06299960 -0.02226912
v 0.00390625 -0.06285673 -0.02338153
v -0.00072429 -0.06282323 -0.01513898
v -0.00172377 -0.06319308 -0.01542329
v -0.00014917 -0.06310093 -0.01513063
v -0.00132185 -0.06259155 -0.01484274
v -0.00240552 -0.06258744 -0.01524972
v 0.00004997 -0.06258320 -0.01471692
v 0.00322205 -0.06277006 -0.01624321
v 0.00216401 -0.06299787 -0.01566249
v 0.00340176 -0.06318849 -0.01641923
v 0.00328112 -0.06332463 -0.02423352
v 0.00452435 -0.06332933 -0.02275609
v 0.00444835 -0.06339299 -0.02323997
v -0.00172377 -0.06319308 -0.01542329
v -0.00021741 -0.06328833 -0.01498138
v -0.00014917 -0.06310093 -0.01513063
v 0.00508189 -0.06277048 -0.01981574
v 0.00461030 -0.06288743 -0.01812422
v 0.00501972 -0.06318801 -0.01957190
v -0.00240552 -0.06258744 -0.01524972
v -0.00210750 -0.06267708 -0.01545596
v 0.00004997 -0.06258320 -0.01471692
v 0.00461030 -0.06288743 -0.01812422
v 0.00485265 -0.06322568 -0.01865208
v 0.00501972 -0.06318801 -0.01957190
v 0.00390625 -0.06285673 -0.02338153
v 0.00453991 -0.06299960 -0.02226912
v 0.00388795 -0.06310606 -0.02339619
v 0.00485265 -0.06322568 -0.01865208
v 0.00526744 -0.06339675 -0.01902836
v 0.00501972 -0.06318801 -0.01957190
v 0.00004997 -0.06258320 -0.01471692
v -0.00210750 -0.06267708 -0.01545596
v -0.00072429 -0.06282323 -0.01513898
v 0.00216401 -0.06299787 -0.01566249
v 0.00198519 -0.06332945 -0.01535815
v 0.00340176 -0.06318849 -0.01641923
v 0.00453991 -0.06299960 -0.02226912
v 0.00452435 -0.06332933 -0.02275609
v 0.00388795 -0.06310606 -0.02339619
v 0.00148827 -0.06259959 -0.01490139
v 0.00240070 -0.06263774 -0.01551532
v 0.00285846 -0.06258934 -0.01549768
v 0.00198519 -0.06332945 -0.01535815
v 0.00350368 -0.06339842 -0.01606619
v 0.00340176 -0.06318849 -0.01641923
v 0.00507420 -0.06258779 -0.02227014
v 0.00547248 -0.06257855 -0.02046424
v 0.00463367 -0.06266266 -0.02255219
v 0.00444835 -0.06339299 -0.02323997
v 0.00452435 -0.06332933 -0.02275609
v 0.00519496 -0.06339854 -0.02163285
v 0.00463367 -0.06266266 -0.02255219
v 0.00494587 -0.06281203 -0.02126789
v 0.00453991 -0.06299960 -0.02226912
v 0.00350368 -0.06339842 -0.01606619
v 0.00198519 -0.06332945 -0.01535815
v 0.00213307 -0.06339293 -0.01522392
v -0.00210750 -0.06267708 -0.01545596
v -0.00268549 -0.06294190 -0.01594084
v -0.00072429 -0.06282323 -0.01513898
v 0.00494587 -0.06281203 -0.02126789
v 0.00498873 -0.06319451 -0.02107203
v 0.00453991 -0.06299960 -0.02226912
v -0.00268549 -0.06294190 -0.01594084
v -0.00172377 -0.06319308 -0.01542329
v -0.00072429 -0.06282323 -0.01513898
v 0.00461030 -0.06288743 -0.01812422
v 0.00421256 -0.06314253 -0.01737380
v 0.00485265 -0.06322568 -0.01865208
v 0.00455874 -0.06340736 -0.01730537
v 0.00526744 -0.06339675 -0.01902836
v 0.00485265 -0.06322568 -0.01865208
v -0.00282025 -0.06330984 -0.01584798
v 0.00130951 -0.06309622 -0.01531225
v 0.00198519 -0.06332945 -0.01535815
v 0.00216401 -0.06299787 -0.01566249
v 0.00353455 -0.06259435 -0.02437442
v 0.00342965 -0.06263899 -0.02412515
v 0.00222313 -0.06258881 -0.02517229
v 0.00240070 -0.06263774 -0.01551532
v 0.00084416 -0.06271988 -0.01513457
v 0.00216401 -0.06299787 -0.01566249
v 0.00547248 -0.06257855 -0.02046424
v 0.00494587 -0.06281203 -0.02126789
v 0.00463367 -0.06266266 -0.02255219
v -0.00132424 -0.06339102 -0.01494342
v -0.00282025 -0.06330984 -0.01584798
v -0.00278455 -0.06339228 -0.01555407
v 0.00222313 -0.06258881 -0.02517229
v 0.00342965 -0.06263899 -0.02412515
v 0.00210792 -0.06266236 -0.02492040
v -0.00172377 -0.06319308 -0.01542329
v -0.00282025 -0.06330984 -0.01584798
v -0.00021741 -0.06328833 -0.01498138
v -0.00021741 -0.06328833 -0.01498138
v -0.00282025 -0.06330984 -0.01584798
v -0.00132424 -0.06339102 -0.01494342
v 0.00453991 -0.06299960 -0.02226912
v 0.00498873 -0.06319451 -0.02107203
v 0.00452435 -0.06332933 -0.02275609
v 0.00084416 -0.06271988 -0.01513457
v 0.00130951 -0.06309622 -0.01531225
v 0.00216401 -0.06299787 -0.01566249
v 0.00342965 -0.06263899 -0.02412515
v 0.00277144 -0.06300264 -0.02434492
v 0.00210792 -0.06266236 -0.02492040
v 0.00421256 -0.06314253 -0.01737380
v 0.00455874 -0.06340736 -0.01730537
v 0.00485265 -0.06322568 -0.01865208
v 0.00498873 -0.06319451 -0.02107203
v 0.00476527 -0.06263613 -0.01800560
v 0.00400734 -0.06271845 -0.01701599
v 0.00461030 -0.06288743 -0.01812422
v 0.00508189 -0.06277048 -0.01981574
v 0.00494587 -0.06281203 -0.02126789
v 0.00547248 -0.06257855 -0.02046424
v 0.00259489 -0.06339263 -0.02489358
v 0.00328112 -0.06332463 -0.02423352
v 0.00356334 -0.06339442 -0.02421379
v 0.00489628 -0.06260216 -0.01764899
v 0.00400734 -0.06271845 -0.01701599
v 0.00476527 -0.06263613 -0.01800560
v 0.00148827 -0.06259959 -0.01490139
v 0.00084416 -0.06271988 -0.01513457
v 0.00240070 -0.06263774 -0.01551532
v 0.00400734 -0.06271845 -0.01701599
v 0.00421256 -0.06314253 -0.01737380
v 0.00461030 -0.06288743 -0.01812422
v 0.00198519 -0.06332945 -0.01535815
v 0.00058952 -0.06340026 -0.01480424
v 0.00213307 -0.06339293 -0.01522392
v 0.00353455 -0.06259435 -0.02437442
v 0.00447387 -0.06258934 -0.02334707
v 0.00342965 -0.06263899 -0.02412515
v 0.00130951 -0.06309622 -0.01531225
v -0.00021741 -0.06328833 -0.01498138
v 0.00198519 -0.06332945 -0.01535815
v 0.00342965 -0.06263899 -0.02412515
v 0.00390625 -0.06285673 -0.02338153
v 0.00277144 -0.06300264 -0.02434492
v 0.00084416 -0.06271988 -0.01513457
v -0.00014917 -0.06310093 -0.01513063
v 0.00130951 -0.06309622 -0.01531225
v 0.00340176 -0.06318849 -0.01641923
v 0.00455874 -0.06340736 -0.01730537
v 0.00421256 -0.06314253 -0.01737380
v -0.00021741 -0.06328833 -0.01498138
v 0.00058952 -0.06340026 -0.01480424
v 0.00198519 -0.06332945 -0.01535815
v 0.00390625 -0.06285673 -0.02338153
v 0.00388795 -0.06310606 -0.02339619
v 0.00277144 -0.06300264 -0.02434492
v 0.00489628 -0.06260216 -0.01764899
v 0.00322205 -0.06277006 -0.01624321
v 0.00400734 -0.06271845 -0.01701599
v 0.00508189 -0.06277048 -0.01981574
v 0.00498873 -0.06319451 -0.02107203
v 0.00494587 -0.06281203 -0.02126789
v -0.00014917 -0.06310093 -0.01513063
v -0.00021741 -0.06328833 -0.01498138
v 0.00130951 -0.06309622 -0.01531225
v 0.00374144 -0.06259477 -0.01617187
v 0.00240070 -0.06263774 -0.01551532
v 0.00489628 -0.06260216 -0.01764899
v 0.00388795 -0.06310606 -0.02339619
v 0.00328112 -0.06332463 -0.02423352
v 0.00277144 -0.06300264 -0.02434492
v 0.00356334 -0.06339442 -0.02421379
v 0.00328112 -0.06332463 -0.02423352
v 0.00444835 -0.06339299 -0.02323997
v -0.00072429 -0.06282323 -0.01513898
v -0.00014917 -0.06310093 -0.01513063
v 0.00084416 -0.06271988 -0.01513457
v 0.00148827 -0.06259959 -0.01490139
v 0.00004997 -0.06258320 -0.01471692
v 0.00084416 -0.06271988 -0.01513457
v 0.00322205 -0.06277006 -0.01624321
v 0.00340176 -0.06318849 -0.01641923
v 0.00400734 -0.06271845 -0.01701599
v 0.00400734 -0.06271845 -0.01701599
v 0.00340176 -0.06318849 -0.01641923
v 0.00421256 -0.06314253 -0.01737380
v 0.00240070 -0.06263774 -0.01551532
v 0.00322205 -0.06277006 -0.01624321
v 0.00489628 -0.06260216 -0.01764899
v 0.00508189 -0.06277048 -0.01981574
v 0.00501972 -0.06318801 -0.01957190
v 0.00498873 -0.06319451 -0.02107203
v 0.00447387 -0.06258934 -0.02334707
v 0.00463367 -0.06266266 -0.02255219
v 0.00342965 -0.06263899 -0.02412515
v 0.00498873 -0.06319451 -0.02107203
v 0.00538206 -0.06339913 -0.02006262
v 0.00519496 -0.06339854 -0.02163285
v 0.00004997 -0.06258320 -0.01471692
v -0.00072429 -0.06282323 -0.01513898
v 0.00084416 -0.06271988 -0.01513457
v 0.00285846 -0.06258934 -0.01549768
v 0.00240070 -0.06263774 -0.01551532
v 0.00374144 -0.06259477 -0.01617187
v 0.00463367 -0.06266266 -0.02255219
v 0.00390625 -0.06285673 -0.02338153
v 0.00342965 -0.06263899 -0.02412515
v 0.00543481 -0.06259447 -0.01947689
v 0.00489628 -0.06260216 -0.01764899
v 0.00547248 -0.06257855 -0.02046424
v 0.00528675 -0.06060940 -0.01819342
v 0.00484240 -0.06216198 -0.01752007
v 0.00489628 -0.06260216 -0.01764899
v 0.00489628 -0.06260216 -0.01764899
v 0.00452435 -0.06059819 -0.01679039
v 0.00374144 -0.06259477 -0.01617187
v 0.00459355 -0.05970180 -0.01679915
v 0.00360423 -0.05869859 -0.01569736
v 0.00452435 -0.06059819 -0.01679039
v 0.00452435 -0.06059819 -0.01679039
v 0.00360423 -0.05869859 -0.01569736
v 0.00374144 -0.06259477 -0.01617187
v 0.00374144 -0.06259477 -0.01617187
v 0.00360423 -0.05869859 -0.01569736
v 0.00285846 -0.06258934 -0.01549768
v 0.00360423 -0.05869859 -0.01569736
v 0.00242728 -0.05954915 -0.01501297
v 0.00285846 -0.06258934 -0.01549768
v 0.00452435 -0.06059819 -0.01679039
v 0.00481677 -0.06061828 -0.01724880
v 0.00459355 -0.05970180 -0.01679915
v 0.00459355 -0.05970180 -0.01679915
v 0.00481677 -0.06061828 -0.01724880
v 0.00486141 -0.05971968 -0.01722449
v 0.00484240 -0.06216198 -0.01752007
v 0.00452435 -0.06059819 -0.01679039
v 0.00489628 -0.06260216 -0.01764899
v 0.00505948 -0.06061840 -0.01768440
v 0.00528675 -0.06060940 -0.01819342
v 0.00510043 -0.05971968 -0.01766246
v 0.00531656 -0.05970203 -0.01811689
v 0.00510043 -0.05971968 -0.01766246
v 0.00528675 -0.06060940 -0.01819342
v 0.00222313 -0.06258881 -0.02517229
v 0.00273389 -0.05965042 -0.02517575
v 0.00353455 -0.06259435 -0.02437442
v 0.00285846 -0.06258934 -0.01549768
v 0.00242728 -0.05954915 -0.01501297
v 0.00148827 -0.06259959 -0.01490139
v 0.00242728 -0.05954915 -0.01501297
v 0.00162792 -0.05871284 -0.01467782
v 0.00148827 -0.06259959 -0.01490139
v 0.00273389 -0.05965042 -0.02517575
v 0.00347650 -0.05879104 -0.02472949
v 0.00353455 -0.06259435 -0.02437442
v 0.00347650 -0.05879104 -0.02472949
v 0.00417638 -0.05857712 -0.02411270
v 0.00353455 -0.06259435 -0.02437442
v 0.00148827 -0.06259959 -0.01490139
v 0.00162792 -0.05871284 -0.01467782
v 0.00074734 -0.05962795 -0.01451987
v 0.00353455 -0.06259435 -0.02437442
v 0.00417638 -0.05857712 -0.02411270
v 0.00447387 -0.06258934 -0.02334707
v 0.00148827 -0.06259959 -0.01490139
v 0.00074734 -0.05962795 -0.01451987
v 0.00004997 -0.06258320 -0.01471692
v 0.00417638 -0.05857712 -0.02411270
v 0.00485301 -0.05910307 -0.02320814
v 0.00447387 -0.06258934 -0.02334707
v 0.00074734 -0.05962795 -0.01451987
v -0.00018760 -0.05952411 -0.01447254
v 0.00004997 -0.06258320 -0.01471692
v 0.00447387 -0.06258934 -0.02334707
v 0.00485301 -0.05910307 -0.02320814
v 0.00507420 -0.06258779 -0.02227014
v -0.00018760 -0.05952411 -0.01447254
v -0.00132185 -0.06259155 -0.01484274
v 0.00004997 -0.06258320 -0.01471692
v -0.00018760 -0.05952411 -0.01447254
v -0.00098003 -0.05910366 -0.01454359
v -0.00132185 -0.06259155 -0.01484274
v 0.00485301 -0.05910307 -0.02320814
v 0.00541371 -0.05868816 -0.02207458
v 0.00507420 -0.06258779 -0.02227014
v 0.00541371 -0.05868816 -0.02207458
v 0.00548726 -0.06048607 -0.02148890
v 0.00507420 -0.06258779 -0.02227014
v -0.00098003 -0.05910366 -0.01454359
v -0.00190395 -0.05892992 -0.01477402
v -0.00132185 -0.06259155 -0.01484274
v 0.00507420 -0.06258779 -0.02227014
v 0.00548726 -0.06048607 -0.02148890
v 0.00547248 -0.06257855 -0.02046424
v 0.00541371 -0.05868816 -0.02207458
v 0.00574034 -0.05860745 -0.02046358
v 0.00548726 -0.06048607 -0.02148890
v -0.00132185 -0.06259155 -0.01484274
v -0.00190395 -0.05892992 -0.01477402
v -0.00240552 -0.06258744 -0.01524972
v 0.00548726 -0.06048607 -0.02148890
v 0.00574034 -0.05860745 -0.02046358
v 0.00547248 -0.06257855 -0.02046424
v -0.00190395 -0.05892992 -0.01477402
v -0.00299156 -0.05863261 -0.01526916
v -0.00240552 -0.06258744 -0.01524972
v 0.00547248 -0.06257855 -0.02046424
v 0.00574034 -0.05860745 -0.02046358
v 0.00543481 -0.06259447 -0.01947689
v 0.00574034 -0.05860745 -0.02046358
v 0.00564599 -0.05884963 -0.01920342
v 0.00543481 -0.06259447 -0.01947689
v 0.00564599 -0.05884963 -0.01920342
v 0.00528675 -0.06060940 -0.01819342
v 0.00543481 -0.06259447 -0.01947689
v 0.00543481 -0.06259447 -0.01947689
v 0.00528675 -0.06060940 -0.01819342
v 0.00489628 -0.06260216 -0.01764899
v 0.00564599 -0.05884963 -0.01920342
v 0.00531656 -0.05970203 -0.01811689
v 0.00528675 -0.06060940 -0.01819342
v 0.00495791 -0.04738867 -0.02307355
v 0.00541371 -0.05868816 -0.02207458
v 0.00485301 -0.05910307 -0.02320814
v -0.00247461 -0.05204278 -0.01501137
v -0.00280327 -0.05222934 -0.01516360
v -0.00299156 -0.05863261 -0.01526916
v 0.00495791 -0.04738867 -0.02307355
v 0.00485301 -0.05910307 -0.02320814
v 0.00417638 -0.05857712 -0.02411270
v -0.00256169 -0.04674333 -0.01503247
v -0.00197238 -0.04549390 -0.01472312
v -0.00298262 -0.04711902 -0.01527249
v 0.00434572 -0.04741698 -0.02390468
v 0.00417638 -0.05857712 -0.02411270
v 0.00418705 -0.05203706 -0.02407675
v -0.00190395 -0.05892992 -0.01477402
v -0.00213307 -0.04738301 -0.01483732
v 0.00404262 -0.05212783 -0.02419346
v 0.00418705 -0.05203706 -0.02407675
v 0.00417638 -0.05857712 -0.02411270
v 0.00378865 -0.05206269 -0.02448213
v 0.00404262 -0.05212783 -0.02419346
v 0.00417638 -0.05857712 -0.02411270
v -0.00213307 -0.04738301 -0.01483732
v -0.00190395 -0.05892992 -0.01477402
v -0.00098003 -0.05910366 -0.01454359
v -0.00019514 -0.04738330 -0.01442801
v -0.00098003 -0.05910366 -0.01454359
v -0.00018760 -0.05952411 -0.01447254
v 0.00023146 -0.04549390 -0.01440495
v -0.00197238 -0.04549390 -0.01472312
v -0.00107413 -0.04674232 -0.01453644
v -0.00019514 -0.04738330 -0.01442801
v -0.00018760 -0.05952411 -0.01447254
v 0.00074734 -0.05962795 -0.01451987
v 0.00378865 -0.05206269 -0.02448213
v 0.00417638 -0.05857712 -0.02411270
v 0.00347650 -0.05879104 -0.02472949
v 0.00105804 -0.04741728 -0.01454550
v 0.00074734 -0.05962795 -0.01451987
v 0.00130540 -0.05224889 -0.01458001
v 0.00130540 -0.05224889 -0.01458001
v 0.00074734 -0.05962795 -0.01451987
v 0.00162792 -0.05871284 -0.01467782
v 0.00325960 -0.04549390 -0.02492952
v 0.00378865 -0.05206269 -0.02448213
v 0.00347650 -0.05879104 -0.02472949
v 0.00325960 -0.04549390 -0.02492952
v 0.00442696 -0.04549390 -0.02388757
v 0.00403613 -0.04678303 -0.02425867
v 0.00325960 -0.04549390 -0.02492952
v 0.00403613 -0.04678303 -0.02425867
v 0.00377357 -0.04720449 -0.02449214
v 0.00325960 -0.04549390 -0.02492952
v 0.00377357 -0.04720449 -0.02449214
v 0.00378865 -0.05206269 -0.02448213
v 0.00325960 -0.04549390 -0.02492952
v 0.00347650 -0.05879104 -0.02472949
v 0.00273389 -0.05965042 -0.02517575
v -0.00256169 -0.04674333 -0.01503247
v -0.00107413 -0.04674232 -0.01453644
v -0.00197238 -0.04549390 -0.01472312
v -0.00107413 -0.04674232 -0.01453644
v 0.00015535 -0.04671698 -0.01442652
v 0.00023146 -0.04549390 -0.01440495
v 0.00015535 -0.04671698 -0.01442652
v 0.00153595 -0.04678678 -0.01464152
v 0.00023146 -0.04549390 -0.01440495
v 0.00105804 -0.04741728 -0.01454550
v -0.00019514 -0.04738330 -0.01442801
v 0.00074734 -0.05962795 -0.01451987
v -0.00019514 -0.04738330 -0.01442801
v -0.00213307 -0.04738301 -0.01483732
v -0.00098003 -0.05910366 -0.01454359
v 0.00568610 -0.04682928 -0.02051872
v 0.00554985 -0.04674702 -0.02162593
v 0.00560516 -0.04549384 -0.02170586
v 0.00554985 -0.04674702 -0.02162593
v 0.00529385 -0.04680204 -0.02227568
v 0.00560516 -0.04549384 -0.02170586
v 0.00529385 -0.04680204 -0.02227568
v 0.00489992 -0.04671955 -0.02318024
v 0.00560516 -0.04549384 -0.02170586
v 0.00489992 -0.04671955 -0.02318024
v 0.00442696 -0.04549390 -0.02388757
v 0.00560516 -0.04549384 -0.02170586
v 0.00489992 -0.04671955 -0.02318024
v 0.00403613 -0.04678303 -0.02425867
v 0.00442696 -0.04549390 -0.02388757
v 0.00434572 -0.04741698 -0.02390468
v 0.00495791 -0.04738867 -0.02307355
v 0.00417638 -0.05857712 -0.02411270
v 0.00495791 -0.04738867 -0.02307355
v 0.00545609 -0.04738175 -0.02197128
v 0.00541371 -0.05868816 -0.02207458
v 0.00545609 -0.04738175 -0.02197128
v 0.00568140 -0.04738557 -0.02099066
v 0.00574034 -0.05860745 -0.02046358
v 0.00182718 -0.05206036 -0.01473999
v 0.00130540 -0.05224889 -0.01458001
v 0.00162792 -0.05871284 -0.01467782
v 0.00275546 -0.04549384 -0.01503366
v 0.00023146 -0.04549390 -0.01440495
v 0.00153595 -0.04678678 -0.01464152
v 0.00242728 -0.05954915 -0.01501297
v 0.00182718 -0.05206036 -0.01473999
v 0.00162792 -0.05871284 -0.01467782
v 0.00275546 -0.04549384 -0.01503366
v 0.00153595 -0.04678678 -0.01464152
v 0.00182450 -0.04716742 -0.01474457
v 0.00275546 -0.04549384 -0.01503366
v 0.00182718 -0.05206036 -0.01473999
v 0.00242728 -0.05954915 -0.01501297
v 0.00275546 -0.04549384 -0.01503366
v 0.00182450 -0.04716742 -0.01474457
v 0.00275546 -0.04549384 -0.01503366
v 0.00242728 -0.05954915 -0.01501297
v 0.00360423 -0.05869859 -0.01569736
v 0.00482464 -0.04549390 -0.01698440
v 0.00360423 -0.05869859 -0.01569736
v 0.00459355 -0.05970180 -0.01679915
v 0.00482464 -0.04549390 -0.01698440
v 0.00275546 -0.04549384 -0.01503366
v 0.00360423 -0.05869859 -0.01569736
v 0.00482464 -0.04549390 -0.01698440
v 0.00459355 -0.05970180 -0.01679915
v 0.00503981 -0.05817246 -0.01741254
v 0.00482464 -0.04549390 -0.01698440
v 0.00503981 -0.05817246 -0.01741254
v 0.00531656 -0.05970203 -0.01811689
v 0.00571400 -0.04549384 -0.01920622
v 0.00482464 -0.04549390 -0.01698440
v 0.00531656 -0.05970203 -0.01811689
v 0.00571400 -0.04549384 -0.01920622
v 0.00531656 -0.05970203 -0.01811689
v 0.00564599 -0.05884963 -0.01920342
v 0.00573951 -0.05222558 -0.02033597
v 0.00572801 -0.05204188 -0.02006107
v 0.00574034 -0.05860745 -0.02046358
v 0.00571400 -0.04549384 -0.01920622
v 0.00564599 -0.05884963 -0.01920342
v 0.00574034 -0.05860745 -0.02046358
v 0.00571400 -0.04549384 -0.01920622
v 0.00574034 -0.05860745 -0.02046358
v 0.00572801 -0.05204188 -0.02006107
v 0.00573361 -0.04704266 -0.02008301
v 0.00571400 -0.04549384 -0.01920622
v 0.00572801 -0.05204188 -0.02006107
v 0.00570887 -0.05204266 -0.02061218
v 0.00573951 -0.05222558 -0.02033597
v 0.00574034 -0.05860745 -0.02046358
v 0.00560516 -0.04549384 -0.02170586
v 0.00571400 -0.04549384 -0.01920622
v 0.00573361 -0.04704266 -0.02008301
v 0.00560516 -0.04549384 -0.02170586
v 0.00573361 -0.04704266 -0.02008301
v 0.00568610 -0.04682928 -0.02051872
v 0.00568140 -0.04738557 -0.02099066
v 0.00570887 -0.05204266 -0.02061218
v 0.00574034 -0.05860745 -0.02046358
v 0.00545609 -0.04738175 -0.02197128
v 0.00574034 -0.05860745 -0.02046358
v 0.00541371 -0.05868816 -0.02207458
v -0.00101727 -0.05974704 -0.02577656
v -0.00081033 -0.05964028 -0.02583885
v -0.00037434 -0.05971974 -0.02584815
v -0.00276947 -0.05198431 -0.02501595
v -0.00276011 -0.04721403 -0.02499699
v -0.00277448 -0.04715687 -0.02518254
v -0.00274426 -0.05203241 -0.02521145
v -0.00276947 -0.05198431 -0.02501595
v -0.00277448 -0.04715687 -0.02518254
v -0.00274426 -0.05203241 -0.02521145
v -0.00300902 -0.05222564 -0.02506381
v -0.00293046 -0.05210822 -0.02497059
v -0.00274426 -0.05203241 -0.02521145
v -0.00293046 -0.05210822 -0.02497059
v -0.00276947 -0.05198431 -0.02501595
v -0.00300902 -0.05222564 -0.02506381
v -0.00323278 -0.05204272 -0.02489906
v -0.00293046 -0.05210822 -0.02497059
v -0.00336283 -0.04746997 -0.02476513
v -0.00323278 -0.05204272 -0.02489906
v -0.00354755 -0.04738587 -0.02468568
v -0.00547326 -0.05203717 -0.02184921
v -0.00539315 -0.04753458 -0.02199476
v -0.00536984 -0.04738253 -0.02221179
v -0.00562489 -0.05206269 -0.02130073
v -0.00543612 -0.05199450 -0.02136713
v -0.00551111 -0.05213975 -0.02159667
v -0.00562489 -0.05206269 -0.02130073
v -0.00562644 -0.04720515 -0.02128165
v -0.00544488 -0.04722839 -0.02136749
v -0.00543612 -0.05199450 -0.02136713
v -0.00562489 -0.05206269 -0.02130073
v -0.00544488 -0.04722839 -0.02136749
v -0.00545579 -0.04698020 -0.02152574
v -0.00562644 -0.04720515 -0.02128165
v -0.00551194 -0.04683107 -0.02168828
v -0.00545579 -0.04698020 -0.02152574
v -0.00544488 -0.04722839 -0.02136749
v -0.00562644 -0.04720515 -0.02128165
v -0.00403267 -0.04674565 -0.02425462
v -0.00303274 -0.04677999 -0.02505064
v -0.00304478 -0.04687219 -0.02490431
v -0.00405926 -0.04682838 -0.02410852
v -0.00403267 -0.04674565 -0.02425462
v -0.00304478 -0.04687219 -0.02490431
v -0.00405926 -0.04682838 -0.02410852
v -0.00473630 -0.04678529 -0.02336221
v -0.00403267 -0.04674565 -0.02425462
v -0.00277448 -0.04715687 -0.02518254
v -0.00304478 -0.04687219 -0.02490431
v -0.00303274 -0.04677999 -0.02505064
v -0.00276011 -0.04721403 -0.02499699
v -0.00304478 -0.04687219 -0.02490431
v -0.00277448 -0.04715687 -0.02518254
v 0.00573951 -0.05222558 -0.02033597
v 0.00570887 -0.05204266 -0.02061218
v 0.00561929 -0.05210822 -0.02031439
v 0.00565773 -0.04746997 -0.02079153
v 0.00570887 -0.05204266 -0.02061218
v 0.00568140 -0.04738557 -0.02099066
v 0.00404262 -0.05212783 -0.02419346
v 0.00378865 -0.05206269 -0.02448213
v 0.00377584 -0.05203855 -0.02428293
v 0.00378865 -0.05206269 -0.02448213
v 0.00377357 -0.04720449 -0.02449214
v 0.00375664 -0.04722797 -0.02429342
v 0.00377584 -0.05203855 -0.02428293
v 0.00378865 -0.05206269 -0.02448213
v 0.00375664 -0.04722797 -0.02429342
v 0.00395733 -0.04689455 -0.02416265
v 0.00377357 -0.04720449 -0.02449214
v 0.00403613 -0.04678303 -0.02425867
v 0.00395733 -0.04689455 -0.02416265
v 0.00375664 -0.04722797 -0.02429342
v 0.00377357 -0.04720449 -0.02449214
v 0.00403613 -0.04678303 -0.02425867
v 0.00489992 -0.04671955 -0.02318024
v 0.00490469 -0.04682219 -0.02300781
v 0.00490469 -0.04682219 -0.02300781
v 0.00395733 -0.04689455 -0.02416265
v 0.00403613 -0.04678303 -0.02425867
v 0.00551003 -0.04682672 -0.02143472
v 0.00554985 -0.04674702 -0.02162593
v 0.00568610 -0.04682928 -0.02051872
v 0.00551003 -0.04682672 -0.02143472
v 0.00529385 -0.04680204 -0.02227568
v 0.00554985 -0.04674702 -0.02162593
v 0.00490469 -0.04682219 -0.02300781
v 0.00489992 -0.04671955 -0.02318024
v 0.00529385 -0.04680204 -0.02227568
v 0.00573361 -0.04704266 -0.02008301
v 0.00556976 -0.04707998 -0.02019286
v 0.00568610 -0.04682928 -0.02051872
v 0.00572801 -0.05204188 -0.02006107
v 0.00555462 -0.05197310 -0.02014714
v 0.00556976 -0.04707998 -0.02019286
v 0.00572801 -0.05204188 -0.02006107
v 0.00556976 -0.04707998 -0.02019286
v 0.00573361 -0.04704266 -0.02008301
v 0.00572801 -0.05204188 -0.02006107
v 0.00561929 -0.05210822 -0.02031439
v 0.00555462 -0.05197310 -0.02014714
v 0.00572801 -0.05204188 -0.02006107
v 0.00573951 -0.05222558 -0.02033597
v 0.00561929 -0.05210822 -0.02031439
v -0.00280327 -0.05222934 -0.01516360
v -0.00247461 -0.05204278 -0.01501137
v -0.00264114 -0.05210632 -0.01520836
v -0.00230348 -0.04751592 -0.01496464
v -0.00247461 -0.05204278 -0.01501137
v -0.00213307 -0.04738301 -0.01483732
v 0.00132185 -0.05206429 -0.01464468
v 0.00105804 -0.04741728 -0.01454550
v 0.00130540 -0.05224889 -0.01458001
v 0.00132185 -0.05206429 -0.01464468
v 0.00130540 -0.05224889 -0.01458001
v 0.00165802 -0.05205816 -0.01484704
v 0.00130540 -0.05224889 -0.01458001
v 0.00182718 -0.05206036 -0.01473999
v 0.00165802 -0.05205816 -0.01484704
v 0.00182718 -0.05206036 -0.01473999
v 0.00182450 -0.04716742 -0.01474457
v 0.00168777 -0.04723984 -0.01488280
v 0.00165802 -0.05205816 -0.01484704
v 0.00182718 -0.05206036 -0.01473999
v 0.00168777 -0.04723984 -0.01488280
v 0.00146693 -0.04689550 -0.01476866
v 0.00182450 -0.04716742 -0.01474457
v 0.00153595 -0.04678678 -0.01464152
v 0.00146693 -0.04689550 -0.01476866
v 0.00168777 -0.04723984 -0.01488280
v 0.00182450 -0.04716742 -0.01474457
v 0.00153595 -0.04678678 -0.01464152
v 0.00015535 -0.04671698 -0.01442652
v 0.00000231 -0.04682219 -0.01451021
v 0.00000231 -0.04682219 -0.01451021
v 0.00146693 -0.04689550 -0.01476866
v 0.00153595 -0.04678678 -0.01464152
v -0.00155634 -0.04682070 -0.01472038
v -0.00256169 -0.04674333 -0.01503247
v -0.00248003 -0.04685539 -0.01517105
v -0.00155634 -0.04682070 -0.01472038
v -0.00107413 -0.04674232 -0.01453644
v -0.00256169 -0.04674333 -0.01503247
v -0.00107413 -0.04674232 -0.01453644
v -0.00155634 -0.04682070 -0.01472038
v 0.00000231 -0.04682219 -0.01451021
v 0.00000231 -0.04682219 -0.01451021
v 0.00015535 -0.04671698 -0.01442652
v -0.00107413 -0.04674232 -0.01453644
v -0.00278634 -0.04714137 -0.01535069
v -0.00256169 -0.04674333 -0.01503247
v -0.00298262 -0.04711902 -0.01527249
v -0.00278634 -0.04714137 -0.01535069
v -0.00248003 -0.04685539 -0.01517105
v -0.00256169 -0.04674333 -0.01503247
v -0.00280577 -0.05200874 -0.01534301
v -0.00278634 -0.04714137 -0.01535069
v -0.00298262 -0.04711902 -0.01527249
v -0.00302625 -0.05200344 -0.01529026
v -0.00280577 -0.05200874 -0.01534301
v -0.00298262 -0.04711902 -0.01527249
v -0.00280327 -0.05222934 -0.01516360
v -0.00264114 -0.05210632 -0.01520836
v -0.00280577 -0.05200874 -0.01534301
v -0.00302625 -0.05200344 -0.01529026
v -0.00280327 -0.05222934 -0.01516360
v -0.00280577 -0.05200874 -0.01534301
v -0.00043091 -0.04554009 -0.02517354
v -0.00038197 -0.04549396 -0.02448034
v 0.00132877 -0.04548978 -0.02431178
v 0.00151390 -0.04549390 -0.02575904
v 0.00132877 -0.04548978 -0.02431178
v 0.00150895 -0.04554361 -0.02495276
v 0.00151390 -0.04549390 -0.02575904
v -0.00043091 -0.04554009 -0.02517354
v 0.00132877 -0.04548978 -0.02431178
v 0.00050228 -0.04552882 -0.01513677
v 0.00023146 -0.04549390 -0.01440495
v 0.00275546 -0.04549384 -0.01503366
v -0.00063608 -0.04549390 -0.02591133
v -0.00043091 -0.04554009 -0.02517354
v 0.00151390 -0.04549390 -0.02575904
v -0.00253111 -0.04549390 -0.02536487
v -0.00338215 -0.04552716 -0.02393519
v -0.00187844 -0.04552847 -0.02486515
v 0.00179779 -0.04552882 -0.01548355
v -0.00253111 -0.04549390 -0.02536487
v -0.00405651 -0.04549390 -0.02428287
v -0.00338215 -0.04552716 -0.02393519
v -0.00063608 -0.04549390 -0.02591133
v -0.00187844 -0.04552847 -0.02486515
v -0.00043091 -0.04554009 -0.02517354
v 0.00298458 -0.04551064 -0.01611644
v 0.00179779 -0.04552882 -0.01548355
v 0.00275546 -0.04549384 -0.01503366
v -0.00063608 -0.04549390 -0.02591133
v -0.00253111 -0.04549390 -0.02536487
v -0.00187844 -0.04552847 -0.02486515
v -0.00103235 -0.04552412 -0.01522392
v 0.00023146 -0.04549390 -0.01440495
v 0.00050228 -0.04552882 -0.01513677
v 0.00378364 -0.04551839 -0.01680976
v 0.00298458 -0.04551064 -0.01611644
v 0.00275546 -0.04549384 -0.01503366
v -0.00197238 -0.04549390 -0.01472312
v 0.00378364 -0.04551839 -0.01680976
v 0.00275546 -0.04549384 -0.01503366
v 0.00482464 -0.04549390 -0.01698440
v 0.00188470 -0.04553264 -0.01631087
v 0.00179779 -0.04552882 -0.01548355
v 0.00298458 -0.04551064 -0.01611644
v 0.00227016 -0.04557079 -0.01651746
v 0.00188470 -0.04553264 -0.01631087
v 0.00298458 -0.04551064 -0.01611644
v -0.00275713 -0.04553204 -0.01595300
v -0.00197238 -0.04549390 -0.01472312
v -0.00103235 -0.04552412 -0.01522392
v 0.00452900 -0.04552668 -0.01789784
v -0.00275713 -0.04553204 -0.01595300
v -0.00350517 -0.04549390 -0.01559877
v -0.00197238 -0.04549390 -0.01472312
v 0.00452900 -0.04552668 -0.01789784
v 0.00482464 -0.04549390 -0.01698440
v 0.00571400 -0.04549384 -0.01920622
v 0.00502157 -0.04553711 -0.01956111
v -0.00381082 -0.04551041 -0.01685953
v -0.00482363 -0.04549390 -0.01697438
v -0.00350517 -0.04549390 -0.01559877
v -0.00381082 -0.04551041 -0.01685953
v -0.00275713 -0.04553204 -0.01595300
v -0.00267583 -0.04553550 -0.01680934
v -0.00381082 -0.04551041 -0.01685953
v -0.00350517 -0.04549390 -0.01559877
v -0.00275713 -0.04553204 -0.01595300
v -0.00381082 -0.04551041 -0.01685953
v -0.00267583 -0.04553550 -0.01680934
v -0.00300854 -0.04556816 -0.01709771
v -0.00444066 -0.04551625 -0.01772969
v 0.00560516 -0.04549384 -0.02170586
v 0.00502157 -0.04553711 -0.01956111
v 0.00571400 -0.04549384 -0.01920622
v 0.00486779 -0.04552686 -0.02155685
v 0.00502157 -0.04553711 -0.01956111
v 0.00560516 -0.04549384 -0.02170586
v -0.00570256 -0.04549390 -0.01918166
v -0.00482363 -0.04549390 -0.01697438
v -0.00444066 -0.04551625 -0.01772969
v -0.00490576 -0.04552698 -0.01889461
v -0.00570256 -0.04549390 -0.01918166
v -0.00444066 -0.04551625 -0.01772969
v 0.00410157 -0.04552692 -0.02313745
v 0.00486779 -0.04552686 -0.02155685
v 0.00560516 -0.04549384 -0.02170586
v 0.00442696 -0.04549390 -0.02388757
v 0.00410157 -0.04552692 -0.02313745
v 0.00560516 -0.04549384 -0.02170586
v -0.00503963 -0.04553562 -0.02063560
v -0.00570256 -0.04549390 -0.01918166
v -0.00490576 -0.04552698 -0.01889461
v -0.00567949 -0.04549390 -0.02113199
v -0.00570256 -0.04549390 -0.01918166
v -0.00503963 -0.04553562 -0.02063560
v 0.00442696 -0.04549390 -0.02388757
v 0.00268590 -0.04553020 -0.02447706
v 0.00410157 -0.04552692 -0.02313745
v -0.00519150 -0.04549390 -0.02270865
v -0.00567949 -0.04549390 -0.02113199
v -0.00503963 -0.04553562 -0.02063560
v -0.00519150 -0.04549390 -0.02270865
v -0.00503963 -0.04553562 -0.02063560
v -0.00446135 -0.04552716 -0.02255851
v 0.00325960 -0.04549390 -0.02492952
v 0.00268590 -0.04553020 -0.02447706
v 0.00442696 -0.04549390 -0.02388757
v 0.00151390 -0.04549390 -0.02575904
v 0.00268590 -0.04553020 -0.02447706
v 0.00325960 -0.04549390 -0.02492952
v 0.00151390 -0.04549390 -0.02575904
v 0.00150895 -0.04554361 -0.02495276
v 0.00268590 -0.04553020 -0.02447706
v -0.00405651 -0.04549390 -0.02428287
v -0.00519150 -0.04549390 -0.02270865
v -0.00446135 -0.04552716 -0.02255851
v -0.00338215 -0.04552716 -0.02393519
v 0.00001086 -0.04948252 -0.02592426
v -0.00002521 -0.04599398 -0.02594578
v 0.00043562 -0.04932934 -0.02560716
v -0.00002521 -0.04599398 -0.02594578
v 0.00063198 -0.04599386 -0.02554124
v 0.00043562 -0.04932934 -0.02560716
v 0.00063198 -0.04599386 -0.02554124
v -0.00002521 -0.04599398 -0.02594578
v 0.00127691 -0.04599386 -0.02578049
v 0.00072099 -0.04936182 -0.02557075
v 0.00063198 -0.04599386 -0.02554124
v 0.00124794 -0.04943972 -0.02578634
v 0.00063198 -0.04599386 -0.02554124
v 0.00127691 -0.04599386 -0.02578049
v 0.00124794 -0.04943972 -0.02578634
v 0.00069128 -0.04995530 -0.02588582
v 0.00072099 -0.04936182 -0.02557075
v 0.00124794 -0.04943972 -0.02578634
v 0.00069128 -0.04995530 -0.02588582
v 0.00043562 -0.04932934 -0.02560716
v 0.00072099 -0.04936182 -0.02557075
v 0.00001086 -0.04948252 -0.02592426
v 0.00043562 -0.04932934 -0.02560716
v 0.00069128 -0.04995530 -0.02588582
v 0.00503981 -0.05817246 -0.01741254
v 0.00510043 -0.05971968 -0.01766246
v 0.00531656 -0.05970203 -0.01811689
v 0.00503981 -0.05817246 -0.01741254
v 0.00486141 -0.05971968 -0.01722449
v 0.00510043 -0.05971968 -0.01766246
v 0.00486141 -0.05971968 -0.01722449
v 0.00505948 -0.06061840 -0.01768440
v 0.00510043 -0.05971968 -0.01766246
v 0.00503981 -0.05817246 -0.01741254
v 0.00459355 -0.05970180 -0.01679915
v 0.00486141 -0.05971968 -0.01722449
v 0.00486141 -0.05971968 -0.01722449
v 0.00481677 -0.06061828 -0.01724880
v 0.00505948 -0.06061840 -0.01768440
v 0.00452435 -0.06059819 -0.01679039
v 0.00484240 -0.06216198 -0.01752007
v 0.00481677 -0.06061828 -0.01724880
v 0.00505948 -0.06061840 -0.01768440
v 0.00484240 -0.06216198 -0.01752007
v 0.00528675 -0.06060940 -0.01819342
v 0.00481677 -0.06061828 -0.01724880
v 0.00484240 -0.06216198 -0.01752007
v 0.00505948 -0.06061840 -0.01768440
v -0.00089008 -0.06061732 -0.02573567
v -0.00037302 -0.06061822 -0.02579689
v -0.00012261 -0.06216156 -0.02569890
v -0.00037302 -0.06061822 -0.02579689
v 0.00012525 -0.06061834 -0.02580899
v -0.00012261 -0.06216156 -0.02569890
v -0.00037302 -0.06061822 -0.02579689
v -0.00037434 -0.05971974 -0.02584815
v 0.00012525 -0.06061834 -0.02580899
v -0.00012261 -0.06216156 -0.02569890
v -0.00037434 -0.05971974 -0.02584815
v 0.00012456 -0.05971968 -0.02585804
v 0.00012525 -0.06061834 -0.02580899
v 0.00012456 -0.05971968 -0.02585804
v -0.00012279 -0.05817478 -0.02592867
v 0.00068337 -0.05971693 -0.02583909
v -0.00081033 -0.05964028 -0.02583885
v -0.00012279 -0.05817478 -0.02592867
v -0.00037434 -0.05971974 -0.02584815
v -0.00012279 -0.05817478 -0.02592867
v -0.00437146 -0.06061667 -0.01662379
v -0.00468522 -0.06061840 -0.01703763
v -0.00471896 -0.06216186 -0.01730817
v -0.00468522 -0.06061840 -0.01703763
v -0.00494105 -0.06061828 -0.01746577
v -0.00471896 -0.06216186 -0.01730817
v -0.00494105 -0.06061828 -0.01746577
v -0.00472498 -0.05971968 -0.01701343
v -0.00498474 -0.05971968 -0.01743942
v -0.00468522 -0.06061840 -0.01703763
v -0.00468522 -0.06061840 -0.01703763
v -0.00498474 -0.05971968 -0.01743942
v -0.00494105 -0.06061828 -0.01746577
v -0.00498474 -0.05971968 -0.01743942
v -0.00491434 -0.05816942 -0.01718634
v -0.00521892 -0.05969977 -0.01788491
v -0.00442457 -0.05970817 -0.01659703
v -0.00491434 -0.05816942 -0.01718634
v -0.00472498 -0.05971968 -0.01701343
v -0.00491434 -0.05816942 -0.01718634
v -0.00237852 -0.04694914 -0.02457857
v -0.00276011 -0.04721403 -0.02499699
v -0.00225627 -0.05200225 -0.02461946
v -0.00225627 -0.05200225 -0.02461946
v -0.00276011 -0.04721403 -0.02499699
v -0.00276947 -0.05198431 -0.02501595
v -0.00254619 -0.05205446 -0.02442955
v -0.00225627 -0.05200225 -0.02461946
v -0.00293046 -0.05210822 -0.02497059
v -0.00293046 -0.05210822 -0.02497059
v -0.00225627 -0.05200225 -0.02461946
v -0.00276947 -0.05198431 -0.02501595
v -0.00323278 -0.05204272 -0.02489906
v -0.00254619 -0.05205446 -0.02442955
v -0.00293046 -0.05210822 -0.02497059
v -0.00323278 -0.05204272 -0.02489906
v -0.00270855 -0.04854935 -0.02436697
v -0.00254619 -0.05205446 -0.02442955
v -0.00323278 -0.05204272 -0.02489906
v -0.00336283 -0.04746997 -0.02476513
v -0.00270855 -0.04854935 -0.02436697
v -0.00270855 -0.04854935 -0.02436697
v -0.00282949 -0.04714155 -0.02431088
v -0.00221932 -0.04784172 -0.02397656
v -0.00336283 -0.04746997 -0.02476513
v -0.00282949 -0.04714155 -0.02431088
v -0.00270855 -0.04854935 -0.02436697
v -0.00282949 -0.04714155 -0.02431088
v -0.00336283 -0.04746997 -0.02476513
v -0.00354755 -0.04738587 -0.02468568
v -0.00536984 -0.04738253 -0.02221179
v -0.00479734 -0.04714608 -0.02163296
v -0.00413340 -0.04712682 -0.02310240
v -0.00438106 -0.04739391 -0.02390164
v -0.00536984 -0.04738253 -0.02221179
v -0.00413340 -0.04712682 -0.02310240
v -0.00354755 -0.04738587 -0.02468568
v -0.00413340 -0.04712682 -0.02310240
v -0.00282949 -0.04714155 -0.02431088
v -0.00354755 -0.04738587 -0.02468568
v -0.00438106 -0.04739391 -0.02390164
v -0.00413340 -0.04712682 -0.02310240
v -0.00479734 -0.04714608 -0.02163296
v -0.00536984 -0.04738253 -0.02221179
v -0.00539315 -0.04753458 -0.02199476
v -0.00481427 -0.05204784 -0.02132898
v -0.00480866 -0.04854822 -0.02150219
v -0.00547326 -0.05203717 -0.02184921
v -0.00429833 -0.04786401 -0.02115815
v -0.00479734 -0.04714608 -0.02163296
v -0.00480866 -0.04854822 -0.02150219
v -0.00480866 -0.04854822 -0.02150219
v -0.00539315 -0.04753458 -0.02199476
v -0.00547326 -0.05203717 -0.02184921
v -0.00479734 -0.04714608 -0.02163296
v -0.00539315 -0.04753458 -0.02199476
v -0.00480866 -0.04854822 -0.02150219
v -0.00488901 -0.05205333 -0.02100729
v -0.00481427 -0.05204784 -0.02132898
v -0.00551111 -0.05213975 -0.02159667
v -0.00551111 -0.05213975 -0.02159667
v -0.00481427 -0.05204784 -0.02132898
v -0.00547326 -0.05203717 -0.02184921
v -0.00543612 -0.05199450 -0.02136713
v -0.00488901 -0.05205333 -0.02100729
v -0.00551111 -0.05213975 -0.02159667
v -0.00543612 -0.05199450 -0.02136713
v -0.00544488 -0.04722839 -0.02136749
v -0.00488901 -0.05205333 -0.02100729
v -0.00544488 -0.04722839 -0.02136749
v -0.00491709 -0.04695588 -0.02111524
v -0.00488901 -0.05205333 -0.02100729
v -0.00544488 -0.04722839 -0.02136749
v -0.00545579 -0.04698020 -0.02152574
v -0.00491709 -0.04695588 -0.02111524
v -0.00545579 -0.04698020 -0.02152574
v -0.00551194 -0.04683107 -0.02168828
v -0.00491709 -0.04695588 -0.02111524
v -0.00491709 -0.04695588 -0.02111524
v -0.00551194 -0.04683107 -0.02168828
v -0.00407869 -0.04684358 -0.02319926
v -0.00551194 -0.04683107 -0.02168828
v -0.00508773 -0.04679208 -0.02277410
v -0.00407869 -0.04684358 -0.02319926
v -0.00508773 -0.04679208 -0.02277410
v -0.00473630 -0.04678529 -0.02336221
v -0.00407869 -0.04684358 -0.02319926
v -0.00473630 -0.04678529 -0.02336221
v -0.00405926 -0.04682838 -0.02410852
v -0.00407869 -0.04684358 -0.02319926
v -0.00407869 -0.04684358 -0.02319926
v -0.00304478 -0.04687219 -0.02490431
v -0.00237852 -0.04694914 -0.02457857
v -0.00405926 -0.04682838 -0.02410852
v -0.00304478 -0.04687219 -0.02490431
v -0.00407869 -0.04684358 -0.02319926
v -0.00304478 -0.04687219 -0.02490431
v -0.00276011 -0.04721403 -0.02499699
v -0.00237852 -0.04694914 -0.02457857
v 0.00570887 -0.05204266 -0.02061218
v 0.00497121 -0.05201721 -0.02026998
v 0.00561929 -0.05210822 -0.02031439
v 0.00497121 -0.05201721 -0.02026998
v 0.00492990 -0.05206400 -0.01992017
v 0.00561929 -0.05210822 -0.02031439
v 0.00570887 -0.05204266 -0.02061218
v 0.00498581 -0.04854935 -0.02042371
v 0.00497121 -0.05201721 -0.02026998
v 0.00570887 -0.05204266 -0.02061218
v 0.00565773 -0.04746997 -0.02079153
v 0.00498581 -0.04854935 -0.02042371
v 0.00498581 -0.04854935 -0.02042371
v 0.00499773 -0.04714155 -0.02055650
v 0.00440311 -0.04784172 -0.02019560
v 0.00565773 -0.04746997 -0.02079153
v 0.00499773 -0.04714155 -0.02055650
v 0.00498581 -0.04854935 -0.02042371
v 0.00499773 -0.04714155 -0.02055650
v 0.00565773 -0.04746997 -0.02079153
v 0.00568140 -0.04738557 -0.02099066
v 0.00434572 -0.04741698 -0.02390468
v 0.00366270 -0.04714608 -0.02359980
v 0.00460303 -0.04712682 -0.02229017
v 0.00495791 -0.04738867 -0.02307355
v 0.00434572 -0.04741698 -0.02390468
v 0.00460303 -0.04712682 -0.02229017
v 0.00545609 -0.04738175 -0.02197128
v 0.00495791 -0.04738867 -0.02307355
v 0.00460303 -0.04712682 -0.02229017
v 0.00568140 -0.04738557 -0.02099066
v 0.00460303 -0.04712682 -0.02229017
v 0.00499773 -0.04714155 -0.02055650
v 0.00568140 -0.04738557 -0.02099066
v 0.00545609 -0.04738175 -0.02197128
v 0.00460303 -0.04712682 -0.02229017
v 0.00345874 -0.05197459 -0.02376759
v 0.00355494 -0.04854822 -0.02367514
v 0.00418705 -0.05203706 -0.02407675
v 0.00300193 -0.04786407 -0.02340495
v 0.00366270 -0.04714608 -0.02359980
v 0.00355494 -0.04854822 -0.02367514
v 0.00355494 -0.04854822 -0.02367514
v 0.00434572 -0.04741698 -0.02390468
v 0.00418705 -0.05203706 -0.02407675
v 0.00366270 -0.04714608 -0.02359980
v 0.00434572 -0.04741698 -0.02390468
v 0.00355494 -0.04854822 -0.02367514
v 0.00404262 -0.05212783 -0.02419346
v 0.00321060 -0.05209231 -0.02383464
v 0.00418705 -0.05203706 -0.02407675
v 0.00321060 -0.05209231 -0.02383464
v 0.00345874 -0.05197459 -0.02376759
v 0.00418705 -0.05203706 -0.02407675
v 0.00318283 -0.05196326 -0.02403450
v 0.00321060 -0.05209231 -0.02383464
v 0.00377584 -0.05203855 -0.02428293
v 0.00377584 -0.05203855 -0.02428293
v 0.00321060 -0.05209231 -0.02383464
v 0.00404262 -0.05212783 -0.02419346
v 0.00377584 -0.05203855 -0.02428293
v 0.00375664 -0.04722797 -0.02429342
v 0.00318283 -0.05196326 -0.02403450
v 0.00375664 -0.04722797 -0.02429342
v 0.00327349 -0.04695594 -0.02396214
v 0.00318283 -0.05196326 -0.02403450
v 0.00375664 -0.04722797 -0.02429342
v 0.00395733 -0.04689455 -0.02416265
v 0.00327349 -0.04695594 -0.02396214
v 0.00500441 -0.04694908 -0.02003264
v 0.00464737 -0.04684358 -0.02222180
v 0.00568610 -0.04682928 -0.02051872
v 0.00464737 -0.04684358 -0.02222180
v 0.00551003 -0.04682672 -0.02143472
v 0.00568610 -0.04682928 -0.02051872
v 0.00464737 -0.04684358 -0.02222180
v 0.00529385 -0.04680204 -0.02227568
v 0.00551003 -0.04682672 -0.02143472
v 0.00464737 -0.04684358 -0.02222180
v 0.00490469 -0.04682219 -0.02300781
v 0.00529385 -0.04680204 -0.02227568
v 0.00327349 -0.04695594 -0.02396214
v 0.00395733 -0.04689455 -0.02416265
v 0.00464737 -0.04684358 -0.02222180
v 0.00464737 -0.04684358 -0.02222180
v 0.00395733 -0.04689455 -0.02416265
v 0.00490469 -0.04682219 -0.02300781
v 0.00568610 -0.04682928 -0.02051872
v 0.00556976 -0.04707998 -0.02019286
v 0.00500441 -0.04694908 -0.02003264
v 0.00500441 -0.04694908 -0.02003264
v 0.00556976 -0.04707998 -0.02019286
v 0.00492990 -0.05206400 -0.01992017
v 0.00492990 -0.05206400 -0.01992017
v 0.00556976 -0.04707998 -0.02019286
v 0.00555462 -0.05197310 -0.02014714
v 0.00561929 -0.05210822 -0.02031439
v 0.00492990 -0.05206400 -0.01992017
v 0.00555462 -0.05197310 -0.02014714
v -0.00247461 -0.05204278 -0.01501137
v -0.00240624 -0.05205392 -0.01585114
v -0.00264114 -0.05210632 -0.01520836
v -0.00240624 -0.05205392 -0.01585114
v -0.00271624 -0.05206000 -0.01602113
v -0.00264114 -0.05210632 -0.01520836
v -0.00247461 -0.05204278 -0.01501137
v -0.00227606 -0.04854935 -0.01573193
v -0.00240624 -0.05205392 -0.01585114
v -0.00247461 -0.05204278 -0.01501137
v -0.00230348 -0.04751592 -0.01496464
v -0.00227606 -0.04854935 -0.01573193
v -0.00230348 -0.04751592 -0.01496464
v -0.00218767 -0.04793727 -0.01632905
v -0.00227606 -0.04854935 -0.01573193
v -0.00230348 -0.04751592 -0.01496464
v -0.00217092 -0.04714727 -0.01566845
v -0.00218767 -0.04793727 -0.01632905
v -0.00217092 -0.04714727 -0.01566845
v -0.00218320 -0.04769760 -0.01627844
v -0.00218767 -0.04793727 -0.01632905
v -0.00217092 -0.04714727 -0.01566845
v -0.00230348 -0.04751592 -0.01496464
v -0.00213307 -0.04738301 -0.01483732
v -0.00019514 -0.04738330 -0.01442801
v 0.00105804 -0.04741728 -0.01454550
v 0.00112844 -0.04714053 -0.01527839
v -0.00019514 -0.04738330 -0.01442801
v 0.00112844 -0.04714053 -0.01527839
v -0.00085659 -0.04712688 -0.01518940
v -0.00213307 -0.04738301 -0.01483732
v -0.00019514 -0.04738330 -0.01442801
v -0.00085659 -0.04712688 -0.01518940
v -0.00213307 -0.04738301 -0.01483732
v -0.00085659 -0.04712688 -0.01518940
v -0.00217092 -0.04714727 -0.01566845
v 0.00140715 -0.05204701 -0.01542598
v 0.00125474 -0.04854822 -0.01534551
v 0.00132185 -0.05206429 -0.01464468
v 0.00129896 -0.04785919 -0.01596581
v 0.00112844 -0.04714053 -0.01527839
v 0.00125474 -0.04854822 -0.01534551
v 0.00125474 -0.04854822 -0.01534551
v 0.00105804 -0.04741728 -0.01454550
v 0.00132185 -0.05206429 -0.01464468
v 0.00112844 -0.04714053 -0.01527839
v 0.00105804 -0.04741728 -0.01454550
v 0.00125474 -0.04854822 -0.01534551
v 0.00165802 -0.05205816 -0.01484704
v 0.00175029 -0.05205363 -0.01552504
v 0.00132185 -0.05206429 -0.01464468
v 0.00175029 -0.05205363 -0.01552504
v 0.00140715 -0.05204701 -0.01542598
v 0.00132185 -0.05206429 -0.01464468
v 0.00165802 -0.05205816 -0.01484704
v 0.00168777 -0.04723984 -0.01488280
v 0.00175029 -0.05205363 -0.01552504
v 0.00168777 -0.04723984 -0.01488280
v 0.00164419 -0.04695588 -0.01544594
v 0.00175029 -0.05205363 -0.01552504
v 0.00168777 -0.04723984 -0.01488280
v 0.00146693 -0.04689550 -0.01476866
v 0.00164419 -0.04695588 -0.01544594
v 0.00000231 -0.04682219 -0.01451021
v -0.00056174 -0.04684358 -0.01512748
v 0.00146693 -0.04689550 -0.01476866
v 0.00146693 -0.04689550 -0.01476866
v -0.00056174 -0.04684358 -0.01512748
v 0.00164419 -0.04695588 -0.01544594
v -0.00155634 -0.04682070 -0.01472038
v -0.00056174 -0.04684358 -0.01512748
v 0.00000231 -0.04682219 -0.01451021
v -0.00248003 -0.04685539 -0.01517105
v -0.00056174 -0.04684358 -0.01512748
v -0.00155634 -0.04682070 -0.01472038
v -0.00248003 -0.04685539 -0.01517105
v -0.00262237 -0.04694283 -0.01591122
v -0.00056174 -0.04684358 -0.01512748
v -0.00248003 -0.04685539 -0.01517105
v -0.00278634 -0.04714137 -0.01535069
v -0.00262237 -0.04694283 -0.01591122
v -0.00271624 -0.05206000 -0.01602113
v -0.00275713 -0.04553204 -0.01595300
v -0.00262237 -0.04694283 -0.01591122
v -0.00262237 -0.04694283 -0.01591122
v -0.00278634 -0.04714137 -0.01535069
v -0.00271624 -0.05206000 -0.01602113
v -0.00271624 -0.05206000 -0.01602113
v -0.00278634 -0.04714137 -0.01535069
v -0.00280577 -0.05200874 -0.01534301
v -0.00264114 -0.05210632 -0.01520836
v -0.00271624 -0.05206000 -0.01602113
v -0.00280577 -0.05200874 -0.01534301
v 0.00132877 -0.04548978 -0.02431178
v 0.00143570 -0.04559898 -0.02427381
v 0.00150895 -0.04554361 -0.02495276
v -0.00050621 -0.04560041 -0.02448439
v -0.00038197 -0.04549396 -0.02448034
v -0.00043091 -0.04554009 -0.02517354
v 0.00063198 -0.04599386 -0.02554124
v 0.00072099 -0.04936182 -0.02557075
v 0.00043562 -0.04932934 -0.02560716
v -0.00381082 -0.04551041 -0.01685953
v -0.00372845 -0.05206120 -0.01693272
v -0.00444066 -0.04551625 -0.01772969
v -0.00372845 -0.05206120 -0.01693272
v -0.00420791 -0.05197101 -0.01748538
v -0.00444066 -0.04551625 -0.01772969
v -0.00407869 -0.04684358 -0.02319926
v -0.00237852 -0.04694914 -0.02457857
v -0.00338215 -0.04552716 -0.02393519
v -0.00237852 -0.04694914 -0.02457857
v -0.00187844 -0.04552847 -0.02486515
v -0.00338215 -0.04552716 -0.02393519
v -0.00444066 -0.04551625 -0.01772969
v -0.00420791 -0.05197101 -0.01748538
v -0.00490576 -0.04552698 -0.01889461
v -0.00420791 -0.05197101 -0.01748538
v -0.00460893 -0.05200392 -0.01828837
v -0.00490576 -0.04552698 -0.01889461
v -0.00460893 -0.05200392 -0.01828837
v -0.00485528 -0.05196017 -0.01900053
v -0.00490576 -0.04552698 -0.01889461
v -0.00490576 -0.04552698 -0.01889461
v -0.00485528 -0.05196017 -0.01900053
v -0.00503963 -0.04553562 -0.02063560
v -0.00485528 -0.05196017 -0.01900053
v -0.00491977 -0.05205404 -0.01968121
v -0.00503963 -0.04553562 -0.02063560
v -0.00491977 -0.05205404 -0.01968121
v -0.00495058 -0.05205035 -0.02027285
v -0.00503963 -0.04553562 -0.02063560
v -0.00503963 -0.04553562 -0.02063560
v -0.00488901 -0.05205333 -0.02100729
v -0.00491709 -0.04695588 -0.02111524
v -0.00495058 -0.05205035 -0.02027285
v -0.00488901 -0.05205333 -0.02100729
v -0.00503963 -0.04553562 -0.02063560
v -0.00237852 -0.04694914 -0.02457857
v -0.00225627 -0.05200225 -0.02461946
v -0.00187844 -0.04552847 -0.02486515
v -0.00225627 -0.05200225 -0.02461946
v -0.00119263 -0.05198574 -0.02502214
v -0.00187844 -0.04552847 -0.02486515
v -0.00187844 -0.04552847 -0.02486515
v -0.00119263 -0.05198574 -0.02502214
v -0.00043091 -0.04554009 -0.02517354
v -0.00491709 -0.04695588 -0.02111524
v -0.00446135 -0.04552716 -0.02255851
v -0.00503963 -0.04553562 -0.02063560
v -0.00491709 -0.04695588 -0.02111524
v -0.00407869 -0.04684358 -0.02319926
v -0.00446135 -0.04552716 -0.02255851
v -0.00119263 -0.05198574 -0.02502214
v -0.00046257 -0.05204260 -0.02510648
v -0.00043091 -0.04554009 -0.02517354
v -0.00407869 -0.04684358 -0.02319926
v -0.00338215 -0.04552716 -0.02393519
v -0.00446135 -0.04552716 -0.02255851
v -0.00254619 -0.05205446 -0.02442955
v -0.00323236 -0.04854553 -0.02397829
v -0.00352341 -0.05205065 -0.02366507
v -0.00270855 -0.04854935 -0.02436697
v -0.00323236 -0.04854553 -0.02397829
v -0.00254619 -0.05205446 -0.02442955
v -0.00352341 -0.05205065 -0.02366507
v -0.00362849 -0.04854786 -0.02359968
v -0.00409937 -0.05197924 -0.02302438
v -0.00323236 -0.04854553 -0.02397829
v -0.00362849 -0.04854786 -0.02359968
v -0.00352341 -0.05205065 -0.02366507
v -0.00362849 -0.04854786 -0.02359968
v -0.00426668 -0.04854774 -0.02279973
v -0.00409937 -0.05197924 -0.02302438
v -0.00409937 -0.05197924 -0.02302438
v -0.00426668 -0.04854774 -0.02279973
v -0.00441068 -0.05204582 -0.02243942
v -0.00441068 -0.05204582 -0.02243942
v -0.00468457 -0.04855090 -0.02189517
v -0.00468594 -0.05203956 -0.02178162
v -0.00426668 -0.04854774 -0.02279973
v -0.00468457 -0.04855090 -0.02189517
v -0.00441068 -0.05204582 -0.02243942
v -0.00468594 -0.05203956 -0.02178162
v -0.00480866 -0.04854822 -0.02150219
v -0.00481427 -0.05204784 -0.02132898
v -0.00468457 -0.04855090 -0.02189517
v -0.00480866 -0.04854822 -0.02150219
v -0.00468594 -0.05203956 -0.02178162
v 0.00497121 -0.05201721 -0.02026998
v 0.00498581 -0.04854935 -0.02042371
v 0.00492924 -0.05196446 -0.02102804
v 0.00498581 -0.04854935 -0.02042371
v 0.00491107 -0.04854547 -0.02107203
v 0.00492924 -0.05196446 -0.02102804
v 0.00492924 -0.05196446 -0.02102804
v 0.00478125 -0.04854786 -0.02160418
v 0.00451857 -0.05197924 -0.02229946
v 0.00491107 -0.04854547 -0.02107203
v 0.00478125 -0.04854786 -0.02160418
v 0.00492924 -0.05196446 -0.02102804
v 0.00478125 -0.04854786 -0.02160418
v 0.00440753 -0.04854774 -0.02255690
v 0.00451857 -0.05197924 -0.02229946
v 0.00451857 -0.05197924 -0.02229946
v 0.00440753 -0.04854774 -0.02255690
v 0.00416762 -0.05204582 -0.02286154
v 0.00416762 -0.05204582 -0.02286154
v 0.00383329 -0.04855090 -0.02337104
v 0.00373584 -0.05203801 -0.02342998
v 0.00440753 -0.04854774 -0.02255690
v 0.00383329 -0.04855090 -0.02337104
v 0.00416762 -0.05204582 -0.02286154
v 0.00373584 -0.05203801 -0.02342998
v 0.00355494 -0.04854822 -0.02367514
v 0.00345874 -0.05197459 -0.02376759
v 0.00383329 -0.04855090 -0.02337104
v 0.00355494 -0.04854822 -0.02367514
v 0.00373584 -0.05203801 -0.02342998
v 0.00464737 -0.04684358 -0.02222180
v 0.00500441 -0.04694908 -0.02003264
v 0.00486779 -0.04552686 -0.02155685
v 0.00500441 -0.04694908 -0.02003264
v 0.00502157 -0.04553711 -0.01956111
v 0.00486779 -0.04552686 -0.02155685
v 0.00150895 -0.04554361 -0.02495276
v 0.00153369 -0.05202329 -0.02490878
v 0.00268590 -0.04553020 -0.02447706
v 0.00153369 -0.05202329 -0.02490878
v 0.00233483 -0.05205142 -0.02454179
v 0.00268590 -0.04553020 -0.02447706
v 0.00492990 -0.05206400 -0.01992017
v 0.00493586 -0.05194985 -0.01936203
v 0.00500441 -0.04694908 -0.02003264
v 0.00233483 -0.05205142 -0.02454179
v 0.00318283 -0.05196326 -0.02403450
v 0.00268590 -0.04553020 -0.02447706
v 0.00268590 -0.04553020 -0.02447706
v 0.00318283 -0.05196326 -0.02403450
v 0.00327349 -0.04695594 -0.02396214
v 0.00500441 -0.04694908 -0.02003264
v 0.00493586 -0.05194985 -0.01936203
v 0.00502157 -0.04553711 -0.01956111
v 0.00493586 -0.05194985 -0.01936203
v 0.00474340 -0.05196613 -0.01860618
v 0.00502157 -0.04553711 -0.01956111
v 0.00502157 -0.04553711 -0.01956111
v 0.00474340 -0.05196613 -0.01860618
v 0.00452900 -0.04552668 -0.01789784
v 0.00474340 -0.05196613 -0.01860618
v 0.00441641 -0.05197560 -0.01784843
v 0.00452900 -0.04552668 -0.01789784
v 0.00327349 -0.04695594 -0.02396214
v 0.00410157 -0.04552692 -0.02313745
v 0.00268590 -0.04553020 -0.02447706
v 0.00327349 -0.04695594 -0.02396214
v 0.00464737 -0.04684358 -0.02222180
v 0.00410157 -0.04552692 -0.02313745
v 0.00441641 -0.05197560 -0.01784843
v 0.00402772 -0.05198425 -0.01723212
v 0.00452900 -0.04552668 -0.01789784
v 0.00452900 -0.04552668 -0.01789784
v 0.00402772 -0.05198425 -0.01723212
v 0.00378364 -0.04551839 -0.01680976
v 0.00402772 -0.05198425 -0.01723212
v 0.00342846 -0.05204916 -0.01660019
v 0.00378364 -0.04551839 -0.01680976
v 0.00378364 -0.04551839 -0.01680976
v 0.00342846 -0.05204916 -0.01660019
v 0.00298458 -0.04551064 -0.01611644
v 0.00464737 -0.04684358 -0.02222180
v 0.00486779 -0.04552686 -0.02155685
v 0.00410157 -0.04552692 -0.02313745
v 0.00342846 -0.05204916 -0.01660019
v 0.00294328 -0.05205756 -0.01619356
v 0.00298458 -0.04551064 -0.01611644
v 0.00472504 -0.05207467 -0.01883888
v 0.00474340 -0.05196613 -0.01860618
v 0.00493586 -0.05194985 -0.01936203
v 0.00402772 -0.05198425 -0.01723212
v 0.00412238 -0.05207926 -0.01753467
v 0.00342846 -0.05204916 -0.01660019
v 0.00412238 -0.05207926 -0.01753467
v 0.00441641 -0.05197560 -0.01784843
v 0.00453174 -0.05207324 -0.01829355
v 0.00474340 -0.05196613 -0.01860618
v 0.00453174 -0.05207324 -0.01829355
v 0.00441641 -0.05197560 -0.01784843
v 0.00472504 -0.05207467 -0.01883888
v 0.00453174 -0.05207324 -0.01829355
v 0.00474340 -0.05196613 -0.01860618
v 0.00492990 -0.05206400 -0.01992017
v 0.00472504 -0.05207467 -0.01883888
v 0.00493586 -0.05194985 -0.01936203
v 0.00412238 -0.05207926 -0.01753467
v 0.00402772 -0.05198425 -0.01723212
v 0.00441641 -0.05197560 -0.01784843
v -0.00240624 -0.05205392 -0.01585114
v -0.00227606 -0.04854935 -0.01573193
v -0.00172472 -0.05196446 -0.01547873
v -0.00227606 -0.04854935 -0.01573193
v -0.00167662 -0.04854553 -0.01547229
v -0.00172472 -0.05196446 -0.01547873
v -0.00172472 -0.05196446 -0.01547873
v -0.00115162 -0.04854786 -0.01531893
v -0.00041801 -0.05197924 -0.01519834
v -0.00167662 -0.04854553 -0.01547229
v -0.00115162 -0.04854786 -0.01531893
v -0.00172472 -0.05196446 -0.01547873
v -0.00115162 -0.04854786 -0.01531893
v -0.00013974 -0.04854768 -0.01516622
v -0.00041801 -0.05197924 -0.01519834
v -0.00041801 -0.05197924 -0.01519834
v -0.00013974 -0.04854768 -0.01516622
v 0.00019692 -0.05196708 -0.01518279
v 0.00019692 -0.05196708 -0.01518279
v 0.00085231 -0.04855090 -0.01525646
v 0.00082707 -0.05204999 -0.01529371
v -0.00013974 -0.04854768 -0.01516622
v 0.00085231 -0.04855090 -0.01525646
v 0.00019692 -0.05196708 -0.01518279
v 0.00082707 -0.05204999 -0.01529371
v 0.00125474 -0.04854822 -0.01534551
v 0.00140715 -0.05204701 -0.01542598
v 0.00085231 -0.04855090 -0.01525646
v 0.00125474 -0.04854822 -0.01534551
v 0.00082707 -0.05204999 -0.01529371
v 0.00179779 -0.04552882 -0.01548355
v 0.00175029 -0.05205363 -0.01552504
v 0.00164419 -0.04695588 -0.01544594
v 0.00164419 -0.04695588 -0.01544594
v 0.00050228 -0.04552882 -0.01513677
v 0.00179779 -0.04552882 -0.01548355
v 0.00164419 -0.04695588 -0.01544594
v -0.00056174 -0.04684358 -0.01512748
v 0.00050228 -0.04552882 -0.01513677
v -0.00056174 -0.04684358 -0.01512748
v -0.00103235 -0.04552412 -0.01522392
v 0.00050228 -0.04552882 -0.01513677
v -0.00056174 -0.04684358 -0.01512748
v -0.00275713 -0.04553204 -0.01595300
v -0.00103235 -0.04552412 -0.01522392
v -0.00056174 -0.04684358 -0.01512748
v -0.00262237 -0.04694283 -0.01591122
v -0.00275713 -0.04553204 -0.01595300
v -0.00050621 -0.04560041 -0.02448439
v -0.00043091 -0.04554009 -0.02517354
v -0.00046257 -0.05204260 -0.02510648
v -0.00050621 -0.04560041 -0.02448439
v -0.00046257 -0.05204260 -0.02510648
v -0.00050746 -0.05208677 -0.02446371
v -0.00381082 -0.04551041 -0.01685953
v -0.00300854 -0.04556816 -0.01709771
v -0.00372845 -0.05206120 -0.01693272
v -0.00372845 -0.05206120 -0.01693272
v -0.00300854 -0.04556816 -0.01709771
v -0.00299972 -0.05209136 -0.01711440
v -0.00420791 -0.05197101 -0.01748538
v -0.00416374 -0.05207443 -0.01757687
v -0.00460893 -0.05200392 -0.01828837
v -0.00460893 -0.05200392 -0.01828837
v -0.00468278 -0.05207926 -0.01874524
v -0.00485528 -0.05196017 -0.01900053
v -0.00460893 -0.05200392 -0.01828837
v -0.00416374 -0.05207443 -0.01757687
v -0.00468278 -0.05207926 -0.01874524
v -0.00372845 -0.05206120 -0.01693272
v -0.00416374 -0.05207443 -0.01757687
v -0.00420791 -0.05197101 -0.01748538
v -0.00485528 -0.05196017 -0.01900053
v -0.00468278 -0.05207926 -0.01874524
v -0.00491977 -0.05205404 -0.01968121
v -0.00225627 -0.05200225 -0.02461946
v -0.00254619 -0.05205446 -0.02442955
v -0.00185585 -0.05207258 -0.02470600
v -0.00119263 -0.05198574 -0.02502214
v -0.00112629 -0.05208081 -0.02492922
v -0.00046257 -0.05204260 -0.02510648
v -0.00119263 -0.05198574 -0.02502214
v -0.00185585 -0.05207258 -0.02470600
v -0.00112629 -0.05208081 -0.02492922
v -0.00225627 -0.05200225 -0.02461946
v -0.00185585 -0.05207258 -0.02470600
v -0.00119263 -0.05198574 -0.02502214
v -0.00352341 -0.05205065 -0.02366507
v -0.00313705 -0.05207175 -0.02395600
v -0.00254619 -0.05205446 -0.02442955
v -0.00409937 -0.05197924 -0.02302438
v -0.00441068 -0.05204582 -0.02243942
v -0.00352341 -0.05205065 -0.02366507
v -0.00221932 -0.04784172 -0.02397656
v -0.00282949 -0.04714155 -0.02431088
v -0.00278664 -0.04777175 -0.02360707
v -0.00278664 -0.04777175 -0.02360707
v -0.00413340 -0.04712682 -0.02310240
v -0.00335562 -0.04776418 -0.02306902
v -0.00282949 -0.04714155 -0.02431088
v -0.00413340 -0.04712682 -0.02310240
v -0.00278664 -0.04777175 -0.02360707
v -0.00335562 -0.04776418 -0.02306902
v -0.00413340 -0.04712682 -0.02310240
v -0.00416672 -0.04774463 -0.02173537
v -0.00413340 -0.04712682 -0.02310240
v -0.00479734 -0.04714608 -0.02163296
v -0.00416672 -0.04774463 -0.02173537
v -0.00416672 -0.04774463 -0.02173537
v -0.00479734 -0.04714608 -0.02163296
v -0.00429833 -0.04786401 -0.02115815
v 0.00492924 -0.05196446 -0.02102804
v 0.00484353 -0.05207180 -0.02100056
v 0.00497121 -0.05201721 -0.02026998
v 0.00497121 -0.05201721 -0.02026998
v 0.00484353 -0.05207180 -0.02100056
v 0.00492990 -0.05206400 -0.01992017
v 0.00492924 -0.05196446 -0.02102804
v 0.00464612 -0.05207282 -0.02175933
v 0.00484353 -0.05207180 -0.02100056
v 0.00451857 -0.05197924 -0.02229946
v 0.00416762 -0.05204582 -0.02286154
v 0.00464612 -0.05207282 -0.02175933
v 0.00321060 -0.05209231 -0.02383464
v 0.00373584 -0.05203801 -0.02342998
v 0.00345874 -0.05197459 -0.02376759
v 0.00492924 -0.05196446 -0.02102804
v 0.00451857 -0.05197924 -0.02229946
v 0.00464612 -0.05207282 -0.02175933
v 0.00440311 -0.04784172 -0.02019560
v 0.00499773 -0.04714155 -0.02055650
v 0.00436664 -0.04777175 -0.02087152
v 0.00436664 -0.04777175 -0.02087152
v 0.00460303 -0.04712682 -0.02229017
v 0.00418526 -0.04776412 -0.02163344
v 0.00499773 -0.04714155 -0.02055650
v 0.00460303 -0.04712682 -0.02229017
v 0.00436664 -0.04777175 -0.02087152
v 0.00418526 -0.04776412 -0.02163344
v 0.00460303 -0.04712682 -0.02229017
v 0.00343585 -0.04774451 -0.02300280
v 0.00460303 -0.04712682 -0.02229017
v 0.00366270 -0.04714608 -0.02359980
v 0.00343585 -0.04774451 -0.02300280
v 0.00343585 -0.04774451 -0.02300280
v 0.00366270 -0.04714608 -0.02359980
v 0.00300193 -0.04786407 -0.02340495
v 0.00226533 -0.05208981 -0.01652342
v 0.00227016 -0.04557079 -0.01651746
v 0.00294328 -0.05205756 -0.01619356
v 0.00227016 -0.04557079 -0.01651746
v 0.00298458 -0.04551064 -0.01611644
v 0.00294328 -0.05205756 -0.01619356
v 0.00143570 -0.04559898 -0.02427381
v 0.00142950 -0.05209302 -0.02425992
v 0.00153369 -0.05202329 -0.02490878
v 0.00150895 -0.04554361 -0.02495276
v 0.00143570 -0.04559898 -0.02427381
v 0.00153369 -0.05202329 -0.02490878
v 0.00233483 -0.05205142 -0.02454179
v 0.00279963 -0.05206722 -0.02421772
v 0.00318283 -0.05196326 -0.02403450
v 0.00318283 -0.05196326 -0.02403450
v 0.00279963 -0.05206722 -0.02421772
v 0.00321060 -0.05209231 -0.02383464
v 0.00019692 -0.05196708 -0.01518279
v 0.00082707 -0.05204999 -0.01529371
v -0.00041801 -0.05197924 -0.01519834
v -0.00041801 -0.05197924 -0.01519834
v 0.00082707 -0.05204999 -0.01529371
v -0.00115764 -0.05207777 -0.01540380
v -0.00172472 -0.05196446 -0.01547873
v -0.00115764 -0.05207777 -0.01540380
v -0.00240624 -0.05205392 -0.01585114
v -0.00172472 -0.05196446 -0.01547873
v -0.00041801 -0.05197924 -0.01519834
v -0.00115764 -0.05207777 -0.01540380
v -0.00218320 -0.04769760 -0.01627844
v -0.00217092 -0.04714727 -0.01566845
v -0.00145513 -0.04787474 -0.01600927
v -0.00145513 -0.04787474 -0.01600927
v -0.00085659 -0.04712688 -0.01518940
v -0.00078801 -0.04783898 -0.01584351
v -0.00217092 -0.04714727 -0.01566845
v -0.00085659 -0.04712688 -0.01518940
v -0.00145513 -0.04787474 -0.01600927
v -0.00078801 -0.04783898 -0.01584351
v -0.00085659 -0.04712688 -0.01518940
v -0.00009903 -0.04776704 -0.01574665
v -0.00009903 -0.04776704 -0.01574665
v 0.00112844 -0.04714053 -0.01527839
v 0.00070385 -0.04776465 -0.01580232
v -0.00085659 -0.04712688 -0.01518940
v 0.00112844 -0.04714053 -0.01527839
v -0.00009903 -0.04776704 -0.01574665
v 0.00070385 -0.04776465 -0.01580232
v 0.00112844 -0.04714053 -0.01527839
v 0.00129896 -0.04785919 -0.01596581
v -0.00265205 -0.05209392 -0.01677978
v -0.00267583 -0.04553550 -0.01680934
v -0.00271624 -0.05206000 -0.01602113
v -0.00267583 -0.04553550 -0.01680934
v -0.00275713 -0.04553204 -0.01595300
v -0.00271624 -0.05206000 -0.01602113
v 0.00179779 -0.04552882 -0.01548355
v 0.00188470 -0.04553264 -0.01631087
v 0.00175029 -0.05205363 -0.01552504
v 0.00175029 -0.05205363 -0.01552504
v 0.00188470 -0.04553264 -0.01631087
v 0.00185043 -0.05209350 -0.01628363
v -0.00185585 -0.05207258 -0.02470600
v -0.00254619 -0.05205446 -0.02442955
v -0.00155282 -0.05213147 -0.02402848
v -0.00112629 -0.05208081 -0.02492922
v -0.00050746 -0.05208677 -0.02446371
v -0.00046257 -0.05204260 -0.02510648
v -0.00112629 -0.05208081 -0.02492922
v -0.00185585 -0.05207258 -0.02470600
v -0.00155282 -0.05213147 -0.02402848
v -0.00112629 -0.05208081 -0.02492922
v -0.00155282 -0.05213147 -0.02402848
v -0.00050746 -0.05208677 -0.02446371
v -0.00441068 -0.05204582 -0.02243942
v -0.00468594 -0.05203956 -0.02178162
v -0.00366425 -0.05210882 -0.02231788
v -0.00352341 -0.05205065 -0.02366507
v -0.00441068 -0.05204582 -0.02243942
v -0.00366425 -0.05210882 -0.02231788
v -0.00352341 -0.05205065 -0.02366507
v -0.00366425 -0.05210882 -0.02231788
v -0.00285542 -0.05213516 -0.02320230
v -0.00416374 -0.05207443 -0.01757687
v -0.00372845 -0.05206120 -0.01693272
v -0.00299972 -0.05209136 -0.01711440
v -0.00362915 -0.05214369 -0.01814860
v -0.00416374 -0.05207443 -0.01757687
v -0.00299972 -0.05209136 -0.01711440
v -0.00468278 -0.05207926 -0.01874524
v -0.00416374 -0.05207443 -0.01757687
v -0.00362915 -0.05214369 -0.01814860
v -0.00416958 -0.05211246 -0.01953423
v -0.00468278 -0.05207926 -0.01874524
v -0.00362915 -0.05214369 -0.01814860
v -0.00491977 -0.05205404 -0.01968121
v -0.00468278 -0.05207926 -0.01874524
v -0.00416958 -0.05211246 -0.01953423
v -0.00420171 -0.05211478 -0.02034205
v -0.00491977 -0.05205404 -0.01968121
v -0.00416958 -0.05211246 -0.01953423
v -0.00313705 -0.05207175 -0.02395600
v -0.00495058 -0.05205035 -0.02027285
v -0.00491977 -0.05205404 -0.01968121
v -0.00420171 -0.05211478 -0.02034205
v -0.00488901 -0.05205333 -0.02100729
v -0.00420171 -0.05211478 -0.02034205
v -0.00408626 -0.05213481 -0.02094173
v -0.00488901 -0.05205333 -0.02100729
v -0.00481427 -0.05204784 -0.02132898
v -0.00408626 -0.05213481 -0.02094173
v -0.00481427 -0.05204784 -0.02132898
v -0.00488901 -0.05205333 -0.02100729
v -0.00408626 -0.05213481 -0.02094173
v -0.00313705 -0.05207175 -0.02395600
v -0.00285542 -0.05213516 -0.02320230
v -0.00155282 -0.05213147 -0.02402848
v -0.00254619 -0.05205446 -0.02442955
v -0.00313705 -0.05207175 -0.02395600
v -0.00155282 -0.05213147 -0.02402848
v -0.00468594 -0.05203956 -0.02178162
v -0.00481427 -0.05204784 -0.02132898
v -0.00366425 -0.05210882 -0.02231788
v 0.00028015 -0.05214107 -0.01602119
v -0.00055086 -0.05219870 -0.01608830
v -0.00127661 -0.05212879 -0.01621407
v 0.00263619 -0.05220079 -0.01699376
v 0.00215220 -0.05218935 -0.01665234
v 0.00303304 -0.05211347 -0.01724851
v 0.00152612 -0.05213934 -0.01630604
v 0.00185043 -0.05209350 -0.01628363
v 0.00226533 -0.05208981 -0.01652342
v 0.00226533 -0.05208981 -0.01652342
v 0.00215220 -0.05218935 -0.01665234
v 0.00152612 -0.05213934 -0.01630604
v 0.00263619 -0.05220079 -0.01699376
v 0.00303304 -0.05211347 -0.01724851
v 0.00328690 -0.05222797 -0.01769709
v 0.00328690 -0.05222797 -0.01769709
v 0.00354034 -0.05211395 -0.01789468
v 0.00371987 -0.05221349 -0.01839739
v -0.00362915 -0.05214369 -0.01814860
v -0.00299972 -0.05209136 -0.01711440
v -0.00307751 -0.05220443 -0.01742607
v -0.00416958 -0.05211246 -0.01953423
v -0.00384790 -0.05218863 -0.01867491
v -0.00409132 -0.05220121 -0.01966065
v 0.00226533 -0.05208981 -0.01652342
v 0.00303304 -0.05211347 -0.01724851
v 0.00215220 -0.05218935 -0.01665234
v 0.00303304 -0.05211347 -0.01724851
v 0.00354034 -0.05211395 -0.01789468
v 0.00328690 -0.05222797 -0.01769709
v 0.00354034 -0.05211395 -0.01789468
v 0.00387275 -0.05211627 -0.01852554
v 0.00371987 -0.05221349 -0.01839739
v 0.00387275 -0.05211627 -0.01852554
v 0.00405079 -0.05213057 -0.01925230
v 0.00371987 -0.05221349 -0.01839739
v -0.00409132 -0.05220121 -0.01966065
v -0.00420171 -0.05211478 -0.02034205
v -0.00416958 -0.05211246 -0.01953423
v -0.00409132 -0.05220121 -0.01966065
v -0.00412416 -0.05218362 -0.02046859
v -0.00420171 -0.05211478 -0.02034205
v -0.00246596 -0.05215406 -0.01684486
v -0.00307751 -0.05220443 -0.01742607
v -0.00299972 -0.05209136 -0.01711440
v -0.00384790 -0.05218863 -0.01867491
v -0.00416958 -0.05211246 -0.01953423
v -0.00362915 -0.05214369 -0.01814860
v -0.00246596 -0.05215406 -0.01684486
v -0.00299972 -0.05209136 -0.01711440
v -0.00265205 -0.05209392 -0.01677978
v -0.00198924 -0.05212897 -0.01651412
v -0.00246596 -0.05215406 -0.01684486
v -0.00265205 -0.05209392 -0.01677978
v 0.00323296 -0.05479604 -0.01769757
v 0.00245720 -0.05480808 -0.01695859
v 0.00263619 -0.05220079 -0.01699376
v 0.00215220 -0.05218935 -0.01665234
v 0.00158644 -0.05480062 -0.01644206
v 0.00152612 -0.05213934 -0.01630604
v 0.00245720 -0.05480808 -0.01695859
v 0.00158644 -0.05480062 -0.01644206
v 0.00215220 -0.05218935 -0.01665234
v 0.00173539 -0.05478245 -0.02385056
v 0.00245291 -0.05472773 -0.02345252
v 0.00222826 -0.05213236 -0.02367931
v 0.00222826 -0.05213236 -0.02367931
v 0.00245291 -0.05472773 -0.02345252
v 0.00283521 -0.05213809 -0.02322363
v 0.00152612 -0.05213934 -0.01630604
v 0.00064444 -0.05472517 -0.01612550
v 0.00028015 -0.05214107 -0.01602119
v 0.00158644 -0.05480062 -0.01644206
v 0.00064444 -0.05472517 -0.01612550
v 0.00152612 -0.05213934 -0.01630604
v 0.00245291 -0.05472773 -0.02345252
v 0.00319624 -0.05474478 -0.02272588
v 0.00283521 -0.05213809 -0.02322363
v 0.00283521 -0.05213809 -0.02322363
v 0.00319624 -0.05474478 -0.02272588
v 0.00345182 -0.05214416 -0.02248919
v 0.00028015 -0.05214107 -0.01602119
v -0.00038745 -0.05472999 -0.01610213
v -0.00055086 -0.05219870 -0.01608830
v 0.00064444 -0.05472517 -0.01612550
v -0.00038745 -0.05472999 -0.01610213
v 0.00028015 -0.05214107 -0.01602119
v 0.00345182 -0.05214416 -0.02248919
v 0.00353521 -0.05480384 -0.02213454
v 0.00381488 -0.05214405 -0.02182078
v 0.00319624 -0.05474478 -0.02272588
v 0.00353521 -0.05480384 -0.02213454
v 0.00345182 -0.05214416 -0.02248919
v -0.00055086 -0.05219870 -0.01608830
v -0.00138319 -0.05472671 -0.01631617
v -0.00127661 -0.05212879 -0.01621407
v 0.00353521 -0.05480384 -0.02213454
v 0.00392205 -0.05473607 -0.02135092
v 0.00381488 -0.05214405 -0.02182078
v -0.00038745 -0.05472999 -0.01610213
v -0.00138319 -0.05472671 -0.01631617
v -0.00055086 -0.05219870 -0.01608830
v 0.00381488 -0.05214405 -0.02182078
v 0.00392205 -0.05473607 -0.02135092
v 0.00405562 -0.05213838 -0.02109909
v -0.00127661 -0.05212879 -0.01621407
v -0.00138319 -0.05472671 -0.01631617
v -0.00198924 -0.05212897 -0.01651412
v -0.00138319 -0.05472671 -0.01631617
v -0.00240582 -0.05472290 -0.01685667
v -0.00198924 -0.05212897 -0.01651412
v 0.00392205 -0.05473607 -0.02135092
v 0.00403798 -0.05478537 -0.02053380
v 0.00405562 -0.05213838 -0.02109909
v 0.00405562 -0.05213838 -0.02109909
v 0.00403798 -0.05478537 -0.02053380
v 0.00415480 -0.05214673 -0.02006721
v 0.00403798 -0.05478537 -0.02053380
v 0.00404298 -0.05479931 -0.02006161
v 0.00415480 -0.05214673 -0.02006721
v 0.00415480 -0.05214673 -0.02006721
v 0.00400209 -0.05479753 -0.01952838
v 0.00405079 -0.05213057 -0.01925230
v 0.00404298 -0.05479931 -0.02006161
v 0.00400209 -0.05479753 -0.01952838
v 0.00415480 -0.05214673 -0.02006721
v 0.00405079 -0.05213057 -0.01925230
v 0.00383538 -0.05479443 -0.01886290
v 0.00371987 -0.05221349 -0.01839739
v 0.00400209 -0.05479753 -0.01952838
v 0.00383538 -0.05479443 -0.01886290
v 0.00405079 -0.05213057 -0.01925230
v 0.00371987 -0.05221349 -0.01839739
v 0.00323296 -0.05479604 -0.01769757
v 0.00328690 -0.05222797 -0.01769709
v 0.00383538 -0.05479443 -0.01886290
v 0.00323296 -0.05479604 -0.01769757
v 0.00371987 -0.05221349 -0.01839739
v 0.00328690 -0.05222797 -0.01769709
v 0.00323296 -0.05479604 -0.01769757
v 0.00263619 -0.05220079 -0.01699376
v 0.00263619 -0.05220079 -0.01699376
v 0.00245720 -0.05480808 -0.01695859
v 0.00215220 -0.05218935 -0.01665234
v -0.00138986 -0.05472368 -0.02403891
v -0.00148499 -0.05482798 -0.02389115
v -0.00022025 -0.05482500 -0.02418673
v -0.00138986 -0.05472368 -0.02403891
v -0.00022025 -0.05482500 -0.02418673
v -0.00015125 -0.05472981 -0.02426427
v -0.00015125 -0.05472981 -0.02426427
v -0.00022025 -0.05482500 -0.02418673
v 0.00087291 -0.05479300 -0.02414423
v 0.00173539 -0.05478245 -0.02385056
v 0.00260860 -0.05483227 -0.02320671
v 0.00245291 -0.05472773 -0.02345252
v 0.00245291 -0.05472773 -0.02345252
v 0.00260860 -0.05483227 -0.02320671
v 0.00319624 -0.05474478 -0.02272588
v 0.00353521 -0.05480384 -0.02213454
v 0.00319624 -0.05474478 -0.02272588
v 0.00260860 -0.05483227 -0.02320671
v -0.00148499 -0.05482798 -0.02389115
v -0.00138986 -0.05472368 -0.02403891
v -0.00247699 -0.05480957 -0.02337247
v 0.00404298 -0.05479931 -0.02006161
v 0.00403798 -0.05478537 -0.02053380
v 0.00383812 -0.05483233 -0.02124989
v 0.00403798 -0.05478537 -0.02053380
v 0.00392205 -0.05473607 -0.02135092
v 0.00383812 -0.05483233 -0.02124989
v 0.00383812 -0.05483233 -0.02124989
v 0.00392205 -0.05473607 -0.02135092
v 0.00353521 -0.05480384 -0.02213454
v -0.00429833 -0.04786401 -0.02115815
v -0.00468457 -0.04855090 -0.02189517
v -0.00386596 -0.04794168 -0.02236920
v -0.00480866 -0.04854822 -0.02150219
v -0.00468457 -0.04855090 -0.02189517
v -0.00429833 -0.04786401 -0.02115815
v -0.00468457 -0.04855090 -0.02189517
v -0.00426668 -0.04854774 -0.02279973
v -0.00386596 -0.04794168 -0.02236920
v -0.00386596 -0.04794168 -0.02236920
v -0.00362849 -0.04854786 -0.02359968
v -0.00294197 -0.04798334 -0.02353072
v -0.00426668 -0.04854774 -0.02279973
v -0.00362849 -0.04854786 -0.02359968
v -0.00386596 -0.04794168 -0.02236920
v -0.00362849 -0.04854786 -0.02359968
v -0.00323236 -0.04854553 -0.02397829
v -0.00294197 -0.04798334 -0.02353072
v -0.00294197 -0.04798334 -0.02353072
v -0.00270855 -0.04854935 -0.02436697
v -0.00221932 -0.04784172 -0.02397656
v -0.00323236 -0.04854553 -0.02397829
v -0.00270855 -0.04854935 -0.02436697
v -0.00294197 -0.04798334 -0.02353072
v -0.00335562 -0.04776418 -0.02306902
v -0.00416672 -0.04774463 -0.02173537
v -0.00386596 -0.04794168 -0.02236920
v 0.00300193 -0.04786407 -0.02340495
v 0.00383329 -0.04855090 -0.02337104
v 0.00383431 -0.04794162 -0.02242517
v 0.00355494 -0.04854822 -0.02367514
v 0.00383329 -0.04855090 -0.02337104
v 0.00300193 -0.04786407 -0.02340495
v 0.00383329 -0.04855090 -0.02337104
v 0.00440753 -0.04854774 -0.02255690
v 0.00383431 -0.04794162 -0.02242517
v 0.00383431 -0.04794162 -0.02242517
v 0.00478125 -0.04854786 -0.02160418
v 0.00437826 -0.04798334 -0.02104425
v 0.00440753 -0.04854774 -0.02255690
v 0.00478125 -0.04854786 -0.02160418
v 0.00383431 -0.04794162 -0.02242517
v 0.00478125 -0.04854786 -0.02160418
v 0.00491107 -0.04854547 -0.02107203
v 0.00437826 -0.04798334 -0.02104425
v 0.00437826 -0.04798334 -0.02104425
v 0.00498581 -0.04854935 -0.02042371
v 0.00440311 -0.04784172 -0.02019560
v 0.00491107 -0.04854547 -0.02107203
v 0.00498581 -0.04854935 -0.02042371
v 0.00437826 -0.04798334 -0.02104425
v 0.00405562 -0.05213838 -0.02109909
v 0.00415480 -0.05214673 -0.02006721
v 0.00484353 -0.05207180 -0.02100056
v 0.00464612 -0.05207282 -0.02175933
v 0.00153369 -0.05202329 -0.02490878
v 0.00142950 -0.05209302 -0.02425992
v 0.00233483 -0.05205142 -0.02454179
v 0.00381488 -0.05214405 -0.02182078
v 0.00226533 -0.05208981 -0.01652342
v 0.00294328 -0.05205756 -0.01619356
v 0.00342846 -0.05204916 -0.01660019
v 0.00303304 -0.05211347 -0.01724851
v 0.00226533 -0.05208981 -0.01652342
v 0.00342846 -0.05204916 -0.01660019
v 0.00345182 -0.05214416 -0.02248919
v 0.00381488 -0.05214405 -0.02182078
v 0.00464612 -0.05207282 -0.02175933
v 0.00416762 -0.05204582 -0.02286154
v 0.00345182 -0.05214416 -0.02248919
v 0.00464612 -0.05207282 -0.02175933
v 0.00303304 -0.05211347 -0.01724851
v 0.00342846 -0.05204916 -0.01660019
v 0.00412238 -0.05207926 -0.01753467
v 0.00354034 -0.05211395 -0.01789468
v 0.00303304 -0.05211347 -0.01724851
v 0.00412238 -0.05207926 -0.01753467
v 0.00283521 -0.05213809 -0.02322363
v 0.00345182 -0.05214416 -0.02248919
v 0.00416762 -0.05204582 -0.02286154
v 0.00373584 -0.05203801 -0.02342998
v 0.00283521 -0.05213809 -0.02322363
v 0.00416762 -0.05204582 -0.02286154
v 0.00321060 -0.05209231 -0.02383464
v 0.00283521 -0.05213809 -0.02322363
v 0.00373584 -0.05203801 -0.02342998
v 0.00354034 -0.05211395 -0.01789468
v 0.00412238 -0.05207926 -0.01753467
v 0.00453174 -0.05207324 -0.01829355
v 0.00387275 -0.05211627 -0.01852554
v 0.00354034 -0.05211395 -0.01789468
v 0.00453174 -0.05207324 -0.01829355
v 0.00321060 -0.05209231 -0.02383464
v 0.00222826 -0.05213236 -0.02367931
v 0.00283521 -0.05213809 -0.02322363
v 0.00472504 -0.05207467 -0.01883888
v 0.00387275 -0.05211627 -0.01852554
v 0.00453174 -0.05207324 -0.01829355
v 0.00405079 -0.05213057 -0.01925230
v 0.00387275 -0.05211627 -0.01852554
v 0.00472504 -0.05207467 -0.01883888
v 0.00279963 -0.05206722 -0.02421772
v 0.00222826 -0.05213236 -0.02367931
v 0.00321060 -0.05209231 -0.02383464
v 0.00233483 -0.05205142 -0.02454179
v 0.00142950 -0.05209302 -0.02425992
v 0.00222826 -0.05213236 -0.02367931
v 0.00233483 -0.05205142 -0.02454179
v 0.00405079 -0.05213057 -0.01925230
v 0.00472504 -0.05207467 -0.01883888
v 0.00492990 -0.05206400 -0.01992017
v 0.00415480 -0.05214673 -0.02006721
v 0.00405079 -0.05213057 -0.01925230
v 0.00492990 -0.05206400 -0.01992017
v 0.00484353 -0.05207180 -0.02100056
v 0.00415480 -0.05214673 -0.02006721
v 0.00492990 -0.05206400 -0.01992017
v 0.00418526 -0.04776412 -0.02163344
v 0.00343585 -0.04774451 -0.02300280
v 0.00383431 -0.04794162 -0.02242517
v 0.00129896 -0.04785919 -0.01596581
v 0.00125474 -0.04854822 -0.01534551
v 0.00037260 -0.04795295 -0.01573807
v 0.00125474 -0.04854822 -0.01534551
v 0.00085231 -0.04855090 -0.01525646
v 0.00037260 -0.04795295 -0.01573807
v 0.00085231 -0.04855090 -0.01525646
v -0.00013974 -0.04854768 -0.01516622
v 0.00037260 -0.04795295 -0.01573807
v 0.00037260 -0.04795295 -0.01573807
v -0.00013974 -0.04854768 -0.01516622
v -0.00078801 -0.04783898 -0.01584351
v -0.00078801 -0.04783898 -0.01584351
v -0.00115162 -0.04854786 -0.01531893
v -0.00145513 -0.04787474 -0.01600927
v -0.00013974 -0.04854768 -0.01516622
v -0.00115162 -0.04854786 -0.01531893
v -0.00078801 -0.04783898 -0.01584351
v -0.00115162 -0.04854786 -0.01531893
v -0.00167662 -0.04854553 -0.01547229
v -0.00145513 -0.04787474 -0.01600927
v -0.00145513 -0.04787474 -0.01600927
v -0.00227606 -0.04854935 -0.01573193
v -0.00218767 -0.04793727 -0.01632905
v -0.00167662 -0.04854553 -0.01547229
v -0.00227606 -0.04854935 -0.01573193
v -0.00145513 -0.04787474 -0.01600927
v -0.00198924 -0.05212897 -0.01651412
v -0.00271624 -0.05206000 -0.01602113
v -0.00240624 -0.05205392 -0.01585114
v -0.00265205 -0.05209392 -0.01677978
v -0.00271624 -0.05206000 -0.01602113
v -0.00198924 -0.05212897 -0.01651412
v 0.00152612 -0.05213934 -0.01630604
v 0.00082707 -0.05204999 -0.01529371
v 0.00140715 -0.05204701 -0.01542598
v 0.00152612 -0.05213934 -0.01630604
v 0.00140715 -0.05204701 -0.01542598
v 0.00175029 -0.05205363 -0.01552504
v 0.00152612 -0.05213934 -0.01630604
v 0.00175029 -0.05205363 -0.01552504
v 0.00185043 -0.05209350 -0.01628363
v 0.00028015 -0.05214107 -0.01602119
v -0.00115764 -0.05207777 -0.01540380
v 0.00082707 -0.05204999 -0.01529371
v 0.00028015 -0.05214107 -0.01602119
v -0.00127661 -0.05212879 -0.01621407
v -0.00115764 -0.05207777 -0.01540380
v 0.00028015 -0.05214107 -0.01602119
v -0.00198924 -0.05212897 -0.01651412
v -0.00240624 -0.05205392 -0.01585114
v -0.00115764 -0.05207777 -0.01540380
v -0.00198924 -0.05212897 -0.01651412
v -0.00115764 -0.05207777 -0.01540380
v -0.00127661 -0.05212879 -0.01621407
v -0.00009903 -0.04776704 -0.01574665
v 0.00070385 -0.04776465 -0.01580232
v 0.00037260 -0.04795295 -0.01573807
v -0.00218767 -0.04793727 -0.01632905
v -0.00218320 -0.04769760 -0.01627844
v -0.00145513 -0.04787474 -0.01600927
v 0.00070385 -0.04776465 -0.01580232
v 0.00129896 -0.04785919 -0.01596581
v 0.00037260 -0.04795295 -0.01573807
v 0.00143570 -0.04559898 -0.02427381
v 0.00132877 -0.04548978 -0.02431178
v 0.00142950 -0.05209302 -0.02425992
v 0.00142950 -0.05209302 -0.02425992
v 0.00132877 -0.04548978 -0.02431178
v 0.00074899 -0.05209690 -0.02436286
v 0.00074899 -0.05209690 -0.02436286
v 0.00132877 -0.04548978 -0.02431178
v -0.00050746 -0.05208677 -0.02446371
v 0.00132877 -0.04548978 -0.02431178
v -0.00038197 -0.04549396 -0.02448034
v -0.00050746 -0.05208677 -0.02446371
v -0.00038197 -0.04549396 -0.02448034
v -0.00050621 -0.04560041 -0.02448439
v -0.00050746 -0.05208677 -0.02446371
v -0.00299972 -0.05209136 -0.01711440
v -0.00300854 -0.04556816 -0.01709771
v -0.00265205 -0.05209392 -0.01677978
v -0.00300854 -0.04556816 -0.01709771
v -0.00267583 -0.04553550 -0.01680934
v -0.00265205 -0.05209392 -0.01677978
v -0.00366425 -0.05210882 -0.02231788
v -0.00330019 -0.05220067 -0.02265143
v -0.00285542 -0.05213516 -0.02320230
v 0.00143796 -0.05215787 -0.02406859
v 0.00222826 -0.05213236 -0.02367931
v 0.00142950 -0.05209302 -0.02425992
v -0.00001389 -0.05214625 -0.02432471
v 0.00074899 -0.05209690 -0.02436286
v -0.00050746 -0.05208677 -0.02446371
v -0.00155282 -0.05213147 -0.02402848
v -0.00056028 -0.05217158 -0.02428025
v -0.00050746 -0.05208677 -0.02446371
v -0.00285542 -0.05213516 -0.02320230
v -0.00217849 -0.05217123 -0.02368474
v -0.00155282 -0.05213147 -0.02402848
v 0.00065642 -0.05220550 -0.02424424
v 0.00074899 -0.05209690 -0.02436286
v -0.00001389 -0.05214625 -0.02432471
v -0.00408626 -0.05213481 -0.02094173
v -0.00379813 -0.05219042 -0.02181071
v -0.00366425 -0.05210882 -0.02231788
v -0.00330019 -0.05220067 -0.02265143
v -0.00366425 -0.05210882 -0.02231788
v -0.00379813 -0.05219042 -0.02181071
v -0.00412416 -0.05218362 -0.02046859
v -0.00408626 -0.05213481 -0.02094173
v -0.00420171 -0.05211478 -0.02034205
v 0.00074899 -0.05209690 -0.02436286
v 0.00143796 -0.05215787 -0.02406859
v 0.00142950 -0.05209302 -0.02425992
v 0.00065642 -0.05220550 -0.02424424
v 0.00143796 -0.05215787 -0.02406859
v 0.00074899 -0.05209690 -0.02436286
v -0.00001389 -0.05214625 -0.02432471
v -0.00050746 -0.05208677 -0.02446371
v -0.00056028 -0.05217158 -0.02428025
v -0.00335562 -0.04776418 -0.02306902
v -0.00386596 -0.04794168 -0.02236920
v -0.00294197 -0.04798334 -0.02353072
v -0.00429833 -0.04786401 -0.02115815
v -0.00386596 -0.04794168 -0.02236920
v -0.00416672 -0.04774463 -0.02173537
v -0.00278664 -0.04777175 -0.02360707
v -0.00294197 -0.04798334 -0.02353072
v -0.00221932 -0.04784172 -0.02397656
v -0.00294197 -0.04798334 -0.02353072
v -0.00278664 -0.04777175 -0.02360707
v -0.00335562 -0.04776418 -0.02306902
v 0.00418526 -0.04776412 -0.02163344
v 0.00383431 -0.04794162 -0.02242517
v 0.00437826 -0.04798334 -0.02104425
v 0.00300193 -0.04786407 -0.02340495
v 0.00383431 -0.04794162 -0.02242517
v 0.00343585 -0.04774451 -0.02300280
v 0.00436664 -0.04777175 -0.02087152
v 0.00437826 -0.04798334 -0.02104425
v 0.00440311 -0.04784172 -0.02019560
v 0.00437826 -0.04798334 -0.02104425
v 0.00436664 -0.04777175 -0.02087152
v 0.00418526 -0.04776412 -0.02163344
v 0.00185043 -0.05209350 -0.01628363
v 0.00188470 -0.04553264 -0.01631087
v 0.00226533 -0.05208981 -0.01652342
v 0.00188470 -0.04553264 -0.01631087
v 0.00227016 -0.04557079 -0.01651746
v 0.00226533 -0.05208981 -0.01652342
v -0.00009903 -0.04776704 -0.01574665
v 0.00037260 -0.04795295 -0.01573807
v -0.00078801 -0.04783898 -0.01584351
v -0.00285542 -0.05213516 -0.02320230
v -0.00247699 -0.05480957 -0.02337247
v -0.00217849 -0.05217123 -0.02368474
v -0.00217849 -0.05217123 -0.02368474
v -0.00138986 -0.05472368 -0.02403891
v -0.00155282 -0.05213147 -0.02402848
v -0.00247699 -0.05480957 -0.02337247
v -0.00138986 -0.05472368 -0.02403891
v -0.00217849 -0.05217123 -0.02368474
v -0.00198924 -0.05212897 -0.01651412
v -0.00240582 -0.05472290 -0.01685667
v -0.00246596 -0.05215406 -0.01684486
v -0.00246596 -0.05215406 -0.01684486
v -0.00309587 -0.05471998 -0.01749575
v -0.00307751 -0.05220443 -0.01742607
v -0.00240582 -0.05472290 -0.01685667
v -0.00309587 -0.05471998 -0.01749575
v -0.00246596 -0.05215406 -0.01684486
v -0.00155282 -0.05213147 -0.02402848
v -0.00138986 -0.05472368 -0.02403891
v -0.00056028 -0.05217158 -0.02428025
v -0.00138986 -0.05472368 -0.02403891
v -0.00015125 -0.05472981 -0.02426427
v -0.00056028 -0.05217158 -0.02428025
v -0.00307751 -0.05220443 -0.01742607
v -0.00368249 -0.05475747 -0.01840204
v -0.00362915 -0.05214369 -0.01814860
v -0.00309587 -0.05471998 -0.01749575
v -0.00368249 -0.05475747 -0.01840204
v -0.00307751 -0.05220443 -0.01742607
v -0.00056028 -0.05217158 -0.02428025
v -0.00015125 -0.05472981 -0.02426427
v -0.00001389 -0.05214625 -0.02432471
v -0.00362915 -0.05214369 -0.01814860
v -0.00368249 -0.05475747 -0.01840204
v -0.00384790 -0.05218863 -0.01867491
v -0.00001389 -0.05214625 -0.02432471
v 0.00087291 -0.05479300 -0.02414423
v 0.00065642 -0.05220550 -0.02424424
v -0.00015125 -0.05472981 -0.02426427
v 0.00087291 -0.05479300 -0.02414423
v -0.00001389 -0.05214625 -0.02432471
v 0.00065642 -0.05220550 -0.02424424
v 0.00087291 -0.05479300 -0.02414423
v 0.00143796 -0.05215787 -0.02406859
v -0.00368249 -0.05475747 -0.01840204
v -0.00391632 -0.05479419 -0.01909399
v -0.00384790 -0.05218863 -0.01867491
v -0.00384790 -0.05218863 -0.01867491
v -0.00391632 -0.05479419 -0.01909399
v -0.00409132 -0.05220121 -0.01966065
v 0.00087291 -0.05479300 -0.02414423
v 0.00173539 -0.05478245 -0.02385056
v 0.00143796 -0.05215787 -0.02406859
v -0.00391632 -0.05479419 -0.01909399
v -0.00408560 -0.05475080 -0.02014333
v -0.00409132 -0.05220121 -0.01966065
v 0.00143796 -0.05215787 -0.02406859
v 0.00173539 -0.05478245 -0.02385056
v 0.00222826 -0.05213236 -0.02367931
v -0.00409132 -0.05220121 -0.01966065
v -0.00408560 -0.05475080 -0.02014333
v -0.00412416 -0.05218362 -0.02046859
v -0.00408560 -0.05475080 -0.02014333
v -0.00399846 -0.05479902 -0.02082687
v -0.00412416 -0.05218362 -0.02046859
v -0.00412416 -0.05218362 -0.02046859
v -0.00399846 -0.05479902 -0.02082687
v -0.00408626 -0.05213481 -0.02094173
v -0.00408626 -0.05213481 -0.02094173
v -0.00399846 -0.05479902 -0.02082687
v -0.00379813 -0.05219042 -0.02181071
v -0.00399846 -0.05479902 -0.02082687
v -0.00383329 -0.05479604 -0.02148509
v -0.00379813 -0.05219042 -0.02181071
v -0.00383329 -0.05479604 -0.02148509
v -0.00324047 -0.05479729 -0.02263814
v -0.00379813 -0.05219042 -0.02181071
v -0.00379813 -0.05219042 -0.02181071
v -0.00324047 -0.05479729 -0.02263814
v -0.00330019 -0.05220067 -0.02265143
v -0.00330019 -0.05220067 -0.02265143
v -0.00324047 -0.05479729 -0.02263814
v -0.00285542 -0.05213516 -0.02320230
v -0.00324047 -0.05479729 -0.02263814
v -0.00247699 -0.05480957 -0.02337247
v -0.00285542 -0.05213516 -0.02320230
v -0.00391632 -0.05479419 -0.01909399
v -0.00400072 -0.05482316 -0.01993364
v -0.00408560 -0.05475080 -0.02014333
v -0.00400072 -0.05482316 -0.01993364
v -0.00399846 -0.05479902 -0.02082687
v -0.00408560 -0.05475080 -0.02014333
v 0.00064444 -0.05472517 -0.01612550
v 0.00158644 -0.05480062 -0.01644206
v 0.00022029 -0.05482578 -0.01616179
v 0.00064444 -0.05472517 -0.01612550
v 0.00022029 -0.05482578 -0.01616179
v -0.00038745 -0.05472999 -0.01610213
v -0.00038745 -0.05472999 -0.01610213
v 0.00022029 -0.05482578 -0.01616179
v -0.00139904 -0.05482798 -0.01640731
v -0.00038745 -0.05472999 -0.01610213
v -0.00139904 -0.05482798 -0.01640731
v -0.00138319 -0.05472671 -0.01631617
v -0.00138319 -0.05472671 -0.01631617
v -0.00139904 -0.05482798 -0.01640731
v -0.00240582 -0.05472290 -0.01685667
v -0.00139904 -0.05482798 -0.01640731
v -0.00250155 -0.05482757 -0.01705360
v -0.00240582 -0.05472290 -0.01685667
v -0.00240582 -0.05472290 -0.01685667
v -0.00250155 -0.05482757 -0.01705360
v -0.00309587 -0.05471998 -0.01749575
v -0.00250155 -0.05482757 -0.01705360
v -0.00319868 -0.05482757 -0.01776731
v -0.00309587 -0.05471998 -0.01749575
v -0.00391632 -0.05479419 -0.01909399
v -0.00368249 -0.05475747 -0.01840204
v -0.00319868 -0.05482757 -0.01776731
v -0.00309587 -0.05471998 -0.01749575
v -0.00319868 -0.05482757 -0.01776731
v -0.00368249 -0.05475747 -0.01840204
v -0.00247699 -0.05480957 -0.02337247
v -0.00150877 -0.05484390 -0.02178514
v -0.00148499 -0.05482798 -0.02389115
v -0.00148499 -0.05482798 -0.02389115
v -0.00150877 -0.05484390 -0.02178514
v -0.00019388 -0.05484390 -0.02288579
v -0.00043775 -0.05484390 -0.02113974
v -0.00129563 -0.05484390 -0.02121824
v -0.00111002 -0.05484390 -0.02027165
v -0.00247699 -0.05480957 -0.02337247
v -0.00209165 -0.05484390 -0.02161628
v -0.00150877 -0.05484390 -0.02178514
v 0.00353521 -0.05480384 -0.02213454
v 0.00230998 -0.05484390 -0.02079379
v 0.00383812 -0.05483233 -0.02124989
v 0.00353521 -0.05480384 -0.02213454
v 0.00213110 -0.05484390 -0.02137374
v 0.00230998 -0.05484390 -0.02079379
v -0.00187844 -0.05484390 -0.02104938
v 0.00383812 -0.05483233 -0.02124989
v 0.00230998 -0.05484390 -0.02079379
v 0.00404298 -0.05479931 -0.02006161
v 0.00260860 -0.05483227 -0.02320671
v 0.00213110 -0.05484390 -0.02137374
v 0.00353521 -0.05480384 -0.02213454
v -0.00049843 -0.05484390 -0.01777452
v -0.00139904 -0.05482798 -0.01640731
v 0.00010555 -0.05484390 -0.01779145
v 0.00022029 -0.05482578 -0.01616179
v 0.00404298 -0.05479931 -0.02006161
v 0.00230998 -0.05484390 -0.02079379
v 0.00400209 -0.05479753 -0.01952838
v -0.00247699 -0.05480957 -0.02337247
v -0.00324047 -0.05479729 -0.02263814
v -0.00209165 -0.05484390 -0.02161628
v 0.00260860 -0.05483227 -0.02320671
v 0.00153881 -0.05484390 -0.02124351
v 0.00213110 -0.05484390 -0.02137374
v -0.00067943 -0.05484390 -0.01929014
v -0.00225550 -0.05484390 -0.01864564
v -0.00056483 -0.05484390 -0.01838219
v 0.00230998 -0.05484390 -0.02079379
v 0.00244594 -0.05484390 -0.01898664
v 0.00400209 -0.05479753 -0.01952838
v 0.00383538 -0.05479443 -0.01886290
v 0.00244594 -0.05484390 -0.01898664
v 0.00323296 -0.05479604 -0.01769757
v 0.00400209 -0.05479753 -0.01952838
v 0.00244594 -0.05484390 -0.01898664
v 0.00383538 -0.05479443 -0.01886290
v -0.00263512 -0.05484390 -0.01956194
v -0.00049843 -0.05484390 -0.01777452
v -0.00250155 -0.05482757 -0.01705360
v -0.00139904 -0.05482798 -0.01640731
v -0.00383329 -0.05479604 -0.02148509
v -0.00225550 -0.05484390 -0.01864564
v -0.00250155 -0.05482757 -0.01705360
v -0.00056483 -0.05484390 -0.01838219
v -0.00056483 -0.05484390 -0.01838219
v -0.00250155 -0.05482757 -0.01705360
v -0.00049843 -0.05484390 -0.01777452
v -0.00399846 -0.05479902 -0.02082687
v -0.00209165 -0.05484390 -0.02161628
v -0.00399846 -0.05479902 -0.02082687
v -0.00187844 -0.05484390 -0.02104938
v -0.00225550 -0.05484390 -0.01864564
v -0.00319868 -0.05482757 -0.01776731
v -0.00187844 -0.05484390 -0.02104938
v -0.00399846 -0.05479902 -0.02082687
v -0.00263512 -0.05484390 -0.01956194
v -0.00399846 -0.05479902 -0.02082687
v -0.00400072 -0.05482316 -0.01993364
v -0.00263512 -0.05484390 -0.01956194
v 0.00260860 -0.05483227 -0.02320671
v 0.00078772 -0.05484390 -0.02276653
v 0.00153881 -0.05484390 -0.02124351
v 0.00173539 -0.05478245 -0.02385056
v 0.00078772 -0.05484390 -0.02276653
v 0.00260860 -0.05483227 -0.02320671
v 0.00087291 -0.05479300 -0.02414423
v 0.00078772 -0.05484390 -0.02276653
v 0.00173539 -0.05478245 -0.02385056
v -0.00263512 -0.05484390 -0.01956194
v -0.00391632 -0.05479419 -0.01909399
v -0.00225550 -0.05484390 -0.01864564
v -0.00225550 -0.05484390 -0.01864564
v -0.00391632 -0.05479419 -0.01909399
v -0.00319868 -0.05482757 -0.01776731
v 0.00323296 -0.05479604 -0.01769757
v 0.00185251 -0.05484390 -0.01819700
v 0.00245720 -0.05480808 -0.01695859
v 0.00185251 -0.05484390 -0.01819700
v -0.00263512 -0.05484390 -0.01956194
v -0.00400072 -0.05482316 -0.01993364
v -0.00391632 -0.05479419 -0.01909399
v 0.00230998 -0.05484390 -0.02079379
v 0.00105548 -0.05484390 -0.02007097
v 0.00244594 -0.05484390 -0.01898664
v 0.00171763 -0.05484390 -0.02066326
v 0.00087291 -0.05479300 -0.02414423
v -0.00019388 -0.05484390 -0.02288579
v 0.00078772 -0.05484390 -0.02276653
v -0.00022025 -0.05482500 -0.02418673
v -0.00019388 -0.05484390 -0.02288579
v 0.00087291 -0.05479300 -0.02414423
v 0.00078772 -0.05484390 -0.02276653
v 0.00064015 -0.05484390 -0.02108711
v 0.00153881 -0.05484390 -0.02124351
v 0.00185251 -0.05484390 -0.01819700
v 0.00158644 -0.05480062 -0.01644206
v 0.00245720 -0.05480808 -0.01695859
v -0.00022025 -0.05482500 -0.02418673
v -0.00148499 -0.05482798 -0.02389115
v -0.00019388 -0.05484390 -0.02288579
v 0.00043762 -0.05484390 -0.01919198
v 0.00010555 -0.05484390 -0.01779145
v 0.00185251 -0.05484390 -0.01819700
v 0.00003916 -0.05484390 -0.01839905
v 0.00010555 -0.05484390 -0.01779145
v 0.00158644 -0.05480062 -0.01644206
v 0.00010555 -0.05484390 -0.01779145
v 0.00022029 -0.05482578 -0.01616179
v -0.00150877 -0.05484390 -0.02178514
v -0.00019388 -0.05484390 -0.02288579
v -0.00049843 -0.05484390 -0.01777452
v -0.00041832 -0.05075889 -0.01774621
v -0.00061366 -0.05070900 -0.01806378
v -0.00056483 -0.05484390 -0.01838219
v -0.00049843 -0.05484390 -0.01777452
v -0.00061366 -0.05070900 -0.01806378
v -0.00056483 -0.05484390 -0.01838219
v -0.00061366 -0.05070900 -0.01806378
v -0.00043277 -0.05078274 -0.01842910
v -0.00056483 -0.05484390 -0.01838219
v -0.00043277 -0.05078274 -0.01842910
v -0.00004096 -0.05075889 -0.01842767
v 0.00003916 -0.05484390 -0.01839905
v -0.00056483 -0.05484390 -0.01838219
v -0.00004096 -0.05075889 -0.01842767
v -0.00041832 -0.05075889 -0.01774621
v -0.00005754 -0.05072015 -0.01774120
v -0.00016349 -0.05051732 -0.01791721
v -0.00041832 -0.05075889 -0.01774621
v -0.00016349 -0.05051732 -0.01791721
v -0.00038275 -0.05051386 -0.01804566
v -0.00061366 -0.05070900 -0.01806378
v -0.00041832 -0.05075889 -0.01774621
v -0.00038275 -0.05051386 -0.01804566
v -0.00061366 -0.05070900 -0.01806378
v -0.00038275 -0.05051386 -0.01804566
v -0.00029982 -0.05057716 -0.01835095
v -0.00029982 -0.05057716 -0.01835095
v -0.00043277 -0.05078274 -0.01842910
v -0.00061366 -0.05070900 -0.01806378
v -0.00043277 -0.05078274 -0.01842910
v -0.00029982 -0.05057716 -0.01835095
v -0.00004096 -0.05075889 -0.01842767
v -0.00029982 -0.05057716 -0.01835095
v -0.00038275 -0.05051386 -0.01804566
v -0.00012261 -0.05049514 -0.01813066
v -0.00012261 -0.05049514 -0.01813066
v -0.00038275 -0.05051386 -0.01804566
v -0.00016349 -0.05051732 -0.01791721
v -0.00209165 -0.05484390 -0.02161628
v -0.00193292 -0.05073130 -0.02111577
v -0.00205427 -0.05069762 -0.02134758
v -0.00209165 -0.05484390 -0.02161628
v -0.00187844 -0.05484390 -0.02104938
v -0.00193292 -0.05073130 -0.02111577
v -0.00209165 -0.05484390 -0.02161628
v -0.00205427 -0.05069762 -0.02134758
v -0.00201672 -0.05065757 -0.02157354
v -0.00209165 -0.05484390 -0.02161628
v -0.00201672 -0.05065757 -0.02157354
v -0.00180942 -0.05075812 -0.02179133
v -0.00150877 -0.05484390 -0.02178514
v -0.00209165 -0.05484390 -0.02161628
v -0.00180942 -0.05075812 -0.02179133
v -0.00150877 -0.05484390 -0.02178514
v -0.00180942 -0.05075812 -0.02179133
v -0.00145435 -0.05073130 -0.02171856
v -0.00180942 -0.05075812 -0.02179133
v -0.00201672 -0.05065757 -0.02157354
v -0.00166559 -0.05053246 -0.02161324
v -0.00166559 -0.05053246 -0.02161324
v -0.00145435 -0.05073130 -0.02171856
v -0.00180942 -0.05075812 -0.02179133
v -0.00166559 -0.05053246 -0.02161324
v -0.00201672 -0.05065757 -0.02157354
v -0.00176525 -0.05049282 -0.02130717
v -0.00166559 -0.05053246 -0.02161324
v -0.00130951 -0.05070453 -0.02140218
v -0.00145435 -0.05073130 -0.02171856
v -0.00151378 -0.05052495 -0.02131903
v -0.00130951 -0.05070453 -0.02140218
v -0.00166559 -0.05053246 -0.02161324
v -0.00176525 -0.05049282 -0.02130717
v -0.00151378 -0.05052495 -0.02131903
v -0.00166559 -0.05053246 -0.02161324
v 0.00171763 -0.05484390 -0.02066326
v 0.00193137 -0.05072051 -0.02063584
v 0.00160390 -0.05075407 -0.02080458
v 0.00153881 -0.05484390 -0.02124351
v 0.00160390 -0.05075407 -0.02080458
v 0.00155777 -0.05069613 -0.02101415
v 0.00153881 -0.05484390 -0.02124351
v 0.00171763 -0.05484390 -0.02066326
v 0.00160390 -0.05075407 -0.02080458
v 0.00153881 -0.05484390 -0.02124351
v 0.00155777 -0.05069613 -0.02101415
v 0.00163245 -0.05075377 -0.02127224
v 0.00153881 -0.05484390 -0.02124351
v 0.00163245 -0.05075377 -0.02127224
v 0.00191736 -0.05072051 -0.02140146
v 0.00213110 -0.05484390 -0.02137374
v 0.00153881 -0.05484390 -0.02124351
v 0.00191736 -0.05072051 -0.02140146
v 0.00221634 -0.05075377 -0.02076506
v 0.00229096 -0.05069613 -0.02102309
v 0.00204372 -0.05049026 -0.02110332
v 0.00221634 -0.05075377 -0.02076506
v 0.00204372 -0.05049026 -0.02110332
v 0.00193137 -0.05072051 -0.02063584
v 0.00180191 -0.05049026 -0.02093333
v 0.00193137 -0.05072051 -0.02063584
v 0.00204372 -0.05049026 -0.02110332
v 0.00180191 -0.05049026 -0.02093333
v 0.00155777 -0.05069613 -0.02101415
v 0.00160390 -0.05075407 -0.02080458
v 0.00193137 -0.05072051 -0.02063584
v 0.00180191 -0.05049026 -0.02093333
v 0.00160390 -0.05075407 -0.02080458
v -0.00111002 -0.05484390 -0.02027165
v -0.00263512 -0.05484390 -0.01956194
v -0.00115770 -0.05564355 -0.02023828
v -0.00115770 -0.05564355 -0.02023828
v -0.00263512 -0.05484390 -0.01956194
v -0.00263786 -0.05564355 -0.01955848
v -0.00111002 -0.05484390 -0.02027165
v -0.00115770 -0.05564355 -0.02023828
v -0.00046050 -0.05564355 -0.02108031
v -0.00043775 -0.05484390 -0.02113974
v -0.00111002 -0.05484390 -0.02027165
v -0.00046050 -0.05564355 -0.02108031
v -0.00019558 -0.05564355 -0.02289229
v -0.00043775 -0.05484390 -0.02113974
v -0.00046050 -0.05564355 -0.02108031
v -0.00019388 -0.05484390 -0.02288579
v -0.00043775 -0.05484390 -0.02113974
v -0.00019558 -0.05564355 -0.02289229
v 0.00078701 -0.05564355 -0.02276313
v 0.00078772 -0.05484390 -0.02276653
v -0.00019558 -0.05564355 -0.02289229
v 0.00078772 -0.05484390 -0.02276653
v -0.00019388 -0.05484390 -0.02288579
v -0.00019558 -0.05564355 -0.02289229
v 0.00064015 -0.05484390 -0.02108711
v 0.00078772 -0.05484390 -0.02276653
v 0.00063817 -0.05564355 -0.02102088
v 0.00078701 -0.05564355 -0.02276313
v 0.00105548 -0.05484390 -0.02007097
v 0.00063817 -0.05564355 -0.02102088
v 0.00110537 -0.05564355 -0.02002781
v 0.00105548 -0.05484390 -0.02007097
v 0.00064015 -0.05484390 -0.02108711
v 0.00063817 -0.05564355 -0.02102088
v 0.00244188 -0.05564355 -0.01900023
v 0.00105548 -0.05484390 -0.02007097
v 0.00110537 -0.05564355 -0.02002781
v 0.00244594 -0.05484390 -0.01898664
v 0.00105548 -0.05484390 -0.02007097
v 0.00244188 -0.05564355 -0.01900023
v 0.00186265 -0.05564355 -0.01819252
v 0.00244594 -0.05484390 -0.01898664
v 0.00244188 -0.05564355 -0.01900023
v 0.00185251 -0.05484390 -0.01819700
v 0.00244594 -0.05484390 -0.01898664
v 0.00186265 -0.05564355 -0.01819252
v 0.00043762 -0.05484390 -0.01919198
v 0.00186265 -0.05564355 -0.01819252
v 0.00050068 -0.05564355 -0.01915383
v 0.00043762 -0.05484390 -0.01919198
v 0.00185251 -0.05484390 -0.01819700
v 0.00186265 -0.05564355 -0.01819252
v 0.00043762 -0.05484390 -0.01919198
v 0.00050068 -0.05564355 -0.01915383
v -0.00061718 -0.05564355 -0.01931202
v -0.00067943 -0.05484390 -0.01929014
v 0.00043762 -0.05484390 -0.01919198
v -0.00061718 -0.05564355 -0.01931202
v -0.00225550 -0.05484390 -0.01864564
v -0.00061718 -0.05564355 -0.01931202
v -0.00225097 -0.05564355 -0.01865017
v -0.00067943 -0.05484390 -0.01929014
v -0.00263786 -0.05564355 -0.01955848
v -0.00225550 -0.05484390 -0.01864564
v -0.00225097 -0.05564355 -0.01865017
v -0.00263512 -0.05484390 -0.01956194
v -0.00225550 -0.05484390 -0.01864564
v -0.00263786 -0.05564355 -0.01955848
v 0.00003916 -0.05484390 -0.01839905
v -0.00004096 -0.05075889 -0.01842767
v 0.00015438 -0.05070900 -0.01811003
v 0.00010555 -0.05484390 -0.01779145
v 0.00003916 -0.05484390 -0.01839905
v 0.00015438 -0.05070900 -0.01811003
v 0.00010555 -0.05484390 -0.01779145
v 0.00015438 -0.05070900 -0.01811003
v -0.00005754 -0.05072015 -0.01774120
v 0.00010555 -0.05484390 -0.01779145
v -0.00005754 -0.05072015 -0.01774120
v -0.00041832 -0.05075889 -0.01774621
v -0.00049843 -0.05484390 -0.01777452
v 0.00010555 -0.05484390 -0.01779145
v -0.00041832 -0.05075889 -0.01774621
v -0.00129563 -0.05484390 -0.02121824
v -0.00145435 -0.05073130 -0.02171856
v -0.00130951 -0.05070453 -0.02140218
v -0.00129563 -0.05484390 -0.02121824
v -0.00150877 -0.05484390 -0.02178514
v -0.00145435 -0.05073130 -0.02171856
v -0.00129563 -0.05484390 -0.02121824
v -0.00130951 -0.05070453 -0.02140218
v -0.00157785 -0.05075812 -0.02104300
v -0.00187844 -0.05484390 -0.02104938
v -0.00129563 -0.05484390 -0.02121824
v -0.00157785 -0.05075812 -0.02104300
v -0.00187844 -0.05484390 -0.02104938
v -0.00157785 -0.05075812 -0.02104300
v -0.00193292 -0.05073130 -0.02111577
v 0.00213110 -0.05484390 -0.02137374
v 0.00191736 -0.05072051 -0.02140146
v 0.00224477 -0.05075407 -0.02123272
v 0.00230998 -0.05484390 -0.02079379
v 0.00224477 -0.05075407 -0.02123272
v 0.00229096 -0.05069613 -0.02102309
v 0.00230998 -0.05484390 -0.02079379
v 0.00213110 -0.05484390 -0.02137374
v 0.00224477 -0.05075407 -0.02123272
v 0.00230998 -0.05484390 -0.02079379
v 0.00229096 -0.05069613 -0.02102309
v 0.00221634 -0.05075377 -0.02076506
v 0.00230998 -0.05484390 -0.02079379
v 0.00221634 -0.05075377 -0.02076506
v 0.00193137 -0.05072051 -0.02063584
v 0.00171763 -0.05484390 -0.02066326
v 0.00230998 -0.05484390 -0.02079379
v 0.00193137 -0.05072051 -0.02063584
v 0.00063817 -0.05564355 -0.02102088
v 0.00053372 -0.05564355 -0.02044934
v 0.00110537 -0.05564355 -0.02002781
v -0.00115770 -0.05564355 -0.02023828
v -0.00225097 -0.05564355 -0.01865017
v -0.00061718 -0.05564355 -0.01931202
v -0.00263786 -0.05564355 -0.01955848
v -0.00115770 -0.05564355 -0.02023828
v -0.00061718 -0.05564355 -0.01931202
v -0.00051399 -0.05560719 -0.01988863
v 0.00186265 -0.05564355 -0.01819252
v 0.00244188 -0.05564355 -0.01900023
v 0.00050068 -0.05564355 -0.01915383
v 0.00018213 -0.05561023 -0.01944983
v -0.00061718 -0.05564355 -0.01931202
v 0.00050068 -0.05564355 -0.01915383
v 0.00018213 -0.05561023 -0.01944983
v 0.00050068 -0.05564355 -0.01915383
v 0.00042069 -0.05559360 -0.01942372
v -0.00042198 -0.05556887 -0.02072376
v 0.00053372 -0.05564355 -0.02044934
v 0.00063817 -0.05564355 -0.02102088
v -0.00046050 -0.05564355 -0.02108031
v -0.00042198 -0.05556887 -0.02072376
v 0.00063817 -0.05564355 -0.02102088
v 0.00110537 -0.05564355 -0.02002781
v 0.00042069 -0.05559360 -0.01942372
v 0.00050068 -0.05564355 -0.01915383
v 0.00020944 -0.05564355 -0.02002650
v -0.00061718 -0.05564355 -0.01931202
v 0.00018213 -0.05561023 -0.01944983
v -0.00019558 -0.05564355 -0.02289229
v -0.00046050 -0.05564355 -0.02108031
v 0.00078701 -0.05564355 -0.02276313
v 0.00053372 -0.05564355 -0.02044934
v 0.00042069 -0.05559360 -0.01942372
v 0.00110537 -0.05564355 -0.02002781
v -0.00051399 -0.05560719 -0.01988863
v -0.00042198 -0.05556887 -0.02072376
v -0.00046050 -0.05564355 -0.02108031
v -0.00051399 -0.05560719 -0.01988863
v -0.00046050 -0.05564355 -0.02108031
v -0.00115770 -0.05564355 -0.02023828
v -0.00051399 -0.05560719 -0.01988863
v -0.00061718 -0.05564355 -0.01931202
v 0.00020944 -0.05564355 -0.02002650
v -0.00004096 -0.05075889 -0.01842767
v -0.00029982 -0.05057716 -0.01835095
v -0.00012261 -0.05049514 -0.01813066
v 0.00015438 -0.05070900 -0.01811003
v -0.00004096 -0.05075889 -0.01842767
v -0.00012261 -0.05049514 -0.01813066
v 0.00015438 -0.05070900 -0.01811003
v -0.00012261 -0.05049514 -0.01813066
v -0.00016349 -0.05051732 -0.01791721
v -0.00016349 -0.05051732 -0.01791721
v -0.00005754 -0.05072015 -0.01774120
v 0.00015438 -0.05070900 -0.01811003
v -0.00151378 -0.05052495 -0.02131903
v -0.00157785 -0.05075812 -0.02104300
v -0.00130951 -0.05070453 -0.02140218
v -0.00157785 -0.05075812 -0.02104300
v -0.00151378 -0.05052495 -0.02131903
v -0.00176525 -0.05049282 -0.02130717
v -0.00176525 -0.05049282 -0.02130717
v -0.00193292 -0.05073130 -0.02111577
v -0.00157785 -0.05075812 -0.02104300
v -0.00176525 -0.05049282 -0.02130717
v -0.00205427 -0.05069762 -0.02134758
v -0.00193292 -0.05073130 -0.02111577
v -0.00205427 -0.05069762 -0.02134758
v -0.00176525 -0.05049282 -0.02130717
v -0.00201672 -0.05065757 -0.02157354
v 0.00163245 -0.05075377 -0.02127224
v 0.00180191 -0.05049026 -0.02093333
v 0.00191736 -0.05072051 -0.02140146
v 0.00163245 -0.05075377 -0.02127224
v 0.00155777 -0.05069613 -0.02101415
v 0.00180191 -0.05049026 -0.02093333
v 0.00204372 -0.05049026 -0.02110332
v 0.00191736 -0.05072051 -0.02140146
v 0.00180191 -0.05049026 -0.02093333
v 0.00204372 -0.05049026 -0.02110332
v 0.00229096 -0.05069613 -0.02102309
v 0.00224477 -0.05075407 -0.02123272
v 0.00191736 -0.05072051 -0.02140146
v 0.00204372 -0.05049026 -0.02110332
v 0.00224477 -0.05075407 -0.02123272
v 0.00042660 -0.05544388 -0.02020782
v 0.00042069 -0.05559360 -0.01942372
v 0.00053372 -0.05564355 -0.02044934
v -0.00016893 -0.05559360 -0.02041834
v 0.00042660 -0.05544388 -0.02020782
v 0.00053372 -0.05564355 -0.02044934
v 0.00042660 -0.05544388 -0.02020782
v -0.00020843 -0.05561500 -0.02014178
v 0.00020944 -0.05564355 -0.02002650
v 0.00018213 -0.05561023 -0.01944983
v 0.00042660 -0.05544388 -0.02020782
v 0.00020944 -0.05564355 -0.02002650
v -0.00042198 -0.05556887 -0.02072376
v 0.00053460 -0.05544388 -0.02045750
v 0.00053372 -0.05564355 -0.02044934
v 0.00017069 -0.05544388 -0.01989394
v -0.00051399 -0.05560719 -0.01988863
v 0.00020944 -0.05564355 -0.02002650
v -0.00023600 -0.05544388 -0.02022022
v 0.00017069 -0.05544388 -0.01989394
v 0.00020944 -0.05564355 -0.02002650
v -0.00023600 -0.05544388 -0.02022022
v 0.00020944 -0.05564355 -0.02002650
v -0.00020843 -0.05561500 -0.02014178
v -0.00023600 -0.05544388 -0.02022022
v -0.00020843 -0.05561500 -0.02014178
v -0.00016893 -0.05559360 -0.02041834
v 0.00053460 -0.05544388 -0.02045750
v -0.00023600 -0.05544388 -0.02022022
v -0.00016893 -0.05559360 -0.02041834
v 0.00053460 -0.05544388 -0.02045750
v -0.00016893 -0.05559360 -0.02041834
v 0.00053372 -0.05564355 -0.02044934
v 0.00042660 -0.05544388 -0.02020782
v 0.00018213 -0.05561023 -0.01944983
v 0.00042069 -0.05559360 -0.01942372
v -0.00016893 -0.05559360 -0.02041834
v -0.00020843 -0.05561500 -0.02014178
v 0.00042660 -0.05544388 -0.02020782
v 0.00053460 -0.05544388 -0.02045750
v -0.00042198 -0.05556887 -0.02072376
v -0.00023600 -0.05544388 -0.02022022
v -0.00023600 -0.05544388 -0.02022022
v -0.00051399 -0.05560719 -0.01988863
v 0.00017069 -0.05544388 -0.01989394
v -0.00042198 -0.05556887 -0.02072376
v -0.00051399 -0.05560719 -0.01988863
v -0.00023600 -0.05544388 -0.02022022
vn -0.32202450 -0.53971100 0.77782534
vn -0.32202450 -0.53971100 0.77782534
vn -0.32202450 -0.53971100 0.77782534
vn 0.53177200 -0.82908481 -0.17273367
vn 0.53177200 -0.82908481 -0.17273367
vn 0.53177200 -0.82908481 -0.17273367
vn 0.62350845 -0.75531346 -0.20183852
vn 0.62350845 -0.75531346 -0.20183852
vn 0.62350845 -0.75531346 -0.20183852
vn 0.82770625 -0.55311002 -0.09471892
vn 0.82770625 -0.55311002 -0.09471892
vn 0.82770625 -0.55311002 -0.09471892
vn 0.69777350 -0.70660253 0.11757982
vn 0.69777350 -0.70660253 0.11757982
vn 0.69777350 -0.70660253 0.11757982
vn 0.57513065 -0.78503062 0.23011230
vn 0.57513065 -0.78503062 0.23011230
vn 0.57513065 -0.78503062 0.23011230
vn 0.51066428 -0.83402330 0.20887109
vn 0.51066428 -0.83402330 0.20887109
vn 0.51066428 -0.83402330 0.20887109
vn 0.67628212 -0.73617515 0.02624212
vn 0.67628212 -0.73617515 0.02624212
vn 0.67628212 -0.73617515 0.02624212
vn 0.65555968 -0.66194840 0.36340861
vn 0.65555968 -0.66194840 0.36340861
vn 0.65555968 -0.66194840 0.36340861
vn 0.23670116 -0.95251093 0.19156069
vn 0.23670116 -0.95251093 0.19156069
vn 0.23670116 -0.95251093 0.19156069
vn 0.61422443 -0.60547114 0.50609589
vn 0.61422443 -0.60547114 0.50609589
vn 0.61422443 -0.60547114 0.50609589
vn 0.36061609 -0.80419480 0.47246879
vn 0.36061609 -0.80419480 0.47246879
vn 0.36061609 -0.80419480 0.47246879
vn 0.43253820 -0.73400313 0.52359346
vn 0.43253820 -0.73400313 0.52359346
vn 0.43253820 -0.73400313 0.52359346
vn 0.26652239 -0.89076980 -0.36809642
vn 0.26652239 -0.89076980 -0.36809642
vn 0.26652239 -0.89076980 -0.36809642
vn 0.39929164 -0.91594459 -0.04014600
vn 0.39929164 -0.91594459 -0.04014600
vn 0.39929164 -0.91594459 -0.04014600
vn 0.55315489 -0.47772194 -0.68249646
vn 0.55315489 -0.47772194 -0.68249646
vn 0.55315489 -0.47772194 -0.68249646
vn 0.19601880 -0.86284726 0.46590905
vn 0.19601880 -0.86284726 0.46590905
vn 0.19601880 -0.86284726 0.46590905
vn 0.42780904 -0.80774850 -0.40561284
vn 0.42780904 -0.80774850 -0.40561284
vn 0.42780904 -0.80774850 -0.40561284
vn 0.18390369 -0.81331741 0.55199114
vn 0.18390369 -0.81331741 0.55199114
vn 0.18390369 -0.81331741 0.55199114
vn 0.58036248 -0.61609861 -0.53254286
vn 0.58036248 -0.61609861 -0.53254286
vn 0.58036248 -0.61609861 -0.53254286
vn 0.65319377 -0.54819190 -0.52232513
vn 0.65319377 -0.54819190 -0.52232513
vn 0.65319377 -0.54819190 -0.52232513
vn 0.06990218 -0.76139025 0.64451422
vn 0.06990218 -0.76139025 0.64451422
vn 0.06990218 -0.76139025 0.64451422
vn 0.31426722 -0.93260375 -0.17744398
vn 0.31426722 -0.93260375 -0.17744398
vn 0.31426722 -0.93260375 -0.17744398
vn 0.05258065 -0.77068945 0.63503783
vn 0.05258065 -0.77068945 0.63503783
vn 0.05258065 -0.77068945 0.63503783
vn 0.76506248 -0.50540697 -0.39905288
vn 0.76506248 -0.50540697 -0.39905288
vn 0.76506248 -0.50540697 -0.39905288
vn -0.06302927 -0.95014332 0.30537678
vn -0.06302927 -0.95014332 0.30537678
vn -0.06302927 -0.95014332 0.30537678
vn -0.14262485 -0.58511525 0.79830965
vn -0.14262485 -0.58511525 0.79830965
vn -0.14262485 -0.58511525 0.79830965
vn 0.13860328 -0.99028902 0.01080723
vn 0.13860328 -0.99028902 0.01080723
vn 0.13860328 -0.99028902 0.01080723
vn -0.20968821 -0.81229941 0.54424308
vn -0.20968821 -0.81229941 0.54424308
vn -0.20968821 -0.81229941 0.54424308
vn -0.23211424 -0.69574656 0.67974974
vn -0.23211424 -0.69574656 0.67974974
vn -0.23211424 -0.69574656 0.67974974
vn 0.56767708 0.11166900 0.81564255
vn 0.56767708 0.11166900 0.81564255
vn 0.56767708 0.11166900 0.81564255
vn 0.44830426 -0.10806480 0.88732479
vn 0.44765035 -0.10802601 0.88765959
vn 0.44600263 -0.10792805 0.88850053
vn 0.56863157 0.12558452 0.81294936
vn 0.56863157 0.12558452 0.81294936
vn 0.56863157 0.12558452 0.81294936
vn -0.91444877 -0.11012797 0.38942943
vn -0.91444877 -0.11012797 0.38942943
vn -0.91444877 -0.11012797 0.38942943
vn 0.42538961 -0.05863426 0.90310891
vn 0.42538961 -0.05863426 0.90310891
vn 0.42538961 -0.05863426 0.90310891
vn -0.91664638 -0.24660362 0.31455694
vn -0.91664638 -0.24660362 0.31455694
vn -0.91664638 -0.24660362 0.31455694
vn -0.90105478 -0.20531917 0.38202659
vn -0.90105478 -0.20531917 0.38202659
vn -0.90105478 -0.20531917 0.38202659
vn -0.93120666 0.21285458 0.29588357
vn -0.93120666 0.21285458 0.29588357
vn -0.93120666 0.21285458 0.29588357
vn -0.85194946 0.13222889 0.50665336
vn -0.85194946 0.13222889 0.50665336
vn -0.85194946 0.13222889 0.50665336
vn 0.44893099 -0.10810194 0.88700335
vn -0.78757053 0.02396336 0.61575841
vn -0.78757053 0.02396336 0.61575841
vn -0.78757053 0.02396336 0.61575841
vn 0.44562095 0.13529753 0.88493873
vn 0.44562095 0.13529753 0.88493873
vn 0.44562095 0.13529753 0.88493873
vn -0.91515789 -0.03175020 0.40184321
vn -0.91515789 -0.03175020 0.40184321
vn -0.91515789 -0.03175020 0.40184321
vn -0.93068829 -0.15764283 0.33010309
vn -0.93068829 -0.15764283 0.33010309
vn -0.93068829 -0.15764283 0.33010309
vn 0.33967800 -0.29465543 0.89319485
vn 0.33967800 -0.29465543 0.89319485
vn 0.33967800 -0.29465543 0.89319485
vn -0.91539937 0.02578087 0.40172048
vn -0.91539937 0.02578087 0.40172048
vn -0.91539937 0.02578087 0.40172048
vn 0.40246531 -0.01109585 0.91536799
vn 0.40246531 -0.01109585 0.91536799
vn 0.40246531 -0.01109585 0.91536799
vn 0.38408978 -0.04267900 0.92230881
vn 0.38408978 -0.04267900 0.92230881
vn 0.38408978 -0.04267900 0.92230881
vn -0.87836754 0.12059953 0.46252159
vn -0.87836754 0.12059953 0.46252159
vn -0.87836754 0.12059953 0.46252159
vn 0.44995044 0.09148080 0.88835571
vn 0.44995044 0.09148080 0.88835571
vn 0.44995044 0.09148080 0.88835571
vn 0.41349743 0.03456274 0.90984905
vn 0.41349743 0.03456274 0.90984905
vn 0.41349743 0.03456274 0.90984905
vn -0.93150272 -0.05197562 0.36000170
vn -0.93150272 -0.05197562 0.36000170
vn -0.93150272 -0.05197562 0.36000170
vn 0.41670364 0.14163334 0.89794102
vn 0.41670364 0.14163334 0.89794102
vn 0.41670364 0.14163334 0.89794102
vn 0.42945234 0.04569205 0.90193288
vn 0.42945234 0.04569205 0.90193288
vn 0.42945234 0.04569205 0.90193288
vn -0.93836703 -0.27474662 0.20971793
vn -0.93836703 -0.27474662 0.20971793
vn -0.93836703 -0.27474662 0.20971793
vn 0.29607332 -0.16553443 0.94071193
vn 0.29607332 -0.16553443 0.94071193
vn 0.29607332 -0.16553443 0.94071193
vn 0.30518323 -0.14818918 0.94069292
vn 0.30518323 -0.14818918 0.94069292
vn 0.30518323 -0.14818918 0.94069292
vn 0.43255898 0.13293776 0.89175124
vn 0.43255898 0.13293776 0.89175124
vn 0.43255898 0.13293776 0.89175124
vn 0.38514049 0.02444740 0.92253408
vn 0.38514049 0.02444740 0.92253408
vn 0.38514049 0.02444740 0.92253408
vn 0.29197776 -0.15749741 0.94336820
vn 0.29197776 -0.15749741 0.94336820
vn 0.29197776 -0.15749741 0.94336820
vn 0.24020019 -0.24158246 0.94018178
vn 0.24020019 -0.24158246 0.94018178
vn 0.24020019 -0.24158246 0.94018178
vn -0.96074749 -0.15711641 0.22864536
vn -0.96074749 -0.15711641 0.22864536
vn -0.96074749 -0.15711641 0.22864536
vn 0.30347078 -0.05899461 0.95101268
vn 0.30347078 -0.05899461 0.95101268
vn 0.30347078 -0.05899461 0.95101268
vn -0.95647687 -0.25503593 0.14180505
vn -0.95647687 -0.25503593 0.14180505
vn -0.95647687 -0.25503593 0.14180505
vn -0.93915780 0.06130946 0.33797009
vn -0.93915780 0.06130946 0.33797009
vn -0.93915780 0.06130946 0.33797009
vn -0.92607127 0.10918407 0.36120747
vn -0.92607127 0.10918407 0.36120747
vn -0.92607127 0.10918407 0.36120747
vn -0.97619714 -0.03974653 0.21321199
vn -0.97619714 -0.03974653 0.21321199
vn -0.97619714 -0.03974653 0.21321199
vn 0.13780959 -0.25909132 0.95597082
vn 0.13780959 -0.25909132 0.95597082
vn 0.13780959 -0.25909132 0.95597082
vn 0.25250699 0.04743989 0.96643141
vn 0.25250699 0.04743989 0.96643141
vn 0.25250699 0.04743989 0.96643141
vn -0.95751308 -0.27952966 0.07093564
vn -0.95751308 -0.27952966 0.07093564
vn -0.95751308 -0.27952966 0.07093564
vn -0.97146536 -0.20034617 0.12695064
vn -0.97146536 -0.20034617 0.12695064
vn -0.97146536 -0.20034617 0.12695064
vn -0.93811823 0.13624658 0.31838820
vn -0.93811823 0.13624658 0.31838820
vn -0.93811823 0.13624658 0.31838820
vn 0.29611616 0.13653089 0.94534361
vn 0.29611616 0.13653089 0.94534361
vn 0.29611616 0.13653089 0.94534361
vn -0.97817570 0.04447974 0.20296270
vn -0.97817570 0.04447974 0.20296270
vn -0.97817570 0.04447974 0.20296270
vn -0.98556995 0.00522556 0.16918796
vn -0.98556995 0.00522556 0.16918796
vn -0.98556995 0.00522556 0.16918796
vn -0.98912249 -0.09107708 0.11550610
vn -0.98912249 -0.09107708 0.11550610
vn -0.98912249 -0.09107708 0.11550610
vn -0.98852300 -0.09526352 0.11724821
vn -0.98852300 -0.09526352 0.11724821
vn -0.98852300 -0.09526352 0.11724821
vn 0.25546607 0.11884133 0.95948623
vn 0.25546607 0.11884133 0.95948623
vn 0.25546607 0.11884133 0.95948623
vn 0.05584243 -0.05185561 0.99709208
vn 0.05584243 -0.05185561 0.99709208
vn 0.05584243 -0.05185561 0.99709208
vn 0.02972618 -0.22374054 0.97419532
vn 0.02972618 -0.22374054 0.97419532
vn 0.02972618 -0.22374054 0.97419532
vn 0.19802404 0.03191056 0.97967760
vn 0.19802404 0.03191056 0.97967760
vn 0.19802404 0.03191056 0.97967760
vn 0.15450896 -0.03114346 0.98750041
vn 0.15450896 -0.03114346 0.98750041
vn 0.15450896 -0.03114346 0.98750041
vn 0.10031545 -0.14378647 0.98451118
vn 0.10031545 -0.14378647 0.98451118
vn 0.10031545 -0.14378647 0.98451118
vn 0.11838414 -0.13887330 0.98320873
vn 0.11838414 -0.13887330 0.98320873
vn 0.11838414 -0.13887330 0.98320873
vn -0.98036031 0.13519253 0.14358495
vn -0.98036031 0.13519253 0.14358495
vn -0.98036031 0.13519253 0.14358495
vn -0.97940171 0.16272300 0.11955546
vn -0.97940171 0.16272300 0.11955546
vn -0.97940171 0.16272300 0.11955546
vn -0.98972431 -0.14013360 0.02843169
vn -0.98972431 -0.14013360 0.02843169
vn -0.98972431 -0.14013360 0.02843169
vn -0.98451637 -0.17301531 0.02816409
vn -0.98451637 -0.17301531 0.02816409
vn -0.98451637 -0.17301531 0.02816409
vn -0.98841823 0.09309539 0.11984427
vn -0.98841823 0.09309539 0.11984427
vn -0.98841823 0.09309539 0.11984427
vn -0.99269526 -0.11919527 -0.01867092
vn -0.99269526 -0.11919527 -0.01867092
vn -0.99269526 -0.11919527 -0.01867092
vn -0.98406840 -0.10455153 -0.14379975
vn -0.98406840 -0.10455153 -0.14379975
vn -0.98406840 -0.10455153 -0.14379975
vn 0.09464899 0.13477337 0.98634563
vn 0.09464899 0.13477337 0.98634563
vn 0.09464899 0.13477337 0.98634563
vn -0.05194569 -0.22058496 0.97398353
vn -0.05194569 -0.22058496 0.97398353
vn -0.05194569 -0.22058496 0.97398353
vn 0.02952918 0.07001805 0.99710857
vn 0.02952918 0.07001805 0.99710857
vn 0.02952918 0.07001805 0.99710857
vn -0.00655757 -0.13383573 0.99098183
vn -0.00655757 -0.13383573 0.99098183
vn -0.00655757 -0.13383573 0.99098183
vn 0.16757260 0.16602722 0.97177898
vn 0.16757260 0.16602722 0.97177898
vn 0.16757260 0.16602722 0.97177898
vn -0.97562202 -0.18922466 -0.11115624
vn -0.97562202 -0.18922466 -0.11115624
vn -0.97562202 -0.18922466 -0.11115624
vn -0.09797217 -0.14072664 0.98518905
vn -0.09797217 -0.14072664 0.98518905
vn -0.09797217 -0.14072664 0.98518905
vn -0.95992747 -0.24695211 -0.13249118
vn -0.95992747 -0.24695211 -0.13249118
vn -0.95992747 -0.24695211 -0.13249118
vn -0.94206784 -0.27267453 -0.19533760
vn -0.94206784 -0.27267453 -0.19533760
vn -0.94206784 -0.27267453 -0.19533760
vn -0.09249209 -0.08254517 0.99228600
vn -0.09249209 -0.08254517 0.99228600
vn -0.09249209 -0.08254517 0.99228600
vn -0.99699261 -0.04726047 -0.06141808
vn -0.99699261 -0.04726047 -0.06141808
vn -0.99699261 -0.04726047 -0.06141808
vn -0.98727233 -0.10617873 -0.11840361
vn -0.98727233 -0.10617873 -0.11840361
vn -0.98727233 -0.10617873 -0.11840361
vn -0.98612919 -0.10808468 -0.12596398
vn -0.98612919 -0.10808468 -0.12596398
vn -0.98612919 -0.10808468 -0.12596398
vn -0.97338578 -0.15643908 -0.16747222
vn -0.97338578 -0.15643908 -0.16747222
vn -0.97338578 -0.15643908 -0.16747222
vn -0.99624532 0.07143479 -0.04891150
vn -0.99624532 0.07143479 -0.04891150
vn -0.99624532 0.07143479 -0.04891150
vn -0.99388728 0.10680007 -0.02796097
vn -0.99388728 0.10680007 -0.02796097
vn -0.99388728 0.10680007 -0.02796097
vn -0.99678025 -0.02580648 -0.07591548
vn -0.99678025 -0.02580648 -0.07591548
vn -0.99678025 -0.02580648 -0.07591548
vn -0.99374242 -0.00641052 -0.11151189
vn -0.99374242 -0.00641052 -0.11151189
vn -0.99374242 -0.00641052 -0.11151189
vn -0.15437341 -0.25580687 0.95432264
vn -0.15437341 -0.25580687 0.95432264
vn -0.15437341 -0.25580687 0.95432264
vn -0.11789775 -0.13406136 0.98393479
vn -0.11789775 -0.13406136 0.98393479
vn -0.11789775 -0.13406136 0.98393479
vn -0.04307425 0.13138728 0.99039487
vn -0.04307425 0.13138728 0.99039487
vn -0.04307425 0.13138728 0.99039487
vn -0.04153409 0.12094994 0.99178931
vn -0.04153409 0.12094994 0.99178931
vn -0.04153409 0.12094994 0.99178931
vn -0.09493865 -0.05862967 0.99375511
vn -0.09493865 -0.05862967 0.99375511
vn -0.09493865 -0.05862967 0.99375511
vn -0.99030577 0.13105281 -0.04603950
vn -0.99030577 0.13105281 -0.04603950
vn -0.99030577 0.13105281 -0.04603950
vn -0.07687011 0.06443521 0.99495683
vn -0.07687011 0.06443521 0.99495683
vn -0.07687011 0.06443521 0.99495683
vn -0.06263033 0.02690319 0.99767413
vn -0.06263033 0.02690319 0.99767413
vn -0.06263033 0.02690319 0.99767413
vn -0.14022598 -0.02007584 0.98991597
vn -0.14022598 -0.02007584 0.98991597
vn -0.14022598 -0.02007584 0.98991597
vn -0.98037663 0.15777758 -0.11818588
vn -0.98037663 0.15777758 -0.11818588
vn -0.98037663 0.15777758 -0.11818588
vn -0.09081135 0.07151209 0.99329720
vn -0.09081135 0.07151209 0.99329720
vn -0.09081135 0.07151209 0.99329720
vn -0.15173381 -0.02417771 0.98812564
vn -0.15173381 -0.02417771 0.98812564
vn -0.15173381 -0.02417771 0.98812564
vn -0.97254910 0.13224204 -0.19146877
vn -0.97254910 0.13224204 -0.19146877
vn -0.97254910 0.13224204 -0.19146877
vn -0.98626717 0.01009827 -0.16484872
vn -0.98626717 0.01009827 -0.16484872
vn -0.98626717 0.01009827 -0.16484872
vn -0.29567801 -0.23353370 0.92630261
vn -0.29567801 -0.23353370 0.92630261
vn -0.29567801 -0.23353370 0.92630261
vn -0.12918509 0.18721890 0.97378658
vn -0.12918509 0.18721890 0.97378658
vn -0.12918509 0.18721890 0.97378658
vn -0.98156537 0.03796697 -0.18731772
vn -0.98156537 0.03796697 -0.18731772
vn -0.98156537 0.03796697 -0.18731772
vn -0.90930041 -0.23594313 -0.34278800
vn -0.90930041 -0.23594313 -0.34278800
vn -0.90930041 -0.23594313 -0.34278800
vn -0.98333228 0.04700213 -0.17563723
vn -0.98333228 0.04700213 -0.17563723
vn -0.98333228 0.04700213 -0.17563723
vn -0.95468711 -0.05622296 -0.29225246
vn -0.95468711 -0.05622296 -0.29225246
vn -0.95468711 -0.05622296 -0.29225246
vn -0.16660142 -0.02349121 0.98574445
vn -0.16660142 -0.02349121 0.98574445
vn -0.16660142 -0.02349121 0.98574445
vn -0.93610841 -0.16817311 -0.30889941
vn -0.93610841 -0.16817311 -0.30889941
vn -0.93610841 -0.16817311 -0.30889941
vn -0.23380738 -0.13542553 0.96280529
vn -0.23380738 -0.13542553 0.96280529
vn -0.23380738 -0.13542553 0.96280529
vn -0.33196579 -0.07626215 0.94020359
vn -0.33196579 -0.07626215 0.94020359
vn -0.33196579 -0.07626215 0.94020359
vn -0.34595095 -0.20447085 0.91570170
vn -0.34595095 -0.20447085 0.91570170
vn -0.34595095 -0.20447085 0.91570170
vn -0.27490551 0.04366233 0.96047934
vn -0.27490551 0.04366233 0.96047934
vn -0.27490551 0.04366233 0.96047934
vn -0.87711199 -0.25034617 -0.40987968
vn -0.87711199 -0.25034617 -0.40987968
vn -0.87711199 -0.25034617 -0.40987968
vn -0.22548856 0.08007856 0.97094919
vn -0.22548856 0.08007856 0.97094919
vn -0.22548856 0.08007856 0.97094919
vn -0.94811525 0.03961407 -0.31544919
vn -0.94811525 0.03961407 -0.31544919
vn -0.94811525 0.03961407 -0.31544919
vn -0.25401919 0.11770917 0.96000979
vn -0.25401919 0.11770917 0.96000979
vn -0.25401919 0.11770917 0.96000979
vn -0.94544092 0.15353158 -0.28734912
vn -0.94544092 0.15353158 -0.28734912
vn -0.94544092 0.15353158 -0.28734912
vn -0.93066997 -0.06838962 -0.35941101
vn -0.93066997 -0.06838962 -0.35941101
vn -0.93066997 -0.06838962 -0.35941101
vn -0.93938388 -0.05767389 -0.33798172
vn -0.93938388 -0.05767389 -0.33798172
vn -0.93938388 -0.05767389 -0.33798172
vn -0.36358401 -0.20244817 0.90929721
vn -0.36358401 -0.20244817 0.90929721
vn -0.36358401 -0.20244817 0.90929721
vn -0.43030834 -0.11477332 0.89535569
vn -0.43030834 -0.11477332 0.89535569
vn -0.43030834 -0.11477332 0.89535569
vn -0.30015974 -0.07894512 0.95061654
vn -0.30015974 -0.07894512 0.95061654
vn -0.30015974 -0.07894512 0.95061654
vn -0.90917847 -0.12278887 -0.39789120
vn -0.90917847 -0.12278887 -0.39789120
vn -0.90917847 -0.12278887 -0.39789120
vn -0.91298087 -0.12286470 -0.38906322
vn -0.91298087 -0.12286470 -0.38906322
vn -0.91298087 -0.12286470 -0.38906322
vn -0.41556136 -0.03234812 0.90898974
vn -0.41556136 -0.03234812 0.90898974
vn -0.41556136 -0.03234812 0.90898974
vn -0.92115358 -0.01286206 -0.38898671
vn -0.92115358 -0.01286206 -0.38898671
vn -0.92115358 -0.01286206 -0.38898671
vn -0.91729181 0.12342695 -0.37860470
vn -0.91729181 0.12342695 -0.37860470
vn -0.91729181 0.12342695 -0.37860470
vn -0.93033379 0.04257401 -0.36423412
vn -0.93033379 0.04257401 -0.36423412
vn -0.93033379 0.04257401 -0.36423412
vn -0.89247944 0.10012424 -0.43983586
vn -0.89247944 0.10012424 -0.43983586
vn -0.89247944 0.10012424 -0.43983586
vn -0.91784053 0.08218613 -0.38834804
vn -0.91784053 0.08218613 -0.38834804
vn -0.91784053 0.08218613 -0.38834804
vn -0.96298001 0.20698864 -0.17269974
vn -0.96298001 0.20698864 -0.17269974
vn -0.96298001 0.20698864 -0.17269974
vn -0.88626897 0.14139372 -0.44106137
vn -0.88626897 0.14139372 -0.44106137
vn -0.88626897 0.14139372 -0.44106137
vn -0.45301947 -0.14695768 0.87930472
vn -0.45301947 -0.14695768 0.87930472
vn -0.45301947 -0.14695768 0.87930472
vn -0.36936565 0.03723569 0.92853784
vn -0.36936565 0.03723569 0.92853784
vn -0.36936565 0.03723569 0.92853784
vn -0.38905298 0.04232642 0.92024250
vn -0.38905298 0.04232642 0.92024250
vn -0.38905298 0.04232642 0.92024250
vn -0.34459134 0.13747078 0.92863265
vn -0.34459134 0.13747078 0.92863265
vn -0.34459134 0.13747078 0.92863265
vn -0.43867415 0.08099302 0.89498889
vn -0.43867415 0.08099302 0.89498889
vn -0.43867415 0.08099302 0.89498889
vn -0.52985719 -0.13670105 0.83699712
vn -0.52985719 -0.13670105 0.83699712
vn -0.52985719 -0.13670105 0.83699712
vn -0.39083890 0.12334138 0.91215780
vn -0.39083890 0.12334138 0.91215780
vn -0.39083890 0.12334138 0.91215780
vn -0.55260745 -0.24500624 0.79661594
vn -0.55260745 -0.24500624 0.79661594
vn -0.55260745 -0.24500624 0.79661594
vn -0.51400808 -0.13675526 0.84681385
vn -0.51400808 -0.13675526 0.84681385
vn -0.51400808 -0.13675526 0.84681385
vn 0.83342041 -0.13689363 0.53541625
vn 0.83342041 -0.13689363 0.53541625
vn 0.83342041 -0.13689363 0.53541625
vn 0.84020455 -0.13572806 0.52500877
vn 0.84020455 -0.13572806 0.52500877
vn 0.84020455 -0.13572806 0.52500877
vn 0.79357170 -0.21669007 0.56858541
vn 0.79357170 -0.21669007 0.56858541
vn 0.79357170 -0.21669007 0.56858541
vn -0.56925095 -0.03833194 0.82126976
vn -0.56925095 -0.03833194 0.82126976
vn -0.56925095 -0.03833194 0.82126976
vn -0.56933510 -0.06390560 0.81961797
vn -0.56933510 -0.06390560 0.81961797
vn -0.56933510 -0.06390560 0.81961797
vn -0.60428879 -0.08980812 0.79168779
vn -0.60397346 -0.09106905 0.79178437
vn -0.60369576 -0.09217601 0.79186805
vn -0.60460378 -0.08854430 0.79158965
vn -0.62591811 -0.20533791 0.75237149
vn -0.62591811 -0.20533791 0.75237149
vn -0.62591811 -0.20533791 0.75237149
vn -0.62180430 0.17994480 0.76221997
vn -0.62180430 0.17994480 0.76221997
vn -0.62180430 0.17994480 0.76221997
vn -0.51981830 0.14324446 0.84218167
vn -0.51981830 0.14324446 0.84218167
vn -0.51981830 0.14324446 0.84218167
vn 0.85008995 0.14157068 0.50725222
vn 0.85008995 0.14157068 0.50725222
vn 0.85008995 0.14157068 0.50725222
vn 0.83378337 0.12341055 0.53812185
vn 0.83378337 0.12341055 0.53812185
vn 0.83378337 0.12341055 0.53812185
vn -0.60802972 -0.08450197 0.78940438
vn -0.60802972 -0.08450197 0.78940438
vn -0.60802972 -0.08450197 0.78940438
vn 0.80928142 -0.06585668 0.58371781
vn 0.80928142 -0.06585668 0.58371781
vn 0.80928142 -0.06585668 0.58371781
vn 0.83298613 0.10062252 0.54406729
vn 0.83298613 0.10062252 0.54406729
vn 0.83298613 0.10062252 0.54406729
vn 0.80313309 -0.02203874 0.59539191
vn 0.80313309 -0.02203874 0.59539191
vn 0.80313309 -0.02203874 0.59539191
vn 0.81776526 0.11778800 0.56337019
vn 0.81776526 0.11778800 0.56337019
vn 0.81776526 0.11778800 0.56337019
vn 0.81370678 0.01989082 0.58093513
vn 0.81370678 0.01989082 0.58093513
vn 0.81370678 0.01989082 0.58093513
vn 0.78773074 -0.09479679 0.60868207
vn 0.78773074 -0.09479679 0.60868207
vn 0.78773074 -0.09479679 0.60868207
vn 0.83951866 0.04626185 0.54135780
vn 0.83951866 0.04626185 0.54135780
vn 0.83951866 0.04626185 0.54135780
vn 0.71237215 -0.24021366 0.65941135
vn 0.71237215 -0.24021366 0.65941135
vn 0.71237215 -0.24021366 0.65941135
vn 0.72409561 -0.22874051 0.65066376
vn 0.72409561 -0.22874051 0.65066376
vn 0.72409561 -0.22874051 0.65066376
vn -0.66755339 -0.19706762 0.71800893
vn -0.66755339 -0.19706762 0.71800893
vn -0.66755339 -0.19706762 0.71800893
vn -0.57990656 0.07745784 0.81099239
vn -0.57990656 0.07745784 0.81099239
vn -0.57990656 0.07745784 0.81099239
vn -0.69415094 -0.17262348 0.69882445
vn -0.69415094 -0.17262348 0.69882445
vn -0.69415094 -0.17262348 0.69882445
vn 0.78094728 0.00549042 0.62457281
vn 0.78094728 0.00549042 0.62457281
vn 0.78094728 0.00549042 0.62457281
vn -0.59419687 0.11865295 0.79551967
vn -0.59419687 0.11865295 0.79551967
vn -0.59419687 0.11865295 0.79551967
vn -0.59166352 0.04456100 0.80495254
vn -0.59166352 0.04456100 0.80495254
vn -0.59166352 0.04456100 0.80495254
vn -0.64143835 0.02005566 0.76691239
vn -0.64143835 0.02005566 0.76691239
vn -0.64143835 0.02005566 0.76691239
vn 0.78222560 0.12529569 0.61026560
vn 0.78222560 0.12529569 0.61026560
vn 0.78222560 0.12529569 0.61026560
vn 0.72813083 -0.10488345 0.67736620
vn 0.72813083 -0.10488345 0.67736620
vn 0.72813083 -0.10488345 0.67736620
vn 0.76415023 0.01018349 0.64495793
vn 0.76415023 0.01018349 0.64495793
vn 0.76415023 0.01018349 0.64495793
vn -0.77146692 -0.25963325 0.58088672
vn -0.77146692 -0.25963325 0.58088672
vn -0.77146692 -0.25963325 0.58088672
vn -0.65186258 0.13720084 0.74582243
vn -0.65186258 0.13720084 0.74582243
vn -0.65186258 0.13720084 0.74582243
vn 0.56762945 -0.27809258 0.77489440
vn 0.56762945 -0.27809258 0.77489440
vn 0.56762945 -0.27809258 0.77489440
vn -0.73901884 -0.05060931 0.67178110
vn -0.73901884 -0.05060931 0.67178110
vn -0.73901884 -0.05060931 0.67178110
vn 0.74101202 0.11156652 0.66215867
vn 0.74101202 0.11156652 0.66215867
vn 0.74101202 0.11156652 0.66215867
vn -0.74827408 -0.02370419 0.66296608
vn -0.74827408 -0.02370419 0.66296608
vn -0.74827408 -0.02370419 0.66296608
vn -0.72236303 0.01459282 0.69136004
vn -0.72236303 0.01459282 0.69136004
vn -0.72236303 0.01459282 0.69136004
vn 0.70801967 0.06691309 0.70301550
vn 0.70801967 0.06691309 0.70301550
vn 0.70801967 0.06691309 0.70301550
vn -0.78813693 -0.14258261 0.59875736
vn -0.78833927 -0.14226971 0.59856539
vn -0.78847245 -0.14206363 0.59843890
vn 0.65867916 -0.16828412 0.73336364
vn 0.65867916 -0.16828412 0.73336364
vn 0.65867916 -0.16828412 0.73336364
vn 0.63298266 -0.06543458 0.77139566
vn 0.63298266 -0.06543458 0.77139566
vn 0.63298266 -0.06543458 0.77139566
vn -0.78794297 -0.14288233 0.59894116
vn -0.79204701 -0.14113055 0.59392231
vn -0.79204701 -0.14113055 0.59392231
vn -0.79204701 -0.14113055 0.59392231
vn -0.75559756 0.11354904 0.64511933
vn -0.75559756 0.11354904 0.64511933
vn -0.75559756 0.11354904 0.64511933
vn 0.57621921 -0.16416123 0.80063882
vn 0.57621921 -0.16416123 0.80063882
vn 0.57621921 -0.16416123 0.80063882
vn -0.78080151 -0.09166510 0.61801822
vn -0.78080151 -0.09166510 0.61801822
vn -0.78080151 -0.09166510 0.61801822
vn 0.51385641 -0.24381594 0.82249947
vn 0.51385641 -0.24381594 0.82249947
vn 0.51385641 -0.24381594 0.82249947
vn -0.75432747 0.04764766 0.65476696
vn -0.75432747 0.04764766 0.65476696
vn -0.75432747 0.04764766 0.65476696
vn 0.51422743 -0.20964834 0.83163557
vn 0.51422743 -0.20964834 0.83163557
vn 0.51422743 -0.20964834 0.83163557
vn 0.64537481 0.06086285 0.76143751
vn 0.64537481 0.06086285 0.76143751
vn 0.64537481 0.06086285 0.76143751
vn 0.62531098 -0.04867755 0.77885600
vn 0.62531098 -0.04867755 0.77885600
vn 0.62531098 -0.04867755 0.77885600
vn 0.59028197 -0.09073873 0.80208084
vn 0.59028197 -0.09073873 0.80208084
vn 0.59028197 -0.09073873 0.80208084
vn -0.75660578 0.11412905 0.64383402
vn -0.75660578 0.11412905 0.64383402
vn -0.75660578 0.11412905 0.64383402
vn 0.63942980 -0.02532779 0.76843220
vn 0.63942980 -0.02532779 0.76843220
vn 0.63942980 -0.02532779 0.76843220
vn 0.55770685 -0.13954426 0.81822397
vn 0.55770685 -0.13954426 0.81822397
vn 0.55770685 -0.13954426 0.81822397
vn 0.70354588 -0.20164663 0.68144099
vn 0.70354588 -0.20164663 0.68144099
vn 0.70354588 -0.20164663 0.68144099
vn 0.63039921 0.17876448 0.75540724
vn 0.63039921 0.17876448 0.75540724
vn 0.63039921 0.17876448 0.75540724
vn -0.84302989 -0.20868197 0.49573425
vn -0.84302989 -0.20868197 0.49573425
vn -0.84302989 -0.20868197 0.49573425
vn 0.60020697 0.01157533 0.79976097
vn 0.60020697 0.01157533 0.79976097
vn 0.60020697 0.01157533 0.79976097
vn 0.61561912 0.04118088 0.78696711
vn 0.61561912 0.04118088 0.78696711
vn 0.61561912 0.04118088 0.78696711
vn -0.80297087 0.11640790 0.58453998
vn -0.80297087 0.11640790 0.58453998
vn -0.80297087 0.11640790 0.58453998
vn -0.87735974 -0.10846085 0.46741431
vn -0.87735974 -0.10846085 0.46741431
vn -0.87735974 -0.10846085 0.46741431
vn 0.06930087 0.99288427 0.09684119
vn 0.06930087 0.99288427 0.09684119
vn 0.06930087 0.99288427 0.09684119
vn 0.22413783 0.97404674 0.03154654
vn 0.22413783 0.97404674 0.03154654
vn 0.22413783 0.97404674 0.03154654
vn 0.12941658 0.98664877 -0.09887144
vn 0.12941658 0.98664877 -0.09887144
vn 0.12941658 0.98664877 -0.09887144
vn 0.99968557 0.00702608 -0.02407054
vn 0.99968557 0.00702608 -0.02407054
vn 0.99968557 0.00702608 -0.02407054
vn 0.75938943 -0.03687180 -0.64959077
vn 0.75938943 -0.03687180 -0.64959077
vn 0.75938943 -0.03687180 -0.64959077
vn -0.54554664 -0.15610152 -0.82341434
vn -0.54554664 -0.15610152 -0.82341434
vn -0.54554664 -0.15610152 -0.82341434
vn 0.78071255 0.02968465 -0.62418485
vn 0.78071255 0.02968465 -0.62418485
vn 0.78071255 0.02968465 -0.62418485
vn 0.75066812 0.11718039 -0.65020468
vn 0.75066812 0.11718039 -0.65020468
vn 0.75066812 0.11718039 -0.65020468
vn -0.45147234 -0.10534185 -0.88604505
vn -0.45147234 -0.10534185 -0.88604505
vn -0.45147234 -0.10534185 -0.88604505
vn 0.86329363 -0.15415215 -0.48058426
vn 0.86329363 -0.15415215 -0.48058426
vn 0.86329363 -0.15415215 -0.48058426
vn -0.47102623 -0.14334946 -0.87039372
vn -0.47102623 -0.14334946 -0.87039372
vn -0.47102623 -0.14334946 -0.87039372
vn -0.56759312 0.12739356 -0.81339347
vn -0.56759312 0.12739356 -0.81339347
vn -0.56759312 0.12739356 -0.81339347
vn -0.81645880 0.19065209 -0.54502001
vn -0.81645880 0.19065209 -0.54502001
vn -0.81645880 0.19065209 -0.54502001
vn 0.87785559 -0.25006334 -0.40845794
vn 0.87785559 -0.25006334 -0.40845794
vn 0.87785559 -0.25006334 -0.40845794
vn 0.86912953 -0.22745153 -0.43918067
vn 0.86912953 -0.22745153 -0.43918067
vn 0.86912953 -0.22745153 -0.43918067
vn -0.35214490 -0.22394830 -0.90875801
vn -0.35214490 -0.22394830 -0.90875801
vn -0.35214490 -0.22394830 -0.90875801
vn -0.40051166 -0.08528464 -0.91231406
vn -0.40051166 -0.08528464 -0.91231406
vn -0.40051166 -0.08528464 -0.91231406
vn 0.87678818 -0.09890385 -0.47059592
vn 0.87678818 -0.09890385 -0.47059592
vn 0.87678818 -0.09890385 -0.47059592
vn 0.81599381 0.12883408 -0.56352097
vn 0.81599381 0.12883408 -0.56352097
vn 0.81599381 0.12883408 -0.56352097
vn 0.77408130 0.13994992 -0.61742382
vn 0.77408130 0.13994992 -0.61742382
vn 0.77408130 0.13994992 -0.61742382
vn -0.42507003 -0.06317748 -0.90295297
vn -0.42507003 -0.06317748 -0.90295297
vn -0.42507003 -0.06317748 -0.90295297
vn 0.88749235 -0.18116635 -0.42371698
vn 0.88749235 -0.18116635 -0.42371698
vn 0.88749235 -0.18116635 -0.42371698
vn 0.92365076 -0.07307604 -0.37620363
vn 0.92365076 -0.07307604 -0.37620363
vn 0.92365076 -0.07307604 -0.37620363
vn -0.47636478 0.12270640 -0.87064329
vn -0.47636478 0.12270640 -0.87064329
vn -0.47636478 0.12270640 -0.87064329
vn -0.46166252 0.08135032 -0.88331752
vn -0.46166252 0.08135032 -0.88331752
vn -0.46166252 0.08135032 -0.88331752
vn 0.90494522 -0.05134728 -0.42241877
vn 0.90494522 -0.05134728 -0.42241877
vn 0.90494522 -0.05134728 -0.42241877
vn 0.41442350 0.03247735 -0.90950447
vn 0.41442350 0.03247735 -0.90950447
vn 0.41442350 0.03247735 -0.90950447
vn 0.89052821 -0.00308339 -0.45491757
vn 0.89052821 -0.00308339 -0.45491757
vn 0.89052821 -0.00308339 -0.45491757
vn -0.35500741 -0.18138763 -0.91709774
vn -0.35500741 -0.18138763 -0.91709774
vn -0.35500741 -0.18138763 -0.91709774
vn -0.45531542 0.05905626 -0.88836942
vn -0.45531542 0.05905626 -0.88836942
vn -0.45531542 0.05905626 -0.88836942
vn -0.38501591 0.01875154 -0.92271942
vn -0.38501591 0.01875154 -0.92271942
vn -0.38501591 0.01875154 -0.92271942
vn -0.42757345 0.12523186 -0.89526417
vn -0.42757345 0.12523186 -0.89526417
vn -0.42757345 0.12523186 -0.89526417
vn -0.40720758 0.13268701 -0.90364603
vn -0.40720758 0.13268701 -0.90364603
vn -0.40720758 0.13268701 -0.90364603
vn 0.88359748 0.10248912 -0.45689329
vn 0.88359748 0.10248912 -0.45689329
vn 0.88359748 0.10248912 -0.45689329
vn 0.89912837 0.06219627 -0.43324335
vn 0.89912837 0.06219627 -0.43324335
vn 0.89912837 0.06219627 -0.43324335
vn -0.32019709 -0.09165205 -0.94290706
vn -0.32019709 -0.09165205 -0.94290706
vn -0.32019709 -0.09165205 -0.94290706
vn 0.89376444 0.13984386 -0.42617933
vn 0.89376444 0.13984386 -0.42617933
vn 0.89376444 0.13984386 -0.42617933
vn 0.88830089 0.13139182 -0.44006558
vn 0.88830089 0.13139182 -0.44006558
vn 0.88830089 0.13139182 -0.44006558
vn 0.92076168 0.04547113 -0.38746652
vn 0.92076168 0.04547113 -0.38746652
vn 0.92076168 0.04547113 -0.38746652
vn 0.94105018 -0.15109196 -0.30264794
vn 0.94105018 -0.15109196 -0.30264794
vn 0.94105018 -0.15109196 -0.30264794
vn -0.36942433 0.01679930 -0.92910895
vn -0.36858894 0.01582619 -0.92945776
vn -0.36884206 0.01612096 -0.92935228
vn -0.18623468 -0.24921538 -0.95037274
vn -0.18623468 -0.24921538 -0.95037274
vn -0.18623468 -0.24921538 -0.95037274
vn 0.92514714 -0.07358084 -0.37240922
vn 0.92514714 -0.07358084 -0.37240922
vn 0.92514714 -0.07358084 -0.37240922
vn -0.24036032 -0.13006809 -0.96192994
vn -0.24036032 -0.13006809 -0.96192994
vn -0.24036032 -0.13006809 -0.96192994
vn -0.36981739 0.01725742 -0.92894417
vn 0.94569390 -0.12838891 -0.29862909
vn 0.94569390 -0.12838891 -0.29862909
vn 0.94569390 -0.12838891 -0.29862909
vn -0.13301824 -0.27622398 -0.95184372
vn -0.13301824 -0.27622398 -0.95184372
vn -0.13301824 -0.27622398 -0.95184372
vn -0.29419390 0.11697469 -0.94856042
vn -0.29419390 0.11697469 -0.94856042
vn -0.29419390 0.11697469 -0.94856042
vn 0.95695886 -0.23984453 -0.16341465
vn 0.95695886 -0.23984453 -0.16341465
vn 0.95695886 -0.23984453 -0.16341465
vn -0.27351599 0.06266881 -0.95982375
vn -0.27351599 0.06266881 -0.95982375
vn -0.27351599 0.06266881 -0.95982375
vn -0.26031364 -0.02285026 -0.96525368
vn -0.26031364 -0.02285026 -0.96525368
vn -0.26031364 -0.02285026 -0.96525368
vn 0.97652035 -0.03254422 -0.21295277
vn 0.97652035 -0.03254422 -0.21295277
vn 0.97652035 -0.03254422 -0.21295277
vn 0.98484429 -0.08789269 -0.14952126
vn 0.98484429 -0.08789269 -0.14952126
vn 0.98484429 -0.08789269 -0.14952126
vn -0.15346247 -0.13489289 -0.97890407
vn -0.15346247 -0.13489289 -0.97890407
vn -0.15346247 -0.13489289 -0.97890407
vn 0.96692597 -0.19652117 -0.16258413
vn 0.96692597 -0.19652117 -0.16258413
vn 0.96692597 -0.19652117 -0.16258413
vn -0.15869128 -0.13323893 -0.97829672
vn -0.15869128 -0.13323893 -0.97829672
vn -0.15869128 -0.13323893 -0.97829672
vn 0.96227180 0.04871223 -0.26769404
vn 0.96227180 0.04871223 -0.26769404
vn 0.96227180 0.04871223 -0.26769404
vn 0.98064947 -0.00685533 -0.19565179
vn 0.98064947 -0.00685533 -0.19565179
vn 0.98064947 -0.00685533 -0.19565179
vn -0.13525302 -0.14657800 -0.97990893
vn -0.13525302 -0.14657800 -0.97990893
vn -0.13525302 -0.14657800 -0.97990893
vn 0.95447217 -0.27960905 -0.10393100
vn 0.95447217 -0.27960905 -0.10393100
vn 0.95447217 -0.27960905 -0.10393100
vn 0.97248195 0.03561408 -0.23024006
vn 0.97248195 0.03561408 -0.23024006
vn 0.97248195 0.03561408 -0.23024006
vn -0.18346223 -0.00190597 -0.98302491
vn -0.18346223 -0.00190597 -0.98302491
vn -0.18346223 -0.00190597 -0.98302491
vn 0.96014299 0.12727046 -0.24885272
vn 0.96014299 0.12727046 -0.24885272
vn 0.96014299 0.12727046 -0.24885272
vn -0.13949379 -0.01534476 -0.99010405
vn -0.13949379 -0.01534476 -0.99010405
vn -0.13949379 -0.01534476 -0.99010405
vn -0.09535395 -0.05516733 -0.99391357
vn -0.09535395 -0.05516733 -0.99391357
vn -0.09535395 -0.05516733 -0.99391357
vn -0.20756862 0.15669945 -0.96558819
vn -0.20756862 0.15669945 -0.96558819
vn -0.20756862 0.15669945 -0.96558819
vn 0.98470546 -0.16181565 -0.06458214
vn 0.98470546 -0.16181565 -0.06458214
vn 0.98470546 -0.16181565 -0.06458214
vn -0.13212412 0.03389338 -0.99065355
vn -0.13212412 0.03389338 -0.99065355
vn -0.13212412 0.03389338 -0.99065355
vn -0.14895453 0.04756823 -0.98769925
vn -0.14895453 0.04756823 -0.98769925
vn -0.14895453 0.04756823 -0.98769925
vn 0.00979960 -0.21208813 -0.97720141
vn 0.00979960 -0.21208813 -0.97720141
vn 0.00979960 -0.21208813 -0.97720141
vn 0.99008103 -0.09701908 -0.10162115
vn 0.99008103 -0.09701908 -0.10162115
vn 0.99008103 -0.09701908 -0.10162115
vn 0.96388940 0.13734034 -0.22815534
vn 0.96388940 0.13734034 -0.22815534
vn 0.96388940 0.13734034 -0.22815534
vn -0.00534843 -0.17022001 -0.98539157
vn -0.00534843 -0.17022001 -0.98539157
vn -0.00534843 -0.17022001 -0.98539157
vn -0.09845627 0.07599113 -0.99223571
vn -0.09845627 0.07599113 -0.99223571
vn -0.09845627 0.07599113 -0.99223571
vn -0.08907246 0.10477426 -0.99049909
vn -0.08907246 0.10477426 -0.99049909
vn -0.08907246 0.10477426 -0.99049909
vn -0.09947752 0.12131689 -0.98761654
vn -0.09947752 0.12131689 -0.98761654
vn -0.09947752 0.12131689 -0.98761654
vn 0.01913284 0.08883362 0.99586270
vn 0.01913284 0.08883362 0.99586270
vn 0.01913284 0.08883362 0.99586270
vn 0.98318874 0.13331908 -0.12476344
vn 0.98318874 0.13331908 -0.12476344
vn 0.98318874 0.13331908 -0.12476344
vn 0.99443195 0.08110032 -0.06728912
vn 0.99443195 0.08110032 -0.06728912
vn 0.99443195 0.08110032 -0.06728912
vn 0.06964605 -0.11003729 -0.99148435
vn 0.06964605 -0.11003729 -0.99148435
vn 0.06964605 -0.11003729 -0.99148435
vn 0.98340868 0.13914952 -0.11638206
vn 0.98340868 0.13914952 -0.11638206
vn 0.98340868 0.13914952 -0.11638206
vn 0.07675864 -0.14235855 -0.98683441
vn 0.07675864 -0.14235855 -0.98683441
vn 0.07675864 -0.14235855 -0.98683441
vn 0.96696175 -0.23690457 0.09413389
vn 0.96696175 -0.23690457 0.09413389
vn 0.96696175 -0.23690457 0.09413389
vn -0.99050957 0.11788831 -0.07066210
vn -0.99050957 0.11788831 -0.07066210
vn -0.99050957 0.11788831 -0.07066210
vn 0.17870842 0.19045167 -0.96529346
vn 0.17870842 0.19045167 -0.96529346
vn 0.17870842 0.19045167 -0.96529346
vn 0.98491051 -0.16330896 0.05728405
vn 0.98491051 -0.16330896 0.05728405
vn 0.98491051 -0.16330896 0.05728405
vn 0.11544293 -0.06408692 -0.99124457
vn 0.11544293 -0.06408692 -0.99124457
vn 0.11544293 -0.06408692 -0.99124457
vn 0.98859352 -0.12218715 0.08805198
vn 0.98859352 -0.12218715 0.08805198
vn 0.98859352 -0.12218715 0.08805198
vn 0.10184649 -0.00346721 -0.99479408
vn 0.10184649 -0.00346721 -0.99479408
vn 0.10184649 -0.00346721 -0.99479408
vn 0.11478640 -0.06231321 -0.99143388
vn 0.11478640 -0.06231321 -0.99143388
vn 0.11478640 -0.06231321 -0.99143388
vn 0.98508722 -0.13602698 0.10535575
vn 0.98508722 -0.13602698 0.10535575
vn 0.98508722 -0.13602698 0.10535575
vn 0.08327362 0.03949083 -0.99574393
vn 0.08327362 0.03949083 -0.99574393
vn 0.08327362 0.03949083 -0.99574393
vn 0.03972129 0.14641038 -0.98842613
vn 0.03972129 0.14641038 -0.98842613
vn 0.03972129 0.14641038 -0.98842613
vn 0.99918855 -0.03997401 0.00493127
vn 0.99918855 -0.03997401 0.00493127
vn 0.99918855 -0.03997401 0.00493127
vn 0.94686378 -0.26298860 0.18516475
vn 0.94686378 -0.26298860 0.18516475
vn 0.94686378 -0.26298860 0.18516475
vn 0.99678181 0.03729611 0.07095790
vn 0.99678181 0.03729611 0.07095790
vn 0.99678181 0.03729611 0.07095790
vn 0.99727265 0.05009874 0.05419752
vn 0.99727265 0.05009874 0.05419752
vn 0.99727265 0.05009874 0.05419752
vn 0.99012322 0.12392958 0.06555501
vn 0.99012322 0.12392958 0.06555501
vn 0.99012322 0.12392958 0.06555501
vn 0.98860716 0.14263920 0.04806186
vn 0.98860716 0.14263920 0.04806186
vn 0.98860716 0.14263920 0.04806186
vn 0.03709334 0.14440066 -0.98882381
vn 0.03709334 0.14440066 -0.98882381
vn 0.03709334 0.14440066 -0.98882381
vn 0.19668043 -0.23285354 -0.95241590
vn 0.19668043 -0.23285354 -0.95241590
vn 0.19668043 -0.23285354 -0.95241590
vn 0.23459839 -0.26123539 -0.93633310
vn 0.23459839 -0.26123539 -0.93633310
vn 0.23459839 -0.26123539 -0.93633310
vn 0.99670917 -0.04265772 0.06892855
vn 0.99670917 -0.04265772 0.06892855
vn 0.99670917 -0.04265772 0.06892855
vn 0.98898852 0.11054998 0.09838910
vn 0.98898852 0.11054998 0.09838910
vn 0.98898852 0.11054998 0.09838910
vn 0.08804792 0.04216021 -0.99522363
vn 0.08804792 0.04216021 -0.99522363
vn 0.08804792 0.04216021 -0.99522363
vn 0.13622855 -0.03145596 -0.99017792
vn 0.13622855 -0.03145596 -0.99017792
vn 0.13622855 -0.03145596 -0.99017792
vn 0.23007665 -0.16684544 -0.95876344
vn 0.23007665 -0.16684544 -0.95876344
vn 0.23007665 -0.16684544 -0.95876344
vn 0.93320326 -0.24626109 0.26170050
vn 0.93320326 -0.24626109 0.26170050
vn 0.93320326 -0.24626109 0.26170050
vn 0.98435343 -0.00450903 0.17614762
vn 0.98435343 -0.00450903 0.17614762
vn 0.98435343 -0.00450903 0.17614762
vn 0.25868580 -0.15967275 -0.95267322
vn 0.25868580 -0.15967275 -0.95267322
vn 0.25868580 -0.15967275 -0.95267322
vn 0.97097314 -0.13191550 0.19952309
vn 0.97097314 -0.13191550 0.19952309
vn 0.97097314 -0.13191550 0.19952309
vn 0.22057767 0.07444028 -0.97252462
vn 0.22057767 0.07444028 -0.97252462
vn 0.22057767 0.07444028 -0.97252462
vn 0.29558890 -0.12079978 -0.94764688
vn 0.29558890 -0.12079978 -0.94764688
vn 0.29558890 -0.12079978 -0.94764688
vn 0.98699546 -0.00419166 0.16069346
vn 0.98699546 -0.00419166 0.16069346
vn 0.98699546 -0.00419166 0.16069346
vn 0.22465998 0.12606101 -0.96624868
vn 0.22465998 0.12606101 -0.96624868
vn 0.22465998 0.12606101 -0.96624868
vn 0.93664060 -0.16522648 0.30887636
vn 0.93664060 -0.16522648 0.30887636
vn 0.93664060 -0.16522648 0.30887636
vn 0.94967609 -0.05977321 0.30747762
vn 0.94965877 -0.06021454 0.30744501
vn 0.94949749 -0.06411628 0.30715406
vn 0.38067691 -0.23344696 -0.89475561
vn 0.38067691 -0.23344696 -0.89475561
vn 0.38067691 -0.23344696 -0.89475561
vn 0.42342313 -0.26018380 -0.86776566
vn 0.42342313 -0.26018380 -0.86776566
vn 0.42342313 -0.26018380 -0.86776566
vn 0.41695876 -0.19683003 -0.88735750
vn 0.41695876 -0.19683003 -0.88735750
vn 0.41695876 -0.19683003 -0.88735750
vn 0.95333905 0.05166396 0.29744830
vn 0.95333905 0.05166396 0.29744830
vn 0.95333905 0.05166396 0.29744830
vn 0.94979549 -0.05659055 0.30771096
vn 0.25736510 0.14361104 -0.95558311
vn 0.25736510 0.14361104 -0.95558311
vn 0.25736510 0.14361104 -0.95558311
vn 0.87332924 -0.25608702 0.41438566
vn 0.87332924 -0.25608702 0.41438566
vn 0.87332924 -0.25608702 0.41438566
vn 0.84848740 -0.26989505 0.45522060
vn 0.84848740 -0.26989505 0.45522060
vn 0.84848740 -0.26989505 0.45522060
vn 0.37224148 -0.09627260 -0.92312939
vn 0.37224148 -0.09627260 -0.92312939
vn 0.37224148 -0.09627260 -0.92312939
vn 0.91773269 -0.15889789 0.36403045
vn 0.91773269 -0.15889789 0.36403045
vn 0.91773269 -0.15889789 0.36403045
vn 0.43253265 -0.11057896 -0.89481160
vn 0.43253265 -0.11057896 -0.89481160
vn 0.43253265 -0.11057896 -0.89481160
vn 0.95037352 0.13937373 0.27814587
vn 0.95037352 0.13937373 0.27814587
vn 0.95037352 0.13937373 0.27814587
vn 0.96527203 0.11743096 0.23336640
vn 0.96527203 0.11743096 0.23336640
vn 0.96527203 0.11743096 0.23336640
vn 0.90197723 -0.13706920 0.40944977
vn 0.90197723 -0.13706920 0.40944977
vn 0.90197723 -0.13706920 0.40944977
vn 0.90404147 -0.12489074 0.40879251
vn 0.90404147 -0.12489074 0.40879251
vn 0.90404147 -0.12489074 0.40879251
vn 0.38034631 -0.08573078 -0.92086205
vn 0.38034631 -0.08573078 -0.92086205
vn 0.38034631 -0.08573078 -0.92086205
vn 0.34987711 -0.01833297 -0.93661620
vn 0.34987711 -0.01833297 -0.93661620
vn 0.34987711 -0.01833297 -0.93661620
vn 0.37500040 -0.03657589 -0.92630281
vn 0.37500040 -0.03657589 -0.92630281
vn 0.37500040 -0.03657589 -0.92630281
vn -0.70787939 -0.16308478 -0.68724823
vn -0.70787939 -0.16308478 -0.68724823
vn -0.70787939 -0.16308478 -0.68724823
vn 0.37792775 0.02374327 -0.92553059
vn 0.37792775 0.02374327 -0.92553059
vn 0.37792775 0.02374327 -0.92553059
vn 0.36729609 0.14144671 -0.91928582
vn 0.36729609 0.14144671 -0.91928582
vn 0.36729609 0.14144671 -0.91928582
vn 0.91711199 0.13466631 0.37519406
vn 0.91711199 0.13466631 0.37519406
vn 0.91711199 0.13466631 0.37519406
vn 0.37290653 0.03402603 -0.92724482
vn 0.37290653 0.03402603 -0.92724482
vn 0.37290653 0.03402603 -0.92724482
vn 0.91113725 -0.02151624 0.41154096
vn 0.91113725 -0.02151624 0.41154096
vn 0.91113725 -0.02151624 0.41154096
vn -0.80674135 -0.21317434 -0.55111259
vn -0.80674135 -0.21317434 -0.55111259
vn -0.80674135 -0.21317434 -0.55111259
vn 0.36402154 0.04311404 -0.93039212
vn 0.36402154 0.04311404 -0.93039212
vn 0.36402154 0.04311404 -0.93039212
vn 0.48446052 -0.15012268 -0.86183594
vn 0.48446052 -0.15012268 -0.86183594
vn 0.48446052 -0.15012268 -0.86183594
vn 0.91791415 0.13345556 0.37366191
vn 0.91791415 0.13345556 0.37366191
vn 0.91791415 0.13345556 0.37366191
vn 0.92804560 0.04434315 0.36981758
vn 0.92804560 0.04434315 0.36981758
vn 0.92804560 0.04434315 0.36981758
vn 0.58463941 -0.12836768 -0.80107334
vn 0.58463941 -0.12836768 -0.80107334
vn 0.58463941 -0.12836768 -0.80107334
vn 0.93210572 0.05031282 0.35867471
vn 0.93210572 0.05031282 0.35867471
vn 0.93210572 0.05031282 0.35867471
vn 0.40629604 0.07111660 -0.91096979
vn 0.40629604 0.07111660 -0.91096979
vn 0.40629604 0.07111660 -0.91096979
vn 0.90808102 0.08795617 0.40945399
vn 0.90808102 0.08795617 0.40945399
vn 0.90808102 0.08795617 0.40945399
vn -0.84254949 -0.06795533 -0.53431491
vn -0.84254949 -0.06795533 -0.53431491
vn -0.84254949 -0.06795533 -0.53431491
vn 0.41694406 0.09994424 -0.90342061
vn 0.41694406 0.09994424 -0.90342061
vn 0.41694406 0.09994424 -0.90342061
vn -0.81419859 -0.13850833 -0.56382276
vn -0.81419859 -0.13850833 -0.56382276
vn -0.81419859 -0.13850833 -0.56382276
vn 0.39833218 0.12767021 -0.90831261
vn 0.39833218 0.12767021 -0.90831261
vn 0.39833218 0.12767021 -0.90831261
vn 0.56901213 -0.26455394 -0.77861185
vn 0.56901213 -0.26455394 -0.77861185
vn 0.56901213 -0.26455394 -0.77861185
vn 0.56684623 -0.12986783 -0.81352302
vn 0.56684623 -0.12986783 -0.81352302
vn 0.56684623 -0.12986783 -0.81352302
vn -0.80353248 -0.13167541 -0.58051455
vn -0.80353248 -0.13167541 -0.58051455
vn -0.80353248 -0.13167541 -0.58051455
vn 0.51944518 -0.05733631 -0.85257800
vn 0.51944518 -0.05733631 -0.85257800
vn 0.51944518 -0.05733631 -0.85257800
vn 0.52228342 -0.05249497 -0.85115469
vn 0.52228342 -0.05249497 -0.85115469
vn 0.52228342 -0.05249497 -0.85115469
vn -0.81299791 -0.02037911 -0.58190986
vn -0.81299791 -0.02037911 -0.58190986
vn -0.81299791 -0.02037911 -0.58190986
vn 0.62146851 0.17500124 -0.76364354
vn 0.62146851 0.17500124 -0.76364354
vn 0.62146851 0.17500124 -0.76364354
vn -0.71454318 -0.25367122 -0.65198079
vn -0.71454318 -0.25367122 -0.65198079
vn -0.71454318 -0.25367122 -0.65198079
vn -0.81146727 0.06005769 -0.58130366
vn -0.81146727 0.06005769 -0.58130366
vn -0.81146727 0.06005769 -0.58130366
vn -0.82635629 0.10951538 -0.55239629
vn -0.82635629 0.10951538 -0.55239629
vn -0.82635629 0.10951538 -0.55239629
vn 0.57966858 -0.01421208 -0.81472839
vn 0.57966858 -0.01421208 -0.81472839
vn 0.57966858 -0.01421208 -0.81472839
vn 0.51833293 0.14017733 -0.84361205
vn 0.51833293 0.14017733 -0.84361205
vn 0.51833293 0.14017733 -0.84361205
vn 0.55820353 0.07571096 -0.82624250
vn 0.55820353 0.07571096 -0.82624250
vn 0.55820353 0.07571096 -0.82624250
vn -0.81986713 0.12428900 -0.55890082
vn -0.81986713 0.12428900 -0.55890082
vn -0.81986713 0.12428900 -0.55890082
vn -0.74562957 -0.12192507 -0.65511130
vn -0.74562957 -0.12192507 -0.65511130
vn -0.74562957 -0.12192507 -0.65511130
vn 0.60190330 -0.13421064 -0.78721022
vn 0.60190330 -0.13421064 -0.78721022
vn 0.60190330 -0.13421064 -0.78721022
vn -0.78027566 0.04163478 -0.62404843
vn -0.78027566 0.04163478 -0.62404843
vn -0.78027566 0.04163478 -0.62404843
vn 0.55821585 0.12569148 -0.82011994
vn 0.55821585 0.12569148 -0.82011994
vn 0.55821585 0.12569148 -0.82011994
vn -0.80867123 0.13365733 -0.57287570
vn -0.80867123 0.13365733 -0.57287570
vn -0.80867123 0.13365733 -0.57287570
vn -0.66698379 -0.23310364 -0.70766893
vn -0.66698379 -0.23310364 -0.70766893
vn -0.66698379 -0.23310364 -0.70766893
vn 0.67665514 -0.19713952 -0.70941796
vn 0.67665514 -0.19713952 -0.70941796
vn 0.67665514 -0.19713952 -0.70941796
vn 0.69531105 -0.08428557 -0.71374960
vn 0.69531105 -0.08428557 -0.71374960
vn 0.69531105 -0.08428557 -0.71374960
vn -0.73591365 -0.01439046 -0.67692246
vn -0.73591365 -0.01439046 -0.67692246
vn -0.73591365 -0.01439046 -0.67692246
vn -0.76740805 -0.00361640 -0.64114882
vn -0.76740805 -0.00361640 -0.64114882
vn -0.76740805 -0.00361640 -0.64114882
vn 0.63030802 0.04228807 -0.77519257
vn 0.63030802 0.04228807 -0.77519257
vn 0.63030802 0.04228807 -0.77519257
vn 0.63633472 -0.00203397 -0.77141039
vn 0.63633472 -0.00203397 -0.77141039
vn 0.63633472 -0.00203397 -0.77141039
vn 0.65628084 -0.00870501 -0.75446649
vn 0.65628084 -0.00870501 -0.75446649
vn 0.65628084 -0.00870501 -0.75446649
vn -0.65440956 -0.13402151 -0.74416824
vn -0.65440956 -0.13402151 -0.74416824
vn -0.65440956 -0.13402151 -0.74416824
vn 0.73441431 -0.19700746 -0.64947955
vn 0.73441431 -0.19700746 -0.64947955
vn 0.73441431 -0.19700746 -0.64947955
vn 0.64656057 0.14724629 -0.74851717
vn 0.64656057 0.14724629 -0.74851717
vn 0.64656057 0.14724629 -0.74851717
vn -0.63120338 -0.14862169 -0.76124496
vn -0.63120338 -0.14862169 -0.76124496
vn -0.63120338 -0.14862169 -0.76124496
vn 0.77759117 -0.22828406 -0.58586548
vn 0.77759117 -0.22828406 -0.58586548
vn 0.77759117 -0.22828406 -0.58586548
vn 0.75735881 -0.00140332 -0.65299745
vn 0.75735881 -0.00140332 -0.65299745
vn 0.75735881 -0.00140332 -0.65299745
vn -0.66057508 -0.01223502 -0.75066028
vn -0.66057508 -0.01223502 -0.75066028
vn -0.66057508 -0.01223502 -0.75066028
vn -0.68112035 0.13503618 -0.71961122
vn -0.68112035 0.13503618 -0.71961122
vn -0.68112035 0.13503618 -0.71961122
vn 0.79597170 -0.14402880 -0.58794963
vn 0.79597170 -0.14402880 -0.58794963
vn 0.79597170 -0.14402880 -0.58794963
vn 0.73490490 0.09215664 -0.67187941
vn 0.73490490 0.09215664 -0.67187941
vn 0.73490490 0.09215664 -0.67187941
vn -0.61555811 -0.03433754 -0.78734309
vn -0.61555811 -0.03433754 -0.78734309
vn -0.61555811 -0.03433754 -0.78734309
vn -0.61385973 -0.06947260 -0.78635220
vn -0.61385973 -0.06947260 -0.78635220
vn -0.61385973 -0.06947260 -0.78635220
vn -0.65536069 0.11239851 -0.74690624
vn -0.65536069 0.11239851 -0.74690624
vn -0.65536069 0.11239851 -0.74690624
vn -0.51105616 -0.24314306 -0.82444106
vn -0.51105616 -0.24314306 -0.82444106
vn -0.51105616 -0.24314306 -0.82444106
vn 0.79356558 -0.11513972 -0.59749185
vn 0.79356558 -0.11513972 -0.59749185
vn 0.79356558 -0.11513972 -0.59749185
vn -0.55544994 -0.15874200 -0.81625752
vn -0.55544994 -0.15874200 -0.81625752
vn -0.55544994 -0.15874200 -0.81625752
vn -0.66532407 0.08814621 -0.74133267
vn -0.66532407 0.08814621 -0.74133267
vn -0.66532407 0.08814621 -0.74133267
vn 0.76783602 -0.08306148 -0.63523903
vn 0.76783602 -0.08306148 -0.63523903
vn 0.76783602 -0.08306148 -0.63523903
vn 0.77504178 -0.08779155 -0.62578182
vn 0.77504178 -0.08779155 -0.62578182
vn 0.77504178 -0.08779155 -0.62578182
vn 0.73914180 0.10993684 -0.66451734
vn 0.73914180 0.10993684 -0.66451734
vn 0.73914180 0.10993684 -0.66451734
vn -0.46376102 -0.26356240 -0.84584903
vn -0.46376102 -0.26356240 -0.84584903
vn -0.46376102 -0.26356240 -0.84584903
vn -0.62765378 0.03444824 -0.77773006
vn -0.62765378 0.03444824 -0.77773006
vn -0.62765378 0.03444824 -0.77773006
vn 0.79200819 -0.03355734 -0.60958752
vn 0.79200819 -0.03355734 -0.60958752
vn 0.79200819 -0.03355734 -0.60958752
vn -0.85608401 -0.01092333 -0.51672125
vn -0.85608401 -0.01092333 -0.51672125
vn -0.85608401 -0.01092333 -0.51672125
vn 0.76635329 0.00295541 -0.64241257
vn 0.76635329 0.00295541 -0.64241257
vn 0.76635329 0.00295541 -0.64241257
vn 0.67264813 -0.00351812 -0.73995413
vn 0.67264813 -0.00351812 -0.73995413
vn 0.67264813 -0.00351812 -0.73995413
vn 0.91530193 -0.00272659 -0.40275915
vn 0.91530193 -0.00272659 -0.40275915
vn 0.91530193 -0.00272659 -0.40275915
vn 0.90292527 -0.00196680 -0.42979308
vn 0.90292527 -0.00196680 -0.42979308
vn 0.90292527 -0.00196680 -0.42979308
vn 0.99993341 -0.00480350 0.01049277
vn 0.99993341 -0.00480350 0.01049277
vn 0.99993341 -0.00480350 0.01049277
vn 0.90257750 -0.00600760 -0.43048551
vn 0.90257750 -0.00600760 -0.43048551
vn 0.90257750 -0.00600760 -0.43048551
vn 0.60619531 -0.00143514 -0.79531452
vn 0.60619531 -0.00143514 -0.79531452
vn 0.60619531 -0.00143514 -0.79531452
vn 0.97446916 -0.00068625 -0.22452034
vn 0.97446916 -0.00068625 -0.22452034
vn 0.97446916 -0.00068625 -0.22452034
vn 0.98406560 -0.00295935 -0.17778117
vn 0.98406560 -0.00295935 -0.17778117
vn 0.98406560 -0.00295935 -0.17778117
vn 0.99085640 0.00508481 0.13482484
vn 0.99085640 0.00508481 0.13482484
vn 0.99085640 0.00508481 0.13482484
vn 0.95046778 0.00567173 0.31077136
vn 0.95046778 0.00567173 0.31077136
vn 0.95046778 0.00567173 0.31077136
vn 0.62473878 -0.00003495 -0.78083382
vn 0.62473878 -0.00003495 -0.78083382
vn 0.62473878 -0.00003495 -0.78083382
vn -0.59442509 -0.78787245 0.16098390
vn -0.59442509 -0.78787245 0.16098390
vn -0.59442509 -0.78787245 0.16098390
vn -0.67019413 -0.71202881 0.20941536
vn -0.67019413 -0.71202881 0.20941536
vn -0.67019413 -0.71202881 0.20941536
vn 0.35820766 -0.65659191 -0.66375774
vn 0.35820766 -0.65659191 -0.66375774
vn 0.35820766 -0.65659191 -0.66375774
vn -0.70057092 -0.70329813 -0.12071511
vn -0.70057092 -0.70329813 -0.12071511
vn -0.70057092 -0.70329813 -0.12071511
vn -0.56450093 -0.81017538 -0.15797009
vn -0.56450093 -0.81017538 -0.15797009
vn -0.56450093 -0.81017538 -0.15797009
vn -0.53661305 -0.79223339 -0.29053862
vn -0.53661305 -0.79223339 -0.29053862
vn -0.53661305 -0.79223339 -0.29053862
vn -0.70020619 -0.71352662 -0.02431170
vn -0.70020619 -0.71352662 -0.02431170
vn -0.70020619 -0.71352662 -0.02431170
vn 0.24325495 -0.82360209 -0.51235401
vn 0.24325495 -0.82360209 -0.51235401
vn 0.24325495 -0.82360209 -0.51235401
vn -0.66261163 -0.62917416 -0.40630739
vn -0.66261163 -0.62917416 -0.40630739
vn -0.66261163 -0.62917416 -0.40630739
vn -0.28934350 -0.92906183 -0.23048741
vn -0.28934350 -0.92906183 -0.23048741
vn -0.28934350 -0.92906183 -0.23048741
vn -0.53408210 -0.84266136 0.06839688
vn -0.53408210 -0.84266136 0.06839688
vn -0.53408210 -0.84266136 0.06839688
vn -0.66717551 -0.44289385 -0.59893395
vn -0.66717551 -0.44289385 -0.59893395
vn -0.66717551 -0.44289385 -0.59893395
vn -0.29064467 -0.86491307 -0.40920783
vn -0.29064467 -0.86491307 -0.40920783
vn -0.29064467 -0.86491307 -0.40920783
vn -0.22399273 -0.97459040 -0.00090412
vn -0.22399273 -0.97459040 -0.00090412
vn -0.22399273 -0.97459040 -0.00090412
vn -0.28975340 -0.89453694 0.34036250
vn -0.28975340 -0.89453694 0.34036250
vn -0.28975340 -0.89453694 0.34036250
vn -0.33989656 -0.81431658 0.47048787
vn -0.33989656 -0.81431658 0.47048787
vn -0.33989656 -0.81431658 0.47048787
vn -0.48941836 -0.61291884 0.62032263
vn -0.48941836 -0.61291884 0.62032263
vn -0.48941836 -0.61291884 0.62032263
vn -0.09779242 -0.96056929 -0.26027538
vn -0.09779242 -0.96056929 -0.26027538
vn -0.09779242 -0.96056929 -0.26027538
vn -0.41640795 -0.66887024 -0.61580599
vn -0.41640795 -0.66887024 -0.61580599
vn -0.41640795 -0.66887024 -0.61580599
vn -0.49864953 -0.46787321 0.72968713
vn -0.49864953 -0.46787321 0.72968713
vn -0.49864953 -0.46787321 0.72968713
vn -0.40920905 -0.52949469 -0.74309039
vn -0.40920905 -0.52949469 -0.74309039
vn -0.40920905 -0.52949469 -0.74309039
vn -0.31836815 -0.92948277 0.18628873
vn -0.31836815 -0.92948277 0.18628873
vn -0.31836815 -0.92948277 0.18628873
vn -0.08524421 -0.83117461 -0.54943807
vn -0.08524421 -0.83117461 -0.54943807
vn -0.08524421 -0.83117461 -0.54943807
vn -0.37118587 -0.89289593 0.25486841
vn -0.37118587 -0.89289593 0.25486841
vn -0.37118587 -0.89289593 0.25486841
vn -0.68308328 -0.51854020 0.51430856
vn -0.68308328 -0.51854020 0.51430856
vn -0.68308328 -0.51854020 0.51430856
vn -0.64964638 -0.64414977 0.40377056
vn -0.64964638 -0.64414977 0.40377056
vn -0.64964638 -0.64414977 0.40377056
vn -0.16503585 -0.63151938 -0.75759253
vn -0.16503585 -0.63151938 -0.75759253
vn -0.16503585 -0.63151938 -0.75759253
vn -0.12116051 -0.38297459 -0.91577868
vn -0.12116051 -0.38297459 -0.91577868
vn -0.12116051 -0.38297459 -0.91577868
vn -0.66548544 -0.63859924 0.38641964
vn -0.66548544 -0.63859924 0.38641964
vn -0.66548544 -0.63859924 0.38641964
vn -0.05897815 -0.99818472 0.01219997
vn -0.05897815 -0.99818472 0.01219997
vn -0.05897815 -0.99818472 0.01219997
vn 0.08958891 -0.81620787 -0.57077012
vn 0.08958891 -0.81620787 -0.57077012
vn 0.08958891 -0.81620787 -0.57077012
vn 0.12298999 -0.87381266 -0.47045180
vn 0.12298999 -0.87381266 -0.47045180
vn 0.12298999 -0.87381266 -0.47045180
vn 0.10541164 -0.57124955 -0.81397932
vn 0.10541164 -0.57124955 -0.81397932
vn 0.10541164 -0.57124955 -0.81397932
vn -0.17954894 0.92711346 -0.32897235
vn -0.17954894 0.92711346 -0.32897235
vn -0.17954894 0.92711346 -0.32897235
vn -0.13485685 0.98395124 -0.11684857
vn -0.13485685 0.98395124 -0.11684857
vn -0.13485685 0.98395124 -0.11684857
vn -0.12172129 0.99127716 -0.05053228
vn -0.12172129 0.99127716 -0.05053228
vn -0.12172129 0.99127716 -0.05053228
vn -0.16740768 0.97939421 0.11296751
vn -0.16740768 0.97939421 0.11296751
vn -0.16740768 0.97939421 0.11296751
vn -0.68181517 0.00396756 -0.73151372
vn -0.68181517 0.00396756 -0.73151372
vn -0.68181517 0.00396756 -0.73151372
vn 0.58516320 -0.00235590 -0.81091213
vn 0.58516320 -0.00235590 -0.81091213
vn 0.58516320 -0.00235590 -0.81091213
vn 0.69237370 0.00026227 -0.72153904
vn 0.69237370 0.00026227 -0.72153904
vn 0.69237370 0.00026227 -0.72153904
vn 0.67353940 -0.00089968 -0.73915077
vn 0.67353940 -0.00089968 -0.73915077
vn 0.67353940 -0.00089968 -0.73915077
vn -0.99837504 -0.00914761 0.05624584
vn -0.99837504 -0.00914761 0.05624584
vn -0.99837504 -0.00914761 0.05624584
vn 0.00142966 -0.99999886 -0.00049593
vn 0.00199383 -0.99999768 -0.00081819
vn 0.00198070 -0.99999688 -0.00151950
vn 0.00039125 -0.99999931 0.00111102
vn 0.00134829 -0.99999853 -0.00105684
vn 0.00048382 -0.99999800 0.00193822
vn 0.00037913 -0.99999573 0.00289655
vn 0.00167035 -0.99999141 -0.00379346
vn 0.00134826 -0.99999814 0.00137846
vn 0.01691419 -0.99908542 -0.03927137
vn 0.01691419 -0.99908542 -0.03927137
vn 0.01691419 -0.99908542 -0.03927137
vn -0.02222022 -0.99790764 0.06071741
vn -0.02222022 -0.99790764 0.06071741
vn -0.02222022 -0.99790764 0.06071741
vn 0.00117612 0.99846204 0.05542712
vn 0.00117612 0.99846204 0.05542712
vn 0.00117612 0.99846204 0.05542712
vn 0.00673981 0.99978889 0.01940987
vn 0.00673981 0.99978889 0.01940987
vn 0.00673981 0.99978889 0.01940987
vn 0.01017398 0.99895466 0.04456534
vn 0.01017398 0.99895466 0.04456534
vn 0.01017398 0.99895466 0.04456534
vn 0.02364740 0.99932723 0.02803354
vn 0.02380591 0.99930651 0.02863189
vn 0.02270256 0.99941555 0.02555685
vn -0.00544135 0.99947818 0.03183953
vn -0.00570645 0.99951252 0.03069460
vn -0.00523158 0.99945003 0.03274544
vn 0.02226141 0.99943531 0.02516928
vn 0.02177326 0.99944528 0.02520031
vn -0.00578861 0.99952288 0.03033975
vn -0.02032794 0.99888009 0.04272402
vn -0.02011524 0.99888296 0.04275764
vn -0.01969677 0.99888846 0.04282380
vn 0.03095997 0.99946743 0.01031239
vn 0.02937548 0.99955075 0.00594889
vn 0.03155869 0.99943032 0.01196159
vn -0.02074607 0.99887432 0.04265790
vn 0.03237924 0.99937446 0.01422224
vn 0.00986765 0.99981407 0.01656641
vn 0.00986765 0.99981407 0.01656641
vn 0.00986765 0.99981407 0.01656641
vn -0.02216501 0.99950671 0.02224989
vn -0.02212713 0.99951015 0.02213240
vn -0.02223791 0.99950003 0.02247602
vn 0.03556883 0.99936622 0.00142296
vn 0.03557086 0.99936614 0.00142418
vn 0.03557150 0.99936612 0.00142457
vn -0.02210577 0.99951209 0.02206614
vn -0.04547092 0.99857093 0.02808008
vn -0.04548875 0.99854217 0.02905682
vn -0.04545711 0.99859249 0.02732552
vn 0.03556821 0.99936624 0.00142258
vn 0.02988637 0.99950879 0.00943318
vn 0.02988637 0.99950879 0.00943318
vn 0.02988637 0.99950879 0.00943318
vn -0.04550423 0.99851637 0.02990678
vn 0.02398013 0.99968106 -0.00792010
vn 0.02398013 0.99968106 -0.00792010
vn 0.02398013 0.99968106 -0.00792010
vn 0.04308413 0.99882244 -0.02230439
vn 0.04146437 0.99895603 -0.01917188
vn 0.04375857 0.99876314 -0.02360893
vn -0.02113046 0.99976605 0.00462125
vn -0.02113046 0.99976605 0.00462125
vn -0.02113046 0.99976605 0.00462125
vn 0.04071090 0.99901392 -0.01771496
vn -0.04672032 0.99890652 -0.00172715
vn -0.04672032 0.99890652 -0.00172715
vn -0.04672032 0.99890652 -0.00172715
vn 0.02787148 0.99934442 -0.02310644
vn 0.02657373 0.99938680 -0.02280052
vn 0.03134129 0.99922237 -0.02392424
vn 0.03363294 0.99913479 -0.02446424
vn -0.04315631 0.99906081 0.00387578
vn -0.04315631 0.99906081 0.00387578
vn -0.04315631 0.99906081 0.00387578
vn 0.02737848 0.99915033 -0.03080631
vn 0.02737848 0.99915033 -0.03080631
vn 0.02737848 0.99915033 -0.03080631
vn -0.01938688 0.99975613 -0.01057521
vn -0.01938688 0.99975613 -0.01057521
vn -0.01938688 0.99975613 -0.01057521
vn -0.03117028 0.99944831 -0.01146661
vn -0.03117028 0.99944831 -0.01146661
vn -0.03117028 0.99944831 -0.01146661
vn 0.02111280 0.99909552 -0.03691066
vn 0.02111280 0.99909552 -0.03691066
vn 0.02111280 0.99909552 -0.03691066
vn 0.01144580 0.99940248 -0.03261400
vn 0.01144580 0.99940248 -0.03261400
vn 0.01144580 0.99940248 -0.03261400
vn 0.01154446 0.99964809 -0.02388358
vn 0.01154446 0.99964809 -0.02388358
vn 0.01154446 0.99964809 -0.02388358
vn 0.00931451 0.99928618 -0.03661095
vn 0.00931451 0.99928618 -0.03661095
vn 0.00931451 0.99928618 -0.03661095
vn -0.02821205 0.99934493 -0.02266679
vn -0.02821205 0.99934493 -0.02266679
vn -0.02821205 0.99934493 -0.02266679
vn -0.01876531 0.99964607 -0.01885708
vn -0.01876531 0.99964607 -0.01885708
vn -0.01876531 0.99964607 -0.01885708
vn 0.00475332 0.99906846 -0.04289085
vn 0.00475332 0.99906846 -0.04289085
vn 0.00475332 0.99906846 -0.04289085
vn -0.01634402 0.99925272 -0.03502677
vn -0.01634402 0.99925272 -0.03502677
vn -0.01634402 0.99925272 -0.03502677
vn -0.00759195 0.99957038 -0.02830922
vn -0.00783171 0.99955777 -0.02868664
vn -0.00749632 0.99957536 -0.02815867
vn -0.00809997 0.99954343 -0.02910895
vn -0.70514098 -0.02602068 -0.70858953
vn -0.70514098 -0.02602068 -0.70858953
vn -0.70514098 -0.02602068 -0.70858953
vn -0.57048142 0.02474241 0.82093774
vn -0.57048142 0.02474241 0.82093774
vn -0.57048142 0.02474241 0.82093774
vn -0.50646090 0.02905916 -0.86177312
vn -0.50646090 0.02905916 -0.86177312
vn -0.50646090 0.02905916 -0.86177312
vn -0.70730326 -0.03516299 0.70603517
vn -0.70730326 -0.03516299 0.70603517
vn -0.70730326 -0.03516299 0.70603517
vn -0.82163403 0.02078379 0.56963634
vn -0.82163403 0.02078379 0.56963634
vn -0.82163403 0.02078379 0.56963634
vn -0.22481345 -0.00973172 -0.97435323
vn -0.22481345 -0.00973172 -0.97435323
vn -0.22481345 -0.00973172 -0.97435323
vn -0.25717853 -0.02471507 -0.96604781
vn -0.25717853 -0.02471507 -0.96604781
vn -0.25717853 -0.02471507 -0.96604781
vn -0.97686479 -0.00962296 0.21364124
vn -0.97686479 -0.00962296 0.21364124
vn -0.97686479 -0.00962296 0.21364124
vn -0.97911866 -0.00359093 0.20325784
vn -0.97911866 -0.00359093 0.20325784
vn -0.97911866 -0.00359093 0.20325784
vn 0.10001616 0.03310824 -0.99443482
vn 0.10001616 0.03310824 -0.99443482
vn 0.10001616 0.03310824 -0.99443482
vn 0.33099631 -0.03012952 -0.94315092
vn 0.33099631 -0.03012952 -0.94315092
vn 0.33099631 -0.03012952 -0.94315092
vn 0.45683158 0.02228804 -0.88927395
vn 0.45683158 0.02228804 -0.88927395
vn 0.45683158 0.02228804 -0.88927395
vn -0.97691702 0.02819953 -0.21174966
vn -0.97691702 0.02819953 -0.21174966
vn -0.97691702 0.02819953 -0.21174966
vn -0.93822778 -0.02455756 -0.34514572
vn -0.93822778 -0.02455756 -0.34514572
vn -0.93822778 -0.02455756 -0.34514572
vn -0.81424381 0.02085695 -0.58014826
vn -0.81424381 0.02085695 -0.58014826
vn -0.81424381 0.02085695 -0.58014826
vn -0.53961464 -0.77100741 0.33817689
vn -0.53961464 -0.77100741 0.33817689
vn -0.53961464 -0.77100741 0.33817689
vn -0.77078963 0.13097336 0.62348162
vn -0.77075401 0.13057463 0.62360927
vn -0.77079885 0.13107684 0.62344847
vn -0.77074145 0.13043434 0.62365415
vn 0.39812834 0.30248858 -0.86602222
vn 0.39812834 0.30248858 -0.86602222
vn 0.39812834 0.30248858 -0.86602222
vn -0.35100711 0.77665720 -0.52306558
vn -0.35100711 0.77665720 -0.52306558
vn -0.35100711 0.77665720 -0.52306558
vn 0.32796942 0.76238489 -0.55785782
vn 0.32796942 0.76238489 -0.55785782
vn 0.32796942 0.76238489 -0.55785782
vn -0.47182756 0.79462438 0.38203514
vn -0.47182756 0.79462438 0.38203514
vn -0.47182756 0.79462438 0.38203514
vn -0.09263028 0.98178594 -0.16587949
vn -0.09263028 0.98178594 -0.16587949
vn -0.09263028 0.98178594 -0.16587949
vn -0.54039402 -0.80123922 -0.25688520
vn -0.54039402 -0.80123922 -0.25688520
vn -0.54039402 -0.80123922 -0.25688520
vn -0.30509900 -0.23524704 -0.92280736
vn -0.30509900 -0.23524704 -0.92280736
vn -0.30509900 -0.23524704 -0.92280736
vn -0.81639462 0.47344501 -0.33068058
vn -0.81639462 0.47344501 -0.33068058
vn -0.81639462 0.47344501 -0.33068058
vn -0.42358029 -0.89461203 0.14229916
vn -0.42358029 -0.89461203 0.14229916
vn -0.42358029 -0.89461203 0.14229916
vn -0.91518291 0.19190023 0.35442142
vn -0.91518291 0.19190023 0.35442142
vn -0.91518291 0.19190023 0.35442142
vn -0.47455240 -0.85784180 -0.19724977
vn -0.47455240 -0.85784180 -0.19724977
vn -0.47455240 -0.85784180 -0.19724977
vn -0.12837625 0.08685869 -0.98791452
vn -0.12837625 0.08685869 -0.98791452
vn -0.12837625 0.08685869 -0.98791452
vn -0.90860386 -0.02394253 0.41697217
vn -0.90860386 -0.02394253 0.41697217
vn -0.90860386 -0.02394253 0.41697217
vn -0.13378928 0.81071277 -0.56995196
vn -0.13378928 0.81071277 -0.56995196
vn -0.13378928 0.81071277 -0.56995196
vn -0.04629174 -0.87460480 -0.48262151
vn -0.04629174 -0.87460480 -0.48262151
vn -0.04629174 -0.87460480 -0.48262151
vn -0.56888120 0.81313480 -0.12323141
vn -0.56888120 0.81313480 -0.12323141
vn -0.56888120 0.81313480 -0.12323141
vn -0.54339425 -0.83321711 0.10233246
vn -0.54339425 -0.83321711 0.10233246
vn -0.54339425 -0.83321711 0.10233246
vn -0.17458146 -0.32778282 -0.92848249
vn -0.17458146 -0.32778282 -0.92848249
vn -0.17458146 -0.32778282 -0.92848249
vn -0.90171186 0.20360450 -0.38139341
vn -0.90171186 0.20360450 -0.38139341
vn -0.90171186 0.20360450 -0.38139341
vn -0.15724074 0.78341462 -0.60127937
vn -0.15724074 0.78341462 -0.60127937
vn -0.15724074 0.78341462 -0.60127937
vn -0.25767908 0.95792185 -0.12644057
vn -0.25767908 0.95792185 -0.12644057
vn -0.25767908 0.95792185 -0.12644057
vn -0.94152436 -0.09353660 -0.32370170
vn -0.94152436 -0.09353660 -0.32370170
vn -0.94152436 -0.09353660 -0.32370170
vn -0.43105890 0.86685844 0.25048887
vn -0.43105890 0.86685844 0.25048887
vn -0.43105890 0.86685844 0.25048887
vn -0.04243641 -0.98102267 -0.18919218
vn -0.04243641 -0.98102267 -0.18919218
vn -0.04243641 -0.98102267 -0.18919218
vn 0.17760003 0.91836651 -0.35363990
vn 0.17760003 0.91836651 -0.35363990
vn 0.17760003 0.91836651 -0.35363990
vn -0.94074243 -0.27381382 0.20007417
vn -0.94074243 -0.27381382 0.20007417
vn -0.94074243 -0.27381382 0.20007417
vn 0.03571666 -0.99770165 -0.05758253
vn 0.03571666 -0.99770165 -0.05758253
vn 0.03571666 -0.99770165 -0.05758253
vn -0.12561195 0.07448642 -0.98927924
vn -0.12561195 0.07448642 -0.98927924
vn -0.12561195 0.07448642 -0.98927924
vn -0.45665158 -0.59582287 0.66065456
vn -0.45665158 -0.59582287 0.66065456
vn -0.45665158 -0.59582287 0.66065456
vn -0.35844850 -0.73937396 0.56994809
vn -0.35844850 -0.73937396 0.56994809
vn -0.35844850 -0.73937396 0.56994809
vn -0.65063271 0.74703257 0.13645296
vn -0.65063271 0.74703257 0.13645296
vn -0.65063271 0.74703257 0.13645296
vn 0.04867157 -0.92939496 -0.36586348
vn 0.04867157 -0.92939496 -0.36586348
vn 0.04867157 -0.92939496 -0.36586348
vn -0.00205145 0.87359885 -0.48664242
vn -0.00205145 0.87359885 -0.48664242
vn -0.00205145 0.87359885 -0.48664242
vn -0.80290295 -0.30204210 -0.51392355
vn -0.80290295 -0.30204210 -0.51392355
vn -0.80290295 -0.30204210 -0.51392355
vn -0.53069059 0.06073332 0.84538687
vn -0.53069059 0.06073332 0.84538687
vn -0.53069059 0.06073332 0.84538687
vn -0.47553853 -0.75899180 -0.44474100
vn -0.47553853 -0.75899180 -0.44474100
vn -0.47553853 -0.75899180 -0.44474100
vn -0.42140229 0.85628072 -0.29866944
vn -0.42140229 0.85628072 -0.29866944
vn -0.42140229 0.85628072 -0.29866944
vn -0.50080647 -0.86290840 0.06769023
vn -0.50080647 -0.86290840 0.06769023
vn -0.50080647 -0.86290840 0.06769023
vn -0.51152484 0.70391028 -0.49280083
vn -0.51152484 0.70391028 -0.49280083
vn -0.51152484 0.70391028 -0.49280083
vn -0.29735588 0.83309367 0.46640584
vn -0.29735588 0.83309367 0.46640584
vn -0.29735588 0.83309367 0.46640584
vn -0.41123090 -0.84746956 -0.33568510
vn -0.41123090 -0.84746956 -0.33568510
vn -0.41123090 -0.84746956 -0.33568510
vn -0.69934292 0.23984677 -0.67334464
vn -0.69934292 0.23984677 -0.67334464
vn -0.69934292 0.23984677 -0.67334464
vn -0.55802535 0.20292052 0.80463095
vn -0.55802535 0.20292052 0.80463095
vn -0.55802535 0.20292052 0.80463095
vn 0.18405480 0.35551262 -0.91637034
vn 0.18405480 0.35551262 -0.91637034
vn 0.18405480 0.35551262 -0.91637034
vn -0.99024261 -0.13694792 0.02578447
vn -0.99024261 -0.13694792 0.02578447
vn -0.99024261 -0.13694792 0.02578447
vn -0.80367936 0.54347459 0.24235273
vn -0.80367936 0.54347459 0.24235273
vn -0.80367936 0.54347459 0.24235273
vn 0.07009611 -0.53748800 -0.84035301
vn 0.07009611 -0.53748800 -0.84035301
vn 0.07009611 -0.53748800 -0.84035301
vn -0.99777422 0.01801601 0.06420311
vn -0.99777422 0.01801601 0.06420311
vn -0.99777422 0.01801601 0.06420311
vn -0.30689724 -0.79741270 -0.51956431
vn -0.30689724 -0.79741270 -0.51956431
vn -0.30689724 -0.79741270 -0.51956431
vn 0.06284736 0.81634615 -0.57413341
vn 0.06284736 0.81634615 -0.57413341
vn 0.06284736 0.81634615 -0.57413341
vn -0.49762593 0.86381160 -0.07872702
vn -0.49762593 0.86381160 -0.07872702
vn -0.49762593 0.86381160 -0.07872702
vn 0.05330900 -0.95274293 -0.29906364
vn 0.05330900 -0.95274293 -0.29906364
vn 0.05330900 -0.95274293 -0.29906364
vn -0.57874911 -0.81450624 -0.04036139
vn -0.57874911 -0.81450624 -0.04036139
vn -0.57874911 -0.81450624 -0.04036139
vn -0.62916953 -0.77420534 -0.06893332
vn -0.62916953 -0.77420534 -0.06893332
vn -0.62916953 -0.77420534 -0.06893332
vn 0.30806348 -0.08952839 -0.94714390
vn 0.30806348 -0.08952839 -0.94714390
vn 0.30806348 -0.08952839 -0.94714390
vn -0.20902377 -0.87470982 -0.43725484
vn -0.20902377 -0.87470982 -0.43725484
vn -0.20902377 -0.87470982 -0.43725484
vn 0.05979591 0.80788413 -0.58629999
vn 0.05979591 0.80788413 -0.58629999
vn 0.05979591 0.80788413 -0.58629999
vn -0.41641432 -0.84656141 0.33156130
vn -0.41641432 -0.84656141 0.33156130
vn -0.41641432 -0.84656141 0.33156130
vn -0.51437844 -0.11702466 -0.84954108
vn -0.51437844 -0.11702466 -0.84954108
vn -0.51437844 -0.11702466 -0.84954108
vn -0.92169820 0.34479322 -0.17773596
vn -0.92169820 0.34479322 -0.17773596
vn -0.92169820 0.34479322 -0.17773596
vn -0.35296189 0.90334339 0.24369781
vn -0.35296189 0.90334339 0.24369781
vn -0.35296189 0.90334339 0.24369781
vn -0.66466350 0.01953668 -0.74688738
vn -0.66466350 0.01953668 -0.74688738
vn -0.66466350 0.01953668 -0.74688738
vn -0.47717611 0.08439807 -0.87474563
vn -0.47717611 0.08439807 -0.87474563
vn -0.47717611 0.08439807 -0.87474563
vn 0.42296986 -0.44613081 -0.78871021
vn 0.42296986 -0.44613081 -0.78871021
vn 0.42296986 -0.44613081 -0.78871021
vn 0.21644401 0.03081480 -0.97580861
vn 0.21644401 0.03081480 -0.97580861
vn 0.21644401 0.03081480 -0.97580861
vn -0.99905799 -0.04002307 -0.01677177
vn -0.99905799 -0.04002307 -0.01677177
vn -0.99905799 -0.04002307 -0.01677177
vn -0.99745772 0.01864847 -0.06877744
vn -0.99745772 0.01864847 -0.06877744
vn -0.99745772 0.01864847 -0.06877744
vn 0.43970500 -0.07061928 -0.89536162
vn 0.43970500 -0.07061928 -0.89536162
vn 0.43970500 -0.07061928 -0.89536162
vn -0.93901436 -0.00166775 -0.34387390
vn -0.93901436 -0.00166775 -0.34387390
vn -0.93901436 -0.00166775 -0.34387390
vn -0.92244522 -0.03483070 -0.38455382
vn -0.92244522 -0.03483070 -0.38455382
vn -0.92244522 -0.03483070 -0.38455382
vn -0.77775425 -0.03674765 -0.62749337
vn -0.77775425 -0.03674765 -0.62749337
vn -0.77775425 -0.03674765 -0.62749337
vn -0.74959737 0.00026395 -0.66189404
vn -0.74959737 0.00026395 -0.66189404
vn -0.74959737 0.00026395 -0.66189404
vn -0.65538917 -0.03272430 0.75458210
vn -0.65538917 -0.03272430 0.75458210
vn -0.65538917 -0.03272430 0.75458210
vn -0.70901298 0.01493781 0.70503720
vn -0.70901298 0.01493781 0.70503720
vn -0.70901298 0.01493781 0.70503720
vn -0.50954689 -0.04458483 -0.85928701
vn -0.50954689 -0.04458483 -0.85928701
vn -0.50954689 -0.04458483 -0.85928701
vn -0.50270920 -0.03795918 -0.86362177
vn -0.50270920 -0.03795918 -0.86362177
vn -0.50270920 -0.03795918 -0.86362177
vn -0.84469827 -0.06046141 0.53181693
vn -0.84469827 -0.06046141 0.53181693
vn -0.84469827 -0.06046141 0.53181693
vn -0.90744228 0.02028124 0.41968700
vn -0.90744228 0.02028124 0.41968700
vn -0.90744228 0.02028124 0.41968700
vn -0.21648446 -0.01454016 -0.97617778
vn -0.21648446 -0.01454016 -0.97617778
vn -0.21648446 -0.01454016 -0.97617778
vn -0.18713324 -0.03855596 -0.98157760
vn -0.18713324 -0.03855596 -0.98157760
vn -0.18713324 -0.03855596 -0.98157760
vn 0.11394746 -0.04945618 -0.99225504
vn 0.11394746 -0.04945618 -0.99225504
vn 0.11394746 -0.04945618 -0.99225504
vn -0.98051022 -0.07485021 0.18165120
vn -0.98051022 -0.07485021 0.18165120
vn -0.98051022 -0.07485021 0.18165120
vn -0.92071112 0.32954060 -0.20903115
vn -0.92071112 0.32954060 -0.20903115
vn -0.92071112 0.32954060 -0.20903115
vn 0.47509599 -0.02326089 -0.87962647
vn 0.47509599 -0.02326089 -0.87962647
vn 0.47509599 -0.02326089 -0.87962647
vn -0.14057120 -0.94950683 -0.28049335
vn -0.14057120 -0.94950683 -0.28049335
vn -0.14057120 -0.94950683 -0.28049335
vn 0.13925516 0.88039289 -0.45333911
vn 0.13925516 0.88039289 -0.45333911
vn 0.13925516 0.88039289 -0.45333911
vn -0.45771159 0.78294457 0.42130499
vn -0.45771159 0.78294457 0.42130499
vn -0.45771159 0.78294457 0.42130499
vn -0.24786595 -0.96588987 0.07496153
vn -0.24786595 -0.96588987 0.07496153
vn -0.24786595 -0.96588987 0.07496153
vn -0.52800322 0.84734762 -0.05669758
vn -0.52800322 0.84734762 -0.05669758
vn -0.52800322 0.84734762 -0.05669758
vn -0.82466407 -0.36212747 0.43450301
vn -0.82466407 -0.36212747 0.43450301
vn -0.82466407 -0.36212747 0.43450301
vn -0.41337411 -0.00122195 -0.91056046
vn -0.41337411 -0.00122195 -0.91056046
vn -0.41337411 -0.00122195 -0.91056046
vn -0.30206644 -0.53246265 -0.79072081
vn -0.30206644 -0.53246265 -0.79072081
vn -0.30206644 -0.53246265 -0.79072081
vn -0.39183229 -0.89732551 -0.20316099
vn -0.39183229 -0.89732551 -0.20316099
vn -0.39183229 -0.89732551 -0.20316099
vn -0.27000953 0.65730996 -0.70358971
vn -0.27000953 0.65730996 -0.70358971
vn -0.27000953 0.65730996 -0.70358971
vn -0.90261461 -0.23498660 -0.36064964
vn -0.90261461 -0.23498660 -0.36064964
vn -0.90261461 -0.23498660 -0.36064964
vn -0.33668229 -0.93364430 0.12228396
vn -0.33668229 -0.93364430 0.12228396
vn -0.33668229 -0.93364430 0.12228396
vn -0.05664393 -0.87165349 -0.48683843
vn -0.05664393 -0.87165349 -0.48683843
vn -0.05664393 -0.87165349 -0.48683843
vn -0.09392984 0.98399783 -0.15141156
vn -0.09392984 0.98399783 -0.15141156
vn -0.09392984 0.98399783 -0.15141156
vn -0.19762214 0.48763289 -0.85038795
vn -0.19762214 0.48763289 -0.85038795
vn -0.19762214 0.48763289 -0.85038795
vn -0.44162024 -0.71641081 -0.54011768
vn -0.44162024 -0.71641081 -0.54011768
vn -0.44162024 -0.71641081 -0.54011768
vn 0.00174853 -0.99979537 0.02015361
vn 0.00174853 -0.99979537 0.02015361
vn 0.00174853 -0.99979537 0.02015361
vn -0.05024562 -0.80165839 -0.59566702
vn -0.05024562 -0.80165839 -0.59566702
vn -0.05024562 -0.80165839 -0.59566702
vn -0.46391069 0.85522419 -0.23103779
vn -0.46391069 0.85522419 -0.23103779
vn -0.46391069 0.85522419 -0.23103779
vn -0.97557543 0.08873251 0.20094559
vn -0.97557543 0.08873251 0.20094559
vn -0.97557543 0.08873251 0.20094559
vn -0.90780585 -0.30935110 0.28317917
vn -0.90780585 -0.30935110 0.28317917
vn -0.90780585 -0.30935110 0.28317917
vn -0.60593762 0.76310446 -0.22474694
vn -0.60593762 0.76310446 -0.22474694
vn -0.60593762 0.76310446 -0.22474694
vn -0.58744126 0.77021298 0.24836410
vn -0.58744126 0.77021298 0.24836410
vn -0.58744126 0.77021298 0.24836410
vn -0.11729840 -0.45029724 -0.88514037
vn -0.11729840 -0.45029724 -0.88514037
vn -0.11729840 -0.45029724 -0.88514037
vn -0.03998126 -0.12373373 -0.99150969
vn -0.03998126 -0.12373373 -0.99150969
vn -0.03998126 -0.12373373 -0.99150969
vn -0.23068814 -0.94918392 -0.21408614
vn -0.23068814 -0.94918392 -0.21408614
vn -0.23068814 -0.94918392 -0.21408614
vn -0.09988425 0.88707518 -0.45068921
vn -0.09988425 0.88707518 -0.45068921
vn -0.09988425 0.88707518 -0.45068921
vn -0.82406059 0.23116578 -0.51719099
vn -0.82406059 0.23116578 -0.51719099
vn -0.82406059 0.23116578 -0.51719099
vn -0.21609379 -0.90143040 0.37513559
vn -0.21609379 -0.90143040 0.37513559
vn -0.21609379 -0.90143040 0.37513559
vn -0.54347060 0.80341014 0.24325265
vn -0.54347060 0.80341014 0.24325265
vn -0.54347060 0.80341014 0.24325265
vn -0.48120675 -0.23213057 0.84531382
vn -0.48120675 -0.23213057 0.84531382
vn -0.48120675 -0.23213057 0.84531382
vn 0.03709712 -0.95134404 -0.30588940
vn 0.03709712 -0.95134404 -0.30588940
vn 0.03709712 -0.95134404 -0.30588940
vn -0.32351864 -0.94606644 -0.01714577
vn -0.32351864 -0.94606644 -0.01714577
vn -0.32351864 -0.94606644 -0.01714577
vn 0.00594532 0.42116658 -0.90696382
vn 0.00594532 0.42116658 -0.90696382
vn 0.00594532 0.42116658 -0.90696382
vn -0.27637164 0.82314285 0.49603888
vn -0.27637164 0.82314285 0.49603888
vn -0.27637164 0.82314285 0.49603888
vn 0.03227874 0.28409684 -0.95825209
vn 0.03227874 0.28409684 -0.95825209
vn 0.03227874 0.28409684 -0.95825209
vn 0.10641120 -0.15893602 -0.98153757
vn 0.10641120 -0.15893602 -0.98153757
vn 0.10641120 -0.15893602 -0.98153757
vn 0.00197256 0.96565616 -0.25981589
vn 0.00197256 0.96565616 -0.25981589
vn 0.00197256 0.96565616 -0.25981589
vn -0.98554117 -0.03210252 0.16636718
vn -0.98554117 -0.03210252 0.16636718
vn -0.98554117 -0.03210252 0.16636718
vn -0.70093044 -0.11400217 -0.70405967
vn -0.70093044 -0.11400217 -0.70405967
vn -0.70093044 -0.11400217 -0.70405967
vn -0.35411313 -0.93512132 -0.01232910
vn -0.35411313 -0.93512132 -0.01232910
vn -0.35411313 -0.93512132 -0.01232910
vn -0.92046125 -0.39083059 -0.00159000
vn -0.92046125 -0.39083059 -0.00159000
vn -0.92046125 -0.39083059 -0.00159000
vn -0.45933314 0.88718890 0.04369115
vn -0.45933314 0.88718890 0.04369115
vn -0.45933314 0.88718890 0.04369115
vn -0.99389862 0.01990711 -0.10848609
vn -0.99389862 0.01990711 -0.10848609
vn -0.99389862 0.01990711 -0.10848609
vn -0.46175351 0.78861693 -0.40603822
vn -0.46175351 0.78861693 -0.40603822
vn -0.46175351 0.78861693 -0.40603822
vn -0.38024055 0.84947180 -0.36580704
vn -0.38024055 0.84947180 -0.36580704
vn -0.38024055 0.84947180 -0.36580704
vn -0.93876107 0.33669214 0.07325333
vn -0.93876107 0.33669214 0.07325333
vn -0.93876107 0.33669214 0.07325333
vn 0.12352200 -0.92236963 -0.36602812
vn 0.12352200 -0.92236963 -0.36602812
vn 0.12352200 -0.92236963 -0.36602812
vn -0.11264198 -0.98030443 -0.16221902
vn -0.11264198 -0.98030443 -0.16221902
vn -0.11264198 -0.98030443 -0.16221902
vn -0.64295820 0.76588153 -0.00549805
vn -0.64295820 0.76588153 -0.00549805
vn -0.64295820 0.76588153 -0.00549805
vn -0.41402679 -0.73805412 -0.53278320
vn -0.41402679 -0.73805412 -0.53278320
vn -0.41402679 -0.73805412 -0.53278320
vn -0.48760861 0.72292591 0.48950584
vn -0.48760861 0.72292591 0.48950584
vn -0.48760861 0.72292591 0.48950584
vn -0.45593933 0.11421300 -0.88265209
vn -0.45593933 0.11421300 -0.88265209
vn -0.45593933 0.11421300 -0.88265209
vn -0.69925209 -0.30921824 0.64453906
vn -0.69925209 -0.30921824 0.64453906
vn -0.69925209 -0.30921824 0.64453906
vn 0.30402753 -0.49077854 -0.81651925
vn 0.30402753 -0.49077854 -0.81651925
vn 0.30402753 -0.49077854 -0.81651925
vn 0.14400942 0.75842350 -0.63565327
vn 0.14400942 0.75842350 -0.63565327
vn 0.14400942 0.75842350 -0.63565327
vn -0.28297381 -0.93619485 0.20848266
vn -0.28297381 -0.93619485 0.20848266
vn -0.28297381 -0.93619485 0.20848266
vn -0.55613403 0.34744083 -0.75498332
vn -0.55613403 0.34744083 -0.75498332
vn -0.55613403 0.34744083 -0.75498332
vn -0.46937505 -0.85711361 -0.21223414
vn -0.46937505 -0.85711361 -0.21223414
vn -0.46937505 -0.85711361 -0.21223414
vn -0.98783324 -0.09591973 -0.12241281
vn -0.98783324 -0.09591973 -0.12241281
vn -0.98783324 -0.09591973 -0.12241281
vn 0.12037552 0.52283802 -0.84388988
vn 0.12037552 0.52283802 -0.84388988
vn 0.12037552 0.52283802 -0.84388988
vn 0.10628668 -0.98261147 -0.15224271
vn 0.10628668 -0.98261147 -0.15224271
vn 0.10628668 -0.98261147 -0.15224271
vn -0.20286104 -0.96484223 0.16711335
vn -0.20286104 -0.96484223 0.16711335
vn -0.20286104 -0.96484223 0.16711335
vn 0.40292347 -0.25948810 -0.87767796
vn 0.40292347 -0.25948810 -0.87767796
vn 0.40292347 -0.25948810 -0.87767796
vn -0.76226450 -0.15054950 0.62951384
vn -0.76226450 -0.15054950 0.62951384
vn -0.76226450 -0.15054950 0.62951384
vn -0.96330434 -0.04917368 -0.26386873
vn -0.96330434 -0.04917368 -0.26386873
vn -0.96330434 -0.04917368 -0.26386873
vn -0.90629694 -0.12799748 -0.40279336
vn -0.90629694 -0.12799748 -0.40279336
vn -0.90629694 -0.12799748 -0.40279336
vn -0.81880407 -0.04920822 -0.57196019
vn -0.81880407 -0.04920822 -0.57196019
vn -0.81880407 -0.04920822 -0.57196019
vn -0.71535189 -0.12683363 -0.68715712
vn -0.71535189 -0.12683363 -0.68715712
vn -0.71535189 -0.12683363 -0.68715712
vn -0.56744639 -0.05515294 0.82156117
vn -0.56744639 -0.05515294 0.82156117
vn -0.56744639 -0.05515294 0.82156117
vn -0.53328941 -0.09186525 0.84092995
vn -0.53328941 -0.09186525 0.84092995
vn -0.53328941 -0.09186525 0.84092995
vn -0.58309378 -0.04954880 -0.81089244
vn -0.58309378 -0.04954880 -0.81089244
vn -0.58309378 -0.04954880 -0.81089244
vn -0.37133136 -0.07600215 -0.92538462
vn -0.37133136 -0.07600215 -0.92538462
vn -0.37133136 -0.07600215 -0.92538462
vn -0.44857784 -0.10540588 -0.88750635
vn -0.44857784 -0.10540588 -0.88750635
vn -0.44857784 -0.10540588 -0.88750635
vn -0.78269800 -0.10965208 0.61266651
vn -0.78269800 -0.10965208 0.61266651
vn -0.78269800 -0.10965208 0.61266651
vn -0.82267172 -0.06335185 0.56497591
vn -0.82267172 -0.06335185 0.56497591
vn -0.82267172 -0.06335185 0.56497591
vn -0.22906179 -0.11966147 -0.96602890
vn -0.22906179 -0.11966147 -0.96602890
vn -0.22906179 -0.11966147 -0.96602890
vn -0.92979312 -0.06605246 0.36210747
vn -0.92979312 -0.06605246 0.36210747
vn -0.92979312 -0.06605246 0.36210747
vn -0.05966251 -0.05240275 -0.99684218
vn -0.05966251 -0.05240275 -0.99684218
vn -0.05966251 -0.05240275 -0.99684218
vn -0.94802654 -0.11200208 0.29782749
vn -0.94802654 -0.11200208 0.29782749
vn -0.94802654 -0.11200208 0.29782749
vn 0.06375352 -0.11537044 -0.99127451
vn 0.06375352 -0.11537044 -0.99127451
vn 0.06375352 -0.11537044 -0.99127451
vn -0.99647505 -0.05465424 0.06364265
vn -0.99647505 -0.05465424 0.06364265
vn -0.99647505 -0.05465424 0.06364265
vn 0.31408114 -0.07135724 -0.94671072
vn 0.31408114 -0.07135724 -0.94671072
vn 0.31408114 -0.07135724 -0.94671072
vn 0.31580618 -0.06956158 -0.94627039
vn 0.31580618 -0.06956158 -0.94627039
vn 0.31580618 -0.06956158 -0.94627039
vn -0.99108279 -0.12249903 -0.05242984
vn -0.99108279 -0.12249903 -0.05242984
vn -0.99108279 -0.12249903 -0.05242984
vn 0.36509342 -0.10714135 -0.92478512
vn 0.36509342 -0.10714135 -0.92478512
vn 0.36509342 -0.10714135 -0.92478512
vn -0.37611765 0.71290152 -0.59186733
vn -0.37611765 0.71290152 -0.59186733
vn -0.37611765 0.71290152 -0.59186733
vn -0.15413131 -0.98532619 0.07332005
vn -0.15413131 -0.98532619 0.07332005
vn -0.15413131 -0.98532619 0.07332005
vn -0.58287317 0.36739654 -0.72476110
vn -0.58287317 0.36739654 -0.72476110
vn -0.58287317 0.36739654 -0.72476110
vn -0.33992236 0.81992254 -0.46062981
vn -0.33992236 0.81992254 -0.46062981
vn -0.33992236 0.81992254 -0.46062981
vn 0.01122122 -0.99953763 -0.02825959
vn 0.01122122 -0.99953763 -0.02825959
vn 0.01122122 -0.99953763 -0.02825959
vn -0.53067760 -0.76295602 0.36916038
vn -0.53067760 -0.76295602 0.36916038
vn -0.53067760 -0.76295602 0.36916038
vn -0.52044770 0.77148271 0.36598992
vn -0.52044770 0.77148271 0.36598992
vn -0.52044770 0.77148271 0.36598992
vn 0.17165499 0.22714613 -0.95861317
vn 0.17165499 0.22714613 -0.95861317
vn 0.17165499 0.22714613 -0.95861317
vn -0.44142580 -0.01519477 -0.89716909
vn -0.44142580 -0.01519477 -0.89716909
vn -0.44142580 -0.01519477 -0.89716909
vn 0.11467304 0.93665004 -0.33096342
vn 0.11467304 0.93665004 -0.33096342
vn 0.11467304 0.93665004 -0.33096342
vn -0.34396839 -0.91266530 0.22074373
vn -0.34396839 -0.91266530 0.22074373
vn -0.34396839 -0.91266530 0.22074373
vn -0.93164790 -0.30032474 -0.20454153
vn -0.93164790 -0.30032474 -0.20454153
vn -0.93164790 -0.30032474 -0.20454153
vn -0.82476011 0.11109843 0.55446182
vn -0.82476011 0.11109843 0.55446182
vn -0.82476011 0.11109843 0.55446182
vn -0.82205732 0.06911696 0.56519431
vn -0.82205732 0.06911696 0.56519431
vn -0.82205732 0.06911696 0.56519431
vn 0.39427008 -0.21532518 -0.89341265
vn 0.39427008 -0.21532518 -0.89341265
vn 0.39427008 -0.21532518 -0.89341265
vn -0.93444093 -0.02986269 0.35486387
vn -0.93447250 -0.02840117 0.35490071
vn -0.93447553 -0.02825587 0.35490433
vn 0.26022261 0.84408979 -0.46882471
vn 0.26022261 0.84408979 -0.46882471
vn 0.26022261 0.84408979 -0.46882471
vn -0.95472773 -0.13841322 -0.26331871
vn -0.95472773 -0.13841322 -0.26331871
vn -0.95472773 -0.13841322 -0.26331871
vn -0.49893295 0.79909998 0.33541786
vn -0.49893295 0.79909998 0.33541786
vn -0.49893295 0.79909998 0.33541786
vn -0.60513486 0.77823470 -0.16781705
vn -0.60513486 0.77823470 -0.16781705
vn -0.60513486 0.77823470 -0.16781705
vn -0.32825995 -0.67426501 -0.66152257
vn -0.32825995 -0.67426501 -0.66152257
vn -0.32825995 -0.67426501 -0.66152257
vn -0.27450533 -0.94555664 -0.17484125
vn -0.27450533 -0.94555664 -0.17484125
vn -0.27450533 -0.94555664 -0.17484125
vn -0.68713007 0.70832967 -0.16162098
vn -0.68713007 0.70832967 -0.16162098
vn -0.68713007 0.70832967 -0.16162098
vn -0.23158312 0.87861782 -0.41761224
vn -0.23158312 0.87861782 -0.41761224
vn -0.23158312 0.87861782 -0.41761224
vn -0.11749874 -0.85687909 -0.50194848
vn -0.11749874 -0.85687909 -0.50194848
vn -0.11749874 -0.85687909 -0.50194848
vn -0.62484056 -0.77932766 0.04714522
vn -0.62484056 -0.77932766 0.04714522
vn -0.62484056 -0.77932766 0.04714522
vn -0.82072281 -0.39410646 -0.41363532
vn -0.82072281 -0.39410646 -0.41363532
vn -0.82072281 -0.39410646 -0.41363532
vn -0.24094792 0.28177187 -0.92873501
vn -0.24094792 0.28177187 -0.92873501
vn -0.24094792 0.28177187 -0.92873501
vn -0.59128283 0.77606600 0.21933122
vn -0.59128283 0.77606600 0.21933122
vn -0.59128283 0.77606600 0.21933122
vn -0.10654760 -0.98800039 -0.11181608
vn -0.10654760 -0.98800039 -0.11181608
vn -0.10654760 -0.98800039 -0.11181608
vn -0.94182008 0.09419607 0.32264846
vn -0.94182008 0.09419607 0.32264846
vn -0.94182008 0.09419607 0.32264846
vn -0.93443902 -0.02994829 0.35486169
vn -0.55194113 0.78364279 -0.28507011
vn -0.55194113 0.78364279 -0.28507011
vn -0.55194113 0.78364279 -0.28507011
vn -0.76481482 -0.32837097 -0.55428404
vn -0.76481482 -0.32837097 -0.55428404
vn -0.76481482 -0.32837097 -0.55428404
vn -0.34161835 -0.93743775 0.06713689
vn -0.34161835 -0.93743775 0.06713689
vn -0.34161835 -0.93743775 0.06713689
vn -0.21872399 0.79817439 -0.56131761
vn -0.21872399 0.79817439 -0.56131761
vn -0.21872399 0.79817439 -0.56131761
vn -0.56033552 0.80571435 0.19195959
vn -0.56033552 0.80571435 0.19195959
vn -0.56033552 0.80571435 0.19195959
vn -0.16905045 -0.00414862 -0.98559867
vn -0.16905045 -0.00414862 -0.98559867
vn -0.16905045 -0.00414862 -0.98559867
vn -0.79193922 -0.03567866 -0.60955664
vn -0.79193922 -0.03567866 -0.60955664
vn -0.79193922 -0.03567866 -0.60955664
vn -0.59940233 0.68224325 -0.41864184
vn -0.59940233 0.68224325 -0.41864184
vn -0.59940233 0.68224325 -0.41864184
vn -0.08746537 0.76875839 -0.63353007
vn -0.08746537 0.76875839 -0.63353007
vn -0.08746537 0.76875839 -0.63353007
vn -0.03284971 -0.98025888 -0.19497030
vn -0.03284971 -0.98025888 -0.19497030
vn -0.03284971 -0.98025888 -0.19497030
vn -0.02747800 0.89647077 -0.44225006
vn -0.02747800 0.89647077 -0.44225006
vn -0.02747800 0.89647077 -0.44225006
vn 0.05341844 -0.58224004 -0.81126013
vn 0.05341844 -0.58224004 -0.81126013
vn 0.05341844 -0.58224004 -0.81126013
vn -0.62073518 -0.38574515 0.68256027
vn -0.62073518 -0.38574515 0.68256027
vn -0.62073518 -0.38574515 0.68256027
vn 0.01437440 -0.99969803 -0.01993058
vn 0.01437440 -0.99969803 -0.01993058
vn 0.01437440 -0.99969803 -0.01993058
vn -0.73997907 -0.20754664 -0.63980885
vn -0.73997907 -0.20754664 -0.63980885
vn -0.73997907 -0.20754664 -0.63980885
vn -0.16089883 -0.96576993 0.20346994
vn -0.16089883 -0.96576993 0.20346994
vn -0.16089883 -0.96576993 0.20346994
vn -0.43640792 -0.74530019 0.50405928
vn -0.43640792 -0.74530019 0.50405928
vn -0.43640792 -0.74530019 0.50405928
vn -0.19336565 -0.95106493 -0.24100876
vn -0.19336565 -0.95106493 -0.24100876
vn -0.19336565 -0.95106493 -0.24100876
vn -0.81647714 -0.55679863 0.15277555
vn -0.81647714 -0.55679863 0.15277555
vn -0.81647714 -0.55679863 0.15277555
vn -0.53573463 -0.55688060 0.63472231
vn -0.53573463 -0.55688060 0.63472231
vn -0.53573463 -0.55688060 0.63472231
vn -0.62177911 0.78181780 0.04638604
vn -0.62177911 0.78181780 0.04638604
vn -0.62177911 0.78181780 0.04638604
vn -0.44151340 0.42575844 0.78980736
vn -0.44151340 0.42575844 0.78980736
vn -0.44151340 0.42575844 0.78980736
vn 0.03399008 -0.47194002 -0.88097520
vn 0.03399008 -0.47194002 -0.88097520
vn 0.03399008 -0.47194002 -0.88097520
vn -0.98895000 0.14486098 0.03151495
vn -0.98895000 0.14486098 0.03151495
vn -0.98895000 0.14486098 0.03151495
vn -0.32500081 0.82370029 0.46464212
vn -0.32500081 0.82370029 0.46464212
vn -0.32500081 0.82370029 0.46464212
vn -0.46853831 0.78531019 -0.40467240
vn -0.46853831 0.78531019 -0.40467240
vn -0.46853831 0.78531019 -0.40467240
vn -0.32546982 -0.84468367 -0.42494576
vn -0.32546982 -0.84468367 -0.42494576
vn -0.32546982 -0.84468367 -0.42494576
vn -0.30087973 -0.95169586 -0.06120771
vn -0.30087973 -0.95169586 -0.06120771
vn -0.30087973 -0.95169586 -0.06120771
vn -0.23701896 -0.97083870 -0.03597540
vn -0.23701896 -0.97083870 -0.03597540
vn -0.23701896 -0.97083870 -0.03597540
vn -0.61680158 -0.02608382 0.78668637
vn -0.61680158 -0.02608382 0.78668637
vn -0.61680158 -0.02608382 0.78668637
vn 0.16048555 0.29264061 -0.94265893
vn 0.16048555 0.29264061 -0.94265893
vn 0.16048555 0.29264061 -0.94265893
vn -0.60854606 0.79244338 0.04129389
vn -0.60854606 0.79244338 0.04129389
vn -0.60854606 0.79244338 0.04129389
vn -0.58660116 0.12620590 -0.79998197
vn -0.58660116 0.12620590 -0.79998197
vn -0.58660116 0.12620590 -0.79998197
vn -0.98573263 0.04839881 -0.16121020
vn -0.98573263 0.04839881 -0.16121020
vn -0.98573263 0.04839881 -0.16121020
vn -0.42887809 0.80832286 0.40333329
vn -0.42887809 0.80832286 0.40333329
vn -0.42887809 0.80832286 0.40333329
vn 0.11545684 -0.92799773 -0.35424558
vn 0.11545684 -0.92799773 -0.35424558
vn 0.11545684 -0.92799773 -0.35424558
vn 0.04856763 -0.97800054 -0.20286975
vn 0.04856763 -0.97800054 -0.20286975
vn 0.04856763 -0.97800054 -0.20286975
vn -0.98740982 0.01527727 -0.15744348
vn -0.98740982 0.01527727 -0.15744348
vn -0.98740982 0.01527727 -0.15744348
vn 0.22604182 -0.60378418 -0.76442774
vn 0.22604182 -0.60378418 -0.76442774
vn 0.22604182 -0.60378418 -0.76442774
vn -0.70033584 -0.15732013 0.69626151
vn -0.70033584 -0.15732013 0.69626151
vn -0.70033584 -0.15732013 0.69626151
vn -0.14835834 -0.14807957 -0.97778435
vn -0.14835834 -0.14807957 -0.97778435
vn -0.14835834 -0.14807957 -0.97778435
vn -0.10782143 -0.16636172 -0.98015219
vn -0.10782143 -0.16636172 -0.98015219
vn -0.10782143 -0.16636172 -0.98015219
vn 0.23471354 -0.16736649 -0.95754792
vn 0.23471354 -0.16736649 -0.95754792
vn 0.23471354 -0.16736649 -0.95754792
vn -0.96456038 -0.17066279 -0.20123987
vn -0.96456038 -0.17066279 -0.20123987
vn -0.96456038 -0.17066279 -0.20123987
vn -0.07267227 -0.08993863 0.99329240
vn -0.07267227 -0.08993863 0.99329240
vn -0.07267227 -0.08993863 0.99329240
vn -0.98425357 -0.11573036 -0.13360911
vn -0.98425357 -0.11573036 -0.13360911
vn -0.98425357 -0.11573036 -0.13360911
vn -0.18600134 -0.17332714 0.96714074
vn -0.18600134 -0.17332714 0.96714074
vn -0.18600134 -0.17332714 0.96714074
vn -0.38388468 -0.09742743 0.91822680
vn -0.38388468 -0.09742743 0.91822680
vn -0.38388468 -0.09742743 0.91822680
vn -0.91097946 -0.11177927 -0.39701615
vn -0.91097946 -0.11177927 -0.39701615
vn -0.91097946 -0.11177927 -0.39701615
vn -0.49815246 -0.15330822 0.85342880
vn -0.49815246 -0.15330822 0.85342880
vn -0.49815246 -0.15330822 0.85342880
vn 0.84992025 -0.14730526 0.50590189
vn 0.84992025 -0.14730526 0.50590189
vn 0.84992025 -0.14730526 0.50590189
vn -0.62678724 -0.10964171 0.77143791
vn -0.62678724 -0.10964171 0.77143791
vn -0.62678724 -0.10964171 0.77143791
vn 0.75665286 -0.10700669 0.64500078
vn 0.75665286 -0.10700669 0.64500078
vn 0.75665286 -0.10700669 0.64500078
vn -0.80955928 -0.10293589 0.57794288
vn -0.80955928 -0.10293589 0.57794288
vn -0.80955928 -0.10293589 0.57794288
vn -0.87202214 -0.15272515 0.46502948
vn -0.87202214 -0.15272515 0.46502948
vn -0.87202214 -0.15272515 0.46502948
vn 0.52042281 -0.10399793 0.84755208
vn 0.52042281 -0.10399793 0.84755208
vn 0.52042281 -0.10399793 0.84755208
vn 0.46240011 -0.14128924 0.87534193
vn 0.46240011 -0.14128924 0.87534193
vn 0.46240011 -0.14128924 0.87534193
vn -0.93075612 -0.10223756 0.35105629
vn -0.93075612 -0.10223756 0.35105629
vn -0.93075612 -0.10223756 0.35105629
vn 0.26112405 -0.11544084 0.95837761
vn 0.26112405 -0.11544084 0.95837761
vn 0.26112405 -0.11544084 0.95837761
vn 0.19907759 -0.15864298 0.96705766
vn 0.19907759 -0.15864298 0.96705766
vn 0.19907759 -0.15864298 0.96705766
vn -0.97183800 -0.15541291 0.17713758
vn -0.97183800 -0.15541291 0.17713758
vn -0.97183800 -0.15541291 0.17713758
vn -0.98672432 -0.11481729 0.11485691
vn -0.98672432 -0.11481729 0.11485691
vn -0.98672432 -0.11481729 0.11485691
vn -0.86668495 0.49864419 -0.01453169
vn -0.86668495 0.49864419 -0.01453169
vn -0.86668495 0.49864419 -0.01453169
vn -0.99681599 0.06752633 0.04240369
vn -0.99681599 0.06752633 0.04240369
vn -0.99681599 0.06752633 0.04240369
vn 0.03203424 -0.11348760 -0.99302285
vn 0.03203424 -0.11348760 -0.99302285
vn 0.03203424 -0.11348760 -0.99302285
vn -0.01390955 -0.93330200 -0.35882294
vn -0.01390955 -0.93330200 -0.35882294
vn -0.01390955 -0.93330200 -0.35882294
vn -0.42069698 -0.85017524 0.31656930
vn -0.42069698 -0.85017524 0.31656930
vn -0.42069698 -0.85017524 0.31656930
vn -0.19843295 0.94310774 -0.26678110
vn -0.19843295 0.94310774 -0.26678110
vn -0.19843295 0.94310774 -0.26678110
vn -0.23898888 0.97101574 0.00357068
vn -0.23898888 0.97101574 0.00357068
vn -0.23898888 0.97101574 0.00357068
vn -0.75803847 -0.39588986 0.51831351
vn -0.75803847 -0.39588986 0.51831351
vn -0.75803847 -0.39588986 0.51831351
vn -0.76937133 -0.62798063 -0.11708151
vn -0.76937133 -0.62798063 -0.11708151
vn -0.76937133 -0.62798063 -0.11708151
vn -0.18325771 -0.95099069 -0.24906489
vn -0.18325771 -0.95099069 -0.24906489
vn -0.18325771 -0.95099069 -0.24906489
vn -0.53354507 -0.09678268 -0.84021591
vn -0.53354507 -0.09678268 -0.84021591
vn -0.53354507 -0.09678268 -0.84021591
vn -0.20410065 -0.91401332 -0.35060317
vn -0.20410065 -0.91401332 -0.35060317
vn -0.20410065 -0.91401332 -0.35060317
vn -0.45455864 0.82914668 0.32541086
vn -0.45455864 0.82914668 0.32541086
vn -0.45455864 0.82914668 0.32541086
vn -0.76947833 -0.30933236 0.55876346
vn -0.76947833 -0.30933236 0.55876346
vn -0.76947833 -0.30933236 0.55876346
vn -0.52244661 0.84914682 -0.07745457
vn -0.52244661 0.84914682 -0.07745457
vn -0.52244661 0.84914682 -0.07745457
vn 0.05547361 0.16339554 -0.98499978
vn 0.05547361 0.16339554 -0.98499978
vn 0.05547361 0.16339554 -0.98499978
vn -0.62463463 0.68225355 0.37994956
vn -0.62463463 0.68225355 0.37994956
vn -0.62463463 0.68225355 0.37994956
vn 0.00979025 0.97570628 -0.21886392
vn 0.00979025 0.97570628 -0.21886392
vn 0.00979025 0.97570628 -0.21886392
vn 0.08356531 0.81939368 -0.56710742
vn 0.08356531 0.81939368 -0.56710742
vn 0.08356531 0.81939368 -0.56710742
vn -0.78467310 0.60707860 -0.12547387
vn -0.78467310 0.60707860 -0.12547387
vn -0.78467310 0.60707860 -0.12547387
vn -0.20945741 -0.97250038 -0.10183615
vn -0.20945741 -0.97250038 -0.10183615
vn -0.20945741 -0.97250038 -0.10183615
vn -0.54647568 -0.24775031 -0.79999007
vn -0.54647568 -0.24775031 -0.79999007
vn -0.54647568 -0.24775031 -0.79999007
vn 0.11910139 -0.93975687 -0.32042455
vn 0.11910139 -0.93975687 -0.32042455
vn 0.11910139 -0.93975687 -0.32042455
vn 0.07670138 -0.96597920 -0.24698397
vn 0.07670138 -0.96597920 -0.24698397
vn 0.07670138 -0.96597920 -0.24698397
vn -0.19242282 -0.98087559 0.02926645
vn -0.19242282 -0.98087559 0.02926645
vn -0.19242282 -0.98087559 0.02926645
vn -0.38277654 0.69314133 -0.61076773
vn -0.38277654 0.69314133 -0.61076773
vn -0.38277654 0.69314133 -0.61076773
vn 0.21963242 -0.43039043 -0.87551452
vn 0.21963242 -0.43039043 -0.87551452
vn 0.21963242 -0.43039043 -0.87551452
vn -0.68675936 -0.64666536 0.33194200
vn -0.68675936 -0.64666536 0.33194200
vn -0.68675936 -0.64666536 0.33194200
vn -0.13689868 -0.98997935 0.03463566
vn -0.13689868 -0.98997935 0.03463566
vn -0.13689868 -0.98997935 0.03463566
vn -0.13356895 -0.94620718 -0.29470547
vn -0.13356895 -0.94620718 -0.29470547
vn -0.13356895 -0.94620718 -0.29470547
vn 0.28695768 -0.24563308 -0.92591559
vn 0.28695768 -0.24563308 -0.92591559
vn 0.28695768 -0.24563308 -0.92591559
vn -0.51645591 -0.83278363 -0.19936078
vn -0.51645591 -0.83278363 -0.19936078
vn -0.51645591 -0.83278363 -0.19936078
vn -0.21475449 0.91135377 -0.35116210
vn -0.21475449 0.91135377 -0.35116210
vn -0.21475449 0.91135377 -0.35116210
vn -0.92745926 -0.03534645 0.37224986
vn -0.92745926 -0.03534645 0.37224986
vn -0.92745926 -0.03534645 0.37224986
vn 0.17918238 0.60627244 -0.77480798
vn 0.17918238 0.60627244 -0.77480798
vn 0.17918238 0.60627244 -0.77480798
vn -0.88033256 -0.28134871 -0.38191294
vn -0.88033256 -0.28134871 -0.38191294
vn -0.88033256 -0.28134871 -0.38191294
vn 0.38116407 -0.53358974 -0.75498075
vn 0.38116407 -0.53358974 -0.75498075
vn 0.38116407 -0.53358974 -0.75498075
vn -0.13540711 -0.92647358 -0.35115754
vn -0.13540711 -0.92647358 -0.35115754
vn -0.13540711 -0.92647358 -0.35115754
vn -0.35770415 -0.05161778 -0.93240728
vn -0.35770415 -0.05161778 -0.93240728
vn -0.35770415 -0.05161778 -0.93240728
vn -0.91729002 -0.15345407 -0.36746546
vn -0.91729002 -0.15345407 -0.36746546
vn -0.91729002 -0.15345407 -0.36746546
vn -0.24931017 0.96377438 0.09478073
vn -0.24931017 0.96377438 0.09478073
vn -0.24931017 0.96377438 0.09478073
vn -0.34349924 0.92840370 -0.14168568
vn -0.34349924 0.92840370 -0.14168568
vn -0.34349924 0.92840370 -0.14168568
vn 0.42027250 0.40372744 -0.81263472
vn 0.42027250 0.40372744 -0.81263472
vn 0.42027250 0.40372744 -0.81263472
vn 0.42557399 0.39135520 -0.81592150
vn 0.42557399 0.39135520 -0.81592150
vn 0.42557399 0.39135520 -0.81592150
vn -0.37908206 0.28832776 -0.87929739
vn -0.37908206 0.28832776 -0.87929739
vn -0.37908206 0.28832776 -0.87929739
vn -0.14437591 -0.96665398 0.21150811
vn -0.14437591 -0.96665398 0.21150811
vn -0.14437591 -0.96665398 0.21150811
vn 0.10569404 0.97196739 -0.21001941
vn 0.10569404 0.97196739 -0.21001941
vn 0.10569404 0.97196739 -0.21001941
vn -0.12820484 -0.97236243 0.19512771
vn -0.12820484 -0.97236243 0.19512771
vn -0.12820484 -0.97236243 0.19512771
vn 0.14752251 0.90908803 -0.38961014
vn 0.14752251 0.90908803 -0.38961014
vn 0.14752251 0.90908803 -0.38961014
vn -0.89331080 0.26799786 0.36079490
vn -0.89331080 0.26799786 0.36079490
vn -0.89331080 0.26799786 0.36079490
vn -0.81947097 0.44236054 -0.36439605
vn -0.81947097 0.44236054 -0.36439605
vn -0.81947097 0.44236054 -0.36439605
vn -0.61597590 0.70674407 -0.34797488
vn -0.61597590 0.70674407 -0.34797488
vn -0.61597590 0.70674407 -0.34797488
vn -0.51127256 -0.33399493 0.79186347
vn -0.51127256 -0.33399493 0.79186347
vn -0.51127256 -0.33399493 0.79186347
vn -0.17981353 -0.96394758 -0.19614321
vn -0.17981353 -0.96394758 -0.19614321
vn -0.17981353 -0.96394758 -0.19614321
vn -0.12209841 0.93454961 -0.33422896
vn -0.12209841 0.93454961 -0.33422896
vn -0.12209841 0.93454961 -0.33422896
vn -0.10845691 0.96622616 -0.23376080
vn -0.10845691 0.96622616 -0.23376080
vn -0.10845691 0.96622616 -0.23376080
vn -0.92685549 -0.26694269 0.26397063
vn -0.92685549 -0.26694269 0.26397063
vn -0.92685549 -0.26694269 0.26397063
vn -0.24970188 0.96365149 0.09499881
vn -0.24970188 0.96365149 0.09499881
vn -0.24970188 0.96365149 0.09499881
vn -0.64642084 -0.74604928 0.15984545
vn -0.64642084 -0.74604928 0.15984545
vn -0.64642084 -0.74604928 0.15984545
vn -0.72760326 0.65401921 0.20700813
vn -0.72760326 0.65401921 0.20700813
vn -0.72760326 0.65401921 0.20700813
vn -0.24552910 -0.27159797 -0.93056435
vn -0.24552910 -0.27159797 -0.93056435
vn -0.24552910 -0.27159797 -0.93056435
vn -0.38205992 -0.87532113 -0.29638344
vn -0.38205992 -0.87532113 -0.29638344
vn -0.38205992 -0.87532113 -0.29638344
vn -0.95084003 0.30082042 0.07355488
vn -0.95084003 0.30082042 0.07355488
vn -0.95084003 0.30082042 0.07355488
vn -0.06940285 -0.93102257 -0.35830185
vn -0.06940285 -0.93102257 -0.35830185
vn -0.06940285 -0.93102257 -0.35830185
vn -0.08443583 0.99355896 -0.07557234
vn -0.08443583 0.99355896 -0.07557234
vn -0.08443583 0.99355896 -0.07557234
vn -0.11219836 0.76001362 -0.64014906
vn -0.11219836 0.76001362 -0.64014906
vn -0.11219836 0.76001362 -0.64014906
vn -0.07035503 -0.99747046 -0.01014114
vn -0.07035503 -0.99747046 -0.01014114
vn -0.07035503 -0.99747046 -0.01014114
vn 0.06028732 -0.99817811 -0.00242987
vn 0.06028732 -0.99817811 -0.00242987
vn 0.06028732 -0.99817811 -0.00242987
vn -0.94474115 -0.32636353 0.03083826
vn -0.94474115 -0.32636353 0.03083826
vn -0.94474115 -0.32636353 0.03083826
vn -0.50171154 -0.59824629 0.62480950
vn -0.50171154 -0.59824629 0.62480950
vn -0.50171154 -0.59824629 0.62480950
vn -0.13716169 -0.00264641 -0.99054514
vn -0.13716169 -0.00264641 -0.99054514
vn -0.13716169 -0.00264641 -0.99054514
vn -0.23553044 0.92793614 0.28889434
vn -0.23553044 0.92793614 0.28889434
vn -0.23553044 0.92793614 0.28889434
vn -0.04668988 0.94224357 -0.33165813
vn -0.04668988 0.94224357 -0.33165813
vn -0.04668988 0.94224357 -0.33165813
vn -0.70705539 -0.70631220 0.03457953
vn -0.70705539 -0.70631220 0.03457953
vn -0.70705539 -0.70631220 0.03457953
vn -0.38077254 0.92358853 0.04468226
vn -0.38077254 0.92358853 0.04468226
vn -0.38077254 0.92358853 0.04468226
vn -0.60941428 0.39649275 0.68659139
vn -0.60941428 0.39649275 0.68659139
vn -0.60941428 0.39649275 0.68659139
vn -0.63298395 0.34606718 0.69250908
vn -0.63298395 0.34606718 0.69250908
vn -0.63298395 0.34606718 0.69250908
vn -0.11365951 0.86645845 -0.48613914
vn -0.11365951 0.86645845 -0.48613914
vn -0.11365951 0.86645845 -0.48613914
vn -0.18642811 0.96219721 0.19854742
vn -0.18642811 0.96219721 0.19854742
vn -0.18642811 0.96219721 0.19854742
vn 0.07889006 0.01365944 -0.99678974
vn 0.07889006 0.01365944 -0.99678974
vn 0.07889006 0.01365944 -0.99678974
vn -0.74542443 -0.28012070 -0.60487586
vn -0.74542443 -0.28012070 -0.60487586
vn -0.74542443 -0.28012070 -0.60487586
vn -0.72802325 0.05987892 -0.68293240
vn -0.72802325 0.05987892 -0.68293240
vn -0.72802325 0.05987892 -0.68293240
vn 0.04448282 -0.71788866 -0.69473531
vn 0.04448282 -0.71788866 -0.69473531
vn 0.04448282 -0.71788866 -0.69473531
vn -0.25607099 -0.95038713 0.17661244
vn -0.25607099 -0.95038713 0.17661244
vn -0.25607099 -0.95038713 0.17661244
vn -0.37392365 0.85490637 -0.35960563
vn -0.37392365 0.85490637 -0.35960563
vn -0.37392365 0.85490637 -0.35960563
vn -0.68066880 0.39974198 -0.61391884
vn -0.68066880 0.39974198 -0.61391884
vn -0.68066880 0.39974198 -0.61391884
vn -0.87557044 -0.17085703 -0.45186754
vn -0.87557044 -0.17085703 -0.45186754
vn -0.87557044 -0.17085703 -0.45186754
vn -0.76310545 -0.38748224 0.51723069
vn -0.76310545 -0.38748224 0.51723069
vn -0.76310545 -0.38748224 0.51723069
vn -0.83483794 -0.07267204 -0.54567792
vn -0.83483794 -0.07267204 -0.54567792
vn -0.83483794 -0.07267204 -0.54567792
vn -0.78778422 -0.05446394 -0.61353867
vn -0.78778422 -0.05446394 -0.61353867
vn -0.78778422 -0.05446394 -0.61353867
vn -0.71510624 -0.07472449 -0.69501030
vn -0.71510624 -0.07472449 -0.69501030
vn -0.71510624 -0.07472449 -0.69501030
vn -0.03421150 -0.34522493 -0.93789622
vn -0.03421150 -0.34522493 -0.93789622
vn -0.03421150 -0.34522493 -0.93789622
vn -0.60571222 -0.05452398 -0.79381348
vn -0.60571222 -0.05452398 -0.79381348
vn -0.60571222 -0.05452398 -0.79381348
vn -0.56750991 -0.06380683 -0.82089048
vn -0.56750991 -0.06380683 -0.82089048
vn -0.56750991 -0.06380683 -0.82089048
vn -0.89506944 -0.06980658 0.44042904
vn -0.89506944 -0.06980658 0.44042904
vn -0.89506944 -0.06980658 0.44042904
vn -0.88477010 -0.05658266 0.46258003
vn -0.88477010 -0.05658266 0.46258003
vn -0.88477010 -0.05658266 0.46258003
vn -0.89463312 -0.08435640 0.43876596
vn -0.89432994 -0.08398919 0.43945395
vn -0.89473782 -0.08448336 0.43852800
vn -0.79570720 -0.05144902 0.60349238
vn -0.79570720 -0.05144902 0.60349238
vn -0.79570720 -0.05144902 0.60349238
vn -0.80844500 -0.06448991 0.58502798
vn -0.80844500 -0.06448991 0.58502798
vn -0.80844500 -0.06448991 0.58502798
vn 0.07062698 -0.07912491 -0.99435963
vn 0.07061845 -0.08028036 -0.99426762
vn 0.07064279 -0.07694922 -0.99452924
vn 0.03411074 -0.05444358 -0.99793404
vn 0.03411074 -0.05444358 -0.99793404
vn 0.03411074 -0.05444358 -0.99793404
vn 0.07819478 -0.08598704 -0.99322294
vn 0.07819478 -0.08598704 -0.99322294
vn 0.07819478 -0.08598704 -0.99322294
vn -0.10783431 -0.06237754 -0.99221006
vn -0.10783431 -0.06237754 -0.99221006
vn -0.10783431 -0.06237754 -0.99221006
vn -0.11748511 -0.05673735 -0.99145253
vn -0.11748511 -0.05673735 -0.99145253
vn -0.11748511 -0.05673735 -0.99145253
vn -0.54759717 -0.07704814 0.83318721
vn -0.54759717 -0.07704814 0.83318721
vn -0.54759717 -0.07704814 0.83318721
vn -0.42377902 -0.05435737 -0.90413308
vn -0.42377902 -0.05435737 -0.90413308
vn -0.42377902 -0.05435737 -0.90413308
vn -0.35671461 -0.07273390 -0.93137773
vn -0.35671461 -0.07273390 -0.93137773
vn -0.35671461 -0.07273390 -0.93137773
vn -0.61328429 -0.05643468 0.78784358
vn -0.61328429 -0.05643468 0.78784358
vn -0.61328429 -0.05643468 0.78784358
vn -0.27585934 -0.06245705 -0.95916669
vn -0.27585934 -0.06245705 -0.95916669
vn -0.27585934 -0.06245705 -0.95916669
vn -0.19170924 -0.07399920 -0.97865810
vn -0.19170924 -0.07399920 -0.97865810
vn -0.19170924 -0.07399920 -0.97865810
vn -0.26383195 -0.05061988 -0.96323950
vn -0.26383195 -0.05061988 -0.96323950
vn -0.26383195 -0.05061988 -0.96323950
vn -0.72077678 -0.06500330 0.69011261
vn -0.72077678 -0.06500330 0.69011261
vn -0.72077678 -0.06500330 0.69011261
vn -0.13151224 -0.08886975 -0.98732300
vn -0.13151224 -0.08886975 -0.98732300
vn -0.13151224 -0.08886975 -0.98732300
vn -0.71482771 -0.06230127 0.69651984
vn -0.71482771 -0.06230127 0.69651984
vn -0.71482771 -0.06230127 0.69651984
vn -0.77487282 -0.00455438 0.63210077
vn -0.77487282 -0.00455438 0.63210077
vn -0.77487282 -0.00455438 0.63210077
vn -0.77373798 -0.10285846 0.62509974
vn -0.77373798 -0.10285846 0.62509974
vn -0.77373798 -0.10285846 0.62509974
vn 0.12550027 -0.07894179 -0.98894786
vn 0.12550027 -0.07894179 -0.98894786
vn 0.12550027 -0.07894179 -0.98894786
vn -0.94291476 -0.06633931 0.32636001
vn -0.94291476 -0.06633931 0.32636001
vn -0.94291476 -0.06633931 0.32636001
vn 0.23343957 -0.06834613 -0.96996638
vn 0.23343957 -0.06834613 -0.96996638
vn 0.23343957 -0.06834613 -0.96996638
vn -0.95163506 -0.06319885 0.30066029
vn -0.95163506 -0.06319885 0.30066029
vn -0.95163506 -0.06319885 0.30066029
vn 0.29721582 -0.08978873 -0.95057916
vn 0.29721582 -0.08978873 -0.95057916
vn 0.29721582 -0.08978873 -0.95057916
vn -0.96606629 -0.07242525 0.24793245
vn -0.96606629 -0.07242525 0.24793245
vn -0.96606629 -0.07242525 0.24793245
vn -0.98822578 -0.05789690 0.14162539
vn -0.98822578 -0.05789690 0.14162539
vn -0.98822578 -0.05789690 0.14162539
vn 0.41095407 -0.07250252 -0.90876847
vn 0.41095407 -0.07250252 -0.90876847
vn 0.41095407 -0.07250252 -0.90876847
vn -0.99625539 -0.07842292 0.03640101
vn -0.99625539 -0.07842292 0.03640101
vn -0.99625539 -0.07842292 0.03640101
vn -0.99488496 -0.05989866 -0.08133926
vn -0.99488496 -0.05989866 -0.08133926
vn -0.99488496 -0.05989866 -0.08133926
vn -0.98298582 -0.07064306 -0.16955362
vn -0.98298582 -0.07064306 -0.16955362
vn -0.98298582 -0.07064306 -0.16955362
vn -0.97275817 -0.06126130 -0.22358128
vn -0.97275817 -0.06126130 -0.22358128
vn -0.97275817 -0.06126130 -0.22358128
vn -0.93212196 -0.06475434 -0.35630819
vn -0.93212196 -0.06475434 -0.35630819
vn -0.93212196 -0.06475434 -0.35630819
vn -0.91905501 -0.05146418 -0.39075482
vn -0.91905501 -0.05146418 -0.39075482
vn -0.91905501 -0.05146418 -0.39075482
vn -0.77500014 -0.00502068 0.63194111
vn -0.77500014 -0.00502068 0.63194111
vn -0.77500014 -0.00502068 0.63194111
vn 0.42918840 -0.00022822 -0.90321496
vn 0.42918840 -0.00022822 -0.90321496
vn 0.42918840 -0.00022822 -0.90321496
vn 0.41455633 -0.00176966 -0.91002193
vn 0.41455633 -0.00176966 -0.91002193
vn 0.41455633 -0.00176966 -0.91002193
vn -0.61983455 -0.00454412 0.78471937
vn -0.61983455 -0.00454412 0.78471937
vn -0.61983455 -0.00454412 0.78471937
vn -0.72194362 0.00241103 0.69194768
vn -0.72194362 0.00241103 0.69194768
vn -0.72194362 0.00241103 0.69194768
vn -0.54317240 -0.00016996 0.83962117
vn -0.54317240 -0.00016996 0.83962117
vn -0.54317240 -0.00016996 0.83962117
vn 0.14181776 -0.00270984 -0.98988907
vn 0.14181776 -0.00270984 -0.98988907
vn 0.14181776 -0.00270984 -0.98988907
vn 0.22921820 -0.00790656 -0.97334295
vn 0.22921820 -0.00790656 -0.97334295
vn 0.22921820 -0.00790656 -0.97334295
vn 0.08815490 0.00095016 -0.99610633
vn 0.08815490 0.00095016 -0.99610633
vn 0.08815490 0.00095016 -0.99610633
vn -0.49376865 0.00018397 0.86959329
vn -0.49376865 0.00018397 0.86959329
vn -0.49376865 0.00018397 0.86959329
vn 0.18027442 -0.00485469 -0.98360437
vn 0.18027442 -0.00485469 -0.98360437
vn 0.18027442 -0.00485469 -0.98360437
vn -0.52603401 0.00160474 0.85046202
vn -0.52603401 0.00160474 0.85046202
vn -0.52603401 0.00160474 0.85046202
vn 0.10127987 -0.00484450 -0.99484618
vn 0.10127987 -0.00484450 -0.99484618
vn 0.10127987 -0.00484450 -0.99484618
vn -0.49598542 0.01482896 0.86820422
vn -0.49598542 0.01482896 0.86820422
vn -0.49598542 0.01482896 0.86820422
vn 0.05615654 -0.00035679 -0.99842191
vn 0.05615654 -0.00035679 -0.99842191
vn 0.05615654 -0.00035679 -0.99842191
vn 0.12591277 -0.01712835 -0.99189344
vn 0.12591277 -0.01712835 -0.99189344
vn 0.12591277 -0.01712835 -0.99189344
vn -0.62317082 -0.02950775 -0.78152890
vn -0.62317082 -0.02950775 -0.78152890
vn -0.62317082 -0.02950775 -0.78152890
vn -0.78431474 -0.02892445 -0.61968844
vn -0.78431474 -0.02892445 -0.61968844
vn -0.78431474 -0.02892445 -0.61968844
vn -0.85741752 -0.04268254 -0.51284831
vn -0.85741752 -0.04268254 -0.51284831
vn -0.85741752 -0.04268254 -0.51284831
vn -0.92930336 -0.05587951 -0.36506539
vn -0.92930336 -0.05587951 -0.36506539
vn -0.92930336 -0.05587951 -0.36506539
vn -0.86306938 0.00607368 -0.50504886
vn -0.86306938 0.00607368 -0.50504886
vn -0.86306938 0.00607368 -0.50504886
vn -0.68516814 0.00157768 -0.72838323
vn -0.68516814 0.00157768 -0.72838323
vn -0.68516814 0.00157768 -0.72838323
vn -0.13493771 0.00257750 -0.99085073
vn -0.13493771 0.00257750 -0.99085073
vn -0.13493771 0.00257750 -0.99085073
vn 0.06982221 0.15319964 -0.98572548
vn 0.06982221 0.15319964 -0.98572548
vn 0.06982221 0.15319964 -0.98572548
vn -0.06185207 -0.00679656 -0.99806219
vn -0.06185207 -0.00679656 -0.99806219
vn -0.06185207 -0.00679656 -0.99806219
vn -0.04787986 -0.00452780 -0.99884284
vn -0.04787986 -0.00452780 -0.99884284
vn -0.04787986 -0.00452780 -0.99884284
vn -0.22883691 -0.00216869 -0.97346236
vn -0.22883691 -0.00216869 -0.97346236
vn -0.22883691 -0.00216869 -0.97346236
vn -0.27707302 0.00252633 -0.96084554
vn -0.27707302 0.00252633 -0.96084554
vn -0.27707302 0.00252633 -0.96084554
vn -0.41008381 -0.00508606 -0.91203366
vn -0.41008381 -0.00508606 -0.91203366
vn -0.41008381 -0.00508606 -0.91203366
vn -0.95000587 0.03823992 0.30988152
vn -0.95000587 0.03823992 0.30988152
vn -0.95000587 0.03823992 0.30988152
vn -0.48773839 0.00128621 -0.87298889
vn -0.48773839 0.00128621 -0.87298889
vn -0.48773839 0.00128621 -0.87298889
vn -0.60388623 0.00098326 -0.79706992
vn -0.60388623 0.00098326 -0.79706992
vn -0.60388623 0.00098326 -0.79706992
vn -0.48356569 -0.02516344 -0.87494630
vn -0.48356569 -0.02516344 -0.87494630
vn -0.48356569 -0.02516344 -0.87494630
vn -0.59281861 0.00018181 -0.80533599
vn -0.59281861 0.00018181 -0.80533599
vn -0.59281861 0.00018181 -0.80533599
vn -0.61883462 -0.00333654 -0.78551421
vn -0.61883462 -0.00333654 -0.78551421
vn -0.61883462 -0.00333654 -0.78551421
vn -0.49843769 0.00603090 -0.86690455
vn -0.49843769 0.00603090 -0.86690455
vn -0.49843769 0.00603090 -0.86690455
vn -0.57835246 0.02636612 -0.81536082
vn -0.57835246 0.02636612 -0.81536082
vn -0.57835246 0.02636612 -0.81536082
vn -0.79116241 -0.00530948 -0.61158307
vn -0.79116241 -0.00530948 -0.61158307
vn -0.79116241 -0.00530948 -0.61158307
vn -0.81111380 0.01005398 -0.58480195
vn -0.81111380 0.01005398 -0.58480195
vn -0.81111380 0.01005398 -0.58480195
vn -0.91709946 0.00117833 -0.39865674
vn -0.91709946 0.00117833 -0.39865674
vn -0.91709946 0.00117833 -0.39865674
vn -0.93371678 -0.00713765 -0.35794137
vn -0.93371678 -0.00713765 -0.35794137
vn -0.93371678 -0.00713765 -0.35794137
vn -0.98901635 0.00104605 -0.14780244
vn -0.98901635 0.00104605 -0.14780244
vn -0.98901635 0.00104605 -0.14780244
vn -0.93250237 0.00961137 -0.36103595
vn -0.93250237 0.00961137 -0.36103595
vn -0.93250237 0.00961137 -0.36103595
vn -0.97411005 -0.00243852 -0.22606120
vn -0.97411005 -0.00243852 -0.22606120
vn -0.97411005 -0.00243852 -0.22606120
vn -0.95528576 0.00330445 -0.29566568
vn -0.95528576 0.00330445 -0.29566568
vn -0.95528576 0.00330445 -0.29566568
vn -0.96117847 -0.00566965 -0.27586919
vn -0.96117847 -0.00566965 -0.27586919
vn -0.96117847 -0.00566965 -0.27586919
vn -0.99723822 -0.00200485 -0.07424226
vn -0.99723822 -0.00200485 -0.07424226
vn -0.99723822 -0.00200485 -0.07424226
vn -0.97469104 -0.00235903 -0.22354375
vn -0.97469104 -0.00235903 -0.22354375
vn -0.97469104 -0.00235903 -0.22354375
vn -0.93868198 0.00105465 -0.34478257
vn -0.93868198 0.00105465 -0.34478257
vn -0.93868198 0.00105465 -0.34478257
vn -0.99992496 0.00319463 -0.01182633
vn -0.99992496 0.00319463 -0.01182633
vn -0.99992496 0.00319463 -0.01182633
vn -0.98946238 -0.00662920 0.14463837
vn -0.98946238 -0.00662920 0.14463837
vn -0.98946238 -0.00662920 0.14463837
vn -0.93747393 -0.00014443 0.34805546
vn -0.93747393 -0.00014443 0.34805546
vn -0.93747393 -0.00014443 0.34805546
vn -0.92905132 0.00214042 0.36994466
vn -0.92905132 0.00214042 0.36994466
vn -0.92905132 0.00214042 0.36994466
vn -0.91655748 -0.00012743 0.39990295
vn -0.91655748 -0.00012743 0.39990295
vn -0.91655748 -0.00012743 0.39990295
vn -0.07184200 0.00701730 -0.99739134
vn -0.07184200 0.00701730 -0.99739134
vn -0.07184200 0.00701730 -0.99739134
vn -0.21805264 0.00081863 -0.97593667
vn -0.21805264 0.00081863 -0.97593667
vn -0.21805264 0.00081863 -0.97593667
vn -0.26923862 -0.00057087 -0.96307333
vn -0.26923862 -0.00057087 -0.96307333
vn -0.26923862 -0.00057087 -0.96307333
vn 0.15352841 0.00311630 -0.98813932
vn 0.15352841 0.00311630 -0.98813932
vn 0.15352841 0.00311630 -0.98813932
vn 0.29978513 -0.00215299 -0.95400432
vn 0.29978513 -0.00215299 -0.95400432
vn 0.29978513 -0.00215299 -0.95400432
vn -0.99756647 0.00624632 0.06944144
vn -0.99756647 0.00624632 0.06944144
vn -0.99756647 0.00624632 0.06944144
vn -0.94788906 0.00055618 0.31860009
vn -0.94788906 0.00055618 0.31860009
vn -0.94788906 0.00055618 0.31860009
vn -0.98633219 -0.00373488 -0.16472663
vn -0.98633219 -0.00373488 -0.16472663
vn -0.98633219 -0.00373488 -0.16472663
vn -0.71941107 0.00325472 -0.69457694
vn -0.71941107 0.00325472 -0.69457694
vn -0.71941107 0.00325472 -0.69457694
vn -0.69271989 0.00155110 -0.72120507
vn -0.69271989 0.00155110 -0.72120507
vn -0.69271989 0.00155110 -0.72120507
vn -0.47949754 -0.00065247 -0.87754298
vn -0.47949754 -0.00065247 -0.87754298
vn -0.47949754 -0.00065247 -0.87754298
vn 0.08785518 0.00441159 -0.99612349
vn 0.08785518 0.00441159 -0.99612349
vn 0.08785518 0.00441159 -0.99612349
vn -0.29969650 -0.00242322 -0.95403152
vn -0.29969650 -0.00242322 -0.95403152
vn -0.29969650 -0.00242322 -0.95403152
vn -0.97887306 -0.00161602 -0.20446250
vn -0.97887306 -0.00161602 -0.20446250
vn -0.97887306 -0.00161602 -0.20446250
vn 0.98558504 -0.00002021 -0.16918073
vn 0.98558504 -0.00002021 -0.16918073
vn 0.98558504 -0.00002021 -0.16918073
vn 0.99368798 0.00110713 -0.11217387
vn 0.99368798 0.00110713 -0.11217387
vn 0.99368798 0.00110713 -0.11217387
vn 0.99014265 -0.00030961 -0.14006227
vn 0.99014265 -0.00030961 -0.14006227
vn 0.99014265 -0.00030961 -0.14006227
vn 0.93028206 0.00284047 0.36683405
vn 0.93028206 0.00284047 0.36683405
vn 0.93028206 0.00284047 0.36683405
vn 0.51647806 -0.00398619 0.85629114
vn 0.51647806 -0.00398619 0.85629114
vn 0.51647806 -0.00398619 0.85629114
vn 0.61623797 0.00179398 0.78755796
vn 0.61623797 0.00179398 0.78755796
vn 0.61623797 0.00179398 0.78755796
vn 0.27780716 -0.00313184 0.96063176
vn 0.27780716 -0.00313184 0.96063176
vn 0.27780716 -0.00313184 0.96063176
vn 0.96093021 -0.00245279 0.27677989
vn 0.96093021 -0.00245279 0.27677989
vn 0.96093021 -0.00245279 0.27677989
vn 0.43003444 0.00204619 -0.90281017
vn 0.43003444 0.00204619 -0.90281017
vn 0.43003444 0.00204619 -0.90281017
vn 0.22740030 -0.00664284 -0.97377871
vn 0.22740030 -0.00664284 -0.97377871
vn 0.22740030 -0.00664284 -0.97377871
vn -0.74597882 0.00100564 -0.66596891
vn -0.74597882 0.00100564 -0.66596891
vn -0.74597882 0.00100564 -0.66596891
vn -0.56859147 -0.01038094 -0.82255454
vn -0.56859147 -0.01038094 -0.82255454
vn -0.56859147 -0.01038094 -0.82255454
vn 0.27859052 0.00167636 -0.96040851
vn 0.27859052 0.00167636 -0.96040851
vn 0.27859052 0.00167636 -0.96040851
vn 0.34194388 -0.00086143 -0.93971998
vn 0.34194388 -0.00086143 -0.93971998
vn 0.34194388 -0.00086143 -0.93971998
vn -0.58365018 0.00186309 -0.81200308
vn -0.58365018 0.00186309 -0.81200308
vn -0.58365018 0.00186309 -0.81200308
vn -0.24130606 -0.00352711 -0.97044265
vn -0.24130606 -0.00352711 -0.97044265
vn -0.24130606 -0.00352711 -0.97044265
vn -0.25561225 -0.00284386 -0.96677520
vn -0.25561225 -0.00284386 -0.96677520
vn -0.25561225 -0.00284386 -0.96677520
vn 0.61197625 -0.00068734 0.79087584
vn 0.61197625 -0.00068734 0.79087584
vn 0.61197625 -0.00068734 0.79087584
vn 0.65216513 -0.00150077 0.75807545
vn 0.65216513 -0.00150077 0.75807545
vn 0.65216513 -0.00150077 0.75807545
vn 0.73091374 0.00064317 0.68246956
vn 0.73091374 0.00064317 0.68246956
vn 0.73091374 0.00064317 0.68246956
vn 0.79797875 -0.00011327 0.60268558
vn 0.79797875 -0.00011327 0.60268558
vn 0.79797875 -0.00011327 0.60268558
vn -0.49048342 -0.00280697 0.87144600
vn -0.49048342 -0.00280697 0.87144600
vn -0.49048342 -0.00280697 0.87144600
vn 0.25975725 0.00210538 0.96567165
vn 0.25975725 0.00210538 0.96567165
vn 0.25975725 0.00210538 0.96567165
vn 0.18353243 -0.00251215 0.98301045
vn 0.18353243 -0.00251215 0.98301045
vn 0.18353243 -0.00251215 0.98301045
vn -0.02624268 0.00793543 0.99962410
vn -0.02624268 0.00793543 0.99962410
vn -0.02624268 0.00793543 0.99962410
vn 0.16634402 0.00182012 0.98606610
vn 0.16634402 0.00182012 0.98606610
vn 0.16634402 0.00182012 0.98606610
vn 0.49165647 0.00307256 0.87078383
vn 0.49165647 0.00307256 0.87078383
vn 0.49165647 0.00307256 0.87078383
vn 0.17916205 0.00157840 0.98381831
vn 0.17916205 0.00157840 0.98381831
vn 0.17916205 0.00157840 0.98381831
vn -0.26931484 -0.00063193 0.96305198
vn -0.26931484 -0.00063193 0.96305198
vn -0.26931484 -0.00063193 0.96305198
vn -0.83851483 -0.00626836 0.54484272
vn -0.83851483 -0.00626836 0.54484272
vn -0.83851483 -0.00626836 0.54484272
vn -0.76190507 0.00060293 0.64768843
vn -0.76190507 0.00060293 0.64768843
vn -0.76190507 0.00060293 0.64768843
vn -0.27504616 -0.00092430 0.96143058
vn -0.27504616 -0.00092430 0.96143058
vn -0.27504616 -0.00092430 0.96143058
vn -0.96597311 -0.00547358 0.25858458
vn -0.96597311 -0.00547358 0.25858458
vn -0.96597311 -0.00547358 0.25858458
vn 0.85465320 -0.00064390 -0.51919890
vn 0.85465320 -0.00064390 -0.51919890
vn 0.85465320 -0.00064390 -0.51919890
vn 0.66041942 -0.00139784 -0.75089563
vn 0.66041942 -0.00139784 -0.75089563
vn 0.66041942 -0.00139784 -0.75089563
vn 0.59814253 0.00046778 -0.80138960
vn 0.59814253 0.00046778 -0.80138960
vn 0.59814253 0.00046778 -0.80138960
vn 0.91214865 0.00247803 0.40985205
vn 0.91214865 0.00247803 0.40985205
vn 0.91214865 0.00247803 0.40985205
vn 0.85416014 0.00123737 -0.52000858
vn 0.85416014 0.00123737 -0.52000858
vn 0.85416014 0.00123737 -0.52000858
vn 0.87947038 -0.00353479 0.47594050
vn 0.87947038 -0.00353479 0.47594050
vn 0.87947038 -0.00353479 0.47594050
vn 0.95902094 -0.00168576 -0.28333018
vn 0.95902094 -0.00168576 -0.28333018
vn 0.95902094 -0.00168576 -0.28333018
vn 0.96271022 -0.00230219 -0.27052491
vn 0.96271022 -0.00230219 -0.27052491
vn 0.96271022 -0.00230219 -0.27052491
vn -0.96367304 0.00151886 -0.26708046
vn -0.96367304 0.00151886 -0.26708046
vn -0.96367304 0.00151886 -0.26708046
vn -0.93833418 -0.00053557 -0.34572920
vn -0.93833418 -0.00053557 -0.34572920
vn -0.93833418 -0.00053557 -0.34572920
vn -0.94671443 -0.00046712 -0.32207384
vn -0.94671443 -0.00046712 -0.32207384
vn -0.94671443 -0.00046712 -0.32207384
vn -0.30979218 0.00183503 -0.95080252
vn -0.30979218 0.00183503 -0.95080252
vn -0.30979218 0.00183503 -0.95080252
vn -0.14809554 0.00097056 -0.98897258
vn -0.14809554 0.00097056 -0.98897258
vn -0.14809554 0.00097056 -0.98897258
vn 0.11881662 -0.01388102 -0.99281918
vn 0.11881662 -0.01388102 -0.99281918
vn 0.11881662 -0.01388102 -0.99281918
vn -0.68003033 -0.00243712 -0.73317993
vn -0.68003033 -0.00243712 -0.73317993
vn -0.68003033 -0.00243712 -0.73317993
vn 0.22649316 0.00454198 -0.97400217
vn 0.22649316 0.00454198 -0.97400217
vn 0.22649316 0.00454198 -0.97400217
vn -0.80766807 0.00410092 -0.58962316
vn -0.80766807 0.00410092 -0.58962316
vn -0.80766807 0.00410092 -0.58962316
vn -0.62301288 0.01166756 0.78212455
vn -0.62301288 0.01166756 0.78212455
vn -0.62301288 0.01166756 0.78212455
vn -0.77021144 0.00054246 0.63778840
vn -0.77021144 0.00054246 0.63778840
vn -0.77021144 0.00054246 0.63778840
vn -0.48070257 0.01592959 0.87673901
vn -0.48070257 0.01592959 0.87673901
vn -0.48070257 0.01592959 0.87673901
vn -0.90044165 0.00159765 -0.43497389
vn -0.90044165 0.00159765 -0.43497389
vn -0.90044165 0.00159765 -0.43497389
vn -0.73872966 0.00015216 0.67400183
vn -0.73872966 0.00015216 0.67400183
vn -0.73872966 0.00015216 0.67400183
vn -0.89291573 0.00010837 -0.45022381
vn -0.89291573 0.00010837 -0.45022381
vn -0.89291573 0.00010837 -0.45022381
vn -0.95980401 -0.00281058 0.28065702
vn -0.95980401 -0.00281058 0.28065702
vn -0.95980401 -0.00281058 0.28065702
vn -0.97547944 -0.00003350 0.22009059
vn -0.97547944 -0.00003350 0.22009059
vn -0.97547944 -0.00003350 0.22009059
vn -0.25878391 -0.00374576 0.96592798
vn -0.25878391 -0.00374576 0.96592798
vn -0.25878391 -0.00374576 0.96592798
vn 0.91226718 0.01085481 0.40945178
vn 0.91226718 0.01085481 0.40945178
vn 0.91226718 0.01085481 0.40945178
vn -0.49061691 0.00109066 0.87137469
vn -0.49061691 0.00109066 0.87137469
vn -0.49061691 0.00109066 0.87137469
vn -0.95918892 0.00213948 0.28275791
vn -0.95918892 0.00213948 0.28275791
vn -0.95918892 0.00213948 0.28275791
vn -0.99196796 -0.00325246 0.12644756
vn -0.99196796 -0.00325246 0.12644756
vn -0.99196796 -0.00325246 0.12644756
vn -0.73660651 -0.00253756 0.67631679
vn -0.73660651 -0.00253756 0.67631679
vn -0.73660651 -0.00253756 0.67631679
vn -0.99288418 0.00329984 -0.11903829
vn -0.99288418 0.00329984 -0.11903829
vn -0.99288418 0.00329984 -0.11903829
vn -0.59005997 0.00405857 0.80734922
vn -0.59005997 0.00405857 0.80734922
vn -0.59005997 0.00405857 0.80734922
vn 0.98312338 0.00064826 0.18294264
vn 0.98312338 0.00064826 0.18294264
vn 0.98312338 0.00064826 0.18294264
vn 0.95705101 0.00296920 0.28990439
vn 0.95705101 0.00296920 0.28990439
vn 0.95705101 0.00296920 0.28990439
vn 0.89791621 0.00097659 0.44016534
vn 0.89791621 0.00097659 0.44016534
vn 0.89791621 0.00097659 0.44016534
vn 0.31171077 0.00185810 0.95017522
vn 0.31171077 0.00185810 0.95017522
vn 0.31171077 0.00185810 0.95017522
vn 0.14593512 0.00000637 0.98929416
vn 0.14593512 0.00000637 0.98929416
vn 0.14593512 0.00000637 0.98929416
vn 0.02715155 -0.00609474 0.99961275
vn 0.02715155 -0.00609474 0.99961275
vn 0.02715155 -0.00609474 0.99961275
vn -0.43684008 0.00432201 0.89952880
vn -0.43684008 0.00432201 0.89952880
vn -0.43684008 0.00432201 0.89952880
vn 0.67554861 -0.00248801 0.73731125
vn 0.67554861 -0.00248801 0.73731125
vn 0.67554861 -0.00248801 0.73731125
vn -0.17067983 -0.00219593 0.98532410
vn -0.17067983 -0.00219593 0.98532410
vn -0.17067983 -0.00219593 0.98532410
vn 0.80300920 0.00392378 0.59595371
vn 0.80300920 0.00392378 0.59595371
vn 0.80300920 0.00392378 0.59595371
vn 0.73120370 0.00660673 0.68212719
vn 0.73120370 0.00660673 0.68212719
vn 0.73120370 0.00660673 0.68212719
vn 0.67306131 -0.02019204 0.73931100
vn 0.67306131 -0.02019204 0.73931100
vn 0.67306131 -0.02019204 0.73931100
vn 0.41365330 0.01722912 0.91027144
vn 0.41365330 0.01722912 0.91027144
vn 0.41365330 0.01722912 0.91027144
vn 0.75874199 -0.02233557 -0.65100823
vn 0.75874199 -0.02233557 -0.65100823
vn 0.75874199 -0.02233557 -0.65100823
vn 0.32796223 -0.01933720 0.94449291
vn 0.32796223 -0.01933720 0.94449291
vn 0.32796223 -0.01933720 0.94449291
vn 0.82595657 0.02019542 -0.56337190
vn 0.82595657 0.02019542 -0.56337190
vn 0.82595657 0.02019542 -0.56337190
vn 0.94949796 -0.01048490 -0.31359798
vn 0.94949796 -0.01048490 -0.31359798
vn 0.94949796 -0.01048490 -0.31359798
vn 0.97406843 0.01579458 -0.22570162
vn 0.97406843 0.01579458 -0.22570162
vn 0.97406843 0.01579458 -0.22570162
vn -0.03772876 0.01769225 0.99913139
vn -0.03772876 0.01769225 0.99913139
vn -0.03772876 0.01769225 0.99913139
vn -0.18730119 -0.03445234 0.98169817
vn -0.18730119 -0.03445234 0.98169817
vn -0.18730119 -0.03445234 0.98169817
vn 0.99673928 0.01064700 0.07998409
vn 0.99673928 0.01064700 0.07998409
vn 0.99673928 0.01064700 0.07998409
vn 0.99919795 -0.00252008 0.03996377
vn 0.99919795 -0.00252008 0.03996377
vn 0.99919795 -0.00252008 0.03996377
vn -0.32539310 0.00850486 0.94554059
vn -0.32539310 0.00850486 0.94554059
vn -0.32539310 0.00850486 0.94554059
vn 0.89303222 0.01744192 0.44965458
vn 0.89303222 0.01744192 0.44965458
vn 0.89303222 0.01744192 0.44965458
vn 0.91556513 -0.00374949 0.40215224
vn 0.91556513 -0.00374949 0.40215224
vn 0.91556513 -0.00374949 0.40215224
vn 0.40683245 0.25846175 0.87617628
vn 0.40683245 0.25846175 0.87617628
vn 0.40683245 0.25846175 0.87617628
vn 0.53728048 0.02226103 0.84310980
vn 0.53728048 0.02226103 0.84310980
vn 0.53728048 0.02226103 0.84310980
vn -0.00722141 0.99979333 -0.01900387
vn -0.00722141 0.99979333 -0.01900387
vn -0.00722141 0.99979333 -0.01900387
vn 0.56870148 -0.80963635 0.14514680
vn 0.56870148 -0.80963635 0.14514680
vn 0.56870148 -0.80963635 0.14514680
vn 0.79615189 0.04128289 -0.60368692
vn 0.79615189 0.04128289 -0.60368692
vn 0.79615189 0.04128289 -0.60368692
vn 0.46738570 -0.19676384 0.86187853
vn 0.46738570 -0.19676384 0.86187853
vn 0.46738570 -0.19676384 0.86187853
vn -0.26367700 0.88937423 0.37348081
vn -0.26367700 0.88937423 0.37348081
vn -0.26367700 0.88937423 0.37348081
vn 0.95170799 0.17712543 0.25075581
vn 0.95170799 0.17712543 0.25075581
vn 0.95170799 0.17712543 0.25075581
vn 0.83353643 -0.32956238 -0.44340237
vn 0.83353643 -0.32956238 -0.44340237
vn 0.83353643 -0.32956238 -0.44340237
vn 0.50282174 0.75379946 -0.42303271
vn 0.50282174 0.75379946 -0.42303271
vn 0.50282174 0.75379946 -0.42303271
vn 0.59113692 -0.72030776 -0.36292405
vn 0.59113692 -0.72030776 -0.36292405
vn 0.59113692 -0.72030776 -0.36292405
vn 0.22672543 0.96164948 -0.15435623
vn 0.22672543 0.96164948 -0.15435623
vn 0.22672543 0.96164948 -0.15435623
vn 0.44743992 -0.84781304 0.28462353
vn 0.44743992 -0.84781304 0.28462353
vn 0.44743992 -0.84781304 0.28462353
vn 0.95446028 0.08891322 0.28478065
vn 0.95446028 0.08891322 0.28478065
vn 0.95446028 0.08891322 0.28478065
vn 0.36129383 0.14980137 0.92034033
vn 0.36129383 0.14980137 0.92034033
vn 0.36129383 0.14980137 0.92034033
vn 0.79609919 0.32268003 -0.51196063
vn 0.79609919 0.32268003 -0.51196063
vn 0.79609919 0.32268003 -0.51196063
vn 0.42954326 -0.85816212 0.28115898
vn 0.42954326 -0.85816212 0.28115898
vn 0.42954326 -0.85816212 0.28115898
vn 0.27512736 -0.48822897 0.82821338
vn 0.27512736 -0.48822897 0.82821338
vn 0.27512736 -0.48822897 0.82821338
vn 0.40721349 0.90698341 0.10750942
vn 0.40721349 0.90698341 0.10750942
vn 0.40721349 0.90698341 0.10750942
vn 0.12740314 0.93417730 0.33328847
vn 0.12740314 0.93417730 0.33328847
vn 0.12740314 0.93417730 0.33328847
vn 0.13352524 0.52699603 0.83931293
vn 0.13352524 0.52699603 0.83931293
vn 0.13352524 0.52699603 0.83931293
vn 0.87494159 -0.15264280 0.45954041
vn 0.87494159 -0.15264280 0.45954041
vn 0.87494159 -0.15264280 0.45954041
vn 0.82259396 0.22567785 0.52192785
vn 0.82259396 0.22567785 0.52192785
vn 0.82259396 0.22567785 0.52192785
vn 0.06363961 -0.95503087 0.28959635
vn 0.06363961 -0.95503087 0.28959635
vn 0.06363961 -0.95503087 0.28959635
vn 0.49160758 -0.86295353 -0.11676129
vn 0.49160758 -0.86295353 -0.11676129
vn 0.49160758 -0.86295353 -0.11676129
vn 0.51176147 0.81721207 0.26507477
vn 0.51176147 0.81721207 0.26507477
vn 0.51176147 0.81721207 0.26507477
vn 0.94683925 0.03048616 -0.32025931
vn 0.94683925 0.03048616 -0.32025931
vn 0.94683925 0.03048616 -0.32025931
vn 0.05059318 -0.05241894 0.99734276
vn 0.05059318 -0.05241894 0.99734276
vn 0.05059318 -0.05241894 0.99734276
vn 0.53437555 0.80146612 0.26850479
vn 0.53437555 0.80146612 0.26850479
vn 0.53437555 0.80146612 0.26850479
vn 0.05776715 -0.92598358 0.37311844
vn 0.05776715 -0.92598358 0.37311844
vn 0.05776715 -0.92598358 0.37311844
vn 0.24521481 -0.82629139 -0.50706235
vn 0.24521481 -0.82629139 -0.50706235
vn 0.24521481 -0.82629139 -0.50706235
vn 0.59823829 0.77572903 -0.20088658
vn 0.59823829 0.77572903 -0.20088658
vn 0.59823829 0.77572903 -0.20088658
vn 0.40280764 0.91039009 -0.09452987
vn 0.40280764 0.91039009 -0.09452987
vn 0.40280764 0.91039009 -0.09452987
vn 0.94281011 0.25462362 -0.21511837
vn 0.94281011 0.25462362 -0.21511837
vn 0.94281011 0.25462362 -0.21511837
vn 0.11480021 0.42040470 0.90004489
vn 0.11480021 0.42040470 0.90004489
vn 0.11480021 0.42040470 0.90004489
vn -0.01291254 0.95641113 0.29173792
vn -0.01291254 0.95641113 0.29173792
vn -0.01291254 0.95641113 0.29173792
vn 0.74963908 -0.66135378 0.02554271
vn 0.74963908 -0.66135378 0.02554271
vn 0.74963908 -0.66135378 0.02554271
vn 0.36556384 -0.83844798 0.40418816
vn 0.36556384 -0.83844798 0.40418816
vn 0.36556384 -0.83844798 0.40418816
vn 0.65018448 -0.17630518 -0.73903763
vn 0.65018448 -0.17630518 -0.73903763
vn 0.65018448 -0.17630518 -0.73903763
vn 0.34548652 -0.87181692 0.34723813
vn 0.34548652 -0.87181692 0.34723813
vn 0.34548652 -0.87181692 0.34723813
vn 0.99573104 0.07630268 -0.05193839
vn 0.99573104 0.07630268 -0.05193839
vn 0.99573104 0.07630268 -0.05193839
vn -0.07001517 -0.29556510 0.95275346
vn -0.07001517 -0.29556510 0.95275346
vn -0.07001517 -0.29556510 0.95275346
vn 0.25081933 -0.92638368 -0.28089667
vn 0.25081933 -0.92638368 -0.28089667
vn 0.25081933 -0.92638368 -0.28089667
vn 0.52685534 -0.84917874 -0.03631693
vn 0.52685534 -0.84917874 -0.03631693
vn 0.52685534 -0.84917874 -0.03631693
vn -0.03900910 0.19087423 0.98083909
vn -0.03900910 0.19087423 0.98083909
vn -0.03900910 0.19087423 0.98083909
vn 0.63018097 -0.16322757 0.75909730
vn 0.63018097 -0.16322757 0.75909730
vn 0.63018097 -0.16322757 0.75909730
vn 0.63432008 -0.23787986 -0.73556183
vn 0.63432008 -0.23787986 -0.73556183
vn 0.63432008 -0.23787986 -0.73556183
vn -0.11163867 0.94181196 0.31705999
vn -0.11163867 0.94181196 0.31705999
vn -0.11163867 0.94181196 0.31705999
vn 0.68030890 0.11203715 0.72431173
vn 0.68030890 0.11203715 0.72431173
vn 0.68030890 0.11203715 0.72431173
vn 0.52888521 0.58025000 -0.61934673
vn 0.52888521 0.58025000 -0.61934673
vn 0.52888521 0.58025000 -0.61934673
vn -0.05560310 -0.90725231 0.41689511
vn -0.05560310 -0.90725231 0.41689511
vn -0.05560310 -0.90725231 0.41689511
vn -0.16616871 -0.75047474 0.63966837
vn -0.16616871 -0.75047474 0.63966837
vn -0.16616871 -0.75047474 0.63966837
vn 0.44140161 0.89724679 -0.01062103
vn 0.44140161 0.89724679 -0.01062103
vn 0.44140161 0.89724679 -0.01062103
vn 0.96798155 0.24947546 0.02781573
vn 0.96798155 0.24947546 0.02781573
vn 0.96798155 0.24947546 0.02781573
vn -0.30076603 -0.12169810 0.94590135
vn -0.30076603 -0.12169810 0.94590135
vn -0.30076603 -0.12169810 0.94590135
vn 0.38709439 0.77794633 0.49493176
vn 0.38709439 0.77794633 0.49493176
vn 0.38709439 0.77794633 0.49493176
vn 0.11679827 -0.97709338 0.17789517
vn 0.11679827 -0.97709338 0.17789517
vn 0.11679827 -0.97709338 0.17789517
vn 0.58788984 -0.79645256 0.14159399
vn 0.58788984 -0.79645256 0.14159399
vn 0.58788984 -0.79645256 0.14159399
vn -0.24251175 0.20545779 0.94814300
vn -0.24251175 0.20545779 0.94814300
vn -0.24251175 0.20545779 0.94814300
vn 0.57047761 0.81995298 0.04724841
vn 0.57047761 0.81995298 0.04724841
vn 0.57047761 0.81995298 0.04724841
vn -0.02188891 -0.99957881 0.01905482
vn -0.02188891 -0.99957881 0.01905482
vn -0.02188891 -0.99957881 0.01905482
vn 0.23277568 -0.77252922 0.59077414
vn 0.23277568 -0.77252922 0.59077414
vn 0.23277568 -0.77252922 0.59077414
vn -0.21485220 0.88425951 0.41463676
vn -0.21485220 0.88425951 0.41463676
vn -0.21485220 0.88425951 0.41463676
vn 0.78798380 -0.27232716 -0.55219512
vn 0.78798380 -0.27232716 -0.55219512
vn 0.78798380 -0.27232716 -0.55219512
vn 0.88450692 0.01103430 0.46639655
vn 0.88450692 0.01103430 0.46639655
vn 0.88450692 0.01103430 0.46639655
vn 0.84355801 -0.04186355 0.53540389
vn 0.84355801 -0.04186355 0.53540389
vn 0.84355801 -0.04186355 0.53540389
vn 0.60449242 0.01475874 -0.79647417
vn 0.60449242 0.01475874 -0.79647417
vn 0.60449242 0.01475874 -0.79647417
vn 0.63452001 0.01675532 0.77272480
vn 0.63452001 0.01675532 0.77272480
vn 0.63452001 0.01675532 0.77272480
vn 0.67287374 -0.01896861 0.73951411
vn 0.67287374 -0.01896861 0.73951411
vn 0.67287374 -0.01896861 0.73951411
vn 0.68206944 -0.03840811 -0.73027810
vn 0.68206944 -0.03840811 -0.73027810
vn 0.68206944 -0.03840811 -0.73027810
vn 0.48203979 -0.07380774 0.87303497
vn 0.48203979 -0.07380774 0.87303497
vn 0.48203979 -0.07380774 0.87303497
vn 0.82615150 0.00351455 -0.56343708
vn 0.82615150 0.00351455 -0.56343708
vn 0.82615150 0.00351455 -0.56343708
vn 0.88978567 -0.07396864 -0.45034443
vn 0.88978567 -0.07396864 -0.45034443
vn 0.88978567 -0.07396864 -0.45034443
vn 0.20968771 -0.03747604 0.97704995
vn 0.20968771 -0.03747604 0.97704995
vn 0.20968771 -0.03747604 0.97704995
vn 0.16979624 0.00480880 0.98546746
vn 0.16979624 0.00480880 0.98546746
vn 0.16979624 0.00480880 0.98546746
vn 0.96206468 0.00886161 -0.27267751
vn 0.96206468 0.00886161 -0.27267751
vn 0.96206468 0.00886161 -0.27267751
vn -0.06277291 -0.00277925 0.99802397
vn -0.06277291 -0.00277925 0.99802397
vn -0.06277291 -0.00277925 0.99802397
vn -0.12113302 -0.03970472 0.99184189
vn -0.12113302 -0.03970472 0.99184189
vn -0.12113302 -0.03970472 0.99184189
vn 0.99530003 -0.06355875 -0.07306255
vn 0.99530003 -0.06355875 -0.07306255
vn 0.99530003 -0.06355875 -0.07306255
vn 0.99687101 0.01671117 0.07725881
vn 0.99687101 0.01671117 0.07725881
vn 0.99687101 0.01671117 0.07725881
vn -0.42632683 -0.04240696 0.90357461
vn -0.42632683 -0.04240696 0.90357461
vn -0.42632683 -0.04240696 0.90357461
vn -0.37973662 -0.00372413 0.92508715
vn -0.37973662 -0.00372413 0.92508715
vn -0.37973662 -0.00372413 0.92508715
vn 0.96897853 -0.06648946 0.23803312
vn 0.96897853 -0.06648946 0.23803312
vn 0.96897853 -0.06648946 0.23803312
vn 0.77175777 0.28267191 -0.56963719
vn 0.77175777 0.28267191 -0.56963719
vn 0.77175777 0.28267191 -0.56963719
vn 0.70395085 -0.26805577 -0.65772282
vn 0.70395085 -0.26805577 -0.65772282
vn 0.70395085 -0.26805577 -0.65772282
vn 0.03794556 -0.99615268 0.07899349
vn 0.03794556 -0.99615268 0.07899349
vn 0.03794556 -0.99615268 0.07899349
vn 0.80182117 -0.34987139 -0.48443041
vn 0.80182117 -0.34987139 -0.48443041
vn 0.80182117 -0.34987139 -0.48443041
vn 0.87524321 -0.06153899 -0.47975231
vn 0.87524321 -0.06153899 -0.47975231
vn 0.87524321 -0.06153899 -0.47975231
vn 0.20593266 -0.75506950 0.62246429
vn 0.20593266 -0.75506950 0.62246429
vn 0.20593266 -0.75506950 0.62246429
vn 0.93725787 0.31088916 0.15778348
vn 0.93725787 0.31088916 0.15778348
vn 0.93725787 0.31088916 0.15778348
vn 0.42123437 0.85172856 -0.31164093
vn 0.42123437 0.85172856 -0.31164093
vn 0.42123437 0.85172856 -0.31164093
vn 0.42279023 -0.04287496 0.90521277
vn 0.42279023 -0.04287496 0.90521277
vn 0.42279023 -0.04287496 0.90521277
vn 0.16381738 -0.98207237 0.09326158
vn 0.16381738 -0.98207237 0.09326158
vn 0.16381738 -0.98207237 0.09326158
vn 0.50770770 -0.84098170 0.18703654
vn 0.50770770 -0.84098170 0.18703654
vn 0.50770770 -0.84098170 0.18703654
vn 0.49687048 -0.49588048 0.71219538
vn 0.49687048 -0.49588048 0.71219538
vn 0.49687048 -0.49588048 0.71219538
vn 0.22113522 -0.72154358 0.65610523
vn 0.22113522 -0.72154358 0.65610523
vn 0.22113522 -0.72154358 0.65610523
vn 0.20708763 0.91032022 0.35837384
vn 0.20708763 0.91032022 0.35837384
vn 0.20708763 0.91032022 0.35837384
vn 0.73390374 -0.58229283 0.34974328
vn 0.73390374 -0.58229283 0.34974328
vn 0.73390374 -0.58229283 0.34974328
vn 0.83997739 0.22304546 -0.49466019
vn 0.83997739 0.22304546 -0.49466019
vn 0.83997739 0.22304546 -0.49466019
vn 0.20540808 0.00652133 0.97865468
vn 0.20540808 0.00652133 0.97865468
vn 0.20540808 0.00652133 0.97865468
vn 0.92502374 0.05425560 0.37601517
vn 0.92502374 0.05425560 0.37601517
vn 0.92502374 0.05425560 0.37601517
vn 0.91085436 0.12730303 0.39260448
vn 0.91085436 0.12730303 0.39260448
vn 0.91085436 0.12730303 0.39260448
vn 0.47811583 0.81496052 -0.32748223
vn 0.47811583 0.81496052 -0.32748223
vn 0.47811583 0.81496052 -0.32748223
vn 0.01845942 -0.97552212 0.21912519
vn 0.01845942 -0.97552212 0.21912519
vn 0.01845942 -0.97552212 0.21912519
vn 0.68680482 0.67292643 0.27471650
vn 0.68680482 0.67292643 0.27471650
vn 0.68680482 0.67292643 0.27471650
vn 0.38632566 0.90038877 0.20013133
vn 0.38632566 0.90038877 0.20013133
vn 0.38632566 0.90038877 0.20013133
vn 0.12127028 0.81560839 0.56575302
vn 0.12127028 0.81560839 0.56575302
vn 0.12127028 0.81560839 0.56575302
vn 0.81794862 -0.45362339 -0.35381615
vn 0.81794862 -0.45362339 -0.35381615
vn 0.81794862 -0.45362339 -0.35381615
vn 0.16486364 -0.10277118 0.98094753
vn 0.16486364 -0.10277118 0.98094753
vn 0.16486364 -0.10277118 0.98094753
vn -0.01494121 -0.66199998 0.74935492
vn -0.01494121 -0.66199998 0.74935492
vn -0.01494121 -0.66199998 0.74935492
vn 0.95704540 0.06280873 -0.28305329
vn 0.95704540 0.06280873 -0.28305329
vn 0.95704540 0.06280873 -0.28305329
vn 0.41757022 -0.86106617 0.29017265
vn 0.41757022 -0.86106617 0.29017265
vn 0.41757022 -0.86106617 0.29017265
vn 0.07792562 0.86136098 0.50198094
vn 0.07792562 0.86136098 0.50198094
vn 0.07792562 0.86136098 0.50198094
vn 0.46943369 0.86212498 -0.19071585
vn 0.46943369 0.86212498 -0.19071585
vn 0.46943369 0.86212498 -0.19071585
vn 0.36874750 -0.71157824 -0.59806495
vn 0.36874750 -0.71157824 -0.59806495
vn 0.36874750 -0.71157824 -0.59806495
vn -0.00869259 -0.64222183 0.76646954
vn -0.00869259 -0.64222183 0.76646954
vn -0.00869259 -0.64222183 0.76646954
vn 0.53194211 0.22235560 -0.81706522
vn 0.53194211 0.22235560 -0.81706522
vn 0.53194211 0.22235560 -0.81706522
vn 0.11962108 -0.99267131 -0.01716020
vn 0.11962108 -0.99267131 -0.01716020
vn 0.11962108 -0.99267131 -0.01716020
vn 0.02109339 -0.97235360 0.23255868
vn 0.02109339 -0.97235360 0.23255868
vn 0.02109339 -0.97235360 0.23255868
vn 0.76700343 0.05165067 0.63956075
vn 0.76700343 0.05165067 0.63956075
vn 0.76700343 0.05165067 0.63956075
vn 0.76237370 0.07208124 0.64311013
vn 0.76237370 0.07208124 0.64311013
vn 0.76237370 0.07208124 0.64311013
vn 0.43590045 -0.89999348 -0.00159410
vn 0.43590045 -0.89999348 -0.00159410
vn 0.43590045 -0.89999348 -0.00159410
vn -0.01082110 0.31410356 0.94932706
vn -0.01082110 0.31410356 0.94932706
vn -0.01082110 0.31410356 0.94932706
vn 0.14985258 -0.98088672 0.12411866
vn 0.14985258 -0.98088672 0.12411866
vn 0.14985258 -0.98088672 0.12411866
vn 0.93889364 -0.34057282 -0.04988874
vn 0.93889364 -0.34057282 -0.04988874
vn 0.93889364 -0.34057282 -0.04988874
vn -0.04797140 0.73751130 0.67362885
vn -0.04797140 0.73751130 0.67362885
vn -0.04797140 0.73751130 0.67362885
vn 0.33113116 0.89291516 0.30504863
vn 0.33113116 0.89291516 0.30504863
vn 0.33113116 0.89291516 0.30504863
vn 0.27728703 -0.90333651 -0.32725381
vn 0.27728703 -0.90333651 -0.32725381
vn 0.27728703 -0.90333651 -0.32725381
vn 0.52279857 -0.49098113 0.69686382
vn 0.52279857 -0.49098113 0.69686382
vn 0.52279857 -0.49098113 0.69686382
vn 0.99507148 -0.09651570 -0.02274797
vn 0.99507148 -0.09651570 -0.02274797
vn 0.99507148 -0.09651570 -0.02274797
vn 0.54551461 -0.69419921 -0.46957562
vn 0.54551461 -0.69419921 -0.46957562
vn 0.54551461 -0.69419921 -0.46957562
vn 0.61545269 0.76965293 -0.16985979
vn 0.61545269 0.76965293 -0.16985979
vn 0.61545269 0.76965293 -0.16985979
vn 0.99873886 0.01923630 -0.04637509
vn 0.99873886 0.01923630 -0.04637509
vn 0.99873886 0.01923630 -0.04637509
vn 0.31922250 -0.94505452 0.07049080
vn 0.31922250 -0.94505452 0.07049080
vn 0.31922250 -0.94505452 0.07049080
vn -0.07406672 -0.96284886 0.25968478
vn -0.07406672 -0.96284886 0.25968478
vn -0.07406672 -0.96284886 0.25968478
vn 0.54624329 -0.43868986 0.71356113
vn 0.54624329 -0.43868986 0.71356113
vn 0.54624329 -0.43868986 0.71356113
vn 0.58503854 0.29701264 0.75466111
vn 0.58503854 0.29701264 0.75466111
vn 0.58503854 0.29701264 0.75466111
vn 0.61184277 -0.00636683 -0.79095378
vn 0.61184277 -0.00636683 -0.79095378
vn 0.61184277 -0.00636683 -0.79095378
vn -0.23281981 -0.55164375 0.80092703
vn -0.23281981 -0.55164375 0.80092703
vn -0.23281981 -0.55164375 0.80092703
vn 0.57071237 0.82085531 0.02199866
vn 0.57071237 0.82085531 0.02199866
vn 0.57071237 0.82085531 0.02199866
vn 0.68473825 -0.71573510 0.13732005
vn 0.68473825 -0.71573510 0.13732005
vn 0.68473825 -0.71573510 0.13732005
vn 0.41270953 0.72802858 -0.54739860
vn 0.41270953 0.72802858 -0.54739860
vn 0.41270953 0.72802858 -0.54739860
vn 0.37284022 0.84700001 -0.37892103
vn 0.37284022 0.84700001 -0.37892103
vn 0.37284022 0.84700001 -0.37892103
vn -0.21407901 -0.24558485 0.94544078
vn -0.21407901 -0.24558485 0.94544078
vn -0.21407901 -0.24558485 0.94544078
vn 0.44011789 0.72140092 0.53467462
vn 0.44011789 0.72140092 0.53467462
vn 0.44011789 0.72140092 0.53467462
vn -0.27001332 -0.03245997 0.96230928
vn -0.27001332 -0.03245997 0.96230928
vn -0.27001332 -0.03245997 0.96230928
vn -0.18750766 -0.93847580 0.29000697
vn -0.18750766 -0.93847580 0.29000697
vn -0.18750766 -0.93847580 0.29000697
vn -0.08104405 -0.92547678 0.37003324
vn -0.08104405 -0.92547678 0.37003324
vn -0.08104405 -0.92547678 0.37003324
vn 0.65657312 0.75251311 0.05133969
vn 0.65657312 0.75251311 0.05133969
vn 0.65657312 0.75251311 0.05133969
vn 0.05789387 -0.99792885 -0.02804109
vn 0.05789387 -0.99792885 -0.02804109
vn 0.05789387 -0.99792885 -0.02804109
vn -0.15383603 0.90985129 0.38536361
vn -0.15383603 0.90985129 0.38536361
vn -0.15383603 0.90985129 0.38536361
vn -0.20325650 0.52929737 0.82372999
vn -0.20325650 0.52929737 0.82372999
vn -0.20325650 0.52929737 0.82372999
vn 0.27377289 -0.94351823 -0.18660590
vn 0.27377289 -0.94351823 -0.18660590
vn 0.27377289 -0.94351823 -0.18660590
vn -0.48389681 -0.24947851 0.83881127
vn -0.48389681 -0.24947851 0.83881127
vn -0.48389681 -0.24947851 0.83881127
vn 0.97468566 -0.09738865 0.20125435
vn 0.97468566 -0.09738865 0.20125435
vn 0.97468566 -0.09738865 0.20125435
vn 0.95455826 -0.04060026 0.29524590
vn 0.95455826 -0.04060026 0.29524590
vn 0.95455826 -0.04060026 0.29524590
vn 0.89700146 -0.11215244 0.42756311
vn 0.89700146 -0.11215244 0.42756311
vn 0.89700146 -0.11215244 0.42756311
vn 0.79152805 -0.07298438 0.60675912
vn 0.79152805 -0.07298438 0.60675912
vn 0.79152805 -0.07298438 0.60675912
vn 0.71936468 -0.13429877 0.68152645
vn 0.71936468 -0.13429877 0.68152645
vn 0.71936468 -0.13429877 0.68152645
vn 0.53968812 -0.04990853 0.84038436
vn 0.53968812 -0.04990853 0.84038436
vn 0.53968812 -0.04990853 0.84038436
vn 0.64757828 -0.10539701 -0.75467466
vn 0.64757828 -0.10539701 -0.75467466
vn 0.64757828 -0.10539701 -0.75467466
vn 0.68480183 -0.06020935 -0.72623776
vn 0.68480183 -0.06020935 -0.72623776
vn 0.68480183 -0.06020935 -0.72623776
vn 0.42652951 -0.12406270 0.89592467
vn 0.42652951 -0.12406270 0.89592467
vn 0.42652951 -0.12406270 0.89592467
vn 0.23071896 -0.05118932 0.97167300
vn 0.23071896 -0.05118932 0.97167300
vn 0.23071896 -0.05118932 0.97167300
vn 0.91106340 -0.06901682 -0.40644823
vn 0.91106340 -0.06901682 -0.40644823
vn 0.91106340 -0.06901682 -0.40644823
vn 0.87968587 -0.11659790 -0.46103980
vn 0.87968587 -0.11659790 -0.46103980
vn 0.87968587 -0.11659790 -0.46103980
vn 0.08322175 -0.13090436 0.98789584
vn 0.08322175 -0.13090436 0.98789584
vn 0.08322175 -0.13090436 0.98789584
vn -0.14732471 -0.04039851 0.98826281
vn -0.14732471 -0.04039851 0.98826281
vn -0.14732471 -0.04039851 0.98826281
vn 0.99559794 -0.06780385 -0.06470990
vn 0.99559794 -0.06780385 -0.06470990
vn 0.99559794 -0.06780385 -0.06470990
vn 0.98559527 -0.11435976 -0.12459456
vn 0.98559527 -0.11435976 -0.12459456
vn 0.98559527 -0.11435976 -0.12459456
vn -0.25736041 -0.12280590 0.95848022
vn -0.25736041 -0.12280590 0.95848022
vn -0.25736041 -0.12280590 0.95848022
vn 0.34560138 0.86005400 -0.37532226
vn 0.34560138 0.86005400 -0.37532226
vn 0.34560138 0.86005400 -0.37532226
vn 0.97783204 0.20504021 0.04246196
vn 0.97783204 0.20504021 0.04246196
vn 0.97783204 0.20504021 0.04246196
vn 0.24687126 -0.96276727 0.11015334
vn 0.24687126 -0.96276727 0.11015334
vn 0.24687126 -0.96276727 0.11015334
vn -0.27988331 -0.04417812 0.95901701
vn -0.27988331 -0.04417812 0.95901701
vn -0.27988331 -0.04417812 0.95901701
vn 0.86393765 -0.44226959 0.24085129
vn 0.86393765 -0.44226959 0.24085129
vn 0.86393765 -0.44226959 0.24085129
vn -0.06478212 -0.98231186 0.17568918
vn -0.06478212 -0.98231186 0.17568918
vn -0.06478212 -0.98231186 0.17568918
vn 0.62185744 0.29538421 0.72528718
vn 0.62185744 0.29538421 0.72528718
vn 0.62185744 0.29538421 0.72528718
vn 0.14014233 -0.90638374 0.39853312
vn 0.14014233 -0.90638374 0.39853312
vn 0.14014233 -0.90638374 0.39853312
vn 0.07883415 -0.98640459 0.14419140
vn 0.07883415 -0.98640459 0.14419140
vn 0.07883415 -0.98640459 0.14419140
vn 0.44488820 -0.50214507 0.74156916
vn 0.44488820 -0.50214507 0.74156916
vn 0.44488820 -0.50214507 0.74156916
vn 0.40486577 0.91070745 0.08182692
vn 0.40486577 0.91070745 0.08182692
vn 0.40486577 0.91070745 0.08182692
vn 0.70497143 -0.58487183 -0.40117356
vn 0.70497143 -0.58487183 -0.40117356
vn 0.70497143 -0.58487183 -0.40117356
vn -0.33640029 -0.64776136 0.68354961
vn -0.33640029 -0.64776136 0.68354961
vn -0.33640029 -0.64776136 0.68354961
vn 0.27060965 -0.95148521 -0.14644560
vn 0.27060965 -0.95148521 -0.14644560
vn 0.27060965 -0.95148521 -0.14644560
vn -0.36516062 -0.37814590 0.85068408
vn -0.36516062 -0.37814590 0.85068408
vn -0.36516062 -0.37814590 0.85068408
vn -0.09313818 0.90839610 0.40760495
vn -0.09313818 0.90839610 0.40760495
vn -0.09313818 0.90839610 0.40760495
vn 0.29052428 0.83885092 0.46035288
vn 0.29052428 0.83885092 0.46035288
vn 0.29052428 0.83885092 0.46035288
vn 0.81625837 0.06943807 -0.57349859
vn 0.81625837 0.06943807 -0.57349859
vn 0.81625837 0.06943807 -0.57349859
vn 0.37087534 0.55907294 0.74154496
vn 0.37087534 0.55907294 0.74154496
vn 0.37087534 0.55907294 0.74154496
vn -0.46131748 0.38567977 0.79902272
vn -0.46131748 0.38567977 0.79902272
vn -0.46131748 0.38567977 0.79902272
vn 0.78191609 0.40610744 -0.47295240
vn 0.78191609 0.40610744 -0.47295240
vn 0.78191609 0.40610744 -0.47295240
vn 0.25542762 -0.95763213 -0.13303171
vn 0.25542762 -0.95763213 -0.13303171
vn 0.25542762 -0.95763213 -0.13303171
vn 0.25950122 0.94736944 -0.18748404
vn 0.25950122 0.94736944 -0.18748404
vn 0.25950122 0.94736944 -0.18748404
vn 0.92597447 -0.13189700 -0.35380003
vn 0.92597447 -0.13189700 -0.35380003
vn 0.92597447 -0.13189700 -0.35380003
vn 0.32796854 -0.12117352 0.93688506
vn 0.32796854 -0.12117352 0.93688506
vn 0.32796854 -0.12117352 0.93688506
vn 0.34086049 0.78967638 0.51012287
vn 0.34086049 0.78967638 0.51012287
vn 0.34086049 0.78967638 0.51012287
vn 0.68475254 0.69798089 0.20961067
vn 0.68475254 0.69798089 0.20961067
vn 0.68475254 0.69798089 0.20961067
vn 0.55276720 -0.81251340 0.18512267
vn 0.55276720 -0.81251340 0.18512267
vn 0.55276720 -0.81251340 0.18512267
vn 0.20747204 -0.97072413 0.12103728
vn 0.20747204 -0.97072413 0.12103728
vn 0.20747204 -0.97072413 0.12103728
vn 0.29133156 -0.93383886 0.20753532
vn 0.29133156 -0.93383886 0.20753532
vn 0.29133156 -0.93383886 0.20753532
vn 0.87395570 -0.28873818 0.39093694
vn 0.87395570 -0.28873818 0.39093694
vn 0.87395570 -0.28873818 0.39093694
vn 0.85306152 -0.38717108 0.34983509
vn 0.85306152 -0.38717108 0.34983509
vn 0.85306152 -0.38717108 0.34983509
vn 0.16444217 -0.46338827 0.87076408
vn 0.16444217 -0.46338827 0.87076408
vn 0.16444217 -0.46338827 0.87076408
vn 0.66473003 0.69662940 0.26989158
vn 0.66473003 0.69662940 0.26989158
vn 0.66473003 0.69662940 0.26989158
vn 0.51278489 0.82812453 -0.22640986
vn 0.51278489 0.82812453 -0.22640986
vn 0.51278489 0.82812453 -0.22640986
vn 0.91778730 -0.20024843 -0.34288049
vn 0.91778730 -0.20024843 -0.34288049
vn 0.91778730 -0.20024843 -0.34288049
vn 0.93049445 0.27260389 -0.24467776
vn 0.93049445 0.27260389 -0.24467776
vn 0.93049445 0.27260389 -0.24467776
vn 0.57189818 0.79816763 0.18936976
vn 0.57189818 0.79816763 0.18936976
vn 0.57189818 0.79816763 0.18936976
vn -0.02656107 -0.99964719 0.00002955
vn -0.02656107 -0.99964719 0.00002955
vn -0.02656107 -0.99964719 0.00002955
vn 0.07333518 -0.93073192 0.35827369
vn 0.07333518 -0.93073192 0.35827369
vn 0.07333518 -0.93073192 0.35827369
vn 0.43472701 -0.90002407 -0.03113039
vn 0.43472701 -0.90002407 -0.03113039
vn 0.43472701 -0.90002407 -0.03113039
vn 0.10053933 -0.97232947 -0.21087258
vn 0.10053933 -0.97232947 -0.21087258
vn 0.10053933 -0.97232947 -0.21087258
vn 0.26197898 -0.90981480 0.32187581
vn 0.26197898 -0.90981480 0.32187581
vn 0.26197898 -0.90981480 0.32187581
vn 0.77883457 -0.25065112 0.57497020
vn 0.77883457 -0.25065112 0.57497020
vn 0.77883457 -0.25065112 0.57497020
vn 0.20434631 -0.09470138 0.97430705
vn 0.20434631 -0.09470138 0.97430705
vn 0.20434631 -0.09470138 0.97430705
vn 0.42462267 -0.68417832 -0.59295499
vn 0.42462267 -0.68417832 -0.59295499
vn 0.42462267 -0.68417832 -0.59295499
vn 0.08322113 0.67271992 0.73520211
vn 0.08322113 0.67271992 0.73520211
vn 0.08322113 0.67271992 0.73520211
vn -0.03242725 -0.97477481 0.22082241
vn -0.03242725 -0.97477481 0.22082241
vn -0.03242725 -0.97477481 0.22082241
vn 0.50315817 0.11701915 -0.85623500
vn 0.50315817 0.11701915 -0.85623500
vn 0.50315817 0.11701915 -0.85623500
vn 0.26373862 -0.96454621 0.00962070
vn 0.26373862 -0.96454621 0.00962070
vn 0.26373862 -0.96454621 0.00962070
vn 0.07183482 0.95130367 0.29976840
vn 0.07183482 0.95130367 0.29976840
vn 0.07183482 0.95130367 0.29976840
vn 0.75585558 0.65390511 -0.03302204
vn 0.75585558 0.65390511 -0.03302204
vn 0.75585558 0.65390511 -0.03302204
vn 0.64319676 -0.46959582 0.60479558
vn 0.64319676 -0.46959582 0.60479558
vn 0.64319676 -0.46959582 0.60479558
vn 0.98725608 0.12422746 -0.09946340
vn 0.98725608 0.12422746 -0.09946340
vn 0.98725608 0.12422746 -0.09946340
vn -0.01999116 -0.99943507 0.02701646
vn -0.01999116 -0.99943507 0.02701646
vn -0.01999116 -0.99943507 0.02701646
vn 0.52897526 0.70673649 0.46979645
vn 0.52897526 0.70673649 0.46979645
vn 0.52897526 0.70673649 0.46979645
vn 0.31462283 -0.86115868 -0.39927209
vn 0.31462283 -0.86115868 -0.39927209
vn 0.31462283 -0.86115868 -0.39927209
vn 0.65481442 0.53560280 0.53324265
vn 0.65481442 0.53560280 0.53324265
vn 0.65481442 0.53560280 0.53324265
vn -0.04111765 -0.71875063 0.69405106
vn -0.04111765 -0.71875063 0.69405106
vn -0.04111765 -0.71875063 0.69405106
vn 0.17079211 -0.96981634 0.17402964
vn 0.17079211 -0.96981634 0.17402964
vn 0.17079211 -0.96981634 0.17402964
vn 0.95818848 0.15040779 -0.24341803
vn 0.95818848 0.15040779 -0.24341803
vn 0.95818848 0.15040779 -0.24341803
vn -0.11894314 -0.23503362 0.96468219
vn -0.11894314 -0.23503362 0.96468219
vn -0.11894314 -0.23503362 0.96468219
vn 0.72533511 -0.16507724 -0.66831017
vn 0.72533511 -0.16507724 -0.66831017
vn 0.72533511 -0.16507724 -0.66831017
vn -0.03249182 0.47517168 0.87929299
vn -0.03249182 0.47517168 0.87929299
vn -0.03249182 0.47517168 0.87929299
vn 0.61623118 -0.24493024 0.74851073
vn 0.61623118 -0.24493024 0.74851073
vn 0.61623118 -0.24493024 0.74851073
vn 0.51179902 0.69264990 -0.50823013
vn 0.51179902 0.69264990 -0.50823013
vn 0.51179902 0.69264990 -0.50823013
vn 0.99334820 -0.08840699 0.07378047
vn 0.99334820 -0.08840699 0.07378047
vn 0.99334820 -0.08840699 0.07378047
vn 0.69402517 -0.23449206 -0.68069269
vn 0.69402517 -0.23449206 -0.68069269
vn 0.69402517 -0.23449206 -0.68069269
vn 0.27287510 0.96195827 -0.01324644
vn 0.27287510 0.96195827 -0.01324644
vn 0.27287510 0.96195827 -0.01324644
vn -0.09133417 0.78362931 0.61447797
vn -0.09133417 0.78362931 0.61447797
vn -0.09133417 0.78362931 0.61447797
vn 0.66694183 0.06518924 0.74225262
vn 0.66694183 0.06518924 0.74225262
vn 0.66694183 0.06518924 0.74225262
vn 0.21798645 -0.96282053 -0.15955729
vn 0.21798645 -0.96282053 -0.15955729
vn 0.21798645 -0.96282053 -0.15955729
vn 0.14407589 0.98393584 0.10541536
vn 0.14407589 0.98393584 0.10541536
vn 0.14407589 0.98393584 0.10541536
vn 0.30844818 -0.94536325 0.10558432
vn 0.30844818 -0.94536325 0.10558432
vn 0.30844818 -0.94536325 0.10558432
vn -0.05652989 -0.95355753 0.29585876
vn -0.05652989 -0.95355753 0.29585876
vn -0.05652989 -0.95355753 0.29585876
vn 0.98145189 -0.18571062 0.04757884
vn 0.98145189 -0.18571062 0.04757884
vn 0.98145189 -0.18571062 0.04757884
vn 0.61673176 0.36801341 -0.69585060
vn 0.61673176 0.36801341 -0.69585060
vn 0.61673176 0.36801341 -0.69585060
vn 0.69354566 -0.15745925 0.70299431
vn 0.69354566 -0.15745925 0.70299431
vn 0.69354566 -0.15745925 0.70299431
vn 0.68417190 -0.15715426 -0.71218772
vn 0.68417190 -0.15715426 -0.71218772
vn 0.68417190 -0.15715426 -0.71218772
vn 0.06089926 -0.10092683 -0.99302823
vn 0.06089926 -0.10092683 -0.99302823
vn 0.06089926 -0.10092683 -0.99302823
vn 0.98664028 -0.12051745 0.10961979
vn 0.98664028 -0.12051745 0.10961979
vn 0.98664028 -0.12051745 0.10961979
vn 0.94240903 -0.13007258 0.30813365
vn 0.94240903 -0.13007258 0.30813365
vn 0.94240903 -0.13007258 0.30813365
vn 0.92135683 -0.08886181 0.37842460
vn 0.92135683 -0.08886181 0.37842460
vn 0.92135683 -0.08886181 0.37842460
vn 0.35023903 -0.10244311 -0.93104137
vn 0.35023903 -0.10244311 -0.93104137
vn 0.35023903 -0.10244311 -0.93104137
vn 0.49528306 -0.14339653 -0.85681510
vn 0.49528306 -0.14339653 -0.85681510
vn 0.49528306 -0.14339653 -0.85681510
vn -0.83689533 -0.15962375 -0.52357087
vn -0.83689533 -0.15962375 -0.52357087
vn -0.83689533 -0.15962375 -0.52357087
vn 0.57053724 -0.11546132 -0.81311496
vn 0.57053724 -0.11546132 -0.81311496
vn 0.57053724 -0.11546132 -0.81311496
vn -0.81055483 -0.12818932 -0.57146161
vn -0.81055483 -0.12818932 -0.57146161
vn -0.81055483 -0.12818932 -0.57146161
vn 0.73466696 -0.12134217 -0.66748823
vn 0.73466696 -0.12134217 -0.66748823
vn 0.73466696 -0.12134217 -0.66748823
vn -0.69577249 -0.11398310 -0.70916042
vn -0.69577249 -0.11398310 -0.70916042
vn -0.69577249 -0.11398310 -0.70916042
vn -0.60557899 -0.16364836 -0.77877680
vn -0.60557899 -0.16364836 -0.77877680
vn -0.60557899 -0.16364836 -0.77877680
vn 0.86886679 -0.15184569 -0.47118297
vn 0.86886679 -0.15184569 -0.47118297
vn 0.86886679 -0.15184569 -0.47118297
vn -0.52428369 -0.10997616 -0.84441214
vn -0.52428369 -0.10997616 -0.84441214
vn -0.52428369 -0.10997616 -0.84441214
vn 0.90160359 -0.10661038 -0.41921974
vn 0.90160359 -0.10661038 -0.41921974
vn 0.90160359 -0.10661038 -0.41921974
vn -0.34396357 -0.12989800 -0.92995461
vn -0.34396357 -0.12989800 -0.92995461
vn -0.34396357 -0.12989800 -0.92995461
vn -0.31563733 -0.14893858 -0.93711812
vn -0.31563733 -0.14893858 -0.93711812
vn -0.31563733 -0.14893858 -0.93711812
vn 0.97056486 -0.14499752 -0.19230073
vn 0.97056486 -0.14499752 -0.19230073
vn 0.97056486 -0.14499752 -0.19230073
vn 0.98754266 -0.10442303 -0.11770865
vn 0.98754266 -0.10442303 -0.11770865
vn 0.98754266 -0.10442303 -0.11770865
vn 0.98755153 -0.14985303 0.04781254
vn 0.98755153 -0.14985303 0.04781254
vn 0.98755153 -0.14985303 0.04781254
vn 0.25174078 -0.95776720 -0.13895529
vn 0.25174078 -0.95776720 -0.13895529
vn 0.25174078 -0.95776720 -0.13895529
vn 0.43476108 0.82360514 0.36422159
vn 0.43476108 0.82360514 0.36422159
vn 0.43476108 0.82360514 0.36422159
vn 0.48927849 0.87201698 -0.01389016
vn 0.48927849 0.87201698 -0.01389016
vn 0.48927849 0.87201698 -0.01389016
vn 0.72528288 0.32050752 -0.60929441
vn 0.72528288 0.32050752 -0.60929441
vn 0.72528288 0.32050752 -0.60929441
vn -0.04539350 0.73809592 0.67316703
vn -0.04539350 0.73809592 0.67316703
vn -0.04539350 0.73809592 0.67316703
vn 0.17819508 -0.98359038 0.02822205
vn 0.17819508 -0.98359038 0.02822205
vn 0.17819508 -0.98359038 0.02822205
vn 0.64538047 -0.74511508 0.16818910
vn 0.64538047 -0.74511508 0.16818910
vn 0.64538047 -0.74511508 0.16818910
vn 0.56235021 0.82468836 0.06042643
vn 0.56235021 0.82468836 0.06042643
vn 0.56235021 0.82468836 0.06042643
vn 0.79621454 -0.57696185 0.18209182
vn 0.79621454 -0.57696185 0.18209182
vn 0.79621454 -0.57696185 0.18209182
vn 0.48355529 -0.58418733 0.65184312
vn 0.48355529 -0.58418733 0.65184312
vn 0.48355529 -0.58418733 0.65184312
vn 0.67725435 -0.57455875 -0.45957457
vn 0.67725435 -0.57455875 -0.45957457
vn 0.67725435 -0.57455875 -0.45957457
vn -0.15754832 -0.29797514 0.94148252
vn -0.15754832 -0.29797514 0.94148252
vn -0.15754832 -0.29797514 0.94148252
vn 0.00927602 -0.99935131 -0.03479833
vn 0.00927602 -0.99935131 -0.03479833
vn 0.00927602 -0.99935131 -0.03479833
vn 0.49983864 -0.14456474 0.85396860
vn 0.49983864 -0.14456474 0.85396860
vn 0.49983864 -0.14456474 0.85396860
vn 0.19074778 0.96893327 -0.15742807
vn 0.19074778 0.96893327 -0.15742807
vn 0.19074778 0.96893327 -0.15742807
vn -0.17530896 0.65160071 0.73802661
vn -0.17530896 0.65160071 0.73802661
vn -0.17530896 0.65160071 0.73802661
vn 0.96291971 0.01397182 0.26942611
vn 0.96291971 0.01397182 0.26942611
vn 0.96291971 0.01397182 0.26942611
vn -0.06672646 -0.94672575 0.31505227
vn -0.06672646 -0.94672575 0.31505227
vn -0.06672646 -0.94672575 0.31505227
vn 0.91097771 0.37078955 0.18065085
vn 0.91097771 0.37078955 0.18065085
vn 0.91097771 0.37078955 0.18065085
vn 0.86650403 -0.03431255 -0.49798938
vn 0.86650403 -0.03431255 -0.49798938
vn 0.86650403 -0.03431255 -0.49798938
vn 0.47047802 0.87404159 0.12125067
vn 0.47047802 0.87404159 0.12125067
vn 0.47047802 0.87404159 0.12125067
vn -0.23922618 -0.58756596 0.77300522
vn -0.23922618 -0.58756596 0.77300522
vn -0.23922618 -0.58756596 0.77300522
vn 0.52123861 0.40726021 0.74996628
vn 0.52123861 0.40726021 0.74996628
vn 0.52123861 0.40726021 0.74996628
vn 0.65586370 0.61517629 -0.43749393
vn 0.65586370 0.61517629 -0.43749393
vn 0.65586370 0.61517629 -0.43749393
vn 0.09526554 -0.97471037 0.20214887
vn 0.09526554 -0.97471037 0.20214887
vn 0.09526554 -0.97471037 0.20214887
vn 0.24535700 0.86272307 0.44216383
vn 0.24535700 0.86272307 0.44216383
vn 0.24535700 0.86272307 0.44216383
vn 0.19039704 -0.98101073 -0.03697195
vn 0.19039704 -0.98101073 -0.03697195
vn 0.19039704 -0.98101073 -0.03697195
vn 0.39540103 0.90058289 -0.18057819
vn 0.39553666 0.90050614 -0.18066389
vn 0.39670243 0.89984499 -0.18140063
vn 0.85151557 -0.45534848 -0.25995962
vn 0.85151557 -0.45534848 -0.25995962
vn 0.85151557 -0.45534848 -0.25995962
vn 0.16683265 0.94962451 0.26529261
vn 0.16683265 0.94962451 0.26529261
vn 0.16683265 0.94962451 0.26529261
vn -0.22707065 -0.71502548 0.66119398
vn -0.22707065 -0.71502548 0.66119398
vn -0.22707065 -0.71502548 0.66119398
vn 0.92886533 -0.08101644 -0.36144923
vn 0.92886533 -0.08101644 -0.36144923
vn 0.92886533 -0.08101644 -0.36144923
vn -0.37080661 0.35148654 0.85962764
vn -0.37263157 0.34679656 0.86074262
vn -0.37293776 0.34600625 0.86092805
vn 0.89062142 -0.06438789 0.45016407
vn 0.89062142 -0.06438789 0.45016407
vn 0.89062142 -0.06438789 0.45016407
vn 0.54028800 0.81022218 0.22721994
vn 0.54028800 0.81022218 0.22721994
vn 0.54028800 0.81022218 0.22721994
vn -0.37039050 0.35255109 0.85937106
vn 0.25198047 0.57711173 0.77681909
vn 0.25198047 0.57711173 0.77681909
vn 0.25198047 0.57711173 0.77681909
vn 0.08225963 -0.98643552 -0.14205038
vn 0.08225963 -0.98643552 -0.14205038
vn 0.08225963 -0.98643552 -0.14205038
vn 0.23107359 -0.49432336 0.83800323
vn 0.23107359 -0.49432336 0.83800323
vn 0.23107359 -0.49432336 0.83800323
vn 0.68093200 -0.68987663 -0.24576787
vn 0.68093200 -0.68987663 -0.24576787
vn 0.68093200 -0.68987663 -0.24576787
vn -0.11853054 0.95221474 0.28149173
vn -0.11853054 0.95221474 0.28149173
vn -0.11853054 0.95221474 0.28149173
vn 0.14642063 -0.96558050 -0.21497745
vn 0.14642063 -0.96558050 -0.21497745
vn 0.14642063 -0.96558050 -0.21497745
vn -0.27611538 -0.46550606 0.84087122
vn -0.27611538 -0.46550606 0.84087122
vn -0.27611538 -0.46550606 0.84087122
vn -0.08244298 0.97120818 0.22351246
vn -0.08244298 0.97120818 0.22351246
vn -0.08244298 0.97120818 0.22351246
vn 0.89020641 0.36351210 -0.27457514
vn 0.89020641 0.36351210 -0.27457514
vn 0.89020641 0.36351210 -0.27457514
vn 0.37633456 0.02813400 0.92605657
vn 0.37633456 0.02813400 0.92605657
vn 0.37633456 0.02813400 0.92605657
vn 0.47916263 -0.39298658 -0.78483420
vn 0.47916263 -0.39298658 -0.78483420
vn 0.47916263 -0.39298658 -0.78483420
vn 0.56225498 0.79437176 0.22987573
vn 0.56225498 0.79437176 0.22987573
vn 0.56225498 0.79437176 0.22987573
vn 0.39677063 0.89980622 -0.18144374
vn 0.65112108 -0.61286269 0.44770600
vn 0.65112108 -0.61286269 0.44770600
vn 0.65112108 -0.61286269 0.44770600
vn 0.42261818 -0.90620495 -0.01365496
vn 0.42261818 -0.90620495 -0.01365496
vn 0.42261818 -0.90620495 -0.01365496
vn 0.24783474 0.90309872 -0.35070021
vn 0.24783474 0.90309872 -0.35070021
vn 0.24783474 0.90309872 -0.35070021
vn 0.15543010 -0.98715653 0.03692509
vn 0.15543010 -0.98715653 0.03692509
vn 0.15543010 -0.98715653 0.03692509
vn 0.10372232 -0.97120116 0.21449937
vn 0.10372232 -0.97120116 0.21449937
vn 0.10372232 -0.97120116 0.21449937
vn 0.87972936 0.02509999 0.47481180
vn 0.87972936 0.02509999 0.47481180
vn 0.87972936 0.02509999 0.47481180
vn 0.08907239 0.93476081 0.34393073
vn 0.08907239 0.93476081 0.34393073
vn 0.08907239 0.93476081 0.34393073
vn 0.13552954 -0.98358617 -0.11912174
vn 0.13552954 -0.98358617 -0.11912174
vn 0.13552954 -0.98358617 -0.11912174
vn 0.16638531 0.29697308 0.94027811
vn 0.16638531 0.29697308 0.94027811
vn 0.16638531 0.29697308 0.94027811
vn 0.53831029 -0.65070480 -0.53554206
vn 0.53831029 -0.65070480 -0.53554206
vn 0.53831029 -0.65070480 -0.53554206
vn 0.11881934 -0.29995726 0.94652396
vn 0.11881934 -0.29995726 0.94652396
vn 0.11881934 -0.29995726 0.94652396
vn 0.48545688 0.75046658 0.44847690
vn 0.48545688 0.75046658 0.44847690
vn 0.48545688 0.75046658 0.44847690
vn 0.06794105 0.95366376 0.29310313
vn 0.06794105 0.95366376 0.29310313
vn 0.06794105 0.95366376 0.29310313
vn 0.64737898 -0.00269703 -0.76216349
vn 0.64737898 -0.00269703 -0.76216349
vn 0.64737898 -0.00269703 -0.76216349
vn 0.28114959 -0.93330626 0.22337040
vn 0.28114959 -0.93330626 0.22337040
vn 0.28114959 -0.93330626 0.22337040
vn 0.99351189 0.06274415 -0.09485403
vn 0.99351189 0.06274415 -0.09485403
vn 0.99351189 0.06274415 -0.09485403
vn 0.09711274 0.59815867 0.79547176
vn 0.09711274 0.59815867 0.79547176
vn 0.09711274 0.59815867 0.79547176
vn 0.05574531 -0.99726283 0.04857272
vn 0.05574531 -0.99726283 0.04857272
vn 0.05574531 -0.99726283 0.04857272
vn 0.52836345 0.64556521 -0.55143234
vn 0.52836345 0.64556521 -0.55143234
vn 0.52836345 0.64556521 -0.55143234
vn 0.24871266 0.94150152 -0.22741349
vn 0.24871266 0.94150152 -0.22741349
vn 0.24871266 0.94150152 -0.22741349
vn -0.00421638 0.02133018 0.99976359
vn -0.00421638 0.02133018 0.99976359
vn -0.00421638 0.02133018 0.99976359
vn 0.03746677 -0.92648953 0.37445079
vn 0.03746677 -0.92648953 0.37445079
vn 0.03746677 -0.92648953 0.37445079
vn 0.70135988 0.00136674 0.71280604
vn 0.70135988 0.00136674 0.71280604
vn 0.70135988 0.00136674 0.71280604
vn 0.75521589 -0.16890910 0.63333931
vn 0.75521589 -0.16890910 0.63333931
vn 0.75521589 -0.16890910 0.63333931
vn 0.64508518 -0.13398532 0.75227192
vn 0.64508518 -0.13398532 0.75227192
vn 0.64508518 -0.13398532 0.75227192
vn 0.98716328 -0.15849357 -0.01970904
vn 0.98716328 -0.15849357 -0.01970904
vn 0.98716328 -0.15849357 -0.01970904
vn 0.13456357 -0.98387713 -0.11780680
vn 0.13456357 -0.98387713 -0.11780680
vn 0.13456357 -0.98387713 -0.11780680
vn 0.59744959 0.79876701 -0.07088900
vn 0.59744959 0.79876701 -0.07088900
vn 0.59744959 0.79876701 -0.07088900
vn 0.05882806 -0.91029018 0.40976950
vn 0.05882806 -0.91029018 0.40976950
vn 0.05882806 -0.91029018 0.40976950
vn 0.09890441 -0.98555502 0.13747443
vn 0.09890441 -0.98555502 0.13747443
vn 0.09890441 -0.98555502 0.13747443
vn 0.74591890 -0.33442124 -0.57599256
vn 0.74591890 -0.33442124 -0.57599256
vn 0.74591890 -0.33442124 -0.57599256
vn -0.04641868 -0.99876209 -0.01787692
vn -0.04641868 -0.99876209 -0.01787692
vn -0.04641868 -0.99876209 -0.01787692
vn 0.87102685 -0.03684309 0.48985183
vn 0.87102685 -0.03684309 0.48985183
vn 0.87102685 -0.03684309 0.48985183
vn 0.78210458 -0.11707534 0.61205048
vn 0.78210458 -0.11707534 0.61205048
vn 0.78210458 -0.11707534 0.61205048
vn 0.72064329 -0.04887487 0.69158116
vn 0.72064329 -0.04887487 0.69158116
vn 0.72064329 -0.04887487 0.69158116
vn 0.70928253 -0.06055599 0.70231850
vn 0.70928253 -0.06055599 0.70231850
vn 0.70928253 -0.06055599 0.70231850
vn 0.60485063 -0.07525037 0.79277556
vn 0.60485063 -0.07525037 0.79277556
vn 0.60485063 -0.07525037 0.79277556
vn 0.53328402 -0.05890966 0.84388258
vn 0.53328402 -0.05890966 0.84388258
vn 0.53328402 -0.05890966 0.84388258
vn 0.84038817 -0.05961319 0.53869657
vn 0.84038817 -0.05961319 0.53869657
vn 0.84038817 -0.05961319 0.53869657
vn 0.84376779 -0.05635879 0.53374114
vn 0.84376779 -0.05635879 0.53374114
vn 0.84376779 -0.05635879 0.53374114
vn 0.90631353 -0.01277240 0.42241289
vn 0.90631353 -0.01277240 0.42241289
vn 0.90631353 -0.01277240 0.42241289
vn 0.91224408 -0.05148638 0.40639868
vn 0.91224408 -0.05148638 0.40639868
vn 0.91224408 -0.05148638 0.40639868
vn 0.90210857 -0.06560095 0.42649343
vn 0.90210857 -0.06560095 0.42649343
vn 0.90210857 -0.06560095 0.42649343
vn 0.51733005 -0.09092472 -0.85094201
vn 0.51733005 -0.09092472 -0.85094201
vn 0.51733005 -0.09092472 -0.85094201
vn 0.39801077 -0.08912129 0.91304152
vn 0.39801077 -0.08912129 0.91304152
vn 0.39801077 -0.08912129 0.91304152
vn 0.32634000 -0.06596512 0.94294793
vn 0.32634000 -0.06596512 0.94294793
vn 0.32634000 -0.06596512 0.94294793
vn 0.57031089 -0.06772081 -0.81863263
vn 0.57031089 -0.06772081 -0.81863263
vn 0.57031089 -0.06772081 -0.81863263
vn 0.67008888 -0.05885154 -0.73994418
vn 0.67008888 -0.05885154 -0.73994418
vn 0.67008888 -0.05885154 -0.73994418
vn 0.24059295 -0.06435339 0.96849041
vn 0.24059295 -0.06435339 0.96849041
vn 0.24059295 -0.06435339 0.96849041
vn 0.73618899 -0.07379043 -0.67274122
vn 0.73618899 -0.07379043 -0.67274122
vn 0.73618899 -0.07379043 -0.67274122
vn 0.12556165 -0.09547285 0.98748124
vn 0.12556165 -0.09547285 0.98748124
vn 0.12556165 -0.09547285 0.98748124
vn 0.78215246 -0.06034825 -0.62015774
vn 0.78215246 -0.06034825 -0.62015774
vn 0.78215246 -0.06034825 -0.62015774
vn 0.04195529 -0.07632506 0.99619990
vn 0.04195529 -0.07632506 0.99619990
vn 0.04195529 -0.07632506 0.99619990
vn 0.87101394 -0.07538089 -0.48544045
vn 0.87101394 -0.07538089 -0.48544045
vn 0.87101394 -0.07538089 -0.48544045
vn -0.09047263 -0.08628598 0.99215394
vn -0.09047263 -0.08628598 0.99215394
vn -0.09047263 -0.08628598 0.99215394
vn -0.12710533 -0.07238906 0.98924419
vn -0.12710533 -0.07238906 0.98924419
vn -0.12710533 -0.07238906 0.98924419
vn 0.90304261 -0.05727149 -0.42571589
vn 0.90304261 -0.05727149 -0.42571589
vn 0.90304261 -0.05727149 -0.42571589
vn 0.94457594 -0.06611029 -0.32156759
vn 0.94457594 -0.06611029 -0.32156759
vn 0.94457594 -0.06611029 -0.32156759
vn -0.25186628 -0.05816966 0.96601225
vn -0.25186628 -0.05816966 0.96601225
vn -0.25186628 -0.05816966 0.96601225
vn 0.97057495 -0.11139654 -0.21348321
vn 0.97057495 -0.11139654 -0.21348321
vn 0.97057495 -0.11139654 -0.21348321
vn 0.98000646 -0.02423969 -0.19748362
vn 0.98000646 -0.02423969 -0.19748362
vn 0.98000646 -0.02423969 -0.19748362
vn -0.35087777 -0.07330049 0.93354798
vn -0.35087777 -0.07330049 0.93354798
vn -0.35087777 -0.07330049 0.93354798
vn 0.99027137 -0.06677667 -0.12207984
vn 0.99027137 -0.06677667 -0.12207984
vn 0.99027137 -0.06677667 -0.12207984
vn -0.42689723 -0.05882250 0.90238499
vn -0.42689723 -0.05882250 0.90238499
vn -0.42689723 -0.05882250 0.90238499
vn 0.99705083 -0.06726038 0.03695518
vn 0.99705083 -0.06726038 0.03695518
vn 0.99705083 -0.06726038 0.03695518
vn 0.99616740 -0.06076973 0.06290908
vn 0.99616740 -0.06076973 0.06290908
vn 0.99616740 -0.06076973 0.06290908
vn 0.97243727 -0.07105469 0.22207429
vn 0.97243727 -0.07105469 0.22207429
vn 0.97243727 -0.07105469 0.22207429
vn 0.95351793 -0.11021411 0.28045751
vn 0.95351793 -0.11021411 0.28045751
vn 0.95351793 -0.11021411 0.28045751
vn 0.96641440 -0.05295134 0.25147438
vn 0.96641440 -0.05295134 0.25147438
vn 0.96641440 -0.05295134 0.25147438
vn 0.89676591 -0.00294671 -0.44249545
vn 0.89676591 -0.00294671 -0.44249545
vn 0.89676591 -0.00294671 -0.44249545
vn -0.41800570 -0.00313728 0.90843899
vn -0.41905084 -0.00264561 0.90795892
vn -0.41514641 -0.00302195 0.90974960
vn 0.80067888 -0.00028705 -0.59909369
vn 0.80067888 -0.00028705 -0.59909369
vn 0.80067888 -0.00028705 -0.59909369
vn -0.51621132 0.03156861 0.85587926
vn -0.51621132 0.03156861 0.85587926
vn -0.51621132 0.03156861 0.85587926
vn 0.69644768 0.00280832 -0.71760208
vn 0.69644768 0.00280832 -0.71760208
vn 0.69644768 0.00280832 -0.71760208
vn -0.41517308 -0.00304831 0.90973734
vn -0.41782831 -0.00331027 0.90851997
vn 0.62729339 0.00325739 -0.77877621
vn 0.62729339 0.00325739 -0.77877621
vn 0.62729339 0.00325739 -0.77877621
vn 0.75158220 0.00732742 -0.65959874
vn 0.75158220 0.00732742 -0.65959874
vn 0.75158220 0.00732742 -0.65959874
vn -0.24189968 0.00051929 0.97030113
vn -0.24189968 0.00051929 0.97030113
vn -0.24189968 0.00051929 0.97030113
vn -0.09125462 -0.00370914 0.99582069
vn -0.09125462 -0.00370914 0.99582069
vn -0.09125462 -0.00370914 0.99582069
vn -0.14274405 0.04514286 0.98872962
vn -0.14274405 0.04514286 0.98872962
vn -0.14274405 0.04514286 0.98872962
vn 0.05015731 -0.00363192 0.99873473
vn 0.05015731 -0.00363192 0.99873473
vn 0.05015731 -0.00363192 0.99873473
vn 0.66170628 -0.00313464 -0.74975661
vn 0.66170628 -0.00313464 -0.74975661
vn 0.66170628 -0.00313464 -0.74975661
vn 0.11971447 -0.00096231 0.99280790
vn 0.11971447 -0.00096231 0.99280790
vn 0.11971447 -0.00096231 0.99280790
vn 0.18236264 -0.00577848 0.98321436
vn 0.18236264 -0.00577848 0.98321436
vn 0.18236264 -0.00577848 0.98321436
vn 0.63693351 -0.00120738 -0.77091780
vn 0.63693351 -0.00120738 -0.77091780
vn 0.63693351 -0.00120738 -0.77091780
vn 0.66584227 0.01288008 -0.74598135
vn 0.66584227 0.01288008 -0.74598135
vn 0.66584227 0.01288008 -0.74598135
vn 0.65924957 0.00582800 -0.75190162
vn 0.65924957 0.00582800 -0.75190162
vn 0.65924957 0.00582800 -0.75190162
vn 0.64894264 0.00044641 -0.76083720
vn 0.64894264 0.00044641 -0.76083720
vn 0.64894264 0.00044641 -0.76083720
vn 0.51881120 -0.00439719 -0.85487754
vn 0.51881120 -0.00439719 -0.85487754
vn 0.51881120 -0.00439719 -0.85487754
vn -0.31512281 -0.08539318 0.94520136
vn -0.31512281 -0.08539318 0.94520136
vn -0.31512281 -0.08539318 0.94520136
vn -0.08879572 -0.01203956 0.99597709
vn -0.08879572 -0.01203956 0.99597709
vn -0.08879572 -0.01203956 0.99597709
vn 0.15248987 -0.02691255 0.98793854
vn 0.15248987 -0.02691255 0.98793854
vn 0.15248987 -0.02691255 0.98793854
vn 0.09333602 -0.00028516 0.99563462
vn 0.09333602 -0.00028516 0.99563462
vn 0.09333602 -0.00028516 0.99563462
vn -0.20664876 0.00419028 0.97840622
vn -0.20664876 0.00419028 0.97840622
vn -0.20664876 0.00419028 0.97840622
vn 0.99070960 -0.05174953 -0.12576355
vn 0.99070960 -0.05174953 -0.12576355
vn 0.99070960 -0.05174953 -0.12576355
vn 0.93031507 -0.06409506 -0.36111728
vn 0.93031507 -0.06409506 -0.36111728
vn 0.93031507 -0.06409506 -0.36111728
vn 0.91458178 -0.04247176 -0.40216455
vn 0.91458178 -0.04247176 -0.40216455
vn 0.91458178 -0.04247176 -0.40216455
vn 0.87802008 0.06517360 -0.47416573
vn 0.87802008 0.06517360 -0.47416573
vn 0.87802008 0.06517360 -0.47416573
vn 0.78085338 -0.05766489 -0.62204724
vn 0.78085338 -0.05766489 -0.62204724
vn 0.78085338 -0.05766489 -0.62204724
vn 0.80517229 -0.00116319 -0.59303982
vn 0.80517229 -0.00116319 -0.59303982
vn 0.80517229 -0.00116319 -0.59303982
vn 0.91125323 0.00034731 -0.41184636
vn 0.91125323 0.00034731 -0.41184636
vn 0.91125323 0.00034731 -0.41184636
vn 0.97458770 -0.00539874 -0.22394122
vn 0.97458770 -0.00539874 -0.22394122
vn 0.97458770 -0.00539874 -0.22394122
vn 0.29327377 0.00025441 0.95602847
vn 0.29308393 0.00015649 0.95608671
vn 0.29308393 0.00015649 0.95608671
vn 0.24117562 0.06617729 0.96822254
vn 0.24117562 0.06617729 0.96822254
vn 0.24117562 0.06617729 0.96822254
vn 0.38410167 -0.00287625 0.92328632
vn 0.38410167 -0.00287625 0.92328632
vn 0.38410167 -0.00287625 0.92328632
vn 0.31966950 -0.01416704 0.94742319
vn 0.31966950 -0.01416704 0.94742319
vn 0.31966950 -0.01416704 0.94742319
vn 0.34408957 -0.00665217 0.93891326
vn 0.34408957 -0.00665217 0.93891326
vn 0.34408957 -0.00665217 0.93891326
vn 0.29482708 0.00105591 0.95555004
vn 0.29482708 0.00105591 0.95555004
vn 0.50836998 -0.01060261 0.86107349
vn 0.50836998 -0.01060261 0.86107349
vn 0.50836998 -0.01060261 0.86107349
vn 0.74254381 -0.00334420 0.66978915
vn 0.74254381 -0.00334420 0.66978915
vn 0.74254381 -0.00334420 0.66978915
vn 0.68595682 0.00752075 0.72760338
vn 0.68595682 0.00752075 0.72760338
vn 0.68595682 0.00752075 0.72760338
vn 0.81534582 -0.00571275 0.57894608
vn 0.81534582 -0.00571275 0.57894608
vn 0.81534582 -0.00571275 0.57894608
vn 0.93346021 0.00373057 0.35866156
vn 0.93346021 0.00373057 0.35866156
vn 0.93346021 0.00373057 0.35866156
vn 0.92838254 0.00252209 0.37161740
vn 0.92838254 0.00252209 0.37161740
vn 0.92838254 0.00252209 0.37161740
vn 0.95801188 -0.00481819 0.28668802
vn 0.95801188 -0.00481819 0.28668802
vn 0.95801188 -0.00481819 0.28668802
vn 0.99910517 -0.00071503 0.04228884
vn 0.99910517 -0.00071503 0.04228884
vn 0.99910517 -0.00071503 0.04228884
vn 0.99726781 -0.00506273 0.07369724
vn 0.99726781 -0.00506273 0.07369724
vn 0.99726781 -0.00506273 0.07369724
vn 0.99999160 0.00164910 0.00375343
vn 0.99999160 0.00164910 0.00375343
vn 0.99999160 0.00164910 0.00375343
vn 0.99970779 -0.00101451 0.02415169
vn 0.99970779 -0.00101451 0.02415169
vn 0.99970779 -0.00101451 0.02415169
vn 0.99406796 0.00230416 -0.10873632
vn 0.99406796 0.00230416 -0.10873632
vn 0.99406796 0.00230416 -0.10873632
vn 0.99836009 0.03724916 -0.04346991
vn 0.99836009 0.03724916 -0.04346991
vn 0.99836009 0.03724916 -0.04346991
vn 0.98826871 -0.06355230 -0.13887430
vn 0.98826871 -0.06355230 -0.13887430
vn 0.98826871 -0.06355230 -0.13887430
vn 0.99981253 0.00436605 -0.01886359
vn 0.99981253 0.00436605 -0.01886359
vn 0.99981253 0.00436605 -0.01886359
vn 0.98007506 -0.00185879 -0.19861877
vn 0.98007506 -0.00185879 -0.19861877
vn 0.98007506 -0.00185879 -0.19861877
vn -0.08724108 -0.37045430 -0.92474461
vn -0.08724108 -0.37045430 -0.92474461
vn -0.08724108 -0.37045430 -0.92474461
vn -0.99697606 0.00164699 0.07769181
vn -0.99697606 0.00164699 0.07769181
vn -0.99697606 0.00164699 0.07769181
vn -0.99193923 -0.00539764 -0.12659945
vn -0.99193923 -0.00539764 -0.12659945
vn -0.99193923 -0.00539764 -0.12659945
vn -0.66578660 0.68333720 -0.29963058
vn -0.66578660 0.68333720 -0.29963058
vn -0.66578660 0.68333720 -0.29963058
vn -0.63389577 0.72808781 -0.26089133
vn -0.63389577 0.72808781 -0.26089133
vn -0.63389577 0.72808781 -0.26089133
vn -0.04332886 0.63883086 -0.76812612
vn -0.04332886 0.63883086 -0.76812612
vn -0.04332886 0.63883086 -0.76812612
vn -0.38894533 0.01591619 -0.92112334
vn -0.38894533 0.01591619 -0.92112334
vn -0.38894533 0.01591619 -0.92112334
vn -0.99521153 0.01458226 -0.09665078
vn -0.99521153 0.01458226 -0.09665078
vn -0.99521153 0.01458226 -0.09665078
vn -0.42937508 0.81994021 -0.37859621
vn -0.42937508 0.81994021 -0.37859621
vn -0.42937508 0.81994021 -0.37859621
vn -0.42707448 0.00341519 -0.90421000
vn -0.42707448 0.00341519 -0.90421000
vn -0.42707448 0.00341519 -0.90421000
vn -0.33161212 -0.00068078 -0.94341557
vn -0.33161212 -0.00068078 -0.94341557
vn -0.33161212 -0.00068078 -0.94341557
vn 0.00289904 -0.73635361 -0.67659068
vn 0.00289904 -0.73635361 -0.67659068
vn 0.00289904 -0.73635361 -0.67659068
vn -0.42155644 -0.50062102 -0.75608780
vn -0.42155644 -0.50062102 -0.75608780
vn -0.42155644 -0.50062102 -0.75608780
vn -0.42894769 -0.74793005 -0.50656148
vn -0.42894769 -0.74793005 -0.50656148
vn -0.42894769 -0.74793005 -0.50656148
vn -0.42712534 -0.75127574 -0.50313886
vn -0.42712534 -0.75127574 -0.50313886
vn -0.42712534 -0.75127574 -0.50313886
vn -0.57198495 -0.66478178 -0.48051888
vn -0.57198495 -0.66478178 -0.48051888
vn -0.57198495 -0.66478178 -0.48051888
vn -0.82571274 -0.44412266 -0.34778375
vn -0.82571274 -0.44412266 -0.34778375
vn -0.82571274 -0.44412266 -0.34778375
vn -0.77892776 -0.61375056 -0.12877037
vn -0.77892776 -0.61375056 -0.12877037
vn -0.77892776 -0.61375056 -0.12877037
vn 0.68625163 0.63916642 0.34716709
vn 0.68625163 0.63916642 0.34716709
vn 0.68625163 0.63916642 0.34716709
vn 0.99207011 0.01598490 0.12466505
vn 0.99207011 0.01598490 0.12466505
vn 0.99207011 0.01598490 0.12466505
vn 0.34339266 0.93475476 -0.09118679
vn 0.34339266 0.93475476 -0.09118679
vn 0.34339266 0.93475476 -0.09118679
vn 0.99635333 0.00326841 0.08526048
vn 0.99635333 0.00326841 0.08526048
vn 0.99635333 0.00326841 0.08526048
vn 0.99796045 0.00412051 0.06370218
vn 0.99796045 0.00412051 0.06370218
vn 0.99796045 0.00412051 0.06370218
vn 0.83523989 -0.54766700 0.04934745
vn 0.83523989 -0.54766700 0.04934745
vn 0.83523989 -0.54766700 0.04934745
vn 0.85471671 -0.51896758 0.01148844
vn 0.85471671 -0.51896758 0.01148844
vn 0.85471671 -0.51896758 0.01148844
vn 0.58394476 -0.69036621 -0.42708665
vn 0.58394476 -0.69036621 -0.42708665
vn 0.58394476 -0.69036621 -0.42708665
vn 0.54723349 -0.73359912 -0.40294893
vn 0.54723349 -0.73359912 -0.40294893
vn 0.54723349 -0.73359912 -0.40294893
vn 0.71183586 -0.68850404 -0.13875123
vn 0.71183586 -0.68850404 -0.13875123
vn 0.71183586 -0.68850404 -0.13875123
vn 0.62899673 -0.75535228 -0.18386420
vn 0.62899673 -0.75535228 -0.18386420
vn 0.62899673 -0.75535228 -0.18386420
vn 0.72281317 -0.58483798 -0.36811093
vn 0.72281317 -0.58483798 -0.36811093
vn 0.72281317 -0.58483798 -0.36811093
vn 0.46451042 -0.77426101 -0.42982551
vn 0.46451042 -0.77426101 -0.42982551
vn 0.46451042 -0.77426101 -0.42982551
vn 0.44149862 -0.00974943 -0.89720896
vn 0.44149862 -0.00974943 -0.89720896
vn 0.44149862 -0.00974943 -0.89720896
vn 0.55751878 -0.00426818 -0.83015336
vn 0.55751878 -0.00426818 -0.83015336
vn 0.55751878 -0.00426818 -0.83015336
vn 0.50599037 0.75605474 -0.41515656
vn 0.50599037 0.75605474 -0.41515656
vn 0.50599037 0.75605474 -0.41515656
vn 0.58919958 0.68297404 -0.43172945
vn 0.58919958 0.68297404 -0.43172945
vn 0.58919958 0.68297404 -0.43172945
vn -0.55404146 0.80598138 0.20840363
vn -0.55404146 0.80598138 0.20840363
vn -0.55404146 0.80598138 0.20840363
vn -0.60579495 0.01468868 0.79548521
vn -0.60579495 0.01468868 0.79548521
vn -0.60579495 0.01468868 0.79548521
vn 0.92991322 0.04500063 0.36501553
vn 0.92991322 0.04500063 0.36501553
vn 0.92991322 0.04500063 0.36501553
vn 0.49640138 0.24727090 0.83213147
vn 0.49640138 0.24727090 0.83213147
vn 0.49640138 0.24727090 0.83213147
vn -0.21688591 0.90686024 0.36133780
vn -0.21688591 0.90686024 0.36133780
vn -0.21688591 0.90686024 0.36133780
vn -0.71101800 0.00026835 0.70317376
vn -0.71101800 0.00026835 0.70317376
vn -0.71101800 0.00026835 0.70317376
vn -0.53464123 0.00957178 0.84502493
vn -0.53464123 0.00957178 0.84502493
vn -0.53464123 0.00957178 0.84502493
vn -0.45695263 -0.53813681 0.70823941
vn -0.45695263 -0.53813681 0.70823941
vn -0.45695263 -0.53813681 0.70823941
vn -0.44958414 -0.52731886 0.72097776
vn -0.44958414 -0.52731886 0.72097776
vn -0.44958414 -0.52731886 0.72097776
vn 0.07769716 -0.68741330 0.72209840
vn 0.07769716 -0.68741330 0.72209840
vn 0.07769716 -0.68741330 0.72209840
vn 0.07149564 -0.77691518 0.62553271
vn 0.07149564 -0.77691518 0.62553271
vn 0.07149564 -0.77691518 0.62553271
vn -0.22689819 -0.81834484 0.52804255
vn -0.22689819 -0.81834484 0.52804255
vn -0.22689819 -0.81834484 0.52804255
vn -0.30434164 -0.27084349 0.91324694
vn -0.30434164 -0.27084349 0.91324694
vn -0.30434164 -0.27084349 0.91324694
vn -0.07509365 -0.83111244 0.55101094
vn -0.07509365 -0.83111244 0.55101094
vn -0.07509365 -0.83111244 0.55101094
vn -0.06194702 -0.56458863 0.82304450
vn -0.06194702 -0.56458863 0.82304450
vn -0.06194702 -0.56458863 0.82304450
vn 0.20373523 -0.67891658 0.70538233
vn 0.20373523 -0.67891658 0.70538233
vn 0.20373523 -0.67891658 0.70538233
vn 0.23358712 -0.68418108 0.69089312
vn 0.23358712 -0.68418108 0.69089312
vn 0.23358712 -0.68418108 0.69089312
vn 0.37012112 -0.00001181 0.92898351
vn 0.37012112 -0.00001181 0.92898351
vn 0.37012112 -0.00001181 0.92898351
vn 0.23255490 -0.00561575 0.97256706
vn 0.23255490 -0.00561575 0.97256706
vn 0.23255490 -0.00561575 0.97256706
vn -0.25418447 0.60849626 0.75174633
vn -0.25418447 0.60849626 0.75174633
vn -0.25418447 0.60849626 0.75174633
vn 0.19663803 0.61998023 0.75957751
vn 0.19663803 0.61998023 0.75957751
vn 0.19663803 0.61998023 0.75957751
vn 0.00413314 0.99776519 -0.06668991
vn 0.00413314 0.99776519 -0.06668991
vn 0.00413314 0.99776519 -0.06668991
vn 0.46727389 0.88225633 0.05726158
vn 0.46727389 0.88225633 0.05726158
vn 0.46727389 0.88225633 0.05726158
vn -0.02558421 0.99965395 -0.00611860
vn -0.02558421 0.99965395 -0.00611860
vn -0.02558421 0.99965395 -0.00611860
vn -0.01311975 0.99855728 -0.05206940
vn -0.01309990 0.99853522 -0.05249578
vn -0.01318109 0.99862431 -0.05075174
vn -0.00451443 0.99795676 0.06373320
vn -0.00451443 0.99795676 0.06373320
vn -0.00451443 0.99795676 0.06373320
vn 0.02412556 0.99900155 0.03760132
vn 0.02412556 0.99900155 0.03760132
vn 0.02412556 0.99900155 0.03760132
vn -0.01324092 0.99868804 -0.04946589
vn 0.02852567 0.99878376 0.04021547
vn 0.02852567 0.99878376 0.04021547
vn 0.02852567 0.99878376 0.04021547
vn 0.02013298 0.99817727 0.05689291
vn 0.02013298 0.99817727 0.05689291
vn 0.02013298 0.99817727 0.05689291
vn -0.02657995 0.99942338 -0.02112862
vn -0.02657995 0.99942338 -0.02112862
vn -0.02657995 0.99942338 -0.02112862
vn 0.01447150 0.99863509 0.05018489
vn 0.01447150 0.99863509 0.05018489
vn 0.01447150 0.99863509 0.05018489
vn 0.00660694 0.99887053 -0.04705340
vn 0.00593900 0.99892265 -0.04602458
vn 0.00564852 0.99894485 -0.04557714
vn -0.00460305 0.99985352 -0.01648491
vn -0.00460305 0.99985352 -0.01648491
vn -0.00460305 0.99985352 -0.01648491
vn 0.00684640 0.99885147 -0.04742223
vn -0.02844302 0.99916211 -0.02942916
vn -0.02859949 0.99912960 -0.03036639
vn -0.02817793 0.99921512 -0.02784159
vn -0.01883409 0.99980089 -0.00659285
vn -0.01883409 0.99980089 -0.00659285
vn -0.01883409 0.99980089 -0.00659285
vn 0.00937559 0.98630799 -0.16464706
vn 0.00937559 0.98630799 -0.16464706
vn 0.00937559 0.98630799 -0.16464706
vn 0.01165278 0.99919369 -0.03842109
vn 0.01165278 0.99919369 -0.03842109
vn 0.01165278 0.99919369 -0.03842109
vn -0.02800310 0.99924865 -0.02679471
vn 0.02783370 0.99842449 -0.04872187
vn 0.02783370 0.99842449 -0.04872187
vn 0.02783370 0.99842449 -0.04872187
vn -0.04986202 0.99855388 -0.02009779
vn -0.04953551 0.99857605 -0.01980152
vn -0.05098865 0.99847589 -0.02112014
vn -0.05138380 0.99844798 -0.02147872
vn 0.01837364 0.99966335 -0.01831904
vn 0.01847309 0.99964501 -0.01919868
vn 0.01828376 0.99967925 -0.01752409
vn 0.02218579 0.99975199 -0.00193406
vn 0.02218579 0.99975199 -0.00193406
vn 0.02218579 0.99975199 -0.00193406
vn 0.04012986 0.99893407 -0.02281058
vn 0.04012986 0.99893407 -0.02281058
vn 0.04012986 0.99893407 -0.02281058
vn 0.02825971 0.98908288 -0.14462519
vn 0.02825971 0.98908288 -0.14462519
vn 0.02825971 0.98908288 -0.14462519
vn 0.01858127 0.99962417 -0.02015560
vn -0.06378524 0.99795978 0.00277729
vn -0.06378524 0.99795978 0.00277729
vn -0.06378524 0.99795978 0.00277729
vn -0.04302696 0.99903820 0.00844740
vn -0.04302696 0.99903820 0.00844740
vn -0.04302696 0.99903820 0.00844740
vn 0.03266562 0.99938169 -0.01300732
vn 0.03266562 0.99938169 -0.01300732
vn 0.03266562 0.99938169 -0.01300732
vn 0.05227300 0.99818012 -0.03006638
vn 0.05227300 0.99818012 -0.03006638
vn 0.05227300 0.99818012 -0.03006638
vn -0.04074755 0.99897499 0.01971293
vn -0.04074755 0.99897499 0.01971293
vn -0.04074755 0.99897499 0.01971293
vn -0.04517325 0.99868192 0.02436797
vn -0.04517325 0.99868192 0.02436797
vn -0.04517325 0.99868192 0.02436797
vn 0.04449275 0.99897457 -0.00837824
vn 0.04449275 0.99897457 -0.00837824
vn 0.04449275 0.99897457 -0.00837824
vn 0.06447414 0.99791909 0.00076255
vn 0.06447414 0.99791909 0.00076255
vn 0.06447414 0.99791909 0.00076255
vn -0.03114554 0.99905035 0.03046905
vn -0.03114554 0.99905035 0.03046905
vn -0.03114554 0.99905035 0.03046905
vn 0.05249768 0.99848885 0.01624829
vn 0.05249768 0.99848885 0.01624829
vn 0.05249768 0.99848885 0.01624829
vn 0.04200307 0.99897239 0.01702686
vn 0.04200307 0.99897239 0.01702686
vn 0.04200307 0.99897239 0.01702686
vn -0.03354875 0.99873006 0.03758659
vn -0.03354875 0.99873006 0.03758659
vn -0.03354875 0.99873006 0.03758659
vn -0.02375256 0.99846740 0.04998659
vn -0.02375256 0.99846740 0.04998659
vn -0.02375256 0.99846740 0.04998659
vn -0.03613229 0.99746664 0.06127601
vn -0.03613229 0.99746664 0.06127601
vn -0.03613229 0.99746664 0.06127601
vn 0.03612915 0.99896177 0.02775012
vn 0.03962248 0.99880627 0.02856727
vn 0.03865299 0.99885072 0.02834051
vn 0.03508882 0.99900558 0.02750672
vn 0.59793860 0.00123701 -0.80154095
vn 0.59793860 0.00123701 -0.80154095
vn 0.59793860 0.00123701 -0.80154095
vn 0.52415850 -0.01402930 -0.85150517
vn 0.52415850 -0.01402930 -0.85150517
vn 0.52415850 -0.01402930 -0.85150517
vn 0.00006821 -0.99999998 0.00018387
vn 0.00006821 -0.99999998 0.00018387
vn 0.00006821 -0.99999998 0.00018387
vn -0.37889845 -0.00190463 -0.92543630
vn -0.37889845 -0.00190463 -0.92543630
vn -0.37889845 -0.00190463 -0.92543630
vn -0.34780423 0.00451569 -0.93755630
vn -0.34780423 0.00451569 -0.93755630
vn -0.34780423 0.00451569 -0.93755630
vn -0.27667297 0.46136762 -0.84296618
vn -0.27667297 0.46136762 -0.84296618
vn -0.27667297 0.46136762 -0.84296618
vn 0.16352768 0.45619458 -0.87472579
vn 0.16352768 0.45619458 -0.87472579
vn 0.16352768 0.45619458 -0.87472579
vn 0.39309384 0.50316318 -0.76961292
vn 0.39309384 0.50316318 -0.76961292
vn 0.39309384 0.50316318 -0.76961292
vn 0.90306078 -0.03378301 0.42818213
vn 0.90306078 -0.03378301 0.42818213
vn 0.90306078 -0.03378301 0.42818213
vn 0.87698220 -0.04294860 0.47859967
vn 0.87698220 -0.04294860 0.47859967
vn 0.87698220 -0.04294860 0.47859967
vn 0.87662183 -0.05162112 0.47840300
vn 0.87662183 -0.05162112 0.47840300
vn 0.87662183 -0.05162112 0.47840300
vn 0.84511492 -0.03259070 0.53359030
vn 0.84511492 -0.03259070 0.53359030
vn 0.84511492 -0.03259070 0.53359030
vn 0.87215125 -0.05647647 0.48596564
vn 0.87215125 -0.05647647 0.48596564
vn 0.87215125 -0.05647647 0.48596564
vn 0.83871586 -0.08071366 0.53855456
vn 0.83871586 -0.08071366 0.53855456
vn 0.83871586 -0.08071366 0.53855456
vn 0.91037654 -0.08491656 0.40497374
vn 0.91037654 -0.08491656 0.40497374
vn 0.91037654 -0.08491656 0.40497374
vn 0.87134841 -0.07085263 0.48552225
vn 0.87134841 -0.07085263 0.48552225
vn 0.87134841 -0.07085263 0.48552225
vn -0.11732298 -0.08187474 -0.98971301
vn -0.11732298 -0.08187474 -0.98971301
vn -0.11732298 -0.08187474 -0.98971301
vn -0.02423779 -0.06726232 -0.99744088
vn -0.02423779 -0.06726232 -0.99744088
vn -0.02423779 -0.06726232 -0.99744088
vn -0.02425088 -0.05697812 -0.99808085
vn -0.02425088 -0.05697812 -0.99808085
vn -0.02425088 -0.05697812 -0.99808085
vn 0.07060363 -0.08225694 -0.99410710
vn -0.01978870 -0.05126988 -0.99848876
vn -0.01978808 -0.05181419 -0.99846068
vn -0.01978492 -0.05450553 -0.99831744
vn 0.03406352 -0.04020055 -0.99861083
vn 0.03406352 -0.04020055 -0.99861083
vn 0.03406352 -0.04020055 -0.99861083
vn -0.02989424 -0.04716932 -0.99843948
vn -0.02989424 -0.04716932 -0.99843948
vn -0.02989424 -0.04716932 -0.99843948
vn -0.01979142 -0.04882322 -0.99861133
vn -0.79358433 -0.08818038 0.60203665
vn -0.79358433 -0.08818038 0.60203665
vn -0.79358433 -0.08818038 0.60203665
vn -0.85627501 -0.07096218 0.51162240
vn -0.85627501 -0.07096218 0.51162240
vn -0.85627501 -0.07096218 0.51162240
vn -0.89411018 -0.08372347 0.43995156
vn -0.85275982 -0.04909179 0.51999105
vn -0.85278205 -0.04855919 0.52000460
vn -0.85264667 -0.05171754 0.51992206
vn -0.85705699 -0.05668720 0.51209363
vn -0.85705699 -0.05668720 0.51209363
vn -0.85705699 -0.05668720 0.51209363
vn -0.88524331 -0.03551388 0.46377048
vn -0.88524331 -0.03551388 0.46377048
vn -0.88524331 -0.03551388 0.46377048
vn -0.81007851 -0.03366301 0.58535426
vn -0.81007851 -0.03366301 0.58535426
vn -0.81007851 -0.03366301 0.58535426
vn -0.85287864 -0.04617328 0.52006351
vn -0.73132080 -0.02320864 0.68163865
vn -0.73132080 -0.02320864 0.68163865
vn -0.73132080 -0.02320864 0.68163865
vn -0.61142092 -0.00194567 0.79130314
vn -0.61142092 -0.00194567 0.79130314
vn -0.61142092 -0.00194567 0.79130314
vn -0.16500135 0.98610628 0.01920838
vn -0.16500135 0.98610628 0.01920838
vn -0.16500135 0.98610628 0.01920838
vn -0.40344106 0.72738688 0.55510688
vn -0.40344106 0.72738688 0.55510688
vn -0.40344106 0.72738688 0.55510688
vn 0.15954254 0.96477492 -0.20917822
vn 0.15954254 0.96477492 -0.20917822
vn 0.15954254 0.96477492 -0.20917822
vn 0.56447572 0.04086725 -0.82443740
vn 0.56447572 0.04086725 -0.82443740
vn 0.56447572 0.04086725 -0.82443740
vn 0.56702225 0.04022349 -0.82271978
vn 0.56702225 0.04022349 -0.82271978
vn 0.56702225 0.04022349 -0.82271978
vn 0.54822033 0.08026271 -0.83247364
vn 0.54822033 0.08026271 -0.83247364
vn 0.54822033 0.08026271 -0.83247364
vn 0.61558426 0.08410125 -0.78357067
vn 0.61558426 0.08410125 -0.78357067
vn 0.61558426 0.08410125 -0.78357067
vn 0.07338418 0.76530336 -0.63947285
vn 0.07338418 0.76530336 -0.63947285
vn 0.07338418 0.76530336 -0.63947285
vn -0.27900813 0.95354981 -0.11356596
vn -0.27900813 0.95354981 -0.11356596
vn -0.27900813 0.95354981 -0.11356596
vn -0.33643374 0.91955577 -0.20305054
vn -0.33643374 0.91955577 -0.20305054
vn -0.33643374 0.91955577 -0.20305054
vn -0.20324227 0.95151588 -0.23088984
vn -0.20324227 0.95151588 -0.23088984
vn -0.20324227 0.95151588 -0.23088984
vn -0.23613551 0.94126195 -0.24138344
vn -0.23613551 0.94126195 -0.24138344
vn -0.23613551 0.94126195 -0.24138344
vn -0.65655875 0.64907022 0.38423750
vn -0.65655875 0.64907022 0.38423750
vn -0.65655875 0.64907022 0.38423750
vn -0.61873694 0.03982287 0.78458826
vn -0.61873694 0.03982287 0.78458826
vn -0.61873694 0.03982287 0.78458826
vn -0.62656687 0.07738907 0.77551588
vn -0.62656687 0.07738907 0.77551588
vn -0.62656687 0.07738907 0.77551588
vn -0.60625967 0.03646723 0.79443020
vn -0.60625967 0.03646723 0.79443020
vn -0.60625967 0.03646723 0.79443020
vn -0.55566727 0.08165402 0.82738535
vn -0.55566727 0.08165402 0.82738535
vn -0.55566727 0.08165402 0.82738535
vn -0.12608019 0.99194288 -0.01237392
vn -0.12608019 0.99194288 -0.01237392
vn -0.12608019 0.99194288 -0.01237392
vn -0.24775499 0.90997610 0.33250708
vn -0.24775499 0.90997610 0.33250708
vn -0.24775499 0.90997610 0.33250708
vn 0.45296084 0.67905637 -0.57767545
vn 0.45296084 0.67905637 -0.57767545
vn 0.45296084 0.67905637 -0.57767545
vn 0.54957994 0.00094732 -0.83544060
vn 0.54957994 0.00094732 -0.83544060
vn 0.54957994 0.00094732 -0.83544060
vn 0.43812531 -0.01662023 -0.89876025
vn 0.43812531 -0.01662023 -0.89876025
vn 0.43812531 -0.01662023 -0.89876025
vn 0.55997586 -0.42779369 -0.70952068
vn 0.55997586 -0.42779369 -0.70952068
vn 0.55997586 -0.42779369 -0.70952068
vn 0.53062375 -0.52527317 -0.66522668
vn 0.53062375 -0.52527317 -0.66522668
vn 0.53062375 -0.52527317 -0.66522668
vn -0.11252051 -0.98875060 -0.09854640
vn -0.11252051 -0.98875060 -0.09854640
vn -0.11252051 -0.98875060 -0.09854640
vn -0.07878810 -0.99467088 -0.06650020
vn -0.07878810 -0.99467088 -0.06650020
vn -0.07878810 -0.99467088 -0.06650020
vn -0.07439054 -0.99565875 -0.05594365
vn -0.07439054 -0.99565875 -0.05594365
vn -0.07439054 -0.99565875 -0.05594365
vn -0.08374084 -0.99631686 -0.01844396
vn -0.08374084 -0.99631686 -0.01844396
vn -0.08374084 -0.99631686 -0.01844396
vn -0.09490156 -0.99464791 -0.04085614
vn -0.09490156 -0.99464791 -0.04085614
vn -0.09490156 -0.99464791 -0.04085614
vn -0.05715420 -0.99820475 -0.01790736
vn -0.05715420 -0.99820475 -0.01790736
vn -0.05715420 -0.99820475 -0.01790736
vn -0.41818087 -0.54522430 0.72653646
vn -0.41818087 -0.54522430 0.72653646
vn -0.41818087 -0.54522430 0.72653646
vn 0.15161056 0.95476455 0.25581025
vn 0.15161056 0.95476455 0.25581025
vn 0.15161056 0.95476455 0.25581025
vn 0.14748661 0.97789402 0.14822616
vn 0.14748661 0.97789402 0.14822616
vn 0.14748661 0.97789402 0.14822616
vn 0.42159884 0.03838622 0.90596960
vn 0.42159884 0.03838622 0.90596960
vn 0.42159884 0.03838622 0.90596960
vn 0.42934197 0.04018976 0.90224734
vn 0.42934197 0.04018976 0.90224734
vn 0.42934197 0.04018976 0.90224734
vn 0.44639220 0.08028450 0.89122859
vn 0.44639220 0.08028450 0.89122859
vn 0.44639220 0.08028450 0.89122859
vn 0.37115202 0.08408418 0.92475728
vn 0.37115202 0.08408418 0.92475728
vn 0.37115202 0.08408418 0.92475728
vn 0.51742214 0.76406423 0.38533126
vn 0.51742214 0.76406423 0.38533126
vn 0.51742214 0.76406423 0.38533126
vn 0.27681922 0.93712220 -0.21253963
vn 0.27681922 0.93712220 -0.21253963
vn 0.27681922 0.93712220 -0.21253963
vn 0.23929544 0.94828180 -0.20856490
vn 0.23929544 0.94828180 -0.20856490
vn 0.23929544 0.94828180 -0.20856490
vn 0.33646006 0.92836691 -0.15789078
vn 0.33646006 0.92836691 -0.15789078
vn 0.33646006 0.92836691 -0.15789078
vn 0.30124520 0.95162558 -0.06049872
vn 0.30124520 0.95162558 -0.06049872
vn 0.30124520 0.95162558 -0.06049872
vn 0.30867104 0.94879024 -0.06722544
vn 0.30867104 0.94879024 -0.06722544
vn 0.30867104 0.94879024 -0.06722544
vn -0.38789428 0.03574165 -0.92101062
vn -0.38789428 0.03574165 -0.92101062
vn -0.38789428 0.03574165 -0.92101062
vn -0.35857764 0.07754497 -0.93027354
vn -0.35857764 0.07754497 -0.93027354
vn -0.35857764 0.07754497 -0.93027354
vn -0.33943293 0.04664711 -0.93947290
vn -0.33943293 0.04664711 -0.93947290
vn -0.33943293 0.04664711 -0.93947290
vn -0.38013943 0.07873460 -0.92157196
vn -0.38013943 0.07873460 -0.92157196
vn -0.38013943 0.07873460 -0.92157196
vn -0.16551735 0.86720180 -0.46964354
vn -0.16551735 0.86720180 -0.46964354
vn -0.16551735 0.86720180 -0.46964354
vn -0.19582298 0.76337226 -0.61556165
vn -0.19582298 0.76337226 -0.61556165
vn -0.19582298 0.76337226 -0.61556165
vn 0.30736539 0.81831714 0.48567847
vn 0.30736539 0.81831714 0.48567847
vn 0.30736539 0.81831714 0.48567847
vn 0.18986464 0.91752625 0.34942382
vn 0.18986464 0.91752625 0.34942382
vn 0.18986464 0.91752625 0.34942382
vn 0.38677725 0.00355410 0.92216632
vn 0.38677725 0.00355410 0.92216632
vn 0.38677725 0.00355410 0.92216632
vn 0.55687449 -0.02208098 0.83030310
vn 0.55687449 -0.02208098 0.83030310
vn 0.55687449 -0.02208098 0.83030310
vn 0.28519110 -0.49384096 0.82145428
vn 0.28519110 -0.49384096 0.82145428
vn 0.28519110 -0.49384096 0.82145428
vn 0.12535309 -0.98976924 -0.06814296
vn 0.12535309 -0.98976924 -0.06814296
vn 0.12535309 -0.98976924 -0.06814296
vn 0.02678265 -0.99960974 -0.00794098
vn 0.02678265 -0.99960974 -0.00794098
vn 0.02678265 -0.99960974 -0.00794098
vn 0.06034391 -0.99717281 -0.04477714
vn 0.06034391 -0.99717281 -0.04477714
vn 0.06034391 -0.99717281 -0.04477714
vn 0.06359787 -0.99795548 -0.00633877
vn 0.06359787 -0.99795548 -0.00633877
vn 0.06359787 -0.99795548 -0.00633877
vn 0.08792588 -0.99611396 -0.00510152
vn 0.08792588 -0.99611396 -0.00510152
vn 0.08792588 -0.99611396 -0.00510152
vn 0.07806725 -0.99694685 -0.00157454
vn 0.07806725 -0.99694685 -0.00157454
vn 0.07806725 -0.99694685 -0.00157454
vn -0.34121764 -0.68218993 -0.64667412
vn -0.34121764 -0.68218993 -0.64667412
vn -0.34121764 -0.68218993 -0.64667412
vn -0.27628399 -0.01710502 -0.96092381
vn -0.27628399 -0.01710502 -0.96092381
vn -0.27628399 -0.01710502 -0.96092381
vn -0.34047239 -0.00773181 -0.94022272
vn -0.34047239 -0.00773181 -0.94022272
vn -0.34047239 -0.00773181 -0.94022272
vn -0.33889029 0.66347243 -0.66705150
vn -0.33889029 0.66347243 -0.66705150
vn -0.33889029 0.66347243 -0.66705150
vn -0.31632792 0.94787526 -0.03832948
vn -0.31632792 0.94787526 -0.03832948
vn -0.31632792 0.94787526 -0.03832948
vn -0.05339826 0.99666317 0.06173452
vn -0.05339826 0.99666317 0.06173452
vn -0.05339826 0.99666317 0.06173452
vn -0.99587122 0.03976732 -0.08160310
vn -0.99587122 0.03976732 -0.08160310
vn -0.99587122 0.03976732 -0.08160310
vn -0.99542181 0.03853201 -0.08746834
vn -0.99542181 0.03853201 -0.08746834
vn -0.99542181 0.03853201 -0.08746834
vn -0.99398370 0.04705990 -0.09890278
vn -0.99398370 0.04705990 -0.09890278
vn -0.99398370 0.04705990 -0.09890278
vn -0.98502568 0.12240821 -0.12141104
vn -0.98502568 0.12240821 -0.12141104
vn -0.98502568 0.12240821 -0.12141104
vn -0.99983342 0.01779173 0.00407339
vn -0.99983342 0.01779173 0.00407339
vn -0.99983342 0.01779173 0.00407339
vn -0.69808677 0.67986611 0.22462619
vn -0.69808677 0.67986611 0.22462619
vn -0.69808677 0.67986611 0.22462619
vn 0.05879582 0.93202539 0.35759156
vn 0.05879582 0.93202539 0.35759156
vn 0.05879582 0.93202539 0.35759156
vn 0.02014940 0.95267121 0.30333408
vn 0.02014940 0.95267121 0.30333408
vn 0.02014940 0.95267121 0.30333408
vn -0.08011040 0.92153296 0.37994648
vn -0.08011040 0.92153296 0.37994648
vn -0.08011040 0.92153296 0.37994648
vn -0.11536720 0.95423454 0.27591096
vn -0.11536720 0.95423454 0.27591096
vn -0.11536720 0.95423454 0.27591096
vn 0.99317050 0.04074859 0.10932484
vn 0.99317050 0.04074859 0.10932484
vn 0.99317050 0.04074859 0.10932484
vn 0.98385786 0.08065777 0.15974365
vn 0.98385786 0.08065777 0.15974365
vn 0.98385786 0.08065777 0.15974365
vn 0.98438222 0.05229557 0.16809765
vn 0.98438222 0.05229557 0.16809765
vn 0.98438222 0.05229557 0.16809765
vn 0.98855702 0.08268020 0.12617054
vn 0.98855702 0.08268020 0.12617054
vn 0.98855702 0.08268020 0.12617054
vn -0.01547297 0.99986982 0.00457478
vn -0.01547297 0.99986982 0.00457478
vn -0.01547297 0.99986982 0.00457478
vn 0.02649368 0.99933652 0.02499190
vn 0.02649368 0.99933652 0.02499190
vn 0.02649368 0.99933652 0.02499190
vn -0.99085823 0.00511594 -0.13481020
vn -0.99085823 0.00511594 -0.13481020
vn -0.99085823 0.00511594 -0.13481020
vn -0.99756868 -0.02178887 0.06619648
vn -0.99756868 -0.02178887 0.06619648
vn -0.99756868 -0.02178887 0.06619648
vn -0.85404638 -0.48805486 -0.18002011
vn -0.85404638 -0.48805486 -0.18002011
vn -0.85404638 -0.48805486 -0.18002011
vn -0.03772052 -0.99690227 0.06901474
vn -0.03772052 -0.99690227 0.06901474
vn -0.03772052 -0.99690227 0.06901474
vn -0.03937843 -0.99613616 0.07849897
vn -0.03937843 -0.99613616 0.07849897
vn -0.03937843 -0.99613616 0.07849897
vn -0.00641439 -0.99915952 0.04048583
vn -0.00641439 -0.99915952 0.04048583
vn -0.00641439 -0.99915952 0.04048583
vn 0.00461245 -0.99771910 0.06734485
vn 0.00461245 -0.99771910 0.06734485
vn 0.00461245 -0.99771910 0.06734485
vn 0.00346429 -0.99316569 0.11666156
vn 0.00346429 -0.99316569 0.11666156
vn 0.00346429 -0.99316569 0.11666156
vn 0.69695843 -0.71540027 -0.04951155
vn 0.69695843 -0.71540027 -0.04951155
vn 0.69695843 -0.71540027 -0.04951155
vn 0.40934802 0.01208535 -0.91229827
vn 0.40934802 0.01208535 -0.91229827
vn 0.40934802 0.01208535 -0.91229827
vn 0.96172417 -0.02350742 0.27300921
vn 0.96172417 -0.02350742 0.27300921
vn 0.96172417 -0.02350742 0.27300921
vn 0.99135375 -0.00375061 0.13116279
vn 0.99135375 -0.00375061 0.13116279
vn 0.99135375 -0.00375061 0.13116279
vn 0.50863751 0.86097828 0.00206823
vn 0.50863751 0.86097828 0.00206823
vn 0.50863751 0.86097828 0.00206823
vn 0.68481566 0.71660115 0.13232651
vn 0.68481566 0.71660115 0.13232651
vn 0.68481566 0.71660115 0.13232651
vn -0.65054641 0.75945252 -0.00460957
vn -0.65054641 0.75945252 -0.00460957
vn -0.65054641 0.75945252 -0.00460957
vn 0.12790304 0.01206946 -0.99171323
vn 0.12790304 0.01206946 -0.99171323
vn 0.12790304 0.01206946 -0.99171323
vn 0.80989636 0.01673505 -0.58633423
vn 0.80989636 0.01673505 -0.58633423
vn 0.80989636 0.01673505 -0.58633423
vn 0.75555443 0.00245038 -0.65508129
vn 0.75555443 0.00245038 -0.65508129
vn 0.75555443 0.00245038 -0.65508129
vn 0.63068229 0.09674754 0.76998686
vn 0.63068229 0.09674754 0.76998686
vn 0.63068229 0.09674754 0.76998686
vn 0.52592762 -0.01358016 0.85042090
vn 0.52592762 -0.01358016 0.85042090
vn 0.52592762 -0.01358016 0.85042090
vn 0.92847929 0.01944306 -0.37087487
vn 0.92847929 0.01944306 -0.37087487
vn 0.92847929 0.01944306 -0.37087487
vn 0.89465184 -0.00081612 -0.44676328
vn 0.89465184 -0.00081612 -0.44676328
vn 0.89465184 -0.00081612 -0.44676328
vn 0.94522134 0.01278804 -0.32617953
vn 0.94522134 0.01278804 -0.32617953
vn 0.94522134 0.01278804 -0.32617953
vn 0.99701207 0.00908707 -0.07670961
vn 0.99701207 0.00908707 -0.07670961
vn 0.99701207 0.00908707 -0.07670961
vn 0.99547466 0.00440704 -0.09492515
vn 0.99547466 0.00440704 -0.09492515
vn 0.99547466 0.00440704 -0.09492515
vn 0.99859207 0.01075744 -0.05194386
vn 0.99859207 0.01075744 -0.05194386
vn 0.99859207 0.01075744 -0.05194386
vn 0.97554512 0.01002271 0.21957066
vn 0.97554512 0.01002271 0.21957066
vn 0.97554512 0.01002271 0.21957066
vn 0.99634426 0.01826584 0.08345341
vn 0.99634426 0.01826584 0.08345341
vn 0.99634426 0.01826584 0.08345341
vn 0.48708417 0.00471669 0.87334229
vn 0.48708417 0.00471669 0.87334229
vn 0.48708417 0.00471669 0.87334229
vn 0.35382033 0.01484190 0.93519564
vn 0.35382033 0.01484190 0.93519564
vn 0.35382033 0.01484190 0.93519564
vn 0.20835539 -0.00164950 0.97805179
vn 0.20835539 -0.00164950 0.97805179
vn 0.20835539 -0.00164950 0.97805179
vn 0.95754829 -0.01460674 0.28790260
vn 0.95754829 -0.01460674 0.28790260
vn 0.95754829 -0.01460674 0.28790260
vn 0.92275756 0.08530489 0.37582117
vn 0.92275756 0.08530489 0.37582117
vn 0.92275756 0.08530489 0.37582117
vn 0.11550151 0.00968082 0.99326013
vn 0.11550151 0.00968082 0.99326013
vn 0.11550151 0.00968082 0.99326013
vn 0.78499986 -0.07133849 0.61537471
vn 0.78499986 -0.07133849 0.61537471
vn 0.78499986 -0.07133849 0.61537471
vn 0.61609140 0.01920837 0.78744043
vn 0.61609140 0.01920837 0.78744043
vn 0.61609140 0.01920837 0.78744043
vn 0.59590691 0.01326752 0.80294391
vn 0.59590691 0.01326752 0.80294391
vn 0.59590691 0.01326752 0.80294391
vn 0.74418546 0.00985706 0.66790032
vn 0.74418546 0.00985706 0.66790032
vn 0.74418546 0.00985706 0.66790032
vn 0.69089537 0.00723129 0.72291860
vn 0.69089537 0.00723129 0.72291860
vn 0.69089537 0.00723129 0.72291860
vn 0.78171029 -0.00271367 0.62363583
vn 0.78171029 -0.00271367 0.62363583
vn 0.78171029 -0.00271367 0.62363583
vn 0.88212707 0.01218453 0.47085386
vn 0.88212707 0.01218453 0.47085386
vn 0.88212707 0.01218453 0.47085386
vn 0.92246592 0.01219750 0.38588579
vn 0.92246592 0.01219750 0.38588579
vn 0.92246592 0.01219750 0.38588579
vn 0.90778384 0.00582823 0.41939782
vn 0.90778384 0.00582823 0.41939782
vn 0.90778384 0.00582823 0.41939782
vn 0.96195494 0.01196891 0.27294586
vn 0.96195494 0.01196891 0.27294586
vn 0.96195494 0.01196891 0.27294586
vn 0.95356040 0.00942415 0.30105439
vn 0.95356040 0.00942415 0.30105439
vn 0.95356040 0.00942415 0.30105439
vn -0.99842346 0.00667481 0.05573186
vn -0.99842346 0.00667481 0.05573186
vn -0.99842346 0.00667481 0.05573186
vn -0.99341520 -0.00380875 0.11450647
vn -0.99341520 -0.00380875 0.11450647
vn -0.99341520 -0.00380875 0.11450647
vn -0.95157293 0.01059034 0.30724064
vn -0.95157293 0.01059034 0.30724064
vn -0.95157293 0.01059034 0.30724064
vn -0.97150498 -0.00211608 0.23700972
vn -0.97150498 -0.00211608 0.23700972
vn -0.97150498 -0.00211608 0.23700972
vn -0.93093467 -0.00272855 0.36517557
vn -0.93093467 -0.00272855 0.36517557
vn -0.93093467 -0.00272855 0.36517557
vn -0.84881940 0.01218490 0.52854247
vn -0.84881940 0.01218490 0.52854247
vn -0.84881940 0.01218490 0.52854247
vn -0.79618611 0.01202604 0.60493227
vn -0.79618611 0.01202604 0.60493227
vn -0.79618611 0.01202604 0.60493227
vn -0.81718024 0.00585130 0.57635252
vn -0.81718024 0.00585130 0.57635252
vn -0.81718024 0.00585130 0.57635252
vn -0.77254569 0.00455863 0.63494281
vn -0.77254569 0.00455863 0.63494281
vn -0.77254569 0.00455863 0.63494281
vn -0.73757121 0.00920016 0.67520669
vn -0.73757121 0.00920016 0.67520669
vn -0.73757121 0.00920016 0.67520669
vn -0.98303597 0.08160903 0.16425665
vn -0.98303597 0.08160903 0.16425665
vn -0.98303597 0.08160903 0.16425665
vn -0.99695881 -0.01350968 0.07675036
vn -0.99695881 -0.01350968 0.07675036
vn -0.99695881 -0.01350968 0.07675036
vn -0.37477112 0.00486203 0.92710462
vn -0.37477112 0.00486203 0.92710462
vn -0.37477112 0.00486203 0.92710462
vn -0.41603956 0.01337249 0.90924818
vn -0.41603956 0.01337249 0.90924818
vn -0.41603956 0.01337249 0.90924818
vn -0.99986210 0.01473269 0.00766373
vn -0.99986210 0.01473269 0.00766373
vn -0.99986210 0.01473269 0.00766373
vn -0.51474851 0.01920386 0.85712612
vn -0.51474851 0.01920386 0.85712612
vn -0.51474851 0.01920386 0.85712612
vn -0.65767058 0.00102144 0.75330496
vn -0.65767058 0.00102144 0.75330496
vn -0.65767058 0.00102144 0.75330496
vn -0.99990658 0.01326193 -0.00330835
vn -0.99990658 0.01326193 -0.00330835
vn -0.99990658 0.01326193 -0.00330835
vn -0.96909088 0.00529575 -0.24664716
vn -0.96909088 0.00529575 -0.24664716
vn -0.96909088 0.00529575 -0.24664716
vn -0.95883789 -0.00068911 -0.28395321
vn -0.95883789 -0.00068911 -0.28395321
vn -0.95883789 -0.00068911 -0.28395321
vn -0.91814073 0.01299557 -0.39604129
vn -0.91814073 0.01299557 -0.39604129
vn -0.91814073 0.01299557 -0.39604129
vn -0.68714949 -0.02091137 0.72621504
vn -0.68714949 -0.02091137 0.72621504
vn -0.68714949 -0.02091137 0.72621504
vn -0.78404941 0.10089852 0.61244266
vn -0.78404941 0.10089852 0.61244266
vn -0.78404941 0.10089852 0.61244266
vn -0.84585892 0.01068194 -0.53329972
vn -0.84585892 0.01068194 -0.53329972
vn -0.84585892 0.01068194 -0.53329972
vn -0.82496211 0.00577544 -0.56515852
vn -0.82496211 0.00577544 -0.56515852
vn -0.82496211 0.00577544 -0.56515852
vn -0.72639621 0.01745865 -0.68705440
vn -0.72639621 0.01745865 -0.68705440
vn -0.72639621 0.01745865 -0.68705440
vn -0.65525693 0.01139903 -0.75532008
vn -0.65525693 0.01139903 -0.75532008
vn -0.65525693 0.01139903 -0.75532008
vn -0.89766763 -0.06948864 0.43515993
vn -0.89766763 -0.06948864 0.43515993
vn -0.89766763 -0.06948864 0.43515993
vn -0.64241530 0.01307908 -0.76624508
vn -0.64241530 0.01307908 -0.76624508
vn -0.64241530 0.01307908 -0.76624508
vn -0.80985503 0.55352060 -0.19429299
vn -0.80985503 0.55352060 -0.19429299
vn -0.80985503 0.55352060 -0.19429299
vn -0.50303918 0.76703933 -0.39824898
vn -0.50303918 0.76703933 -0.39824898
vn -0.50303918 0.76703933 -0.39824898
vn -0.59743973 0.73684171 -0.31643335
vn -0.59743973 0.73684171 -0.31643335
vn -0.59743973 0.73684171 -0.31643335
vn -0.76000000 0.56517626 -0.32089843
vn -0.76000000 0.56517626 -0.32089843
vn -0.76000000 0.56517626 -0.32089843
vn -0.70704708 0.66060763 -0.25235290
vn -0.70704708 0.66060763 -0.25235290
vn -0.70704708 0.66060763 -0.25235290
vn -0.72471630 0.67655178 -0.13062913
vn -0.72471630 0.67655178 -0.13062913
vn -0.72471630 0.67655178 -0.13062913
vn -0.65664102 0.63611649 -0.40518931
vn -0.65664102 0.63611649 -0.40518931
vn -0.65664102 0.63611649 -0.40518931
vn 0.47825981 0.01210517 -0.87813497
vn 0.47825981 0.01210517 -0.87813497
vn 0.47825981 0.01210517 -0.87813497
vn 0.39747313 -0.00386359 -0.91760568
vn 0.39747313 -0.00386359 -0.91760568
vn 0.39747313 -0.00386359 -0.91760568
vn 0.20990406 0.01051781 -0.97766541
vn 0.20990406 0.01051781 -0.97766541
vn 0.20990406 0.01051781 -0.97766541
vn 0.28038745 -0.00213668 -0.95988453
vn 0.28038745 -0.00213668 -0.95988453
vn 0.28038745 -0.00213668 -0.95988453
vn 0.14922634 -0.00284602 -0.98879897
vn 0.14922634 -0.00284602 -0.98879897
vn 0.14922634 -0.00284602 -0.98879897
vn 0.02513301 0.00731870 -0.99965733
vn 0.02513301 0.00731870 -0.99965733
vn 0.02513301 0.00731870 -0.99965733
vn -0.17184800 0.01172652 -0.98505368
vn -0.17184800 0.01172652 -0.98505368
vn -0.17184800 0.01172652 -0.98505368
vn -0.09060113 -0.00409415 -0.99587884
vn -0.09060113 -0.00409415 -0.99587884
vn -0.09060113 -0.00409415 -0.99587884
vn -0.22235852 0.01273564 -0.97488178
vn -0.22235852 0.01273564 -0.97488178
vn -0.22235852 0.01273564 -0.97488178
vn -0.21611897 0.01195271 -0.97629387
vn -0.21611897 0.01195271 -0.97629387
vn -0.21611897 0.01195271 -0.97629387
vn -0.30991892 0.00830196 -0.95072674
vn -0.30991892 0.00830196 -0.95072674
vn -0.30991892 0.00830196 -0.95072674
vn -0.25857373 0.00237322 -0.96598861
vn -0.25857373 0.00237322 -0.96598861
vn -0.25857373 0.00237322 -0.96598861
vn -0.13693029 0.10385561 -0.98512137
vn -0.13693029 0.10385561 -0.98512137
vn -0.13693029 0.10385561 -0.98512137
vn 0.05645771 -0.05273545 -0.99701128
vn 0.05645771 -0.05273545 -0.99701128
vn 0.05645771 -0.05273545 -0.99701128
vn 0.38808524 0.07125818 -0.91886458
vn 0.38808524 0.07125818 -0.91886458
vn 0.38808524 0.07125818 -0.91886458
vn 0.35522593 0.00625009 -0.93475958
vn 0.35522593 0.00625009 -0.93475958
vn 0.35522593 0.00625009 -0.93475958
vn -0.99411158 0.00372414 -0.10829726
vn -0.99411158 0.00372414 -0.10829726
vn -0.99411158 0.00372414 -0.10829726
vn -0.99757059 -0.00003002 -0.06966290
vn -0.99757059 -0.00003002 -0.06966290
vn -0.99757059 -0.00003002 -0.06966290
vn -0.28412296 0.00713936 -0.95876127
vn -0.28412296 0.00713936 -0.95876127
vn -0.28412296 0.00713936 -0.95876127
vn -0.24182289 0.00215575 -0.97031801
vn -0.24182289 0.00215575 -0.97031801
vn -0.24182289 0.00215575 -0.97031801
vn 0.68998290 0.62206601 -0.37007766
vn 0.68998290 0.62206601 -0.37007766
vn 0.68998290 0.62206601 -0.37007766
vn 0.75584651 0.61536560 -0.22365428
vn 0.75584651 0.61536560 -0.22365428
vn 0.75584651 0.61536560 -0.22365428
vn 0.48260060 0.84830235 -0.21789857
vn 0.48260060 0.84830235 -0.21789857
vn 0.48260060 0.84830235 -0.21789857
vn 0.62308855 0.65041647 -0.43441809
vn 0.62308855 0.65041647 -0.43441809
vn 0.62308855 0.65041647 -0.43441809
vn 0.71146742 0.68385797 -0.16171700
vn 0.71146742 0.68385797 -0.16171700
vn 0.71146742 0.68385797 -0.16171700
vn 0.26293946 0.74955929 0.60747322
vn 0.26293946 0.74955929 0.60747322
vn 0.26293946 0.74955929 0.60747322
vn 0.13384125 0.73887742 0.66041402
vn 0.13384125 0.73887742 0.66041402
vn 0.13384125 0.73887742 0.66041402
vn 0.20035982 0.75273135 0.62709764
vn 0.20035982 0.75273135 0.62709764
vn 0.20035982 0.75273135 0.62709764
vn 0.26822172 0.62386371 0.73406484
vn 0.26822172 0.62386371 0.73406484
vn 0.26822172 0.62386371 0.73406484
vn 0.56195010 0.41373303 0.71626606
vn 0.56195010 0.41373303 0.71626606
vn 0.56195010 0.41373303 0.71626606
vn 0.48996625 0.79771162 0.35155264
vn 0.48996625 0.79771162 0.35155264
vn 0.48996625 0.79771162 0.35155264
vn 0.45908458 0.67555515 0.57694591
vn 0.45908458 0.67555515 0.57694591
vn 0.45908458 0.67555515 0.57694591
vn 0.51947459 0.66220621 0.54002693
vn 0.51947459 0.66220621 0.54002693
vn 0.51947459 0.66220621 0.54002693
vn 0.51926707 0.65215011 0.55232413
vn 0.51926707 0.65215011 0.55232413
vn 0.51926707 0.65215011 0.55232413
vn 0.58586464 0.73303866 0.34556757
vn 0.58586464 0.73303866 0.34556757
vn 0.58586464 0.73303866 0.34556757
vn 0.67967831 0.66205961 0.31577598
vn 0.67967831 0.66205961 0.31577598
vn 0.67967831 0.66205961 0.31577598
vn 0.68268717 0.66895504 0.29400236
vn 0.68268717 0.66895504 0.29400236
vn 0.68268717 0.66895504 0.29400236
vn -0.76755175 0.63509934 0.08667832
vn -0.76755175 0.63509934 0.08667832
vn -0.76755175 0.63509934 0.08667832
vn -0.57951110 0.81395977 0.04045228
vn -0.57951110 0.81395977 0.04045228
vn -0.57951110 0.81395977 0.04045228
vn -0.74226482 0.64193575 0.19225355
vn -0.74226482 0.64193575 0.19225355
vn -0.74226482 0.64193575 0.19225355
vn -0.57840015 0.76978881 0.26996011
vn -0.57840015 0.76978881 0.26996011
vn -0.57840015 0.76978881 0.26996011
vn -0.47652239 0.70611711 0.52376048
vn -0.47652239 0.70611711 0.52376048
vn -0.47652239 0.70611711 0.52376048
vn -0.86988421 0.40865590 0.27622782
vn -0.86988421 0.40865590 0.27622782
vn -0.86988421 0.40865590 0.27622782
vn -0.72915781 0.67556302 0.10928629
vn -0.72915781 0.67556302 0.10928629
vn -0.72915781 0.67556302 0.10928629
vn -0.72746757 0.66216373 0.17980581
vn -0.72746757 0.66216373 0.17980581
vn -0.72746757 0.66216373 0.17980581
vn -0.73790862 0.65220762 0.17353987
vn -0.73790862 0.65220762 0.17353987
vn -0.73790862 0.65220762 0.17353987
vn -0.59221979 0.73301957 0.33460129
vn -0.59221979 0.73301957 0.33460129
vn -0.59221979 0.73301957 0.33460129
vn -0.61332555 0.66210683 0.43063478
vn -0.61332555 0.66210683 0.43063478
vn -0.61332555 0.66210683 0.43063478
vn -0.59595935 0.66900360 0.44414708
vn -0.59595935 0.66900360 0.44414708
vn -0.59595935 0.66900360 0.44414708
vn 0.43750154 0.00049814 -0.89921753
vn 0.43750154 0.00049814 -0.89921753
vn 0.43750154 0.00049814 -0.89921753
vn 0.48900764 0.00718936 -0.87224987
vn 0.48900764 0.00718936 -0.87224987
vn 0.48900764 0.00718936 -0.87224987
vn 0.98736227 -0.00060350 0.15847834
vn 0.98736227 -0.00060350 0.15847834
vn 0.98736227 -0.00060350 0.15847834
vn 0.99418024 0.00452583 0.10763438
vn 0.99418024 0.00452583 0.10763438
vn 0.99418024 0.00452583 0.10763438
vn -0.47964851 0.51161007 0.71287617
vn -0.47964851 0.51161007 0.71287617
vn -0.47964851 0.51161007 0.71287617
vn -0.44817209 0.72132163 0.52805008
vn -0.44817209 0.72132163 0.52805008
vn -0.44817209 0.72132163 0.52805008
vn -0.00060979 0.79930367 -0.60092700
vn -0.00060979 0.79930367 -0.60092700
vn -0.00060979 0.79930367 -0.60092700
vn 0.01387764 0.88119776 -0.47254410
vn 0.01387764 0.88119776 -0.47254410
vn 0.01387764 0.88119776 -0.47254410
vn 0.23206783 0.75988208 -0.60722628
vn 0.23206783 0.75988208 -0.60722628
vn 0.23206783 0.75988208 -0.60722628
vn 0.19717989 0.39284669 -0.89821577
vn 0.19717989 0.39284669 -0.89821577
vn 0.19717989 0.39284669 -0.89821577
vn 0.39425687 0.67838157 -0.61996772
vn 0.39425687 0.67838157 -0.61996772
vn 0.39425687 0.67838157 -0.61996772
vn 0.14309697 0.67696365 -0.72197193
vn 0.14309697 0.67696365 -0.72197193
vn 0.14309697 0.67696365 -0.72197193
vn 0.26316305 0.60935334 -0.74795302
vn 0.26316305 0.60935334 -0.74795302
vn 0.26316305 0.60935334 -0.74795302
vn 0.03248757 0.67782411 -0.73450598
vn 0.03248757 0.67782411 -0.73450598
vn 0.03248757 0.67782411 -0.73450598
vn -0.05373335 0.66321594 -0.74649671
vn -0.05373335 0.66321594 -0.74649671
vn -0.05373335 0.66321594 -0.74649671
vn -0.03020865 0.63569861 -0.77134604
vn -0.03020865 0.63569861 -0.77134604
vn -0.03020865 0.63569861 -0.77134604
vn -0.09319037 0.67658342 -0.73044537
vn -0.09319037 0.67658342 -0.73044537
vn -0.09319037 0.67658342 -0.73044537
vn 0.99644621 0.00399252 0.08413687
vn 0.99644621 0.00399252 0.08413687
vn 0.99644621 0.00399252 0.08413687
vn 0.99551171 0.00524937 0.09449273
vn 0.99551171 0.00524937 0.09449273
vn 0.99551171 0.00524937 0.09449273
vn -0.99449350 0.00790507 -0.10449967
vn -0.99449350 0.00790507 -0.10449967
vn -0.99449350 0.00790507 -0.10449967
vn -0.99135758 0.00463421 -0.13110555
vn -0.99135758 0.00463421 -0.13110555
vn -0.99135758 0.00463421 -0.13110555
vn 0.05160661 0.99664373 0.06354552
vn 0.05160661 0.99664373 0.06354552
vn 0.05160661 0.99664373 0.06354552
vn -0.03984426 0.99704138 0.06573364
vn -0.03984426 0.99704138 0.06573364
vn -0.03984426 0.99704138 0.06573364
vn 0.03321031 0.99686652 0.07179288
vn 0.03321031 0.99686652 0.07179288
vn 0.03321031 0.99686652 0.07179288
vn -0.02406275 0.99870723 0.04477566
vn -0.02406275 0.99870723 0.04477566
vn -0.02406275 0.99870723 0.04477566
vn 0.08018846 0.99648897 0.02407365
vn 0.08018846 0.99648897 0.02407365
vn 0.08018846 0.99648897 0.02407365
vn 0.07576117 0.99582501 0.05091948
vn 0.07576117 0.99582501 0.05091948
vn 0.07576117 0.99582501 0.05091948
vn 0.09065106 0.99458752 0.05077446
vn 0.09144789 0.99455187 0.05003851
vn 0.09017308 0.99459544 0.05146584
vn 0.03099642 0.99865945 -0.04145513
vn 0.03099642 0.99865945 -0.04145513
vn 0.03099642 0.99865945 -0.04145513
vn 0.04551180 0.99590688 -0.07809070
vn 0.04551180 0.99590688 -0.07809070
vn 0.04551180 0.99590688 -0.07809070
vn 0.08445447 0.99555711 -0.04163510
vn 0.08445447 0.99555711 -0.04163510
vn 0.08445447 0.99555711 -0.04163510
vn 0.06198356 0.99807576 -0.00168087
vn 0.06198356 0.99807576 -0.00168087
vn 0.06198356 0.99807576 -0.00168087
vn 0.07616016 0.99706676 0.00758271
vn 0.07616016 0.99706676 0.00758271
vn 0.07616016 0.99706676 0.00758271
vn 0.07880581 0.99687194 -0.00599814
vn 0.07880581 0.99687194 -0.00599814
vn 0.07880581 0.99687194 -0.00599814
vn 0.09155984 0.99457053 0.04945958
vn 0.08594323 0.99629713 0.00240494
vn 0.08588269 0.99630373 0.00174368
vn 0.08595689 0.99629558 0.00255429
vn 0.10206850 0.99468484 -0.01356802
vn 0.10206850 0.99468484 -0.01356802
vn 0.10206850 0.99468484 -0.01356802
vn 0.08601304 0.99628897 0.00316805
vn 0.09354981 0.99448241 0.04746746
vn 0.09354981 0.99448241 0.04746746
vn 0.09769501 0.99442577 0.03966196
vn 0.09769501 0.99442577 0.03966196
vn 0.09769501 0.99442577 0.03966196
vn 0.04071691 0.99680983 0.06864621
vn 0.04071691 0.99680983 0.06864621
vn 0.04071691 0.99680983 0.06864621
vn 0.04155134 0.99523751 0.08818042
vn 0.04155134 0.99523751 0.08818042
vn 0.04155134 0.99523751 0.08818042
vn 0.09046353 0.99493391 0.04385053
vn 0.09046353 0.99493391 0.04385053
vn 0.09046353 0.99493391 0.04385053
vn 0.10375864 -0.48502314 -0.86832407
vn 0.10375864 -0.48502314 -0.86832407
vn 0.10375864 -0.48502314 -0.86832407
vn -0.56042551 0.20882080 -0.80144689
vn -0.56042551 0.20882080 -0.80144689
vn -0.56042551 0.20882080 -0.80144689
vn -0.12366787 0.97215931 -0.19902896
vn -0.12366787 0.97215931 -0.19902896
vn -0.12366787 0.97215931 -0.19902896
vn -0.19925364 0.85245600 -0.48333918
vn -0.19925364 0.85245600 -0.48333918
vn -0.19925364 0.85245600 -0.48333918
vn -0.45981949 0.76265667 -0.45488553
vn -0.45981949 0.76265667 -0.45488553
vn -0.45981949 0.76265667 -0.45488553
vn -0.59994319 0.71641852 -0.35610767
vn -0.59994319 0.71641852 -0.35610767
vn -0.59994319 0.71641852 -0.35610767
vn 0.60113896 0.69134489 -0.40084185
vn 0.60113896 0.69134489 -0.40084185
vn 0.60113896 0.69134489 -0.40084185
vn 0.61456291 0.77213467 -0.16161832
vn 0.61456291 0.77213467 -0.16161832
vn 0.61456291 0.77213467 -0.16161832
vn -0.33030854 0.86490132 -0.37794440
vn -0.33030854 0.86490132 -0.37794440
vn -0.33030854 0.86490132 -0.37794440
vn -0.65108977 0.56068960 -0.51157529
vn -0.65108977 0.56068960 -0.51157529
vn -0.65108977 0.56068960 -0.51157529
vn -0.69935994 0.61109348 -0.37075655
vn -0.69935994 0.61109348 -0.37075655
vn -0.69935994 0.61109348 -0.37075655
vn -0.62548039 0.76189069 -0.16821668
vn -0.62548039 0.76189069 -0.16821668
vn -0.62548039 0.76189069 -0.16821668
vn 0.72744200 0.68547307 -0.03090006
vn 0.72744200 0.68547307 -0.03090006
vn 0.72744200 0.68547307 -0.03090006
vn 0.65453216 0.75596606 -0.01014701
vn 0.65453216 0.75596606 -0.01014701
vn 0.65453216 0.75596606 -0.01014701
vn 0.29948190 0.87050505 -0.39055289
vn 0.29948190 0.87050505 -0.39055289
vn 0.29948190 0.87050505 -0.39055289
vn 0.90812413 -0.21539468 -0.35904833
vn 0.90812413 -0.21539468 -0.35904833
vn 0.90812413 -0.21539468 -0.35904833
vn 0.22634720 0.94700229 -0.22793334
vn 0.22634720 0.94700229 -0.22793334
vn 0.22634720 0.94700229 -0.22793334
vn 0.18245302 0.92504984 -0.33315715
vn 0.18245302 0.92504984 -0.33315715
vn 0.18245302 0.92504984 -0.33315715
vn -0.68955532 0.03758294 -0.72325720
vn -0.68955532 0.03758294 -0.72325720
vn -0.68955532 0.03758294 -0.72325720
vn -0.48166298 0.03384049 -0.87570291
vn -0.48166298 0.03384049 -0.87570291
vn -0.48166298 0.03384049 -0.87570291
vn -0.50949011 0.04117514 -0.85949080
vn -0.50949011 0.04117514 -0.85949080
vn -0.50949011 0.04117514 -0.85949080
vn -0.48680712 0.03413436 0.87284230
vn -0.48680712 0.03413436 0.87284230
vn -0.48680712 0.03413436 0.87284230
vn -0.60018805 0.01792535 0.79965804
vn -0.60018805 0.01792535 0.79965804
vn -0.60018805 0.01792535 0.79965804
vn -0.22287148 0.00793065 -0.97481558
vn -0.22287148 0.00793065 -0.97481558
vn -0.22287148 0.00793065 -0.97481558
vn -0.31529930 0.04131115 -0.94809268
vn -0.31529930 0.04131115 -0.94809268
vn -0.31529930 0.04131115 -0.94809268
vn -0.69801048 0.03985139 0.71497778
vn -0.69801048 0.03985139 0.71497778
vn -0.69801048 0.03985139 0.71497778
vn -0.76569329 0.01673091 0.64298823
vn -0.76569329 0.01673091 0.64298823
vn -0.76569329 0.01673091 0.64298823
vn 0.07975955 0.01059511 -0.99675782
vn 0.07975955 0.01059511 -0.99675782
vn 0.07975955 0.01059511 -0.99675782
vn -0.02280039 0.03711354 -0.99905091
vn -0.02280039 0.03711354 -0.99905091
vn -0.02280039 0.03711354 -0.99905091
vn -0.87817333 0.03606921 0.47698074
vn -0.87817333 0.03606921 0.47698074
vn -0.87817333 0.03606921 0.47698074
vn -0.86518327 0.03953194 0.49989513
vn -0.86518327 0.03953194 0.49989513
vn -0.86518327 0.03953194 0.49989513
vn 0.17361887 0.03156133 -0.98430705
vn 0.17361887 0.03156133 -0.98430705
vn 0.17361887 0.03156133 -0.98430705
vn -0.89733695 0.04253009 0.43929214
vn -0.89733695 0.04253009 0.43929214
vn -0.89733695 0.04253009 0.43929214
vn 0.21017758 0.01890936 -0.97748034
vn 0.21017758 0.01890936 -0.97748034
vn 0.21017758 0.01890936 -0.97748034
vn -0.94849955 0.01811254 0.31626025
vn -0.94849955 0.01811254 0.31626025
vn -0.94849955 0.01811254 0.31626025
vn 0.38796594 0.02029799 -0.92145017
vn 0.38796594 0.02029799 -0.92145017
vn 0.38796594 0.02029799 -0.92145017
vn 0.46699866 0.04164541 -0.88327680
vn 0.46699866 0.04164541 -0.88327680
vn 0.46699866 0.04164541 -0.88327680
vn -0.98909231 0.03703856 0.14256418
vn -0.98909231 0.03703856 0.14256418
vn -0.98909231 0.03703856 0.14256418
vn -0.99502585 0.02710375 0.09585896
vn -0.99502585 0.02710375 0.09585896
vn -0.99502585 0.02710375 0.09585896
vn -0.99904162 0.04213893 0.01183819
vn -0.99904162 0.04213893 0.01183819
vn -0.99904162 0.04213893 0.01183819
vn -0.99138998 0.03126502 -0.12715507
vn -0.99138998 0.03126502 -0.12715507
vn -0.99138998 0.03126502 -0.12715507
vn -0.99618938 0.04183217 -0.07652961
vn -0.99618938 0.04183217 -0.07652961
vn -0.99618938 0.04183217 -0.07652961
vn -0.93307309 0.02298083 -0.35895193
vn -0.93307309 0.02298083 -0.35895193
vn -0.93307309 0.02298083 -0.35895193
vn -0.96908664 0.04284692 -0.24297166
vn -0.96908664 0.04284692 -0.24297166
vn -0.96908664 0.04284692 -0.24297166
vn -0.85059349 0.01796525 -0.52551685
vn -0.85059349 0.01796525 -0.52551685
vn -0.85059349 0.01796525 -0.52551685
vn -0.88752245 0.04301981 -0.45875178
vn -0.88752245 0.04301981 -0.45875178
vn -0.88752245 0.04301981 -0.45875178
vn -0.73364763 0.01553757 -0.67935244
vn -0.73364763 0.01553757 -0.67935244
vn -0.73364763 0.01553757 -0.67935244
vn -0.57575013 0.02850391 -0.81712870
vn -0.57575013 0.02850391 -0.81712870
vn -0.57575013 0.02850391 -0.81712870
vn 0.14577888 0.76159718 0.63144140
vn 0.14577888 0.76159718 0.63144140
vn 0.14577888 0.76159718 0.63144140
vn 0.15145382 0.55597545 0.81728394
vn 0.15145382 0.55597545 0.81728394
vn 0.15145382 0.55597545 0.81728394
vn -0.04850498 0.65172580 0.75690207
vn -0.04850498 0.65172580 0.75690207
vn -0.04850498 0.65172580 0.75690207
vn -0.36230350 0.75276932 0.54961307
vn -0.36230350 0.75276932 0.54961307
vn -0.36230350 0.75276932 0.54961307
vn -0.57414101 0.55668049 0.60039065
vn -0.57414101 0.55668049 0.60039065
vn -0.57414101 0.55668049 0.60039065
vn -0.37941353 0.87360036 0.30474216
vn -0.37941353 0.87360036 0.30474216
vn -0.37941353 0.87360036 0.30474216
vn 0.36865601 0.63090612 0.68267870
vn 0.36865601 0.63090612 0.68267870
vn 0.36865601 0.63090612 0.68267870
vn -0.33372217 0.94214993 0.03135314
vn -0.33372217 0.94214993 0.03135314
vn -0.33372217 0.94214993 0.03135314
vn -0.66955069 0.72964123 0.13901637
vn -0.66955069 0.72964123 0.13901637
vn -0.66955069 0.72964123 0.13901637
vn -0.60075391 0.76552638 0.23035647
vn -0.60075391 0.76552638 0.23035647
vn -0.60075391 0.76552638 0.23035647
vn 0.67283796 -0.68309339 0.28402905
vn 0.67283796 -0.68309339 0.28402905
vn 0.67283796 -0.68309339 0.28402905
vn 0.72024400 -0.65381355 0.23189743
vn 0.72024400 -0.65381355 0.23189743
vn 0.72024400 -0.65381355 0.23189743
vn 0.67662359 -0.66777460 0.31025408
vn 0.67662359 -0.66777460 0.31025408
vn 0.67662359 -0.66777460 0.31025408
vn 0.53835778 -0.71013763 0.45373499
vn 0.53835778 -0.71013763 0.45373499
vn 0.53835778 -0.71013763 0.45373499
vn 0.56389736 -0.69249244 0.44997110
vn 0.56389736 -0.69249244 0.44997110
vn 0.56389736 -0.69249244 0.44997110
vn 0.50761256 -0.68168643 0.52690901
vn 0.50761256 -0.68168643 0.52690901
vn 0.50761256 -0.68168643 0.52690901
vn 0.48553664 -0.65507513 0.57890477
vn 0.48553664 -0.65507513 0.57890477
vn 0.48553664 -0.65507513 0.57890477
vn 0.42933090 -0.68777803 0.58535148
vn 0.42933090 -0.68777803 0.58535148
vn 0.42933090 -0.68777803 0.58535148
vn 0.79516538 -0.35878345 0.48886241
vn 0.79516538 -0.35878345 0.48886241
vn 0.79516538 -0.35878345 0.48886241
vn -0.58235031 -0.68314087 0.44066617
vn -0.58235031 -0.68314087 0.44066617
vn -0.58235031 -0.68314087 0.44066617
vn -0.56093772 -0.65391345 0.50768700
vn -0.56093772 -0.65391345 0.50768700
vn -0.56093772 -0.65391345 0.50768700
vn -0.60707876 -0.66774736 0.43077702
vn -0.60707876 -0.66774736 0.43077702
vn -0.60707876 -0.66774736 0.43077702
vn -0.66215222 -0.71010936 0.23937237
vn -0.66215222 -0.71010936 0.23937237
vn -0.66215222 -0.71010936 0.23937237
vn -0.67166821 -0.69245140 0.26338732
vn -0.67166821 -0.69245140 0.26338732
vn -0.67166821 -0.69245140 0.26338732
vn -0.71005224 -0.68172603 0.17628226
vn -0.71005224 -0.68172603 0.17628226
vn -0.71005224 -0.68172603 0.17628226
vn -0.74414582 -0.65502595 0.13110301
vn -0.74414582 -0.65502595 0.13110301
vn -0.74414582 -0.65502595 0.13110301
vn -0.72155637 -0.68782594 0.07906881
vn -0.72155637 -0.68782594 0.07906881
vn -0.72155637 -0.68782594 0.07906881
vn -0.08661055 0.99605613 0.01925590
vn -0.08622242 0.99614180 0.01634674
vn -0.08654135 0.99606807 0.01894698
vn -0.08686660 0.99599414 0.02121012
vn -0.01307538 0.99441102 0.10476523
vn -0.01307538 0.99441102 0.10476523
vn -0.01307538 0.99441102 0.10476523
vn -0.08691349 0.99599095 0.02116787
vn -0.03642310 0.99907589 -0.02281942
vn -0.03642310 0.99907589 -0.02281942
vn -0.03642310 0.99907589 -0.02281942
vn -0.03974775 0.99642131 -0.07459679
vn -0.03974775 0.99642131 -0.07459679
vn -0.03974775 0.99642131 -0.07459679
vn -0.08880817 0.99488783 0.04807604
vn -0.08880817 0.99488783 0.04807604
vn -0.08880817 0.99488783 0.04807604
vn -0.10092392 0.99255870 0.06812915
vn -0.10092392 0.99255870 0.06812915
vn -0.10092392 0.99255870 0.06812915
vn -0.04934877 0.99641331 -0.06874022
vn -0.04934877 0.99641331 -0.06874022
vn -0.04934877 0.99641331 -0.06874022
vn -0.03975749 0.99869824 -0.03195560
vn -0.03975749 0.99869824 -0.03195560
vn -0.03975749 0.99869824 -0.03195560
vn -0.09190090 0.99210325 0.08535438
vn -0.09190090 0.99210325 0.08535438
vn -0.09190090 0.99210325 0.08535438
vn -0.09126730 0.99236513 0.08295615
vn -0.09126730 0.99236513 0.08295615
vn -0.09126730 0.99236513 0.08295615
vn -0.10869707 0.99404511 0.00769819
vn -0.10869707 0.99404511 0.00769819
vn -0.10869707 0.99404511 0.00769819
vn -0.04830437 0.99866802 -0.01813470
vn -0.04830437 0.99866802 -0.01813470
vn -0.04830437 0.99866802 -0.01813470
vn -0.05388217 0.99803239 -0.03206335
vn -0.05388217 0.99803239 -0.03206335
vn -0.05388217 0.99803239 -0.03206335
vn -0.03197014 0.99796717 0.05513119
vn -0.03197014 0.99796717 0.05513119
vn -0.03197014 0.99796717 0.05513119
vn -0.05712454 0.99810516 -0.02286660
vn -0.05712454 0.99810516 -0.02286660
vn -0.05712454 0.99810516 -0.02286660
vn -0.06143660 0.99750850 -0.03467467
vn -0.06143660 0.99750850 -0.03467467
vn -0.06143660 0.99750850 -0.03467467
vn -0.02722056 0.99542866 0.09154688
vn -0.02745251 0.99544472 0.09130267
vn -0.02588184 0.99533376 0.09295606
vn -0.02881743 0.99553693 0.08986534
vn -0.01732630 0.99567287 0.09129801
vn -0.01732630 0.99567287 0.09129801
vn -0.01732630 0.99567287 0.09129801
vn -0.07944310 0.99682576 -0.00521548
vn -0.07944310 0.99682576 -0.00521548
vn -0.07944310 0.99682576 -0.00521548
vn -0.09997828 0.99445930 -0.03248156
vn -0.09997828 0.99445930 -0.03248156
vn -0.09997828 0.99445930 -0.03248156
vn -0.10637773 0.99432490 0.00132800
vn -0.10637773 0.99432490 0.00132800
vn -0.10637773 0.99432490 0.00132800
vn -0.82121352 -0.35806115 0.44429783
vn -0.82121352 -0.35806115 0.44429783
vn -0.82121352 -0.35806115 0.44429783
vn -0.11554121 -0.66047841 -0.74190194
vn -0.11554121 -0.66047841 -0.74190194
vn -0.11554121 -0.66047841 -0.74190194
vn -0.15179050 -0.69100431 -0.70673381
vn -0.15179050 -0.69100431 -0.70673381
vn -0.15179050 -0.69100431 -0.70673381
vn -0.07023358 -0.65929341 -0.74859832
vn -0.07023358 -0.65929341 -0.74859832
vn -0.07023358 -0.65929341 -0.74859832
vn -0.00237753 -0.69203713 -0.72185799
vn -0.00237753 -0.69203713 -0.72185799
vn -0.00237753 -0.69203713 -0.72185799
vn 0.21589204 -0.64995693 -0.72866083
vn 0.21589204 -0.64995693 -0.72866083
vn 0.21589204 -0.64995693 -0.72866083
vn 0.11616208 -0.62863516 -0.76897608
vn 0.11616208 -0.62863516 -0.76897608
vn 0.11616208 -0.62863516 -0.76897608
vn 0.20985338 -0.65232170 -0.72831172
vn 0.20985338 -0.65232170 -0.72831172
vn 0.20985338 -0.65232170 -0.72831172
vn 0.34094901 -0.68123003 -0.64782669
vn 0.34094901 -0.68123003 -0.64782669
vn 0.34094901 -0.68123003 -0.64782669
vn 0.30400282 -0.65452415 -0.69222859
vn 0.30400282 -0.65452415 -0.69222859
vn 0.30400282 -0.65452415 -0.69222859
vn 0.03142043 0.99518027 -0.09289238
vn 0.03142043 0.99518027 -0.09289238
vn 0.03142043 0.99518027 -0.09289238
vn 0.06826936 0.99691237 -0.03879466
vn 0.06826936 0.99691237 -0.03879466
vn 0.06826936 0.99691237 -0.03879466
vn -0.02713413 0.99394609 -0.10646549
vn -0.02708337 0.99395118 -0.10643089
vn -0.02979493 0.99367397 -0.10827885
vn -0.01137695 0.99431634 -0.10585641
vn -0.01137695 0.99431634 -0.10585641
vn -0.01137695 0.99431634 -0.10585641
vn -0.13489742 0.98840135 -0.06975279
vn -0.13489742 0.98840135 -0.06975279
vn -0.13489742 0.98840135 -0.06975279
vn -0.00730667 0.99288948 -0.11881540
vn -0.00730667 0.99288948 -0.11881540
vn -0.00730667 0.99288948 -0.11881540
vn -0.02545778 0.99411220 -0.10532257
vn 0.01594365 0.99774695 -0.06516764
vn 0.01594365 0.99774695 -0.06516764
vn 0.01594365 0.99774695 -0.06516764
vn 0.04846431 0.99543666 -0.08220133
vn 0.04846431 0.99543666 -0.08220133
vn 0.04846431 0.99543666 -0.08220133
vn 0.02791846 0.99736887 -0.06690208
vn 0.02791846 0.99736887 -0.06690208
vn 0.02791846 0.99736887 -0.06690208
vn -0.06692291 -0.21474039 -0.97437564
vn -0.06692291 -0.21474039 -0.97437564
vn -0.06692291 -0.21474039 -0.97437564
vn 0.37996488 0.18432216 -0.90645024
vn 0.37996488 0.18432216 -0.90645024
vn 0.37996488 0.18432216 -0.90645024
vn -0.24755859 0.10692937 -0.96295423
vn -0.24755859 0.10692937 -0.96295423
vn -0.24755859 0.10692937 -0.96295423
vn -0.33250029 0.00233481 0.94310026
vn -0.33250029 0.00233481 0.94310026
vn -0.33250029 0.00233481 0.94310026
vn -0.14959852 0.00548335 0.98873162
vn -0.14959852 0.00548335 0.98873162
vn -0.14959852 0.00548335 0.98873162
vn -0.08001316 -0.00068505 0.99679357
vn -0.08001316 -0.00068505 0.99679357
vn -0.08001316 -0.00068505 0.99679357
vn -0.09806465 0.00437683 0.99517042
vn -0.09806465 0.00437683 0.99517042
vn -0.09806465 0.00437683 0.99517042
vn -0.03532315 0.00319317 0.99937084
vn -0.03532315 0.00319317 0.99937084
vn -0.03532315 0.00319317 0.99937084
vn 0.69346068 0.00278138 -0.72048911
vn 0.69346068 0.00278138 -0.72048911
vn 0.69346068 0.00278138 -0.72048911
vn 0.65501125 -0.00103054 -0.75561842
vn 0.65501125 -0.00103054 -0.75561842
vn 0.65501125 -0.00103054 -0.75561842
vn 0.65699610 0.47337044 0.58675084
vn 0.65699610 0.47337044 0.58675084
vn 0.65699610 0.47337044 0.58675084
vn -0.18889772 0.92745590 0.32271225
vn -0.18889772 0.92745590 0.32271225
vn -0.18889772 0.92745590 0.32271225
vn -0.03207903 0.87263966 0.48730992
vn -0.03207903 0.87263966 0.48730992
vn -0.03207903 0.87263966 0.48730992
vn 0.14974451 0.88034310 0.45008067
vn 0.14974451 0.88034310 0.45008067
vn 0.14974451 0.88034310 0.45008067
vn 0.34813746 -0.76239226 0.54548910
vn 0.34813746 -0.76239226 0.54548910
vn 0.34813746 -0.76239226 0.54548910
vn -0.01461868 0.74315229 0.66896260
vn -0.01461868 0.74315229 0.66896260
vn -0.01461868 0.74315229 0.66896260
vn 0.91749160 0.27584761 0.28656110
vn 0.91749160 0.27584761 0.28656110
vn 0.91749160 0.27584761 0.28656110
vn 0.45074323 0.85499632 0.25653817
vn 0.45074323 0.85499632 0.25653817
vn 0.45074323 0.85499632 0.25653817
vn 0.76589868 0.63041394 0.12640201
vn 0.76589868 0.63041394 0.12640201
vn 0.76589868 0.63041394 0.12640201
vn -0.05419810 0.94495371 0.32268413
vn -0.05419810 0.94495371 0.32268413
vn -0.05419810 0.94495371 0.32268413
vn -0.17956444 0.79136512 0.58437818
vn -0.17956444 0.79136512 0.58437818
vn -0.17956444 0.79136512 0.58437818
vn -0.00813767 0.90856272 0.41766919
vn -0.00813767 0.90856272 0.41766919
vn -0.00813767 0.90856272 0.41766919
vn 0.77330968 0.17700065 0.60882092
vn 0.77330968 0.17700065 0.60882092
vn 0.77330968 0.17700065 0.60882092
vn 0.86602403 0.41238325 0.28274093
vn 0.86602403 0.41238325 0.28274093
vn 0.86602403 0.41238325 0.28274093
vn 0.53567876 -0.09029252 0.83958056
vn 0.53567876 -0.09029252 0.83958056
vn 0.53567876 -0.09029252 0.83958056
vn 0.66640304 -0.23373284 0.70800844
vn 0.66640304 -0.23373284 0.70800844
vn 0.66640304 -0.23373284 0.70800844
vn -0.91383517 0.17732665 0.36532253
vn -0.91383517 0.17732665 0.36532253
vn -0.91383517 0.17732665 0.36532253
vn -0.67766946 0.41303711 0.60841142
vn -0.67766946 0.41303711 0.60841142
vn -0.67766946 0.41303711 0.60841142
vn -0.99488299 -0.09080813 0.04429123
vn -0.99488299 -0.09080813 0.04429123
vn -0.99488299 -0.09080813 0.04429123
vn -0.94633812 -0.23397461 0.22293507
vn -0.94633812 -0.23397461 0.22293507
vn -0.94633812 -0.23397461 0.22293507
vn -0.50037527 -0.00098108 -0.86580808
vn -0.50037527 -0.00098108 -0.86580808
vn -0.50037527 -0.00098108 -0.86580808
vn -0.47229408 0.00115571 -0.88144028
vn -0.47229408 0.00115571 -0.88144028
vn -0.47229408 0.00115571 -0.88144028
vn 0.11095175 0.23693061 -0.96517024
vn 0.11095175 0.23693061 -0.96517024
vn 0.11095175 0.23693061 -0.96517024
vn 0.58118352 0.03049472 0.81320095
vn 0.58118352 0.03049472 0.81320095
vn 0.58118352 0.03049472 0.81320095
vn 0.48003924 0.02664928 0.87684214
vn 0.48003924 0.02664928 0.87684214
vn 0.48003924 0.02664928 0.87684214
vn 0.51974974 0.04218855 0.85327623
vn 0.51974974 0.04218855 0.85327623
vn 0.51974974 0.04218855 0.85327623
vn 0.56933759 0.01710820 -0.82192580
vn 0.56933759 0.01710820 -0.82192580
vn 0.56933759 0.01710820 -0.82192580
vn 0.68817047 0.01507093 -0.72539250
vn 0.68817047 0.01507093 -0.72539250
vn 0.68817047 0.01507093 -0.72539250
vn 0.67941180 0.01927867 -0.73350388
vn 0.67941180 0.01927867 -0.73350388
vn 0.67941180 0.01927867 -0.73350388
vn 0.24629835 0.01158385 0.96912483
vn 0.24629835 0.01158385 0.96912483
vn 0.24629835 0.01158385 0.96912483
vn 0.17906539 0.03477165 0.98322252
vn 0.17906539 0.03477165 0.98322252
vn 0.17906539 0.03477165 0.98322252
vn 0.79582628 0.04232770 -0.60404379
vn 0.79582628 0.04232770 -0.60404379
vn 0.79582628 0.04232770 -0.60404379
vn 0.83928116 0.00893325 -0.54362425
vn 0.83928116 0.00893325 -0.54362425
vn 0.83928116 0.00893325 -0.54362425
vn 0.08020949 0.01904949 0.99659598
vn 0.08020949 0.01904949 0.99659598
vn 0.08020949 0.01904949 0.99659598
vn 0.92269819 0.01850671 -0.38507864
vn 0.92269819 0.01850671 -0.38507864
vn 0.92269819 0.01850671 -0.38507864
vn -0.11665030 0.02861130 0.99276085
vn -0.11665030 0.02861130 0.99276085
vn -0.11665030 0.02861130 0.99276085
vn -0.11457616 0.02932130 0.99298165
vn -0.11457616 0.02932130 0.99298165
vn -0.11457616 0.02932130 0.99298165
vn -0.22035443 0.01925711 0.97522976
vn -0.22035443 0.01925711 0.97522976
vn -0.22035443 0.01925711 0.97522976
vn 0.94659610 0.02681976 -0.32130441
vn 0.94659610 0.02681976 -0.32130441
vn 0.94659610 0.02681976 -0.32130441
vn 0.97071394 0.01309023 -0.23988140
vn 0.97071394 0.01309023 -0.23988140
vn 0.97071394 0.01309023 -0.23988140
vn -0.32249940 0.04200952 0.94563700
vn -0.32249940 0.04200952 0.94563700
vn -0.32249940 0.04200952 0.94563700
vn 0.98693588 0.03210479 -0.15788241
vn 0.98693588 0.03210479 -0.15788241
vn 0.98693588 0.03210479 -0.15788241
vn -0.44237721 0.02434248 0.89649866
vn -0.44237721 0.02434248 0.89649866
vn -0.44237721 0.02434248 0.89649866
vn 0.99913469 0.00989052 -0.04039869
vn 0.99913469 0.00989052 -0.04039869
vn 0.99913469 0.00989052 -0.04039869
vn 0.99177440 0.03064414 0.12427579
vn 0.99177440 0.03064414 0.12427579
vn 0.99177440 0.03064414 0.12427579
vn 0.99583835 0.03641925 0.08354411
vn 0.99583835 0.03641925 0.08354411
vn 0.99583835 0.03641925 0.08354411
vn 0.94908557 0.04472034 0.31182796
vn 0.94908557 0.04472034 0.31182796
vn 0.94908557 0.04472034 0.31182796
vn 0.96976641 0.01733147 0.24341882
vn 0.96976641 0.01733147 0.24341882
vn 0.96976641 0.01733147 0.24341882
vn 0.88845662 0.04508732 0.45674058
vn 0.88845662 0.04508732 0.45674058
vn 0.88845662 0.04508732 0.45674058
vn 0.86031503 0.02239408 0.50927061
vn 0.86031503 0.02239408 0.50927061
vn 0.86031503 0.02239408 0.50927061
vn 0.77665456 0.02108559 0.62957374
vn 0.77665456 0.02108559 0.62957374
vn 0.77665456 0.02108559 0.62957374
vn 0.69270505 0.05224819 0.71932596
vn 0.69270505 0.05224819 0.71932596
vn 0.69270505 0.05224819 0.71932596
vn 0.77640659 0.62232582 -0.09951572
vn 0.77640659 0.62232582 -0.09951572
vn 0.77640659 0.62232582 -0.09951572
vn 0.61529701 0.78796398 0.02285521
vn 0.61529701 0.78796398 0.02285521
vn 0.61529701 0.78796398 0.02285521
vn -0.13678061 0.79149976 -0.59566702
vn -0.13678061 0.79149976 -0.59566702
vn -0.13678061 0.79149976 -0.59566702
vn -0.02249931 0.42179770 -0.90641077
vn -0.02249931 0.42179770 -0.90641077
vn -0.02249931 0.42179770 -0.90641077
vn 0.08000285 0.84092662 -0.53520274
vn 0.08000285 0.84092662 -0.53520274
vn 0.08000285 0.84092662 -0.53520274
vn 0.16247551 0.64587808 -0.74595121
vn 0.16247551 0.64587808 -0.74595121
vn 0.16247551 0.64587808 -0.74595121
vn 0.38070814 0.58492558 -0.71618670
vn 0.38070814 0.58492558 -0.71618670
vn 0.38070814 0.58492558 -0.71618670
vn 0.33041547 0.75740323 -0.56317490
vn 0.33041547 0.75740323 -0.56317490
vn 0.33041547 0.75740323 -0.56317490
vn 0.54382235 0.60223745 -0.58443760
vn 0.54382235 0.60223745 -0.58443760
vn 0.54382235 0.60223745 -0.58443760
vn 0.48601543 0.73377193 -0.47472914
vn 0.48601543 0.73377193 -0.47472914
vn 0.48601543 0.73377193 -0.47472914
vn 0.35444276 0.91975503 -0.16858532
vn 0.35444276 0.91975503 -0.16858532
vn 0.35444276 0.91975503 -0.16858532
vn 0.70120326 0.53093316 -0.47584027
vn 0.70120326 0.53093316 -0.47584027
vn 0.70120326 0.53093316 -0.47584027
vn 0.02263809 0.99971320 0.00781192
vn 0.02263809 0.99971320 0.00781192
vn 0.02263809 0.99971320 0.00781192
vn 0.00638696 0.99995049 0.00763020
vn 0.00638696 0.99995049 0.00763020
vn 0.00638696 0.99995049 0.00763020
vn 0.00000000 1.00000000 0.00000000
vn 0.00000000 1.00000000 0.00000000
vn 0.00000000 1.00000000 0.00000000
vn 0.00532343 0.99981698 0.01837553
vn 0.00532343 0.99981698 0.01837553
vn 0.00532343 0.99981698 0.01837553
vn 0.00185272 0.99950028 0.03155549
vn 0.00185272 0.99950028 0.03155549
vn 0.00185272 0.99950028 0.03155549
vn -0.02443611 0.99967298 0.00753684
vn -0.02443611 0.99967298 0.00753684
vn -0.02443611 0.99967298 0.00753684
vn 0.00000000 1.00000000 0.00000000
vn -0.01508058 0.99956926 -0.02517699
vn -0.01508058 0.99956926 -0.02517699
vn -0.01508058 0.99956926 -0.02517699
vn -0.02920239 0.99957272 -0.00126491
vn -0.02920239 0.99957272 -0.00126491
vn -0.02920239 0.99957272 -0.00126491
vn -0.00033246 0.99992960 -0.01186098
vn 0.00018748 0.99993618 -0.01129586
vn 0.00003589 0.99993432 -0.01146063
vn 0.00032970 0.99993788 -0.01114129
vn -0.02354788 0.99970948 -0.00514417
vn -0.02354788 0.99970948 -0.00514417
vn -0.02354788 0.99970948 -0.00514417
vn 0.02878993 0.99949806 0.01322027
vn 0.02864777 0.99950001 0.01338019
vn 0.02856961 0.99950610 0.01308927
vn 0.00147984 0.99997626 0.00673043
vn 0.00147984 0.99997626 0.00673043
vn 0.00147984 0.99997626 0.00673043
vn 0.00000000 1.00000000 0.00000000
vn 0.00000000 1.00000000 0.00000000
vn 0.00000000 1.00000000 0.00000000
vn -0.02902412 0.99957633 0.00218358
vn -0.02902412 0.99957633 0.00218358
vn -0.02902412 0.99957633 0.00218358
vn -0.03412900 0.99928510 -0.01626322
vn -0.03026553 0.99936835 -0.01862508
vn -0.03139533 0.99934613 -0.01793448
vn -0.03439671 0.99932014 -0.01327122
vn -0.03439671 0.99932014 -0.01327122
vn -0.03439671 0.99932014 -0.01327122
vn 0.00000000 1.00000000 0.00000000
vn 0.00519166 0.99995272 -0.00822242
vn 0.00718334 0.99993767 -0.00854733
vn 0.00519166 0.99995272 -0.00822242
vn 0.02839328 0.99952101 0.01231184
vn 0.00156049 0.99994864 -0.01001429
vn 0.00156049 0.99994864 -0.01001429
vn 0.00156049 0.99994864 -0.01001429
vn 0.00784266 0.99996888 -0.00085684
vn 0.00784266 0.99996888 -0.00085684
vn 0.00784266 0.99996888 -0.00085684
vn 0.02834275 0.99953052 0.01163755
vn 0.02036027 0.99976338 -0.00765731
vn 0.02036027 0.99976338 -0.00765731
vn 0.02036027 0.99976338 -0.00765731
vn 0.00906472 0.99991971 -0.00885422
vn 0.00906472 0.99991971 -0.00885422
vn 0.02235595 0.99968539 0.01137278
vn 0.02235595 0.99968539 0.01137278
vn 0.02235595 0.99968539 0.01137278
vn 0.00782205 0.99960390 0.02703447
vn 0.00782205 0.99960390 0.02703447
vn 0.00782205 0.99960390 0.02703447
vn -0.00570675 0.99997976 0.00281435
vn -0.00570675 0.99997976 0.00281435
vn -0.00570675 0.99997976 0.00281435
vn 0.00925652 0.99786465 0.06465651
vn 0.00925652 0.99786465 0.06465651
vn 0.00925652 0.99786465 0.06465651
vn -0.02427768 0.99907796 0.03540934
vn -0.02427768 0.99907796 0.03540934
vn -0.02427768 0.99907796 0.03540934
vn 0.03367780 0.99933534 -0.01395268
vn 0.03367780 0.99933534 -0.01395268
vn 0.03367780 0.99933534 -0.01395268
vn 0.02708353 0.99957801 0.01050141
vn 0.02708353 0.99957801 0.01050141
vn 0.02708353 0.99957801 0.01050141
vn -0.02938263 0.99946218 -0.01456065
vn -0.02938263 0.99946218 -0.01456065
vn -0.02938263 0.99946218 -0.01456065
vn -0.02724219 0.99941919 -0.02047282
vn 0.02524411 0.99899610 -0.03700725
vn 0.02524411 0.99899610 -0.03700725
vn 0.02524411 0.99899610 -0.03700725
vn 0.00000000 1.00000000 0.00000000
vn 0.00000000 1.00000000 0.00000000
vn 0.00000000 1.00000000 0.00000000
vn 0.00000000 1.00000000 0.00000000
vn -0.00445210 0.99931846 0.03664417
vn -0.00445210 0.99931846 0.03664417
vn -0.00445210 0.99931846 0.03664417
vn -0.02984474 0.99944013 0.01512356
vn -0.02984474 0.99944013 0.01512356
vn -0.02984474 0.99944013 0.01512356
vn 0.00000000 1.00000000 0.00000000
vn 0.00000000 1.00000000 0.00000000
vn 0.00000000 1.00000000 0.00000000
vn -0.00617580 0.99965345 -0.02558986
vn -0.00627550 0.99965244 -0.02560495
vn -0.00665668 0.99964850 -0.02566264
vn 0.00103362 0.99989427 0.01450423
vn 0.00103362 0.99989427 0.01450423
vn 0.00103362 0.99989427 0.01450423
vn 0.00000000 1.00000000 0.00000000
vn 0.00000000 1.00000000 0.00000000
vn 0.00000000 1.00000000 0.00000000
vn 0.00000000 1.00000000 0.00000000
vn -0.00593200 0.99965587 -0.02555295
vn -0.02039834 0.99974507 -0.00967969
vn -0.02039834 0.99974507 -0.00967969
vn -0.02039834 0.99974507 -0.00967969
vn 0.00000000 1.00000000 0.00000000
vn 0.00000000 1.00000000 0.00000000
vn -0.85077844 0.01304472 0.52536263
vn -0.85077844 0.01304472 0.52536263
vn -0.85077844 0.01304472 0.52536263
vn -0.99388393 -0.02009892 0.10858534
vn -0.99388393 -0.02009892 0.10858534
vn -0.99388393 -0.02009892 0.10858534
vn -0.89397569 0.02390085 -0.44747761
vn -0.89397569 0.02390085 -0.44747761
vn -0.89397569 0.02390085 -0.44747761
vn 0.00436251 -0.01169202 -0.99992213
vn 0.00436251 -0.01169202 -0.99992213
vn 0.00436251 -0.01169202 -0.99992213
vn -0.02790404 -0.00755038 -0.99958209
vn -0.02790404 -0.00755038 -0.99958209
vn -0.02790404 -0.00755038 -0.99958209
vn -0.07835186 0.62973145 0.77285140
vn -0.07835186 0.62973145 0.77285140
vn -0.07835186 0.62973145 0.77285140
vn -0.32524704 0.75041552 0.57540499
vn -0.32524704 0.75041552 0.57540499
vn -0.32524704 0.75041552 0.57540499
vn -0.59179468 0.65688424 0.46720676
vn -0.59179468 0.65688424 0.46720676
vn -0.59179468 0.65688424 0.46720676
vn -0.59801320 0.73689482 -0.31522410
vn -0.59801320 0.73689482 -0.31522410
vn -0.59801320 0.73689482 -0.31522410
vn -0.66270210 0.59927900 -0.44909978
vn -0.66270210 0.59927900 -0.44909978
vn -0.66270210 0.59927900 -0.44909978
vn -0.01887648 0.36591834 -0.93045551
vn -0.01887648 0.36591834 -0.93045551
vn -0.01887648 0.36591834 -0.93045551
vn -0.14715639 0.95980864 -0.23898196
vn -0.14715639 0.95980864 -0.23898196
vn -0.14715639 0.95980864 -0.23898196
vn -0.04032475 0.99459979 0.09563037
vn -0.04032475 0.99459979 0.09563037
vn -0.04032475 0.99459979 0.09563037
vn -0.88703133 -0.02189229 0.46118993
vn -0.88703133 -0.02189229 0.46118993
vn -0.88703133 -0.02189229 0.46118993
vn -0.93597190 -0.00671613 0.35201065
vn -0.93597190 -0.00671613 0.35201065
vn -0.93597190 -0.00671613 0.35201065
vn -0.98683466 0.01930086 -0.16057656
vn -0.98683466 0.01930086 -0.16057656
vn -0.98683466 0.01930086 -0.16057656
vn -0.71956345 0.01996489 -0.69413965
vn -0.71956345 0.01996489 -0.69413965
vn -0.71956345 0.01996489 -0.69413965
vn -0.27819385 -0.02192520 -0.96027468
vn -0.27819385 -0.02192520 -0.96027468
vn -0.27819385 -0.02192520 -0.96027468
vn 0.19979890 0.01321768 -0.97974777
vn 0.19979890 0.01321768 -0.97974777
vn 0.19979890 0.01321768 -0.97974777
vn -0.32249391 0.70448609 -0.63221596
vn -0.32249391 0.70448609 -0.63221596
vn -0.32249391 0.70448609 -0.63221596
vn 0.12458736 0.56453749 -0.81595062
vn 0.12458736 0.56453749 -0.81595062
vn 0.12458736 0.56453749 -0.81595062
vn -0.34963922 0.90785140 -0.23142656
vn -0.34963922 0.90785140 -0.23142656
vn -0.34963922 0.90785140 -0.23142656
vn 0.55946474 0.76425969 -0.32079017
vn 0.55946474 0.76425969 -0.32079017
vn 0.55946474 0.76425969 -0.32079017
vn 0.55519579 0.77329565 -0.30622129
vn 0.55519579 0.77329565 -0.30622129
vn 0.55519579 0.77329565 -0.30622129
vn 0.12214846 0.98857941 -0.08826380
vn 0.12214846 0.98857941 -0.08826380
vn 0.12214846 0.98857941 -0.08826380
vn -0.45942979 0.01790991 0.88803351
vn -0.45942979 0.01790991 0.88803351
vn -0.45942979 0.01790991 0.88803351
vn -0.97701315 -0.00731663 0.21305346
vn -0.97701315 -0.00731663 0.21305346
vn -0.97701315 -0.00731663 0.21305346
vn -0.95552306 -0.01639542 0.29446030
vn -0.95552306 -0.01639542 0.29446030
vn -0.95552306 -0.01639542 0.29446030
vn -0.95919749 0.01997876 -0.28203019
vn -0.95919749 0.01997876 -0.28203019
vn -0.95919749 0.01997876 -0.28203019
vn -0.41334176 0.00306707 -0.91057080
vn -0.41334176 0.00306707 -0.91057080
vn -0.41334176 0.00306707 -0.91057080
vn -0.21470969 -0.01769453 -0.97651762
vn -0.21470969 -0.01769453 -0.97651762
vn -0.21470969 -0.01769453 -0.97651762
vn 0.53890228 0.77543418 0.32906863
vn 0.53890228 0.77543418 0.32906863
vn 0.53890228 0.77543418 0.32906863
vn 0.31297053 0.82005543 0.47912268
vn 0.31297053 0.82005543 0.47912268
vn 0.31297053 0.82005543 0.47912268
vn 0.33739432 0.80982155 0.47995222
vn 0.33739432 0.80982155 0.47995222
vn 0.33739432 0.80982155 0.47995222
vn -0.66993563 0.66445957 0.33117930
vn -0.66993563 0.66445957 0.33117930
vn -0.66993563 0.66445957 0.33117930
vn -0.40618988 0.62856852 0.66325817
vn -0.40618988 0.62856852 0.66325817
vn -0.40618988 0.62856852 0.66325817
vn 0.42187183 0.01267417 0.90656689
vn 0.42187183 0.01267417 0.90656689
vn 0.42187183 0.01267417 0.90656689
vn 0.41735991 0.00250188 0.90873783
vn 0.41735991 0.00250188 0.90873783
vn 0.41735991 0.00250188 0.90873783
vn 0.77009596 -0.01931322 0.63763564
vn 0.77009596 -0.01931322 0.63763564
vn 0.77009596 -0.01931322 0.63763564
vn 0.79042656 0.02299824 0.61212494
vn 0.79042656 0.02299824 0.61212494
vn 0.79042656 0.02299824 0.61212494
vn 0.98933003 -0.01740479 0.14464842
vn 0.98933003 -0.01740479 0.14464842
vn 0.98933003 -0.01740479 0.14464842
vn 0.99038148 -0.00322997 0.13832605
vn 0.99038148 -0.00322997 0.13832605
vn 0.99038148 -0.00322997 0.13832605
vn -0.13032744 0.00433208 0.99146154
vn -0.13032744 0.00433208 0.99146154
vn -0.13032744 0.00433208 0.99146154
vn -0.12060488 -0.00781334 0.99266984
vn -0.12060488 -0.00781334 0.99266984
vn -0.12060488 -0.00781334 0.99266984
vn -0.99615054 -0.00478411 -0.08752837
vn -0.99631388 -0.00093152 -0.08577755
vn -0.99621734 -0.00325881 -0.08683537
vn -0.99637069 0.00051764 -0.08511859
vn -0.90435901 -0.03345831 0.42545896
vn -0.90435901 -0.03345831 0.42545896
vn -0.90435901 -0.03345831 0.42545896
vn -0.92514167 0.03360778 0.37813147
vn -0.92514167 0.03360778 0.37813147
vn -0.92514167 0.03360778 0.37813147
vn -0.60951447 0.00476080 0.79276065
vn -0.60951447 0.00476080 0.79276065
vn -0.60951447 0.00476080 0.79276065
vn -0.61491929 -0.01028412 0.78852299
vn -0.61491929 -0.01028412 0.78852299
vn -0.61491929 -0.01028412 0.78852299
vn -0.81255655 0.01402134 -0.58271370
vn -0.81255655 0.01402134 -0.58271370
vn -0.81255655 0.01402134 -0.58271370
vn -0.79934681 -0.01349438 -0.60071839
vn -0.79934681 -0.01349438 -0.60071839
vn -0.79934681 -0.01349438 -0.60071839
vn 0.57664071 0.00650150 -0.81697198
vn 0.57664071 0.00650150 -0.81697198
vn 0.57664071 0.00650150 -0.81697198
vn 0.57522554 0.00270674 -0.81799037
vn 0.57522554 0.00270674 -0.81799037
vn 0.57522554 0.00270674 -0.81799037
vn 0.14002421 -0.03616414 -0.98948743
vn 0.14002421 -0.03616414 -0.98948743
vn 0.14002421 -0.03616414 -0.98948743
vn 0.08748620 0.03405215 -0.99558356
vn 0.08748620 0.03405215 -0.99558356
vn 0.08748620 0.03405215 -0.99558356
vn -0.37628889 0.00115117 -0.92650167
vn -0.37763597 -0.00206692 -0.92595184
vn -0.37546097 0.00312347 -0.92683294
vn -0.37850059 -0.00413837 -0.92559180
vn 0.91999077 0.00743156 -0.39186957
vn 0.91999077 0.00743156 -0.39186957
vn 0.91999077 0.00743156 -0.39186957
vn 0.92384091 -0.00482410 -0.38274626
vn 0.92384091 -0.00482410 -0.38274626
vn 0.92384091 -0.00482410 -0.38274626
vn 0.85082617 0.01300792 -0.52528623
vn 0.85082617 0.01300792 -0.52528623
vn 0.85082617 0.01300792 -0.52528623
vn 0.99388316 -0.02010455 -0.10859131
vn 0.99388316 -0.02010455 -0.10859131
vn 0.99388316 -0.02010455 -0.10859131
vn 0.86635350 0.02818629 0.49863529
vn 0.86635350 0.02818629 0.49863529
vn 0.86635350 0.02818629 0.49863529
vn -0.01252440 -0.01267900 0.99984118
vn -0.01252440 -0.01267900 0.99984118
vn -0.01252440 -0.01267900 0.99984118
vn 0.02801820 -0.00747689 0.99957945
vn 0.02801820 -0.00747689 0.99957945
vn 0.02801820 -0.00747689 0.99957945
vn 0.90963264 -0.01539503 -0.41512823
vn 0.90963264 -0.01539503 -0.41512823
vn 0.90963264 -0.01539503 -0.41512823
vn 0.93600469 -0.00668806 -0.35192399
vn 0.93600469 -0.00668806 -0.35192399
vn 0.93600469 -0.00668806 -0.35192399
vn 0.79866362 0.02938872 0.60105967
vn 0.79866362 0.02938872 0.60105967
vn 0.79866362 0.02938872 0.60105967
vn 0.27821999 -0.02196768 0.96026614
vn 0.27821999 -0.02196768 0.96026614
vn 0.27821999 -0.02196768 0.96026614
vn -0.19980252 0.01316945 0.97974768
vn -0.19980252 0.01316945 0.97974768
vn -0.19980252 0.01316945 0.97974768
vn 0.45948762 0.01784852 -0.88800482
vn 0.45948762 0.01784852 -0.88800482
vn 0.45948762 0.01784852 -0.88800482
vn 0.97696743 -0.00731123 -0.21326318
vn 0.97696743 -0.00731123 -0.21326318
vn 0.97696743 -0.00731123 -0.21326318
vn 0.95545215 -0.01639324 -0.29469042
vn 0.95545215 -0.01639324 -0.29469042
vn 0.95545215 -0.01639324 -0.29469042
vn 0.95924029 0.01998074 0.28188442
vn 0.95924029 0.01998074 0.28188442
vn 0.95924029 0.01998074 0.28188442
vn 0.41327413 0.00306530 0.91060150
vn 0.41327413 0.00306530 0.91060150
vn 0.41327413 0.00306530 0.91060150
vn 0.21516358 -0.01764637 0.97641858
vn 0.21516358 -0.01764637 0.97641858
vn 0.21516358 -0.01764637 0.97641858
vn 0.00000000 1.00000000 0.00000000
vn 0.00000000 1.00000000 0.00000000
vn 0.00000000 1.00000000 0.00000000
vn 0.00000000 1.00000000 0.00000000
vn 0.00000000 1.00000000 0.00000000
vn 0.00000000 1.00000000 0.00000000
vn 0.00000000 1.00000000 0.00000000
vn -0.08232660 0.99544678 0.04804196
vn -0.08232660 0.99544678 0.04804196
vn -0.08232660 0.99544678 0.04804196
vn 0.00000000 1.00000000 0.00000000
vn 0.00000000 1.00000000 0.00000000
vn 0.00000000 1.00000000 0.00000000
vn -0.01862616 0.99112489 0.13162260
vn -0.01862616 0.99112489 0.13162260
vn -0.01862616 0.99112489 0.13162260
vn -0.09057689 0.97410946 0.20713907
vn -0.09057689 0.97410946 0.20713907
vn -0.09057689 0.97410946 0.20713907
vn 0.07403548 0.99716381 0.01353091
vn 0.07403548 0.99716381 0.01353091
vn 0.07403548 0.99716381 0.01353091
vn 0.01115086 0.97845748 -0.20614709
vn 0.01115086 0.97845748 -0.20614709
vn 0.01115086 0.97845748 -0.20614709
vn 0.18260594 0.97503497 0.12634036
vn 0.18260594 0.97503497 0.12634036
vn 0.18260594 0.97503497 0.12634036
vn -0.05191271 0.99684393 -0.06006038
vn -0.05191271 0.99684393 -0.06006038
vn -0.05191271 0.99684393 -0.06006038
vn 0.00000000 1.00000000 0.00000000
vn 0.00000000 1.00000000 0.00000000
vn 0.00000000 1.00000000 0.00000000
vn 0.03316324 0.99843756 -0.04497367
vn 0.03316324 0.99843756 -0.04497367
vn 0.03316324 0.99843756 -0.04497367
vn -0.75911971 0.64871876 -0.05386310
vn -0.75911971 0.64871876 -0.05386310
vn -0.75911971 0.64871876 -0.05386310
vn -0.03891470 0.99872291 -0.03222118
vn -0.03891470 0.99872291 -0.03222118
vn -0.03891470 0.99872291 -0.03222118
vn 0.06417108 0.99517340 0.07424269
vn 0.06417108 0.99517340 0.07424269
vn 0.06417108 0.99517340 0.07424269
vn 0.35603344 0.74518250 -0.56386455
vn 0.35603344 0.74518250 -0.56386455
vn 0.35603344 0.74518250 -0.56386455
vn 0.56504942 0.68789857 -0.45553783
vn 0.56504942 0.68789857 -0.45553783
vn 0.56504942 0.68789857 -0.45553783
vn 0.59035121 0.78337229 0.19445642
vn 0.59035121 0.78337229 0.19445642
vn 0.59035121 0.78337229 0.19445642
vn 0.63669919 0.66754060 0.38600995
vn 0.63669919 0.66754060 0.38600995
vn 0.63669919 0.66754060 0.38600995
vn 0.66174871 0.48994784 0.56748547
vn 0.66174871 0.48994784 0.56748547
vn 0.66174871 0.48994784 0.56748547
vn 0.12595068 0.74323449 0.65706842
vn 0.12595068 0.74323449 0.65706842
vn 0.12595068 0.74323449 0.65706842
vn -0.10139791 0.66507992 0.73985618
vn -0.10139791 0.66507992 0.73985618
vn -0.10139791 0.66507992 0.73985618
vn -0.56629304 0.72003453 0.40107663
vn -0.56629304 0.72003453 0.40107663
vn -0.56629304 0.72003453 0.40107663
vn -0.58190254 0.81188762 0.04720083
vn -0.58190254 0.81188762 0.04720083
vn -0.58190254 0.81188762 0.04720083
vn -0.31344202 0.81922270 -0.48023772
vn -0.31344202 0.81922270 -0.48023772
vn -0.31344202 0.81922270 -0.48023772
vn -0.54249640 0.77271811 -0.32955180
vn -0.54249640 0.77271811 -0.32955180
vn -0.54249640 0.77271811 -0.32955180
vn -0.33826751 0.80871941 -0.48119436
vn -0.33826751 0.80871941 -0.48119436
vn -0.33826751 0.80871941 -0.48119436
vn 0.66490787 0.66932537 -0.33151330
vn 0.66490787 0.66932537 -0.33151330
vn 0.66490787 0.66932537 -0.33151330
vn 0.40507629 0.63252091 -0.66017460
vn 0.40507629 0.63252091 -0.66017460
vn 0.40507629 0.63252091 -0.66017460
vn 0.91611652 0.39246859 0.08184693
vn 0.91611652 0.39246859 0.08184693
vn 0.91611652 0.39246859 0.08184693
vn 0.02741208 0.77636516 -0.62968699
vn 0.02741208 0.77636516 -0.62968699
vn 0.02741208 0.77636516 -0.62968699
vn -0.13112257 0.74083265 0.65876692
vn -0.13112257 0.74083265 0.65876692
vn -0.13112257 0.74083265 0.65876692
vn -0.70780238 0.70251255 -0.07410741
vn -0.70780238 0.70251255 -0.07410741
vn -0.70780238 0.70251255 -0.07410741
vn 0.27283722 -0.04048124 -0.96120816
vn 0.27283722 -0.04048124 -0.96120816
vn 0.27283722 -0.04048124 -0.96120816
vn 0.13294669 -0.53014737 0.83741802
vn 0.13294669 -0.53014737 0.83741802
vn 0.13294669 -0.53014737 0.83741802
vn 0.52725064 0.53861914 -0.65718809
vn 0.52725064 0.53861914 -0.65718809
vn 0.52725064 0.53861914 -0.65718809
vn 0.22239463 -0.37642335 -0.89935871
vn 0.22239463 -0.37642335 -0.89935871
vn 0.22239463 -0.37642335 -0.89935871
vn 0.96175341 0.22593846 0.15486186
vn 0.96175341 0.22593846 0.15486186
vn 0.96175341 0.22593846 0.15486186
vn 0.19475099 -0.74969562 0.63247809
vn 0.19475099 -0.74969562 0.63247809
vn 0.19475099 -0.74969562 0.63247809
vn 0.04691906 0.04058352 0.99807393
vn 0.04691906 0.04058352 0.99807393
vn 0.04691906 0.04058352 0.99807393
vn -0.08858927 0.97851485 0.18617364
vn -0.08858927 0.97851485 0.18617364
vn -0.08858927 0.97851485 0.18617364
vn -0.25629895 0.96584509 0.03813272
vn -0.25629895 0.96584509 0.03813272
vn -0.25629895 0.96584509 0.03813272
vn -0.06683436 0.97386919 -0.21705292
vn -0.06683436 0.97386919 -0.21705292
vn -0.06683436 0.97386919 -0.21705292
vn -0.22101343 0.93555515 0.27548073
vn -0.22101343 0.93555515 0.27548073
vn -0.22101343 0.93555515 0.27548073
vn -0.52274658 0.85228774 -0.01848272
vn -0.52274658 0.85228774 -0.01848272
vn -0.52274658 0.85228774 -0.01848272
f 1//1 2//2 3//3
f 4//4 5//5 6//6
f 7//7 8//8 9//9
f 10//10 11//11 12//12
f 13//13 14//14 15//15
f 16//16 17//17 18//18
f 19//19 20//20 21//21
f 22//22 23//23 24//24
f 25//25 26//26 27//27
f 28//28 29//29 30//30
f 31//31 32//32 33//33
f 34//34 35//35 36//36
f 37//37 38//38 39//39
f 40//40 41//41 42//42
f 43//43 44//44 45//45
f 46//46 47//47 48//48
f 49//49 50//50 51//51
f 52//52 53//53 54//54
f 55//55 56//56 57//57
f 58//58 59//59 60//60
f 61//61 62//62 63//63
f 64//64 65//65 66//66
f 67//67 68//68 69//69
f 70//70 71//71 72//72
f 73//73 74//74 75//75
f 76//76 77//77 78//78
f 79//79 80//80 81//81
f 82//82 83//83 84//84
f 85//85 86//86 87//87
f 88//88 89//89 90//90
f 91//91 92//92 93//93
f 94//94 95//95 96//96
f 97//97 98//98 99//99
f 100//100 101//101 102//102
f 103//103 104//104 105//105
f 106//106 107//107 108//108
f 109//109 110//110 111//111
f 112//112 113//113 114//114
f 115//115 116//116 117//117
f 94//94 118//118 95//95
f 119//119 120//120 121//121
f 122//122 123//123 124//124
f 125//125 126//126 127//127
f 128//128 129//129 130//130
f 131//131 132//132 133//133
f 134//134 135//135 136//136
f 137//137 138//138 139//139
f 140//140 141//141 142//142
f 143//143 144//144 145//145
f 146//146 147//147 148//148
f 149//149 150//150 151//151
f 152//152 153//153 154//154
f 155//155 156//156 157//157
f 158//158 159//159 160//160
f 161//161 162//162 163//163
f 164//164 165//165 166//166
f 167//167 168//168 169//169
f 170//170 171//171 172//172
f 173//173 174//174 175//175
f 176//176 177//177 178//178
f 179//179 180//180 181//181
f 182//182 183//183 184//184
f 185//185 186//186 187//187
f 188//188 189//189 190//190
f 191//191 192//192 193//193
f 194//194 195//195 196//196
f 197//197 198//198 199//199
f 200//200 201//201 202//202
f 203//203 204//204 205//205
f 206//206 207//207 208//208
f 209//209 210//210 211//211
f 212//212 213//213 214//214
f 215//215 216//216 217//217
f 218//218 219//219 220//220
f 221//221 222//222 223//223
f 224//224 225//225 226//226
f 227//227 228//228 229//229
f 230//230 231//231 232//232
f 233//233 234//234 235//235
f 236//236 237//237 238//238
f 239//239 240//240 241//241
f 242//242 243//243 244//244
f 245//245 246//246 247//247
f 248//248 249//249 250//250
f 251//251 252//252 253//253
f 254//254 255//255 256//256
f 257//257 258//258 259//259
f 260//260 261//261 262//262
f 263//263 264//264 265//265
f 266//266 267//267 268//268
f 269//269 270//270 271//271
f 272//272 273//273 274//274
f 275//275 276//276 277//277
f 278//278 279//279 280//280
f 281//281 282//282 283//283
f 284//284 285//285 286//286
f 287//287 288//288 289//289
f 290//290 291//291 292//292
f 293//293 294//294 295//295
f 296//296 297//297 298//298
f 299//299 300//300 301//301
f 302//302 303//303 304//304
f 305//305 306//306 307//307
f 308//308 309//309 310//310
f 311//311 312//312 313//313
f 314//314 315//315 316//316
f 317//317 318//318 319//319
f 320//320 321//321 322//322
f 323//323 324//324 325//325
f 326//326 327//327 328//328
f 329//329 330//330 331//331
f 332//332 333//333 334//334
f 335//335 336//336 337//337
f 338//338 339//339 340//340
f 341//341 342//342 343//343
f 344//344 345//345 346//346
f 347//347 348//348 349//349
f 350//350 351//351 352//352
f 353//353 354//354 355//355
f 356//356 357//357 358//358
f 359//359 360//360 361//361
f 362//362 363//363 364//364
f 365//365 366//366 367//367
f 368//368 369//369 370//370
f 371//371 372//372 373//373
f 374//374 375//375 376//376
f 377//377 378//378 379//379
f 380//380 381//381 382//382
f 383//383 384//384 385//385
f 386//386 387//387 388//388
f 389//389 390//390 391//391
f 392//392 393//393 394//394
f 395//395 396//396 397//397
f 398//398 399//399 400//400
f 401//401 402//402 403//403
f 404//404 405//405 406//406
f 407//407 408//408 409//409
f 410//410 411//411 412//412
f 413//413 414//414 415//415
f 416//416 417//417 418//418
f 419//419 420//420 421//421
f 422//422 423//423 424//424
f 425//425 426//426 427//427
f 428//428 429//429 430//430
f 431//431 432//432 433//433
f 434//434 435//435 436//436
f 437//437 438//438 439//439
f 440//440 441//441 442//442
f 443//443 444//444 445//445
f 446//446 447//447 448//448
f 449//449 450//450 451//451
f 452//452 453//453 454//454
f 455//455 456//456 457//457
f 458//458 459//459 460//460
f 461//461 462//462 463//463
f 464//464 465//465 466//466
f 467//467 468//468 469//469
f 470//470 471//471 472//472
f 473//473 474//474 475//475
f 476//476 477//477 478//478
f 479//479 480//480 481//481
f 482//482 483//483 484//484
f 485//485 486//486 487//487
f 488//488 489//489 490//490
f 491//491 492//492 493//493
f 494//494 495//495 496//496
f 497//497 498//498 499//499
f 500//500 501//501 502//502
f 503//503 504//504 505//505
f 506//506 507//507 508//508
f 506//506 509//509 507//507
f 510//510 511//511 512//512
f 513//513 514//514 515//515
f 516//516 517//517 518//518
f 519//519 520//520 521//521
f 522//522 523//523 524//524
f 525//525 526//526 527//527
f 528//528 529//529 530//530
f 531//531 532//532 533//533
f 534//534 535//535 536//536
f 537//537 538//538 539//539
f 540//540 541//541 542//542
f 543//543 544//544 545//545
f 546//546 547//547 548//548
f 549//549 550//550 551//551
f 552//552 553//553 554//554
f 555//555 556//556 557//557
f 558//558 559//559 560//560
f 561//561 562//562 563//563
f 564//564 565//565 566//566
f 567//567 568//568 569//569
f 570//570 571//571 572//572
f 573//573 574//574 575//575
f 576//576 577//577 578//578
f 579//579 580//580 581//581
f 582//582 583//583 584//584
f 585//585 586//586 587//587
f 588//588 589//589 590//590
f 591//591 592//592 593//593
f 594//594 595//595 596//596
f 597//597 598//598 599//599
f 600//600 601//601 602//602
f 603//603 604//604 605//605
f 606//606 607//607 608//608
f 609//609 610//610 611//611
f 612//612 613//613 614//614
f 615//615 616//616 617//617
f 609//609 618//618 610//610
f 619//619 620//620 621//621
f 622//622 623//623 624//624
f 625//625 626//626 627//627
f 628//628 629//629 630//630
f 631//631 632//632 633//633
f 634//634 635//635 636//636
f 637//637 638//638 639//639
f 640//640 641//641 642//642
f 643//643 644//644 645//645
f 646//646 647//647 648//648
f 649//649 650//650 651//651
f 652//652 653//653 654//654
f 655//655 656//656 657//657
f 658//658 659//659 660//660
f 661//661 662//662 663//663
f 664//664 665//665 666//666
f 667//667 668//668 669//669
f 670//670 671//671 672//672
f 673//673 674//674 675//675
f 676//676 677//677 678//678
f 679//679 680//680 681//681
f 682//682 683//683 684//684
f 685//685 686//686 687//687
f 688//688 689//689 690//690
f 691//691 692//692 693//693
f 694//694 695//695 696//696
f 697//697 698//698 699//699
f 700//700 701//701 702//702
f 703//703 704//704 705//705
f 706//706 707//707 708//708
f 709//709 710//710 711//711
f 712//712 713//713 714//714
f 715//715 716//716 717//717
f 718//718 719//719 720//720
f 721//721 722//722 723//723
f 724//724 725//725 726//726
f 727//727 728//728 729//729
f 730//730 731//731 732//732
f 733//733 734//734 735//735
f 736//736 737//737 738//738
f 739//739 740//740 741//741
f 742//742 743//743 744//744
f 745//745 746//746 747//747
f 748//748 749//749 750//750
f 751//751 752//752 753//753
f 754//754 755//755 756//756
f 757//757 758//758 759//759
f 760//760 761//761 762//762
f 763//763 764//764 765//765
f 766//766 767//767 768//768
f 769//769 770//770 771//771
f 772//772 773//773 774//774
f 775//775 776//776 777//777
f 778//778 779//779 780//780
f 781//781 782//782 783//783
f 784//784 785//785 786//786
f 787//787 788//788 789//789
f 790//790 791//791 792//792
f 793//793 794//794 795//795
f 796//796 797//797 798//798
f 799//799 800//800 801//801
f 802//802 803//803 804//804
f 805//805 806//806 807//807
f 808//808 809//809 810//810
f 799//799 801//801 811//811
f 812//812 813//813 814//814
f 815//815 816//816 817//817
f 818//818 819//819 820//820
f 821//821 822//822 823//823
f 824//824 825//825 826//826
f 827//827 828//828 829//829
f 830//830 831//831 832//832
f 833//833 834//834 835//835
f 836//836 837//837 838//838
f 839//839 840//840 841//841
f 842//842 843//843 844//844
f 845//845 846//846 847//847
f 848//848 849//849 850//850
f 851//851 852//852 853//853
f 854//854 855//855 856//856
f 857//857 858//858 859//859
f 860//860 861//861 862//862
f 863//863 864//864 865//865
f 866//866 867//867 868//868
f 869//869 870//870 871//871
f 872//872 873//873 874//874
f 875//875 876//876 877//877
f 878//878 879//879 880//880
f 881//881 882//882 883//883
f 884//884 885//885 886//886
f 887//887 888//888 889//889
f 890//890 891//891 892//892
f 893//893 894//894 895//895
f 896//896 897//897 898//898
f 899//899 900//900 901//901
f 902//902 903//903 904//904
f 905//905 906//906 907//907
f 908//908 909//909 910//910
f 911//911 912//912 913//913
f 914//914 915//915 916//916
f 917//917 918//918 919//919
f 920//920 921//921 922//922
f 923//923 924//924 925//925
f 926//926 927//927 928//928
f 929//929 930//930 931//931
f 932//932 933//933 934//934
f 935//935 936//936 937//937
f 938//938 939//939 940//940
f 941//941 942//942 943//943
f 944//944 945//945 946//946
f 947//947 948//948 949//949
f 950//950 951//951 952//952
f 953//953 954//954 955//955
f 956//956 957//957 958//958
f 959//959 960//960 961//961
f 962//962 963//963 964//964
f 965//965 966//966 967//967
f 968//968 969//969 970//970
f 971//971 972//972 973//973
f 974//974 975//975 976//976
f 977//977 978//978 979//979
f 980//980 981//981 982//982
f 983//983 984//984 985//985
f 986//986 987//987 988//988
f 989//989 990//990 991//991
f 992//992 993//993 994//994
f 995//995 996//996 997//997
f 998//998 999//999 1000//1000
f 1001//1001 1002//1002 1003//1003
f 1004//1004 1005//1005 1006//1006
f 1007//1007 1008//1008 1009//1009
f 1010//1010 1011//1011 1012//1012
f 1013//1013 1014//1014 1015//1015
f 1016//1016 1017//1017 1018//1018
f 1019//1019 1020//1020 1021//1021
f 1022//1022 1023//1023 1024//1024
f 1025//1025 1026//1026 1027//1027
f 1028//1028 1029//1029 1030//1030
f 1031//1031 1032//1032 1033//1033
f 1034//1034 1035//1035 1036//1036
f 1037//1037 1038//1038 1039//1039
f 1025//1025 1040//1040 1026//1026
f 1041//1041 1042//1042 1043//1043
f 1044//1044 1045//1045 1046//1046
f 1047//1047 1048//1048 1049//1049
f 1050//1050 1051//1051 1052//1052
f 1053//1053 1054//1054 1055//1055
f 1056//1056 1057//1057 1058//1058
f 1059//1059 1060//1060 1061//1061
f 1062//1062 1063//1063 1064//1064
f 1065//1065 1066//1066 1067//1067
f 1068//1068 1069//1069 1070//1070
f 1071//1071 1072//1072 1073//1073
f 1074//1074 1075//1075 1076//1076
f 1077//1077 1078//1078 1079//1079
f 1080//1080 1081//1081 1082//1082
f 1083//1083 1084//1084 1085//1085
f 1086//1086 1087//1087 1088//1088
f 1089//1089 1090//1090 1091//1091
f 1092//1092 1093//1093 1094//1094
f 1095//1095 1096//1096 1097//1097
f 1098//1098 1099//1099 1100//1100
f 1101//1101 1102//1102 1103//1103
f 1104//1104 1105//1105 1106//1106
f 1107//1107 1108//1108 1109//1109
f 1110//1110 1111//1111 1112//1112
f 1113//1113 1114//1114 1115//1115
f 1116//1116 1117//1117 1118//1118
f 1119//1119 1120//1120 1121//1121
f 1122//1122 1123//1123 1124//1124
f 1125//1125 1126//1126 1127//1127
f 1128//1128 1129//1129 1130//1130
f 1131//1131 1132//1132 1133//1133
f 1134//1134 1135//1135 1136//1136
f 1137//1137 1138//1138 1139//1139
f 1140//1140 1141//1141 1142//1142
f 1143//1143 1144//1144 1145//1145
f 1146//1146 1147//1147 1148//1148
f 1149//1149 1150//1150 1151//1151
f 1152//1152 1153//1153 1154//1154
f 1155//1155 1156//1156 1157//1157
f 1158//1158 1159//1159 1160//1160
f 1161//1161 1162//1162 1163//1163
f 1164//1164 1165//1165 1166//1166
f 1167//1167 1168//1168 1169//1169
f 1170//1170 1171//1171 1172//1172
f 1173//1173 1174//1174 1175//1175
f 1176//1176 1177//1177 1178//1178
f 1179//1179 1180//1180 1181//1181
f 1182//1182 1183//1183 1184//1184
f 1185//1185 1186//1186 1187//1187
f 1188//1188 1189//1189 1190//1190
f 1191//1191 1192//1192 1193//1193
f 1194//1194 1195//1195 1196//1196
f 1197//1197 1198//1198 1199//1199
f 1200//1200 1201//1201 1202//1202
f 1203//1203 1204//1204 1205//1205
f 1206//1206 1207//1207 1208//1208
f 1209//1209 1210//1210 1211//1211
f 1212//1212 1213//1213 1214//1214
f 1215//1215 1216//1216 1217//1217
f 1218//1218 1219//1219 1220//1220
f 1221//1221 1222//1222 1223//1223
f 1224//1224 1225//1225 1226//1226
f 1227//1227 1228//1228 1229//1229
f 1230//1230 1231//1231 1232//1232
f 1233//1233 1234//1234 1235//1235
f 1236//1236 1237//1237 1238//1238
f 1239//1239 1240//1240 1241//1241
f 1242//1242 1243//1243 1244//1244
f 1245//1245 1246//1246 1247//1247
f 1248//1248 1249//1249 1250//1250
f 1251//1251 1252//1252 1253//1253
f 1254//1254 1255//1255 1256//1256
f 1257//1257 1258//1258 1259//1259
f 1260//1260 1261//1261 1262//1262
f 1263//1263 1264//1264 1265//1265
f 1266//1266 1267//1267 1268//1268
f 1269//1269 1270//1270 1271//1271
f 1272//1272 1273//1273 1274//1274
f 1275//1275 1276//1276 1277//1277
f 1278//1278 1279//1279 1280//1280
f 1281//1281 1282//1282 1283//1283
f 1284//1284 1285//1285 1286//1286
f 1287//1287 1288//1288 1289//1289
f 1290//1290 1291//1291 1292//1292
f 1293//1293 1294//1294 1295//1295
f 1296//1296 1297//1297 1298//1298
f 1299//1299 1300//1300 1301//1301
f 1302//1302 1303//1303 1304//1304
f 1305//1305 1306//1306 1307//1307
f 1308//1308 1309//1309 1310//1310
f 1311//1311 1312//1312 1313//1313
f 1314//1314 1315//1315 1316//1316
f 1317//1317 1318//1318 1319//1319
f 1320//1320 1321//1321 1322//1322
f 1323//1323 1324//1324 1325//1325
f 1326//1326 1327//1327 1328//1328
f 1329//1329 1330//1330 1331//1331
f 1332//1332 1333//1333 1334//1334
f 1335//1335 1336//1336 1337//1337
f 1338//1338 1339//1339 1340//1340
f 1341//1341 1342//1342 1343//1343
f 1344//1344 1345//1345 1346//1346
f 1347//1347 1348//1348 1349//1349
f 1350//1350 1351//1351 1352//1352
f 1353//1353 1354//1354 1355//1355
f 1356//1356 1357//1357 1358//1358
f 1359//1359 1360//1360 1361//1361
f 1362//1362 1363//1363 1364//1364
f 1365//1365 1366//1366 1367//1367
f 1368//1368 1369//1369 1370//1370
f 1371//1371 1372//1372 1373//1373
f 1374//1374 1375//1375 1376//1376
f 1377//1377 1378//1378 1379//1379
f 1380//1380 1381//1381 1382//1382
f 1383//1383 1384//1384 1385//1385
f 1386//1386 1387//1387 1388//1388
f 1389//1389 1390//1390 1391//1391
f 1392//1392 1393//1393 1394//1394
f 1395//1395 1396//1396 1397//1397
f 1398//1398 1399//1399 1400//1400
f 1401//1401 1402//1402 1403//1403
f 1404//1404 1405//1405 1406//1406
f 1407//1407 1408//1408 1409//1409
f 1410//1410 1411//1411 1412//1412
f 1413//1413 1414//1414 1415//1415
f 1416//1416 1417//1417 1418//1418
f 1419//1419 1420//1420 1421//1421
f 1422//1422 1423//1423 1424//1424
f 1425//1425 1426//1426 1427//1427
f 1428//1428 1429//1429 1430//1430
f 1431//1431 1432//1432 1433//1433
f 1434//1434 1435//1435 1436//1436
f 1437//1437 1438//1438 1439//1439
f 1440//1440 1441//1441 1442//1442
f 1443//1443 1444//1444 1445//1445
f 1446//1446 1447//1447 1448//1448
f 1449//1449 1450//1450 1451//1451
f 1452//1452 1453//1453 1454//1454
f 1455//1455 1456//1456 1457//1457
f 1455//1455 1457//1457 1458//1458
f 1452//1452 1454//1454 1456//1456
f 1453//1453 1459//1459 1460//1460
f 1453//1453 1460//1460 1454//1454
f 1452//1452 1456//1456 1455//1455
f 1461//1461 1462//1462 1463//1463
f 1464//1464 1465//1465 1466//1466
f 1467//1467 1468//1468 1469//1469
f 1470//1470 1471//1471 1472//1472
f 1473//1473 1474//1474 1475//1475
f 1476//1476 1477//1477 1478//1478
f 1479//1479 1480//1480 1481//1481
f 1482//1482 1478//1478 1483//1483
f 1482//1482 1476//1476 1478//1478
f 1484//1484 1480//1480 1479//1479
f 1485//1485 1486//1486 1487//1487
f 1488//1488 1489//1489 1490//1490
f 1485//1485 1491//1491 1486//1486
f 1492//1492 1488//1488 1490//1490
f 1493//1493 1494//1494 1495//1495
f 1496//1496 1497//1497 1498//1498
f 1499//1499 1500//1500 1501//1501
f 1502//1502 1497//1497 1496//1496
f 1503//1503 1504//1504 1505//1505
f 1506//1506 1500//1500 1499//1499
f 1507//1507 1508//1508 1509//1509
f 1503//1503 1510//1510 1504//1504
f 1511//1511 1512//1512 1513//1513
f 1514//1514 1515//1515 1516//1516
f 1517//1517 1518//1518 1519//1519
f 1520//1520 1515//1515 1514//1514
f 1521//1521 1522//1522 1523//1523
f 1524//1524 1525//1525 1526//1526
f 1524//1524 1526//1526 1527//1527
f 1528//1528 1529//1529 1530//1530
f 1531//1531 1532//1532 1533//1533
f 1534//1534 1535//1535 1536//1536
f 1537//1537 1538//1538 1539//1539
f 1540//1540 1541//1541 1542//1542
f 1543//1543 1544//1544 1545//1545
f 1546//1546 1547//1547 1548//1548
f 1549//1549 1550//1550 1551//1551
f 1552//1552 1553//1553 1554//1554
f 1555//1555 1556//1556 1557//1557
f 1558//1558 1559//1559 1560//1560
f 1561//1561 1562//1562 1563//1563
f 1564//1564 1565//1565 1566//1566
f 1564//1564 1567//1567 1565//1565
f 1568//1568 1569//1569 1570//1570
f 1571//1571 1572//1572 1573//1573
f 1574//1574 1575//1575 1576//1576
f 1577//1577 1578//1578 1579//1579
f 1580//1580 1581//1581 1582//1582
f 1583//1583 1584//1584 1585//1585
f 1586//1586 1587//1587 1588//1588
f 1589//1589 1590//1590 1591//1591
f 1592//1592 1593//1593 1594//1594
f 1595//1595 1596//1596 1597//1597
f 1598//1598 1599//1599 1600//1600
f 1601//1601 1602//1602 1603//1603
f 1604//1604 1605//1605 1606//1606
f 1607//1607 1608//1608 1609//1609
f 1610//1610 1611//1611 1612//1612
f 1613//1613 1614//1614 1615//1615
f 1616//1616 1617//1617 1618//1618
f 1619//1619 1617//1617 1616//1616
f 1620//1620 1621//1621 1622//1622
f 1623//1623 1624//1624 1625//1625
f 1626//1626 1627//1627 1628//1628
f 1629//1629 1630//1630 1631//1631
f 1632//1632 1633//1633 1634//1634
f 1635//1635 1636//1636 1637//1637
f 1638//1638 1639//1639 1640//1640
f 1641//1641 1642//1642 1643//1643
f 1644//1644 1645//1645 1646//1646
f 1647//1647 1648//1648 1649//1649
f 1650//1650 1651//1651 1652//1652
f 1653//1653 1654//1654 1655//1655
f 1656//1656 1657//1657 1658//1658
f 1659//1659 1660//1660 1661//1661
f 1662//1662 1663//1663 1664//1664
f 1665//1665 1666//1666 1667//1667
f 1668//1668 1669//1669 1670//1670
f 1671//1671 1672//1672 1673//1673
f 1674//1674 1675//1675 1676//1676
f 1677//1677 1678//1678 1679//1679
f 1680//1680 1681//1681 1682//1682
f 1683//1683 1684//1684 1685//1685
f 1686//1686 1687//1687 1688//1688
f 1689//1689 1690//1690 1691//1691
f 1692//1692 1693//1693 1694//1694
f 1695//1695 1696//1696 1697//1697
f 1698//1698 1699//1699 1700//1700
f 1701//1701 1702//1702 1703//1703
f 1704//1704 1705//1705 1706//1706
f 1707//1707 1708//1708 1709//1709
f 1710//1710 1711//1711 1712//1712
f 1713//1713 1714//1714 1715//1715
f 1716//1716 1717//1717 1718//1718
f 1719//1719 1720//1720 1721//1721
f 1722//1722 1723//1723 1724//1724
f 1725//1725 1726//1726 1727//1727
f 1728//1728 1729//1729 1730//1730
f 1731//1731 1732//1732 1733//1733
f 1734//1734 1735//1735 1736//1736
f 1737//1737 1738//1738 1739//1739
f 1740//1740 1741//1741 1742//1742
f 1743//1743 1744//1744 1745//1745
f 1746//1746 1747//1747 1748//1748
f 1749//1749 1750//1750 1751//1751
f 1752//1752 1753//1753 1754//1754
f 1755//1755 1756//1756 1757//1757
f 1758//1758 1759//1759 1760//1760
f 1761//1761 1762//1762 1763//1763
f 1764//1764 1765//1765 1766//1766
f 1767//1767 1768//1768 1769//1769
f 1770//1770 1771//1771 1772//1772
f 1773//1773 1774//1774 1775//1775
f 1776//1776 1777//1777 1778//1778
f 1779//1779 1780//1780 1781//1781
f 1782//1782 1783//1783 1784//1784
f 1785//1785 1786//1786 1787//1787
f 1788//1788 1789//1789 1790//1790
f 1791//1791 1792//1792 1793//1793
f 1794//1794 1795//1795 1796//1796
f 1797//1797 1798//1798 1799//1799
f 1800//1800 1801//1801 1802//1802
f 1803//1803 1804//1804 1805//1805
f 1806//1806 1807//1807 1808//1808
f 1809//1809 1810//1810 1811//1811
f 1812//1812 1813//1813 1814//1814
f 1815//1815 1816//1816 1817//1817
f 1818//1818 1819//1819 1820//1820
f 1821//1821 1822//1822 1823//1823
f 1824//1824 1825//1825 1826//1826
f 1827//1827 1828//1828 1829//1829
f 1830//1830 1831//1831 1832//1832
f 1833//1833 1834//1834 1835//1835
f 1836//1836 1837//1837 1838//1838
f 1839//1839 1840//1840 1841//1841
f 1842//1842 1843//1843 1844//1844
f 1845//1845 1846//1846 1847//1847
f 1848//1848 1849//1849 1850//1850
f 1851//1851 1852//1852 1853//1853
f 1854//1854 1855//1855 1856//1856
f 1857//1857 1858//1858 1859//1859
f 1860//1860 1861//1861 1862//1862
f 1863//1863 1864//1864 1865//1865
f 1866//1866 1867//1867 1868//1868
f 1869//1869 1870//1870 1871//1871
f 1872//1872 1873//1873 1874//1874
f 1875//1875 1876//1876 1877//1877
f 1878//1878 1879//1879 1880//1880
f 1881//1881 1882//1882 1883//1883
f 1884//1884 1885//1885 1886//1886
f 1887//1887 1888//1888 1889//1889
f 1890//1890 1891//1891 1892//1892
f 1893//1893 1894//1894 1895//1895
f 1896//1896 1897//1897 1898//1898
f 1899//1899 1900//1900 1901//1901
f 1902//1902 1903//1903 1904//1904
f 1905//1905 1906//1906 1907//1907
f 1908//1908 1909//1909 1910//1910
f 1911//1911 1912//1912 1913//1913
f 1914//1914 1915//1915 1916//1916
f 1917//1917 1918//1918 1919//1919
f 1920//1920 1921//1921 1922//1922
f 1923//1923 1924//1924 1925//1925
f 1926//1926 1927//1927 1928//1928
f 1929//1929 1930//1930 1931//1931
f 1932//1932 1933//1933 1934//1934
f 1935//1935 1936//1936 1937//1937
f 1938//1938 1939//1939 1940//1940
f 1941//1941 1942//1942 1943//1943
f 1944//1944 1945//1945 1946//1946
f 1947//1947 1948//1948 1949//1949
f 1950//1950 1951//1951 1952//1952
f 1953//1953 1954//1954 1955//1955
f 1956//1956 1957//1957 1958//1958
f 1959//1959 1960//1960 1961//1961
f 1962//1962 1963//1963 1964//1964
f 1965//1965 1966//1966 1967//1967
f 1968//1968 1969//1969 1970//1970
f 1971//1971 1972//1972 1973//1973
f 1974//1974 1975//1975 1976//1976
f 1977//1977 1978//1978 1979//1979
f 1980//1980 1981//1981 1982//1982
f 1983//1983 1984//1984 1985//1985
f 1986//1986 1987//1987 1988//1988
f 1989//1989 1990//1990 1991//1991
f 1992//1992 1993//1993 1994//1994
f 1995//1995 1996//1996 1997//1997
f 1998//1998 1999//1999 2000//2000
f 2001//2001 2002//2002 2003//2003
f 2004//2004 2005//2005 2006//2006
f 2007//2007 2008//2008 2009//2009
f 2010//2010 2011//2011 2012//2012
f 2013//2013 2014//2014 2015//2015
f 2016//2016 2017//2017 2018//2018
f 2019//2019 2020//2020 2021//2021
f 2022//2022 2023//2023 2024//2024
f 2025//2025 2026//2026 2027//2027
f 2028//2028 2029//2029 2030//2030
f 2031//2031 2032//2032 2033//2033
f 2034//2034 2035//2035 2036//2036
f 2037//2037 2038//2038 2039//2039
f 2040//2040 2041//2041 2042//2042
f 2043//2043 2044//2044 2045//2045
f 2046//2046 2047//2047 2048//2048
f 2049//2049 2050//2050 2051//2051
f 2052//2052 2053//2053 2054//2054
f 2055//2055 2056//2056 2057//2057
f 2058//2058 2059//2059 2060//2060
f 2061//2061 2062//2062 2063//2063
f 2064//2064 2065//2065 2066//2066
f 2067//2067 2068//2068 2069//2069
f 2070//2070 2071//2071 2072//2072
f 2073//2073 2074//2074 2075//2075
f 2076//2076 2077//2077 2078//2078
f 2079//2079 2080//2080 2081//2081
f 2082//2082 2083//2083 2084//2084
f 2085//2085 2086//2086 2087//2087
f 2088//2088 2089//2089 2090//2090
f 2091//2091 2092//2092 2093//2093
f 2094//2094 2095//2095 2096//2096
f 2097//2097 2098//2098 2099//2099
f 2100//2100 2101//2101 2102//2102
f 2103//2103 2104//2104 2105//2105
f 2106//2106 2107//2107 2108//2108
f 2109//2109 2110//2110 2111//2111
f 2112//2112 2113//2113 2114//2114
f 2115//2115 2116//2116 2117//2117
f 2118//2118 2119//2119 2120//2120
f 2121//2121 2122//2122 2123//2123
f 2124//2124 2125//2125 2126//2126
f 2127//2127 2128//2128 2129//2129
f 2130//2130 2131//2131 2132//2132
f 2133//2133 2134//2134 2135//2135
f 2136//2136 2137//2137 2138//2138
f 2139//2139 2140//2140 2141//2141
f 2142//2142 2143//2143 2144//2144
f 2145//2145 2146//2146 2147//2147
f 2148//2148 2149//2149 2150//2150
f 2151//2151 2152//2152 2153//2153
f 2154//2154 2155//2155 2156//2156
f 2157//2157 2158//2158 2159//2159
f 2160//2160 2161//2161 2162//2162
f 2163//2163 2164//2164 2165//2165
f 2166//2166 2167//2167 2168//2168
f 2169//2169 2170//2170 2171//2171
f 2172//2172 2173//2173 2174//2174
f 2175//2175 2176//2176 2177//2177
f 2178//2178 2179//2179 2180//2180
f 2181//2181 2182//2182 2183//2183
f 2184//2184 2185//2185 2186//2186
f 2187//2187 2188//2188 2189//2189
f 2190//2190 2191//2191 2192//2192
f 2193//2193 2194//2194 2195//2195
f 2196//2196 2197//2197 2198//2198
f 2199//2199 2200//2200 2201//2201
f 2202//2202 2203//2203 2204//2204
f 2205//2205 2206//2206 2207//2207
f 2208//2208 2209//2209 2210//2210
f 2211//2211 2212//2212 2213//2213
f 2214//2214 2215//2215 2216//2216
f 2217//2217 2218//2218 2219//2219
f 2220//2220 2221//2221 2222//2222
f 2175//2175 2223//2223 2176//2176
f 2224//2224 2225//2225 2226//2226
f 2227//2227 2228//2228 2229//2229
f 2230//2230 2231//2231 2232//2232
f 2233//2233 2234//2234 2235//2235
f 2236//2236 2237//2237 2238//2238
f 2239//2239 2240//2240 2241//2241
f 2242//2242 2243//2243 2244//2244
f 2245//2245 2246//2246 2247//2247
f 2248//2248 2249//2249 2250//2250
f 2251//2251 2252//2252 2253//2253
f 2254//2254 2255//2255 2256//2256
f 2257//2257 2258//2258 2259//2259
f 2260//2260 2261//2261 2262//2262
f 2263//2263 2264//2264 2265//2265
f 2266//2266 2267//2267 2268//2268
f 2269//2269 2270//2270 2271//2271
f 2272//2272 2273//2273 2274//2274
f 2275//2275 2276//2276 2277//2277
f 2278//2278 2279//2279 2280//2280
f 2281//2281 2282//2282 2283//2283
f 2284//2284 2285//2285 2286//2286
f 2287//2287 2288//2288 2289//2289
f 2290//2290 2291//2291 2292//2292
f 2293//2293 2294//2294 2295//2295
f 2296//2296 2297//2297 2298//2298
f 2299//2299 2300//2300 2301//2301
f 2302//2302 2303//2303 2304//2304
f 2305//2305 2306//2306 2307//2307
f 2308//2308 2309//2309 2310//2310
f 2311//2311 2312//2312 2313//2313
f 2314//2314 2315//2315 2316//2316
f 2317//2317 2318//2318 2319//2319
f 2320//2320 2321//2321 2322//2322
f 2323//2323 2324//2324 2325//2325
f 2326//2326 2327//2327 2328//2328
f 2329//2329 2330//2330 2331//2331
f 2332//2332 2333//2333 2334//2334
f 2335//2335 2336//2336 2337//2337
f 2338//2338 2339//2339 2340//2340
f 2341//2341 2342//2342 2343//2343
f 2344//2344 2345//2345 2346//2346
f 2347//2347 2348//2348 2349//2349
f 2350//2350 2351//2351 2352//2352
f 2353//2353 2354//2354 2355//2355
f 2356//2356 2357//2357 2358//2358
f 2359//2359 2360//2360 2361//2361
f 2362//2362 2363//2363 2364//2364
f 2365//2365 2366//2366 2367//2367
f 2368//2368 2369//2369 2370//2370
f 2371//2371 2372//2372 2373//2373
f 2374//2374 2375//2375 2376//2376
f 2377//2377 2378//2378 2379//2379
f 2380//2380 2381//2381 2382//2382
f 2383//2383 2384//2384 2385//2385
f 2386//2386 2387//2387 2388//2388
f 2389//2389 2390//2390 2391//2391
f 2392//2392 2393//2393 2394//2394
f 2395//2395 2396//2396 2397//2397
f 2398//2398 2399//2399 2400//2400
f 2401//2401 2402//2402 2403//2403
f 2404//2404 2405//2405 2406//2406
f 2407//2407 2408//2408 2409//2409
f 2410//2410 2411//2411 2412//2412
f 2413//2413 2414//2414 2415//2415
f 2416//2416 2417//2417 2418//2418
f 2419//2419 2420//2420 2421//2421
f 2422//2422 2423//2423 2424//2424
f 2425//2425 2426//2426 2427//2427
f 2428//2428 2429//2429 2430//2430
f 2431//2431 2432//2432 2433//2433
f 2434//2434 2435//2435 2436//2436
f 2437//2437 2438//2438 2439//2439
f 2440//2440 2441//2441 2442//2442
f 2443//2443 2444//2444 2445//2445
f 2446//2446 2447//2447 2448//2448
f 2449//2449 2450//2450 2451//2451
f 2452//2452 2453//2453 2454//2454
f 2455//2455 2456//2456 2457//2457
f 2458//2458 2459//2459 2460//2460
f 2461//2461 2462//2462 2463//2463
f 2464//2464 2465//2465 2466//2466
f 2467//2467 2468//2468 2469//2469
f 2470//2470 2471//2471 2472//2472
f 2473//2473 2474//2474 2475//2475
f 2476//2476 2477//2477 2478//2478
f 2479//2479 2480//2480 2481//2481
f 2482//2482 2483//2483 2484//2484
f 2485//2485 2486//2486 2487//2487
f 2488//2488 2489//2489 2490//2490
f 2491//2491 2492//2492 2493//2493
f 2494//2494 2495//2495 2496//2496
f 2497//2497 2498//2498 2499//2499
f 2500//2500 2501//2501 2502//2502
f 2503//2503 2504//2504 2505//2505
f 2506//2506 2507//2507 2508//2508
f 2509//2509 2510//2510 2511//2511
f 2512//2512 2513//2513 2514//2514
f 2515//2515 2516//2516 2517//2517
f 2518//2518 2519//2519 2520//2520
f 2521//2521 2522//2522 2523//2523
f 2524//2524 2525//2525 2526//2526
f 2527//2527 2528//2528 2529//2529
f 2530//2530 2531//2531 2532//2532
f 2533//2533 2534//2534 2535//2535
f 2536//2536 2537//2537 2538//2538
f 2539//2539 2540//2540 2541//2541
f 2542//2542 2543//2543 2544//2544
f 2545//2545 2546//2546 2547//2547
f 2548//2548 2549//2549 2550//2550
f 2551//2551 2552//2552 2553//2553
f 2554//2554 2555//2555 2556//2556
f 2557//2557 2558//2558 2559//2559
f 2560//2560 2561//2561 2562//2562
f 2563//2563 2564//2564 2565//2565
f 2566//2566 2567//2567 2568//2568
f 2569//2569 2570//2570 2571//2571
f 2572//2572 2573//2573 2574//2574
f 2575//2575 2576//2576 2577//2577
f 2578//2578 2579//2579 2580//2580
f 2581//2581 2582//2582 2583//2583
f 2584//2584 2585//2585 2586//2586
f 2587//2587 2588//2588 2589//2589
f 2590//2590 2591//2591 2592//2592
f 2593//2593 2594//2594 2595//2595
f 2596//2596 2597//2597 2598//2598
f 2599//2599 2600//2600 2601//2601
f 2602//2602 2603//2603 2604//2604
f 2605//2605 2606//2606 2607//2607
f 2608//2608 2609//2609 2610//2610
f 2611//2611 2612//2612 2613//2613
f 2614//2614 2615//2615 2616//2616
f 2617//2617 2618//2618 2619//2619
f 2620//2620 2621//2621 2622//2622
f 2623//2623 2624//2624 2625//2625
f 2626//2626 2627//2627 2628//2628
f 2629//2629 2630//2630 2631//2631
f 2632//2632 2633//2633 2634//2634
f 2635//2635 2636//2636 2637//2637
f 2638//2638 2639//2639 2640//2640
f 2641//2641 2642//2642 2643//2643
f 2644//2644 2645//2645 2646//2646
f 2647//2647 2648//2648 2649//2649
f 2650//2650 2651//2651 2652//2652
f 2653//2653 2654//2654 2655//2655
f 2656//2656 2657//2657 2658//2658
f 2659//2659 2660//2660 2661//2661
f 2662//2662 2663//2663 2664//2664
f 2665//2665 2666//2666 2667//2667
f 2668//2668 2669//2669 2670//2670
f 2671//2671 2672//2672 2673//2673
f 2674//2674 2675//2675 2676//2676
f 2677//2677 2678//2678 2679//2679
f 2680//2680 2681//2681 2682//2682
f 2683//2683 2684//2684 2685//2685
f 2686//2686 2687//2687 2688//2688
f 2689//2689 2690//2690 2691//2691
f 2692//2692 2693//2693 2694//2694
f 2695//2695 2696//2696 2697//2697
f 2698//2698 2699//2699 2700//2700
f 2701//2701 2702//2702 2703//2703
f 2704//2704 2705//2705 2706//2706
f 2707//2707 2708//2708 2709//2709
f 2710//2710 2711//2711 2712//2712
f 2713//2713 2714//2714 2715//2715
f 2716//2716 2717//2717 2718//2718
f 2719//2719 2720//2720 2721//2721
f 2722//2722 2723//2723 2724//2724
f 2725//2725 2726//2726 2727//2727
f 2728//2728 2729//2729 2730//2730
f 2731//2731 2732//2732 2733//2733
f 2734//2734 2735//2735 2736//2736
f 2737//2737 2738//2738 2739//2739
f 2740//2740 2741//2741 2742//2742
f 2743//2743 2744//2744 2745//2745
f 2746//2746 2747//2747 2748//2748
f 2749//2749 2750//2750 2751//2751
f 2752//2752 2753//2753 2754//2754
f 2755//2755 2756//2756 2757//2757
f 2758//2758 2759//2759 2760//2760
f 2761//2761 2762//2762 2763//2763
f 2764//2764 2765//2765 2766//2766
f 2767//2767 2768//2768 2769//2769
f 2770//2770 2771//2771 2772//2772
f 2773//2773 2774//2774 2775//2775
f 2776//2776 2777//2777 2778//2778
f 2779//2779 2780//2780 2781//2781
f 2782//2782 2783//2783 2784//2784
f 2785//2785 2786//2786 2787//2787
f 2788//2788 2789//2789 2790//2790
f 2791//2791 2792//2792 2793//2793
f 2794//2794 2795//2795 2796//2796
f 2797//2797 2798//2798 2799//2799
f 2800//2800 2801//2801 2802//2802
f 2803//2803 2804//2804 2805//2805
f 2806//2806 2807//2807 2808//2808
f 2809//2809 2810//2810 2811//2811
f 2812//2812 2813//2813 2814//2814
f 2815//2815 2816//2816 2817//2817
f 2818//2818 2819//2819 2820//2820
f 2821//2821 2822//2822 2823//2823
f 2824//2824 2825//2825 2826//2826
f 2827//2827 2828//2828 2829//2829
f 2830//2830 2831//2831 2832//2832
f 2833//2833 2834//2834 2835//2835
f 2836//2836 2837//2837 2838//2838
f 2839//2839 2840//2840 2841//2841
f 2842//2842 2843//2843 2844//2844
f 2845//2845 2846//2846 2847//2847
f 2848//2848 2849//2849 2850//2850
f 2851//2851 2852//2852 2853//2853
f 2854//2854 2855//2855 2856//2856
f 2857//2857 2858//2858 2859//2859
f 2860//2860 2861//2861 2862//2862
f 2863//2863 2864//2864 2865//2865
f 2866//2866 2867//2867 2868//2868
f 2869//2869 2870//2870 2871//2871
f 2872//2872 2873//2873 2874//2874
f 2875//2875 2876//2876 2877//2877
f 2878//2878 2879//2879 2880//2880
f 2881//2881 2882//2882 2883//2883
f 2884//2884 2885//2885 2886//2886
f 2887//2887 2888//2888 2889//2889
f 2890//2890 2891//2891 2892//2892
f 2893//2893 2894//2894 2895//2895
f 2896//2896 2897//2897 2898//2898
f 2899//2899 2900//2900 2901//2901
f 2902//2902 2903//2903 2904//2904
f 2905//2905 2906//2906 2907//2907
f 2908//2908 2909//2909 2910//2910
f 2911//2911 2912//2912 2913//2913
f 2914//2914 2915//2915 2916//2916
f 2917//2917 2918//2918 2919//2919
f 2920//2920 2921//2921 2922//2922
f 2923//2923 2924//2924 2925//2925
f 2926//2926 2927//2927 2928//2928
f 2929//2929 2930//2930 2931//2931
f 2932//2932 2933//2933 2934//2934
f 2935//2935 2936//2936 2937//2937
f 2938//2938 2939//2939 2940//2940
f 2941//2941 2942//2942 2943//2943
f 2944//2944 2945//2945 2946//2946
f 2947//2947 2948//2948 2949//2949
f 2950//2950 2951//2951 2952//2952
f 2953//2953 2954//2954 2955//2955
f 2956//2956 2957//2957 2958//2958
f 2959//2959 2960//2960 2961//2961
f 2962//2962 2963//2963 2964//2964
f 2965//2965 2966//2966 2967//2967
f 2968//2968 2969//2969 2970//2970
f 2971//2971 2972//2972 2973//2973
f 2974//2974 2975//2975 2976//2976
f 2977//2977 2978//2978 2979//2979
f 2980//2980 2981//2981 2982//2982
f 2983//2983 2984//2984 2985//2985
f 2986//2986 2987//2987 2988//2988
f 2989//2989 2990//2990 2991//2991
f 2992//2992 2993//2993 2994//2994
f 2995//2995 2996//2996 2997//2997
f 2998//2998 2999//2999 3000//3000
f 3001//3001 3002//3002 3003//3003
f 3004//3004 3005//3005 3006//3006
f 3007//3007 3008//3008 3009//3009
f 3010//3010 3011//3011 3012//3012
f 3013//3013 3014//3014 3015//3015
f 3016//3016 3017//3017 3018//3018
f 3019//3019 3020//3020 3021//3021
f 3022//3022 3023//3023 3024//3024
f 3025//3025 3026//3026 3027//3027
f 3028//3028 3029//3029 3030//3030
f 3031//3031 3032//3032 3033//3033
f 3034//3034 3035//3035 3036//3036
f 3037//3037 3038//3038 3039//3039
f 3040//3040 3041//3041 3042//3042
f 3043//3043 3044//3044 3045//3045
f 3046//3046 3047//3047 3048//3048
f 3049//3049 3050//3050 3051//3051
f 3052//3052 3053//3053 3054//3054
f 3055//3055 3056//3056 3057//3057
f 3058//3058 3059//3059 3060//3060
f 3061//3061 3062//3062 3063//3063
f 3064//3064 3065//3065 3066//3066
f 3067//3067 3068//3068 3069//3069
f 3070//3070 3071//3071 3072//3072
f 3073//3073 3074//3074 3075//3075
f 3076//3076 3077//3077 3078//3078
f 3079//3079 3080//3080 3081//3081
f 3082//3082 3083//3083 3084//3084
f 3085//3085 3086//3086 3087//3087
f 3088//3088 3089//3089 3090//3090
f 3091//3091 3092//3092 3093//3093
f 3094//3094 3095//3095 3096//3096
f 3097//3097 3098//3098 3099//3099
f 3100//3100 3101//3101 3102//3102
f 3103//3103 3104//3104 3105//3105
f 3106//3106 3107//3107 3108//3108
f 3109//3109 3110//3110 3111//3111
f 3112//3112 3113//3113 3114//3114
f 3115//3115 3116//3116 3117//3117
f 3118//3118 3119//3119 3120//3120
f 3121//3121 3122//3122 3123//3123
f 3124//3124 3125//3125 3126//3126
f 3127//3127 3128//3128 3129//3129
f 3130//3130 3131//3131 3132//3132
f 3133//3133 3134//3134 3135//3135
f 3136//3136 3137//3137 3138//3138
f 3139//3139 3140//3140 3141//3141
f 3142//3142 3143//3143 3144//3144
f 3145//3145 3146//3146 3147//3147
f 3148//3148 3149//3149 3150//3150
f 3151//3151 3152//3152 3153//3153
f 3154//3154 3155//3155 3156//3156
f 3157//3157 3158//3158 3159//3159
f 3160//3160 3161//3161 3162//3162
f 3163//3163 3164//3164 3165//3165
f 3166//3166 3167//3167 3168//3168
f 3169//3169 3170//3170 3171//3171
f 3172//3172 3173//3173 3174//3174
f 3175//3175 3176//3176 3177//3177
f 3178//3178 3179//3179 3180//3180
f 3181//3181 3182//3182 3183//3183
f 3184//3184 3185//3185 3186//3186
f 3187//3187 3188//3188 3189//3189
f 3190//3190 3191//3191 3192//3192
f 3193//3193 3194//3194 3195//3195
f 3196//3196 3197//3197 3198//3198
f 3199//3199 3200//3200 3201//3201
f 3202//3202 3203//3203 3204//3204
f 3205//3205 3206//3206 3207//3207
f 3208//3208 3209//3209 3210//3210
f 3211//3211 3212//3212 3213//3213
f 3214//3214 3215//3215 3216//3216
f 3217//3217 3218//3218 3219//3219
f 3220//3220 3221//3221 3222//3222
f 3223//3223 3224//3224 3225//3225
f 3226//3226 3227//3227 3228//3228
f 3229//3229 3230//3230 3231//3231
f 3232//3232 3233//3233 3234//3234
f 3235//3235 3236//3236 3237//3237
f 3238//3238 3239//3239 3240//3240
f 3241//3241 3242//3242 3243//3243
f 3244//3244 3245//3245 3246//3246
f 3247//3247 3248//3248 3249//3249
f 3250//3250 3251//3251 3252//3252
f 3253//3253 3254//3254 3255//3255
f 3256//3256 3257//3257 3258//3258
f 3259//3259 3260//3260 3261//3261
f 3262//3262 3263//3263 3264//3264
f 3265//3265 3266//3266 3267//3267
f 3268//3268 3269//3269 3270//3270
f 3271//3271 3272//3272 3273//3273
f 3274//3274 3275//3275 3276//3276
f 3277//3277 3278//3278 3279//3279
f 3280//3280 3281//3281 3282//3282
f 3283//3283 3284//3284 3285//3285
f 3286//3286 3287//3287 3288//3288
f 3289//3289 3290//3290 3291//3291
f 3292//3292 3293//3293 3294//3294
f 3295//3295 3296//3296 3297//3297
f 3298//3298 3299//3299 3300//3300
f 3301//3301 3302//3302 3303//3303
f 3304//3304 3305//3305 3306//3306
f 3307//3307 3308//3308 3309//3309
f 3310//3310 3311//3311 3312//3312
f 3313//3313 3314//3314 3315//3315
f 3316//3316 3317//3317 3318//3318
f 3319//3319 3320//3320 3321//3321
f 3322//3322 3323//3323 3324//3324
f 3325//3325 3326//3326 3327//3327
f 3328//3328 3329//3329 3330//3330
f 3331//3331 3332//3332 3333//3333
f 3334//3334 3335//3335 3336//3336
f 3337//3337 3338//3338 3339//3339
f 3340//3340 3341//3341 3342//3342
f 3343//3343 3344//3344 3345//3345
f 3346//3346 3347//3347 3348//3348
f 3349//3349 3350//3350 3351//3351
f 3352//3352 3353//3353 3354//3354
f 3355//3355 3356//3356 3357//3357
f 3358//3358 3359//3359 3360//3360
f 3361//3361 3362//3362 3363//3363
f 3364//3364 3365//3365 3366//3366
f 3367//3367 3368//3368 3369//3369
f 3370//3370 3371//3371 3372//3372
f 3373//3373 3374//3374 3375//3375
f 3376//3376 3377//3377 3378//3378
f 3379//3379 3380//3380 3381//3381
f 3382//3382 3383//3383 3384//3384
f 3385//3385 3386//3386 3387//3387
f 3388//3388 3389//3389 3390//3390
f 3391//3391 3392//3392 3393//3393
f 3394//3394 3395//3395 3396//3396
f 3397//3397 3398//3398 3399//3399
f 3400//3400 3401//3401 3402//3402
f 3403//3403 3404//3404 3405//3405
f 3406//3406 3407//3407 3408//3408
f 3409//3409 3410//3410 3411//3411
f 3412//3412 3413//3413 3414//3414
f 3415//3415 3416//3416 3417//3417
f 3418//3418 3419//3419 3420//3420
f 3421//3421 3422//3422 3423//3423
f 3424//3424 3425//3425 3426//3426
f 3427//3427 3428//3428 3429//3429
f 3430//3430 3431//3431 3432//3432
f 3433//3433 3434//3434 3435//3435
f 3436//3436 3437//3437 3438//3438
f 3439//3439 3440//3440 3441//3441
f 3442//3442 3443//3443 3444//3444
f 3445//3445 3446//3446 3447//3447
f 3448//3448 3449//3449 3450//3450
f 3451//3451 3452//3452 3453//3453
f 3454//3454 3455//3455 3456//3456
f 3457//3457 3458//3458 3459//3459
f 3460//3460 3461//3461 3462//3462
f 3463//3463 3464//3464 3465//3465
f 3466//3466 3467//3467 3468//3468
f 3469//3469 3470//3470 3471//3471
f 3472//3472 3473//3473 3474//3474
f 3475//3475 3476//3476 3477//3477
f 3478//3478 3479//3479 3480//3480
f 3481//3481 3482//3482 3483//3483
f 3484//3484 3485//3485 3486//3486
f 3487//3487 3488//3488 3489//3489
f 3490//3490 3491//3491 3492//3492
f 3493//3493 3494//3494 3495//3495
f 3496//3496 3497//3497 3498//3498
f 3499//3499 3500//3500 3501//3501
f 3502//3502 3503//3503 3504//3504
f 3505//3505 3506//3506 3507//3507
f 3508//3508 3509//3509 3510//3510
f 3511//3511 3512//3512 3513//3513
f 3514//3514 3515//3515 3516//3516
f 3517//3517 3518//3518 3519//3519
f 3520//3520 3521//3521 3522//3522
f 3523//3523 3524//3524 3525//3525
f 3526//3526 3527//3527 3528//3528
f 3529//3529 3530//3530 3531//3531
f 3532//3532 3533//3533 3534//3534
f 3535//3535 3536//3536 3537//3537
f 3538//3538 3539//3539 3540//3540
f 3541//3541 3542//3542 3543//3543
f 3544//3544 3545//3545 3546//3546
f 3547//3547 3548//3548 3549//3549
f 3550//3550 3551//3551 3552//3552
f 3553//3553 3554//3554 3555//3555
f 3556//3556 3557//3557 3558//3558
f 3559//3559 3560//3560 3561//3561
f 3562//3562 3563//3563 3564//3564
f 3565//3565 3566//3566 3567//3567
f 3568//3568 3569//3569 3570//3570
f 3571//3571 3572//3572 3573//3573
f 3574//3574 3575//3575 3576//3576
f 3577//3577 3578//3578 3579//3579
f 3580//3580 3581//3581 3582//3582
f 3583//3583 3584//3584 3585//3585
f 3586//3586 3587//3587 3588//3588
f 3589//3589 3590//3590 3591//3591
f 3592//3592 3593//3593 3594//3594
f 3595//3595 3596//3596 3597//3597
f 3598//3598 3599//3599 3600//3600
f 3601//3601 3602//3602 3603//3603
f 3604//3604 3605//3605 3606//3606
f 3607//3607 3608//3608 3609//3609
f 3610//3610 3611//3611 3612//3612
f 3613//3613 3614//3614 3615//3615
f 3616//3616 3617//3617 3618//3618
f 3619//3619 3620//3620 3621//3621
f 3622//3622 3623//3623 3624//3624
f 3625//3625 3626//3626 3627//3627
f 3628//3628 3629//3629 3630//3630
f 3631//3631 3632//3632 3633//3633
f 3634//3634 3635//3635 3636//3636
f 3637//3637 3638//3638 3639//3639
f 3640//3640 3641//3641 3642//3642
f 3643//3643 3644//3644 3645//3645
f 3646//3646 3647//3647 3648//3648
f 3649//3649 3650//3650 3651//3651
f 3652//3652 3653//3653 3654//3654
f 3655//3655 3656//3656 3657//3657
f 3658//3658 3659//3659 3660//3660
f 3661//3661 3662//3662 3663//3663
f 3664//3664 3665//3665 3666//3666
f 3667//3667 3668//3668 3669//3669
f 3670//3670 3671//3671 3672//3672
f 3673//3673 3674//3674 3675//3675
f 3676//3676 3677//3677 3678//3678
f 3679//3679 3680//3680 3681//3681
f 3682//3682 3683//3683 3684//3684
f 3685//3685 3686//3686 3687//3687
f 3688//3688 3689//3689 3690//3690
f 3691//3691 3692//3692 3693//3693
f 3694//3694 3695//3695 3696//3696
f 3697//3697 3698//3698 3699//3699
f 3700//3700 3701//3701 3702//3702
f 3703//3703 3704//3704 3705//3705
f 3706//3706 3707//3707 3708//3708
f 3709//3709 3710//3710 3711//3711
f 3712//3712 3713//3713 3714//3714
f 3715//3715 3716//3716 3717//3717
f 3718//3718 3719//3719 3720//3720
f 3721//3721 3722//3722 3723//3723
f 3724//3724 3725//3725 3726//3726
f 3727//3727 3728//3728 3729//3729
f 3730//3730 3731//3731 3732//3732
f 3733//3733 3734//3734 3735//3735
f 3736//3736 3737//3737 3738//3738
f 3739//3739 3740//3740 3741//3741
f 3742//3742 3743//3743 3744//3744
f 3745//3745 3746//3746 3747//3747
f 3748//3748 3749//3749 3750//3750
f 3751//3751 3752//3752 3753//3753
f 3754//3754 3755//3755 3756//3756
f 3757//3757 3758//3758 3759//3759
f 3760//3760 3761//3761 3762//3762
f 3763//3763 3764//3764 3765//3765
f 3766//3766 3767//3767 3768//3768
f 3769//3769 3770//3770 3771//3771
f 3772//3772 3773//3773 3774//3774
f 3775//3775 3776//3776 3777//3777
f 3778//3778 3779//3779 3780//3780
f 3781//3781 3782//3782 3783//3783
f 3784//3784 3785//3785 3786//3786
f 3787//3787 3788//3788 3789//3789
f 3790//3790 3791//3791 3792//3792
f 3793//3793 3794//3794 3795//3795
f 3796//3796 3797//3797 3798//3798
f 3799//3799 3800//3800 3801//3801
f 3802//3802 3803//3803 3804//3804
f 3805//3805 3806//3806 3807//3807
f 3808//3808 3809//3809 3810//3810
f 3811//3811 3812//3812 3813//3813
f 3814//3814 3815//3815 3816//3816
f 3817//3817 3818//3818 3819//3819
f 3820//3820 3821//3821 3822//3822
f 3823//3823 3824//3824 3825//3825
f 3826//3826 3827//3827 3828//3828
f 3829//3829 3830//3830 3831//3831
f 3832//3832 3833//3833 3834//3834
f 3835//3835 3836//3836 3837//3837
f 3838//3838 3839//3839 3840//3840
f 3841//3841 3842//3842 3843//3843
f 3844//3844 3845//3845 3846//3846
f 3847//3847 3848//3848 3849//3849
f 3850//3850 3851//3851 3852//3852
f 3853//3853 3854//3854 3855//3855
f 3856//3856 3857//3857 3858//3858
f 3859//3859 3860//3860 3861//3861
f 3862//3862 3863//3863 3864//3864
f 3865//3865 3866//3866 3867//3867
f 3868//3868 3869//3869 3870//3870
f 3871//3871 3872//3872 3873//3873
f 3874//3874 3875//3875 3876//3876
f 3877//3877 3878//3878 3879//3879
f 3880//3880 3881//3881 3882//3882
f 3883//3883 3884//3884 3885//3885
f 3886//3886 3887//3887 3888//3888
f 3889//3889 3890//3890 3891//3891
f 3892//3892 3893//3893 3894//3894
f 3895//3895 3896//3896 3897//3897
f 3898//3898 3899//3899 3900//3900
f 3901//3901 3902//3902 3903//3903
f 3904//3904 3905//3905 3906//3906
f 3907//3907 3908//3908 3909//3909
f 3910//3910 3911//3911 3912//3912
f 3913//3913 3914//3914 3915//3915
f 3916//3916 3917//3917 3918//3918
f 3919//3919 3920//3920 3921//3921
f 3922//3922 3923//3923 3924//3924
f 3925//3925 3926//3926 3927//3927
f 3928//3928 3929//3929 3930//3930
f 3931//3931 3932//3932 3933//3933
f 3934//3934 3935//3935 3936//3936
f 3937//3937 3938//3938 3939//3939
f 3940//3940 3941//3941 3942//3942
f 3943//3943 3944//3944 3945//3945
f 3946//3946 3947//3947 3948//3948
f 3949//3949 3950//3950 3951//3951
f 3952//3952 3953//3953 3954//3954
f 3955//3955 3956//3956 3957//3957
f 3958//3958 3959//3959 3960//3960
f 3961//3961 3962//3962 3963//3963
f 3964//3964 3965//3965 3966//3966
f 3967//3967 3968//3968 3969//3969
f 3970//3970 3971//3971 3972//3972
f 3973//3973 3974//3974 3975//3975
f 3976//3976 3977//3977 3978//3978
f 3979//3979 3980//3980 3981//3981
f 3982//3982 3983//3983 3984//3984
f 3985//3985 3986//3986 3987//3987
f 3988//3988 3989//3989 3990//3990
f 3991//3991 3992//3992 3993//3993
f 3994//3994 3995//3995 3996//3996
f 3997//3997 3998//3998 3999//3999
f 4000//4000 4001//4001 4002//4002
f 4003//4003 4004//4004 4005//4005
f 4006//4006 4007//4007 4008//4008
f 4009//4009 4010//4010 4011//4011
f 4012//4012 4013//4013 4014//4014
f 4015//4015 4016//4016 4017//4017
f 4018//4018 4019//4019 4020//4020
f 4021//4021 4022//4022 4023//4023
f 4024//4024 4025//4025 4026//4026
f 4027//4027 4028//4028 4029//4029
f 4030//4030 4031//4031 4032//4032
f 4033//4033 4034//4034 4035//4035
f 4036//4036 4037//4037 4038//4038
f 4039//4039 4040//4040 4041//4041
f 4042//4042 4043//4043 4044//4044
f 4045//4045 4046//4046 4047//4047
f 4048//4048 4049//4049 4050//4050
f 4051//4051 4052//4052 4053//4053
f 4054//4054 4055//4055 4056//4056
f 4057//4057 4058//4058 4059//4059
f 4060//4060 4061//4061 4062//4062
f 4063//4063 4064//4064 4065//4065
f 4066//4066 4067//4067 4068//4068
f 4069//4069 4070//4070 4071//4071
f 4072//4072 4073//4073 4074//4074
f 4075//4075 4076//4076 4077//4077
f 4078//4078 4079//4079 4080//4080
f 4081//4081 4082//4082 4083//4083
f 4084//4084 4085//4085 4086//4086
f 4087//4087 4088//4088 4089//4089
f 4090//4090 4091//4091 4092//4092
f 4093//4093 4094//4094 4095//4095
f 4096//4096 4097//4097 4098//4098
f 4099//4099 4100//4100 4101//4101
f 4102//4102 4103//4103 4104//4104
f 4105//4105 4106//4106 4107//4107
f 4108//4108 4109//4109 4110//4110
f 4111//4111 4112//4112 4113//4113
f 4114//4114 4115//4115 4116//4116
f 4117//4117 4118//4118 4119//4119
f 4120//4120 4121//4121 4122//4122
f 4123//4123 4124//4124 4125//4125
f 4126//4126 4127//4127 4128//4128
f 4129//4129 4130//4130 4131//4131
f 4132//4132 4133//4133 4134//4134
f 4135//4135 4136//4136 4137//4137
f 4138//4138 4139//4139 4140//4140
f 4141//4141 4142//4142 4143//4143
f 4144//4144 4145//4145 4146//4146
f 4147//4147 4148//4148 4149//4149
f 4150//4150 4151//4151 4152//4152
f 4153//4153 4154//4154 4155//4155
f 4156//4156 4157//4157 4158//4158
f 4159//4159 4160//4160 4161//4161
f 4162//4162 4163//4163 4164//4164
f 4165//4165 4166//4166 4167//4167
f 4168//4168 4169//4169 4170//4170
f 4171//4171 4172//4172 4173//4173
f 4174//4174 4175//4175 4176//4176
f 4177//4177 4178//4178 4179//4179
f 4180//4180 4181//4181 4182//4182
f 4183//4183 4184//4184 4185//4185
f 4186//4186 4187//4187 4188//4188
f 4189//4189 4190//4190 4191//4191
f 4192//4192 4184//4184 4183//4183
f 4193//4193 4194//4194 4195//4195
f 4196//4196 4197//4197 4198//4198
f 4199//4199 4200//4200 4201//4201
f 4202//4202 4203//4203 4204//4204
f 4205//4205 4206//4206 4207//4207
f 4208//4208 4209//4209 4210//4210
f 4211//4211 4212//4212 4213//4213
f 4214//4214 4215//4215 4216//4216
f 4217//4217 4218//4218 4219//4219
f 4220//4220 4221//4221 4222//4222
f 4223//4223 4224//4224 4225//4225
f 4226//4226 4227//4227 4228//4228
f 4229//4229 4170//4170 4169//4169
f 4230//4230 4231//4231 4232//4232
f 4233//4233 4234//4234 4235//4235
f 4236//4236 4237//4237 4238//4238
f 4239//4239 4240//4240 4241//4241
f 4242//4242 4243//4243 4244//4244
f 4245//4245 4246//4246 4247//4247
f 4248//4248 4249//4249 4250//4250
f 4251//4251 4252//4252 4253//4253
f 4254//4254 4255//4255 4256//4256
f 4257//4257 4258//4258 4259//4259
f 4260//4260 4261//4261 4262//4262
f 4263//4263 4264//4264 4265//4265
f 4266//4266 4267//4267 4268//4268
f 4269//4269 4270//4270 4271//4271
f 4272//4272 4273//4273 4274//4274
f 4275//4275 4276//4276 4277//4277
f 4278//4278 4279//4279 4280//4280
f 4281//4281 4282//4282 4283//4283
f 4284//4284 4285//4285 4286//4286
f 4287//4287 4288//4288 4289//4289
f 4290//4290 4291//4291 4292//4292
f 4293//4293 4294//4294 4295//4295
f 4296//4296 4297//4297 4298//4298
f 4299//4299 4300//4300 4301//4301
f 4302//4302 4303//4303 4304//4304
f 4305//4305 4306//4306 4307//4307
f 4308//4308 4309//4309 4310//4310
f 4311//4311 4312//4312 4313//4313
f 4314//4314 4315//4315 4316//4316
f 4317//4317 4318//4318 4319//4319
f 4320//4320 4321//4321 4322//4322
f 4323//4323 4324//4324 4325//4325
f 4326//4326 4327//4327 4328//4328
f 4329//4329 4330//4330 4331//4331
f 4332//4332 4333//4333 4334//4334
f 4335//4335 4336//4336 4337//4337
f 4338//4338 4339//4339 4340//4340
f 4341//4341 4342//4342 4343//4343
f 4344//4344 4345//4345 4346//4346
f 4347//4347 4348//4348 4349//4349
f 4350//4350 4351//4351 4352//4352
f 4353//4353 4354//4354 4355//4355
f 4356//4356 4357//4357 4358//4358
f 4359//4359 4360//4360 4361//4361
f 4362//4362 4363//4363 4364//4364
f 4365//4365 4366//4366 4367//4367
f 4368//4368 4369//4369 4370//4370
f 4371//4371 4372//4372 4373//4373
f 4374//4374 4375//4375 4376//4376
f 4377//4377 4378//4378 4379//4379
f 4380//4380 4381//4381 4382//4382
f 4383//4383 4384//4384 4385//4385
f 4386//4386 4387//4387 4388//4388
f 4389//4389 4390//4390 4391//4391
f 4392//4392 4393//4393 4394//4394
f 4395//4395 4396//4396 4397//4397
f 4398//4398 4399//4399 4400//4400
f 4401//4401 4402//4402 4403//4403
f 4404//4404 4405//4405 4406//4406
f 4407//4407 4408//4408 4409//4409
f 4410//4410 4411//4411 4412//4412
f 4413//4413 4414//4414 4415//4415
f 4416//4416 4417//4417 4418//4418
f 4419//4419 4420//4420 4421//4421
f 4422//4422 4423//4423 4424//4424
f 4425//4425 4426//4426 4427//4427
f 4428//4428 4429//4429 4430//4430
f 4431//4431 4432//4432 4433//4433
f 4434//4434 4435//4435 4436//4436
f 4437//4437 4438//4438 4439//4439
f 4440//4440 4441//4441 4442//4442
f 4443//4443 4444//4444 4445//4445
f 4446//4446 4447//4447 4448//4448
f 4449//4449 4450//4450 4451//4451
f 4452//4452 4440//4440 4442//4442
f 4453//4453 4440//4440 4452//4452
f 4454//4454 4455//4455 4456//4456
f 4457//4457 4458//4458 4459//4459
f 4460//4460 4461//4461 4462//4462
f 4463//4463 4464//4464 4465//4465
f 4466//4466 4467//4467 4468//4468
f 4469//4469 4470//4470 4471//4471
f 4472//4472 4473//4473 4474//4474
f 4475//4475 4476//4476 4477//4477
f 4478//4478 4479//4479 4480//4480
f 4481//4481 4482//4482 4483//4483
f 4484//4484 4485//4485 4486//4486
f 4487//4487 4488//4488 4489//4489
f 4490//4490 4491//4491 4492//4492
f 4493//4493 4494//4494 4495//4495
f 4496//4496 4497//4497 4498//4498
f 4499//4499 4500//4500 4501//4501
f 4502//4502 4503//4503 4504//4504
f 4505//4505 4506//4506 4507//4507
f 4508//4508 4509//4509 4510//4510
f 4511//4511 4512//4512 4513//4513
f 4514//4514 4515//4515 4516//4516
f 4517//4517 4518//4518 4519//4519
f 4520//4520 4521//4521 4522//4522
f 4523//4523 4524//4524 4525//4525
f 4526//4526 4527//4527 4528//4528
f 4529//4529 4530//4530 4531//4531
f 4532//4532 4533//4533 4534//4534
f 4535//4535 4536//4536 4537//4537
f 4538//4538 4539//4539 4540//4540
f 4541//4541 4542//4542 4543//4543
f 4544//4544 4545//4545 4546//4546
f 4547//4547 4548//4548 4549//4549
f 4550//4550 4551//4551 4535//4535
f 4552//4552 4553//4553 4554//4554
f 4555//4555 4556//4556 4557//4557
f 4558//4558 4559//4559 4560//4560
f 4561//4561 4562//4562 4563//4563
f 4564//4564 4565//4565 4566//4566
f 4567//4567 4568//4568 4569//4569
f 4570//4570 4571//4571 4572//4572
f 4573//4573 4574//4574 4575//4575
f 4576//4576 4577//4577 4578//4578
f 4579//4579 4580//4580 4581//4581
f 4582//4582 4583//4583 4584//4584
f 4585//4585 4586//4586 4587//4587
f 4588//4588 4589//4589 4590//4590
f 4591//4591 4592//4592 4593//4593
f 4594//4594 4595//4595 4596//4596
f 4597//4597 4598//4598 4599//4599
f 4600//4600 4601//4601 4602//4602
f 4603//4603 4604//4604 4605//4605
f 4606//4606 4607//4607 4608//4608
f 4609//4609 4610//4610 4611//4611
f 4612//4612 4613//4613 4614//4614
f 4615//4615 4616//4616 4617//4617
f 4618//4618 4619//4619 4620//4620
f 4621//4621 4622//4622 4623//4623
f 4624//4624 4625//4625 4626//4626
f 4627//4627 4628//4628 4629//4629
f 4630//4630 4631//4631 4632//4632
f 4633//4633 4634//4634 4635//4635
f 4636//4636 4637//4637 4638//4638
f 4639//4639 4640//4640 4641//4641
f 4642//4642 4643//4643 4644//4644
f 4645//4645 4646//4646 4647//4647
f 4648//4648 4649//4649 4650//4650
f 4651//4651 4652//4652 4653//4653
f 4654//4654 4655//4655 4656//4656
f 4657//4657 4658//4658 4659//4659
f 4660//4660 4661//4661 4662//4662
f 4663//4663 4664//4664 4665//4665
f 4666//4666 4667//4667 4668//4668
f 4669//4669 4670//4670 4671//4671
f 4672//4672 4673//4673 4674//4674
f 4675//4675 4676//4676 4677//4677
f 4678//4678 4679//4679 4680//4680
f 4681//4681 4682//4682 4683//4683
f 4684//4684 4685//4685 4686//4686
f 4687//4687 4688//4688 4689//4689
f 4690//4690 4691//4691 4692//4692
f 4693//4693 4694//4694 4695//4695
f 4696//4696 4697//4697 4698//4698
f 4699//4699 4700//4700 4701//4701
f 4702//4702 4703//4703 4704//4704
f 4705//4705 4706//4706 4707//4707
f 4708//4708 4709//4709 4710//4710
f 4711//4711 4712//4712 4713//4713
f 4714//4714 4715//4715 4716//4716
f 4717//4717 4718//4718 4719//4719
f 4720//4720 4721//4721 4722//4722
f 4723//4723 4724//4724 4725//4725
f 4726//4726 4727//4727 4728//4728
f 4729//4729 4730//4730 4731//4731
f 4732//4732 4733//4733 4734//4734
f 4735//4735 4736//4736 4737//4737
f 4738//4738 4739//4739 4740//4740
f 4741//4741 4742//4742 4743//4743
f 4744//4744 4745//4745 4746//4746
f 4747//4747 4748//4748 4749//4749
f 4750//4750 4751//4751 4752//4752
f 4753//4753 4754//4754 4755//4755
f 4756//4756 4757//4757 4758//4758
f 4759//4759 4760//4760 4761//4761
f 4762//4762 4763//4763 4764//4764
f 4765//4765 4766//4766 4767//4767
f 4768//4768 4769//4769 4770//4770
f 4771//4771 4772//4772 4773//4773
f 4774//4774 4775//4775 4776//4776
f 4777//4777 4778//4778 4779//4779
f 4780//4780 4781//4781 4782//4782
f 4783//4783 4784//4784 4785//4785
f 4786//4786 4777//4777 4779//4779
f 4787//4787 4788//4788 4789//4789
f 4790//4790 4791//4791 4792//4792
f 4793//4793 4794//4794 4795//4795
f 4796//4796 4797//4797 4798//4798
f 4799//4799 4800//4800 4801//4801
f 4802//4802 4803//4803 4804//4804
f 4799//4799 4805//4805 4800//4800
f 4806//4806 4807//4807 4808//4808
f 4809//4809 4810//4810 4811//4811
f 4812//4812 4813//4813 4814//4814
f 4815//4815 4816//4816 4817//4817
f 4818//4818 4806//4806 4808//4808
f 4819//4819 4820//4820 4821//4821
f 4822//4822 4823//4823 4824//4824
f 4825//4825 4822//4822 4824//4824
f 4826//4826 4827//4827 4828//4828
f 4829//4829 4830//4830 4831//4831
f 4832//4832 4833//4833 4834//4834
f 4835//4835 4836//4836 4837//4837
f 4838//4838 4827//4827 4826//4826
f 4839//4839 4840//4840 4841//4841
f 4842//4842 4843//4843 4844//4844
f 4845//4845 4846//4846 4847//4847
f 4848//4848 4849//4849 4850//4850
f 4851//4851 4852//4852 4853//4853
f 4854//4854 4855//4855 4856//4856
f 4857//4857 4858//4858 4859//4859
f 4860//4860 4861//4861 4862//4862
f 4863//4863 4864//4864 4865//4865
f 4866//4866 4867//4867 4868//4868
f 4869//4869 4870//4870 4871//4871
f 4872//4872 4873//4873 4874//4874
f 4875//4875 4876//4876 4877//4877
f 4878//4878 4879//4879 4880//4880
f 4881//4881 4882//4882 4883//4883
f 4881//4881 4883//4883 4884//4884
f 4885//4885 4886//4886 4887//4887
f 4888//4888 4889//4889 4890//4890
f 4891//4891 4892//4892 4893//4893
f 4894//4894 4895//4895 4896//4896
f 4897//4897 4898//4898 4899//4899
f 4900//4900 4901//4901 4902//4902
f 4903//4903 4904//4904 4905//4905
f 4906//4906 4907//4907 4908//4908
f 4909//4909 4910//4910 4911//4911
f 4912//4912 4913//4913 4914//4914
f 4915//4915 4916//4916 4917//4917
f 4918//4918 4919//4919 4920//4920
f 4921//4921 4922//4922 4923//4923
f 4924//4924 4925//4925 4926//4926
f 4927//4927 4928//4928 4929//4929
f 4930//4930 4931//4931 4932//4932
f 4933//4933 4934//4934 4935//4935
f 4936//4936 4937//4937 4938//4938
f 4939//4939 4940//4940 4941//4941
f 2708//2708 2707//2707 4942//4942
f 4943//4943 4944//4944 4945//4945
f 4946//4946 4947//4947 4948//4948
f 4949//4949 4950//4950 4951//4951
f 4943//4943 4952//4952 4944//4944
f 4953//4953 4954//4954 4955//4955
f 4956//4956 4957//4957 4958//4958
f 4959//4959 2699//2699 2698//2698
f 4960//4960 4961//4961 4962//4962
f 4963//4963 4964//4964 4965//4965
f 4966//4966 4967//4967 4968//4968
f 4969//4969 4970//4970 4971//4971
f 4960//4960 4972//4972 4961//4961
f 4973//4973 4974//4974 4975//4975
f 4976//4976 4977//4977 4978//4978
f 4979//4979 4980//4980 4981//4981
f 4982//4982 4983//4983 4984//4984
f 4985//4985 4986//4986 4987//4987
f 4988//4988 4989//4989 4990//4990
f 4991//4991 4992//4992 4993//4993
f 4994//4994 4995//4995 4996//4996
f 4997//4997 4998//4998 4999//4999
f 5000//5000 5001//5001 5002//5002
f 5003//5003 5004//5004 5005//5005
f 5006//5006 5007//5007 5008//5008
f 5009//5009 5010//5010 5011//5011
f 5012//5012 5013//5013 5014//5014
f 5015//5015 5016//5016 5017//5017
f 5018//5018 5019//5019 5020//5020
f 5021//5021 5022//5022 5023//5023
f 5024//5024 5025//5025 5026//5026
f 5027//5027 5028//5028 5029//5029
f 5030//5030 5031//5031 5032//5032
f 5033//5033 5034//5034 5035//5035
f 5036//5036 5037//5037 5038//5038
f 5039//5039 5040//5040 5041//5041
f 5042//5042 5043//5043 5044//5044
f 5045//5045 5046//5046 5047//5047
f 5048//5048 5049//5049 5050//5050
f 5051//5051 5052//5052 5053//5053
f 5054//5054 5055//5055 5056//5056
f 5057//5057 5058//5058 5059//5059
f 5060//5060 5061//5061 5062//5062
f 5063//5063 5064//5064 5065//5065
f 5066//5066 5067//5067 5068//5068
f 5069//5069 5070//5070 5071//5071
f 5072//5072 5073//5073 5074//5074
f 5075//5075 5076//5076 5077//5077
f 5078//5078 5079//5079 5080//5080
f 5081//5081 5082//5082 5083//5083
f 5084//5084 5085//5085 5086//5086
f 5087//5087 5088//5088 5089//5089
f 5090//5090 5091//5091 5092//5092
f 5093//5093 5094//5094 5095//5095
f 5096//5096 5097//5097 5098//5098
f 5099//5099 5100//5100 5101//5101
f 5102//5102 5103//5103 5104//5104
f 5105//5105 5106//5106 5107//5107
f 5108//5108 5109//5109 5110//5110
f 5111//5111 5112//5112 5113//5113
f 5114//5114 5115//5115 5116//5116
f 5117//5117 5118//5118 5119//5119
f 5120//5120 5121//5121 5122//5122
f 5123//5123 5124//5124 5125//5125
f 5126//5126 5127//5127 5128//5128
f 5129//5129 5130//5130 5131//5131
f 5132//5132 5133//5133 5134//5134
f 5135//5135 5136//5136 5137//5137
f 5138//5138 5139//5139 5140//5140
f 5141//5141 5142//5142 5143//5143
f 5144//5144 5145//5145 5146//5146
f 5147//5147 5148//5148 5149//5149
f 5150//5150 5151//5151 5152//5152
f 5153//5153 5154//5154 5155//5155
f 5156//5156 5157//5157 5158//5158
f 5159//5159 5160//5160 5161//5161
f 5162//5162 5163//5163 5164//5164
f 5165//5165 5166//5166 5167//5167
f 5168//5168 5169//5169 5170//5170
f 5171//5171 5172//5172 5173//5173
f 5174//5174 5175//5175 5176//5176
f 5177//5177 5178//5178 5179//5179
f 5180//5180 5181//5181 5182//5182
f 5183//5183 5184//5184 5185//5185
f 5186//5186 5187//5187 5188//5188
f 5189//5189 5190//5190 5191//5191
f 5192//5192 5193//5193 5194//5194
f 5195//5195 5196//5196 5197//5197
f 5198//5198 5199//5199 5200//5200
f 5201//5201 5202//5202 5203//5203
f 5204//5204 5205//5205 5206//5206
f 5207//5207 5208//5208 5209//5209
f 5210//5210 5211//5211 5212//5212
f 5213//5213 5214//5214 5215//5215
f 5216//5216 5217//5217 5218//5218
f 5219//5219 5220//5220 5221//5221
f 5222//5222 5223//5223 5224//5224
f 5225//5225 5226//5226 5227//5227
f 5228//5228 5229//5229 5230//5230
f 5231//5231 5232//5232 5233//5233
f 5234//5234 5235//5235 5236//5236
f 5237//5237 5238//5238 5239//5239
f 5240//5240 5241//5241 5242//5242
f 5243//5243 5244//5244 5245//5245
f 5246//5246 5247//5247 5248//5248
f 5249//5249 5250//5250 5251//5251
f 5252//5252 5253//5253 5254//5254
f 5255//5255 5256//5256 5257//5257
f 5258//5258 5259//5259 5260//5260
f 5261//5261 5262//5262 5263//5263
f 5264//5264 5265//5265 5266//5266
f 5267//5267 5268//5268 5269//5269
f 5270//5270 5271//5271 5272//5272
f 5273//5273 5274//5274 5275//5275
f 5276//5276 5277//5277 5278//5278
f 5279//5279 5280//5280 5281//5281
f 5282//5282 5283//5283 5284//5284
f 5285//5285 5286//5286 5287//5287
f 5288//5288 5289//5289 5290//5290
f 5291//5291 5292//5292 5293//5293
f 5294//5294 5295//5295 5296//5296
f 5297//5297 5298//5298 5299//5299
f 5300//5300 5301//5301 5302//5302
f 5303//5303 5304//5304 5305//5305
f 5306//5306 5307//5307 5308//5308
f 5309//5309 5310//5310 5311//5311
f 5312//5312 5313//5313 5314//5314
f 5315//5315 5316//5316 5317//5317
f 5318//5318 5319//5319 5320//5320
f 5321//5321 5322//5322 5323//5323
f 5324//5324 5325//5325 5326//5326
f 5327//5327 5328//5328 5329//5329
f 5330//5330 5331//5331 5332//5332
f 5333//5333 5334//5334 5335//5335
f 5336//5336 5337//5337 5338//5338
f 5339//5339 5340//5340 5341//5341
f 5342//5342 5343//5343 5344//5344
f 5345//5345 5346//5346 5347//5347
f 5348//5348 5349//5349 5350//5350
f 5351//5351 5352//5352 5353//5353
f 5354//5354 5355//5355 5356//5356
f 5357//5357 5358//5358 5359//5359
f 5360//5360 5361//5361 5362//5362
f 5363//5363 5364//5364 5365//5365
f 5366//5366 5367//5367 5368//5368
f 5369//5369 5370//5370 5371//5371
f 5372//5372 5373//5373 5374//5374
f 5375//5375 5376//5376 5377//5377
f 5378//5378 5379//5379 5380//5380
f 5381//5381 5382//5382 5383//5383
f 5384//5384 5385//5385 5386//5386
f 5387//5387 5388//5388 5389//5389
f 5390//5390 5391//5391 5392//5392
f 5393//5393 5394//5394 5395//5395
f 5396//5396 5397//5397 5398//5398
f 5399//5399 5400//5400 5401//5401
f 5402//5402 5403//5403 5404//5404
f 5405//5405 5406//5406 5407//5407
f 5408//5408 5409//5409 5410//5410
f 5411//5411 5412//5412 5413//5413
f 5414//5414 5415//5415 5416//5416
f 5417//5417 5418//5418 5419//5419
f 5420//5420 5421//5421 5422//5422
f 5423//5423 5424//5424 5425//5425
f 5426//5426 5427//5427 5428//5428
f 5429//5429 5430//5430 5431//5431
f 5432//5432 5433//5433 5434//5434
f 5435//5435 5436//5436 5437//5437
f 5438//5438 5439//5439 5440//5440
f 5441//5441 5442//5442 5443//5443
f 5444//5444 5445//5445 5446//5446
f 5447//5447 5448//5448 5449//5449
f 5450//5450 5451//5451 5452//5452
f 5453//5453 5454//5454 5455//5455
f 5456//5456 5457//5457 5458//5458
f 5459//5459 5460//5460 5461//5461
f 5462//5462 5463//5463 5464//5464
f 5465//5465 5466//5466 5467//5467
f 5468//5468 5469//5469 5470//5470
f 5471//5471 5472//5472 5473//5473
f 5474//5474 5475//5475 5476//5476
f 5477//5477 5478//5478 5479//5479
f 5480//5480 5481//5481 5482//5482
f 5483//5483 5484//5484 5485//5485
f 5486//5486 5487//5487 5488//5488
f 5489//5489 5490//5490 5491//5491
f 5492//5492 5493//5493 5494//5494
f 5495//5495 5496//5496 5497//5497
f 5498//5498 5499//5499 5500//5500
f 5501//5501 5502//5502 5503//5503
f 5504//5504 5505//5505 5506//5506
f 5507//5507 5508//5508 5509//5509
f 5510//5510 5511//5511 5512//5512
f 5513//5513 5514//5514 5515//5515
f 5516//5516 5517//5517 5518//5518
f 5519//5519 5520//5520 5521//5521
f 5522//5522 5523//5523 5524//5524
f 5525//5525 5526//5526 5527//5527
f 5528//5528 5529//5529 5530//5530
f 5531//5531 5532//5532 5533//5533
f 5534//5534 5535//5535 5536//5536
f 5537//5537 5538//5538 5539//5539
f 5540//5540 5541//5541 5542//5542
f 5543//5543 5544//5544 5545//5545
f 5546//5546 5547//5547 5548//5548
f 5549//5549 5550//5550 5551//5551
f 5552//5552 5553//5553 5554//5554
f 5555//5555 5556//5556 5557//5557
f 5558//5558 5559//5559 5560//5560
f 5561//5561 5562//5562 5563//5563
f 5564//5564 5565//5565 5566//5566
f 5567//5567 5568//5568 5569//5569
f 5570//5570 5571//5571 5572//5572
f 5573//5573 5574//5574 5575//5575
f 5576//5576 5577//5577 5578//5578
f 5579//5579 5580//5580 5581//5581
f 5582//5582 5583//5583 5584//5584
f 5585//5585 5586//5586 5587//5587
f 5588//5588 5589//5589 5590//5590
f 5591//5591 5592//5592 5593//5593
f 5594//5594 5595//5595 5596//5596
f 5597//5597 5598//5598 5599//5599
f 5600//5600 5601//5601 5602//5602
f 5603//5603 5604//5604 5605//5605
f 5606//5606 5607//5607 5608//5608
f 5609//5609 5610//5610 5611//5611
f 5612//5612 5613//5613 5614//5614
f 5615//5615 5616//5616 5617//5617
f 5618//5618 5619//5619 5620//5620
f 5621//5621 5622//5622 5623//5623
f 5624//5624 5625//5625 5626//5626
f 5627//5627 5628//5628 5629//5629
f 5630//5630 5631//5631 5632//5632
f 5633//5633 5634//5634 5635//5635
f 5636//5636 5637//5637 5638//5638
f 5639//5639 5640//5640 5641//5641
f 5642//5642 5643//5643 5644//5644
f 5645//5645 5646//5646 5647//5647
f 5648//5648 5649//5649 5650//5650
f 5651//5651 5652//5652 5653//5653
f 5654//5654 5655//5655 5656//5656
f 5657//5657 5658//5658 5659//5659
f 5660//5660 5661//5661 5662//5662
f 5663//5663 5664//5664 5665//5665
f 5666//5666 5667//5667 5668//5668
f 5669//5669 5670//5670 5671//5671
f 5672//5672 5673//5673 5674//5674
f 5675//5675 5676//5676 5677//5677
f 5678//5678 5679//5679 5680//5680
f 5681//5681 5682//5682 5683//5683
f 5684//5684 5685//5685 5686//5686
f 5687//5687 5688//5688 5689//5689
f 5690//5690 5691//5691 5692//5692
f 5693//5693 5694//5694 5695//5695
f 5696//5696 5697//5697 5698//5698
f 5699//5699 5700//5700 5701//5701
f 5702//5702 5703//5703 5704//5704
f 5705//5705 5706//5706 5707//5707
f 5708//5708 5709//5709 5710//5710
f 5711//5711 5712//5712 5713//5713
f 5714//5714 5715//5715 5716//5716
f 5717//5717 5696//5696 5698//5698
f 5718//5718 5719//5719 5720//5720
f 5721//5721 5722//5722 5723//5723
f 5724//5724 5718//5718 5720//5720
f 5725//5725 5726//5726 5697//5697
f 5727//5727 5728//5728 5729//5729
f 5730//5730 5731//5731 5732//5732
f 5733//5733 5734//5734 5735//5735
f 5736//5736 5737//5737 5738//5738
f 5739//5739 5740//5740 5741//5741
f 5742//5742 5743//5743 5744//5744
f 5745//5745 5746//5746 5747//5747
f 5748//5748 5749//5749 5750//5750
f 5751//5751 5752//5752 5753//5753
f 5754//5754 5755//5755 5756//5756
f 5757//5757 5758//5758 5759//5759
f 5760//5760 5761//5761 5762//5762
f 5763//5763 5764//5764 5765//5765
f 5766//5766 5767//5767 5768//5768
f 5769//5769 5770//5770 5771//5771
f 5772//5772 5773//5773 5774//5774
f 5775//5775 5776//5776 5777//5777
f 5778//5778 5779//5779 5780//5780
f 5781//5781 5782//5782 5783//5783
f 5784//5784 5785//5785 5786//5786
f 5787//5787 5788//5788 5789//5789
f 5790//5790 5791//5791 5792//5792
f 5793//5793 5794//5794 5795//5795
f 5796//5796 5797//5797 5798//5798
f 5799//5799 5800//5800 5801//5801
f 5802//5802 5803//5803 5804//5804
f 5805//5805 5806//5806 5807//5807
f 5808//5808 5809//5809 5810//5810
f 5811//5811 5812//5812 5813//5813
f 5814//5814 5815//5815 5816//5816
f 5817//5817 5818//5818 5819//5819
f 5820//5820 5821//5821 5822//5822
f 5823//5823 5824//5824 5825//5825
f 5826//5826 5827//5827 5828//5828
f 5829//5829 5830//5830 5831//5831
f 5832//5832 5833//5833 5834//5834
f 5835//5835 5836//5836 5837//5837
f 5838//5838 5839//5839 5840//5840
f 5841//5841 5842//5842 5843//5843
f 5844//5844 5845//5845 5846//5846
f 5847//5847 5848//5848 5849//5849
f 5850//5850 5851//5851 5852//5852
f 5853//5853 5854//5854 5855//5855
f 5856//5856 5857//5857 5858//5858
f 5859//5859 5860//5860 5861//5861
f 5862//5862 5863//5863 5864//5864
f 5865//5865 5866//5866 5867//5867
f 5868//5868 5869//5869 5870//5870
f 5871//5871 5872//5872 5873//5873
f 5874//5874 5875//5875 5876//5876
f 5877//5877 5878//5878 5879//5879
f 5880//5880 5881//5881 5882//5882
f 5883//5883 5884//5884 5885//5885
f 5886//5886 5887//5887 5888//5888
f 5889//5889 5890//5890 5891//5891
f 5892//5892 5893//5893 5894//5894
f 5895//5895 5896//5896 5897//5897
f 5898//5898 5899//5899 5900//5900
f 5901//5901 5902//5902 5903//5903
f 5904//5904 5905//5905 5906//5906
f 5907//5907 5908//5908 5909//5909
f 5910//5910 5911//5911 5912//5912
f 5913//5913 5914//5914 5915//5915
f 5916//5916 5917//5917 5918//5918
f 5919//5919 5920//5920 5921//5921
f 5922//5922 5923//5923 5924//5924
f 5925//5925 5926//5926 5927//5927
f 5928//5928 5929//5929 5930//5930
f 5931//5931 5932//5932 5933//5933
f 5934//5934 5935//5935 5936//5936
f 5937//5937 5938//5938 5939//5939
f 5940//5940 5941//5941 5942//5942
f 5943//5943 5944//5944 5945//5945
f 5946//5946 5947//5947 5948//5948
f 5949//5949 5950//5950 5951//5951
f 5952//5952 5953//5953 5954//5954
f 5955//5955 5956//5956 5957//5957
f 5958//5958 5959//5959 5960//5960
f 5961//5961 5962//5962 5963//5963
f 5964//5964 5965//5965 5966//5966
f 5967//5967 5964//5964 5966//5966
f 5968//5968 5969//5969 5970//5970
f 5971//5971 5964//5964 5967//5967
f 5972//5972 5973//5973 5974//5974
f 5975//5975 5976//5976 5977//5977
f 5978//5978 5979//5979 5980//5980
f 5981//5981 5982//5982 5983//5983
f 5984//5984 5985//5985 5986//5986
f 5987//5987 5988//5988 5989//5989
f 5990//5990 5991//5991 5992//5992
f 5993//5993 5994//5994 5995//5995
f 5996//5996 5997//5997 5998//5998
f 5999//5999 6000//6000 6001//6001
f 6002//6002 6003//6003 6004//6004
f 6005//6005 6006//6006 6007//6007
f 6008//6008 6009//6009 6010//6010
f 6011//6011 6012//6012 6013//6013
f 6014//6014 6015//6015 6016//6016
f 6017//6017 6015//6015 6014//6014
f 6018//6018 6019//6019 6020//6020
f 6021//6021 6022//6022 6023//6023
f 6024//6024 6025//6025 6026//6026
f 6027//6027 6028//6028 6029//6029
f 6030//6030 6031//6031 6032//6032
f 6033//6033 6034//6034 6035//6035
f 6036//6036 6037//6037 6038//6038
f 6039//6039 6040//6040 6041//6041
f 6042//6042 6043//6043 6044//6044
f 6045//6045 6046//6046 6047//6047
f 6048//6048 6049//6049 6050//6050
f 6051//6051 6052//6052 6053//6053
f 6054//6054 6055//6055 6056//6056
f 6057//6057 6058//6058 6059//6059
f 6060//6060 6061//6061 6062//6062
f 6063//6063 6064//6064 6065//6065
f 6066//6066 6067//6067 6068//6068
f 6069//6069 6070//6070 6071//6071
f 6072//6072 6073//6073 6074//6074
f 6075//6075 6076//6076 6077//6077
f 6078//6078 6067//6067 6066//6066
f 6079//6079 6080//6080 6081//6081
f 6082//6082 6083//6083 6084//6084
f 6085//6085 6086//6086 6087//6087
f 6088//6088 6089//6089 6090//6090
f 6091//6091 6092//6092 6093//6093
f 6094//6094 6095//6095 6096//6096
f 6097//6097 6098//6098 6099//6099
f 6100//6100 6101//6101 6102//6102
f 6103//6103 6104//6104 6105//6105
f 6106//6106 6107//6107 6108//6108
f 6109//6109 6110//6110 6111//6111
f 6112//6112 6113//6113 6114//6114
f 6115//6115 6116//6116 6117//6117
f 6118//6118 6119//6119 6120//6120
f 6121//6121 6122//6122 6123//6123
f 6124//6124 6125//6125 6126//6126
f 6127//6127 6128//6128 6129//6129
f 6130//6130 6131//6131 6132//6132
f 6133//6133 6134//6134 6135//6135
f 6136//6136 6137//6137 6138//6138
f 6139//6139 6140//6140 6141//6141
f 6142//6142 6143//6143 6144//6144
f 6145//6145 6146//6146 6147//6147
f 6148//6148 6149//6149 6150//6150
f 6151//6151 6152//6152 6153//6153
f 6154//6154 6155//6155 6156//6156
f 6157//6157 6158//6158 6159//6159
f 6160//6160 6161//6161 6162//6162
f 6163//6163 6164//6164 6165//6165
f 6166//6166 6167//6167 6168//6168
f 6169//6169 6170//6170 6171//6171
f 6172//6172 6173//6173 6174//6174
f 6175//6175 6176//6176 6177//6177
f 6178//6178 6179//6179 6180//6180
f 6181//6181 6182//6182 6183//6183
f 6184//6184 6185//6185 6186//6186
f 6187//6187 6188//6188 6189//6189
f 6190//6190 6191//6191 6192//6192
f 6193//6193 6194//6194 6195//6195
f 6196//6196 6197//6197 6198//6198
f 6199//6199 6200//6200 6201//6201
f 6202//6202 6203//6203 6204//6204
f 6205//6205 6206//6206 6207//6207
f 6208//6208 6209//6209 6210//6210
f 6211//6211 6212//6212 6213//6213
f 6214//6214 6215//6215 6216//6216
f 6217//6217 6218//6218 6219//6219
f 6220//6220 6221//6221 6222//6222
f 6223//6223 6224//6224 6225//6225
f 6226//6226 6227//6227 6228//6228
f 6229//6229 6230//6230 6231//6231
f 6232//6232 6233//6233 6234//6234
f 6235//6235 6236//6236 6237//6237
f 6238//6238 6239//6239 6240//6240
f 6241//6241 6242//6242 6243//6243
f 6244//6244 6245//6245 6246//6246
f 6247//6247 6248//6248 6249//6249
f 6250//6250 6251//6251 6252//6252
f 6253//6253 6254//6254 6255//6255
f 6256//6256 6257//6257 6258//6258
f 6259//6259 6260//6260 6261//6261
f 6262//6262 6263//6263 6264//6264
f 6265//6265 6266//6266 6267//6267
f 6268//6268 6269//6269 6270//6270
f 6271//6271 6272//6272 6273//6273
f 6274//6274 6275//6275 6276//6276
f 6277//6277 6278//6278 6279//6279
f 6280//6280 6281//6281 6282//6282
f 6283//6283 6284//6284 6285//6285
f 6286//6286 6287//6287 6288//6288
f 6289//6289 6290//6290 6291//6291
f 6292//6292 6293//6293 6294//6294
f 6295//6295 6296//6296 6297//6297
f 6298//6298 6299//6299 6300//6300
f 6301//6301 6302//6302 6303//6303
f 6304//6304 6305//6305 6306//6306
f 6307//6307 6308//6308 6309//6309
f 6310//6310 6311//6311 6312//6312
f 6313//6313 6314//6314 6315//6315
f 6316//6316 6317//6317 6318//6318
f 6319//6319 6320//6320 6321//6321
f 6322//6322 6323//6323 6324//6324
f 6325//6325 6326//6326 6327//6327
f 6317//6317 6328//6328 6318//6318
f 6329//6329 6330//6330 6331//6331
f 6332//6332 6333//6333 6334//6334
f 6335//6335 6336//6336 6337//6337
f 6337//6337 6336//6336 6338//6338
f 6339//6339 6340//6340 6341//6341
f 6342//6342 6343//6343 6344//6344
f 6345//6345 6346//6346 6347//6347
f 6348//6348 6349//6349 6350//6350
f 6351//6351 6352//6352 6353//6353
f 6354//6354 6355//6355 6356//6356
f 6357//6357 6358//6358 6359//6359
f 6328//6328 6360//6360 6318//6318
f 6361//6361 6362//6362 6363//6363
f 6343//6343 6364//6364 6344//6344
f 6365//6365 6366//6366 6367//6367
f 6368//6368 6369//6369 6370//6370
f 6364//6364 6371//6371 6344//6344
f 6372//6372 6373//6373 6374//6374
f 6375//6375 6376//6376 6362//6362
f 6377//6377 6378//6378 6379//6379
f 6380//6380 6381//6381 6382//6382
f 6383//6383 6384//6384 6385//6385
f 6386//6386 6387//6387 6388//6388
f 6389//6389 6390//6390 6391//6391
f 6392//6392 6393//6393 6394//6394
f 6395//6395 6396//6396 6397//6397
f 6398//6398 6399//6399 6400//6400
f 6355//6355 6401//6401 6356//6356
f 6402//6402 6403//6403 6404//6404
f 6405//6405 6406//6406 6407//6407
f 6408//6408 6406//6406 6405//6405
f 6409//6409 6410//6410 6411//6411
f 6412//6412 6413//6413 6414//6414
f 6415//6415 6416//6416 6417//6417
f 6417//6417 6406//6406 6408//6408
f 6417//6417 6416//6416 6406//6406
f 6418//6418 6419//6419 6420//6420
f 6421//6421 6422//6422 6423//6423
f 6424//6424 6425//6425 6426//6426
f 6427//6427 6425//6425 6424//6424
f 6418//6418 6428//6428 6419//6419
f 6429//6429 6430//6430 6431//6431
f 6424//6424 6350//6350 6427//6427
f 6348//6348 6350//6350 6424//6424
f 6316//6316 6432//6432 6317//6317
f 6433//6433 6432//6432 6316//6316
f 6434//6434 6435//6435 6436//6436
f 6437//6437 6438//6438 6439//6439
f 6440//6440 6441//6441 6442//6442
f 6443//6443 6444//6444 6445//6445
f 6446//6446 6447//6447 6448//6448
f 6449//6449 6450//6450 6451//6451
f 6452//6452 6453//6453 6454//6454
f 6455//6455 6456//6456 6457//6457
f 6458//6458 6459//6459 6460//6460
f 6461//6461 6462//6462 6463//6463
f 6464//6464 6465//6465 6466//6466
f 6467//6467 6468//6468 6469//6469
f 6470//6470 6471//6471 6472//6472
f 6473//6473 6474//6474 6475//6475
f 6476//6476 6477//6477 6478//6478
f 6479//6479 6480//6480 6481//6481
f 6482//6482 6483//6483 6484//6484
f 6485//6485 6486//6486 6487//6487
f 6488//6488 6489//6489 6490//6490
f 6491//6491 6492//6492 6493//6493
f 6494//6494 6495//6495 6496//6496
f 6497//6497 6498//6498 6499//6499
f 6500//6500 6501//6501 6502//6502
f 6503//6503 6504//6504 6505//6505
f 6506//6506 6507//6507 6508//6508
f 6509//6509 6510//6510 6511//6511
f 6512//6512 6513//6513 6514//6514
f 6515//6515 6516//6516 6517//6517
f 6518//6518 6519//6519 6520//6520
f 6521//6521 6522//6522 6523//6523
f 6524//6524 6525//6525 6526//6526
f 6527//6527 6528//6528 6529//6529
f 6530//6530 6531//6531 6532//6532
f 6533//6533 6534//6534 6535//6535
f 6536//6536 6537//6537 6538//6538
f 6539//6539 6540//6540 6541//6541
f 6542//6542 6543//6543 6544//6544
f 6545//6545 6546//6546 6547//6547
f 6548//6548 6549//6549 6550//6550
f 6551//6551 6552//6552 6553//6553
f 6554//6554 6555//6555 6556//6556
f 6557//6557 6558//6558 6559//6559
f 6560//6560 6561//6561 6562//6562
f 6563//6563 6564//6564 6565//6565
f 6566//6566 6567//6567 6568//6568
f 6568//6568 6567//6567 6569//6569
f 6570//6570 6571//6571 6572//6572
f 6573//6573 6574//6574 6575//6575
f 6576//6576 6577//6577 6578//6578
f 6579//6579 6580//6580 6581//6581
f 6582//6582 6583//6583 6584//6584
f 6585//6585 6586//6586 6587//6587
f 6588//6588 6589//6589 6590//6590
f 6591//6591 6592//6592 6593//6593
f 6594//6594 6595//6595 6596//6596
f 6597//6597 6598//6598 6599//6599
f 6600//6600 6601//6601 6602//6602
f 6600//6600 6603//6603 6601//6601
f 6604//6604 6605//6605 6606//6606
f 6607//6607 6608//6608 6609//6609
f 6610//6610 6611//6611 6612//6612
f 6613//6613 6614//6614 6615//6615
f 6616//6616 6617//6617 6618//6618
f 6619//6619 6620//6620 6621//6621
f 6622//6622 6623//6623 6624//6624
f 6625//6625 6626//6626 6627//6627
f 6628//6628 6629//6629 6630//6630
f 6631//6631 6632//6632 6633//6633
f 6634//6634 6635//6635 6636//6636
f 6637//6637 6638//6638 6639//6639
f 6640//6640 6641//6641 6642//6642
f 6643//6643 6644//6644 6645//6645
f 6646//6646 6647//6647 6648//6648
f 6649//6649 6650//6650 6651//6651
f 6652//6652 6653//6653 6654//6654
f 6655//6655 6656//6656 6657//6657
f 6658//6658 6659//6659 6660//6660
f 6661//6661 6662//6662 6663//6663
f 6661//6661 6664//6664 6662//6662
f 6665//6665 6666//6666 6667//6667
f 6660//6660 6668//6668 6669//6669
f 6660//6660 6670//6670 6668//6668
f 6671//6671 6672//6672 6673//6673
f 6674//6674 6675//6675 6676//6676
f 6677//6677 6678//6678 6679//6679
f 6680//6680 6681//6681 6682//6682
f 6683//6683 6684//6684 6685//6685
f 6686//6686 6687//6687 6688//6688
f 6689//6689 6690//6690 6658//6658
f 6689//6689 6658//6658 6691//6691
f 6692//6692 6693//6693 6694//6694
f 6695//6695 6696//6696 6697//6697
f 6698//6698 6699//6699 6700//6700
f 6701//6701 6702//6702 6703//6703
f 6704//6704 6705//6705 6706//6706
f 6707//6707 6708//6708 6709//6709
f 6710//6710 6711//6711 6712//6712
f 6713//6713 6714//6714 6715//6715
f 6716//6716 6717//6717 6718//6718
f 6719//6719 6720//6720 6721//6721
f 6722//6722 6723//6723 6724//6724
f 6725//6725 6726//6726 6727//6727
f 6728//6728 6729//6729 6730//6730
f 6731//6731 6732//6732 6733//6733
f 6734//6734 6735//6735 6736//6736
f 6737//6737 6738//6738 6739//6739
f 6740//6740 6741//6741 6742//6742
f 6743//6743 6744//6744 6745//6745
f 6746//6746 6747//6747 6748//6748
f 6749//6749 6750//6750 6751//6751
f 6752//6752 6753//6753 6754//6754
f 6755//6755 6756//6756 6757//6757
f 6758//6758 6759//6759 6760//6760
f 6761//6761 6762//6762 6763//6763
f 6764//6764 6765//6765 6766//6766
f 6767//6767 6768//6768 6769//6769
f 6770//6770 6771//6771 6772//6772
f 6773//6773 6774//6774 6775//6775
f 6776//6776 6777//6777 6778//6778
f 6779//6779 6780//6780 6781//6781
f 6782//6782 6783//6783 6784//6784
f 6785//6785 6786//6786 6787//6787
f 6788//6788 6789//6789 6790//6790
f 6791//6791 6792//6792 6793//6793

