# https://github.com/mikedh/trimesh
v 0.11452770 0.07089823 0.00084860
v 0.11493950 0.07062095 0.00065161
v 0.11520150 0.07044756 0.00012983
v 0.11367800 0.07144778 0.00023252
v 0.11399430 0.07124298 0.00072778
v 0.11452770 0.07089823 0.00084860
v 0.11452770 0.07089823 0.00084860
v 0.11520150 0.07044756 0.00012983
v 0.11507660 0.07052838 -0.00055444
v 0.11432840 0.07102483 -0.00085913
v 0.11371910 0.07142037 -0.00035261
v 0.11393670 0.07127511 -0.00067066
v 0.11432840 0.07102483 -0.00085913
v 0.11371910 0.07142037 -0.00035261
v 0.11452770 0.07089823 0.00084860
v 0.11393670 0.07127511 -0.00067066
v 0.08715468 0.07692259 -0.00257682
v 0.08693522 0.07694274 -0.00175761
v 0.08744722 0.07685399 -0.00205760
v 0.08857995 0.07664722 0.00175817
v 0.08837920 0.07670128 0.00253112
v 0.08914250 0.07657998 0.00273813
v 0.08520853 0.07727372 -0.00072937
v 0.08569777 0.07716882 0.00013686
v 0.08605813 0.07710462 -0.00122958
v 0.08654731 0.07699960 -0.00036316
v 0.08534455 0.07724195 0.00006510
v 0.08518379 0.07727861 0.00068004
v 0.08593374 0.07712793 0.00110460
v 0.08518379 0.07727861 0.00068004
v 0.08577400 0.07717072 0.00171901
v 0.08593374 0.07712793 0.00110460
v 0.09050071 0.07633018 -0.00087082
v 0.08953112 0.07647365 -0.00030469
v 0.09029507 0.07635605 -0.00009768
v 0.08813667 0.07670593 0.00042475
v 0.08877027 0.07661205 0.00179089
v 0.08936595 0.07650053 -0.00045341
v 0.08708006 0.07690966 -0.00159746
v 0.08661901 0.07698512 0.00013680
v 0.08804327 0.07672232 0.00052453
v 0.09734874 0.07562029 0.00099684
v 0.09898912 0.07557761 0.00327028
v 0.10003570 0.07549107 0.00098092
v 0.07472413 0.08036667 -0.00528162
v 0.07774746 0.07925921 -0.00341290
v 0.07618379 0.08011114 -0.00823252
v 0.08873456 0.07706725 -0.00872641
v 0.09042471 0.07671618 -0.00812732
v 0.08897161 0.07705694 -0.00900381
v 0.09534788 0.07576167 -0.00114089
v 0.09656381 0.07567143 -0.00043540
v 0.09683936 0.07565391 -0.00077765
v 0.08511900 0.07853651 -0.01442709
v 0.08447474 0.07814282 -0.01091491
v 0.08620333 0.07834035 -0.01462288
v 0.09368842 0.07614231 -0.00644146
v 0.09277755 0.07603639 -0.00157344
v 0.09534788 0.07576167 -0.00114089
v 0.08873456 0.07706725 -0.00872641
v 0.08840119 0.07710522 -0.00854020
v 0.09042471 0.07671618 -0.00812732
v 0.08685904 0.07707995 0.00488199
v 0.08509677 0.07738858 0.00404496
v 0.08725029 0.07719719 0.00747365
v 0.07774746 0.07925921 -0.00341290
v 0.07953476 0.07868689 -0.00061177
v 0.08156424 0.07812523 0.00051308
v 0.07927286 0.07876449 -0.00085752
v 0.07774746 0.07925921 -0.00341290
v 0.07892709 0.07886582 -0.00099158
v 0.08331239 0.07770538 0.00141896
v 0.08156424 0.07812523 0.00051308
v 0.08393132 0.07759648 0.00276751
v 0.08156424 0.07812523 0.00051308
v 0.07953476 0.07868689 -0.00061177
v 0.07972478 0.07863116 -0.00020348
v 0.08853089 0.07708775 0.00858898
v 0.08887356 0.07705831 0.00886209
v 0.09108334 0.07671564 0.00896103
v 0.07927286 0.07876449 -0.00085752
v 0.08887356 0.07705831 0.00886209
v 0.08908283 0.07706493 0.00926013
v 0.09108334 0.07671564 0.00896103
v 0.07969218 0.07864010 0.00031389
v 0.08156424 0.07812523 0.00051308
v 0.07972478 0.07863116 -0.00020348
v 0.09898912 0.07557761 0.00327028
v 0.10145610 0.07565563 0.00619967
v 0.10260070 0.07545477 0.00246168
v 0.08840119 0.07710522 -0.00854020
v 0.08565449 0.07744699 -0.00687973
v 0.09042471 0.07671618 -0.00812732
v 0.08725029 0.07719719 0.00747365
v 0.08853089 0.07708775 0.00858898
v 0.09108334 0.07671564 0.00896103
v 0.08816242 0.07714164 0.00850029
v 0.08853089 0.07708775 0.00858898
v 0.08725029 0.07719719 0.00747365
v 0.09335517 0.07660818 0.01056970
v 0.09224313 0.07728391 0.01419283
v 0.09456616 0.07686996 0.01328225
v 0.07380622 0.08052963 -0.00204294
v 0.07774746 0.07925921 -0.00341290
v 0.07472413 0.08036667 -0.00528162
v 0.08804178 0.07716393 -0.00850045
v 0.08725029 0.07719719 0.00747365
v 0.08780455 0.07721036 0.00854022
v 0.08816242 0.07714164 0.00850029
v 0.08734494 0.07732784 -0.00886242
v 0.08565449 0.07744699 -0.00687973
v 0.08767700 0.07723885 -0.00858896
v 0.09734874 0.07562029 0.00099684
v 0.09551107 0.07579517 0.00325025
v 0.09898912 0.07557761 0.00327028
v 0.08247655 0.07900345 -0.01363813
v 0.08447474 0.07814282 -0.01091491
v 0.08511900 0.07853651 -0.01442709
v 0.08767700 0.07723885 -0.00858896
v 0.08565449 0.07744699 -0.00687973
v 0.08804178 0.07716393 -0.00850045
v 0.07892709 0.07886582 -0.00099158
v 0.07774746 0.07925921 -0.00341290
v 0.07635045 0.07965773 -0.00099324
v 0.08747833 0.07728916 0.00872637
v 0.09651273 0.07567507 0.00030339
v 0.09551107 0.07579517 0.00325025
v 0.09669923 0.07566285 0.00063796
v 0.09669923 0.07566285 0.00063796
v 0.09551107 0.07579517 0.00325025
v 0.09697800 0.07564526 0.00087286
v 0.07969218 0.07864010 0.00031389
v 0.07948738 0.07870054 0.00067396
v 0.08156424 0.07812523 0.00051308
v 0.08908283 0.07706493 0.00926013
v 0.08915668 0.07737922 0.01187564
v 0.09108334 0.07671564 0.00896103
v 0.08713704 0.07740801 -0.00929915
v 0.08734494 0.07732784 -0.00886242
v 0.09141665 0.07627618 -0.00372528
v 0.09277755 0.07603639 -0.00157344
v 0.09368842 0.07614231 -0.00644146
v 0.09108334 0.07671564 0.00896103
v 0.09039223 0.07760214 0.01461066
v 0.09335517 0.07660818 0.01056970
v 0.09656381 0.07567143 -0.00043540
v 0.09534788 0.07576167 -0.00114089
v 0.09647315 0.07567685 -0.00006210
v 0.09042471 0.07671618 -0.00812732
v 0.09141665 0.07627618 -0.00372528
v 0.09368842 0.07614231 -0.00644146
v 0.09697800 0.07564526 0.00087286
v 0.09551107 0.07579517 0.00325025
v 0.09734874 0.07562029 0.00099684
v 0.08156424 0.07812523 0.00051308
v 0.08029490 0.07852989 0.00345577
v 0.08393132 0.07759648 0.00276751
v 0.09647315 0.07567685 -0.00006210
v 0.09534788 0.07576167 -0.00114089
v 0.09651273 0.07567507 0.00030339
v 0.08725208 0.07736045 0.00900383
v 0.08953762 0.07660752 -0.00479131
v 0.09534788 0.07576167 -0.00114089
v 0.07948738 0.07870054 0.00067396
v 0.08029490 0.07852989 0.00345577
v 0.08156424 0.07812523 0.00051308
v 0.08509677 0.07738858 0.00404496
v 0.08306050 0.07824820 0.00906868
v 0.08725029 0.07719719 0.00747365
v 0.07774746 0.07925921 -0.00341290
v 0.07547724 0.07996273 -0.00187968
v 0.07635045 0.07965773 -0.00099324
v 0.08915668 0.07737922 0.01187564
v 0.09039223 0.07760214 0.01461066
v 0.09108334 0.07671564 0.00896103
v 0.07919538 0.07878684 0.00090194
v 0.08725208 0.07736045 0.00900383
v 0.08725029 0.07719719 0.00747365
v 0.08713757 0.07740217 0.00935490
v 0.07547724 0.07996273 -0.00187968
v 0.07889688 0.07887458 0.00099308
v 0.08029490 0.07852989 0.00345577
v 0.07919538 0.07878684 0.00090194
v 0.09224313 0.07728391 0.01419283
v 0.08393132 0.07759648 0.00276751
v 0.08029490 0.07852989 0.00345577
v 0.08509677 0.07738858 0.00404496
v 0.09039223 0.07760214 0.01461066
v 0.08915668 0.07737922 0.01187564
v 0.08910280 0.07743662 0.01216174
v 0.09298700 0.07599931 0.00047965
v 0.09534788 0.07576167 -0.00114089
v 0.09277755 0.07603639 -0.00157344
v 0.08306050 0.07824820 0.00906868
v 0.08713757 0.07740217 0.00935490
v 0.08725029 0.07719719 0.00747365
v 0.07547724 0.07996273 -0.00187968
v 0.07593852 0.07979691 -0.00077610
v 0.07635045 0.07965773 -0.00099324
v 0.09042471 0.07671618 -0.00812732
v 0.08783328 0.07690805 -0.00501816
v 0.08953762 0.07660752 -0.00479131
v 0.08891916 0.07751381 0.01247663
v 0.09039223 0.07760214 0.01461066
v 0.08910280 0.07743662 0.01216174
v 0.07647633 0.07961863 0.00099892
v 0.07637101 0.07969832 0.00314064
v 0.07889688 0.07887458 0.00099308
v 0.07889688 0.07887458 0.00099308
v 0.07637101 0.07969832 0.00314064
v 0.08029490 0.07852989 0.00345577
v 0.07570606 0.07987236 -0.00048488
v 0.08891916 0.07751381 0.01247663
v 0.08853673 0.07762068 0.01275028
v 0.09039223 0.07760214 0.01461066
v 0.08783328 0.07690805 -0.00501816
v 0.08447474 0.07814282 -0.01091491
v 0.08565449 0.07744699 -0.00687973
v 0.08713704 0.07740801 -0.00929915
v 0.07380622 0.08052963 -0.00204294
v 0.07371389 0.08055287 0.00030334
v 0.07547724 0.07996273 -0.00187968
v 0.07570606 0.07987236 -0.00048488
v 0.07547724 0.07996273 -0.00187968
v 0.07559412 0.07990860 -0.00012618
v 0.08247655 0.07900345 -0.01363813
v 0.08127021 0.07872706 -0.00941251
v 0.08447474 0.07814282 -0.01091491
v 0.10145610 0.07565563 0.00619967
v 0.09759765 0.07594007 0.00774647
v 0.09945219 0.07600963 0.00935621
v 0.09534788 0.07576167 -0.00114089
v 0.09252589 0.07608044 0.00211925
v 0.09551107 0.07579517 0.00325025
v 0.09898912 0.07557761 0.00327028
v 0.09759765 0.07594007 0.00774647
v 0.10145610 0.07565563 0.00619967
v 0.07559412 0.07990860 -0.00012618
v 0.07547724 0.07996273 -0.00187968
v 0.07561713 0.07990175 0.00025059
v 0.08565449 0.07744699 -0.00687973
v 0.08615720 0.07720386 -0.00463926
v 0.08783328 0.07690805 -0.00501816
v 0.08853673 0.07762068 0.01275028
v 0.08626639 0.07833528 0.01461828
v 0.09039223 0.07760214 0.01461066
v 0.08807277 0.07770919 0.01279629
v 0.08626639 0.07833528 0.01461828
v 0.08853673 0.07762068 0.01275028
v 0.08713757 0.07740217 0.00935490
v 0.08497577 0.07821100 0.01216388
v 0.08719682 0.07774686 0.01200331
v 0.08127021 0.07872706 -0.00941251
v 0.08565449 0.07744699 -0.00687973
v 0.08447474 0.07814282 -0.01091491
v 0.08742356 0.07777178 0.01243819
v 0.08497577 0.07821100 0.01216388
v 0.08771669 0.07775467 0.01268012
v 0.09766989 0.07632118 -0.01116275
v 0.09750235 0.07596200 -0.00788181
v 0.10021650 0.07587754 -0.00851475
v 0.07371389 0.08055287 0.00030334
v 0.07561713 0.07990175 0.00025059
v 0.07582741 0.07983303 0.00067569
v 0.07637101 0.07969832 0.00314064
v 0.07620334 0.07971113 0.00093622
v 0.09039223 0.07760214 0.01461066
v 0.08626639 0.07833528 0.01461828
v 0.08814889 0.07800370 0.01474483
v 0.07647633 0.07961863 0.00099892
v 0.09534788 0.07576167 -0.00114089
v 0.09298700 0.07599931 0.00047965
v 0.09252589 0.07608044 0.00211925
v 0.08719682 0.07774686 0.01200331
v 0.08247655 0.07900345 -0.01363813
v 0.07893335 0.07962936 -0.01132946
v 0.08127021 0.07872706 -0.00941251
v 0.09551107 0.07579517 0.00325025
v 0.09759765 0.07594007 0.00774647
v 0.09898912 0.07557761 0.00327028
v 0.08771669 0.07775467 0.01268012
v 0.08626639 0.07833528 0.01461828
v 0.08807277 0.07770919 0.01279629
v 0.07561713 0.07990175 0.00025059
v 0.07371389 0.08055287 0.00030334
v 0.07582741 0.07983303 0.00067569
v 0.09750235 0.07596200 -0.00788181
v 0.10125190 0.07569366 -0.00664811
v 0.10021650 0.07587754 -0.00851475
v 0.08029490 0.07852989 0.00345577
v 0.08039468 0.07893168 0.00902165
v 0.08509677 0.07738858 0.00404496
v 0.08509677 0.07738858 0.00404496
v 0.08039468 0.07893168 0.00902165
v 0.08306050 0.07824820 0.00906868
v 0.09198629 0.07732653 -0.01425605
v 0.09209173 0.07684069 -0.01112132
v 0.09408366 0.07695609 -0.01363270
v 0.08497577 0.07821100 0.01216388
v 0.08626639 0.07833528 0.01461828
v 0.08771669 0.07775467 0.01268012
v 0.07582741 0.07983303 0.00067569
v 0.07371389 0.08055287 0.00030334
v 0.07637101 0.07969832 0.00314064
v 0.08306050 0.07824820 0.00906868
v 0.08497577 0.07821100 0.01216388
v 0.08713757 0.07740217 0.00935490
v 0.09408366 0.07695609 -0.01363270
v 0.09209173 0.07684069 -0.01112132
v 0.09564310 0.07667768 -0.01270418
v 0.07637101 0.07969832 0.00314064
v 0.07793766 0.07939314 0.00647313
v 0.08029490 0.07852989 0.00345577
v 0.08565449 0.07744699 -0.00687973
v 0.08436393 0.07751893 -0.00339936
v 0.08615720 0.07720386 -0.00463926
v 0.09564310 0.07667768 -0.01270418
v 0.09368842 0.07614231 -0.00644146
v 0.09766989 0.07632118 -0.01116275
v 0.09750235 0.07596200 -0.00788181
v 0.07371389 0.08055287 0.00030334
v 0.07405596 0.08048403 0.00282306
v 0.09252589 0.07608044 0.00211925
v 0.09165996 0.07623147 0.00344003
v 0.09551107 0.07579517 0.00325025
v 0.10125190 0.07569366 -0.00664811
v 0.09877848 0.07557725 -0.00334089
v 0.10208230 0.07553631 -0.00440108
v 0.09877848 0.07557725 -0.00334089
v 0.09198629 0.07732653 -0.01425605
v 0.09009474 0.07765507 -0.01465398
v 0.09209173 0.07684069 -0.01112132
v 0.08029490 0.07852989 0.00345577
v 0.07793766 0.07939314 0.00647313
v 0.08039468 0.07893168 0.00902165
v 0.09551107 0.07579517 0.00325025
v 0.09335517 0.07660818 0.01056970
v 0.09759765 0.07594007 0.00774647
v 0.08127021 0.07872706 -0.00941251
v 0.07960897 0.07887905 -0.00629507
v 0.08565449 0.07744699 -0.00687973
v 0.10264680 0.07544636 -0.00217085
v 0.09877848 0.07557725 -0.00334089
v 0.10278540 0.07542842 -0.00036799
v 0.07893335 0.07962936 -0.01132946
v 0.07618379 0.08011114 -0.00823252
v 0.08127021 0.07872706 -0.00941251
v 0.10208230 0.07553631 -0.00440108
v 0.09877848 0.07557725 -0.00334089
v 0.10264680 0.07544636 -0.00217085
v 0.09759765 0.07594007 0.00774647
v 0.09714651 0.07642048 0.01167948
v 0.09945219 0.07600963 0.00935621
v 0.08497577 0.07821100 0.01216388
v 0.08329129 0.07885855 0.01389212
v 0.08626639 0.07833528 0.01461828
v 0.07637101 0.07969832 0.00314064
v 0.07474130 0.08036190 0.00531919
v 0.07793766 0.07939314 0.00647313
v 0.09564310 0.07667768 -0.01270418
v 0.09209173 0.07684069 -0.01112132
v 0.09368842 0.07614231 -0.00644146
v 0.07960897 0.07887905 -0.00629507
v 0.08565449 0.07744699 -0.00687973
v 0.07960897 0.07887905 -0.00629507
v 0.08436393 0.07751893 -0.00339936
v 0.07474130 0.08036190 0.00531919
v 0.07637101 0.07969832 0.00314064
v 0.07405596 0.08048403 0.00282306
v 0.08306050 0.07824820 0.00906868
v 0.08329129 0.07885855 0.01389212
v 0.08497577 0.07821100 0.01216388
v 0.07474130 0.08036190 0.00531919
v 0.07648235 0.08005434 0.00856961
v 0.07793766 0.07939314 0.00647313
v 0.09165996 0.07623147 0.00344003
v 0.09108334 0.07671564 0.00896103
v 0.09551107 0.07579517 0.00325025
v 0.09108334 0.07671564 0.00896103
v 0.07793766 0.07939314 0.00647313
v 0.07648235 0.08005434 0.00856961
v 0.08039468 0.07893168 0.00902165
v 0.07844734 0.07972371 0.01099998
v 0.08068233 0.07931959 0.01262344
v 0.08039468 0.07893168 0.00902165
v 0.08068233 0.07931959 0.01262344
v 0.08039468 0.07893168 0.00902165
v 0.08068233 0.07931959 0.01262344
v 0.08306050 0.07824820 0.00906868
v 0.09009474 0.07765507 -0.01465398
v 0.09042471 0.07671618 -0.00812732
v 0.09209173 0.07684069 -0.01112132
v 0.07844734 0.07972371 0.01099998
v 0.09759765 0.07594007 0.00774647
v 0.09335517 0.07660818 0.01056970
v 0.09714651 0.07642048 0.01167948
v 0.10047760 0.07547575 -0.00074112
v 0.10278540 0.07542842 -0.00036799
v 0.08867251 0.07758617 -0.01267790
v 0.09009474 0.07765507 -0.01465398
v 0.08832257 0.07766419 -0.01279550
v 0.08895343 0.07750153 -0.01243489
v 0.08915454 0.07739013 -0.01200204
v 0.09009474 0.07765507 -0.01465398
v 0.10015920 0.07548707 -0.00093602
v 0.09877848 0.07557725 -0.00334089
v 0.09987068 0.07549262 -0.00099926
v 0.09009474 0.07765507 -0.01465398
v 0.08867251 0.07758617 -0.01267790
v 0.08895343 0.07750153 -0.01243489
v 0.10278540 0.07542842 -0.00036799
v 0.10047760 0.07547575 -0.00074112
v 0.10075280 0.07546603 -0.00034647
v 0.10015920 0.07548707 -0.00093602
v 0.08786028 0.07805585 -0.01473030
v 0.08620333 0.07834035 -0.01462288
v 0.09009474 0.07765507 -0.01465398
v 0.10079840 0.07546472 0.00012667
v 0.10278540 0.07542842 -0.00036799
v 0.10075280 0.07546603 -0.00034647
v 0.08344721 0.07768201 -0.00179224
v 0.08156424 0.07812523 0.00051308
v 0.08310937 0.07774084 -0.00034492
v 0.08915454 0.07739013 -0.01200204
v 0.09042471 0.07671618 -0.00812732
v 0.09009474 0.07765507 -0.01465398
v 0.09009474 0.07765507 -0.01465398
v 0.08785676 0.07773989 -0.01275115
v 0.08832257 0.07766419 -0.01279550
v 0.07960897 0.07887905 -0.00629507
v 0.08436393 0.07751893 -0.00339936
v 0.10079840 0.07546472 0.00012667
v 0.10068040 0.07546854 0.00048495
v 0.10278540 0.07542842 -0.00036799
v 0.10068040 0.07546854 0.00048495
v 0.10275940 0.07542788 0.00106771
v 0.09209173 0.07684069 -0.01112132
v 0.09042471 0.07671618 -0.00812732
v 0.09368842 0.07614231 -0.00644146
v 0.09041810 0.07645213 0.00443817
v 0.09108334 0.07671564 0.00896103
v 0.09165996 0.07623147 0.00344003
v 0.08620333 0.07834035 -0.01462288
v 0.08436393 0.07751893 -0.00339936
v 0.08156424 0.07812523 0.00051308
v 0.08344721 0.07768201 -0.00179224
v 0.09750235 0.07596200 -0.00788181
v 0.09368842 0.07614231 -0.00644146
v 0.09877848 0.07557725 -0.00334089
v 0.08620333 0.07834035 -0.01462288
v 0.08739072 0.07777339 -0.01240848
v 0.08785676 0.07773989 -0.01275115
v 0.10043600 0.07547777 0.00077648
v 0.10275940 0.07542788 0.00106771
v 0.08860486 0.07677227 0.00498600
v 0.08725029 0.07719719 0.00747365
v 0.09041810 0.07645213 0.00443817
v 0.09041810 0.07645213 0.00443817
v 0.08725029 0.07719719 0.00747365
v 0.09108334 0.07671564 0.00896103
v 0.08310937 0.07774084 -0.00034492
v 0.08156424 0.07812523 0.00051308
v 0.08331239 0.07770538 0.00141896
v 0.10043600 0.07547777 0.00077648
v 0.10003570 0.07549107 0.00098092
v 0.10275940 0.07542788 0.00106771
v 0.08685904 0.07707995 0.00488199
v 0.08725029 0.07719719 0.00747365
v 0.08860486 0.07677227 0.00498600
v 0.09987068 0.07549262 -0.00099926
v 0.09877848 0.07557725 -0.00334089
v 0.09723758 0.07562816 -0.00098114
v 0.08436393 0.07751893 -0.00339936
v 0.07774746 0.07925921 -0.00341290
v 0.08156424 0.07812523 0.00051308
v 0.09714651 0.07642048 0.01167948
v 0.09335517 0.07660818 0.01056970
v 0.09456616 0.07686996 0.01328225
v 0.08739072 0.07777339 -0.01240848
v 0.08620333 0.07834035 -0.01462288
v 0.08720016 0.07774412 -0.01196568
v 0.09877848 0.07557725 -0.00334089
v 0.09534788 0.07576167 -0.00114089
v 0.09723758 0.07562816 -0.00098114
v 0.08915454 0.07739013 -0.01200204
v 0.08909302 0.07706487 -0.00934486
v 0.09042471 0.07671618 -0.00812732
v 0.09368842 0.07614231 -0.00644146
v 0.09534788 0.07576167 -0.00114089
v 0.09877848 0.07557725 -0.00334089
v 0.07618379 0.08011114 -0.00823252
v 0.07774746 0.07925921 -0.00341290
v 0.07960897 0.07887905 -0.00629507
v 0.08909302 0.07706487 -0.00934486
v 0.08897161 0.07705694 -0.00900381
v 0.09042471 0.07671618 -0.00812732
v 0.08620333 0.07834035 -0.01462288
v 0.08447474 0.07814282 -0.01091491
v 0.08720016 0.07774412 -0.01196568
v 0.08720016 0.07774412 -0.01196568
v 0.08447474 0.07814282 -0.01091491
v 0.08713704 0.07740801 -0.00929915
v 0.10003570 0.07549107 0.00098092
v 0.09898912 0.07557761 0.00327028
v 0.10275940 0.07542788 0.00106771
v 0.09723758 0.07562816 -0.00098114
v 0.10275940 0.07542788 0.00106771
v 0.09898912 0.07557761 0.00327028
v 0.10260070 0.07545477 0.00246168
v 0.07498157 0.07957983 0.00827480
v 0.07584249 0.07989960 0.00893296
v 0.07474124 0.08001673 0.00727309
v 0.07584249 0.07989960 0.00893296
v 0.07707959 0.07957482 0.01064009
v 0.07708442 0.07983779 0.01011635
v 0.07646000 0.07936298 0.01026345
v 0.07707959 0.07957482 0.01064009
v 0.07584249 0.07989960 0.00893296
v 0.07708442 0.07983779 0.01011635
v 0.07829809 0.07952737 0.01155455
v 0.07844734 0.07972371 0.01099998
v 0.07708442 0.07983779 0.01011635
v 0.07707959 0.07957482 0.01064009
v 0.07829809 0.07952737 0.01155455
v 0.08009165 0.07905352 0.01315517
v 0.07829809 0.07952737 0.01155455
v 0.07783323 0.07918101 0.01166023
v 0.08242565 0.07879269 0.01418466
v 0.08009165 0.07905352 0.01315517
v 0.08266896 0.07846671 0.01454944
v 0.08638679 0.07758611 0.01558012
v 0.08750122 0.07786720 0.01536757
v 0.08494043 0.07819092 0.01515920
v 0.08750122 0.07786720 0.01536757
v 0.08910834 0.07750093 0.01543493
v 0.08994859 0.07761400 0.01502074
v 0.08910834 0.07750093 0.01543493
v 0.08946639 0.07705491 0.01561476
v 0.09122741 0.07705390 0.01522238
v 0.09124791 0.07662415 0.01538677
v 0.09343212 0.07668066 0.01457704
v 0.09122741 0.07705390 0.01522238
v 0.09597331 0.07626891 0.01332445
v 0.09343212 0.07668066 0.01457704
v 0.09392648 0.07624423 0.01454283
v 0.09954661 0.07563447 0.01031596
v 0.09920293 0.07530498 0.01094634
v 0.10056690 0.07543373 0.00905771
v 0.10056690 0.07543373 0.00905771
v 0.09920293 0.07530498 0.01094634
v 0.10051280 0.07506656 0.00936110
v 0.10056690 0.07543373 0.00905771
v 0.10051280 0.07506656 0.00936110
v 0.10152660 0.07498735 0.00778414
v 0.10117560 0.07552903 0.00779117
v 0.10056690 0.07543373 0.00905771
v 0.10152660 0.07498735 0.00778414
v 0.10117560 0.07552903 0.00779117
v 0.10152660 0.07498735 0.00778414
v 0.10190710 0.07540386 0.00636698
v 0.10190710 0.07540386 0.00636698
v 0.10152660 0.07498735 0.00778414
v 0.10227960 0.07486790 0.00624300
v 0.10250410 0.07524138 0.00499047
v 0.10190710 0.07540386 0.00636698
v 0.10227960 0.07486790 0.00624300
v 0.10250410 0.07524138 0.00499047
v 0.10227960 0.07486790 0.00624300
v 0.10287300 0.07472193 0.00465263
v 0.10289650 0.07516920 0.00363065
v 0.10287300 0.07472193 0.00465263
v 0.10331890 0.07468974 0.00273950
v 0.10324100 0.07508486 0.00189931
v 0.10289650 0.07516920 0.00363065
v 0.10331890 0.07468974 0.00273950
v 0.10324100 0.07508486 0.00189931
v 0.10331890 0.07468974 0.00273950
v 0.10352170 0.07460546 0.00114007
v 0.10324100 0.07508486 0.00189931
v 0.10352170 0.07460546 0.00114007
v 0.10347070 0.07487988 -0.00004654
v 0.10347070 0.07487988 -0.00004654
v 0.10312500 0.07526195 0.00113703
v 0.10324100 0.07508486 0.00189931
v 0.10312500 0.07526195 0.00113703
v 0.10347070 0.07487988 -0.00004654
v 0.10321860 0.07520347 -0.00044590
v 0.07324224 0.08046871 0.00137151
v 0.07371389 0.08055287 0.00030334
v 0.07336300 0.08053171 -0.00033169
v 0.07292115 0.08030509 0.00029881
v 0.07264238 0.07991802 0.00048877
v 0.07291013 0.08018147 0.00172574
v 0.07324224 0.08046871 0.00137151
v 0.07367724 0.08050209 0.00273586
v 0.07371389 0.08055287 0.00030334
v 0.07367724 0.08050209 0.00273586
v 0.07405596 0.08048403 0.00282306
v 0.07371389 0.08055287 0.00030334
v 0.07299518 0.07994413 0.00313885
v 0.07326930 0.08012229 0.00378747
v 0.07291013 0.08018147 0.00172574
v 0.07405596 0.08048403 0.00282306
v 0.07367724 0.08050209 0.00273586
v 0.07474130 0.08036190 0.00531919
v 0.07474130 0.08036190 0.00531919
v 0.07367724 0.08050209 0.00273586
v 0.07428908 0.08039247 0.00504280
v 0.07299518 0.07994413 0.00313885
v 0.07338428 0.07977110 0.00481261
v 0.07326930 0.08012229 0.00378747
v 0.07474130 0.08036190 0.00531919
v 0.07428908 0.08039247 0.00504280
v 0.07575565 0.08015418 0.00799371
v 0.07428908 0.08039247 0.00504280
v 0.07407355 0.08025771 0.00541569
v 0.07495039 0.08019578 0.00705714
v 0.08028358 0.07929021 0.01284070
v 0.07829809 0.07952737 0.01155455
v 0.08009165 0.07905352 0.01315517
v 0.08028358 0.07929021 0.01284070
v 0.08009165 0.07905352 0.01315517
v 0.08242565 0.07879269 0.01418466
v 0.08579152 0.07833111 0.01494760
v 0.08242565 0.07879269 0.01418466
v 0.08494043 0.07819092 0.01515920
v 0.08579152 0.07833111 0.01494760
v 0.08494043 0.07819092 0.01515920
v 0.08750122 0.07786720 0.01536757
v 0.08910834 0.07750093 0.01543493
v 0.09122741 0.07705390 0.01522238
v 0.08994859 0.07761400 0.01502074
v 0.09819269 0.07579308 0.01176686
v 0.09694230 0.07638156 0.01224524
v 0.09597331 0.07626891 0.01332445
v 0.09856247 0.07601672 0.01106019
v 0.09694230 0.07638156 0.01224524
v 0.09819269 0.07579308 0.01176686
v 0.09856247 0.07601672 0.01106019
v 0.09819269 0.07579308 0.01176686
v 0.09954661 0.07563447 0.01031596
v 0.09954661 0.07563447 0.01031596
v 0.09819269 0.07579308 0.01176686
v 0.09920293 0.07530498 0.01094634
v 0.10010150 0.07582914 0.00910182
v 0.09856247 0.07601672 0.01106019
v 0.09954661 0.07563447 0.01031596
v 0.10010150 0.07582914 0.00910182
v 0.09954661 0.07563447 0.01031596
v 0.10056690 0.07543373 0.00905771
v 0.10117560 0.07552903 0.00779117
v 0.10010150 0.07582914 0.00910182
v 0.10056690 0.07543373 0.00905771
v 0.10250410 0.07524138 0.00499047
v 0.10287300 0.07472193 0.00465263
v 0.10289650 0.07516920 0.00363065
v 0.07291013 0.08018147 0.00172574
v 0.07264238 0.07991802 0.00048877
v 0.07299518 0.07994413 0.00313885
v 0.10278540 0.07542842 -0.00036799
v 0.10275940 0.07542788 0.00106771
v 0.10312500 0.07526195 0.00113703
v 0.10278540 0.07542842 -0.00036799
v 0.10312500 0.07526195 0.00113703
v 0.10321860 0.07520347 -0.00044590
v 0.10347070 0.07487988 -0.00004654
v 0.10352170 0.07460546 0.00114007
v 0.10356270 0.07450103 -0.00065028
v 0.07338428 0.07977110 0.00481261
v 0.07392287 0.07990092 0.00602705
v 0.07326930 0.08012229 0.00378747
v 0.07474130 0.08036190 0.00531919
v 0.07575565 0.08015418 0.00799371
v 0.07648235 0.08005434 0.00856961
v 0.07575565 0.08015418 0.00799371
v 0.07584249 0.07989960 0.00893296
v 0.07708442 0.07983779 0.01011635
v 0.07844734 0.07972371 0.01099998
v 0.07575565 0.08015418 0.00799371
v 0.07708442 0.07983779 0.01011635
v 0.07783323 0.07918101 0.01166023
v 0.07707959 0.07957482 0.01064009
v 0.07646000 0.07936298 0.01026345
v 0.08028358 0.07929021 0.01284070
v 0.07844734 0.07972371 0.01099998
v 0.07829809 0.07952737 0.01155455
v 0.08028358 0.07929021 0.01284070
v 0.08284229 0.07887458 0.01404000
v 0.08068233 0.07931959 0.01262344
v 0.08284229 0.07887458 0.01404000
v 0.08028358 0.07929021 0.01284070
v 0.08242565 0.07879269 0.01418466
v 0.08432084 0.07788324 0.01523013
v 0.08494043 0.07819092 0.01515920
v 0.08266896 0.07846671 0.01454944
v 0.08284229 0.07887458 0.01404000
v 0.08242565 0.07879269 0.01418466
v 0.08579152 0.07833111 0.01494760
v 0.08284229 0.07887458 0.01404000
v 0.08579152 0.07833111 0.01494760
v 0.08329129 0.07885855 0.01389212
v 0.08432084 0.07788324 0.01523013
v 0.08638679 0.07758611 0.01558012
v 0.08494043 0.07819092 0.01515920
v 0.08994859 0.07761400 0.01502074
v 0.08579152 0.07833111 0.01494760
v 0.08750122 0.07786720 0.01536757
v 0.09315371 0.07701659 0.01432873
v 0.08994859 0.07761400 0.01502074
v 0.09122741 0.07705390 0.01522238
v 0.09315371 0.07701659 0.01432873
v 0.09122741 0.07705390 0.01522238
v 0.09343212 0.07668066 0.01457704
v 0.09524047 0.07669246 0.01329154
v 0.09343212 0.07668066 0.01457704
v 0.09597331 0.07626891 0.01332445
v 0.09315371 0.07701659 0.01432873
v 0.09694230 0.07638156 0.01224524
v 0.09524047 0.07669246 0.01329154
v 0.09597331 0.07626891 0.01332445
v 0.09856247 0.07601672 0.01106019
v 0.09714651 0.07642048 0.01167948
v 0.09694230 0.07638156 0.01224524
v 0.10010150 0.07582914 0.00910182
v 0.09945219 0.07600963 0.00935621
v 0.09856247 0.07601672 0.01106019
v 0.10145610 0.07565563 0.00619967
v 0.10010150 0.07582914 0.00910182
v 0.10117560 0.07552903 0.00779117
v 0.10145610 0.07565563 0.00619967
v 0.10117560 0.07552903 0.00779117
v 0.10190710 0.07540386 0.00636698
v 0.10208630 0.07550358 0.00522280
v 0.10190710 0.07540386 0.00636698
v 0.10250410 0.07524138 0.00499047
v 0.10208630 0.07550358 0.00522280
v 0.10260070 0.07545477 0.00246168
v 0.10145610 0.07565563 0.00619967
v 0.10263890 0.07539957 0.00342656
v 0.10263890 0.07539957 0.00342656
v 0.10208630 0.07550358 0.00522280
v 0.10250410 0.07524138 0.00499047
v 0.10263890 0.07539957 0.00342656
v 0.10250410 0.07524138 0.00499047
v 0.10289650 0.07516920 0.00363065
v 0.10263890 0.07539957 0.00342656
v 0.10289650 0.07516920 0.00363065
v 0.10324100 0.07508486 0.00189931
v 0.10263890 0.07539957 0.00342656
v 0.10312500 0.07526195 0.00113703
v 0.10260070 0.07545477 0.00246168
v 0.10324100 0.07508486 0.00189931
v 0.10312500 0.07526195 0.00113703
v 0.10263890 0.07539957 0.00342656
v 0.10275940 0.07542788 0.00106771
v 0.10260070 0.07545477 0.00246168
v 0.10312500 0.07526195 0.00113703
v 0.07648235 0.08005434 0.00856961
v 0.07575565 0.08015418 0.00799371
v 0.07844734 0.07972371 0.01099998
v 0.07407355 0.08025771 0.00541569
v 0.07474124 0.08001673 0.00727309
v 0.07495039 0.08019578 0.00705714
v 0.08814889 0.07800370 0.01474483
v 0.08579152 0.07833111 0.01494760
v 0.08994859 0.07761400 0.01502074
v 0.09315371 0.07701659 0.01432873
v 0.09224313 0.07728391 0.01419283
v 0.08994859 0.07761400 0.01502074
v 0.09524047 0.07669246 0.01329154
v 0.09456616 0.07686996 0.01328225
v 0.09315371 0.07701659 0.01432873
v 0.07584249 0.07989960 0.00893296
v 0.07498157 0.07957983 0.00827480
v 0.07646000 0.07936298 0.01026345
v 0.09945219 0.07600963 0.00935621
v 0.09714651 0.07642048 0.01167948
v 0.09856247 0.07601672 0.01106019
v 0.10145610 0.07565563 0.00619967
v 0.09945219 0.07600963 0.00935621
v 0.10010150 0.07582914 0.00910182
v 0.07707959 0.07957482 0.01064009
v 0.07783323 0.07918101 0.01166023
v 0.07829809 0.07952737 0.01155455
v 0.08009165 0.07905352 0.01315517
v 0.07783323 0.07918101 0.01166023
v 0.07944667 0.07871562 0.01302279
v 0.10208630 0.07550358 0.00522280
v 0.10263890 0.07539957 0.00342656
v 0.10145610 0.07565563 0.00619967
v 0.07844734 0.07972371 0.01099998
v 0.08028358 0.07929021 0.01284070
v 0.08068233 0.07931959 0.01262344
v 0.07944667 0.07871562 0.01302279
v 0.08163428 0.07836914 0.01425184
v 0.08009165 0.07905352 0.01315517
v 0.08266896 0.07846671 0.01454944
v 0.08009165 0.07905352 0.01315517
v 0.08163428 0.07836914 0.01425184
v 0.08068233 0.07931959 0.01262344
v 0.08284229 0.07887458 0.01404000
v 0.08329129 0.07885855 0.01389212
v 0.08266896 0.07846671 0.01454944
v 0.08494043 0.07819092 0.01515920
v 0.08242565 0.07879269 0.01418466
v 0.08432084 0.07788324 0.01523013
v 0.08266896 0.07846671 0.01454944
v 0.08163428 0.07836914 0.01425184
v 0.08329129 0.07885855 0.01389212
v 0.08579152 0.07833111 0.01494760
v 0.08626639 0.07833528 0.01461828
v 0.08750122 0.07786720 0.01536757
v 0.08638679 0.07758611 0.01558012
v 0.08794248 0.07729864 0.01568187
v 0.08910834 0.07750093 0.01543493
v 0.08750122 0.07786720 0.01536757
v 0.08794248 0.07729864 0.01568187
v 0.08910834 0.07750093 0.01543493
v 0.08794248 0.07729864 0.01568187
v 0.08946639 0.07705491 0.01561476
v 0.08626639 0.07833528 0.01461828
v 0.08579152 0.07833111 0.01494760
v 0.08814889 0.07800370 0.01474483
v 0.08946639 0.07705491 0.01561476
v 0.09124791 0.07662415 0.01538677
v 0.09122741 0.07705390 0.01522238
v 0.09343212 0.07668066 0.01457704
v 0.09124791 0.07662415 0.01538677
v 0.09392648 0.07624423 0.01454283
v 0.09456616 0.07686996 0.01328225
v 0.09524047 0.07669246 0.01329154
v 0.09694230 0.07638156 0.01224524
v 0.09392648 0.07624423 0.01454283
v 0.09548866 0.07594013 0.01378966
v 0.09597331 0.07626891 0.01332445
v 0.09696042 0.07570469 0.01287175
v 0.09597331 0.07626891 0.01332445
v 0.09548866 0.07594013 0.01378966
v 0.09039223 0.07760214 0.01461066
v 0.08814889 0.07800370 0.01474483
v 0.08994859 0.07761400 0.01502074
v 0.09819269 0.07579308 0.01176686
v 0.09597331 0.07626891 0.01332445
v 0.09696042 0.07570469 0.01287175
v 0.09039223 0.07760214 0.01461066
v 0.08994859 0.07761400 0.01502074
v 0.09224313 0.07728391 0.01419283
v 0.09819269 0.07579308 0.01176686
v 0.09696042 0.07570469 0.01287175
v 0.09920293 0.07530498 0.01094634
v 0.09224313 0.07728391 0.01419283
v 0.09456616 0.07686996 0.01328225
v 0.09694230 0.07638156 0.01224524
v 0.09714651 0.07642048 0.01167948
v 0.07292115 0.08030509 0.00029881
v 0.07324224 0.08046871 0.00137151
v 0.07336300 0.08053171 -0.00033169
v 0.07292115 0.08030509 0.00029881
v 0.07291013 0.08018147 0.00172574
v 0.07324224 0.08046871 0.00137151
v 0.07326930 0.08012229 0.00378747
v 0.07324224 0.08046871 0.00137151
v 0.07291013 0.08018147 0.00172574
v 0.07367724 0.08050209 0.00273586
v 0.07324224 0.08046871 0.00137151
v 0.07355761 0.08034491 0.00377388
v 0.07326930 0.08012229 0.00378747
v 0.07355761 0.08034491 0.00377388
v 0.07324224 0.08046871 0.00137151
v 0.07367724 0.08050209 0.00273586
v 0.07355761 0.08034491 0.00377388
v 0.07428908 0.08039247 0.00504280
v 0.07428908 0.08039247 0.00504280
v 0.07355761 0.08034491 0.00377388
v 0.07407355 0.08025771 0.00541569
v 0.07326930 0.08012229 0.00378747
v 0.07407355 0.08025771 0.00541569
v 0.07355761 0.08034491 0.00377388
v 0.07392287 0.07990092 0.00602705
v 0.07407355 0.08025771 0.00541569
v 0.07326930 0.08012229 0.00378747
v 0.07428908 0.08039247 0.00504280
v 0.07495039 0.08019578 0.00705714
v 0.07575565 0.08015418 0.00799371
v 0.07392287 0.07990092 0.00602705
v 0.07474124 0.08001673 0.00727309
v 0.07407355 0.08025771 0.00541569
v 0.07392287 0.07990092 0.00602705
v 0.07498157 0.07957983 0.00827480
v 0.07474124 0.08001673 0.00727309
v 0.07495039 0.08019578 0.00705714
v 0.07474124 0.08001673 0.00727309
v 0.07584249 0.07989960 0.00893296
v 0.07495039 0.08019578 0.00705714
v 0.07584249 0.07989960 0.00893296
v 0.07575565 0.08015418 0.00799371
v 0.10187280 0.07485049 -0.00717073
v 0.10062490 0.07544457 -0.00894623
v 0.10171370 0.07522910 -0.00718199
v 0.10187280 0.07485049 -0.00717073
v 0.10078280 0.07503056 -0.00898002
v 0.10062490 0.07544457 -0.00894623
v 0.09979867 0.07524770 -0.01026283
v 0.09982776 0.07570457 -0.00986706
v 0.10062490 0.07544457 -0.00894623
v 0.09982776 0.07570457 -0.00986706
v 0.09835535 0.07590770 -0.01147966
v 0.09869104 0.07609993 -0.01064591
v 0.09979867 0.07524770 -0.01026283
v 0.09835535 0.07590770 -0.01147966
v 0.09982776 0.07570457 -0.00986706
v 0.09479409 0.07662534 -0.01380735
v 0.09632265 0.07618844 -0.01313471
v 0.09367692 0.07652068 -0.01454461
v 0.09232282 0.07712298 -0.01466495
v 0.09479409 0.07662534 -0.01380735
v 0.09367692 0.07652068 -0.01454461
v 0.09232282 0.07712298 -0.01466495
v 0.09367692 0.07652068 -0.01454461
v 0.09244847 0.07658183 -0.01505297
v 0.09062790 0.07720756 -0.01529256
v 0.09244847 0.07658183 -0.01505297
v 0.09014302 0.07690632 -0.01555516
v 0.08853620 0.07771700 -0.01533024
v 0.08829313 0.07733798 -0.01566125
v 0.08631962 0.07797688 -0.01536480
v 0.08853620 0.07771700 -0.01533024
v 0.08631962 0.07797688 -0.01536480
v 0.08625835 0.07822817 -0.01504964
v 0.08113723 0.07858878 -0.01396566
v 0.08421927 0.07806301 -0.01514834
v 0.08250856 0.07814812 -0.01464510
v 0.08113723 0.07858878 -0.01396566
v 0.08150178 0.07898360 -0.01371376
v 0.08329272 0.07853329 -0.01464170
v 0.07931500 0.07890886 -0.01285850
v 0.08150178 0.07898360 -0.01371376
v 0.08113723 0.07858878 -0.01396566
v 0.07807159 0.07928103 -0.01174389
v 0.07879626 0.07943481 -0.01202117
v 0.07931500 0.07890886 -0.01285850
v 0.07682859 0.07964032 -0.01031606
v 0.07703870 0.07921314 -0.01094638
v 0.07580178 0.07980042 -0.00905882
v 0.07580178 0.07980042 -0.00905882
v 0.07703870 0.07921314 -0.01094638
v 0.07572656 0.07943701 -0.00936173
v 0.07580178 0.07980042 -0.00905882
v 0.07572656 0.07943701 -0.00936173
v 0.07487469 0.07966667 -0.00802176
v 0.07503390 0.08012592 -0.00744657
v 0.07580178 0.07980042 -0.00905882
v 0.07487469 0.07966667 -0.00802176
v 0.07503390 0.08012592 -0.00744657
v 0.07487469 0.07966667 -0.00802176
v 0.07432180 0.07976478 -0.00699567
v 0.07503390 0.08012592 -0.00744657
v 0.07432180 0.07976478 -0.00699567
v 0.07399189 0.07996422 -0.00602471
v 0.07399499 0.08025991 -0.00526743
v 0.07503390 0.08012592 -0.00744657
v 0.07399189 0.07996422 -0.00602471
v 0.07399499 0.08025991 -0.00526743
v 0.07399189 0.07996422 -0.00602471
v 0.07346057 0.07993787 -0.00481587
v 0.07352173 0.08034878 -0.00363164
v 0.07346057 0.07993787 -0.00481587
v 0.07310408 0.07996976 -0.00355940
v 0.07331144 0.08043760 -0.00220596
v 0.07352173 0.08034878 -0.00363164
v 0.07310408 0.07996976 -0.00355940
v 0.07331144 0.08043760 -0.00220596
v 0.07310408 0.07996976 -0.00355940
v 0.07285666 0.08003103 -0.00215756
v 0.07310670 0.08040797 -0.00105923
v 0.07285666 0.08003103 -0.00215756
v 0.07281899 0.08016550 -0.00084399
v 0.07281899 0.08016550 -0.00084399
v 0.07292115 0.08030509 0.00029881
v 0.07310670 0.08040797 -0.00105923
v 0.07310670 0.08040797 -0.00105923
v 0.07292115 0.08030509 0.00029881
v 0.07336300 0.08053171 -0.00033169
v 0.10347070 0.07487988 -0.00004654
v 0.10356270 0.07450103 -0.00065028
v 0.10341390 0.07480281 -0.00172567
v 0.10311940 0.07521021 -0.00192159
v 0.10278540 0.07542842 -0.00036799
v 0.10321860 0.07520347 -0.00044590
v 0.10264680 0.07544636 -0.00217085
v 0.10265600 0.07539504 -0.00335263
v 0.10325290 0.07460892 -0.00313836
v 0.10305590 0.07487028 -0.00378834
v 0.10341390 0.07480281 -0.00172567
v 0.10264680 0.07544636 -0.00217085
v 0.10265600 0.07539504 -0.00335263
v 0.10208230 0.07553631 -0.00440108
v 0.10218670 0.07547348 -0.00505416
v 0.10325290 0.07460892 -0.00313836
v 0.10280770 0.07466197 -0.00487559
v 0.10305590 0.07487028 -0.00378834
v 0.10208230 0.07553631 -0.00440108
v 0.10218670 0.07547348 -0.00505416
v 0.10125190 0.07569366 -0.00664811
v 0.10280770 0.07466197 -0.00487559
v 0.10236470 0.07519882 -0.00559174
v 0.10305590 0.07487028 -0.00378834
v 0.10236470 0.07519882 -0.00559174
v 0.10280770 0.07466197 -0.00487559
v 0.10187280 0.07485049 -0.00717073
v 0.10236470 0.07519882 -0.00559174
v 0.10187280 0.07485049 -0.00717073
v 0.10171370 0.07522910 -0.00718199
v 0.09648859 0.07647573 -0.01252561
v 0.09835535 0.07590770 -0.01147966
v 0.09632265 0.07618844 -0.01313471
v 0.09648859 0.07647573 -0.01252561
v 0.09632265 0.07618844 -0.01313471
v 0.09479409 0.07662534 -0.01380735
v 0.08961361 0.07770442 -0.01497989
v 0.09232282 0.07712298 -0.01466495
v 0.09062790 0.07720756 -0.01529256
v 0.08961361 0.07770442 -0.01497989
v 0.09062790 0.07720756 -0.01529256
v 0.08853620 0.07771700 -0.01533024
v 0.08329272 0.07853329 -0.01464170
v 0.08631962 0.07797688 -0.01536480
v 0.08421927 0.07806301 -0.01514834
v 0.08329272 0.07853329 -0.01464170
v 0.08625835 0.07822817 -0.01504964
v 0.08631962 0.07797688 -0.01536480
v 0.07879626 0.07943481 -0.01202117
v 0.08150178 0.07898360 -0.01371376
v 0.07931500 0.07890886 -0.01285850
v 0.07879626 0.07943481 -0.01202117
v 0.07682859 0.07964032 -0.01031606
v 0.07702302 0.07984989 -0.01006614
v 0.07879626 0.07943481 -0.01202117
v 0.07807159 0.07928103 -0.01174389
v 0.07682859 0.07964032 -0.01031606
v 0.07682859 0.07964032 -0.01031606
v 0.07807159 0.07928103 -0.01174389
v 0.07703870 0.07921314 -0.01094638
v 0.07702302 0.07984989 -0.01006614
v 0.07682859 0.07964032 -0.01031606
v 0.07580178 0.07980042 -0.00905882
v 0.07503390 0.08012592 -0.00744657
v 0.07654839 0.08000940 -0.00915687
v 0.07702302 0.07984989 -0.01006614
v 0.07503390 0.08012592 -0.00744657
v 0.07702302 0.07984989 -0.01006614
v 0.07580178 0.07980042 -0.00905882
v 0.07399499 0.08025991 -0.00526743
v 0.07346057 0.07993787 -0.00481587
v 0.07352173 0.08034878 -0.00363164
v 0.10341390 0.07480281 -0.00172567
v 0.10356270 0.07450103 -0.00065028
v 0.10325290 0.07460892 -0.00313836
v 0.07331144 0.08043760 -0.00220596
v 0.07285666 0.08003103 -0.00215756
v 0.07310670 0.08040797 -0.00105923
v 0.07281899 0.08016550 -0.00084399
v 0.07264238 0.07991802 0.00048877
v 0.07292115 0.08030509 0.00029881
v 0.10148540 0.07551497 -0.00709127
v 0.10021650 0.07587754 -0.00851475
v 0.10125190 0.07569366 -0.00664811
v 0.10021650 0.07587754 -0.00851475
v 0.09982776 0.07570457 -0.00986706
v 0.09869104 0.07609993 -0.01064591
v 0.09867089 0.07535392 -0.01145856
v 0.09835535 0.07590770 -0.01147966
v 0.09979867 0.07524770 -0.01026283
v 0.09648859 0.07647573 -0.01252561
v 0.09869104 0.07609993 -0.01064591
v 0.09835535 0.07590770 -0.01147966
v 0.09867089 0.07535392 -0.01145856
v 0.09684145 0.07568812 -0.01297264
v 0.09835535 0.07590770 -0.01147966
v 0.09648859 0.07647573 -0.01252561
v 0.09479409 0.07662534 -0.01380735
v 0.09408366 0.07695609 -0.01363270
v 0.09408366 0.07695609 -0.01363270
v 0.09479409 0.07662534 -0.01380735
v 0.09232282 0.07712298 -0.01466495
v 0.09408366 0.07695609 -0.01363270
v 0.09232282 0.07712298 -0.01466495
v 0.09198629 0.07732653 -0.01425605
v 0.09232282 0.07712298 -0.01466495
v 0.08961361 0.07770442 -0.01497989
v 0.09198629 0.07732653 -0.01425605
v 0.08961361 0.07770442 -0.01497989
v 0.08853620 0.07771700 -0.01533024
v 0.08625835 0.07822817 -0.01504964
v 0.08961361 0.07770442 -0.01497989
v 0.08625835 0.07822817 -0.01504964
v 0.08786028 0.07805585 -0.01473030
v 0.08389806 0.07865953 -0.01448178
v 0.08625835 0.07822817 -0.01504964
v 0.08329272 0.07853329 -0.01464170
v 0.08150178 0.07898360 -0.01371376
v 0.08389806 0.07865953 -0.01448178
v 0.08329272 0.07853329 -0.01464170
v 0.07702302 0.07984989 -0.01006614
v 0.07924234 0.07951360 -0.01198440
v 0.07879626 0.07943481 -0.01202117
v 0.07702302 0.07984989 -0.01006614
v 0.07893335 0.07962936 -0.01132946
v 0.07924234 0.07951360 -0.01198440
v 0.07654839 0.08000940 -0.00915687
v 0.07503390 0.08012592 -0.00744657
v 0.07618379 0.08011114 -0.00823252
v 0.07464134 0.08034783 -0.00585525
v 0.07618379 0.08011114 -0.00823252
v 0.07503390 0.08012592 -0.00744657
v 0.07472413 0.08036667 -0.00528162
v 0.07618379 0.08011114 -0.00823252
v 0.07464134 0.08034783 -0.00585525
v 0.07503390 0.08012592 -0.00744657
v 0.07399499 0.08025991 -0.00526743
v 0.07464134 0.08034783 -0.00585525
v 0.07384240 0.08047717 -0.00342708
v 0.07399499 0.08025991 -0.00526743
v 0.07352173 0.08034878 -0.00363164
v 0.07384240 0.08047717 -0.00342708
v 0.07464134 0.08034783 -0.00585525
v 0.07399499 0.08025991 -0.00526743
v 0.07380622 0.08052963 -0.00204294
v 0.07472413 0.08036667 -0.00528162
v 0.07384240 0.08047717 -0.00342708
v 0.07384240 0.08047717 -0.00342708
v 0.07352173 0.08034878 -0.00363164
v 0.07331144 0.08043760 -0.00220596
v 0.07384240 0.08047717 -0.00342708
v 0.07331144 0.08043760 -0.00220596
v 0.07380622 0.08052963 -0.00204294
v 0.07336300 0.08053171 -0.00033169
v 0.07331144 0.08043760 -0.00220596
v 0.07310670 0.08040797 -0.00105923
v 0.07336300 0.08053171 -0.00033169
v 0.07371389 0.08055287 0.00030334
v 0.07380622 0.08052963 -0.00204294
v 0.07336300 0.08053171 -0.00033169
v 0.09766989 0.07632118 -0.01116275
v 0.10021650 0.07587754 -0.00851475
v 0.09869104 0.07609993 -0.01064591
v 0.09766989 0.07632118 -0.01116275
v 0.09869104 0.07609993 -0.01064591
v 0.09648859 0.07647573 -0.01252561
v 0.10236470 0.07519882 -0.00559174
v 0.10171370 0.07522910 -0.00718199
v 0.10148540 0.07551497 -0.00709127
v 0.08389806 0.07865953 -0.01448178
v 0.08511900 0.07853651 -0.01442709
v 0.08625835 0.07822817 -0.01504964
v 0.08247655 0.07900345 -0.01363813
v 0.08389806 0.07865953 -0.01448178
v 0.08150178 0.07898360 -0.01371376
v 0.08062678 0.07931244 -0.01275497
v 0.08247655 0.07900345 -0.01363813
v 0.08150178 0.07898360 -0.01371376
v 0.08062678 0.07931244 -0.01275497
v 0.08150178 0.07898360 -0.01371376
v 0.07879626 0.07943481 -0.01202117
v 0.07924234 0.07951360 -0.01198440
v 0.08062678 0.07931244 -0.01275497
v 0.07879626 0.07943481 -0.01202117
v 0.10062490 0.07544457 -0.00894623
v 0.10078280 0.07503056 -0.00898002
v 0.09979867 0.07524770 -0.01026283
v 0.07654839 0.08000940 -0.00915687
v 0.07893335 0.07962936 -0.01132946
v 0.07702302 0.07984989 -0.01006614
v 0.09632265 0.07618844 -0.01313471
v 0.09835535 0.07590770 -0.01147966
v 0.09684145 0.07568812 -0.01297264
v 0.07464134 0.08034783 -0.00585525
v 0.07384240 0.08047717 -0.00342708
v 0.07472413 0.08036667 -0.00528162
v 0.09684145 0.07568812 -0.01297264
v 0.09459596 0.07608366 -0.01425212
v 0.09632265 0.07618844 -0.01313471
v 0.09564310 0.07667768 -0.01270418
v 0.09766989 0.07632118 -0.01116275
v 0.09648859 0.07647573 -0.01252561
v 0.09367692 0.07652068 -0.01454461
v 0.09632265 0.07618844 -0.01313471
v 0.09459596 0.07608366 -0.01425212
v 0.09564310 0.07667768 -0.01270418
v 0.09648859 0.07647573 -0.01252561
v 0.09408366 0.07695609 -0.01363270
v 0.09244847 0.07658183 -0.01505297
v 0.09367692 0.07652068 -0.01454461
v 0.09459596 0.07608366 -0.01425212
v 0.09062790 0.07720756 -0.01529256
v 0.09232282 0.07712298 -0.01466495
v 0.09244847 0.07658183 -0.01505297
v 0.09062790 0.07720756 -0.01529256
v 0.08829313 0.07733798 -0.01566125
v 0.08853620 0.07771700 -0.01533024
v 0.09062790 0.07720756 -0.01529256
v 0.09014302 0.07690632 -0.01555516
v 0.08829313 0.07733798 -0.01566125
v 0.09009474 0.07765507 -0.01465398
v 0.09198629 0.07732653 -0.01425605
v 0.08961361 0.07770442 -0.01497989
v 0.08631962 0.07797688 -0.01536480
v 0.08829313 0.07733798 -0.01566125
v 0.08629661 0.07757097 -0.01558697
v 0.08961361 0.07770442 -0.01497989
v 0.08786028 0.07805585 -0.01473030
v 0.09009474 0.07765507 -0.01465398
v 0.08629661 0.07757097 -0.01558697
v 0.08421927 0.07806301 -0.01514834
v 0.08631962 0.07797688 -0.01536480
v 0.08113723 0.07858878 -0.01396566
v 0.08329272 0.07853329 -0.01464170
v 0.08421927 0.07806301 -0.01514834
v 0.07618379 0.08011114 -0.00823252
v 0.07893335 0.07962936 -0.01132946
v 0.07654839 0.08000940 -0.00915687
v 0.08786028 0.07805585 -0.01473030
v 0.08625835 0.07822817 -0.01504964
v 0.08620333 0.07834035 -0.01462288
v 0.08620333 0.07834035 -0.01462288
v 0.08625835 0.07822817 -0.01504964
v 0.08511900 0.07853651 -0.01442709
v 0.07807159 0.07928103 -0.01174389
v 0.07931500 0.07890886 -0.01285850
v 0.07703870 0.07921314 -0.01094638
v 0.08511900 0.07853651 -0.01442709
v 0.08389806 0.07865953 -0.01448178
v 0.08247655 0.07900345 -0.01363813
v 0.07893335 0.07962936 -0.01132946
v 0.08247655 0.07900345 -0.01363813
v 0.08062678 0.07931244 -0.01275497
v 0.07893335 0.07962936 -0.01132946
v 0.08062678 0.07931244 -0.01275497
v 0.07924234 0.07951360 -0.01198440
v 0.07399189 0.07996422 -0.00602471
v 0.07432180 0.07976478 -0.00699567
v 0.07346057 0.07993787 -0.00481587
v 0.07281899 0.08016550 -0.00084399
v 0.07285666 0.08003103 -0.00215756
v 0.07264238 0.07991802 0.00048877
v 0.10341390 0.07480281 -0.00172567
v 0.10321860 0.07520347 -0.00044590
v 0.10347070 0.07487988 -0.00004654
v 0.10311940 0.07521021 -0.00192159
v 0.10305590 0.07487028 -0.00378834
v 0.10311940 0.07521021 -0.00192159
v 0.10341390 0.07480281 -0.00172567
v 0.10265600 0.07539504 -0.00335263
v 0.10311940 0.07521021 -0.00192159
v 0.10286120 0.07517796 -0.00377481
v 0.10305590 0.07487028 -0.00378834
v 0.10286120 0.07517796 -0.00377481
v 0.10311940 0.07521021 -0.00192159
v 0.10265600 0.07539504 -0.00335263
v 0.10286120 0.07517796 -0.00377481
v 0.10218670 0.07547348 -0.00505416
v 0.10218670 0.07547348 -0.00505416
v 0.10286120 0.07517796 -0.00377481
v 0.10236470 0.07519882 -0.00559174
v 0.10305590 0.07487028 -0.00378834
v 0.10236470 0.07519882 -0.00559174
v 0.10286120 0.07517796 -0.00377481
v 0.10218670 0.07547348 -0.00505416
v 0.10148540 0.07551497 -0.00709127
v 0.10125190 0.07569366 -0.00664811
v 0.10218670 0.07547348 -0.00505416
v 0.10236470 0.07519882 -0.00559174
v 0.10148540 0.07551497 -0.00709127
v 0.10148540 0.07551497 -0.00709127
v 0.10171370 0.07522910 -0.00718199
v 0.10062490 0.07544457 -0.00894623
v 0.10148540 0.07551497 -0.00709127
v 0.09982776 0.07570457 -0.00986706
v 0.10021650 0.07587754 -0.00851475
v 0.10148540 0.07551497 -0.00709127
v 0.10062490 0.07544457 -0.00894623
v 0.09982776 0.07570457 -0.00986706
v 0.06154865 0.08057528 -0.01315855
v 0.06124413 0.08083301 -0.01181810
v 0.06234306 0.08063197 -0.01415340
v 0.06124413 0.08083301 -0.01181810
v 0.06154865 0.08057528 -0.01315855
v 0.06082183 0.08040994 -0.01214300
v 0.06006193 0.08106625 -0.00831126
v 0.05988281 0.08081883 -0.00908946
v 0.05952930 0.08110767 -0.00665145
v 0.05988281 0.08081883 -0.00908946
v 0.05929177 0.08082056 -0.00728600
v 0.05952930 0.08110767 -0.00665145
v 0.05929177 0.08082056 -0.00728600
v 0.05927640 0.08114254 -0.00548266
v 0.05952930 0.08110767 -0.00665145
v 0.05883407 0.08089816 -0.00507038
v 0.05971074 0.08043342 -0.00943332
v 0.05929177 0.08082056 -0.00728600
v 0.05988281 0.08081883 -0.00908946
v 0.05883407 0.08089816 -0.00507038
v 0.05905055 0.08119761 -0.00385355
v 0.05927640 0.08114254 -0.00548266
v 0.05855929 0.08094197 -0.00304728
v 0.05905055 0.08119761 -0.00385355
v 0.05883407 0.08089816 -0.00507038
v 0.05911552 0.08058321 -0.00725554
v 0.05929177 0.08082056 -0.00728600
v 0.05971074 0.08043342 -0.00943332
v 0.05884253 0.08120751 -0.00216465
v 0.05905055 0.08119761 -0.00385355
v 0.05855929 0.08094197 -0.00304728
v 0.05840235 0.08095014 -0.00098085
v 0.05884253 0.08120751 -0.00216465
v 0.05855929 0.08094197 -0.00304728
v 0.05853039 0.08062630 -0.00441425
v 0.05883407 0.08089816 -0.00507038
v 0.05911552 0.08058321 -0.00725554
v 0.05971074 0.08043342 -0.00943332
v 0.05988281 0.08081883 -0.00908946
v 0.06082183 0.08040994 -0.01214300
v 0.05988281 0.08081883 -0.00908946
v 0.05988281 0.08081883 -0.00908946
v 0.06006193 0.08106625 -0.00831126
v 0.06124413 0.08083301 -0.01181810
v 0.06184512 0.08020693 -0.01429415
v 0.06234306 0.08063197 -0.01415340
v 0.06286531 0.08029997 -0.01564344
v 0.05825704 0.08069920 0.00172592
v 0.05840235 0.08095014 -0.00098085
v 0.05823951 0.08061397 -0.00162482
v 0.06154865 0.08057528 -0.01315855
v 0.06234306 0.08063197 -0.01415340
v 0.06184512 0.08020693 -0.01429415
v 0.05877894 0.08124071 0.00129838
v 0.05884253 0.08120751 -0.00216465
v 0.05840235 0.08095014 -0.00098085
v 0.05877894 0.08124071 0.00129838
v 0.05913180 0.08131122 -0.00057911
v 0.05884253 0.08120751 -0.00216465
v 0.05911552 0.08058321 -0.00725554
v 0.05883407 0.08089816 -0.00507038
v 0.05929177 0.08082056 -0.00728600
v 0.05855929 0.08094197 -0.00304728
v 0.05853039 0.08062630 -0.00441425
v 0.05823951 0.08061397 -0.00162482
v 0.05853039 0.08062630 -0.00441425
v 0.05855929 0.08094197 -0.00304728
v 0.05883407 0.08089816 -0.00507038
v 0.06260621 0.07993829 -0.01571627
v 0.06184512 0.08020693 -0.01429415
v 0.06286531 0.08029997 -0.01564344
v 0.05823951 0.08061397 -0.00162482
v 0.05840235 0.08095014 -0.00098085
v 0.05855929 0.08094197 -0.00304728
v 0.06082183 0.08040994 -0.01214300
v 0.06154865 0.08057528 -0.01315855
v 0.06184512 0.08020693 -0.01429415
v 0.06509649 0.08061027 -0.01594834
v 0.06596094 0.08046269 -0.01600878
v 0.06499391 0.08031255 -0.01643120
v 0.06596094 0.08046269 -0.01600878
v 0.06598281 0.07989865 -0.01636158
v 0.06499391 0.08031255 -0.01643120
v 0.06353646 0.08051908 -0.01572174
v 0.06286531 0.08029997 -0.01564344
v 0.06234306 0.08063197 -0.01415340
v 0.06353646 0.08051908 -0.01572174
v 0.06353497 0.08028513 -0.01615082
v 0.06286531 0.08029997 -0.01564344
v 0.06286531 0.08029997 -0.01564344
v 0.06325453 0.07980614 -0.01627790
v 0.06260621 0.07993829 -0.01571627
v 0.06353497 0.08028513 -0.01615082
v 0.06325453 0.07980614 -0.01627790
v 0.06286531 0.08029997 -0.01564344
v 0.06353646 0.08051908 -0.01572174
v 0.06499391 0.08031255 -0.01643120
v 0.06353497 0.08028513 -0.01615082
v 0.06509649 0.08061027 -0.01594834
v 0.06499391 0.08031255 -0.01643120
v 0.06353646 0.08051908 -0.01572174
v 0.06353497 0.08028513 -0.01615082
v 0.06421369 0.08017539 -0.01648109
v 0.06325453 0.07980614 -0.01627790
v 0.06499391 0.08031255 -0.01643120
v 0.06421369 0.08017539 -0.01648109
v 0.06353497 0.08028513 -0.01615082
v 0.06421369 0.08017539 -0.01648109
v 0.06375300 0.07973891 -0.01652573
v 0.06325453 0.07980614 -0.01627790
v 0.06917011 0.08126711 -0.00639336
v 0.07016563 0.08092343 -0.00833159
v 0.06977123 0.08123177 -0.00832074
v 0.06977123 0.08123177 -0.00832074
v 0.07016563 0.08092343 -0.00833159
v 0.07095557 0.08093672 -0.01017027
v 0.06897538 0.08139985 -0.00694703
v 0.06977123 0.08123177 -0.00832074
v 0.07071506 0.08109974 -0.01097261
v 0.06857872 0.08070349 0.00010736
v 0.06831067 0.08129143 0.00012393
v 0.06852787 0.08105659 0.00143564
v 0.07071506 0.08109974 -0.01097261
v 0.06977123 0.08123177 -0.00832074
v 0.07095557 0.08093672 -0.01017027
v 0.06865239 0.08117806 -0.00335758
v 0.06880098 0.08072960 -0.00291150
v 0.06909871 0.08101946 -0.00505053
v 0.06909871 0.08101946 -0.00505053
v 0.06880098 0.08072960 -0.00291150
v 0.06910473 0.08056765 -0.00449299
v 0.06865239 0.08117806 -0.00335758
v 0.06909871 0.08101946 -0.00505053
v 0.06845718 0.08140015 -0.00383662
v 0.06880098 0.08072960 -0.00291150
v 0.06865239 0.08117806 -0.00335758
v 0.06857872 0.08070349 0.00010736
v 0.06857872 0.08070349 0.00010736
v 0.06865239 0.08117806 -0.00335758
v 0.06831067 0.08129143 0.00012393
v 0.06909871 0.08101946 -0.00505053
v 0.06954705 0.08095121 -0.00657480
v 0.06917011 0.08126711 -0.00639336
v 0.06865239 0.08117806 -0.00335758
v 0.06845718 0.08140015 -0.00383662
v 0.06831067 0.08129143 0.00012393
v 0.06831067 0.08129143 0.00012393
v 0.06845718 0.08140015 -0.00383662
v 0.06793159 0.08156836 -0.00309031
v 0.06954705 0.08095121 -0.00657480
v 0.07016563 0.08092343 -0.00833159
v 0.06917011 0.08126711 -0.00639336
v 0.06793159 0.08156836 -0.00309031
v 0.06845718 0.08140015 -0.00383662
v 0.06897538 0.08139985 -0.00694703
v 0.07016563 0.08092343 -0.00833159
v 0.07129979 0.08029168 -0.01006668
v 0.07095557 0.08093672 -0.01017027
v 0.06917011 0.08126711 -0.00639336
v 0.06977123 0.08123177 -0.00832074
v 0.06897538 0.08139985 -0.00694703
v 0.06910473 0.08056765 -0.00449299
v 0.06951278 0.08051633 -0.00599663
v 0.06909871 0.08101946 -0.00505053
v 0.06954705 0.08095121 -0.00657480
v 0.07033514 0.08048343 -0.00820403
v 0.07016563 0.08092343 -0.00833159
v 0.07016563 0.08092343 -0.00833159
v 0.07033514 0.08048343 -0.00820403
v 0.07129979 0.08029168 -0.01006668
v 0.06909871 0.08101946 -0.00505053
v 0.06951278 0.08051633 -0.00599663
v 0.06954705 0.08095121 -0.00657480
v 0.06954705 0.08095121 -0.00657480
v 0.06951278 0.08051633 -0.00599663
v 0.07033514 0.08048343 -0.00820403
v 0.06845718 0.08140015 -0.00383662
v 0.06909871 0.08101946 -0.00505053
v 0.06917011 0.08126711 -0.00639336
v 0.06845718 0.08140015 -0.00383662
v 0.06917011 0.08126711 -0.00639336
v 0.06897538 0.08139985 -0.00694703
v 0.06988215 0.08088487 0.00747568
v 0.06883341 0.08127993 0.00487597
v 0.06945365 0.08120119 0.00707407
v 0.06852787 0.08105659 0.00143564
v 0.06834381 0.08138269 0.00250144
v 0.06871324 0.08103251 0.00307966
v 0.06831067 0.08129143 0.00012393
v 0.06793159 0.08156836 -0.00309031
v 0.06834381 0.08138269 0.00250144
v 0.06834381 0.08138269 0.00250144
v 0.06793159 0.08156836 -0.00309031
v 0.06801337 0.08155494 0.00296701
v 0.06945365 0.08120119 0.00707407
v 0.06971788 0.08127611 0.00869281
v 0.07016259 0.08112972 0.00896258
v 0.06852787 0.08105659 0.00143564
v 0.06871324 0.08103251 0.00307966
v 0.06877124 0.08066225 0.00270648
v 0.06857872 0.08070349 0.00010736
v 0.06852787 0.08105659 0.00143564
v 0.06877124 0.08066225 0.00270648
v 0.07047635 0.08036184 0.00847436
v 0.06975781 0.08045905 0.00675292
v 0.06988215 0.08088487 0.00747568
v 0.07047635 0.08036184 0.00847436
v 0.06988215 0.08088487 0.00747568
v 0.07051312 0.08080983 0.00892461
v 0.06975781 0.08045905 0.00675292
v 0.06947666 0.08080434 0.00608642
v 0.06988215 0.08088487 0.00747568
v 0.07084184 0.08105885 0.01063169
v 0.07016259 0.08112972 0.00896258
v 0.06971788 0.08127611 0.00869281
v 0.06896030 0.08140701 0.00695897
v 0.06971788 0.08127611 0.00869281
v 0.06945365 0.08120119 0.00707407
v 0.06947666 0.08080434 0.00608642
v 0.06975781 0.08045905 0.00675292
v 0.06915277 0.08070254 0.00473858
v 0.06883341 0.08127993 0.00487597
v 0.06947666 0.08080434 0.00608642
v 0.06915277 0.08070254 0.00473858
v 0.06896030 0.08140701 0.00695897
v 0.06883341 0.08127993 0.00487597
v 0.06801337 0.08155494 0.00296701
v 0.06883341 0.08127993 0.00487597
v 0.06915277 0.08070254 0.00473858
v 0.06871324 0.08103251 0.00307966
v 0.06877124 0.08066225 0.00270648
v 0.06871324 0.08103251 0.00307966
v 0.06915277 0.08070254 0.00473858
v 0.06852787 0.08105659 0.00143564
v 0.06831067 0.08129143 0.00012393
v 0.06834381 0.08138269 0.00250144
v 0.06871324 0.08103251 0.00307966
v 0.06834381 0.08138269 0.00250144
v 0.06883341 0.08127993 0.00487597
v 0.07047635 0.08036184 0.00847436
v 0.07051312 0.08080983 0.00892461
v 0.07129448 0.08027708 0.01005978
v 0.06834381 0.08138269 0.00250144
v 0.06801337 0.08155494 0.00296701
v 0.06883341 0.08127993 0.00487597
v 0.07051312 0.08080983 0.00892461
v 0.07016259 0.08112972 0.00896258
v 0.07117152 0.08079892 0.01038016
v 0.06945365 0.08120119 0.00707407
v 0.07051312 0.08080983 0.00892461
v 0.06988215 0.08088487 0.00747568
v 0.06945365 0.08120119 0.00707407
v 0.07016259 0.08112972 0.00896258
v 0.07051312 0.08080983 0.00892461
v 0.06896030 0.08140701 0.00695897
v 0.06945365 0.08120119 0.00707407
v 0.06883341 0.08127993 0.00487597
v 0.06947666 0.08080434 0.00608642
v 0.06883341 0.08127993 0.00487597
v 0.06988215 0.08088487 0.00747568
v 0.06971788 0.08127611 0.00869281
v 0.06896030 0.08140701 0.00695897
v 0.06865453 0.08120155 0.01143260
v 0.06812310 0.08098852 0.01388819
v 0.07054859 0.08106815 0.01188768
v 0.06865453 0.08120155 0.01143260
v 0.06801337 0.08155494 0.00296701
v 0.06586974 0.08166313 0.00118316
v 0.06633263 0.08152568 0.00674612
v 0.06633263 0.08152568 0.00674612
v 0.06200045 0.08150625 0.00442065
v 0.06384599 0.08125406 0.01025433
v 0.07054859 0.08106815 0.01188768
v 0.06573593 0.08072119 0.01558394
v 0.06106764 0.08087217 0.01137520
v 0.06372088 0.08051776 0.01588614
v 0.06384599 0.08125406 0.01025433
v 0.06200045 0.08150625 0.00442065
v 0.05913180 0.08131122 -0.00057911
v 0.05877894 0.08124071 0.00129838
v 0.05913180 0.08131122 -0.00057911
v 0.06196147 0.08154493 0.00050081
v 0.06196027 0.08154594 -0.00050085
v 0.06200045 0.08150625 0.00442065
v 0.05877894 0.08124071 0.00129838
v 0.05921030 0.08117985 0.00486357
v 0.06196147 0.08154493 0.00050081
v 0.05913180 0.08131122 -0.00057911
v 0.06200045 0.08150625 0.00442065
v 0.06431591 0.08164036 0.00025017
v 0.06477028 0.08164775 -0.00024854
v 0.06317985 0.08160698 0.00000001
v 0.06431591 0.08164036 0.00025017
v 0.06317985 0.08160698 0.00000001
v 0.06382000 0.08162742 0.00073750
v 0.06477028 0.08164775 -0.00024854
v 0.06431591 0.08164036 0.00025017
v 0.06477612 0.08164644 0.00024904
v 0.06477612 0.08164644 0.00024904
v 0.06586974 0.08166313 0.00118316
v 0.06477028 0.08164775 -0.00024854
v 0.06200045 0.08150625 0.00442065
v 0.06278425 0.08159136 0.00050182
v 0.06196147 0.08154493 0.00050081
v 0.06586974 0.08166313 0.00118316
v 0.06477612 0.08164644 0.00024904
v 0.06365257 0.08161818 0.00135029
v 0.06896030 0.08140701 0.00695897
v 0.06801337 0.08155494 0.00296701
v 0.06633263 0.08152568 0.00674612
v 0.06200045 0.08150625 0.00442065
v 0.05921030 0.08117985 0.00486357
v 0.05959045 0.08110177 0.00685508
v 0.06200045 0.08150625 0.00442065
v 0.06365257 0.08161818 0.00135029
v 0.06278425 0.08159136 0.00050182
v 0.06586974 0.08166313 0.00118316
v 0.06365257 0.08161818 0.00135029
v 0.06200045 0.08150625 0.00442065
v 0.06865453 0.08120155 0.01143260
v 0.06633263 0.08152568 0.00674612
v 0.06384599 0.08125406 0.01025433
v 0.06812310 0.08098852 0.01388819
v 0.06384599 0.08125406 0.01025433
v 0.06573593 0.08072119 0.01558394
v 0.06384599 0.08125406 0.01025433
v 0.05959045 0.08110177 0.00685508
v 0.06016403 0.08100306 0.00895710
v 0.06200045 0.08150625 0.00442065
v 0.06801337 0.08155494 0.00296701
v 0.06793159 0.08156836 -0.00309031
v 0.06586974 0.08166313 0.00118316
v 0.06865453 0.08120155 0.01143260
v 0.06384599 0.08125406 0.01025433
v 0.06812310 0.08098852 0.01388819
v 0.06896030 0.08140701 0.00695897
v 0.06633263 0.08152568 0.00674612
v 0.06865453 0.08120155 0.01143260
v 0.06633263 0.08152568 0.00674612
v 0.06384599 0.08125406 0.01025433
v 0.06016403 0.08100306 0.00895710
v 0.06106764 0.08087217 0.01137520
v 0.05825704 0.08069920 0.00172592
v 0.05877894 0.08124071 0.00129838
v 0.05840235 0.08095014 -0.00098085
v 0.05869293 0.08062028 0.00534434
v 0.05882680 0.08092296 0.00489659
v 0.05825704 0.08069920 0.00172592
v 0.05825704 0.08069920 0.00172592
v 0.05882680 0.08092296 0.00489659
v 0.05877894 0.08124071 0.00129838
v 0.05882680 0.08092296 0.00489659
v 0.05921030 0.08117985 0.00486357
v 0.05877894 0.08124071 0.00129838
v 0.05882680 0.08092296 0.00489659
v 0.05869293 0.08062028 0.00534434
v 0.05921661 0.08088368 0.00677562
v 0.05921661 0.08088368 0.00677562
v 0.05941766 0.08049374 0.00846524
v 0.05977416 0.08077627 0.00889529
v 0.05959045 0.08110177 0.00685508
v 0.05921661 0.08088368 0.00677562
v 0.05977416 0.08077627 0.00889529
v 0.05977416 0.08077627 0.00889529
v 0.06028509 0.08034509 0.01100875
v 0.06049472 0.08066380 0.01095016
v 0.06049472 0.08066380 0.01095016
v 0.06113564 0.08020704 0.01298065
v 0.06117928 0.08063775 0.01238079
v 0.06117928 0.08063775 0.01238079
v 0.06113564 0.08020704 0.01298065
v 0.06203812 0.08053910 0.01404322
v 0.06203812 0.08053910 0.01404322
v 0.06247848 0.08000487 0.01551152
v 0.06293654 0.08030968 0.01573241
v 0.05921661 0.08088368 0.00677562
v 0.05921030 0.08117985 0.00486357
v 0.05882680 0.08092296 0.00489659
v 0.05921661 0.08088368 0.00677562
v 0.05869293 0.08062028 0.00534434
v 0.05941766 0.08049374 0.00846524
v 0.06106764 0.08087217 0.01137520
v 0.06203812 0.08053910 0.01404322
v 0.06372088 0.08051776 0.01588614
v 0.05977416 0.08077627 0.00889529
v 0.05941766 0.08049374 0.00846524
v 0.06028509 0.08034509 0.01100875
v 0.06049472 0.08066380 0.01095016
v 0.06016403 0.08100306 0.00895710
v 0.05977416 0.08077627 0.00889529
v 0.06049472 0.08066380 0.01095016
v 0.06028509 0.08034509 0.01100875
v 0.06113564 0.08020704 0.01298065
v 0.06372088 0.08051776 0.01588614
v 0.06203812 0.08053910 0.01404322
v 0.06293654 0.08030968 0.01573241
v 0.06106764 0.08087217 0.01137520
v 0.06117928 0.08063775 0.01238079
v 0.06203812 0.08053910 0.01404322
v 0.06203812 0.08053910 0.01404322
v 0.06113564 0.08020704 0.01298065
v 0.06247848 0.08000487 0.01551152
v 0.05921030 0.08117985 0.00486357
v 0.05921661 0.08088368 0.00677562
v 0.05959045 0.08110177 0.00685508
v 0.05959045 0.08110177 0.00685508
v 0.05977416 0.08077627 0.00889529
v 0.06016403 0.08100306 0.00895710
v 0.06016403 0.08100306 0.00895710
v 0.06049472 0.08066380 0.01095016
v 0.06106764 0.08087217 0.01137520
v 0.06106764 0.08087217 0.01137520
v 0.06049472 0.08066380 0.01095016
v 0.06117928 0.08063775 0.01238079
v 0.06954520 0.08056575 -0.01361488
v 0.07053232 0.08090853 -0.01248376
v 0.07069313 0.08054172 -0.01276414
v 0.06805706 0.08010613 -0.01486155
v 0.06796842 0.08043634 -0.01479045
v 0.06954520 0.08056575 -0.01361488
v 0.06596094 0.08046269 -0.01600878
v 0.06855839 0.08081918 -0.01401870
v 0.06796842 0.08043634 -0.01479045
v 0.06596094 0.08046269 -0.01600878
v 0.06690567 0.08085912 -0.01482404
v 0.06855839 0.08081918 -0.01401870
v 0.07053232 0.08090853 -0.01248376
v 0.06847172 0.08101201 -0.01359527
v 0.07025998 0.08107548 -0.01211934
v 0.06855839 0.08081918 -0.01401870
v 0.07053232 0.08090853 -0.01248376
v 0.06954520 0.08056575 -0.01361488
v 0.06855839 0.08081918 -0.01401870
v 0.06847172 0.08101201 -0.01359527
v 0.07053232 0.08090853 -0.01248376
v 0.06598281 0.07989865 -0.01636158
v 0.06796842 0.08043634 -0.01479045
v 0.06805706 0.08010613 -0.01486155
v 0.06796842 0.08043634 -0.01479045
v 0.06855839 0.08081918 -0.01401870
v 0.06954520 0.08056575 -0.01361488
v 0.06596094 0.08046269 -0.01600878
v 0.06796842 0.08043634 -0.01479045
v 0.06598281 0.07989865 -0.01636158
v 0.06509649 0.08061027 -0.01594834
v 0.06690567 0.08085912 -0.01482404
v 0.06596094 0.08046269 -0.01600878
v 0.06690567 0.08085912 -0.01482404
v 0.06847172 0.08101201 -0.01359527
v 0.06855839 0.08081918 -0.01401870
v 0.07059234 0.08018356 -0.01300805
v 0.06954520 0.08056575 -0.01361488
v 0.07069313 0.08054172 -0.01276414
v 0.06805706 0.08010613 -0.01486155
v 0.06954520 0.08056575 -0.01361488
v 0.07059234 0.08018356 -0.01300805
v 0.07095557 0.08093672 -0.01017027
v 0.07145190 0.08025276 -0.01072793
v 0.07115232 0.08085209 -0.01115804
v 0.07095557 0.08093672 -0.01017027
v 0.07129979 0.08029168 -0.01006668
v 0.07145190 0.08025276 -0.01072793
v 0.07120597 0.08004862 -0.01215868
v 0.07069313 0.08054172 -0.01276414
v 0.07112109 0.08057540 -0.01205330
v 0.07069313 0.08054172 -0.01276414
v 0.07120597 0.08004862 -0.01215868
v 0.07059234 0.08018356 -0.01300805
v 0.07053232 0.08090853 -0.01248376
v 0.07112109 0.08057540 -0.01205330
v 0.07069313 0.08054172 -0.01276414
v 0.07025998 0.08107548 -0.01211934
v 0.07071506 0.08109974 -0.01097261
v 0.07053232 0.08090853 -0.01248376
v 0.07071506 0.08109974 -0.01097261
v 0.07115232 0.08085209 -0.01115804
v 0.07053232 0.08090853 -0.01248376
v 0.07053232 0.08090853 -0.01248376
v 0.07115232 0.08085209 -0.01115804
v 0.07112109 0.08057540 -0.01205330
v 0.07115232 0.08085209 -0.01115804
v 0.07142537 0.08022052 -0.01146578
v 0.07112109 0.08057540 -0.01205330
v 0.07112109 0.08057540 -0.01205330
v 0.07142537 0.08022052 -0.01146578
v 0.07120597 0.08004862 -0.01215868
v 0.07071506 0.08109974 -0.01097261
v 0.07095557 0.08093672 -0.01017027
v 0.07115232 0.08085209 -0.01115804
v 0.07115232 0.08085209 -0.01115804
v 0.07145190 0.08025276 -0.01072793
v 0.07142537 0.08022052 -0.01146578
v 0.06364607 0.08162152 -0.00135093
v 0.06592941 0.08159381 -0.00516157
v 0.06208837 0.08149749 -0.00456499
v 0.06364607 0.08162152 -0.00135093
v 0.06208837 0.08149749 -0.00456499
v 0.06278330 0.08159017 -0.00050031
v 0.06477028 0.08164775 -0.00024854
v 0.06592941 0.08159381 -0.00516157
v 0.06364607 0.08162152 -0.00135093
v 0.06431591 0.08164036 -0.00025021
v 0.06382012 0.08162742 -0.00073766
v 0.06431591 0.08164036 -0.00025021
v 0.06317985 0.08160698 0.00000001
v 0.06477028 0.08164775 -0.00024854
v 0.06586974 0.08166313 0.00118316
v 0.06592941 0.08159381 -0.00516157
v 0.06477028 0.08164775 -0.00024854
v 0.06586974 0.08166313 0.00118316
v 0.06793159 0.08156836 -0.00309031
v 0.06592941 0.08159381 -0.00516157
v 0.06272614 0.08129721 -0.00879537
v 0.06656515 0.08124792 -0.01117765
v 0.06414538 0.08090931 -0.01351641
v 0.06414538 0.08090931 -0.01351641
v 0.06509649 0.08061027 -0.01594834
v 0.06353646 0.08051908 -0.01572174
v 0.07025998 0.08107548 -0.01211934
v 0.06847172 0.08101201 -0.01359527
v 0.06656515 0.08124792 -0.01117765
v 0.06656515 0.08124792 -0.01117765
v 0.06592941 0.08159381 -0.00516157
v 0.07025998 0.08107548 -0.01211934
v 0.06592941 0.08159381 -0.00516157
v 0.06272614 0.08129721 -0.00879537
v 0.06208837 0.08149749 -0.00456499
v 0.06208837 0.08149749 -0.00456499
v 0.06272614 0.08129721 -0.00879537
v 0.06006193 0.08106625 -0.00831126
v 0.05952930 0.08110767 -0.00665145
v 0.06234306 0.08063197 -0.01415340
v 0.06414538 0.08090931 -0.01351641
v 0.06353646 0.08051908 -0.01572174
v 0.06208837 0.08149749 -0.00456499
v 0.05952930 0.08110767 -0.00665145
v 0.05927640 0.08114254 -0.00548266
v 0.06897538 0.08139985 -0.00694703
v 0.07071506 0.08109974 -0.01097261
v 0.07025998 0.08107548 -0.01211934
v 0.06592941 0.08159381 -0.00516157
v 0.06656515 0.08124792 -0.01117765
v 0.06272614 0.08129721 -0.00879537
v 0.06690567 0.08085912 -0.01482404
v 0.06509649 0.08061027 -0.01594834
v 0.06414538 0.08090931 -0.01351641
v 0.05905055 0.08119761 -0.00385355
v 0.06897538 0.08139985 -0.00694703
v 0.05913180 0.08131122 -0.00057911
v 0.05905055 0.08119761 -0.00385355
v 0.05884253 0.08120751 -0.00216465
v 0.05913180 0.08131122 -0.00057911
v 0.06208837 0.08149749 -0.00456499
v 0.05905055 0.08119761 -0.00385355
v 0.06414538 0.08090931 -0.01351641
v 0.06234306 0.08063197 -0.01415340
v 0.06124413 0.08083301 -0.01181810
v 0.06847172 0.08101201 -0.01359527
v 0.06690567 0.08085912 -0.01482404
v 0.06656515 0.08124792 -0.01117765
v 0.06793159 0.08156836 -0.00309031
v 0.06897538 0.08139985 -0.00694703
v 0.06592941 0.08159381 -0.00516157
v 0.06656515 0.08124792 -0.01117765
v 0.06690567 0.08085912 -0.01482404
v 0.06414538 0.08090931 -0.01351641
v 0.06272614 0.08129721 -0.00879537
v 0.06414538 0.08090931 -0.01351641
v 0.06124413 0.08083301 -0.01181810
v 0.06196027 0.08154594 -0.00050085
v 0.06208837 0.08149749 -0.00456499
v 0.05913180 0.08131122 -0.00057911
v 0.06272614 0.08129721 -0.00879537
v 0.06124413 0.08083301 -0.01181810
v 0.06006193 0.08106625 -0.00831126
v 0.06196027 0.08154594 -0.00050085
v 0.07123339 0.08073240 0.01145811
v 0.07111573 0.08027911 0.01232351
v 0.07140952 0.08011007 0.01156224
v 0.07048380 0.08089721 0.01256002
v 0.07052659 0.08061289 0.01285083
v 0.07111573 0.08027911 0.01232351
v 0.07052659 0.08061289 0.01285083
v 0.07057619 0.08018571 0.01301933
v 0.07111573 0.08027911 0.01232351
v 0.07054859 0.08106815 0.01188768
v 0.07084184 0.08105885 0.01063169
v 0.06971788 0.08127611 0.00869281
v 0.07084184 0.08105885 0.01063169
v 0.07117152 0.08079892 0.01038016
v 0.07016259 0.08112972 0.00896258
v 0.07117152 0.08079892 0.01038016
v 0.07129448 0.08027708 0.01005978
v 0.07051312 0.08080983 0.00892461
v 0.07054859 0.08106815 0.01188768
v 0.07123339 0.08073240 0.01145811
v 0.07084184 0.08105885 0.01063169
v 0.07084184 0.08105885 0.01063169
v 0.07123339 0.08073240 0.01145811
v 0.07117152 0.08079892 0.01038016
v 0.07117152 0.08079892 0.01038016
v 0.07144576 0.08013385 0.01068015
v 0.07129448 0.08027708 0.01005978
v 0.07123339 0.08073240 0.01145811
v 0.07144576 0.08013385 0.01068015
v 0.07117152 0.08079892 0.01038016
v 0.07054859 0.08106815 0.01188768
v 0.07048380 0.08089721 0.01256002
v 0.07123339 0.08073240 0.01145811
v 0.07123339 0.08073240 0.01145811
v 0.07140952 0.08011007 0.01156224
v 0.07144576 0.08013385 0.01068015
v 0.07048380 0.08089721 0.01256002
v 0.07111573 0.08027911 0.01232351
v 0.07123339 0.08073240 0.01145811
v 0.06901538 0.08042585 0.01407845
v 0.07052659 0.08061289 0.01285083
v 0.06849157 0.08077871 0.01413877
v 0.06849157 0.08077871 0.01413877
v 0.07052659 0.08061289 0.01285083
v 0.07048380 0.08089721 0.01256002
v 0.07057619 0.08018571 0.01301933
v 0.07052659 0.08061289 0.01285083
v 0.06901538 0.08042585 0.01407845
v 0.06898885 0.08011198 0.01418818
v 0.07057619 0.08018571 0.01301933
v 0.06901538 0.08042585 0.01407845
v 0.06610244 0.07993894 0.01629103
v 0.06849157 0.08077871 0.01413877
v 0.06522244 0.08039855 0.01634444
v 0.06522244 0.08039855 0.01634444
v 0.06849157 0.08077871 0.01413877
v 0.06573593 0.08072119 0.01558394
v 0.06898885 0.08011198 0.01418818
v 0.06901538 0.08042585 0.01407845
v 0.06610244 0.07993894 0.01629103
v 0.06901538 0.08042585 0.01407845
v 0.06849157 0.08077871 0.01413877
v 0.06610244 0.07993894 0.01629103
v 0.06849157 0.08077871 0.01413877
v 0.06812310 0.08098852 0.01388819
v 0.06573593 0.08072119 0.01558394
v 0.06812310 0.08098852 0.01388819
v 0.06849157 0.08077871 0.01413877
v 0.07048380 0.08089721 0.01256002
v 0.07054859 0.08106815 0.01188768
v 0.06812310 0.08098852 0.01388819
v 0.07048380 0.08089721 0.01256002
v 0.06293654 0.08030968 0.01573241
v 0.06247848 0.08000487 0.01551152
v 0.06288719 0.07975453 0.01604594
v 0.06372088 0.08051776 0.01588614
v 0.06522244 0.08039855 0.01634444
v 0.06573593 0.08072119 0.01558394
v 0.06522244 0.08039855 0.01634444
v 0.06556063 0.07977682 0.01653672
v 0.06610244 0.07993894 0.01629103
v 0.06522244 0.08039855 0.01634444
v 0.06463921 0.07986879 0.01668466
v 0.06556063 0.07977682 0.01653672
v 0.06372088 0.08051776 0.01588614
v 0.06376266 0.07996284 0.01648993
v 0.06522244 0.08039855 0.01634444
v 0.06522244 0.08039855 0.01634444
v 0.06376266 0.07996284 0.01648993
v 0.06463921 0.07986879 0.01668466
v 0.06372088 0.08051776 0.01588614
v 0.06293654 0.08030968 0.01573241
v 0.06376266 0.07996284 0.01648993
v 0.06293654 0.08030968 0.01573241
v 0.06288719 0.07975453 0.01604594
v 0.06376266 0.07996284 0.01648993
v 0.10969820 0.07247197 0.01589967
v 0.10852040 0.07348042 0.01452626
v 0.10788170 0.07342702 0.01453228
v 0.10997150 0.07261478 0.01570523
v 0.10852040 0.07348042 0.01452626
v 0.10969820 0.07247197 0.01589967
v 0.10683540 0.07342523 0.01401038
v 0.10571460 0.07443243 0.01276232
v 0.10576260 0.07396823 0.01313723
v 0.10854210 0.07365113 0.01404000
v 0.10734920 0.07422339 0.01317496
v 0.10852040 0.07348042 0.01452626
v 0.10852040 0.07348042 0.01452626
v 0.10734920 0.07422339 0.01317496
v 0.10714200 0.07403510 0.01364560
v 0.10788170 0.07342702 0.01453228
v 0.10852040 0.07348042 0.01452626
v 0.10714200 0.07403510 0.01364560
v 0.10571460 0.07443243 0.01276232
v 0.10714200 0.07403510 0.01364560
v 0.10622930 0.07467722 0.01233716
v 0.10980690 0.07292157 0.01506896
v 0.10854210 0.07365113 0.01404000
v 0.10852040 0.07348042 0.01452626
v 0.10788170 0.07342702 0.01453228
v 0.10714200 0.07403510 0.01364560
v 0.10571460 0.07443243 0.01276232
v 0.10997150 0.07261478 0.01570523
v 0.10980690 0.07292157 0.01506896
v 0.10852040 0.07348042 0.01452626
v 0.11150320 0.07114142 0.01739372
v 0.10964240 0.07196408 0.01624943
v 0.11097560 0.07083076 0.01739825
v 0.10997150 0.07261478 0.01570523
v 0.11101060 0.07213443 0.01596148
v 0.10980690 0.07292157 0.01506896
v 0.10683540 0.07342523 0.01401038
v 0.10856430 0.07274788 0.01530165
v 0.10788170 0.07342702 0.01453228
v 0.11150320 0.07114142 0.01739372
v 0.10969820 0.07247197 0.01589967
v 0.10964240 0.07196408 0.01624943
v 0.11150320 0.07114142 0.01739372
v 0.10997150 0.07261478 0.01570523
v 0.10969820 0.07247197 0.01589967
v 0.11201880 0.07130753 0.01695199
v 0.10997150 0.07261478 0.01570523
v 0.11150320 0.07114142 0.01739372
v 0.11201880 0.07130753 0.01695199
v 0.11101060 0.07213443 0.01596148
v 0.10997150 0.07261478 0.01570523
v 0.10969820 0.07247197 0.01589967
v 0.10788170 0.07342702 0.01453228
v 0.10856430 0.07274788 0.01530165
v 0.10964240 0.07196408 0.01624943
v 0.10969820 0.07247197 0.01589967
v 0.10856430 0.07274788 0.01530165
v 0.10683540 0.07342523 0.01401038
v 0.10964240 0.07196408 0.01624943
v 0.10856430 0.07274788 0.01530165
v 0.10714200 0.07403510 0.01364560
v 0.10734920 0.07422339 0.01317496
v 0.10622930 0.07467722 0.01233716
v 0.10683540 0.07342523 0.01401038
v 0.10788170 0.07342702 0.01453228
v 0.10571460 0.07443243 0.01276232
v 0.10530810 0.07475382 0.01151253
v 0.10479590 0.07435595 0.01128424
v 0.10490290 0.07426214 0.01187433
v 0.10530810 0.07475382 0.01151253
v 0.10544460 0.07481330 0.01041806
v 0.10479590 0.07435595 0.01128424
v 0.10544460 0.07481330 0.01041806
v 0.10510430 0.07457518 0.01027150
v 0.10479590 0.07435595 0.01128424
v 0.10510430 0.07457518 0.01027150
v 0.10486550 0.07423317 0.01021899
v 0.10479590 0.07435595 0.01128424
v 0.10571460 0.07443243 0.01276232
v 0.10529950 0.07410520 0.01266963
v 0.10576260 0.07396823 0.01313723
v 0.10579750 0.07486891 0.01127965
v 0.10530810 0.07475382 0.01151253
v 0.10622930 0.07467722 0.01233716
v 0.10622930 0.07467722 0.01233716
v 0.10530810 0.07475382 0.01151253
v 0.10571460 0.07443243 0.01276232
v 0.10571460 0.07443243 0.01276232
v 0.10490290 0.07426214 0.01187433
v 0.10529950 0.07410520 0.01266963
v 0.10530810 0.07475382 0.01151253
v 0.10490290 0.07426214 0.01187433
v 0.10571460 0.07443243 0.01276232
v 0.10579750 0.07486891 0.01127965
v 0.10544460 0.07481330 0.01041806
v 0.10530810 0.07475382 0.01151253
v 0.10716410 0.07419306 0.00586946
v 0.10676000 0.07448434 0.00786687
v 0.10777530 0.07424974 0.00535048
v 0.10676000 0.07448434 0.00786687
v 0.10768590 0.07433295 0.00680865
v 0.10777530 0.07424974 0.00535048
v 0.10552590 0.07400429 0.00890816
v 0.10630780 0.07424658 0.00776304
v 0.10669390 0.07382804 0.00609411
v 0.10486550 0.07423317 0.01021899
v 0.10630780 0.07424658 0.00776304
v 0.10552590 0.07400429 0.00890816
v 0.10510430 0.07457518 0.01027150
v 0.10630780 0.07424658 0.00776304
v 0.10486550 0.07423317 0.01021899
v 0.10544460 0.07481330 0.01041806
v 0.10630780 0.07424658 0.00776304
v 0.10510430 0.07457518 0.01027150
v 0.10544460 0.07481330 0.01041806
v 0.10676000 0.07448434 0.00786687
v 0.10630780 0.07424658 0.00776304
v 0.10750260 0.07355481 0.00192035
v 0.10772770 0.07387119 0.00215770
v 0.10760760 0.07356882 0.00023419
v 0.10579750 0.07486891 0.01127965
v 0.10676000 0.07448434 0.00786687
v 0.10544460 0.07481330 0.01041806
v 0.10854220 0.07410603 -0.00321972
v 0.10860040 0.07410627 0.00272012
v 0.10918920 0.07387691 -0.00006752
v 0.10579750 0.07486891 0.01127965
v 0.10768590 0.07433295 0.00680865
v 0.10676000 0.07448434 0.00786687
v 0.10760760 0.07356882 0.00023419
v 0.10772770 0.07387119 0.00215770
v 0.10801050 0.07397198 -0.00090282
v 0.10772770 0.07387119 0.00215770
v 0.10805640 0.07407945 0.00249613
v 0.10801050 0.07397198 -0.00090282
v 0.10801050 0.07397198 -0.00090282
v 0.10805640 0.07407945 0.00249613
v 0.10860040 0.07410627 0.00272012
v 0.10723520 0.07370764 0.00400162
v 0.10772770 0.07387119 0.00215770
v 0.10750260 0.07355481 0.00192035
v 0.10805640 0.07407945 0.00249613
v 0.10777530 0.07424974 0.00535048
v 0.10860040 0.07410627 0.00272012
v 0.10723520 0.07370764 0.00400162
v 0.10805640 0.07407945 0.00249613
v 0.10772770 0.07387119 0.00215770
v 0.10716410 0.07419306 0.00586946
v 0.10777530 0.07424974 0.00535048
v 0.10805640 0.07407945 0.00249613
v 0.10669390 0.07382804 0.00609411
v 0.10716410 0.07419306 0.00586946
v 0.10723520 0.07370764 0.00400162
v 0.10723520 0.07370764 0.00400162
v 0.10716410 0.07419306 0.00586946
v 0.10805640 0.07407945 0.00249613
v 0.10777530 0.07424974 0.00535048
v 0.10768590 0.07433295 0.00680865
v 0.10860040 0.07410627 0.00272012
v 0.10669390 0.07382804 0.00609411
v 0.10630780 0.07424658 0.00776304
v 0.10716410 0.07419306 0.00586946
v 0.10630780 0.07424658 0.00776304
v 0.10676000 0.07448434 0.00786687
v 0.10716410 0.07419306 0.00586946
v 0.10831950 0.07410675 -0.00210487
v 0.10771960 0.07428824 -0.00573807
v 0.10766580 0.07413041 -0.00433170
v 0.10854220 0.07410603 -0.00321972
v 0.10771960 0.07428824 -0.00573807
v 0.10831950 0.07410675 -0.00210487
v 0.10738860 0.07389736 -0.00411247
v 0.10781910 0.07395583 -0.00225680
v 0.10766580 0.07413041 -0.00433170
v 0.10572360 0.07405829 -0.00854163
v 0.10622040 0.07444494 -0.00836985
v 0.10495170 0.07418739 -0.00999783
v 0.10495170 0.07418739 -0.00999783
v 0.10622040 0.07444494 -0.00836985
v 0.10526120 0.07467925 -0.01020770
v 0.10751980 0.07356542 -0.00190812
v 0.10760760 0.07356882 0.00023419
v 0.10781910 0.07395583 -0.00225680
v 0.10831950 0.07410675 -0.00210487
v 0.10781910 0.07395583 -0.00225680
v 0.10801050 0.07397198 -0.00090282
v 0.10760760 0.07356882 0.00023419
v 0.10801050 0.07397198 -0.00090282
v 0.10781910 0.07395583 -0.00225680
v 0.10526120 0.07467925 -0.01020770
v 0.10672520 0.07457113 -0.00840722
v 0.10543630 0.07486104 -0.01088493
v 0.10738860 0.07389736 -0.00411247
v 0.10715100 0.07359635 -0.00419246
v 0.10751980 0.07356542 -0.00190812
v 0.10801050 0.07397198 -0.00090282
v 0.10860040 0.07410627 0.00272012
v 0.10831950 0.07410675 -0.00210487
v 0.10860040 0.07410627 0.00272012
v 0.10854220 0.07410603 -0.00321972
v 0.10831950 0.07410675 -0.00210487
v 0.10918920 0.07387691 -0.00006752
v 0.10886800 0.07399243 -0.00279640
v 0.10854220 0.07410603 -0.00321972
v 0.10672520 0.07457113 -0.00840722
v 0.10579650 0.07487040 -0.01109837
v 0.10543630 0.07486104 -0.01088493
v 0.10622040 0.07444494 -0.00836985
v 0.10672520 0.07457113 -0.00840722
v 0.10526120 0.07467925 -0.01020770
v 0.10579650 0.07487040 -0.01109837
v 0.10672520 0.07457113 -0.00840722
v 0.10768140 0.07432591 -0.00708913
v 0.10650270 0.07383245 -0.00661330
v 0.10694920 0.07425838 -0.00657122
v 0.10572360 0.07405829 -0.00854163
v 0.10572360 0.07405829 -0.00854163
v 0.10694920 0.07425838 -0.00657122
v 0.10622040 0.07444494 -0.00836985
v 0.10781910 0.07395583 -0.00225680
v 0.10738860 0.07389736 -0.00411247
v 0.10751980 0.07356542 -0.00190812
v 0.10766580 0.07413041 -0.00433170
v 0.10781910 0.07395583 -0.00225680
v 0.10831950 0.07410675 -0.00210487
v 0.10622040 0.07444494 -0.00836985
v 0.10771960 0.07428824 -0.00573807
v 0.10672520 0.07457113 -0.00840722
v 0.10694920 0.07425838 -0.00657122
v 0.10771960 0.07428824 -0.00573807
v 0.10622040 0.07444494 -0.00836985
v 0.10672520 0.07457113 -0.00840722
v 0.10771960 0.07428824 -0.00573807
v 0.10768140 0.07432591 -0.00708913
v 0.10650270 0.07383245 -0.00661330
v 0.10738860 0.07389736 -0.00411247
v 0.10694920 0.07425838 -0.00657122
v 0.10715100 0.07359635 -0.00419246
v 0.10738860 0.07389736 -0.00411247
v 0.10650270 0.07383245 -0.00661330
v 0.10738860 0.07389736 -0.00411247
v 0.10766580 0.07413041 -0.00433170
v 0.10694920 0.07425838 -0.00657122
v 0.10766580 0.07413041 -0.00433170
v 0.10771960 0.07428824 -0.00573807
v 0.10694920 0.07425838 -0.00657122
v 0.10771960 0.07428824 -0.00573807
v 0.10854220 0.07410603 -0.00321972
v 0.10768140 0.07432591 -0.00708913
v 0.11022660 0.07294338 -0.01271527
v 0.11249910 0.07168847 -0.01222717
v 0.10979110 0.07294934 -0.01502136
v 0.11259370 0.07206124 -0.00395333
v 0.11524150 0.07040369 -0.00286900
v 0.11472980 0.07053810 -0.00783359
v 0.10810380 0.07403880 -0.01052849
v 0.11005370 0.07324308 -0.00781493
v 0.11022660 0.07294338 -0.01271527
v 0.11953990 0.06702494 0.00043244
v 0.12090900 0.06567800 0.00133301
v 0.12087260 0.06571698 -0.00129800
v 0.10810380 0.07403880 -0.01052849
v 0.10886800 0.07399243 -0.00279640
v 0.11005370 0.07324308 -0.00781493
v 0.10810380 0.07403880 -0.01052849
v 0.10768140 0.07432591 -0.00708913
v 0.10886800 0.07399243 -0.00279640
v 0.10809940 0.07388347 -0.01366483
v 0.11022660 0.07294338 -0.01271527
v 0.10979110 0.07294934 -0.01502136
v 0.10809940 0.07388347 -0.01366483
v 0.10810380 0.07403880 -0.01052849
v 0.11022660 0.07294338 -0.01271527
v 0.12065890 0.06583565 -0.00419860
v 0.11953990 0.06702494 0.00043244
v 0.12087260 0.06571698 -0.00129800
v 0.10886800 0.07399243 -0.00279640
v 0.10918920 0.07387691 -0.00006752
v 0.11119300 0.07287549 -0.00220441
v 0.11477990 0.06998640 -0.01378976
v 0.11723100 0.06816619 -0.01283030
v 0.11545770 0.06925112 -0.01485588
v 0.11915610 0.06730580 -0.00358217
v 0.11953990 0.06702494 0.00043244
v 0.12065890 0.06583565 -0.00419860
v 0.10630460 0.07466441 -0.01225905
v 0.10810380 0.07403880 -0.01052849
v 0.10809940 0.07388347 -0.01366483
v 0.10630460 0.07466441 -0.01225905
v 0.10768140 0.07432591 -0.00708913
v 0.10810380 0.07403880 -0.01052849
v 0.11740330 0.06884747 -0.00029074
v 0.11953990 0.06702494 0.00043244
v 0.11915610 0.06730580 -0.00358217
v 0.10579650 0.07487040 -0.01109837
v 0.10768140 0.07432591 -0.00708913
v 0.10630460 0.07466441 -0.01225905
v 0.11477990 0.06998640 -0.01378976
v 0.11545770 0.06925112 -0.01485588
v 0.11429050 0.06997728 -0.01584988
v 0.11249910 0.07168847 -0.01222717
v 0.11697340 0.06878501 -0.00935661
v 0.11477990 0.06998640 -0.01378976
v 0.11249910 0.07168847 -0.01222717
v 0.11472980 0.07053810 -0.00783359
v 0.11697340 0.06878501 -0.00935661
v 0.11915610 0.06730580 -0.00358217
v 0.12065890 0.06583565 -0.00419860
v 0.12060110 0.06579506 -0.00536107
v 0.11915610 0.06730580 -0.00358217
v 0.12060110 0.06579506 -0.00536107
v 0.11994680 0.06621766 -0.00854247
v 0.11756240 0.06862103 -0.00453603
v 0.11740330 0.06884747 -0.00029074
v 0.11915610 0.06730580 -0.00358217
v 0.11259370 0.07206124 -0.00395333
v 0.11472980 0.07053810 -0.00783359
v 0.11249910 0.07168847 -0.01222717
v 0.11524150 0.07040369 -0.00286900
v 0.11594180 0.06992310 -0.00022119
v 0.11740330 0.06884747 -0.00029074
v 0.11554340 0.07020217 -0.00114148
v 0.11927250 0.06673288 -0.01027249
v 0.11915610 0.06730580 -0.00358217
v 0.11994680 0.06621766 -0.00854247
v 0.11524150 0.07040369 -0.00286900
v 0.11740330 0.06884747 -0.00029074
v 0.11756240 0.06862103 -0.00453603
v 0.11176460 0.07164543 -0.01619815
v 0.11477990 0.06998640 -0.01378976
v 0.11429050 0.06997728 -0.01584988
v 0.11478010 0.07071822 -0.00161587
v 0.11554340 0.07020217 -0.00114148
v 0.11524150 0.07040369 -0.00286900
v 0.11005370 0.07324308 -0.00781493
v 0.11119300 0.07287549 -0.00220441
v 0.11259370 0.07206124 -0.00395333
v 0.11927250 0.06673288 -0.01027249
v 0.11756240 0.06862103 -0.00453603
v 0.11915610 0.06730580 -0.00358217
v 0.11697340 0.06878501 -0.00935661
v 0.11756240 0.06862103 -0.00453603
v 0.11927250 0.06673288 -0.01027249
v 0.11176460 0.07164543 -0.01619815
v 0.11429050 0.06997728 -0.01584988
v 0.11315630 0.07051271 -0.01706092
v 0.11176460 0.07164543 -0.01619815
v 0.11315630 0.07051271 -0.01706092
v 0.11217990 0.07111638 -0.01718424
v 0.11399560 0.07123810 -0.00158273
v 0.11478010 0.07071822 -0.00161587
v 0.11524150 0.07040369 -0.00286900
v 0.11259370 0.07206124 -0.00395333
v 0.11291030 0.07190984 0.00000728
v 0.11304500 0.07183116 -0.00066458
v 0.10886800 0.07399243 -0.00279640
v 0.11119300 0.07287549 -0.00220441
v 0.11005370 0.07324308 -0.00781493
v 0.11022660 0.07294338 -0.01271527
v 0.11259370 0.07206124 -0.00395333
v 0.11249910 0.07168847 -0.01222717
v 0.11259370 0.07206124 -0.00395333
v 0.11340110 0.07161521 -0.00120311
v 0.11399560 0.07123810 -0.00158273
v 0.11304500 0.07183116 -0.00066458
v 0.11340110 0.07161521 -0.00120311
v 0.11259370 0.07206124 -0.00395333
v 0.11176460 0.07164543 -0.01619815
v 0.11249910 0.07168847 -0.01222717
v 0.11477990 0.06998640 -0.01378976
v 0.11119300 0.07287549 -0.00220441
v 0.11291030 0.07190984 0.00000728
v 0.11259370 0.07206124 -0.00395333
v 0.11119300 0.07287549 -0.00220441
v 0.11232620 0.07223588 0.00337435
v 0.11291030 0.07190984 0.00000728
v 0.11472980 0.07053810 -0.00783359
v 0.11524150 0.07040369 -0.00286900
v 0.11756240 0.06862103 -0.00453603
v 0.10979110 0.07294934 -0.01502136
v 0.11249910 0.07168847 -0.01222717
v 0.11176460 0.07164543 -0.01619815
v 0.11399560 0.07123810 -0.00158273
v 0.10854220 0.07410603 -0.00321972
v 0.10886800 0.07399243 -0.00279640
v 0.11697340 0.06878501 -0.00935661
v 0.11927250 0.06673288 -0.01027249
v 0.11723100 0.06816619 -0.01283030
v 0.11022660 0.07294338 -0.01271527
v 0.11472980 0.07053810 -0.00783359
v 0.11756240 0.06862103 -0.00453603
v 0.11697340 0.06878501 -0.00935661
v 0.11477990 0.06998640 -0.01378976
v 0.11697340 0.06878501 -0.00935661
v 0.11723100 0.06816619 -0.01283030
v 0.11150320 0.07114142 0.01739372
v 0.11097560 0.07083076 0.01739825
v 0.11131600 0.07051569 0.01758070
v 0.11229120 0.07087314 0.01737864
v 0.11150320 0.07114142 0.01739372
v 0.11248150 0.07027268 0.01766647
v 0.11381460 0.06993901 0.01689178
v 0.11327770 0.07042586 0.01708699
v 0.11367350 0.06964850 0.01717586
v 0.11327770 0.07042586 0.01708699
v 0.11248150 0.07027268 0.01766647
v 0.11367350 0.06964850 0.01717586
v 0.11201880 0.07130753 0.01695199
v 0.11229120 0.07087314 0.01737864
v 0.11327770 0.07042586 0.01708699
v 0.11367350 0.06964850 0.01717586
v 0.11248150 0.07027268 0.01766647
v 0.11349700 0.06946885 0.01731146
v 0.11229120 0.07087314 0.01737864
v 0.11248150 0.07027268 0.01766647
v 0.11327770 0.07042586 0.01708699
v 0.11201880 0.07130753 0.01695199
v 0.11150320 0.07114142 0.01739372
v 0.11229120 0.07087314 0.01737864
v 0.11248150 0.07027268 0.01766647
v 0.11131600 0.07051569 0.01758070
v 0.11216500 0.07006758 0.01771338
v 0.11248150 0.07027268 0.01766647
v 0.11150320 0.07114142 0.01739372
v 0.11131600 0.07051569 0.01758070
v 0.10876920 0.07268702 -0.01543619
v 0.10697130 0.07347995 -0.01407581
v 0.10787310 0.07361483 -0.01433770
v 0.10979110 0.07294934 -0.01502136
v 0.10796110 0.07381647 -0.01399977
v 0.10809940 0.07388347 -0.01366483
v 0.10876920 0.07268702 -0.01543619
v 0.10969370 0.07249009 -0.01588272
v 0.11091750 0.07118695 -0.01724576
v 0.11091750 0.07118695 -0.01724576
v 0.10969370 0.07249009 -0.01588272
v 0.11142200 0.07146680 -0.01706831
v 0.11142200 0.07146680 -0.01706831
v 0.10969370 0.07249009 -0.01588272
v 0.11040990 0.07239645 -0.01594256
v 0.10954270 0.07187134 -0.01622407
v 0.10697130 0.07347995 -0.01407581
v 0.10876920 0.07268702 -0.01543619
v 0.10876920 0.07268702 -0.01543619
v 0.10787310 0.07361483 -0.01433770
v 0.10969370 0.07249009 -0.01588272
v 0.10969370 0.07249009 -0.01588272
v 0.10787310 0.07361483 -0.01433770
v 0.11040990 0.07239645 -0.01594256
v 0.10787310 0.07361483 -0.01433770
v 0.10796110 0.07381647 -0.01399977
v 0.11040990 0.07239645 -0.01594256
v 0.10796110 0.07381647 -0.01399977
v 0.10979110 0.07294934 -0.01502136
v 0.11040990 0.07239645 -0.01594256
v 0.11091750 0.07118695 -0.01724576
v 0.10954270 0.07187134 -0.01622407
v 0.10876920 0.07268702 -0.01543619
v 0.10601550 0.07450938 -0.01276718
v 0.10697130 0.07347995 -0.01407581
v 0.10565200 0.07395350 -0.01305901
v 0.10601550 0.07450938 -0.01276718
v 0.10787310 0.07361483 -0.01433770
v 0.10697130 0.07347995 -0.01407581
v 0.10601550 0.07450938 -0.01276718
v 0.10796110 0.07381647 -0.01399977
v 0.10787310 0.07361483 -0.01433770
v 0.10630460 0.07466441 -0.01225905
v 0.10809940 0.07388347 -0.01366483
v 0.10601550 0.07450938 -0.01276718
v 0.10601550 0.07450938 -0.01276718
v 0.10809940 0.07388347 -0.01366483
v 0.10796110 0.07381647 -0.01399977
v 0.11217990 0.07111638 -0.01718424
v 0.11040990 0.07239645 -0.01594256
v 0.11176460 0.07164543 -0.01619815
v 0.11176460 0.07164543 -0.01619815
v 0.11040990 0.07239645 -0.01594256
v 0.10979110 0.07294934 -0.01502136
v 0.11217990 0.07111638 -0.01718424
v 0.11142200 0.07146680 -0.01706831
v 0.11040990 0.07239645 -0.01594256
v 0.11142200 0.07146680 -0.01706831
v 0.11180220 0.07065588 -0.01763009
v 0.11091750 0.07118695 -0.01724576
v 0.11180220 0.07065588 -0.01763009
v 0.11127940 0.07052934 -0.01757293
v 0.11091750 0.07118695 -0.01724576
v 0.11217990 0.07111638 -0.01718424
v 0.11180220 0.07065588 -0.01763009
v 0.11142200 0.07146680 -0.01706831
v 0.11315630 0.07051271 -0.01706092
v 0.11299450 0.07014614 -0.01750391
v 0.11217990 0.07111638 -0.01718424
v 0.11217990 0.07111638 -0.01718424
v 0.11299450 0.07014614 -0.01750391
v 0.11180220 0.07065588 -0.01763009
v 0.11180220 0.07065588 -0.01763009
v 0.11273800 0.06980484 -0.01765375
v 0.11127940 0.07052934 -0.01757293
v 0.11299450 0.07014614 -0.01750391
v 0.11273800 0.06980484 -0.01765375
v 0.11180220 0.07065588 -0.01763009
v 0.11375110 0.06980770 -0.01707994
v 0.11299450 0.07014614 -0.01750391
v 0.11315630 0.07051271 -0.01706092
v 0.11273800 0.06980484 -0.01765375
v 0.11299450 0.07014614 -0.01750391
v 0.11375110 0.06980770 -0.01707994
v 0.10860040 0.07410627 0.00272012
v 0.10995680 0.07321220 0.00993229
v 0.11104940 0.07293128 0.00320251
v 0.10800150 0.07401841 0.01227958
v 0.10622930 0.07467722 0.01233716
v 0.10734920 0.07422339 0.01317496
v 0.11378390 0.07137417 0.00148679
v 0.11418040 0.07105213 0.00479967
v 0.11437430 0.07098722 0.00165869
v 0.10860040 0.07410627 0.00272012
v 0.10768590 0.07433295 0.00680865
v 0.10995680 0.07321220 0.00993229
v 0.11232620 0.07223588 0.00337435
v 0.11418040 0.07105213 0.00479967
v 0.11378390 0.07137417 0.00148679
v 0.11896220 0.06737095 0.00568867
v 0.12010280 0.06612569 0.00784362
v 0.12067120 0.06579375 0.00450350
v 0.11232620 0.07223588 0.00337435
v 0.11378390 0.07137417 0.00148679
v 0.11327620 0.07169359 0.00105781
v 0.11232620 0.07223588 0.00337435
v 0.11327620 0.07169359 0.00105781
v 0.11301330 0.07184946 0.00056804
v 0.10579750 0.07486891 0.01127965
v 0.10622930 0.07467722 0.01233716
v 0.10800150 0.07401841 0.01227958
v 0.11232620 0.07223588 0.00337435
v 0.11301330 0.07184946 0.00056804
v 0.11291030 0.07190984 0.00000728
v 0.10918920 0.07387691 -0.00006752
v 0.10860040 0.07410627 0.00272012
v 0.11104940 0.07293128 0.00320251
v 0.11643910 0.06953847 0.00355793
v 0.11772760 0.06816053 0.00956929
v 0.11896220 0.06737095 0.00568867
v 0.11119300 0.07287549 -0.00220441
v 0.11104940 0.07293128 0.00320251
v 0.11232620 0.07223588 0.00337435
v 0.10918920 0.07387691 -0.00006752
v 0.11104940 0.07293128 0.00320251
v 0.11119300 0.07287549 -0.00220441
v 0.11418040 0.07105213 0.00479967
v 0.11235850 0.07187134 0.01069463
v 0.11504060 0.07011806 0.01101048
v 0.11305840 0.07105249 0.01477898
v 0.11201880 0.07130753 0.01695199
v 0.11327770 0.07042586 0.01708699
v 0.11953990 0.06702494 0.00043244
v 0.11896220 0.06737095 0.00568867
v 0.12067120 0.06579375 0.00450350
v 0.12090900 0.06567800 0.00133301
v 0.11305840 0.07105249 0.01477898
v 0.11101060 0.07213443 0.01596148
v 0.11201880 0.07130753 0.01695199
v 0.11643910 0.06953847 0.00355793
v 0.11504060 0.07011806 0.01101048
v 0.11772760 0.06816053 0.00956929
v 0.11471400 0.06970971 0.01555295
v 0.11305840 0.07105249 0.01477898
v 0.11327770 0.07042586 0.01708699
v 0.11305840 0.07105249 0.01477898
v 0.11471400 0.06970971 0.01555295
v 0.11545150 0.06927013 0.01484264
v 0.11232620 0.07223588 0.00337435
v 0.10995680 0.07321220 0.00993229
v 0.11235850 0.07187134 0.01069463
v 0.11504060 0.07011806 0.01101048
v 0.11305840 0.07105249 0.01477898
v 0.11545150 0.06927013 0.01484264
v 0.11079330 0.07256364 0.01365007
v 0.11101060 0.07213443 0.01596148
v 0.11305840 0.07105249 0.01477898
v 0.11079330 0.07256364 0.01365007
v 0.10980690 0.07292157 0.01506896
v 0.11101060 0.07213443 0.01596148
v 0.11504060 0.07011806 0.01101048
v 0.11545150 0.06927013 0.01484264
v 0.11664810 0.06857359 0.01334954
v 0.11079330 0.07256364 0.01365007
v 0.10854210 0.07365113 0.01404000
v 0.10980690 0.07292157 0.01506896
v 0.11772760 0.06816053 0.00956929
v 0.11806830 0.06754899 0.01198442
v 0.11942550 0.06656789 0.01026226
v 0.11772760 0.06816053 0.00956929
v 0.11504060 0.07011806 0.01101048
v 0.11664810 0.06857359 0.01334954
v 0.10768590 0.07433295 0.00680865
v 0.11740330 0.06884747 -0.00029074
v 0.11896220 0.06737095 0.00568867
v 0.11953990 0.06702494 0.00043244
v 0.11772760 0.06816053 0.00956929
v 0.11664810 0.06857359 0.01334954
v 0.11806830 0.06754899 0.01198442
v 0.11740330 0.06884747 -0.00029074
v 0.11643910 0.06953847 0.00355793
v 0.11896220 0.06737095 0.00568867
v 0.11232620 0.07223588 0.00337435
v 0.11235850 0.07187134 0.01069463
v 0.11418040 0.07105213 0.00479967
v 0.11418040 0.07105213 0.00479967
v 0.11504060 0.07011806 0.01101048
v 0.11643910 0.06953847 0.00355793
v 0.11235850 0.07187134 0.01069463
v 0.11079330 0.07256364 0.01365007
v 0.11305840 0.07105249 0.01477898
v 0.11104940 0.07293128 0.00320251
v 0.10995680 0.07321220 0.00993229
v 0.11232620 0.07223588 0.00337435
v 0.11896220 0.06737095 0.00568867
v 0.11942550 0.06656789 0.01026226
v 0.12010280 0.06612569 0.00784362
v 0.10768590 0.07433295 0.00680865
v 0.10800150 0.07401841 0.01227958
v 0.10995680 0.07321220 0.00993229
v 0.11896220 0.06737095 0.00568867
v 0.11772760 0.06816053 0.00956929
v 0.11942550 0.06656789 0.01026226
v 0.11235850 0.07187134 0.01069463
v 0.11305840 0.07105249 0.01477898
v 0.11504060 0.07011806 0.01101048
v 0.10800150 0.07401841 0.01227958
v 0.10854210 0.07365113 0.01404000
v 0.11079330 0.07256364 0.01365007
v 0.10734920 0.07422339 0.01317496
v 0.10854210 0.07365113 0.01404000
v 0.10800150 0.07401841 0.01227958
v 0.10995680 0.07321220 0.00993229
v 0.10800150 0.07401841 0.01227958
v 0.11079330 0.07256364 0.01365007
v 0.11643910 0.06953847 0.00355793
v 0.11571860 0.07007867 0.00086720
v 0.11517180 0.07045727 0.00145514
v 0.11740330 0.06884747 -0.00029074
v 0.11594180 0.06992310 -0.00022119
v 0.11643910 0.06953847 0.00355793
v 0.11517180 0.07045727 0.00145514
v 0.11418040 0.07105213 0.00479967
v 0.11643910 0.06953847 0.00355793
v 0.11437430 0.07098722 0.00165869
v 0.11235850 0.07187134 0.01069463
v 0.10995680 0.07321220 0.00993229
v 0.11079330 0.07256364 0.01365007
v 0.11571860 0.07007867 0.00086720
v 0.11967860 0.06585353 0.01020146
v 0.11953350 0.06636136 0.01032449
v 0.11909610 0.06632989 0.01124544
v 0.11367350 0.06964850 0.01717586
v 0.11577730 0.06857657 0.01491369
v 0.11381460 0.06993901 0.01689178
v 0.11381460 0.06993901 0.01689178
v 0.11577730 0.06857657 0.01491369
v 0.11577930 0.06890475 0.01474304
v 0.11545150 0.06927013 0.01484264
v 0.11471400 0.06970971 0.01555295
v 0.11577930 0.06890475 0.01474304
v 0.11577730 0.06857657 0.01491369
v 0.11809460 0.06713140 0.01235599
v 0.11577930 0.06890475 0.01474304
v 0.11577930 0.06890475 0.01474304
v 0.11806830 0.06754899 0.01198442
v 0.11664810 0.06857359 0.01334954
v 0.11809460 0.06713140 0.01235599
v 0.11806830 0.06754899 0.01198442
v 0.11577930 0.06890475 0.01474304
v 0.11327770 0.07042586 0.01708699
v 0.11381460 0.06993901 0.01689178
v 0.11471400 0.06970971 0.01555295
v 0.11471400 0.06970971 0.01555295
v 0.11381460 0.06993901 0.01689178
v 0.11577930 0.06890475 0.01474304
v 0.11953350 0.06636136 0.01032449
v 0.11809460 0.06713140 0.01235599
v 0.11909610 0.06632989 0.01124544
v 0.11942550 0.06656789 0.01026226
v 0.11806830 0.06754899 0.01198442
v 0.11953350 0.06636136 0.01032449
v 0.11953350 0.06636136 0.01032449
v 0.11806830 0.06754899 0.01198442
v 0.11809460 0.06713140 0.01235599
v 0.11577930 0.06890475 0.01474304
v 0.11664810 0.06857359 0.01334954
v 0.11545150 0.06927013 0.01484264
v 0.11794840 0.06747841 -0.01235573
v 0.11620030 0.06824690 -0.01446153
v 0.11597330 0.06880408 -0.01450403
v 0.11375110 0.06980770 -0.01707994
v 0.11519300 0.06907409 -0.01548880
v 0.11620030 0.06824690 -0.01446153
v 0.11519300 0.06907409 -0.01548880
v 0.11375110 0.06980770 -0.01707994
v 0.11545770 0.06925112 -0.01485588
v 0.11519300 0.06907409 -0.01548880
v 0.11315630 0.07051271 -0.01706092
v 0.11545770 0.06925112 -0.01485588
v 0.11375110 0.06980770 -0.01707994
v 0.11315630 0.07051271 -0.01706092
v 0.11429050 0.06997728 -0.01584988
v 0.11545770 0.06925112 -0.01485588
v 0.11519300 0.06907409 -0.01548880
v 0.11545770 0.06925112 -0.01485588
v 0.11597330 0.06880408 -0.01450403
v 0.11903020 0.06629133 -0.01132815
v 0.11771750 0.06727737 -0.01278959
v 0.11794840 0.06747841 -0.01235573
v 0.11771750 0.06727737 -0.01278959
v 0.11723100 0.06816619 -0.01283030
v 0.11597330 0.06880408 -0.01450403
v 0.11545770 0.06925112 -0.01485588
v 0.11723100 0.06816619 -0.01283030
v 0.11794840 0.06747841 -0.01235573
v 0.11597330 0.06880408 -0.01450403
v 0.11942830 0.06635546 -0.01059996
v 0.11965970 0.06587350 -0.01024430
v 0.11903020 0.06629133 -0.01132815
v 0.12025050 0.06568950 -0.00795876
v 0.11942830 0.06635546 -0.01059996
v 0.11994680 0.06621766 -0.00854247
v 0.11994680 0.06621766 -0.00854247
v 0.11942830 0.06635546 -0.01059996
v 0.11927250 0.06673288 -0.01027249
v 0.11965970 0.06587350 -0.01024430
v 0.11942830 0.06635546 -0.01059996
v 0.12025050 0.06568950 -0.00795876
v 0.11723100 0.06816619 -0.01283030
v 0.11927250 0.06673288 -0.01027249
v 0.11794840 0.06747841 -0.01235573
v 0.11927250 0.06673288 -0.01027249
v 0.11942830 0.06635546 -0.01059996
v 0.11794840 0.06747841 -0.01235573
v 0.11794840 0.06747841 -0.01235573
v 0.11942830 0.06635546 -0.01059996
v 0.11903020 0.06629133 -0.01132815
v 0.12108850 0.06515592 0.00127072
v 0.12107190 0.06528079 -0.00145435
v 0.12090900 0.06567800 0.00133301
v 0.12107190 0.06528079 -0.00145435
v 0.12087260 0.06571698 -0.00129800
v 0.12090900 0.06567800 0.00133301
v 0.12060110 0.06579506 -0.00536107
v 0.12065890 0.06583565 -0.00419860
v 0.12088390 0.06536847 -0.00398891
v 0.12107190 0.06528079 -0.00145435
v 0.12065890 0.06583565 -0.00419860
v 0.12087260 0.06571698 -0.00129800
v 0.12088390 0.06536847 -0.00398891
v 0.12065890 0.06583565 -0.00419860
v 0.12107190 0.06528079 -0.00145435
v 0.12060110 0.06579506 -0.00536107
v 0.12088390 0.06536847 -0.00398891
v 0.12056460 0.06533616 -0.00634472
v 0.12056460 0.06533616 -0.00634472
v 0.12025050 0.06568950 -0.00795876
v 0.12060110 0.06579506 -0.00536107
v 0.12025050 0.06568950 -0.00795876
v 0.11994680 0.06621766 -0.00854247
v 0.12060110 0.06579506 -0.00536107
v 0.12010280 0.06612569 0.00784362
v 0.12044640 0.06573683 0.00672824
v 0.12067120 0.06579375 0.00450350
v 0.12067120 0.06579375 0.00450350
v 0.12044640 0.06573683 0.00672824
v 0.12075450 0.06553047 0.00483979
v 0.11967860 0.06585353 0.01020146
v 0.12030480 0.06561255 0.00773139
v 0.11953350 0.06636136 0.01032449
v 0.12099710 0.06542837 0.00212879
v 0.12067120 0.06579375 0.00450350
v 0.12087850 0.06525713 0.00418545
v 0.12067120 0.06579375 0.00450350
v 0.12099710 0.06542837 0.00212879
v 0.12090900 0.06567800 0.00133301
v 0.11953350 0.06636136 0.01032449
v 0.12030480 0.06561255 0.00773139
v 0.12010280 0.06612569 0.00784362
v 0.12044640 0.06573683 0.00672824
v 0.12010280 0.06612569 0.00784362
v 0.12030480 0.06561255 0.00773139
v 0.12030480 0.06561255 0.00773139
v 0.12087850 0.06525713 0.00418545
v 0.12044640 0.06573683 0.00672824
v 0.12044640 0.06573683 0.00672824
v 0.12087850 0.06525713 0.00418545
v 0.12075450 0.06553047 0.00483979
v 0.12087850 0.06525713 0.00418545
v 0.12067120 0.06579375 0.00450350
v 0.12075450 0.06553047 0.00483979
v 0.12010280 0.06612569 0.00784362
v 0.11942550 0.06656789 0.01026226
v 0.11953350 0.06636136 0.01032449
v 0.12087850 0.06525713 0.00418545
v 0.12108850 0.06515592 0.00127072
v 0.12099710 0.06542837 0.00212879
v 0.12099710 0.06542837 0.00212879
v 0.12108850 0.06515592 0.00127072
v 0.12090900 0.06567800 0.00133301
v 0.10630460 0.07466441 -0.01225905
v 0.10601550 0.07450938 -0.01276718
v 0.10547970 0.07463198 -0.01219563
v 0.10503250 0.07451254 -0.01168649
v 0.10515210 0.07415086 -0.01244389
v 0.10478720 0.07411861 -0.01159780
v 0.10547970 0.07463198 -0.01219563
v 0.10601550 0.07450938 -0.01276718
v 0.10515210 0.07415086 -0.01244389
v 0.10601550 0.07450938 -0.01276718
v 0.10565200 0.07395350 -0.01305901
v 0.10515210 0.07415086 -0.01244389
v 0.10478720 0.07411861 -0.01159780
v 0.10476510 0.07421588 -0.01067685
v 0.10503250 0.07451254 -0.01168649
v 0.10503250 0.07451254 -0.01168649
v 0.10497710 0.07455468 -0.01066165
v 0.10543630 0.07486104 -0.01088493
v 0.10476510 0.07421588 -0.01067685
v 0.10497710 0.07455468 -0.01066165
v 0.10503250 0.07451254 -0.01168649
v 0.10547970 0.07463198 -0.01219563
v 0.10515210 0.07415086 -0.01244389
v 0.10503250 0.07451254 -0.01168649
v 0.10526120 0.07467925 -0.01020770
v 0.10497710 0.07455468 -0.01066165
v 0.10495170 0.07418739 -0.00999783
v 0.10497710 0.07455468 -0.01066165
v 0.10476510 0.07421588 -0.01067685
v 0.10495170 0.07418739 -0.00999783
v 0.10543630 0.07486104 -0.01088493
v 0.10497710 0.07455468 -0.01066165
v 0.10526120 0.07467925 -0.01020770
v 0.10579650 0.07487040 -0.01109837
v 0.10547970 0.07463198 -0.01219563
v 0.10543630 0.07486104 -0.01088493
v 0.10547970 0.07463198 -0.01219563
v 0.10503250 0.07451254 -0.01168649
v 0.10543630 0.07486104 -0.01088493
v 0.10630460 0.07466441 -0.01225905
v 0.10547970 0.07463198 -0.01219563
v 0.10579650 0.07487040 -0.01109837
v 0.08943957 0.07631891 -0.02824949
v 0.09504491 0.07546430 -0.02683334
v 0.09245282 0.07519632 -0.02930181
v 0.09251451 0.07697737 -0.02332805
v 0.09833902 0.07542359 -0.02372365
v 0.09375399 0.07621306 -0.02541743
v 0.09838432 0.07585752 -0.02173667
v 0.08427745 0.07868170 -0.02199815
v 0.08775150 0.07782596 -0.02380018
v 0.08336454 0.07823956 -0.02515982
v 0.08427745 0.07868170 -0.02199815
v 0.08852183 0.07808065 -0.02072613
v 0.08996123 0.07769572 -0.02198999
v 0.09467262 0.07697999 -0.01972930
v 0.09686791 0.07659208 -0.01876502
v 0.09599667 0.07661122 -0.02064215
v 0.08943957 0.07631891 -0.02824949
v 0.09245282 0.07519632 -0.02930181
v 0.08843988 0.07597756 -0.02961086
v 0.08627963 0.07846856 -0.02055686
v 0.08852183 0.07808065 -0.02072613
v 0.08427745 0.07868170 -0.02199815
v 0.07502198 0.07900398 -0.02474617
v 0.07783842 0.07799780 -0.02764450
v 0.07418709 0.07858222 -0.02610491
v 0.07502198 0.07900398 -0.02474617
v 0.08023601 0.07848209 -0.02562915
v 0.07783842 0.07799780 -0.02764450
v 0.09599667 0.07661122 -0.02064215
v 0.09838432 0.07585752 -0.02173667
v 0.09251451 0.07697737 -0.02332805
v 0.08646279 0.07641619 -0.02945827
v 0.08943957 0.07631891 -0.02824949
v 0.08843988 0.07597756 -0.02961086
v 0.07958191 0.07923620 -0.02231954
v 0.08336454 0.07823956 -0.02515982
v 0.08023601 0.07848209 -0.02562915
v 0.08362627 0.07894080 -0.02019452
v 0.08427745 0.07868170 -0.02199815
v 0.08336454 0.07823956 -0.02515982
v 0.07958191 0.07923620 -0.02231954
v 0.10110720 0.07426285 -0.02460973
v 0.10380390 0.07353651 -0.02361809
v 0.10323110 0.07318234 -0.02523277
v 0.07502198 0.07900398 -0.02474617
v 0.07418709 0.07858222 -0.02610491
v 0.07279264 0.07885789 -0.02520863
v 0.09251451 0.07697737 -0.02332805
v 0.09375399 0.07621306 -0.02541743
v 0.08883363 0.07726877 -0.02549080
v 0.10002270 0.07394760 -0.02661370
v 0.10110720 0.07426285 -0.02460973
v 0.10323110 0.07318234 -0.02523277
v 0.07502198 0.07900398 -0.02474617
v 0.07279264 0.07885789 -0.02520863
v 0.07211852 0.07910180 -0.02432768
v 0.10245990 0.07468932 -0.02138828
v 0.10380390 0.07353651 -0.02361809
v 0.10110720 0.07426285 -0.02460973
v 0.08489394 0.07723534 -0.02792834
v 0.08943957 0.07631891 -0.02824949
v 0.08646279 0.07641619 -0.02945827
v 0.09282463 0.07730793 -0.02026223
v 0.09467262 0.07697999 -0.01972930
v 0.09599667 0.07661122 -0.02064215
v 0.08996123 0.07769572 -0.02198999
v 0.09599667 0.07661122 -0.02064215
v 0.09251451 0.07697737 -0.02332805
v 0.08071756 0.07945078 -0.01942627
v 0.08427745 0.07868170 -0.02199815
v 0.07958191 0.07923620 -0.02231954
v 0.09282463 0.07730793 -0.02026223
v 0.09599667 0.07661122 -0.02064215
v 0.08996123 0.07769572 -0.02198999
v 0.09833902 0.07542359 -0.02372365
v 0.10245990 0.07468932 -0.02138828
v 0.10110720 0.07426285 -0.02460973
v 0.08975279 0.07729929 -0.02456741
v 0.09251451 0.07697737 -0.02332805
v 0.08883363 0.07726877 -0.02549080
v 0.08771753 0.07718843 -0.02654300
v 0.08883363 0.07726877 -0.02549080
v 0.08943957 0.07631891 -0.02824949
v 0.09838432 0.07585752 -0.02173667
v 0.10168570 0.07522135 -0.01993279
v 0.10245990 0.07468932 -0.02138828
v 0.07958191 0.07923620 -0.02231954
v 0.08023601 0.07848209 -0.02562915
v 0.07586383 0.07952767 -0.02234410
v 0.07295060 0.07963019 -0.02232270
v 0.07502198 0.07900398 -0.02474617
v 0.07211852 0.07910180 -0.02432768
v 0.08771753 0.07718843 -0.02654300
v 0.08943957 0.07631891 -0.02824949
v 0.08489394 0.07723534 -0.02792834
v 0.08489394 0.07723534 -0.02792834
v 0.08646279 0.07641619 -0.02945827
v 0.08372712 0.07687473 -0.02929126
v 0.09094268 0.07763290 -0.02049469
v 0.09282463 0.07730793 -0.02026223
v 0.08996123 0.07769572 -0.02198999
v 0.08071756 0.07945078 -0.01942627
v 0.08362627 0.07894080 -0.02019452
v 0.08427745 0.07868170 -0.02199815
v 0.09504491 0.07546430 -0.02683334
v 0.10110720 0.07426285 -0.02460973
v 0.10002270 0.07394760 -0.02661370
v 0.10080900 0.07565283 -0.01892571
v 0.10168570 0.07522135 -0.01993279
v 0.09838432 0.07585752 -0.02173667
v 0.08775150 0.07782596 -0.02380018
v 0.08842688 0.07756322 -0.02449505
v 0.08704692 0.07750266 -0.02583812
v 0.07295060 0.07963019 -0.02232270
v 0.07586383 0.07952767 -0.02234410
v 0.07502198 0.07900398 -0.02474617
v 0.09504491 0.07546430 -0.02683334
v 0.10002270 0.07394760 -0.02661370
v 0.09725093 0.07428008 -0.02811377
v 0.08336454 0.07823956 -0.02515982
v 0.08704692 0.07750266 -0.02583812
v 0.08771753 0.07718843 -0.02654300
v 0.09838432 0.07585752 -0.02173667
v 0.10245990 0.07468932 -0.02138828
v 0.09833902 0.07542359 -0.02372365
v 0.07484203 0.08000618 -0.01991217
v 0.07958191 0.07923620 -0.02231954
v 0.07586383 0.07952767 -0.02234410
v 0.08489394 0.07723534 -0.02792834
v 0.08372712 0.07687473 -0.02929126
v 0.08072692 0.07743376 -0.02865653
v 0.08840149 0.07781755 -0.02315127
v 0.09251451 0.07697737 -0.02332805
v 0.08975279 0.07729929 -0.02456741
v 0.07484203 0.08000618 -0.01991217
v 0.07586383 0.07952767 -0.02234410
v 0.07295060 0.07963019 -0.02232270
v 0.08852183 0.07808065 -0.02072613
v 0.09094268 0.07763290 -0.02049469
v 0.08996123 0.07769572 -0.02198999
v 0.09504491 0.07546430 -0.02683334
v 0.09725093 0.07428008 -0.02811377
v 0.09442794 0.07482862 -0.02889173
v 0.08996123 0.07769572 -0.02198999
v 0.09251451 0.07697737 -0.02332805
v 0.08840149 0.07781755 -0.02315127
v 0.08023601 0.07848209 -0.02562915
v 0.08489394 0.07723534 -0.02792834
v 0.08072692 0.07743376 -0.02865653
v 0.07611441 0.08009970 -0.01827608
v 0.07958191 0.07923620 -0.02231954
v 0.07484203 0.08000618 -0.01991217
v 0.07611441 0.08009970 -0.01827608
v 0.08071756 0.07945078 -0.01942627
v 0.07958191 0.07923620 -0.02231954
v 0.08775150 0.07782596 -0.02380018
v 0.08704692 0.07750266 -0.02583812
v 0.08336454 0.07823956 -0.02515982
v 0.07727295 0.08001291 -0.01774614
v 0.08071756 0.07945078 -0.01942627
v 0.07611441 0.08009970 -0.01827608
v 0.09599667 0.07661122 -0.02064215
v 0.10080900 0.07565283 -0.01892571
v 0.09838432 0.07585752 -0.02173667
v 0.09245282 0.07519632 -0.02930181
v 0.09504491 0.07546430 -0.02683334
v 0.09442794 0.07482862 -0.02889173
v 0.09599667 0.07661122 -0.02064215
v 0.09939241 0.07612586 -0.01781188
v 0.10080900 0.07565283 -0.01892571
v 0.08023601 0.07848209 -0.02562915
v 0.08072692 0.07743376 -0.02865653
v 0.07783842 0.07799780 -0.02764450
v 0.09504491 0.07546430 -0.02683334
v 0.09833902 0.07542359 -0.02372365
v 0.10110720 0.07426285 -0.02460973
v 0.09375399 0.07621306 -0.02541743
v 0.08943957 0.07631891 -0.02824949
v 0.08883363 0.07726877 -0.02549080
v 0.09375399 0.07621306 -0.02541743
v 0.09504491 0.07546430 -0.02683334
v 0.08943957 0.07631891 -0.02824949
v 0.08489394 0.07723534 -0.02792834
v 0.08336454 0.07823956 -0.02515982
v 0.08771753 0.07718843 -0.02654300
v 0.08336454 0.07823956 -0.02515982
v 0.08489394 0.07723534 -0.02792834
v 0.08023601 0.07848209 -0.02562915
v 0.08427745 0.07868170 -0.02199815
v 0.08996123 0.07769572 -0.02198999
v 0.08840149 0.07781755 -0.02315127
v 0.08427745 0.07868170 -0.02199815
v 0.08840149 0.07781755 -0.02315127
v 0.08775150 0.07782596 -0.02380018
v 0.07502198 0.07900398 -0.02474617
v 0.07586383 0.07952767 -0.02234410
v 0.08023601 0.07848209 -0.02562915
v 0.09939241 0.07612586 -0.01781188
v 0.09375399 0.07621306 -0.02541743
v 0.09833902 0.07542359 -0.02372365
v 0.09504491 0.07546430 -0.02683334
v 0.07697421 0.07985121 -0.01730292
v 0.07569330 0.07988882 -0.01780568
v 0.07679402 0.07957553 -0.01706671
v 0.07569330 0.07988882 -0.01780568
v 0.07595372 0.07931315 -0.01722591
v 0.07679402 0.07957553 -0.01706671
v 0.07569330 0.07988882 -0.01780568
v 0.07525694 0.07933729 -0.01778989
v 0.07595372 0.07931315 -0.01722591
v 0.07802838 0.07945883 -0.01714687
v 0.07679402 0.07957553 -0.01706671
v 0.07801008 0.07908761 -0.01699428
v 0.07697421 0.07985121 -0.01730292
v 0.07679402 0.07957553 -0.01706671
v 0.07802838 0.07945883 -0.01714687
v 0.07679402 0.07957553 -0.01706671
v 0.07695716 0.07918184 -0.01691441
v 0.07801008 0.07908761 -0.01699428
v 0.07697421 0.07985121 -0.01730292
v 0.07802838 0.07945883 -0.01714687
v 0.07796353 0.07979440 -0.01748745
v 0.07727295 0.08001291 -0.01774614
v 0.07697421 0.07985121 -0.01730292
v 0.07796353 0.07979440 -0.01748745
v 0.07727295 0.08001291 -0.01774614
v 0.07569330 0.07988882 -0.01780568
v 0.07697421 0.07985121 -0.01730292
v 0.07611441 0.08009970 -0.01827608
v 0.07569330 0.07988882 -0.01780568
v 0.07727295 0.08001291 -0.01774614
v 0.07679402 0.07957553 -0.01706671
v 0.07595372 0.07931315 -0.01722591
v 0.07695716 0.07918184 -0.01691441
v 0.07370120 0.07930588 -0.01984130
v 0.07262462 0.07943314 -0.02162586
v 0.07172811 0.07891422 -0.02237062
v 0.07370120 0.07930588 -0.01984130
v 0.07407063 0.07964801 -0.01967608
v 0.07262462 0.07943314 -0.02162586
v 0.07426345 0.07986140 -0.01989769
v 0.07352960 0.07976955 -0.02104305
v 0.07407063 0.07964801 -0.01967608
v 0.07407063 0.07964801 -0.01967608
v 0.07352960 0.07976955 -0.02104305
v 0.07262462 0.07943314 -0.02162586
v 0.07569330 0.07988882 -0.01780568
v 0.07407063 0.07964801 -0.01967608
v 0.07525694 0.07933729 -0.01778989
v 0.07525694 0.07933729 -0.01778989
v 0.07407063 0.07964801 -0.01967608
v 0.07370120 0.07930588 -0.01984130
v 0.07569330 0.07988882 -0.01780568
v 0.07426345 0.07986140 -0.01989769
v 0.07407063 0.07964801 -0.01967608
v 0.07611441 0.08009970 -0.01827608
v 0.07426345 0.07986140 -0.01989769
v 0.07569330 0.07988882 -0.01780568
v 0.07611441 0.08009970 -0.01827608
v 0.07484203 0.08000618 -0.01991217
v 0.07426345 0.07986140 -0.01989769
v 0.07352960 0.07976955 -0.02104305
v 0.07484203 0.08000618 -0.01991217
v 0.07295060 0.07963019 -0.02232270
v 0.07426345 0.07986140 -0.01989769
v 0.07484203 0.08000618 -0.01991217
v 0.07352960 0.07976955 -0.02104305
v 0.07220566 0.07942318 -0.02262496
v 0.07352960 0.07976955 -0.02104305
v 0.07295060 0.07963019 -0.02232270
v 0.07262462 0.07943314 -0.02162586
v 0.07352960 0.07976955 -0.02104305
v 0.07220566 0.07942318 -0.02262496
v 0.07211852 0.07910180 -0.02432768
v 0.07231956 0.07859498 -0.02537076
v 0.07157188 0.07857382 -0.02440124
v 0.07279264 0.07885789 -0.02520863
v 0.07231956 0.07859498 -0.02537076
v 0.07211852 0.07910180 -0.02432768
v 0.07231956 0.07859498 -0.02537076
v 0.07203662 0.07817220 -0.02534221
v 0.07157188 0.07857382 -0.02440124
v 0.07351100 0.07807672 -0.02630268
v 0.07203662 0.07817220 -0.02534221
v 0.07231956 0.07859498 -0.02537076
v 0.07295060 0.07963019 -0.02232270
v 0.07180386 0.07916826 -0.02354436
v 0.07220566 0.07942318 -0.02262496
v 0.07220566 0.07942318 -0.02262496
v 0.07172811 0.07891422 -0.02237062
v 0.07262462 0.07943314 -0.02162586
v 0.07211852 0.07910180 -0.02432768
v 0.07180386 0.07916826 -0.02354436
v 0.07295060 0.07963019 -0.02232270
v 0.07180386 0.07916826 -0.02354436
v 0.07145911 0.07879358 -0.02333932
v 0.07220566 0.07942318 -0.02262496
v 0.07172811 0.07891422 -0.02237062
v 0.07211852 0.07910180 -0.02432768
v 0.07157188 0.07857382 -0.02440124
v 0.07180386 0.07916826 -0.02354436
v 0.07180386 0.07916826 -0.02354436
v 0.07157188 0.07857382 -0.02440124
v 0.07145911 0.07879358 -0.02333932
v 0.09879314 0.07375514 -0.02774171
v 0.10045100 0.07365804 -0.02681403
v 0.10082420 0.07328891 -0.02687739
v 0.10002270 0.07394760 -0.02661370
v 0.10045100 0.07365804 -0.02681403
v 0.09725093 0.07428008 -0.02811377
v 0.09879314 0.07375514 -0.02774171
v 0.09747737 0.07366204 -0.02838968
v 0.09725093 0.07428008 -0.02811377
v 0.10323480 0.07255715 -0.02560292
v 0.10082420 0.07328891 -0.02687739
v 0.10323110 0.07318234 -0.02523277
v 0.10182430 0.07276344 -0.02644799
v 0.10082420 0.07328891 -0.02687739
v 0.10323480 0.07255715 -0.02560292
v 0.10082420 0.07328891 -0.02687739
v 0.10045100 0.07365804 -0.02681403
v 0.10323110 0.07318234 -0.02523277
v 0.10323110 0.07318234 -0.02523277
v 0.10045100 0.07365804 -0.02681403
v 0.10002270 0.07394760 -0.02661370
v 0.09725093 0.07428008 -0.02811377
v 0.09747737 0.07366204 -0.02838968
v 0.09598684 0.07422000 -0.02875303
v 0.09442794 0.07482862 -0.02889173
v 0.09725093 0.07428008 -0.02811377
v 0.09598684 0.07422000 -0.02875303
v 0.09598684 0.07422000 -0.02875303
v 0.09481590 0.07412546 -0.02919654
v 0.09364271 0.07462394 -0.02935909
v 0.09249550 0.07458311 -0.02966742
v 0.09245282 0.07519632 -0.02930181
v 0.09364271 0.07462394 -0.02935909
v 0.08985608 0.07487046 -0.03000121
v 0.08961546 0.07552093 -0.02980827
v 0.09249550 0.07458311 -0.02966742
v 0.08961546 0.07552093 -0.02980827
v 0.08875393 0.07544761 -0.02998321
v 0.08961546 0.07552093 -0.02980827
v 0.08985608 0.07487046 -0.03000121
v 0.08961546 0.07552093 -0.02980827
v 0.08843988 0.07597756 -0.02961086
v 0.09245282 0.07519632 -0.02930181
v 0.08961546 0.07552093 -0.02980827
v 0.08875393 0.07544761 -0.02998321
v 0.08843988 0.07597756 -0.02961086
v 0.08689725 0.07593280 -0.02992283
v 0.08843988 0.07597756 -0.02961086
v 0.08875393 0.07544761 -0.02998321
v 0.08732992 0.07534492 -0.03006492
v 0.08405482 0.07613885 -0.02980231
v 0.08689725 0.07593280 -0.02992283
v 0.08405482 0.07613885 -0.02980231
v 0.08349555 0.07651430 -0.02963058
v 0.08689725 0.07593280 -0.02992283
v 0.08349555 0.07651430 -0.02963058
v 0.08372712 0.07687473 -0.02929126
v 0.08689725 0.07593280 -0.02992283
v 0.08689725 0.07593280 -0.02992283
v 0.08372712 0.07687473 -0.02929126
v 0.08646279 0.07641619 -0.02945827
v 0.08072692 0.07743376 -0.02865653
v 0.08239239 0.07693862 -0.02927421
v 0.08106809 0.07698261 -0.02913748
v 0.08106809 0.07698261 -0.02913748
v 0.07946586 0.07700526 -0.02882962
v 0.07906246 0.07750457 -0.02845566
v 0.07906246 0.07750457 -0.02845566
v 0.07756096 0.07775390 -0.02794491
v 0.07670027 0.07742387 -0.02787207
v 0.07602769 0.07789593 -0.02741574
v 0.09481590 0.07412546 -0.02919654
v 0.09249550 0.07458311 -0.02966742
v 0.09364271 0.07462394 -0.02935909
v 0.07602769 0.07789593 -0.02741574
v 0.07351100 0.07807672 -0.02630268
v 0.07423573 0.07829248 -0.02647345
v 0.07423573 0.07829248 -0.02647345
v 0.07590508 0.07818794 -0.02710496
v 0.07602769 0.07789593 -0.02741574
v 0.07231956 0.07859498 -0.02537076
v 0.07423573 0.07829248 -0.02647345
v 0.07351100 0.07807672 -0.02630268
v 0.10045100 0.07365804 -0.02681403
v 0.09879314 0.07375514 -0.02774171
v 0.09725093 0.07428008 -0.02811377
v 0.08646279 0.07641619 -0.02945827
v 0.08843988 0.07597756 -0.02961086
v 0.08689725 0.07593280 -0.02992283
v 0.09364271 0.07462394 -0.02935909
v 0.09442794 0.07482862 -0.02889173
v 0.09598684 0.07422000 -0.02875303
v 0.09245282 0.07519632 -0.02930181
v 0.09442794 0.07482862 -0.02889173
v 0.09364271 0.07462394 -0.02935909
v 0.08875393 0.07544761 -0.02998321
v 0.08732992 0.07534492 -0.03006492
v 0.08689725 0.07593280 -0.02992283
v 0.08239239 0.07693862 -0.02927421
v 0.08072692 0.07743376 -0.02865653
v 0.08372712 0.07687473 -0.02929126
v 0.08405482 0.07613885 -0.02980231
v 0.08194625 0.07643908 -0.02946745
v 0.08349555 0.07651430 -0.02963058
v 0.08239239 0.07693862 -0.02927421
v 0.08349555 0.07651430 -0.02963058
v 0.08106809 0.07698261 -0.02913748
v 0.08349555 0.07651430 -0.02963058
v 0.08194625 0.07643908 -0.02946745
v 0.08106809 0.07698261 -0.02913748
v 0.08194625 0.07643908 -0.02946745
v 0.07946586 0.07700526 -0.02882962
v 0.08106809 0.07698261 -0.02913748
v 0.07946586 0.07700526 -0.02882962
v 0.07670027 0.07742387 -0.02787207
v 0.07756096 0.07775390 -0.02794491
v 0.07670027 0.07742387 -0.02787207
v 0.07351100 0.07807672 -0.02630268
v 0.07602769 0.07789593 -0.02741574
v 0.07231956 0.07859498 -0.02537076
v 0.07418709 0.07858222 -0.02610491
v 0.07423573 0.07829248 -0.02647345
v 0.08875393 0.07544761 -0.02998321
v 0.08985608 0.07487046 -0.03000121
v 0.08732992 0.07534492 -0.03006492
v 0.07783842 0.07799780 -0.02764450
v 0.07590508 0.07818794 -0.02710496
v 0.07418709 0.07858222 -0.02610491
v 0.07279264 0.07885789 -0.02520863
v 0.07418709 0.07858222 -0.02610491
v 0.07231956 0.07859498 -0.02537076
v 0.09980070 0.07313764 -0.02746556
v 0.10082420 0.07328891 -0.02687739
v 0.10182430 0.07276344 -0.02644799
v 0.09879314 0.07375514 -0.02774171
v 0.10082420 0.07328891 -0.02687739
v 0.09980070 0.07313764 -0.02746556
v 0.09747737 0.07366204 -0.02838968
v 0.09879314 0.07375514 -0.02774171
v 0.09980070 0.07313764 -0.02746556
v 0.09481590 0.07412546 -0.02919654
v 0.09598684 0.07422000 -0.02875303
v 0.09747737 0.07366204 -0.02838968
v 0.08239239 0.07693862 -0.02927421
v 0.08372712 0.07687473 -0.02929126
v 0.08349555 0.07651430 -0.02963058
v 0.07906246 0.07750457 -0.02845566
v 0.07783842 0.07799780 -0.02764450
v 0.08072692 0.07743376 -0.02865653
v 0.07756096 0.07775390 -0.02794491
v 0.07906246 0.07750457 -0.02845566
v 0.07946586 0.07700526 -0.02882962
v 0.07756096 0.07775390 -0.02794491
v 0.07783842 0.07799780 -0.02764450
v 0.07906246 0.07750457 -0.02845566
v 0.07756096 0.07775390 -0.02794491
v 0.07590508 0.07818794 -0.02710496
v 0.07783842 0.07799780 -0.02764450
v 0.07590508 0.07818794 -0.02710496
v 0.07756096 0.07775390 -0.02794491
v 0.07602769 0.07789593 -0.02741574
v 0.07418709 0.07858222 -0.02610491
v 0.07590508 0.07818794 -0.02710496
v 0.07423573 0.07829248 -0.02647345
v 0.09842807 0.07616728 -0.01743798
v 0.09648066 0.07630538 -0.01818852
v 0.09822601 0.07562118 -0.01702057
v 0.09476393 0.07660514 -0.01888500
v 0.09648066 0.07630538 -0.01818852
v 0.09475606 0.07687544 -0.01929663
v 0.09842807 0.07616728 -0.01743798
v 0.09701418 0.07648086 -0.01835029
v 0.09648066 0.07630538 -0.01818852
v 0.09939241 0.07612586 -0.01781188
v 0.09686791 0.07659208 -0.01876502
v 0.09842807 0.07616728 -0.01743798
v 0.09842807 0.07616728 -0.01743798
v 0.09686791 0.07659208 -0.01876502
v 0.09701418 0.07648086 -0.01835029
v 0.08247524 0.07846128 -0.01899009
v 0.08310437 0.07882457 -0.01949124
v 0.08206564 0.07885211 -0.01902597
v 0.08071756 0.07945078 -0.01942627
v 0.08212751 0.07913845 -0.01948200
v 0.08362627 0.07894080 -0.02019452
v 0.08451133 0.07843184 -0.01967518
v 0.08310437 0.07882457 -0.01949124
v 0.08247524 0.07846128 -0.01899009
v 0.08310437 0.07882457 -0.01949124
v 0.08362627 0.07894080 -0.02019452
v 0.08212751 0.07913845 -0.01948200
v 0.07801008 0.07908761 -0.01699428
v 0.08010667 0.07876199 -0.01806699
v 0.07802838 0.07945883 -0.01714687
v 0.08010667 0.07876199 -0.01806699
v 0.08007174 0.07919591 -0.01824837
v 0.07802838 0.07945883 -0.01714687
v 0.07802838 0.07945883 -0.01714687
v 0.08007174 0.07919591 -0.01824837
v 0.07796353 0.07979440 -0.01748745
v 0.08451133 0.07843184 -0.01967518
v 0.08629572 0.07797789 -0.01984643
v 0.08663922 0.07818973 -0.02010177
v 0.08627963 0.07846856 -0.02055686
v 0.08362627 0.07894080 -0.02019452
v 0.08473342 0.07867038 -0.02010243
v 0.08663922 0.07818973 -0.02010177
v 0.08473342 0.07867038 -0.02010243
v 0.08451133 0.07843184 -0.01967518
v 0.07796353 0.07979440 -0.01748745
v 0.08071756 0.07945078 -0.01942627
v 0.07727295 0.08001291 -0.01774614
v 0.08836138 0.07765239 -0.01996570
v 0.08850866 0.07787638 -0.02018868
v 0.08663922 0.07818973 -0.02010177
v 0.08007174 0.07919591 -0.01824837
v 0.08212751 0.07913845 -0.01948200
v 0.07796353 0.07979440 -0.01748745
v 0.08010667 0.07876199 -0.01806699
v 0.08206564 0.07885211 -0.01902597
v 0.08007174 0.07919591 -0.01824837
v 0.08010667 0.07876199 -0.01806699
v 0.08212751 0.07913845 -0.01948200
v 0.08071756 0.07945078 -0.01942627
v 0.07796353 0.07979440 -0.01748745
v 0.08007174 0.07919591 -0.01824837
v 0.08206564 0.07885211 -0.01902597
v 0.08212751 0.07913845 -0.01948200
v 0.08446615 0.07802200 -0.01948188
v 0.08629572 0.07797789 -0.01984643
v 0.08451133 0.07843184 -0.01967518
v 0.09475606 0.07687544 -0.01929663
v 0.09282463 0.07730793 -0.02026223
v 0.09269249 0.07723480 -0.01987224
v 0.08629572 0.07797789 -0.01984643
v 0.08836138 0.07765239 -0.01996570
v 0.08663922 0.07818973 -0.02010177
v 0.08718359 0.07751846 -0.01979833
v 0.08836138 0.07765239 -0.01996570
v 0.08629572 0.07797789 -0.01984643
v 0.09701418 0.07648086 -0.01835029
v 0.09686791 0.07659208 -0.01876502
v 0.09475606 0.07687544 -0.01929663
v 0.09094268 0.07763290 -0.02049469
v 0.09016650 0.07768619 -0.02029281
v 0.09269249 0.07723480 -0.01987224
v 0.09269249 0.07723480 -0.01987224
v 0.09016650 0.07768619 -0.02029281
v 0.09022241 0.07741665 -0.01992785
v 0.08473342 0.07867038 -0.02010243
v 0.08362627 0.07894080 -0.02019452
v 0.08310437 0.07882457 -0.01949124
v 0.08663922 0.07818973 -0.02010177
v 0.08627963 0.07846856 -0.02055686
v 0.08473342 0.07867038 -0.02010243
v 0.08995014 0.07702475 -0.01974796
v 0.09187638 0.07707667 -0.01964294
v 0.09022241 0.07741665 -0.01992785
v 0.09290695 0.07662242 -0.01925712
v 0.09343677 0.07690560 -0.01938342
v 0.09187638 0.07707667 -0.01964294
v 0.09282463 0.07730793 -0.02026223
v 0.09094268 0.07763290 -0.02049469
v 0.09269249 0.07723480 -0.01987224
v 0.09290695 0.07662242 -0.01925712
v 0.09476393 0.07660514 -0.01888500
v 0.09343677 0.07690560 -0.01938342
v 0.09343677 0.07690560 -0.01938342
v 0.09475606 0.07687544 -0.01929663
v 0.09269249 0.07723480 -0.01987224
v 0.09456467 0.07623887 -0.01873349
v 0.09476393 0.07660514 -0.01888500
v 0.09290695 0.07662242 -0.01925712
v 0.09282463 0.07730793 -0.02026223
v 0.09475606 0.07687544 -0.01929663
v 0.09467262 0.07697999 -0.01972930
v 0.09476393 0.07660514 -0.01888500
v 0.09475606 0.07687544 -0.01929663
v 0.09343677 0.07690560 -0.01938342
v 0.09456467 0.07623887 -0.01873349
v 0.09648066 0.07630538 -0.01818852
v 0.09476393 0.07660514 -0.01888500
v 0.09639513 0.07589149 -0.01796161
v 0.09648066 0.07630538 -0.01818852
v 0.09456467 0.07623887 -0.01873349
v 0.09648066 0.07630538 -0.01818852
v 0.09701418 0.07648086 -0.01835029
v 0.09475606 0.07687544 -0.01929663
v 0.08310437 0.07882457 -0.01949124
v 0.08212751 0.07913845 -0.01948200
v 0.08206564 0.07885211 -0.01902597
v 0.08446615 0.07802200 -0.01948188
v 0.08451133 0.07843184 -0.01967518
v 0.08247524 0.07846128 -0.01899009
v 0.08473342 0.07867038 -0.02010243
v 0.08310437 0.07882457 -0.01949124
v 0.08451133 0.07843184 -0.01967518
v 0.08446615 0.07802200 -0.01948188
v 0.08718359 0.07751846 -0.01979833
v 0.08629572 0.07797789 -0.01984643
v 0.08850866 0.07787638 -0.02018868
v 0.08627963 0.07846856 -0.02055686
v 0.08663922 0.07818973 -0.02010177
v 0.08852183 0.07808065 -0.02072613
v 0.08627963 0.07846856 -0.02055686
v 0.08850866 0.07787638 -0.02018868
v 0.08995014 0.07702475 -0.01974796
v 0.08836138 0.07765239 -0.01996570
v 0.08718359 0.07751846 -0.01979833
v 0.08852183 0.07808065 -0.02072613
v 0.08850866 0.07787638 -0.02018868
v 0.09016650 0.07768619 -0.02029281
v 0.08850866 0.07787638 -0.02018868
v 0.08836138 0.07765239 -0.01996570
v 0.09022241 0.07741665 -0.01992785
v 0.09022241 0.07741665 -0.01992785
v 0.09016650 0.07768619 -0.02029281
v 0.08850866 0.07787638 -0.02018868
v 0.08995014 0.07702475 -0.01974796
v 0.09022241 0.07741665 -0.01992785
v 0.08836138 0.07765239 -0.01996570
v 0.09016650 0.07768619 -0.02029281
v 0.09094268 0.07763290 -0.02049469
v 0.08852183 0.07808065 -0.02072613
v 0.09187638 0.07707667 -0.01964294
v 0.09269249 0.07723480 -0.01987224
v 0.09022241 0.07741665 -0.01992785
v 0.08995014 0.07702475 -0.01974796
v 0.09290695 0.07662242 -0.01925712
v 0.09187638 0.07707667 -0.01964294
v 0.09343677 0.07690560 -0.01938342
v 0.09269249 0.07723480 -0.01987224
v 0.09187638 0.07707667 -0.01964294
v 0.09686791 0.07659208 -0.01876502
v 0.09467262 0.07697999 -0.01972930
v 0.09475606 0.07687544 -0.01929663
v 0.09822601 0.07562118 -0.01702057
v 0.09648066 0.07630538 -0.01818852
v 0.09639513 0.07589149 -0.01796161
v 0.09936833 0.07594305 -0.01729886
v 0.09912908 0.07541483 -0.01690911
v 0.09982621 0.07523703 -0.01705478
v 0.09842807 0.07616728 -0.01743798
v 0.09822601 0.07562118 -0.01702057
v 0.09936833 0.07594305 -0.01729886
v 0.09936833 0.07594305 -0.01729886
v 0.09822601 0.07562118 -0.01702057
v 0.09912908 0.07541483 -0.01690911
v 0.10040250 0.07576918 -0.01792781
v 0.09939241 0.07612586 -0.01781188
v 0.09936833 0.07594305 -0.01729886
v 0.09936833 0.07594305 -0.01729886
v 0.09999412 0.07565093 -0.01733290
v 0.10040250 0.07576918 -0.01792781
v 0.09936833 0.07594305 -0.01729886
v 0.09982621 0.07523703 -0.01705478
v 0.09999412 0.07565093 -0.01733290
v 0.09939241 0.07612586 -0.01781188
v 0.10040250 0.07576918 -0.01792781
v 0.10080900 0.07565283 -0.01892571
v 0.10040250 0.07576918 -0.01792781
v 0.09999412 0.07565093 -0.01733290
v 0.10089520 0.07532781 -0.01794546
v 0.10054730 0.07511377 -0.01743691
v 0.10101100 0.07487344 -0.01789783
v 0.10089520 0.07532781 -0.01794546
v 0.09999412 0.07565093 -0.01733290
v 0.10054730 0.07511377 -0.01743691
v 0.10089520 0.07532781 -0.01794546
v 0.09999412 0.07565093 -0.01733290
v 0.09982621 0.07523703 -0.01705478
v 0.10054730 0.07511377 -0.01743691
v 0.09939241 0.07612586 -0.01781188
v 0.09842807 0.07616728 -0.01743798
v 0.09936833 0.07594305 -0.01729886
v 0.10385060 0.07365518 -0.02257990
v 0.10403580 0.07316762 -0.02399366
v 0.10380390 0.07353651 -0.02361809
v 0.10385060 0.07365518 -0.02257990
v 0.10402760 0.07314205 -0.02230494
v 0.10425640 0.07283180 -0.02316766
v 0.10323110 0.07318234 -0.02523277
v 0.10384660 0.07258701 -0.02489154
v 0.10323480 0.07255715 -0.02560292
v 0.10380390 0.07353651 -0.02361809
v 0.10403580 0.07316762 -0.02399366
v 0.10323110 0.07318234 -0.02523277
v 0.10403580 0.07316762 -0.02399366
v 0.10384660 0.07258701 -0.02489154
v 0.10323110 0.07318234 -0.02523277
v 0.10403580 0.07316762 -0.02399366
v 0.10417260 0.07264208 -0.02409147
v 0.10384660 0.07258701 -0.02489154
v 0.10403580 0.07316762 -0.02399366
v 0.10425640 0.07283180 -0.02316766
v 0.10417260 0.07264208 -0.02409147
v 0.10385060 0.07365518 -0.02257990
v 0.10425640 0.07283180 -0.02316766
v 0.10403580 0.07316762 -0.02399366
v 0.10208290 0.07485371 -0.01977633
v 0.10168570 0.07522135 -0.01993279
v 0.10040250 0.07576918 -0.01792781
v 0.10198430 0.07470536 -0.01940005
v 0.10208290 0.07485371 -0.01977633
v 0.10089520 0.07532781 -0.01794546
v 0.10168570 0.07522135 -0.01993279
v 0.10080900 0.07565283 -0.01892571
v 0.10040250 0.07576918 -0.01792781
v 0.10307350 0.07367312 -0.02086561
v 0.10402760 0.07314205 -0.02230494
v 0.10198430 0.07470536 -0.01940005
v 0.10402760 0.07314205 -0.02230494
v 0.10208290 0.07485371 -0.01977633
v 0.10198430 0.07470536 -0.01940005
v 0.10385060 0.07365518 -0.02257990
v 0.10208290 0.07485371 -0.01977633
v 0.10402760 0.07314205 -0.02230494
v 0.10208290 0.07485371 -0.01977633
v 0.10385060 0.07365518 -0.02257990
v 0.10168570 0.07522135 -0.01993279
v 0.10380390 0.07353651 -0.02361809
v 0.10245990 0.07468932 -0.02138828
v 0.10385060 0.07365518 -0.02257990
v 0.10385060 0.07365518 -0.02257990
v 0.10245990 0.07468932 -0.02138828
v 0.10168570 0.07522135 -0.01993279
v 0.10307350 0.07367312 -0.02086561
v 0.10198430 0.07470536 -0.01940005
v 0.10101100 0.07487344 -0.01789783
v 0.10198430 0.07470536 -0.01940005
v 0.10089520 0.07532781 -0.01794546
v 0.10101100 0.07487344 -0.01789783
v 0.10089520 0.07532781 -0.01794546
v 0.10208290 0.07485371 -0.01977633
v 0.10040250 0.07576918 -0.01792781
v 0.08816510 0.07800537 0.02216036
v 0.08734446 0.07794725 0.02342290
v 0.08908426 0.07762992 0.02342195
v 0.08414661 0.07791215 0.02605958
v 0.08056944 0.07826000 0.02627952
v 0.08254247 0.07715165 0.02897377
v 0.10140230 0.07536524 0.01970447
v 0.09621667 0.07647591 0.02138139
v 0.10023300 0.07515364 0.02248950
v 0.08194380 0.07923781 0.01975168
v 0.07768750 0.07995510 0.01772851
v 0.07900691 0.07962912 0.01986445
v 0.10140230 0.07536524 0.01970447
v 0.10023300 0.07515364 0.02248950
v 0.10273480 0.07452815 0.02161593
v 0.10040420 0.07583516 0.01828731
v 0.09621667 0.07647591 0.02138139
v 0.10140230 0.07536524 0.01970447
v 0.09169757 0.07703113 0.02393008
v 0.08908426 0.07762992 0.02342195
v 0.08975762 0.07736772 0.02412177
v 0.08414661 0.07791215 0.02605958
v 0.08254247 0.07715165 0.02897377
v 0.08506685 0.07667523 0.02936871
v 0.09880203 0.07624787 0.01787544
v 0.09621667 0.07647591 0.02138139
v 0.10040420 0.07583516 0.01828731
v 0.09880203 0.07624787 0.01787544
v 0.09634810 0.07668638 0.01912833
v 0.09621667 0.07647591 0.02138139
v 0.08414661 0.07791215 0.02605958
v 0.07946789 0.07920277 0.02262825
v 0.08056944 0.07826000 0.02627952
v 0.08816510 0.07800537 0.02216036
v 0.08908426 0.07762992 0.02342195
v 0.09169757 0.07703113 0.02393008
v 0.07230591 0.07916462 0.02419914
v 0.07268995 0.07882481 0.02526505
v 0.07415288 0.07859283 0.02608073
v 0.10051310 0.07373034 0.02666194
v 0.09544384 0.07475996 0.02846415
v 0.09613364 0.07453054 0.02840853
v 0.08794832 0.07667517 0.02806015
v 0.08506685 0.07667523 0.02936871
v 0.08785051 0.07611477 0.02959193
v 0.08896344 0.07692062 0.02661134
v 0.08794832 0.07667517 0.02806015
v 0.09252429 0.07579118 0.02776612
v 0.08896344 0.07692062 0.02661134
v 0.09252429 0.07579118 0.02776612
v 0.09297108 0.07639545 0.02545715
v 0.09252429 0.07579118 0.02776612
v 0.09544384 0.07475996 0.02846415
v 0.09297108 0.07639545 0.02545715
v 0.09712934 0.07569712 0.02400721
v 0.09949034 0.07452756 0.02551646
v 0.10023300 0.07515364 0.02248950
v 0.09712934 0.07569712 0.02400721
v 0.08412361 0.07862466 0.02258993
v 0.07900691 0.07962912 0.01986445
v 0.07946789 0.07920277 0.02262825
v 0.08794832 0.07667517 0.02806015
v 0.08414661 0.07791215 0.02605958
v 0.08506685 0.07667523 0.02936871
v 0.09949034 0.07452756 0.02551646
v 0.09544384 0.07475996 0.02846415
v 0.10051310 0.07373034 0.02666194
v 0.08412361 0.07862466 0.02258993
v 0.07946789 0.07920277 0.02262825
v 0.08414661 0.07791215 0.02605958
v 0.07364517 0.07978898 0.02147949
v 0.07236206 0.07949352 0.02280933
v 0.07230591 0.07916462 0.02419914
v 0.07651680 0.07917171 0.02391232
v 0.07230591 0.07916462 0.02419914
v 0.07415288 0.07859283 0.02608073
v 0.08194380 0.07923781 0.01975168
v 0.07900691 0.07962912 0.01986445
v 0.08412361 0.07862466 0.02258993
v 0.09259480 0.07735407 0.02026577
v 0.08956718 0.07789033 0.02074606
v 0.08816510 0.07800537 0.02216036
v 0.09712934 0.07569712 0.02400721
v 0.09544384 0.07475996 0.02846415
v 0.09949034 0.07452756 0.02551646
v 0.09621667 0.07647591 0.02138139
v 0.08816510 0.07800537 0.02216036
v 0.09169757 0.07703113 0.02393008
v 0.07634419 0.07825803 0.02705456
v 0.09621667 0.07647591 0.02138139
v 0.09169757 0.07703113 0.02393008
v 0.09297108 0.07639545 0.02545715
v 0.08794832 0.07667517 0.02806015
v 0.08785051 0.07611477 0.02959193
v 0.08920246 0.07587367 0.02951200
v 0.07651680 0.07917171 0.02391232
v 0.07364517 0.07978898 0.02147949
v 0.07230591 0.07916462 0.02419914
v 0.07488495 0.08000588 0.01988233
v 0.07364517 0.07978898 0.02147949
v 0.07651680 0.07917171 0.02391232
v 0.09949034 0.07452756 0.02551646
v 0.10051310 0.07373034 0.02666194
v 0.10200260 0.07340747 0.02594472
v 0.09259480 0.07735407 0.02026577
v 0.08816510 0.07800537 0.02216036
v 0.09621667 0.07647591 0.02138139
v 0.08722084 0.07724386 0.02660943
v 0.08414661 0.07791215 0.02605958
v 0.08794832 0.07667517 0.02806015
v 0.08722084 0.07724386 0.02660943
v 0.08655601 0.07755166 0.02589507
v 0.08414661 0.07791215 0.02605958
v 0.10367020 0.07374268 0.02319313
v 0.10348430 0.07323062 0.02484203
v 0.09712934 0.07569712 0.02400721
v 0.08508706 0.07868915 0.02052886
v 0.08194380 0.07923781 0.01975168
v 0.08412361 0.07862466 0.02258993
v 0.09252429 0.07579118 0.02776612
v 0.08920246 0.07587367 0.02951200
v 0.09058398 0.07556492 0.02950902
v 0.08746516 0.07760888 0.02501029
v 0.08414661 0.07791215 0.02605958
v 0.08655601 0.07755166 0.02589507
v 0.08662468 0.07794153 0.02412546
v 0.08414661 0.07791215 0.02605958
v 0.08746516 0.07760888 0.02501029
v 0.08896344 0.07692062 0.02661134
v 0.08722084 0.07724386 0.02660943
v 0.08794832 0.07667517 0.02806015
v 0.08056944 0.07826000 0.02627952
v 0.07777500 0.07791393 0.02781267
v 0.07881158 0.07778722 0.02806128
v 0.08056944 0.07826000 0.02627952
v 0.07634419 0.07825803 0.02705456
v 0.07777500 0.07791393 0.02781267
v 0.09252429 0.07579118 0.02776612
v 0.08794832 0.07667517 0.02806015
v 0.08920246 0.07587367 0.02951200
v 0.08662468 0.07794153 0.02412546
v 0.08412361 0.07862466 0.02258993
v 0.08414661 0.07791215 0.02605958
v 0.08896344 0.07692062 0.02661134
v 0.08812934 0.07731896 0.02571733
v 0.08722084 0.07724386 0.02660943
v 0.09252429 0.07579118 0.02776612
v 0.09058398 0.07556492 0.02950902
v 0.09544384 0.07475996 0.02846415
v 0.07946789 0.07920277 0.02262825
v 0.07488495 0.08000588 0.01988233
v 0.07651680 0.07917171 0.02391232
v 0.09634810 0.07668638 0.01912833
v 0.09259480 0.07735407 0.02026577
v 0.09621667 0.07647591 0.02138139
v 0.08734446 0.07794725 0.02342290
v 0.08412361 0.07862466 0.02258993
v 0.08662468 0.07794153 0.02412546
v 0.08508706 0.07868915 0.02052886
v 0.08412361 0.07862466 0.02258993
v 0.08816510 0.07800537 0.02216036
v 0.08056944 0.07826000 0.02627952
v 0.07651680 0.07917171 0.02391232
v 0.07634419 0.07825803 0.02705456
v 0.07900691 0.07962912 0.01986445
v 0.07599997 0.08010226 0.01824207
v 0.07488495 0.08000588 0.01988233
v 0.08816510 0.07800537 0.02216036
v 0.08412361 0.07862466 0.02258993
v 0.08734446 0.07794725 0.02342290
v 0.08056944 0.07826000 0.02627952
v 0.07881158 0.07778722 0.02806128
v 0.08118778 0.07729119 0.02886225
v 0.09169757 0.07703113 0.02393008
v 0.08885425 0.07735311 0.02500422
v 0.08968698 0.07697278 0.02589358
v 0.10023300 0.07515364 0.02248950
v 0.09949034 0.07452756 0.02551646
v 0.10367020 0.07374268 0.02319313
v 0.09297108 0.07639545 0.02545715
v 0.08968698 0.07697278 0.02589358
v 0.08896344 0.07692062 0.02661134
v 0.07900691 0.07962912 0.01986445
v 0.07768750 0.07995510 0.01772851
v 0.07599997 0.08010226 0.01824207
v 0.10273480 0.07452815 0.02161593
v 0.10023300 0.07515364 0.02248950
v 0.10367020 0.07374268 0.02319313
v 0.09621667 0.07647591 0.02138139
v 0.09712934 0.07569712 0.02400721
v 0.10023300 0.07515364 0.02248950
v 0.07900691 0.07962912 0.01986445
v 0.07488495 0.08000588 0.01988233
v 0.07946789 0.07920277 0.02262825
v 0.08908426 0.07762992 0.02342195
v 0.08734446 0.07794725 0.02342290
v 0.08818680 0.07763159 0.02429868
v 0.08975762 0.07736772 0.02412177
v 0.08885425 0.07735311 0.02500422
v 0.09169757 0.07703113 0.02393008
v 0.08254247 0.07715165 0.02897377
v 0.08056944 0.07826000 0.02627952
v 0.08118778 0.07729119 0.02886225
v 0.07946789 0.07920277 0.02262825
v 0.07651680 0.07917171 0.02391232
v 0.08056944 0.07826000 0.02627952
v 0.09169757 0.07703113 0.02393008
v 0.08968698 0.07697278 0.02589358
v 0.09297108 0.07639545 0.02545715
v 0.08956718 0.07789033 0.02074606
v 0.08508706 0.07868915 0.02052886
v 0.08816510 0.07800537 0.02216036
v 0.07107156 0.07648843 0.02297778
v 0.07106262 0.07669281 0.02359278
v 0.07150685 0.07875335 0.02291013
v 0.07150685 0.07875335 0.02291013
v 0.07106262 0.07669281 0.02359278
v 0.07141816 0.07841062 0.02397002
v 0.07162874 0.07849842 0.02461041
v 0.07177388 0.07671785 0.02534068
v 0.07231116 0.07829928 0.02555151
v 0.07150685 0.07875335 0.02291013
v 0.07096695 0.07514411 0.02250320
v 0.07107156 0.07648843 0.02297778
v 0.07150685 0.07875335 0.02291013
v 0.07188242 0.07882404 0.02207489
v 0.07096695 0.07514411 0.02250320
v 0.07409358 0.07948267 0.01943470
v 0.07532083 0.07980847 0.01813830
v 0.07537460 0.07945084 0.01768924
v 0.07532083 0.07980847 0.01813830
v 0.07435160 0.07986861 0.01974524
v 0.07599997 0.08010226 0.01824207
v 0.07532083 0.07980847 0.01813830
v 0.07409358 0.07948267 0.01943470
v 0.07435160 0.07986861 0.01974524
v 0.07435160 0.07986861 0.01974524
v 0.07409358 0.07948267 0.01943470
v 0.07307344 0.07939767 0.02084471
v 0.07195633 0.07918894 0.02235956
v 0.07307344 0.07939767 0.02084471
v 0.07188242 0.07882404 0.02207489
v 0.07195633 0.07918894 0.02235956
v 0.07327759 0.07970148 0.02120502
v 0.07307344 0.07939767 0.02084471
v 0.07236206 0.07949352 0.02280933
v 0.07327759 0.07970148 0.02120502
v 0.07195633 0.07918894 0.02235956
v 0.07236206 0.07949352 0.02280933
v 0.07364517 0.07978898 0.02147949
v 0.07327759 0.07970148 0.02120502
v 0.07188242 0.07882404 0.02207489
v 0.07409358 0.07948267 0.01943470
v 0.07537460 0.07945084 0.01768924
v 0.07327759 0.07970148 0.02120502
v 0.07488495 0.08000588 0.01988233
v 0.07435160 0.07986861 0.01974524
v 0.07327759 0.07970148 0.02120502
v 0.07435160 0.07986861 0.01974524
v 0.07307344 0.07939767 0.02084471
v 0.07327759 0.07970148 0.02120502
v 0.07364517 0.07978898 0.02147949
v 0.07488495 0.08000588 0.01988233
v 0.07409358 0.07948267 0.01943470
v 0.07188242 0.07882404 0.02207489
v 0.07307344 0.07939767 0.02084471
v 0.07488495 0.08000588 0.01988233
v 0.07599997 0.08010226 0.01824207
v 0.07435160 0.07986861 0.01974524
v 0.07768750 0.07995510 0.01772851
v 0.07820087 0.07955837 0.01731313
v 0.07701563 0.07988983 0.01734991
v 0.07820087 0.07955837 0.01731313
v 0.07760208 0.07923841 0.01693691
v 0.07701563 0.07988983 0.01734991
v 0.07701563 0.07988983 0.01734991
v 0.07631200 0.07980036 0.01736385
v 0.07599997 0.08010226 0.01824207
v 0.07631200 0.07980036 0.01736385
v 0.07600843 0.07938367 0.01723183
v 0.07537460 0.07945084 0.01768924
v 0.07673507 0.07931864 0.01696254
v 0.07600843 0.07938367 0.01723183
v 0.07631200 0.07980036 0.01736385
v 0.07817757 0.07906210 0.01706613
v 0.07760208 0.07923841 0.01693691
v 0.07820087 0.07955837 0.01731313
v 0.07599997 0.08010226 0.01824207
v 0.07631200 0.07980036 0.01736385
v 0.07532083 0.07980847 0.01813830
v 0.07631200 0.07980036 0.01736385
v 0.07537460 0.07945084 0.01768924
v 0.07532083 0.07980847 0.01813830
v 0.07599997 0.08010226 0.01824207
v 0.07768750 0.07995510 0.01772851
v 0.07701563 0.07988983 0.01734991
v 0.07701563 0.07988983 0.01734991
v 0.07673507 0.07931864 0.01696254
v 0.07631200 0.07980036 0.01736385
v 0.07701563 0.07988983 0.01734991
v 0.07760208 0.07923841 0.01693691
v 0.07673507 0.07931864 0.01696254
v 0.07820087 0.07955837 0.01731313
v 0.08105564 0.07929134 0.01904912
v 0.08128571 0.07906723 0.01883502
v 0.07817757 0.07906210 0.01706613
v 0.07820087 0.07955837 0.01731313
v 0.07999396 0.07887911 0.01802678
v 0.08386981 0.07826840 0.01937140
v 0.08263182 0.07848405 0.01904023
v 0.08281433 0.07893055 0.01948488
v 0.08263182 0.07848405 0.01904023
v 0.08149009 0.07863998 0.01865525
v 0.08281433 0.07893055 0.01948488
v 0.08281433 0.07893055 0.01948488
v 0.08149009 0.07863998 0.01865525
v 0.08128571 0.07906723 0.01883502
v 0.07768750 0.07995510 0.01772851
v 0.08105564 0.07929134 0.01904912
v 0.07820087 0.07955837 0.01731313
v 0.09620362 0.07658344 0.01864762
v 0.09676820 0.07602953 0.01785166
v 0.09538227 0.07650190 0.01865733
v 0.08601987 0.07765823 0.01970495
v 0.08575952 0.07807266 0.01978428
v 0.08770024 0.07780182 0.01998801
v 0.08956718 0.07789033 0.02074606
v 0.08687937 0.07827705 0.02033520
v 0.08508706 0.07868915 0.02052886
v 0.08575952 0.07807266 0.01978428
v 0.08510792 0.07853138 0.02000643
v 0.08687937 0.07827705 0.02033520
v 0.09819644 0.07553714 0.01701344
v 0.09676820 0.07602953 0.01785166
v 0.09811043 0.07600307 0.01731349
v 0.08575952 0.07807266 0.01978428
v 0.08601987 0.07765823 0.01970495
v 0.08386981 0.07826840 0.01937140
v 0.09811043 0.07600307 0.01731349
v 0.09620362 0.07658344 0.01864762
v 0.09876352 0.07614421 0.01743359
v 0.09676820 0.07602953 0.01785166
v 0.09620362 0.07658344 0.01864762
v 0.09811043 0.07600307 0.01731349
v 0.09876352 0.07614421 0.01743359
v 0.09705203 0.07652795 0.01850874
v 0.09880203 0.07624787 0.01787544
v 0.09620362 0.07658344 0.01864762
v 0.09705203 0.07652795 0.01850874
v 0.09876352 0.07614421 0.01743359
v 0.09705203 0.07652795 0.01850874
v 0.09634810 0.07668638 0.01912833
v 0.09880203 0.07624787 0.01787544
v 0.09548109 0.07603353 0.01835883
v 0.09303379 0.07699090 0.01949538
v 0.09538227 0.07650190 0.01865733
v 0.09278982 0.07650220 0.01926244
v 0.09538227 0.07650190 0.01865733
v 0.09303379 0.07699090 0.01949538
v 0.09620362 0.07658344 0.01864762
v 0.09303379 0.07699090 0.01949538
v 0.09259480 0.07735407 0.02026577
v 0.09620362 0.07658344 0.01864762
v 0.09620362 0.07658344 0.01864762
v 0.09259480 0.07735407 0.02026577
v 0.09634810 0.07668638 0.01912833
v 0.09620362 0.07658344 0.01864762
v 0.09634810 0.07668638 0.01912833
v 0.09705203 0.07652795 0.01850874
v 0.08687937 0.07827705 0.02033520
v 0.08956718 0.07789033 0.02074606
v 0.09013736 0.07762432 0.02014626
v 0.08687937 0.07827705 0.02033520
v 0.08510792 0.07853138 0.02000643
v 0.08508706 0.07868915 0.02052886
v 0.08510792 0.07853138 0.02000643
v 0.08281433 0.07893055 0.01948488
v 0.08508706 0.07868915 0.02052886
v 0.09278982 0.07650220 0.01926244
v 0.09049153 0.07706189 0.01970191
v 0.09303379 0.07699090 0.01949538
v 0.08508706 0.07868915 0.02052886
v 0.08281433 0.07893055 0.01948488
v 0.08194380 0.07923781 0.01975168
v 0.09049153 0.07706189 0.01970191
v 0.09013736 0.07762432 0.02014626
v 0.09303379 0.07699090 0.01949538
v 0.09303379 0.07699090 0.01949538
v 0.09013736 0.07762432 0.02014626
v 0.09259480 0.07735407 0.02026577
v 0.08281433 0.07893055 0.01948488
v 0.08105564 0.07929134 0.01904912
v 0.08194380 0.07923781 0.01975168
v 0.09013736 0.07762432 0.02014626
v 0.08956718 0.07789033 0.02074606
v 0.09259480 0.07735407 0.02026577
v 0.08770024 0.07780182 0.01998801
v 0.08687937 0.07827705 0.02033520
v 0.09013736 0.07762432 0.02014626
v 0.08895629 0.07730191 0.01983006
v 0.08601987 0.07765823 0.01970495
v 0.08770024 0.07780182 0.01998801
v 0.08575952 0.07807266 0.01978428
v 0.08425891 0.07857161 0.01972539
v 0.08510792 0.07853138 0.02000643
v 0.08510792 0.07853138 0.02000643
v 0.08425891 0.07857161 0.01972539
v 0.08281433 0.07893055 0.01948488
v 0.08281433 0.07893055 0.01948488
v 0.08425891 0.07857161 0.01972539
v 0.08386981 0.07826840 0.01937140
v 0.08105564 0.07929134 0.01904912
v 0.08281433 0.07893055 0.01948488
v 0.08128571 0.07906723 0.01883502
v 0.09548109 0.07603353 0.01835883
v 0.09538227 0.07650190 0.01865733
v 0.09676820 0.07602953 0.01785166
v 0.09049153 0.07706189 0.01970191
v 0.08895629 0.07730191 0.01983006
v 0.09013736 0.07762432 0.02014626
v 0.09013736 0.07762432 0.02014626
v 0.08895629 0.07730191 0.01983006
v 0.08770024 0.07780182 0.01998801
v 0.08770024 0.07780182 0.01998801
v 0.08575952 0.07807266 0.01978428
v 0.08687937 0.07827705 0.02033520
v 0.08149009 0.07863998 0.01865525
v 0.07999396 0.07887911 0.01802678
v 0.08128571 0.07906723 0.01883502
v 0.08575952 0.07807266 0.01978428
v 0.08386981 0.07826840 0.01937140
v 0.08425891 0.07857161 0.01972539
v 0.08105564 0.07929134 0.01904912
v 0.07768750 0.07995510 0.01772851
v 0.08194380 0.07923781 0.01975168
v 0.07999396 0.07887911 0.01802678
v 0.07820087 0.07955837 0.01731313
v 0.08128571 0.07906723 0.01883502
v 0.10040420 0.07583516 0.01828731
v 0.10080860 0.07548642 0.01798309
v 0.09995025 0.07588851 0.01765067
v 0.09995025 0.07588851 0.01765067
v 0.10080860 0.07548642 0.01798309
v 0.10000750 0.07559770 0.01729036
v 0.10080860 0.07548642 0.01798309
v 0.10025310 0.07507306 0.01722790
v 0.10000750 0.07559770 0.01729036
v 0.10080860 0.07548642 0.01798309
v 0.10105000 0.07484591 0.01794250
v 0.10025310 0.07507306 0.01722790
v 0.09876352 0.07614421 0.01743359
v 0.09903800 0.07553154 0.01691455
v 0.09811043 0.07600307 0.01731349
v 0.09903800 0.07553154 0.01691455
v 0.09819644 0.07553714 0.01701344
v 0.09811043 0.07600307 0.01731349
v 0.10040420 0.07583516 0.01828731
v 0.09995025 0.07588851 0.01765067
v 0.09880203 0.07624787 0.01787544
v 0.09880203 0.07624787 0.01787544
v 0.09995025 0.07588851 0.01765067
v 0.09876352 0.07614421 0.01743359
v 0.09995025 0.07588851 0.01765067
v 0.10000750 0.07559770 0.01729036
v 0.09876352 0.07614421 0.01743359
v 0.09876352 0.07614421 0.01743359
v 0.10000750 0.07559770 0.01729036
v 0.09903800 0.07553154 0.01691455
v 0.10000750 0.07559770 0.01729036
v 0.10025310 0.07507306 0.01722790
v 0.09903800 0.07553154 0.01691455
v 0.07168453 0.07907932 0.02354033
v 0.07150685 0.07875335 0.02291013
v 0.07141816 0.07841062 0.02397002
v 0.07236206 0.07949352 0.02280933
v 0.07195633 0.07918894 0.02235956
v 0.07168453 0.07907932 0.02354033
v 0.07195633 0.07918894 0.02235956
v 0.07150685 0.07875335 0.02291013
v 0.07168453 0.07907932 0.02354033
v 0.07195633 0.07918894 0.02235956
v 0.07188242 0.07882404 0.02207489
v 0.07150685 0.07875335 0.02291013
v 0.07236206 0.07949352 0.02280933
v 0.07168453 0.07907932 0.02354033
v 0.07230591 0.07916462 0.02419914
v 0.07268995 0.07882481 0.02526505
v 0.07231116 0.07829928 0.02555151
v 0.07292252 0.07845520 0.02579058
v 0.07230591 0.07916462 0.02419914
v 0.07192242 0.07882356 0.02467108
v 0.07268995 0.07882481 0.02526505
v 0.07268995 0.07882481 0.02526505
v 0.07192242 0.07882356 0.02467108
v 0.07231116 0.07829928 0.02555151
v 0.07192242 0.07882356 0.02467108
v 0.07162874 0.07849842 0.02461041
v 0.07231116 0.07829928 0.02555151
v 0.07230591 0.07916462 0.02419914
v 0.07168453 0.07907932 0.02354033
v 0.07192242 0.07882356 0.02467108
v 0.07168453 0.07907932 0.02354033
v 0.07162874 0.07849842 0.02461041
v 0.07192242 0.07882356 0.02467108
v 0.07168453 0.07907932 0.02354033
v 0.07141816 0.07841062 0.02397002
v 0.07162874 0.07849842 0.02461041
v 0.10348430 0.07323062 0.02484203
v 0.10298630 0.07284718 0.02570844
v 0.10377880 0.07263648 0.02500982
v 0.10298630 0.07284718 0.02570844
v 0.10331430 0.07242465 0.02553190
v 0.10377880 0.07263648 0.02500982
v 0.10416560 0.07251727 0.02408911
v 0.10403290 0.07292258 0.02431781
v 0.10377880 0.07263648 0.02500982
v 0.10367020 0.07374268 0.02319313
v 0.10411460 0.07325428 0.02339942
v 0.10396240 0.07349061 0.02258874
v 0.10411460 0.07325428 0.02339942
v 0.10423910 0.07272571 0.02315909
v 0.10396240 0.07349061 0.02258874
v 0.10396240 0.07349061 0.02258874
v 0.10423910 0.07272571 0.02315909
v 0.10401840 0.07303565 0.02229208
v 0.10367020 0.07374268 0.02319313
v 0.10348430 0.07323062 0.02484203
v 0.10411460 0.07325428 0.02339942
v 0.10348430 0.07323062 0.02484203
v 0.10403290 0.07292258 0.02431781
v 0.10411460 0.07325428 0.02339942
v 0.10411460 0.07325428 0.02339942
v 0.10416560 0.07251727 0.02408911
v 0.10423910 0.07272571 0.02315909
v 0.10403290 0.07292258 0.02431781
v 0.10416560 0.07251727 0.02408911
v 0.10411460 0.07325428 0.02339942
v 0.10348430 0.07323062 0.02484203
v 0.10377880 0.07263648 0.02500982
v 0.10403290 0.07292258 0.02431781
v 0.10263680 0.07459592 0.02094723
v 0.10263380 0.07445889 0.02050651
v 0.10175660 0.07507646 0.01939083
v 0.10401840 0.07303565 0.02229208
v 0.10263380 0.07445889 0.02050651
v 0.10396240 0.07349061 0.02258874
v 0.10294310 0.07392895 0.02069998
v 0.10263380 0.07445889 0.02050651
v 0.10401840 0.07303565 0.02229208
v 0.10263380 0.07445889 0.02050651
v 0.10263680 0.07459592 0.02094723
v 0.10396240 0.07349061 0.02258874
v 0.10396240 0.07349061 0.02258874
v 0.10263680 0.07459592 0.02094723
v 0.10367020 0.07374268 0.02319313
v 0.10263680 0.07459592 0.02094723
v 0.10273480 0.07452815 0.02161593
v 0.10367020 0.07374268 0.02319313
v 0.10294310 0.07392895 0.02069998
v 0.10195700 0.07451248 0.01925493
v 0.10263380 0.07445889 0.02050651
v 0.10263380 0.07445889 0.02050651
v 0.10195700 0.07451248 0.01925493
v 0.10175660 0.07507646 0.01939083
v 0.10175660 0.07507646 0.01939083
v 0.10105000 0.07484591 0.01794250
v 0.10080860 0.07548642 0.01798309
v 0.10195700 0.07451248 0.01925493
v 0.10105000 0.07484591 0.01794250
v 0.10175660 0.07507646 0.01939083
v 0.10273480 0.07452815 0.02161593
v 0.10263680 0.07459592 0.02094723
v 0.10140230 0.07536524 0.01970447
v 0.10263680 0.07459592 0.02094723
v 0.10175660 0.07507646 0.01939083
v 0.10140230 0.07536524 0.01970447
v 0.10140230 0.07536524 0.01970447
v 0.10175660 0.07507646 0.01939083
v 0.10040420 0.07583516 0.01828731
v 0.10175660 0.07507646 0.01939083
v 0.10080860 0.07548642 0.01798309
v 0.10040420 0.07583516 0.01828731
v 0.09993171 0.07359331 0.02721298
v 0.10051310 0.07373034 0.02666194
v 0.09786081 0.07404422 0.02802397
v 0.09993171 0.07359331 0.02721298
v 0.10178250 0.07302194 0.02642281
v 0.10051310 0.07373034 0.02666194
v 0.10051310 0.07373034 0.02666194
v 0.10178250 0.07302194 0.02642281
v 0.10200260 0.07340747 0.02594472
v 0.07439458 0.07821023 0.02660496
v 0.07415288 0.07859283 0.02608073
v 0.07292252 0.07845520 0.02579058
v 0.07594829 0.07799619 0.02732993
v 0.07415288 0.07859283 0.02608073
v 0.07439458 0.07821023 0.02660496
v 0.07594829 0.07799619 0.02732993
v 0.07439458 0.07821023 0.02660496
v 0.07435089 0.07789528 0.02676494
v 0.08488786 0.07607048 0.02987988
v 0.08557760 0.07637780 0.02969206
v 0.08205789 0.07660025 0.02945191
v 0.08205789 0.07660025 0.02945191
v 0.08557760 0.07637780 0.02969206
v 0.08247518 0.07689946 0.02930934
v 0.08557760 0.07637780 0.02969206
v 0.08506685 0.07667523 0.02936871
v 0.08247518 0.07689946 0.02930934
v 0.08247518 0.07689946 0.02930934
v 0.08506685 0.07667523 0.02936871
v 0.08254247 0.07715165 0.02897377
v 0.07849764 0.07744723 0.02839036
v 0.07777500 0.07791393 0.02781267
v 0.07594829 0.07799619 0.02732993
v 0.08880227 0.07533180 0.03001339
v 0.08856594 0.07568353 0.02987469
v 0.08646273 0.07585793 0.02997936
v 0.08646273 0.07585793 0.02997936
v 0.08785051 0.07611477 0.02959193
v 0.08557760 0.07637780 0.02969206
v 0.08856594 0.07568353 0.02987469
v 0.08785051 0.07611477 0.02959193
v 0.08646273 0.07585793 0.02997936
v 0.08063691 0.07714718 0.02897084
v 0.07849764 0.07744723 0.02839036
v 0.07938915 0.07698708 0.02880944
v 0.08063691 0.07714718 0.02897084
v 0.07777500 0.07791393 0.02781267
v 0.07849764 0.07744723 0.02839036
v 0.08205789 0.07660025 0.02945191
v 0.08063691 0.07714718 0.02897084
v 0.07938915 0.07698708 0.02880944
v 0.09318840 0.07447975 0.02953602
v 0.09301149 0.07494354 0.02935136
v 0.09035491 0.07514482 0.02989126
v 0.09035491 0.07514482 0.02989126
v 0.09301149 0.07494354 0.02935136
v 0.09058398 0.07556492 0.02950902
v 0.08247518 0.07689946 0.02930934
v 0.08118778 0.07729119 0.02886225
v 0.08063691 0.07714718 0.02897084
v 0.09318840 0.07447975 0.02953602
v 0.09581816 0.07410275 0.02888501
v 0.09301149 0.07494354 0.02935136
v 0.09581816 0.07410275 0.02888501
v 0.09613364 0.07453054 0.02840853
v 0.09301149 0.07494354 0.02935136
v 0.09301149 0.07494354 0.02935136
v 0.09613364 0.07453054 0.02840853
v 0.09544384 0.07475996 0.02846415
v 0.09058398 0.07556492 0.02950902
v 0.08920246 0.07587367 0.02951200
v 0.08856594 0.07568353 0.02987469
v 0.07701528 0.07746291 0.02795918
v 0.07594829 0.07799619 0.02732993
v 0.07435089 0.07789528 0.02676494
v 0.07938915 0.07698708 0.02880944
v 0.07849764 0.07744723 0.02839036
v 0.07701528 0.07746291 0.02795918
v 0.09581816 0.07410275 0.02888501
v 0.09786081 0.07404422 0.02802397
v 0.09613364 0.07453054 0.02840853
v 0.08506685 0.07667523 0.02936871
v 0.08557760 0.07637780 0.02969206
v 0.08785051 0.07611477 0.02959193
v 0.09993171 0.07359331 0.02721298
v 0.09986299 0.07323139 0.02742476
v 0.10178250 0.07302194 0.02642281
v 0.09058398 0.07556492 0.02950902
v 0.09301149 0.07494354 0.02935136
v 0.09544384 0.07475996 0.02846415
v 0.10331430 0.07242465 0.02553190
v 0.10298630 0.07284718 0.02570844
v 0.10178250 0.07302194 0.02642281
v 0.09613364 0.07453054 0.02840853
v 0.09786081 0.07404422 0.02802397
v 0.10051310 0.07373034 0.02666194
v 0.07415288 0.07859283 0.02608073
v 0.07268995 0.07882481 0.02526505
v 0.07292252 0.07845520 0.02579058
v 0.07415288 0.07859283 0.02608073
v 0.07594829 0.07799619 0.02732993
v 0.07634419 0.07825803 0.02705456
v 0.07634419 0.07825803 0.02705456
v 0.07594829 0.07799619 0.02732993
v 0.07777500 0.07791393 0.02781267
v 0.08063691 0.07714718 0.02897084
v 0.08118778 0.07729119 0.02886225
v 0.07777500 0.07791393 0.02781267
v 0.07881158 0.07778722 0.02806128
v 0.08247518 0.07689946 0.02930934
v 0.08063691 0.07714718 0.02897084
v 0.08205789 0.07660025 0.02945191
v 0.08118778 0.07729119 0.02886225
v 0.08247518 0.07689946 0.02930934
v 0.08254247 0.07715165 0.02897377
v 0.10348430 0.07323062 0.02484203
v 0.10200260 0.07340747 0.02594472
v 0.10298630 0.07284718 0.02570844
v 0.07435089 0.07789528 0.02676494
v 0.07292252 0.07845520 0.02579058
v 0.07231116 0.07829928 0.02555151
v 0.08557760 0.07637780 0.02969206
v 0.08488786 0.07607048 0.02987988
v 0.08646273 0.07585793 0.02997936
v 0.07435089 0.07789528 0.02676494
v 0.07439458 0.07821023 0.02660496
v 0.07292252 0.07845520 0.02579058
v 0.08920246 0.07587367 0.02951200
v 0.08785051 0.07611477 0.02959193
v 0.08856594 0.07568353 0.02987469
v 0.09035491 0.07514482 0.02989126
v 0.08856594 0.07568353 0.02987469
v 0.08880227 0.07533180 0.03001339
v 0.09035491 0.07514482 0.02989126
v 0.09058398 0.07556492 0.02950902
v 0.08856594 0.07568353 0.02987469
v 0.09581816 0.07410275 0.02888501
v 0.09759438 0.07364398 0.02834059
v 0.09786081 0.07404422 0.02802397
v 0.09786081 0.07404422 0.02802397
v 0.09986299 0.07323139 0.02742476
v 0.09993171 0.07359331 0.02721298
v 0.09759438 0.07364398 0.02834059
v 0.09986299 0.07323139 0.02742476
v 0.09786081 0.07404422 0.02802397
v 0.10298630 0.07284718 0.02570844
v 0.10200260 0.07340747 0.02594472
v 0.10178250 0.07302194 0.02642281
v 0.07849764 0.07744723 0.02839036
v 0.07594829 0.07799619 0.02732993
v 0.07701528 0.07746291 0.02795918
vn 0.56059083 0.82806885 0.00631650
vn 0.56059083 0.82806885 0.00631650
vn 0.56059083 0.82806885 0.00631650
vn 0.54350711 0.83940414 -0.00084435
vn 0.54270256 0.83992464 0.00072957
vn 0.54174380 0.84054363 -0.00023535
vn 0.55378611 0.83265412 -0.00283794
vn 0.55391253 0.83257027 -0.00276638
vn 0.55376427 0.83266861 -0.00285030
vn 0.55369763 0.83271279 -0.00288802
vn 0.54365469 0.83930822 -0.00113346
vn 0.53831216 0.84274545 -0.00034868
vn 0.53831216 0.84274545 -0.00034868
vn 0.54893238 0.83584382 -0.00619209
vn 0.54893238 0.83584382 -0.00619209
vn 0.54893238 0.83584382 -0.00619209
vn 0.18519617 0.98237212 0.02544405
vn 0.18519617 0.98237212 0.02544405
vn 0.18519617 0.98237212 0.02544405
vn 0.16387558 0.98612747 -0.02640853
vn 0.16387558 0.98612747 -0.02640853
vn 0.16387558 0.98612747 -0.02640853
vn 0.19881446 0.98001634 0.00638635
vn 0.19890561 0.97999768 0.00641126
vn 0.19890559 0.97999768 0.00641126
vn 0.19899673 0.97997902 0.00643617
vn 0.20026221 0.97972367 -0.00604808
vn 0.20026221 0.97972367 -0.00604808
vn 0.20026221 0.97972367 -0.00604808
vn 0.20502781 0.97864350 -0.01484942
vn 0.20502781 0.97864350 -0.01484942
vn 0.20502781 0.97864350 -0.01484942
vn 0.15031669 0.98861386 0.00689449
vn 0.15031669 0.98861386 0.00689449
vn 0.15031669 0.98861386 0.00689449
vn 0.16028334 0.98704961 -0.00650460
vn 0.16028334 0.98704961 -0.00650460
vn 0.16028334 0.98704961 -0.00650460
vn 0.18011554 0.98363232 0.00508446
vn 0.18011554 0.98363232 0.00508446
vn 0.18011554 0.98363232 0.00508446
vn 0.04793751 0.99872477 -0.01583757
vn 0.04793751 0.99872477 -0.01583757
vn 0.04793751 0.99872477 -0.01583757
vn 0.30536782 0.94974531 0.06880659
vn 0.30536782 0.94974531 0.06880659
vn 0.30536782 0.94974531 0.06880659
vn 0.16621959 0.98041857 0.10559581
vn 0.16621959 0.98041857 0.10559581
vn 0.16621959 0.98041857 0.10559581
vn 0.07029043 0.99749986 0.00729985
vn 0.07064760 0.99748431 0.00582866
vn 0.06995088 0.99751252 0.00869779
vn 0.20150395 0.96861503 0.14553724
vn 0.20150395 0.96861503 0.14553724
vn 0.20150395 0.96861503 0.14553724
vn 0.09949261 0.99422396 0.04024850
vn 0.09949261 0.99422396 0.04024850
vn 0.09949261 0.99422396 0.04024850
vn 0.16797277 0.98062742 0.10077210
vn 0.16797277 0.98062742 0.10077210
vn 0.16797277 0.98062742 0.10077210
vn 0.20661691 0.97551849 -0.07532012
vn 0.20661691 0.97551849 -0.07532012
vn 0.20661691 0.97551849 -0.07532012
vn 0.25257302 0.96685198 0.03747161
vn 0.24563177 0.96848944 0.04114893
vn 0.24503512 0.96862315 0.04155695
vn 0.27279863 0.96178758 0.02335722
vn 0.27279863 0.96178758 0.02335722
vn 0.27279863 0.96178758 0.02335722
vn 0.25164112 0.96709800 -0.03739247
vn 0.25164112 0.96709800 -0.03739247
vn 0.25164112 0.96709800 -0.03739247
vn 0.26155565 0.96513650 0.01000927
vn 0.26155565 0.96513650 0.01000927
vn 0.26155565 0.96513650 0.01000927
vn 0.15656059 0.98352274 -0.09039803
vn 0.15656059 0.98352274 -0.09039803
vn 0.15656059 0.98352274 -0.09039803
vn 0.25199399 0.96702919 0.03679106
vn 0.15680517 0.98267593 -0.09879347
vn 0.15680517 0.98267593 -0.09879347
vn 0.15680517 0.98267593 -0.09879347
vn 0.26517807 0.96419946 0.00004867
vn 0.26517807 0.96419946 0.00004867
vn 0.26517807 0.96419946 0.00004867
vn 0.02356732 0.99864278 -0.04644538
vn 0.02356732 0.99864278 -0.04644538
vn 0.02356732 0.99864278 -0.04644538
vn 0.17149371 0.98180030 0.08159703
vn 0.17189696 0.98165495 0.08249234
vn 0.17199677 0.98162662 0.08262141
vn 0.15545584 0.98444195 -0.08189950
vn 0.15545584 0.98444195 -0.08189950
vn 0.15545584 0.98444195 -0.08189950
vn 0.16634070 0.98151188 -0.09468477
vn 0.16634070 0.98151188 -0.09468477
vn 0.16634070 0.98151188 -0.09468477
vn 0.11732740 0.98212936 -0.14716046
vn 0.11732740 0.98212936 -0.14716046
vn 0.11732740 0.98212936 -0.14716046
vn 0.31941243 0.94672946 0.04097605
vn 0.31955492 0.94666075 0.04144971
vn 0.32004709 0.94642132 0.04308765
vn 0.16906901 0.98255801 0.07743019
vn 0.17752243 0.97859715 -0.10408365
vn 0.17666584 0.97877220 -0.10389492
vn 0.17637562 0.97884045 -0.10374495
vn 0.18249390 0.97843062 0.09679612
vn 0.18249390 0.97843062 0.09679612
vn 0.18249390 0.97843062 0.09679612
vn 0.06256125 0.99769167 -0.02640859
vn 0.06256125 0.99769167 -0.02640859
vn 0.06256125 0.99769167 -0.02640859
vn 0.21467568 0.96546797 0.14760064
vn 0.21467568 0.96546797 0.14760064
vn 0.21467568 0.96546797 0.14760064
vn 0.17879829 0.97954799 0.09228706
vn 0.17926796 0.97934967 0.09347311
vn 0.17879829 0.97954799 0.09228706
vn 0.29375254 0.95580394 0.01217659
vn 0.29375254 0.95580394 0.01217659
vn 0.29375254 0.95580394 0.01217659
vn 0.17893797 0.97830596 -0.10439664
vn 0.08702525 0.99614517 -0.01101886
vn 0.08714321 0.99613530 -0.01097836
vn 0.08579481 0.99624713 -0.01144124
vn 0.07624220 0.99696378 -0.01582240
vn 0.07624220 0.99696378 -0.01582240
vn 0.07624220 0.99696378 -0.01582240
vn 0.26619580 0.96386302 -0.01038602
vn 0.26619580 0.96386302 -0.01038602
vn 0.26619580 0.96386302 -0.01038602
vn 0.15295888 0.98065345 -0.12215726
vn 0.15295888 0.98065345 -0.12215726
vn 0.15295888 0.98065345 -0.12215726
vn 0.17958183 0.97921615 0.09426607
vn 0.17958183 0.97921615 0.09426607
vn 0.10867720 0.99319178 0.04194460
vn 0.10867720 0.99319178 0.04194460
vn 0.10867720 0.99319178 0.04194460
vn 0.14291046 0.98029999 -0.13633976
vn 0.13933928 0.98044148 -0.13899305
vn 0.14183427 0.98034469 -0.13713984
vn 0.07224961 0.99738190 0.00305446
vn 0.07224961 0.99738190 0.00305446
vn 0.07224961 0.99738190 0.00305446
vn 0.13769242 0.98815581 0.06774131
vn 0.13731872 0.98820172 0.06783011
vn 0.13887800 0.98800917 0.06745950
vn 0.07309688 0.99716642 -0.01777595
vn 0.07309688 0.99716642 -0.01777595
vn 0.07309688 0.99716642 -0.01777595
vn 0.24349872 0.96948877 -0.02828248
vn 0.24349872 0.96948877 -0.02828248
vn 0.24349872 0.96948877 -0.02828248
vn 0.07864984 0.99689559 -0.00365975
vn 0.07864984 0.99689559 -0.00365975
vn 0.07864984 0.99689559 -0.00365975
vn 0.17997295 0.97809759 -0.10456974
vn 0.13557268 0.98841423 0.06824480
vn 0.08750941 0.99610457 -0.01085263
vn 0.26748634 0.96338314 -0.01854652
vn 0.26622264 0.96374052 -0.01815776
vn 0.26562111 0.96390996 -0.01797275
vn 0.21379800 0.97360178 -0.07993747
vn 0.21379800 0.97360178 -0.07993747
vn 0.21379800 0.97360178 -0.07993747
vn 0.30955084 0.95062485 0.02215085
vn 0.30955084 0.95062485 0.02215085
vn 0.30955084 0.95062485 0.02215085
vn 0.12898178 0.98195513 -0.13830334
vn 0.12898178 0.98195513 -0.13830334
vn 0.12898178 0.98195513 -0.13830334
vn 0.26956764 0.96279029 -0.01918706
vn 0.03681792 0.99367737 -0.10606476
vn 0.03681792 0.99367737 -0.10606476
vn 0.03681792 0.99367737 -0.10606476
vn 0.31790593 0.94743917 0.03598386
vn 0.27573615 0.96098100 -0.02202487
vn 0.27573615 0.96098100 -0.02202487
vn 0.27573615 0.96098100 -0.02202487
vn 0.13677953 0.98053089 -0.14089192
vn 0.23768809 0.96954447 -0.05905844
vn 0.23768809 0.96954447 -0.05905844
vn 0.23768809 0.96954447 -0.05905844
vn 0.18058160 0.97034849 -0.16066768
vn 0.18058160 0.97034849 -0.16066768
vn 0.18058160 0.97034849 -0.16066768
vn 0.10507007 0.99443845 0.00724192
vn 0.10507007 0.99443845 0.00724192
vn 0.10507007 0.99443845 0.00724192
vn 0.20858459 0.97351731 -0.09357629
vn 0.20858459 0.97351731 -0.09357629
vn 0.20858459 0.97351731 -0.09357629
vn 0.32287284 0.94641858 0.00670889
vn 0.32087375 0.94708660 0.00818541
vn 0.32339490 0.94623817 0.00700413
vn 0.16340602 0.98366637 0.07549140
vn 0.16340602 0.98366637 0.07549140
vn 0.16340602 0.98366637 0.07549140
vn 0.15623148 0.97652927 -0.14826432
vn 0.15623148 0.97652927 -0.14826432
vn 0.15623148 0.97652927 -0.14826432
vn 0.29370937 0.95566159 -0.02111248
vn 0.29370937 0.95566159 -0.02111248
vn 0.29370937 0.95566159 -0.02111248
vn 0.28741850 0.95736101 -0.02916338
vn 0.28741850 0.95736101 -0.02916338
vn 0.28741850 0.95736101 -0.02916338
vn 0.31897311 0.94772032 0.00907508
vn 0.16300307 0.97471165 -0.15286334
vn 0.16300307 0.97471165 -0.15286334
vn 0.16300307 0.97471165 -0.15286334
vn 0.17204459 0.98160159 0.08281893
vn 0.20273126 0.97319951 0.10854839
vn 0.20273126 0.97319951 0.10854839
vn 0.20273126 0.97319951 0.10854839
vn 0.32098203 0.94707971 0.00325064
vn 0.32098203 0.94707971 0.00325064
vn 0.32098203 0.94707971 0.00325064
vn 0.32889286 0.94433958 0.00722872
vn 0.32889286 0.94433958 0.00722872
vn 0.32889286 0.94433958 0.00722872
vn 0.23673682 0.96276183 0.13055777
vn 0.23673682 0.96276183 0.13055777
vn 0.23673682 0.96276183 0.13055777
vn 0.03840292 0.99544531 -0.08725733
vn 0.03840292 0.99544531 -0.08725733
vn 0.03840292 0.99544531 -0.08725733
vn 0.09935775 0.99498779 -0.01128443
vn 0.09935775 0.99498779 -0.01128443
vn 0.09935775 0.99498779 -0.01128443
vn 0.04697496 0.99670622 -0.06610648
vn 0.04697496 0.99670622 -0.06610648
vn 0.04697496 0.99670622 -0.06610648
vn 0.91393257 0.40296045 -0.04847808
vn 0.91393257 0.40296045 -0.04847808
vn 0.91393257 0.40296045 -0.04847808
vn 0.18752052 0.98015470 0.06428699
vn 0.18752052 0.98015470 0.06428699
vn 0.18752052 0.98015470 0.06428699
vn 0.17234582 0.97158837 -0.16221270
vn 0.17234582 0.97158837 -0.16221270
vn 0.17234582 0.97158837 -0.16221270
vn 0.16883100 0.97148937 -0.16644670
vn 0.16883100 0.97148937 -0.16644670
vn 0.16883100 0.97148937 -0.16644670
vn 0.19372101 0.97228756 -0.13087808
vn 0.19372101 0.97228756 -0.13087808
vn 0.19372101 0.97228756 -0.13087808
vn 0.22431326 0.96921153 0.10155086
vn 0.22431326 0.96921153 0.10155086
vn 0.22431326 0.96921153 0.10155086
vn 0.19181668 0.96801908 -0.16169549
vn 0.19151285 0.96870880 -0.15787995
vn 0.19201510 0.96755703 -0.16420592
vn 0.05687944 0.99213335 0.11151745
vn 0.05687944 0.99213335 0.11151745
vn 0.05687944 0.99213335 0.11151745
vn 0.32383286 0.94609641 0.00581924
vn 0.32383286 0.94609641 0.00581924
vn 0.32019236 0.94716504 -0.01884761
vn 0.32320541 0.94615073 -0.01835939
vn 0.32188109 0.94658985 -0.01897940
vn 0.17487067 0.98434179 -0.02216932
vn 0.17487067 0.98434179 -0.02216932
vn 0.17487067 0.98434179 -0.02216932
vn 0.32481086 0.94558392 -0.01920808
vn 0.08234014 0.99626143 -0.02613948
vn 0.08234014 0.99626143 -0.02613948
vn 0.08234014 0.99626143 -0.02613948
vn 0.19130476 0.96916911 -0.15528598
vn 0.25768446 0.95659091 0.13613432
vn 0.25768446 0.95659091 0.13613432
vn 0.25768446 0.95659091 0.13613432
vn 0.06266556 0.99615736 -0.06118445
vn 0.06266556 0.99615736 -0.06118445
vn 0.06266556 0.99615736 -0.06118445
vn 0.17603342 0.97141250 -0.15927958
vn 0.17603342 0.97141250 -0.15927958
vn 0.17603342 0.97141250 -0.15927958
vn 0.32351017 0.94619820 -0.00708015
vn 0.32351017 0.94619820 -0.00708015
vn 0.32351017 0.94619820 -0.00708015
vn 0.04787429 0.99631226 0.07120349
vn 0.04787087 0.99631169 0.07121377
vn 0.04771734 0.99628599 0.07167479
vn 0.23920715 0.96813107 -0.07417655
vn 0.23920715 0.96813107 -0.07417655
vn 0.23920715 0.96813107 -0.07417655
vn 0.24890328 0.96638008 -0.06447250
vn 0.24890328 0.96638008 -0.06447250
vn 0.24890328 0.96638008 -0.06447250
vn 0.12931066 0.98055417 0.14762208
vn 0.12931066 0.98055417 0.14762208
vn 0.12931066 0.98055417 0.14762208
vn 0.18961410 0.97051070 -0.14884718
vn 0.18961410 0.97051070 -0.14884718
vn 0.18961410 0.97051070 -0.14884718
vn 0.32551005 0.94532447 -0.02012091
vn 0.32551005 0.94532447 -0.02012091
vn 0.32551005 0.94532447 -0.02012091
vn 0.20970202 0.97060733 -0.11809522
vn 0.20970202 0.97060733 -0.11809522
vn 0.20970202 0.97060733 -0.11809522
vn 0.10133347 0.98687661 0.12572222
vn 0.10133347 0.98687661 0.12572222
vn 0.10133347 0.98687661 0.12572222
vn 0.28860585 0.95623853 -0.04810974
vn 0.28860585 0.95623853 -0.04810974
vn 0.28860585 0.95623853 -0.04810974
vn 0.21175177 0.97557985 0.05835359
vn 0.21175177 0.97557985 0.05835359
vn 0.21175177 0.97557985 0.05835359
vn 0.08868827 0.98971015 0.11228626
vn 0.08910004 0.98963404 0.11263063
vn 0.08890790 0.98966959 0.11246995
vn 0.08942102 0.98957450 0.11289906
vn 0.32356043 0.94603474 -0.01808118
vn 0.32356043 0.94603474 -0.01808118
vn 0.11047528 0.99302777 -0.04112261
vn 0.11047528 0.99302777 -0.04112261
vn 0.11047528 0.99302777 -0.04112261
vn 0.03109868 0.99780997 0.05837922
vn 0.03109868 0.99780997 0.05837922
vn 0.03109868 0.99780997 0.05837922
vn 0.04796233 0.99632688 0.07093909
vn 0.13914599 0.97928624 0.14709474
vn 0.13914599 0.97928624 0.14709474
vn 0.13914599 0.97928624 0.14709474
vn 0.25785299 0.96333352 -0.07416448
vn 0.25785299 0.96333352 -0.07416448
vn 0.25785299 0.96333352 -0.07416448
vn 0.10314349 0.99146453 -0.07974655
vn 0.10322717 0.99145786 -0.07972116
vn 0.10305010 0.99147196 -0.07977488
vn 0.23701524 0.96828097 0.07909325
vn 0.23701524 0.96828097 0.07909325
vn 0.23701524 0.96828097 0.07909325
vn 0.03154419 0.99947406 0.00752107
vn 0.03154419 0.99947406 0.00752107
vn 0.03154419 0.99947406 0.00752107
vn 0.28340108 0.95342246 0.10329299
vn 0.28354048 0.95330006 0.10403746
vn 0.28353075 0.95330862 0.10398550
vn 0.02341120 0.99913487 0.03437196
vn 0.02055815 0.99927882 0.03192504
vn 0.02341120 0.99913487 0.03437196
vn 0.06178605 0.99155435 -0.11402829
vn 0.06178605 0.99155435 -0.11402829
vn 0.06178605 0.99155435 -0.11402829
vn 0.20842551 0.96511523 -0.15846576
vn 0.20842551 0.96511523 -0.15846576
vn 0.20842551 0.96511523 -0.15846576
vn 0.30874880 0.94936077 -0.05820909
vn 0.30874880 0.94936077 -0.05820909
vn 0.30874880 0.94936077 -0.05820909
vn 0.09647440 0.98871249 0.11463114
vn 0.09647440 0.98871249 0.11463114
vn 0.09647440 0.98871249 0.11463114
vn 0.28366183 0.95319294 0.10468618
vn 0.23615409 0.96936621 0.06753067
vn 0.23615409 0.96936621 0.06753067
vn 0.23615409 0.96936621 0.06753067
vn 0.32642298 0.94422584 -0.04342345
vn 0.32642298 0.94422584 -0.04342345
vn 0.32642298 0.94422584 -0.04342345
vn 0.23435800 0.96300003 -0.13306864
vn 0.23438743 0.96299280 -0.13306913
vn 0.23373842 0.96315204 -0.13305823
vn 0.31527919 0.94567198 -0.07939482
vn 0.31527919 0.94567198 -0.07939482
vn 0.31527919 0.94567198 -0.07939482
vn 0.10857112 0.99121093 -0.07558569
vn 0.10857112 0.99121093 -0.07558569
vn 0.10857112 0.99121093 -0.07558569
vn 0.10332546 0.99145002 -0.07969134
vn 0.28529470 0.95294292 -0.10250233
vn 0.28524085 0.95303297 -0.10181266
vn 0.28522458 0.95306004 -0.10160460
vn 0.26310702 0.95675771 -0.12405398
vn 0.26310702 0.95675771 -0.12405398
vn 0.26310702 0.95675771 -0.12405398
vn 0.23486662 0.96287494 -0.13307715
vn 0.24849807 0.96075052 -0.12331727
vn 0.24849807 0.96075052 -0.12331727
vn 0.24849807 0.96075052 -0.12331727
vn 0.16458691 0.97745102 0.13229006
vn 0.16458691 0.97745102 0.13229006
vn 0.16458691 0.97745102 0.13229006
vn 0.28516894 0.95315216 -0.10089421
vn 0.08169985 0.99038891 -0.11160170
vn 0.08169985 0.99038891 -0.11160170
vn 0.08169985 0.99038891 -0.11160170
vn 0.01643517 0.99946494 0.02827929
vn 0.01586692 0.99946355 0.02865062
vn 0.16571143 0.97419656 0.15323441
vn 0.16571143 0.97419656 0.15323441
vn 0.16571143 0.97419656 0.15323441
vn 0.18624885 0.96891565 0.16283069
vn 0.18624885 0.96891565 0.16283069
vn 0.18624885 0.96891565 0.16283069
vn 0.01259876 0.99946308 0.03024615
vn 0.01259876 0.99946308 0.03024615
vn 0.01259876 0.99946308 0.03024615
vn 0.16291604 0.97497788 0.15124976
vn 0.16291604 0.97497788 0.15124976
vn 0.16291604 0.97497788 0.15124976
vn 0.01862248 0.99975877 0.01164502
vn 0.01862248 0.99975877 0.01164502
vn 0.01862248 0.99975877 0.01164502
vn 0.01940229 0.99946473 0.02634007
vn 0.17352011 0.98189290 0.07600719
vn 0.17352011 0.98189290 0.07600719
vn 0.17352011 0.98189290 0.07600719
vn 0.01851092 0.99982817 0.00098707
vn 0.01921013 0.99981517 0.00076784
vn 0.01851092 0.99982817 0.00098707
vn 0.25148755 0.96766668 0.01937009
vn 0.25148755 0.96766668 0.01937009
vn 0.25148755 0.96766668 0.01937009
vn 0.10685499 0.98489087 0.13627909
vn 0.10685499 0.98489087 0.13627909
vn 0.10685499 0.98489087 0.13627909
vn 0.17254581 0.97198373 0.15961069
vn 0.17265465 0.97194307 0.15974051
vn 0.17318405 0.97174488 0.16037199
vn 0.25412910 0.96647540 0.03665664
vn 0.25412910 0.96647540 0.03665664
vn 0.01700423 0.99984258 -0.00506625
vn 0.02119336 0.99972387 -0.01014995
vn 0.01700423 0.99984258 -0.00506625
vn 0.01934986 0.99981251 0.00072403
vn 0.01934986 0.99981251 0.00072403
vn 0.11833908 0.98719734 0.10694517
vn 0.11833908 0.98719734 0.10694517
vn 0.11833908 0.98719734 0.10694517
vn 0.11590173 0.99044374 -0.07475279
vn 0.11590173 0.99044374 -0.07475279
vn 0.11590173 0.99044374 -0.07475279
vn 0.17244877 0.97201995 0.15949494
vn 0.34397036 0.93348046 0.10148209
vn 0.34397036 0.93348046 0.10148209
vn 0.34397036 0.93348046 0.10148209
vn 0.07133781 0.99537821 0.06428953
vn 0.07133781 0.99537821 0.06428953
vn 0.07133781 0.99537821 0.06428953
vn 0.18129972 0.97167793 0.15156653
vn 0.18129972 0.97167793 0.15156653
vn 0.18129972 0.97167793 0.15156653
vn 0.02301446 0.99965872 -0.01236014
vn 0.02301446 0.99965872 -0.01236014
vn 0.14733748 0.98515960 -0.08804678
vn 0.14733748 0.98515960 -0.08804678
vn 0.14733748 0.98515960 -0.08804678
vn 0.15480395 0.98468950 -0.08013943
vn 0.15480395 0.98468950 -0.08013943
vn 0.15480395 0.98468950 -0.08013943
vn 0.23733377 0.97139693 -0.00778998
vn 0.23733377 0.97139693 -0.00778998
vn 0.23733377 0.97139693 -0.00778998
vn 0.02377733 0.99954673 -0.01846544
vn 0.02377733 0.99954673 -0.01846544
vn 0.02377733 0.99954673 -0.01846544
vn 0.17723303 0.98159302 -0.07115894
vn 0.17723303 0.98159302 -0.07115894
vn 0.17723303 0.98159302 -0.07115894
vn 0.05148684 0.99860065 0.01207648
vn 0.05148684 0.99860065 0.01207648
vn 0.05148684 0.99860065 0.01207648
vn 0.25417778 0.96662495 0.03209142
vn 0.25417778 0.96662495 0.03209142
vn 0.25417778 0.96662495 0.03209142
vn 0.08827840 0.98695205 -0.13465728
vn 0.08827840 0.98695205 -0.13465728
vn 0.08827840 0.98695205 -0.13465728
vn 0.19073271 0.97068568 0.14625437
vn 0.19073271 0.97068568 0.14625437
vn 0.19073271 0.97068568 0.14625437
vn 0.06850241 0.99738084 0.02321383
vn 0.06850241 0.99738084 0.02321383
vn 0.06850241 0.99738084 0.02321383
vn 0.14415211 0.98181641 0.12351801
vn 0.14415211 0.98181641 0.12351801
vn 0.14415211 0.98181641 0.12351801
vn 0.08274860 0.99552737 0.04558418
vn 0.08274860 0.99552737 0.04558418
vn 0.08274860 0.99552737 0.04558418
vn 0.30239733 0.95061376 0.06992384
vn 0.30239733 0.95061376 0.06992384
vn 0.30239733 0.95061376 0.06992384
vn 0.17791730 0.98026765 0.08614383
vn 0.17791730 0.98026765 0.08614383
vn 0.17791730 0.98026765 0.08614383
vn 0.19723816 0.96977992 0.14361066
vn 0.19723816 0.96977992 0.14361066
vn 0.19723816 0.96977992 0.14361066
vn 0.19141760 0.97323090 0.12720425
vn 0.19141760 0.97323090 0.12720425
vn 0.19141760 0.97323090 0.12720425
vn 0.02403798 0.99935211 -0.02678690
vn 0.02403798 0.99935211 -0.02678690
vn 0.02403798 0.99935211 -0.02678690
vn 0.06962683 0.99752267 0.01003137
vn 0.03045213 0.99941116 -0.01581141
vn 0.03045213 0.99941116 -0.01581141
vn 0.03045213 0.99941116 -0.01581141
vn -0.58747787 0.68059244 0.43779411
vn -0.58747787 0.68059244 0.43779411
vn -0.58747787 0.68059244 0.43779411
vn -0.35549610 0.83661098 0.41677883
vn -0.35549610 0.83661098 0.41677883
vn -0.35549610 0.83661098 0.41677883
vn -0.54140445 0.66201488 0.51828325
vn -0.54140445 0.66201488 0.51828325
vn -0.54140445 0.66201488 0.51828325
vn -0.11741812 0.94566537 0.30319958
vn -0.11741812 0.94566537 0.30319958
vn -0.11741812 0.94566537 0.30319958
vn -0.28755912 0.85699157 0.42763911
vn -0.28755912 0.85699157 0.42763911
vn -0.28755912 0.85699157 0.42763911
vn -0.37238687 0.68937847 0.62135767
vn -0.37238687 0.68937847 0.62135767
vn -0.37238687 0.68937847 0.62135767
vn -0.25271857 0.63158146 0.73296533
vn -0.25271857 0.63158146 0.73296533
vn -0.25271857 0.63158146 0.73296533
vn 0.00769135 0.58353771 0.81204962
vn 0.00769135 0.58353771 0.81204962
vn 0.00769135 0.58353771 0.81204962
vn 0.16294075 0.81674453 0.55351485
vn 0.16294075 0.81674453 0.55351485
vn 0.16294075 0.81674453 0.55351485
vn 0.18934734 0.49411818 0.84852508
vn 0.18934734 0.49411818 0.84852508
vn 0.18934734 0.49411818 0.84852508
vn 0.31733920 0.35197579 0.88057304
vn 0.31733920 0.35197579 0.88057304
vn 0.31733920 0.35197579 0.88057304
vn 0.45223249 0.45198922 0.76888979
vn 0.45223249 0.45198922 0.76888979
vn 0.45223249 0.45198922 0.76888979
vn 0.76420797 0.29761080 0.57220100
vn 0.76420797 0.29761080 0.57220100
vn 0.76420797 0.29761080 0.57220100
vn 0.74611883 0.35532660 0.56307166
vn 0.74611883 0.35532660 0.56307166
vn 0.74611883 0.35532660 0.56307166
vn 0.80959520 0.29839280 0.50548723
vn 0.80959520 0.29839280 0.50548723
vn 0.80959520 0.29839280 0.50548723
vn 0.76906725 0.49307172 0.40671346
vn 0.76906725 0.49307172 0.40671346
vn 0.76906725 0.49307172 0.40671346
vn 0.78536717 0.50425229 0.35906551
vn 0.78536717 0.50425229 0.35906551
vn 0.78536717 0.50425229 0.35906551
vn 0.80395761 0.47644395 0.35588386
vn 0.80395761 0.47644395 0.35588386
vn 0.80395761 0.47644395 0.35588386
vn 0.81527275 0.49844928 0.29475185
vn 0.81527275 0.49844928 0.29475185
vn 0.81527275 0.49844928 0.29475185
vn 0.85925045 0.42720899 0.28139144
vn 0.85925045 0.42720899 0.28139144
vn 0.85925045 0.42720899 0.28139144
vn 0.88930753 0.41108272 0.20035747
vn 0.88930753 0.41108272 0.20035747
vn 0.88930753 0.41108272 0.20035747
vn 0.86214842 0.48457483 0.14794367
vn 0.86214842 0.48457483 0.14794367
vn 0.86214842 0.48457483 0.14794367
vn 0.91780022 0.38524425 0.09607096
vn 0.91780022 0.38524425 0.09607096
vn 0.91780022 0.38524425 0.09607096
vn 0.90041694 0.43074189 0.06091599
vn 0.90041694 0.43074189 0.06091599
vn 0.90041694 0.43074189 0.06091599
vn 0.78049696 0.62460453 0.02633788
vn 0.78049696 0.62460453 0.02633788
vn 0.78049696 0.62460453 0.02633788
vn 0.77501393 0.63154360 0.02249636
vn 0.77501393 0.63154360 0.02249636
vn 0.77501393 0.63154360 0.02249636
vn -0.11201852 0.99328869 0.02879995
vn -0.11201852 0.99328869 0.02879995
vn -0.11201852 0.99328869 0.02879995
vn -0.79984613 0.59846503 0.04567039
vn -0.79984613 0.59846503 0.04567039
vn -0.79984613 0.59846503 0.04567039
vn -0.13454214 0.99073229 0.01865319
vn -0.13454214 0.99073229 0.01865319
vn -0.13454214 0.99073229 0.01865319
vn 0.04268423 0.99885740 0.02149296
vn 0.04268423 0.99885740 0.02149296
vn 0.04268423 0.99885740 0.02149296
vn -0.76482494 0.62624040 0.15121433
vn -0.76482494 0.62624040 0.15121433
vn -0.76482494 0.62624040 0.15121433
vn 0.03882206 0.99851585 0.03819614
vn 0.03882206 0.99851585 0.03819614
vn 0.03882206 0.99851585 0.03819614
vn 0.04593987 0.99832194 0.03525385
vn 0.04593987 0.99832194 0.03525385
vn 0.04593987 0.99832194 0.03525385
vn -0.86584117 0.43549366 0.24630131
vn -0.86584117 0.43549366 0.24630131
vn -0.86584117 0.43549366 0.24630131
vn 0.02613615 0.99737346 0.06755057
vn 0.02613615 0.99737346 0.06755057
vn 0.02613615 0.99737346 0.06755057
vn -0.27475146 0.94405886 0.18238561
vn -0.27475146 0.94405886 0.18238561
vn -0.27475146 0.94405886 0.18238561
vn -0.22141138 0.83928672 0.49656298
vn -0.22141138 0.83928672 0.49656298
vn -0.22141138 0.83928672 0.49656298
vn -0.14418086 0.83091280 0.53739725
vn -0.14418086 0.83091280 0.53739725
vn -0.14418086 0.83091280 0.53739725
vn -0.00575745 0.84413400 0.53610133
vn -0.00575745 0.84413400 0.53610133
vn -0.00575745 0.84413400 0.53610133
vn 0.04092917 0.74925135 0.66101984
vn 0.04092917 0.74925135 0.66101984
vn 0.04092917 0.74925135 0.66101984
vn 0.21916945 0.73245491 0.64457317
vn 0.21916945 0.73245491 0.64457317
vn 0.21916945 0.73245491 0.64457317
vn 0.51858164 0.66679641 0.53521550
vn 0.51858164 0.66679641 0.53521550
vn 0.51858164 0.66679641 0.53521550
vn 0.51767450 0.69973415 0.49232635
vn 0.51767450 0.69973415 0.49232635
vn 0.51767450 0.69973415 0.49232635
vn 0.61872583 0.59562654 0.51225713
vn 0.61872583 0.59562654 0.51225713
vn 0.61872583 0.59562654 0.51225713
vn 0.68569271 0.42091794 0.59384644
vn 0.68569271 0.42091794 0.59384644
vn 0.68569271 0.42091794 0.59384644
vn 0.56906063 0.73066508 0.37722480
vn 0.56906063 0.73066508 0.37722480
vn 0.56906063 0.73066508 0.37722480
vn 0.61707016 0.68262745 0.39146415
vn 0.61707016 0.68262745 0.39146415
vn 0.61707016 0.68262745 0.39146415
vn 0.62504024 0.69632278 0.35278786
vn 0.62504024 0.69632278 0.35278786
vn 0.62504024 0.69632278 0.35278786
vn 0.85736813 0.46399289 0.22277902
vn 0.85736813 0.46399289 0.22277902
vn 0.85736813 0.46399289 0.22277902
vn -0.91865019 0.37685448 0.11858555
vn -0.91865019 0.37685448 0.11858555
vn -0.91865019 0.37685448 0.11858555
vn 0.41204718 0.91112910 0.00780319
vn 0.41204718 0.91112910 0.00780319
vn 0.41204718 0.91112910 0.00780319
vn 0.46004327 0.88787885 -0.00559848
vn 0.46004327 0.88787885 -0.00559848
vn 0.46004327 0.88787885 -0.00559848
vn 0.97504361 0.22181468 0.00939135
vn 0.97504361 0.22181468 0.00939135
vn 0.97504361 0.22181468 0.00939135
vn -0.77234281 0.56934145 0.28166807
vn -0.77234281 0.56934145 0.28166807
vn -0.77234281 0.56934145 0.28166807
vn 0.10772008 0.99351801 0.03630920
vn 0.10772008 0.99351801 0.03630920
vn 0.10772008 0.99351801 0.03630920
vn -0.21436557 0.93755250 0.27393924
vn -0.21436557 0.93755250 0.27393924
vn -0.21436557 0.93755250 0.27393924
vn -0.02147884 0.98679688 0.16053217
vn -0.02147884 0.98679688 0.16053217
vn -0.02147884 0.98679688 0.16053217
vn -0.56434989 0.53923611 0.62508689
vn -0.56434989 0.53923611 0.62508689
vn -0.56434989 0.53923611 0.62508689
vn -0.08854377 0.94622138 0.31116732
vn -0.08854377 0.94622138 0.31116732
vn -0.08854377 0.94622138 0.31116732
vn 0.05179230 0.97261639 0.22657209
vn 0.05179230 0.97261639 0.22657209
vn 0.05179230 0.97261639 0.22657209
vn -0.04004449 0.91458939 0.40239618
vn -0.04004449 0.91458939 0.40239618
vn -0.04004449 0.91458939 0.40239618
vn -0.16206858 0.51973834 0.83881215
vn -0.16206858 0.51973834 0.83881215
vn -0.16206858 0.51973834 0.83881215
vn 0.00461416 0.86447656 0.50265195
vn 0.00461416 0.86447656 0.50265195
vn 0.00461416 0.86447656 0.50265195
vn 0.10891993 0.96807761 0.22574808
vn 0.10891993 0.96807761 0.22574808
vn 0.10891993 0.96807761 0.22574808
vn -0.09614073 0.40337949 0.90996810
vn -0.09614073 0.40337949 0.90996810
vn -0.09614073 0.40337949 0.90996810
vn 0.14957940 0.90720908 0.39318913
vn 0.14957940 0.90720908 0.39318913
vn 0.14957940 0.90720908 0.39318913
vn 0.26534109 0.79971124 0.53856850
vn 0.26534109 0.79971124 0.53856850
vn 0.26534109 0.79971124 0.53856850
vn 0.30494565 0.71649359 0.62741142
vn 0.30494565 0.71649359 0.62741142
vn 0.30494565 0.71649359 0.62741142
vn 0.39442474 0.72740495 0.56152574
vn 0.39073520 0.73331870 0.55638987
vn 0.39480767 0.72678530 0.56205874
vn 0.39021886 0.73413823 0.55567103
vn 0.42735770 0.77553702 0.46465872
vn 0.42735770 0.77553702 0.46465872
vn 0.42735770 0.77553702 0.46465872
vn 0.34435413 0.91990944 0.18758160
vn 0.34435413 0.91990944 0.18758160
vn 0.34435413 0.91990944 0.18758160
vn 0.32366647 0.93165099 0.16512555
vn 0.32366647 0.93165099 0.16512555
vn 0.32366647 0.93165099 0.16512555
vn 0.42779801 0.89194742 0.14635118
vn 0.42779801 0.89194742 0.14635118
vn 0.42779801 0.89194742 0.14635118
vn 0.43997894 0.88588105 0.14708261
vn 0.43966013 0.88589318 0.14796026
vn 0.43997697 0.88588113 0.14708805
vn 0.44031096 0.88586758 0.14616735
vn 0.58734677 0.79313678 0.16111433
vn 0.58734677 0.79313678 0.16111433
vn 0.58734677 0.79313678 0.16111433
vn 0.30522642 0.95133796 0.04234284
vn 0.30522642 0.95133796 0.04234284
vn 0.30522642 0.95133796 0.04234284
vn 0.57831948 0.80517617 0.13129321
vn 0.57831948 0.80517617 0.13129321
vn 0.57831948 0.80517617 0.13129321
vn 0.60088720 0.78843544 0.13154512
vn 0.60088720 0.78843544 0.13154512
vn 0.60088720 0.78843544 0.13154512
vn 0.62511887 0.77571083 0.08659740
vn 0.62511887 0.77571083 0.08659740
vn 0.62511887 0.77571083 0.08659740
vn 0.42192767 0.90594879 0.03512595
vn 0.42192767 0.90594879 0.03512595
vn 0.42192767 0.90594879 0.03512595
vn 0.62348931 0.77712472 0.08566361
vn 0.62348931 0.77712472 0.08566361
vn 0.62348931 0.77712472 0.08566361
vn 0.40856285 0.91227204 0.02891571
vn 0.40856285 0.91227204 0.02891571
vn 0.40856285 0.91227204 0.02891571
vn 0.08184263 0.99424769 0.06908917
vn 0.08184263 0.99424769 0.06908917
vn 0.08184263 0.99424769 0.06908917
vn -0.44844079 0.85152379 0.27167646
vn -0.44844079 0.85152379 0.27167646
vn -0.44844079 0.85152379 0.27167646
vn 0.15669541 0.93944344 0.30478283
vn 0.15669541 0.93944344 0.30478283
vn 0.15669541 0.93944344 0.30478283
vn 0.23305522 0.93310002 0.27387885
vn 0.23305522 0.93310002 0.27387885
vn 0.23305522 0.93310002 0.27387885
vn 0.24681584 0.94814109 0.20027586
vn 0.24693443 0.94807441 0.20044526
vn 0.24791884 0.94751893 0.20185176
vn -0.61802026 0.58658583 0.52341955
vn -0.61802026 0.58658583 0.52341955
vn -0.61802026 0.58658583 0.52341955
vn 0.33946125 0.92449861 0.17340239
vn 0.33946125 0.92449861 0.17340239
vn 0.33946125 0.92449861 0.17340239
vn 0.29642926 0.95157368 0.08146912
vn 0.29642926 0.95157368 0.08146912
vn 0.29642926 0.95157368 0.08146912
vn -0.40203621 0.71434880 0.57277628
vn -0.40203621 0.71434880 0.57277628
vn -0.40203621 0.71434880 0.57277628
vn -0.43658694 0.55636331 0.70700192
vn -0.43658694 0.55636331 0.70700192
vn -0.43658694 0.55636331 0.70700192
vn 0.27808130 0.96009031 0.02995659
vn 0.27808130 0.96009031 0.02995659
vn 0.27808130 0.96009031 0.02995659
vn 0.03469070 0.97995465 0.19617708
vn 0.03469070 0.97995465 0.19617708
vn 0.03469070 0.97995465 0.19617708
vn -0.39079971 0.42634755 0.81578389
vn -0.39079971 0.42634755 0.81578389
vn -0.39079971 0.42634755 0.81578389
vn -0.27351277 0.59479113 0.75591949
vn -0.27351277 0.59479113 0.75591949
vn -0.27351277 0.59479113 0.75591949
vn 0.09091512 0.98130244 0.16964660
vn 0.09091512 0.98130244 0.16964660
vn 0.09091512 0.98130244 0.16964660
vn -0.10202627 0.70698313 0.69983247
vn -0.10202627 0.70698313 0.69983247
vn -0.10202627 0.70698313 0.69983247
vn -0.28943413 0.25643977 0.92220742
vn -0.28943413 0.25643977 0.92220742
vn -0.28943413 0.25643977 0.92220742
vn 0.12442841 0.97352728 0.19173472
vn 0.12442841 0.97352728 0.19173472
vn 0.12442841 0.97352728 0.19173472
vn 0.03698209 0.50529725 0.86215255
vn 0.03698209 0.50529725 0.86215255
vn 0.03698209 0.50529725 0.86215255
vn 0.08601782 0.53230742 0.84216967
vn 0.08601782 0.53230742 0.84216967
vn 0.08601782 0.53230742 0.84216967
vn 0.11054215 0.44670207 0.88782751
vn 0.11054215 0.44670207 0.88782751
vn 0.11054215 0.44670207 0.88782751
vn 0.15343794 0.96019923 0.23339718
vn 0.15343794 0.96019923 0.23339718
vn 0.15343794 0.96019923 0.23339718
vn 0.20324090 0.35826138 0.91123099
vn 0.20324090 0.35826138 0.91123099
vn 0.20324090 0.35826138 0.91123099
vn 0.32504354 0.29783136 0.89757628
vn 0.32504354 0.29783136 0.89757628
vn 0.32504354 0.29783136 0.89757628
vn 0.25103593 0.96012916 0.12301608
vn 0.25103593 0.96012916 0.12301608
vn 0.25103593 0.96012916 0.12301608
vn 0.45882562 0.42653973 0.77945039
vn 0.45882562 0.42653973 0.77945039
vn 0.45882562 0.42653973 0.77945039
vn 0.53810538 0.31372764 0.78231552
vn 0.53810538 0.31372764 0.78231552
vn 0.53810538 0.31372764 0.78231552
vn 0.18349080 0.96812109 0.17050710
vn 0.18349080 0.96812109 0.17050710
vn 0.18349080 0.96812109 0.17050710
vn 0.57389045 0.46089092 0.67692637
vn 0.57389045 0.46089092 0.67692637
vn 0.57389045 0.46089092 0.67692637
vn 0.20951653 0.95734628 0.19897468
vn 0.20951653 0.95734628 0.19897468
vn 0.20951653 0.95734628 0.19897468
vn 0.65877603 0.11316437 0.74377951
vn 0.65877603 0.11316437 0.74377951
vn 0.65877603 0.11316437 0.74377951
vn 0.24800517 0.94747004 0.20197514
vn 0.26575987 0.95044706 0.16131359
vn 0.26575987 0.95044706 0.16131359
vn 0.26575987 0.95044706 0.16131359
vn -0.45565941 0.89015398 0.00062036
vn -0.45565941 0.89015398 0.00062036
vn -0.45565941 0.89015398 0.00062036
vn -0.61324858 0.78733553 0.06347391
vn -0.61324858 0.78733553 0.06347391
vn -0.61324858 0.78733553 0.06347391
vn -0.57104922 0.81168212 0.12277995
vn -0.57104922 0.81168212 0.12277995
vn -0.57104922 0.81168212 0.12277995
vn -0.37379589 0.92246621 0.09660606
vn -0.37379589 0.92246621 0.09660606
vn -0.37379589 0.92246621 0.09660606
vn -0.60321235 0.78852898 0.11982037
vn -0.60321235 0.78852898 0.11982037
vn -0.60321235 0.78852898 0.11982037
vn -0.26171418 0.95827608 0.11494631
vn -0.26171418 0.95827608 0.11494631
vn -0.26171418 0.95827608 0.11494631
vn -0.32283181 0.93432099 0.15107584
vn -0.32283181 0.93432099 0.15107584
vn -0.32283181 0.93432099 0.15107584
vn -0.58861747 0.77612122 0.22619756
vn -0.58861747 0.77612122 0.22619756
vn -0.58861747 0.77612122 0.22619756
vn -0.64625104 0.71763787 0.25952933
vn -0.64625104 0.71763787 0.25952933
vn -0.64625104 0.71763787 0.25952933
vn -0.09882939 0.98673396 0.12879769
vn -0.09882939 0.98673396 0.12879769
vn -0.09882939 0.98673396 0.12879769
vn -0.57108208 0.76244608 0.30420590
vn -0.57108208 0.76244608 0.30420590
vn -0.57108208 0.76244608 0.30420590
vn -0.71406248 0.56257033 0.41668861
vn -0.71406248 0.56257033 0.41668861
vn -0.71406248 0.56257033 0.41668861
vn -0.39861323 0.85760972 0.32498163
vn -0.39861323 0.85760972 0.32498163
vn -0.39861323 0.85760972 0.32498163
vn -0.27232380 0.92204278 0.27509428
vn -0.27232380 0.92204278 0.27509428
vn -0.27232380 0.92204278 0.27509428
vn 0.82056152 0.33095323 -0.46599222
vn 0.82056152 0.33095323 -0.46599222
vn 0.82056152 0.33095323 -0.46599222
vn 0.81760244 0.34919553 -0.45780862
vn 0.81760244 0.34919553 -0.45780862
vn 0.81760244 0.34919553 -0.45780862
vn 0.74368345 0.41005247 -0.52800748
vn 0.74368345 0.41005247 -0.52800748
vn 0.74368345 0.41005247 -0.52800748
vn 0.52802903 0.75597403 -0.38689611
vn 0.52802903 0.75597403 -0.38689611
vn 0.52802903 0.75597403 -0.38689611
vn 0.68685773 0.45040096 -0.57040813
vn 0.68685773 0.45040096 -0.57040813
vn 0.68685773 0.45040096 -0.57040813
vn 0.46417527 0.44403399 -0.76640403
vn 0.46417527 0.44403399 -0.76640403
vn 0.46417527 0.44403399 -0.76640403
vn 0.35895374 0.67906955 -0.64032551
vn 0.35895374 0.67906955 -0.64032551
vn 0.35895374 0.67906955 -0.64032551
vn 0.33136572 0.59940020 -0.72863994
vn 0.33136572 0.59940020 -0.72863994
vn 0.33136572 0.59940020 -0.72863994
vn 0.24756775 0.37887285 -0.89172057
vn 0.24756775 0.37887285 -0.89172057
vn 0.24756775 0.37887285 -0.89172057
vn 0.08525030 0.62381783 -0.77690650
vn 0.08525030 0.62381783 -0.77690650
vn 0.08525030 0.62381783 -0.77690650
vn 0.10179373 0.78737445 -0.60801276
vn 0.10179373 0.78737445 -0.60801276
vn 0.10179373 0.78737445 -0.60801276
vn -0.20242965 0.58312387 -0.78675841
vn -0.20242965 0.58312387 -0.78675841
vn -0.20242965 0.58312387 -0.78675841
vn -0.21032865 0.65641917 -0.72448308
vn -0.21032865 0.65641917 -0.72448308
vn -0.21032865 0.65641917 -0.72448308
vn -0.28448879 0.68837255 -0.66724011
vn -0.28448879 0.68837255 -0.66724011
vn -0.28448879 0.68837255 -0.66724011
vn -0.38750222 0.65329536 -0.65042079
vn -0.38750222 0.65329536 -0.65042079
vn -0.38750222 0.65329536 -0.65042079
vn -0.61620619 0.54119927 -0.57218291
vn -0.61620619 0.54119927 -0.57218291
vn -0.61620619 0.54119927 -0.57218291
vn -0.57944988 0.58925054 -0.56304675
vn -0.57944988 0.58925054 -0.56304675
vn -0.57944988 0.58925054 -0.56304675
vn -0.65200875 0.56053318 -0.51057531
vn -0.65200875 0.56053318 -0.51057531
vn -0.65200875 0.56053318 -0.51057531
vn -0.56539697 0.71374869 -0.41338732
vn -0.56539697 0.71374869 -0.41338732
vn -0.56539697 0.71374869 -0.41338732
vn -0.60094792 0.69740488 -0.39049716
vn -0.60094792 0.69740488 -0.39049716
vn -0.60094792 0.69740488 -0.39049716
vn -0.59043637 0.72724656 -0.34999618
vn -0.59043637 0.72724656 -0.34999618
vn -0.59043637 0.72724656 -0.34999618
vn -0.53780153 0.78607079 -0.30473304
vn -0.53780153 0.78607079 -0.30473304
vn -0.53780153 0.78607079 -0.30473304
vn -0.65498309 0.70479199 -0.27251679
vn -0.65498309 0.70479199 -0.27251679
vn -0.65498309 0.70479199 -0.27251679
vn -0.67672491 0.70567719 -0.20991213
vn -0.67672491 0.70567719 -0.20991213
vn -0.67672491 0.70567719 -0.20991213
vn -0.67857007 0.72009129 -0.14495235
vn -0.67857007 0.72009129 -0.14495235
vn -0.67857007 0.72009129 -0.14495235
vn -0.66778022 0.72914280 -0.14973427
vn -0.66778022 0.72914280 -0.14973427
vn -0.66778022 0.72914280 -0.14973427
vn -0.68169539 0.72559479 -0.09382743
vn -0.68169539 0.72559479 -0.09382743
vn -0.68169539 0.72559479 -0.09382743
vn -0.65839488 0.75194923 -0.03299308
vn -0.65839488 0.75194923 -0.03299308
vn -0.65839488 0.75194923 -0.03299308
vn -0.44921634 0.89340078 0.00630260
vn -0.44921634 0.89340078 0.00630260
vn -0.44921634 0.89340078 0.00630260
vn 0.95136388 0.30459162 -0.04615960
vn 0.95136388 0.30459162 -0.04615960
vn 0.95136388 0.30459162 -0.04615960
vn 0.45876717 0.88809086 -0.02876299
vn 0.45712062 0.88900722 -0.02658773
vn 0.45690074 0.88911836 -0.02665062
vn 0.46017658 0.88725281 -0.03193673
vn 0.46137521 0.88651821 -0.03490533
vn 0.93281864 0.32708916 -0.15120205
vn 0.93281864 0.32708916 -0.15120205
vn 0.93281864 0.32708916 -0.15120205
vn 0.30543908 0.95141517 -0.03893766
vn 0.30584540 0.95127472 -0.03917892
vn 0.30975534 0.94991010 -0.04150227
vn 0.31021970 0.94974644 -0.04177842
vn 0.96243186 0.12126301 -0.24294073
vn 0.96243186 0.12126301 -0.24294073
vn 0.96243186 0.12126301 -0.24294073
vn 0.29928106 0.95315663 -0.04385520
vn 0.29928106 0.95315663 -0.04385520
vn 0.29928106 0.95315663 -0.04385520
vn 0.88852633 0.36845258 -0.27342943
vn 0.88852633 0.36845258 -0.27342943
vn 0.88852633 0.36845258 -0.27342943
vn 0.89601092 0.28357355 -0.34168769
vn 0.89601092 0.28357355 -0.34168769
vn 0.89601092 0.28357355 -0.34168769
vn 0.86777464 0.35428924 -0.34849148
vn 0.86777464 0.35428924 -0.34849148
vn 0.86777464 0.35428924 -0.34849148
vn 0.48955406 0.72960671 -0.47750484
vn 0.48955406 0.72960671 -0.47750484
vn 0.48955406 0.72960671 -0.47750484
vn 0.42943342 0.76603434 -0.47830778
vn 0.42943342 0.76603434 -0.47830778
vn 0.42943342 0.76603434 -0.47830778
vn 0.23642273 0.81527371 -0.52861430
vn 0.23642273 0.81527371 -0.52861430
vn 0.23642273 0.81527371 -0.52861430
vn 0.20104859 0.78181792 -0.59020352
vn 0.20104859 0.78181792 -0.59020352
vn 0.20104859 0.78181792 -0.59020352
vn -0.04636606 0.68842561 -0.72382344
vn -0.04636606 0.68842561 -0.72382344
vn -0.04636606 0.68842561 -0.72382344
vn -0.00545157 0.78135569 -0.62406214
vn -0.00545157 0.78135569 -0.62406214
vn -0.00545157 0.78135569 -0.62406214
vn -0.27002821 0.73112511 -0.62653080
vn -0.27002821 0.73112511 -0.62653080
vn -0.27002821 0.73112511 -0.62653080
vn -0.30971435 0.83334024 -0.45784394
vn -0.30971435 0.83334024 -0.45784394
vn -0.30971435 0.83334024 -0.45784394
vn -0.36097276 0.78036866 -0.51061084
vn -0.36097276 0.78036866 -0.51061084
vn -0.36097276 0.78036866 -0.51061084
vn -0.49996565 0.63036416 -0.59386478
vn -0.49996565 0.63036416 -0.59386478
vn -0.49996565 0.63036416 -0.59386478
vn -0.37158100 0.83317289 -0.40957354
vn -0.37158100 0.83317289 -0.40957354
vn -0.37158100 0.83317289 -0.40957354
vn -0.26993186 0.91451395 -0.30133209
vn -0.26993186 0.91451395 -0.30133209
vn -0.26993186 0.91451395 -0.30133209
vn -0.30512091 0.89478629 -0.32597351
vn -0.30512091 0.89478629 -0.32597351
vn -0.30512091 0.89478629 -0.32597351
vn -0.63479276 0.73955213 -0.22383207
vn -0.63479276 0.73955213 -0.22383207
vn -0.63479276 0.73955213 -0.22383207
vn 0.99097954 0.05785910 -0.12087963
vn 0.99097954 0.05785910 -0.12087963
vn 0.99097954 0.05785910 -0.12087963
vn -0.66903426 0.73641583 -0.10042353
vn -0.66903426 0.73641583 -0.10042353
vn -0.66903426 0.73641583 -0.10042353
vn -0.81120210 0.58476488 0.00108909
vn -0.81120210 0.58476488 0.00108909
vn -0.81120210 0.58476488 0.00108909
vn 0.41650488 0.89788335 -0.14258040
vn 0.41650488 0.89788335 -0.14258040
vn 0.41650488 0.89788335 -0.14258040
vn 0.46250960 0.85293328 -0.24205307
vn 0.46250960 0.85293328 -0.24205307
vn 0.46250960 0.85293328 -0.24205307
vn 0.69187712 0.37061765 -0.61963587
vn 0.69187712 0.37061765 -0.61963587
vn 0.69187712 0.37061765 -0.61963587
vn 0.45383419 0.81079220 -0.36966272
vn 0.45383419 0.81079220 -0.36966272
vn 0.45383419 0.81079220 -0.36966272
vn 0.63618114 0.33602929 -0.69451989
vn 0.63618114 0.33602929 -0.69451989
vn 0.63618114 0.33602929 -0.69451989
vn 0.32960395 0.88359042 -0.33260970
vn 0.32960395 0.88359042 -0.33260970
vn 0.32960395 0.88359042 -0.33260970
vn 0.30924750 0.86863499 -0.38709074
vn 0.30924750 0.86863499 -0.38709074
vn 0.30924750 0.86863499 -0.38709074
vn 0.24337002 0.93323752 -0.26427025
vn 0.24337002 0.93323752 -0.26427025
vn 0.24337002 0.93323752 -0.26427025
vn 0.23213232 0.93341034 -0.27360504
vn 0.23213232 0.93341034 -0.27360504
vn 0.23213232 0.93341034 -0.27360504
vn 0.14828142 0.89347663 -0.42392468
vn 0.14828142 0.89347663 -0.42392468
vn 0.14828142 0.89347663 -0.42392468
vn 0.15421757 0.95345078 -0.25913038
vn 0.15421757 0.95345078 -0.25913038
vn 0.15421757 0.95345078 -0.25913038
vn -0.00295733 0.79034585 -0.61265381
vn -0.00295733 0.79034585 -0.61265381
vn -0.00295733 0.79034585 -0.61265381
vn -0.04581449 0.86113364 -0.50631007
vn -0.04581449 0.86113364 -0.50631007
vn -0.04581449 0.86113364 -0.50631007
vn -0.13853920 0.93574481 -0.32432782
vn -0.13853920 0.93574481 -0.32432782
vn -0.13853920 0.93574481 -0.32432782
vn -0.00206870 0.98456666 -0.17499772
vn -0.00206870 0.98456666 -0.17499772
vn -0.00206870 0.98456666 -0.17499772
vn -0.08422748 0.98630836 -0.14177995
vn -0.08422748 0.98630836 -0.14177995
vn -0.08422748 0.98630836 -0.14177995
vn -0.09740968 0.98213760 -0.16098783
vn -0.09740968 0.98213760 -0.16098783
vn -0.09740968 0.98213760 -0.16098783
vn 0.08373450 0.99548124 -0.04478426
vn 0.08373450 0.99548124 -0.04478426
vn 0.08373450 0.99548124 -0.04478426
vn -0.31400938 0.92664998 -0.20668313
vn -0.31400938 0.92664998 -0.20668313
vn -0.31400938 0.92664998 -0.20668313
vn -0.29226187 0.94662107 -0.13598363
vn -0.29226187 0.94662107 -0.13598363
vn -0.29226187 0.94662107 -0.13598363
vn -0.25226206 0.95832909 -0.13404932
vn -0.25226206 0.95832909 -0.13404932
vn -0.25226206 0.95832909 -0.13404932
vn 0.04817030 0.99816938 -0.03657195
vn 0.04817030 0.99816938 -0.03657195
vn 0.04817030 0.99816938 -0.03657195
vn -0.31133169 0.94450887 -0.10476441
vn -0.31133169 0.94450887 -0.10476441
vn -0.31133169 0.94450887 -0.10476441
vn -0.16939423 0.98466379 -0.04174700
vn -0.16894038 0.98468195 -0.04313472
vn -0.16883160 0.98468599 -0.04346718
vn -0.34600653 0.93748025 -0.03755340
vn -0.34600653 0.93748025 -0.03755340
vn -0.34600653 0.93748025 -0.03755340
vn -0.16839188 0.98470108 -0.04481027
vn -0.03952710 0.99915288 -0.01145137
vn -0.03952710 0.99915288 -0.01145137
vn -0.03952710 0.99915288 -0.01145137
vn 0.24810984 0.96568099 -0.07682278
vn 0.24810984 0.96568099 -0.07682278
vn 0.24810984 0.96568099 -0.07682278
vn 0.27077834 0.95429596 -0.12648445
vn 0.27077834 0.95429596 -0.12648445
vn 0.27077834 0.95429596 -0.12648445
vn 0.70616693 0.65175260 -0.27667095
vn 0.70616693 0.65175260 -0.27667095
vn 0.70616693 0.65175260 -0.27667095
vn 0.10856049 0.95542913 -0.27453560
vn 0.10856049 0.95542913 -0.27453560
vn 0.10856049 0.95542913 -0.27453560
vn 0.00927702 0.93133649 -0.36404159
vn 0.00927702 0.93133649 -0.36404159
vn 0.00927702 0.93133649 -0.36404159
vn 0.00552388 0.94743521 -0.31989999
vn 0.00552388 0.94743521 -0.31989999
vn 0.00552388 0.94743521 -0.31989999
vn -0.10124820 0.90905907 -0.40417868
vn -0.10124820 0.90905907 -0.40417868
vn -0.10124820 0.90905907 -0.40417868
vn -0.11978042 0.88664408 -0.44667094
vn -0.11978042 0.88664408 -0.44667094
vn -0.11978042 0.88664408 -0.44667094
vn 0.77333708 0.33869162 -0.53594566
vn 0.77333708 0.33869162 -0.53594566
vn 0.77333708 0.33869162 -0.53594566
vn -0.00085786 0.98488245 -0.17322187
vn -0.00085786 0.98488245 -0.17322187
vn -0.00085786 0.98488245 -0.17322187
vn 0.60890066 0.41177621 -0.67799729
vn 0.60890066 0.41177621 -0.67799729
vn 0.60890066 0.41177621 -0.67799729
vn 0.04306525 0.99831047 -0.03900754
vn 0.04306525 0.99831047 -0.03900754
vn 0.04306525 0.99831047 -0.03900754
vn 0.51217714 0.26663234 -0.81644460
vn 0.51217714 0.26663234 -0.81644460
vn 0.51217714 0.26663234 -0.81644460
vn 0.25285838 0.96121056 -0.11016757
vn 0.25285838 0.96121056 -0.11016757
vn 0.25285838 0.96121056 -0.11016757
vn 0.46129148 0.46390091 -0.75631086
vn 0.46129148 0.46390091 -0.75631086
vn 0.46129148 0.46390091 -0.75631086
vn 0.25951667 0.95405176 -0.14978762
vn 0.25951667 0.95405176 -0.14978762
vn 0.25951667 0.95405176 -0.14978762
vn 0.38305089 0.20232709 -0.90129671
vn 0.38305089 0.20232709 -0.90129671
vn 0.38305089 0.20232709 -0.90129671
vn 0.30379182 0.60075646 -0.73946075
vn 0.30379182 0.60075646 -0.73946075
vn 0.30379182 0.60075646 -0.73946075
vn 0.15798687 0.59010466 -0.79171753
vn 0.15798687 0.59010466 -0.79171753
vn 0.15798687 0.59010466 -0.79171753
vn 0.16273100 0.48641693 -0.85843881
vn 0.16273100 0.48641693 -0.85843881
vn 0.16273100 0.48641693 -0.85843881
vn 0.19929714 0.96877273 -0.14751289
vn 0.19929714 0.96877273 -0.14751289
vn 0.19929714 0.96877273 -0.14751289
vn 0.02324842 0.47898305 -0.87751624
vn 0.02324842 0.47898305 -0.87751624
vn 0.02324842 0.47898305 -0.87751624
vn 0.17919986 0.97687660 -0.11661695
vn 0.17919986 0.97687660 -0.11661695
vn 0.17919986 0.97687660 -0.11661695
vn -0.07024086 0.48200179 -0.87335016
vn -0.07024086 0.48200179 -0.87335016
vn -0.07024086 0.48200179 -0.87335016
vn -0.26166159 0.42041559 -0.86878302
vn -0.26166159 0.42041559 -0.86878302
vn -0.26166159 0.42041559 -0.86878302
vn 0.09158596 0.99310459 -0.07317988
vn 0.09158596 0.99310459 -0.07317988
vn 0.09158596 0.99310459 -0.07317988
vn 0.14984877 0.96080221 -0.23324763
vn 0.14984877 0.96080221 -0.23324763
vn 0.14984877 0.96080221 -0.23324763
vn 0.13153530 0.96277823 -0.23612823
vn 0.13153530 0.96277823 -0.23612823
vn 0.13153530 0.96277823 -0.23612823
vn -0.60107159 0.25759277 -0.75654406
vn -0.60107159 0.25759277 -0.75654406
vn -0.60107159 0.25759277 -0.75654406
vn 0.10742541 0.97074703 -0.21473237
vn 0.10742541 0.97074703 -0.21473237
vn 0.10742541 0.97074703 -0.21473237
vn 0.13910423 0.98877249 -0.05458004
vn 0.13910423 0.98877249 -0.05458004
vn 0.13910423 0.98877249 -0.05458004
vn 0.06283977 0.98745108 -0.14488456
vn 0.06283977 0.98745108 -0.14488456
vn 0.06283977 0.98745108 -0.14488456
vn -0.85199916 0.37404099 -0.36632058
vn -0.85199916 0.37404099 -0.36632058
vn -0.85199916 0.37404099 -0.36632058
vn -0.93896151 0.33846674 -0.06157554
vn -0.93896151 0.33846674 -0.06157554
vn -0.93896151 0.33846674 -0.06157554
vn 0.82078315 0.56879294 -0.05281675
vn 0.81924445 0.57092282 -0.05371837
vn 0.81889042 0.57141101 -0.05392524
vn 0.82114922 0.56828428 -0.05260163
vn 0.83183175 0.54037358 -0.12669781
vn 0.83183175 0.54037358 -0.12669781
vn 0.83183175 0.54037358 -0.12669781
vn 0.61889810 0.77910690 -0.09978765
vn 0.61889810 0.77910690 -0.09978765
vn 0.61889810 0.77910690 -0.09978765
vn 0.83580786 0.53442690 -0.12575018
vn 0.83580786 0.53442690 -0.12575018
vn 0.83580786 0.53442690 -0.12575018
vn 0.58778682 0.79925828 -0.12527115
vn 0.58778682 0.79925828 -0.12527115
vn 0.58778682 0.79925828 -0.12527115
vn 0.64468728 0.74584572 -0.16760806
vn 0.64468728 0.74584572 -0.16760806
vn 0.64468728 0.74584572 -0.16760806
vn 0.82031963 0.52868692 -0.21809595
vn 0.82031963 0.52868692 -0.21809595
vn 0.82031963 0.52868692 -0.21809595
vn 0.43350145 0.89156875 -0.13107878
vn 0.43350145 0.89156875 -0.13107878
vn 0.43350145 0.89156875 -0.13107878
vn 0.60664204 0.77115722 -0.19313723
vn 0.60664204 0.77115722 -0.19313723
vn 0.60664204 0.77115722 -0.19313723
vn 0.67935187 0.65038102 -0.33983169
vn 0.67935187 0.65038102 -0.33983169
vn 0.67935187 0.65038102 -0.33983169
vn 0.51770851 0.81718572 -0.25334837
vn 0.51770851 0.81718572 -0.25334837
vn 0.51770851 0.81718572 -0.25334837
vn 0.59390584 0.74497732 -0.30378388
vn 0.59390584 0.74497732 -0.30378388
vn 0.59390584 0.74497732 -0.30378388
vn -0.38632846 0.88553464 -0.25802852
vn -0.38632846 0.88553464 -0.25802852
vn -0.38632846 0.88553464 -0.25802852
vn -0.56481616 0.77707418 -0.27773803
vn -0.56482484 0.77707263 -0.27772474
vn -0.56481848 0.77707377 -0.27773449
vn -0.46259193 0.87008930 -0.17015675
vn -0.46259193 0.87008930 -0.17015675
vn -0.46259193 0.87008930 -0.17015675
vn -0.53253085 0.82805467 -0.17531785
vn -0.53253085 0.82805467 -0.17531785
vn -0.53253085 0.82805467 -0.17531785
vn -0.57721780 0.80301223 -0.14829356
vn -0.57981965 0.80119157 -0.14799067
vn -0.57541449 0.80426691 -0.14850221
vn -0.58032900 0.80083371 -0.14793112
vn -0.77739347 0.57486481 -0.25532302
vn -0.77739347 0.57486481 -0.25532302
vn -0.77739347 0.57486481 -0.25532302
vn -0.55392703 0.82595370 -0.10471547
vn -0.55392703 0.82595370 -0.10471547
vn -0.55392703 0.82595370 -0.10471547
vn -0.57913998 0.80953354 -0.09618904
vn -0.57913998 0.80953354 -0.09618904
vn -0.57913998 0.80953354 -0.09618904
vn -0.79175734 0.55525171 -0.25458958
vn -0.79175734 0.55525171 -0.25458958
vn -0.79175734 0.55525171 -0.25458958
vn -0.55185793 0.83075107 -0.07283873
vn -0.55185793 0.83075107 -0.07283873
vn -0.55185793 0.83075107 -0.07283873
vn -0.59833103 0.79977337 -0.04860581
vn -0.59833103 0.79977337 -0.04860581
vn -0.59833103 0.79977337 -0.04860581
vn -0.84395479 0.50479003 -0.18145891
vn -0.84395479 0.50479003 -0.18145891
vn -0.84395479 0.50479003 -0.18145891
vn -0.73638191 0.60281529 -0.30717325
vn -0.73638191 0.60281529 -0.30717325
vn -0.73638191 0.60281529 -0.30717325
vn -0.56481052 0.77707519 -0.27774669
vn -0.39752446 0.89692154 -0.19366478
vn -0.39752446 0.89692154 -0.19366478
vn -0.39752446 0.89692154 -0.19366478
vn -0.54486288 0.75743911 -0.35973662
vn -0.54486288 0.75743911 -0.35973662
vn -0.54486288 0.75743911 -0.35973662
vn -0.89488217 0.44625265 -0.00666852
vn -0.89488217 0.44625265 -0.00666852
vn -0.89488217 0.44625265 -0.00666852
vn -0.53436428 0.75310315 -0.38378439
vn -0.53436428 0.75310315 -0.38378439
vn -0.53436428 0.75310315 -0.38378439
vn -0.54026797 0.84130076 -0.01798751
vn -0.54026797 0.84130076 -0.01798751
vn -0.54026797 0.84130076 -0.01798751
vn -0.26780742 0.96336847 -0.01415520
vn -0.26780742 0.96336847 -0.01415520
vn -0.26780742 0.96336847 -0.01415520
vn -0.80019110 0.57040830 -0.18527972
vn -0.80019110 0.57040830 -0.18527972
vn -0.80019110 0.57040830 -0.18527972
vn -0.87895204 0.46842030 -0.08958648
vn -0.87895204 0.46842030 -0.08958648
vn -0.87895204 0.46842030 -0.08958648
vn -0.79412679 0.59563451 -0.12075668
vn -0.79412679 0.59563451 -0.12075668
vn -0.79412679 0.59563451 -0.12075668
vn -0.67118223 0.57502577 -0.46782451
vn -0.67118223 0.57502577 -0.46782451
vn -0.67118223 0.57502577 -0.46782451
vn -0.84245304 0.53469983 -0.06609814
vn -0.84245304 0.53469983 -0.06609814
vn -0.84245304 0.53469983 -0.06609814
vn -0.67594356 0.63078222 -0.38106967
vn -0.67594356 0.63078222 -0.38106967
vn -0.67594356 0.63078222 -0.38106967
vn 0.10516736 0.83634934 -0.53801451
vn 0.10516736 0.83634934 -0.53801451
vn 0.10516736 0.83634934 -0.53801451
vn 0.27372829 0.51764904 -0.81062463
vn 0.27372829 0.51764904 -0.81062463
vn 0.27372829 0.51764904 -0.81062463
vn -0.32755115 0.89134027 -0.31340510
vn -0.32755115 0.89134027 -0.31340510
vn -0.32755115 0.89134027 -0.31340510
vn -0.32404505 0.83107810 -0.45199999
vn -0.32404505 0.83107810 -0.45199999
vn -0.32404505 0.83107810 -0.45199999
vn -0.50503466 0.50302649 -0.70135892
vn -0.50503466 0.50302649 -0.70135892
vn -0.50503466 0.50302649 -0.70135892
vn -0.51954305 0.48990667 -0.70004747
vn -0.51954305 0.48990667 -0.70004747
vn -0.51954305 0.48990667 -0.70004747
vn -0.10781131 0.87301983 -0.47561864
vn -0.10781131 0.87301983 -0.47561864
vn -0.10781131 0.87301983 -0.47561864
vn -0.12293753 0.85620431 -0.50179731
vn -0.12293753 0.85620431 -0.50179731
vn -0.12293753 0.85620431 -0.50179731
vn -0.34051962 0.42224595 -0.84009211
vn -0.34051962 0.42224595 -0.84009211
vn -0.34051962 0.42224595 -0.84009211
vn -0.11567726 0.84684429 -0.51910839
vn -0.11567726 0.84684429 -0.51910839
vn -0.11567726 0.84684429 -0.51910839
vn -0.34778891 0.45114111 -0.82189693
vn -0.34778891 0.45114111 -0.82189693
vn -0.34778891 0.45114111 -0.82189693
vn 0.60931553 0.77318025 0.17586042
vn 0.60931553 0.77318025 0.17586042
vn 0.60931553 0.77318025 0.17586042
vn 0.59875726 0.75661981 0.26270936
vn 0.59875726 0.75661981 0.26270936
vn 0.59875726 0.75661981 0.26270936
vn 0.30828980 0.94923957 0.06246312
vn 0.30828980 0.94923957 0.06246312
vn 0.30828980 0.94923957 0.06246312
vn 0.90647725 0.41540890 -0.07572608
vn 0.90647725 0.41540890 -0.07572608
vn 0.90647725 0.41540890 -0.07572608
vn 0.35876166 0.92987397 0.08139083
vn 0.35876166 0.92987397 0.08139083
vn 0.35876166 0.92987397 0.08139083
vn 0.86384396 0.46903266 0.18379872
vn 0.86384396 0.46903266 0.18379872
vn 0.86384396 0.46903266 0.18379872
vn 0.96311515 0.21405478 0.16306367
vn 0.96311515 0.21405478 0.16306367
vn 0.96311515 0.21405478 0.16306367
vn 0.63588993 0.76579837 0.09590024
vn 0.63588993 0.76579837 0.09590024
vn 0.63588993 0.76579837 0.09590024
vn 0.92352623 0.37685867 0.07125204
vn 0.92352623 0.37685867 0.07125204
vn 0.92352623 0.37685867 0.07125204
vn 0.90808876 0.41187536 0.07571984
vn 0.90808876 0.41187536 0.07571984
vn 0.90808876 0.41187536 0.07571984
vn 0.67942457 0.71428736 0.16785656
vn 0.67942457 0.71428736 0.16785656
vn 0.67942457 0.71428736 0.16785656
vn 0.69965333 0.71303512 0.04545463
vn 0.69965333 0.71303512 0.04545463
vn 0.69965333 0.71303512 0.04545463
vn 0.35407579 0.93441368 0.03874801
vn 0.35407579 0.93441368 0.03874801
vn 0.35407579 0.93441368 0.03874801
vn 0.68790499 0.68794536 0.23133939
vn 0.68790499 0.68794536 0.23133939
vn 0.68790499 0.68794536 0.23133939
vn 0.38568487 0.92039646 0.06416797
vn 0.38568487 0.92039646 0.06416797
vn 0.38568487 0.92039646 0.06416797
vn 0.80260686 0.48424811 0.34831881
vn 0.80260686 0.48424811 0.34831881
vn 0.80260686 0.48424811 0.34831881
vn 0.36080980 0.92773485 0.09552141
vn 0.36080980 0.92773485 0.09552141
vn 0.36080980 0.92773485 0.09552141
vn 0.92087756 0.30768967 0.23939839
vn 0.92087756 0.30768967 0.23939839
vn 0.92087756 0.30768967 0.23939839
vn 0.85940001 0.41690542 0.29600929
vn 0.85940001 0.41690542 0.29600929
vn 0.85940001 0.41690542 0.29600929
vn 0.82035613 0.42648769 0.38095153
vn 0.82035613 0.42648769 0.38095153
vn 0.82035613 0.42648769 0.38095153
vn 0.92617584 0.27293897 0.26019730
vn 0.92617584 0.27293897 0.26019730
vn 0.92617584 0.27293897 0.26019730
vn 0.87669220 0.35804097 0.32127474
vn 0.87669220 0.35804097 0.32127474
vn 0.87669220 0.35804097 0.32127474
vn 0.71366867 0.68112038 0.16356056
vn 0.71366867 0.68112038 0.16356056
vn 0.71366867 0.68112038 0.16356056
vn 0.41893431 0.90533680 0.06970886
vn 0.41893431 0.90533680 0.06970886
vn 0.41893431 0.90533680 0.06970886
vn 0.68206664 0.71197741 -0.16695290
vn 0.68206664 0.71197741 -0.16695290
vn 0.68206664 0.71197741 -0.16695290
vn 0.74481919 0.66312028 -0.07426882
vn 0.74481919 0.66312028 -0.07426882
vn 0.74481919 0.66312028 -0.07426882
vn 0.76709984 0.64055686 -0.03528079
vn 0.76709984 0.64055686 -0.03528079
vn 0.76709984 0.64055686 -0.03528079
vn 0.45756920 0.88916406 -0.00420774
vn 0.45756920 0.88916406 -0.00420774
vn 0.45756920 0.88916406 -0.00420774
vn 0.36665211 0.92467819 -0.10264731
vn 0.36665211 0.92467819 -0.10264731
vn 0.36665211 0.92467819 -0.10264731
vn 0.96100520 0.25598073 -0.10460820
vn 0.96100520 0.25598073 -0.10460820
vn 0.96100520 0.25598073 -0.10460820
vn 0.92701106 0.36973872 -0.06279945
vn 0.92701106 0.36973872 -0.06279945
vn 0.92701106 0.36973872 -0.06279945
vn 0.87664566 0.33318371 -0.34710373
vn 0.87664566 0.33318371 -0.34710373
vn 0.87664566 0.33318371 -0.34710373
vn 0.88080951 0.29771999 -0.36815407
vn 0.88080951 0.29771999 -0.36815407
vn 0.88080951 0.29771999 -0.36815407
vn 0.93498784 0.21095131 -0.28512679
vn 0.93498784 0.21095131 -0.28512679
vn 0.93498784 0.21095131 -0.28512679
vn 0.37134155 0.92171855 -0.11198377
vn 0.37134155 0.92171855 -0.11198377
vn 0.37134155 0.92171855 -0.11198377
vn 0.40413689 0.90829933 -0.10800787
vn 0.40413689 0.90829933 -0.10800787
vn 0.40413689 0.90829933 -0.10800787
vn 0.92731375 0.28360236 -0.24425173
vn 0.92731375 0.28360236 -0.24425173
vn 0.92731375 0.28360236 -0.24425173
vn 0.82514625 0.51279567 -0.23701112
vn 0.82514625 0.51279567 -0.23701112
vn 0.82514625 0.51279567 -0.23701112
vn 0.48444930 0.87090704 -0.08264260
vn 0.48444930 0.87090704 -0.08264260
vn 0.48444930 0.87090704 -0.08264260
vn 0.85498292 0.50299787 -0.12648066
vn 0.85498292 0.50299787 -0.12648066
vn 0.85498292 0.50299787 -0.12648066
vn 0.92747953 0.32734676 -0.18062619
vn 0.92747953 0.32734676 -0.18062619
vn 0.92747953 0.32734676 -0.18062619
vn 0.81974638 0.57175351 -0.03337357
vn 0.81974638 0.57175351 -0.03337357
vn 0.81974638 0.57175351 -0.03337357
vn 0.78518997 0.60419249 -0.13575031
vn 0.78518997 0.60419249 -0.13575031
vn 0.78518997 0.60419249 -0.13575031
vn 0.84049616 0.34821611 -0.41510449
vn 0.84049616 0.34821611 -0.41510449
vn 0.84049616 0.34821611 -0.41510449
vn 0.41083379 0.91058399 -0.04530331
vn 0.41083379 0.91058399 -0.04530331
vn 0.41083379 0.91058399 -0.04530331
vn 0.63045837 0.72405926 -0.27975066
vn 0.63045837 0.72405926 -0.27975066
vn 0.63045837 0.72405926 -0.27975066
vn 0.72751963 0.62432587 -0.28448618
vn 0.72751963 0.62432587 -0.28448618
vn 0.72751963 0.62432587 -0.28448618
vn 0.64558919 0.73290829 -0.21461603
vn 0.64558919 0.73290829 -0.21461603
vn 0.64558919 0.73290829 -0.21461603
vn 0.39964613 0.91316713 -0.08005477
vn 0.39964613 0.91316713 -0.08005477
vn 0.39964613 0.91316713 -0.08005477
vn 0.84929871 0.45121212 -0.27404255
vn 0.84929871 0.45121212 -0.27404255
vn 0.84929871 0.45121212 -0.27404255
vn 0.05833368 0.99705558 0.04977291
vn 0.05835000 0.99705432 0.04977921
vn 0.05828564 0.99705932 0.04975437
vn 0.04686533 0.99423899 0.09639747
vn 0.04686533 0.99423899 0.09639747
vn 0.04686533 0.99423899 0.09639747
vn 0.03211029 0.99924180 0.02201716
vn 0.03211029 0.99924180 0.02201716
vn 0.03211029 0.99924180 0.02201716
vn -0.03328894 0.99800339 0.05367578
vn -0.03328894 0.99800339 0.05367578
vn -0.03328894 0.99800339 0.05367578
vn 0.05827210 0.99706037 0.04974914
vn -0.08208009 0.98856433 0.12650468
vn -0.08332381 0.98828404 0.12787414
vn -0.08102685 0.98879893 0.12534485
vn -0.08395313 0.98814087 0.12856704
vn -0.09999270 0.99481496 0.01856515
vn -0.09999270 0.99481496 0.01856515
vn -0.09999270 0.99481496 0.01856515
vn -0.08273205 0.99657121 0.00110721
vn -0.08273205 0.99657121 0.00110721
vn -0.08273205 0.99657121 0.00110721
vn -0.11137061 0.99331287 0.03043245
vn -0.11137061 0.99331287 0.03043245
vn -0.11137061 0.99331287 0.03043245
vn -0.08635843 0.99620680 0.01068810
vn -0.08635843 0.99620680 0.01068810
vn -0.08635843 0.99620680 0.01068810
vn -0.02718368 0.99958090 -0.00995302
vn -0.02718368 0.99958090 -0.00995302
vn -0.02718368 0.99958090 -0.00995302
vn -0.02877320 0.99958222 -0.00273467
vn -0.02877398 0.99958594 -0.00000345
vn -0.02877320 0.99958222 -0.00273467
vn -0.01320246 0.99990895 0.00279010
vn -0.01320246 0.99990895 0.00279010
vn -0.01320246 0.99990895 0.00279010
vn -0.01768616 0.99983955 0.00284256
vn -0.01768616 0.99983955 0.00284256
vn -0.01768616 0.99983955 0.00284256
vn -0.05635321 0.99835661 0.01041092
vn -0.05635321 0.99835661 0.01041092
vn -0.05635321 0.99835661 0.01041092
vn -0.01986256 0.99978818 0.00539149
vn -0.01986256 0.99978818 0.00539149
vn -0.01986256 0.99978818 0.00539149
vn 0.04293186 0.99871779 0.02682594
vn 0.04293186 0.99871779 0.02682594
vn 0.04293186 0.99871779 0.02682594
vn -0.10669854 0.99252261 0.05928153
vn -0.10669854 0.99252261 0.05928153
vn -0.10669854 0.99252261 0.05928153
vn -0.04354648 0.99896701 0.01298562
vn -0.04354648 0.99896701 0.01298562
vn -0.04354648 0.99896701 0.01298562
vn -0.01844564 0.99948162 0.02638666
vn -0.01825668 0.99947910 0.02661238
vn -0.01849287 0.99948223 0.02633025
vn -0.00684334 0.99735435 0.07237032
vn -0.00684334 0.99735435 0.07237032
vn -0.00684334 0.99735435 0.07237032
vn -0.03250045 0.99330694 0.11083789
vn -0.03250045 0.99330694 0.11083789
vn -0.03250045 0.99330694 0.11083789
vn -0.09330460 0.99300753 0.07232084
vn -0.09332614 0.99300353 0.07234798
vn -0.09307195 0.99305067 0.07202764
vn -0.09343646 0.99298301 0.07248701
vn 0.04912007 0.99879168 0.00154942
vn 0.04912007 0.99879168 0.00154942
vn 0.04912007 0.99879168 0.00154942
vn -0.00978309 0.99639032 0.08432452
vn -0.00978309 0.99639032 0.08432452
vn -0.00978309 0.99639032 0.08432452
vn 0.04113068 0.99796894 0.04864428
vn 0.04113068 0.99796894 0.04864428
vn 0.04113068 0.99796894 0.04864428
vn -0.01856837 0.99948320 0.02624006
vn -0.09955072 0.99087754 0.09083697
vn -0.09955072 0.99087754 0.09083697
vn -0.09955072 0.99087754 0.09083697
vn -0.70890880 0.70477229 0.02728235
vn -0.70890880 0.70477229 0.02728235
vn -0.70890880 0.70477229 0.02728235
vn -0.83648109 0.53633148 0.11246296
vn -0.83648109 0.53633148 0.11246296
vn -0.83648109 0.53633148 0.11246296
vn -0.68874996 0.72132855 0.07286029
vn -0.68874996 0.72132855 0.07286029
vn -0.68874996 0.72132855 0.07286029
vn -0.54990811 0.83131482 0.08072632
vn -0.54990811 0.83131482 0.08072632
vn -0.54990811 0.83131482 0.08072632
vn -0.77905344 0.60226879 0.17420689
vn -0.77905344 0.60226879 0.17420689
vn -0.77905344 0.60226879 0.17420689
vn -0.75989959 0.60773371 0.23067802
vn -0.75989959 0.60773371 0.23067802
vn -0.75989959 0.60773371 0.23067802
vn -0.52392737 0.83252628 0.18000029
vn -0.52392737 0.83252628 0.18000029
vn -0.52392737 0.83252628 0.18000029
vn -0.77041994 0.56205145 0.30091740
vn -0.77041994 0.56205145 0.30091740
vn -0.77041994 0.56205145 0.30091740
vn -0.73256734 0.57705665 0.36104115
vn -0.73256734 0.57705665 0.36104115
vn -0.73256734 0.57705665 0.36104115
vn -0.68596094 0.61378395 0.39080283
vn -0.68596094 0.61378395 0.39080283
vn -0.68596094 0.61378395 0.39080283
vn -0.63453467 0.64545691 0.42514837
vn -0.63453467 0.64545691 0.42514837
vn -0.63453467 0.64545691 0.42514837
vn -0.54403325 0.82890210 0.13018881
vn -0.54403325 0.82890210 0.13018881
vn -0.54403325 0.82890210 0.13018881
vn -0.83919321 0.49947422 0.21512848
vn -0.83919321 0.49947422 0.21512848
vn -0.83919321 0.49947422 0.21512848
vn -0.19816332 0.96116596 0.19207105
vn -0.19816332 0.96116596 0.19207105
vn -0.19816332 0.96116596 0.19207105
vn -0.78804627 0.53747911 0.30016543
vn -0.78804627 0.53747911 0.30016543
vn -0.78804627 0.53747911 0.30016543
vn -0.51634421 0.82594915 0.22626680
vn -0.51634421 0.82594915 0.22626680
vn -0.51634421 0.82594915 0.22626680
vn -0.74715555 0.55785466 0.36132639
vn -0.74715555 0.55785466 0.36132639
vn -0.74715555 0.55785466 0.36132639
vn -0.29726936 0.91219976 0.28199738
vn -0.29726936 0.91219976 0.28199738
vn -0.29726936 0.91219976 0.28199738
vn -0.38132446 0.89004681 0.24981659
vn -0.38132446 0.89004681 0.24981659
vn -0.38132446 0.89004681 0.24981659
vn -0.70455762 0.57234457 0.41954768
vn -0.70455762 0.57234457 0.41954768
vn -0.70455762 0.57234457 0.41954768
vn -0.52030220 0.84365688 0.13239593
vn -0.52030220 0.84365688 0.13239593
vn -0.52030220 0.84365688 0.13239593
vn -0.51578597 0.83757891 0.18007332
vn -0.51578597 0.83757891 0.18007332
vn -0.51578597 0.83757891 0.18007332
vn -0.47541875 0.85084035 0.22371344
vn -0.47541875 0.85084035 0.22371344
vn -0.47541875 0.85084035 0.22371344
vn -0.48889996 0.83599996 0.24916040
vn -0.48889996 0.83599996 0.24916040
vn -0.48889996 0.83599996 0.24916040
vn 0.45726300 0.65788020 -0.59841808
vn 0.45726300 0.65788020 -0.59841808
vn 0.45726300 0.65788020 -0.59841808
vn 0.55070478 0.31432036 -0.77325737
vn 0.55070478 0.31432036 -0.77325737
vn 0.55070478 0.31432036 -0.77325737
vn 0.39205981 0.66891228 -0.63154213
vn 0.39205981 0.66891228 -0.63154213
vn 0.39205981 0.66891228 -0.63154213
vn 0.25615900 0.83661613 -0.48420659
vn 0.25615900 0.83661613 -0.48420659
vn 0.25615900 0.83661613 -0.48420659
vn 0.19893217 0.93874408 -0.28139927
vn 0.19893217 0.93874408 -0.28139927
vn 0.19893217 0.93874408 -0.28139927
vn 0.41645552 0.70301587 -0.57648373
vn 0.41645552 0.70301587 -0.57648373
vn 0.41645552 0.70301587 -0.57648373
vn 0.24008196 0.90105432 -0.36119491
vn 0.24008196 0.90105432 -0.36119491
vn 0.24008196 0.90105432 -0.36119491
vn 0.53587062 0.31270650 -0.78425591
vn 0.53587062 0.31270650 -0.78425591
vn 0.53587062 0.31270650 -0.78425591
vn 0.42637207 0.63718249 -0.64203219
vn 0.42637207 0.63718249 -0.64203219
vn 0.42637207 0.63718249 -0.64203219
vn 0.45865618 0.48394274 -0.74527440
vn 0.45865618 0.48394274 -0.74527440
vn 0.45865618 0.48394274 -0.74527440
vn 0.12642860 0.90599233 -0.40397241
vn 0.12642860 0.90599233 -0.40397241
vn 0.12642860 0.90599233 -0.40397241
vn 0.20275470 0.90616230 -0.37116090
vn 0.20275470 0.90616230 -0.37116090
vn 0.20275470 0.90616230 -0.37116090
vn 0.56214457 0.35157889 -0.74858919
vn 0.56214457 0.35157889 -0.74858919
vn 0.56214457 0.35157889 -0.74858919
vn 0.55761866 0.29702914 -0.77513555
vn 0.55761866 0.29702914 -0.77513555
vn 0.55761866 0.29702914 -0.77513555
vn 0.84867288 0.51393147 0.12501513
vn 0.84867288 0.51393147 0.12501513
vn 0.84867288 0.51393147 0.12501513
vn 0.85805472 0.48501261 0.16883382
vn 0.85805472 0.48501261 0.16883382
vn 0.85805472 0.48501261 0.16883382
vn 0.82770032 0.23529131 -0.50946067
vn 0.82770032 0.23529131 -0.50946067
vn 0.82770032 0.23529131 -0.50946067
vn 0.81234954 0.15435830 -0.56237153
vn 0.81234954 0.15435830 -0.56237153
vn 0.81234954 0.15435830 -0.56237153
vn 0.66127068 0.61653492 -0.42732397
vn 0.66127068 0.61653492 -0.42732397
vn 0.66127068 0.61653492 -0.42732397
vn 0.35222327 0.92226102 -0.15929021
vn 0.35222327 0.92226102 -0.15929021
vn 0.35222327 0.92226102 -0.15929021
vn 0.43237718 0.88656683 -0.16446651
vn 0.43237718 0.88656683 -0.16446651
vn 0.43237718 0.88656683 -0.16446651
vn 0.61002295 0.75079833 -0.25332561
vn 0.61002295 0.75079833 -0.25332561
vn 0.61002295 0.75079833 -0.25332561
vn 0.87065527 0.46057259 -0.17272025
vn 0.87065527 0.46057259 -0.17272025
vn 0.87065527 0.46057259 -0.17272025
vn 0.91416995 0.21593017 -0.34302692
vn 0.91416995 0.21593017 -0.34302692
vn 0.91416995 0.21593017 -0.34302692
vn 0.50086514 0.86514539 0.02564310
vn 0.50086514 0.86514539 0.02564310
vn 0.50086514 0.86514539 0.02564310
vn 0.90743912 0.41709487 -0.05085385
vn 0.90743912 0.41709487 -0.05085385
vn 0.90743912 0.41709487 -0.05085385
vn -0.02887461 0.99928108 -0.02456788
vn -0.02887461 0.99928108 -0.02456788
vn -0.02887461 0.99928108 -0.02456788
vn -0.05026545 0.99863528 -0.01417585
vn -0.05167194 0.99856690 -0.01393383
vn -0.05226776 0.99853732 -0.01383129
vn -0.01020583 0.99985832 -0.01338572
vn -0.01020583 0.99985832 -0.01338572
vn -0.01020583 0.99985832 -0.01338572
vn -0.02877455 0.99958220 0.00272789
vn -0.02877455 0.99958220 0.00272789
vn -0.01645119 0.99815255 0.05848798
vn -0.01645119 0.99815255 0.05848798
vn -0.01645119 0.99815255 0.05848798
vn 0.00023741 0.99994032 -0.01092274
vn 0.00023741 0.99994032 -0.01092274
vn 0.00023741 0.99994032 -0.01092274
vn 0.02377486 0.99966009 -0.01069832
vn 0.02377486 0.99966009 -0.01069832
vn 0.02377486 0.99966009 -0.01069832
vn -0.04662790 0.99431616 -0.09571418
vn -0.04662790 0.99431616 -0.09571418
vn -0.04662790 0.99431616 -0.09571418
vn -0.07970629 0.98511381 -0.15230785
vn -0.07970629 0.98511381 -0.15230785
vn -0.07970629 0.98511381 -0.15230785
vn 0.02719519 0.99675099 -0.07581478
vn 0.02719519 0.99675099 -0.07581478
vn 0.02719519 0.99675099 -0.07581478
vn 0.03283651 0.99800574 -0.05391025
vn 0.03211466 0.99800486 -0.05435946
vn 0.03243112 0.99800533 -0.05416253
vn -0.03314398 0.99808392 -0.05224911
vn -0.03314398 0.99808392 -0.05224911
vn -0.03314398 0.99808392 -0.05224911
vn -0.09978518 0.99317710 -0.06035037
vn -0.09732406 0.99333837 -0.06170020
vn -0.09989710 0.99316958 -0.06028896
vn -0.10387032 0.99289196 -0.05810780
vn -0.09961508 0.98416102 -0.14664215
vn -0.09961508 0.98416102 -0.14664215
vn -0.09961508 0.98416102 -0.14664215
vn -0.10885442 0.99277683 -0.05044683
vn -0.10801933 0.99273557 -0.05298977
vn -0.10865340 0.99276754 -0.05105920
vn 0.06420631 0.99684950 -0.04656857
vn 0.06420631 0.99684950 -0.04656857
vn 0.06420631 0.99684950 -0.04656857
vn -0.02438955 0.99790328 -0.05995159
vn -0.02438955 0.99790328 -0.05995159
vn -0.02438955 0.99790328 -0.05995159
vn -0.04863181 0.98886901 -0.14061659
vn -0.04863181 0.98886901 -0.14061659
vn -0.04863181 0.98886901 -0.14061659
vn -0.10941703 0.99280064 -0.04873204
vn 0.03144124 0.99800339 -0.05477849
vn -0.19118355 0.98111702 -0.02929573
vn -0.19118355 0.98111702 -0.02929573
vn -0.19118355 0.98111702 -0.02929573
vn -0.10557513 0.99390070 -0.03186356
vn -0.10557513 0.99390070 -0.03186356
vn -0.10557513 0.99390070 -0.03186356
vn -0.10431373 0.98548610 -0.13392458
vn -0.10431373 0.98548610 -0.13392458
vn -0.10431373 0.98548610 -0.13392458
vn -0.01293818 0.99415211 -0.10721094
vn -0.01293818 0.99415211 -0.10721094
vn -0.01293818 0.99415211 -0.10721094
vn 0.04517579 0.99848545 -0.03139989
vn 0.04517579 0.99848545 -0.03139989
vn 0.04517579 0.99848545 -0.03139989
vn -0.03360258 0.99346622 -0.10906757
vn -0.03360258 0.99346622 -0.10906757
vn -0.03360258 0.99346622 -0.10906757
vn -0.08938994 0.99009962 -0.10822284
vn -0.08938994 0.99009962 -0.10822284
vn -0.08938994 0.99009962 -0.10822284
vn -0.08229527 0.99650288 -0.01447387
vn -0.08229527 0.99650288 -0.01447387
vn -0.08229527 0.99650288 -0.01447387
vn -0.10410924 0.98943401 -0.10090392
vn -0.10410924 0.98943401 -0.10090392
vn -0.10410924 0.98943401 -0.10090392
vn -0.05364496 0.99846753 -0.01359424
vn 0.90933259 0.30475828 0.28326071
vn 0.90933259 0.30475828 0.28326071
vn 0.90933259 0.30475828 0.28326071
vn 0.70691663 0.55494162 0.43853013
vn 0.70691663 0.55494162 0.43853013
vn 0.70691663 0.55494162 0.43853013
vn 0.72622215 0.32357253 0.60654942
vn 0.72622215 0.32357253 0.60654942
vn 0.72622215 0.32357253 0.60654942
vn 0.14528922 0.98903156 0.02660089
vn 0.14528922 0.98903156 0.02660089
vn 0.14528922 0.98903156 0.02660089
vn 0.52242975 0.83406852 -0.17719160
vn 0.52242975 0.83406852 -0.17719160
vn 0.52242975 0.83406852 -0.17719160
vn 0.82696670 0.42256293 -0.37089978
vn 0.82696670 0.42256293 -0.37089978
vn 0.82696670 0.42256293 -0.37089978
vn 0.49162031 0.86403773 0.10838943
vn 0.49162031 0.86403773 0.10838943
vn 0.49162031 0.86403773 0.10838943
vn 0.62487384 0.78062875 0.01230648
vn 0.62487384 0.78062875 0.01230648
vn 0.62487384 0.78062875 0.01230648
vn 0.93599391 0.31589791 -0.15531871
vn 0.93599391 0.31589791 -0.15531871
vn 0.93599391 0.31589791 -0.15531871
vn 0.92883439 0.36923548 -0.03052603
vn 0.92883439 0.36923548 -0.03052603
vn 0.92883439 0.36923548 -0.03052603
vn 0.54997331 0.79524237 0.25518411
vn 0.54997331 0.79524237 0.25518411
vn 0.54997331 0.79524237 0.25518411
vn 0.95905993 0.27928782 0.04692938
vn 0.95905993 0.27928782 0.04692938
vn 0.95905993 0.27928782 0.04692938
vn 0.71313751 0.57646487 0.39890242
vn 0.71313751 0.57646487 0.39890242
vn 0.71313751 0.57646487 0.39890242
vn 0.46835591 0.58155972 0.66515489
vn 0.46835591 0.58155972 0.66515489
vn 0.46835591 0.58155972 0.66515489
vn 0.43279255 0.67561599 0.59685311
vn 0.43279255 0.67561599 0.59685311
vn 0.43279255 0.67561599 0.59685311
vn 0.56123087 0.35927088 0.74561676
vn 0.56123087 0.35927088 0.74561676
vn 0.56123087 0.35927088 0.74561676
vn 0.57049861 0.22765370 0.78911668
vn 0.57049861 0.22765370 0.78911668
vn 0.57049861 0.22765370 0.78911668
vn 0.37597850 0.64224799 0.66795037
vn 0.37597850 0.64224799 0.66795037
vn 0.37597850 0.64224799 0.66795037
vn 0.25481426 0.81631152 0.51836781
vn 0.25481426 0.81631152 0.51836781
vn 0.25481426 0.81631152 0.51836781
vn 0.56407634 0.22960899 0.79315673
vn 0.56407634 0.22960899 0.79315673
vn 0.56407634 0.22960899 0.79315673
vn 0.44805901 0.54383746 0.70956602
vn 0.44805901 0.54383746 0.70956602
vn 0.44805901 0.54383746 0.70956602
vn 0.20743038 0.87843709 0.43048916
vn 0.20743038 0.87843709 0.43048916
vn 0.20743038 0.87843709 0.43048916
vn 0.24849894 0.89079210 0.38044409
vn 0.24849894 0.89079210 0.38044409
vn 0.24849894 0.89079210 0.38044409
vn 0.18226104 0.94859641 0.25873880
vn 0.18226104 0.94859641 0.25873880
vn 0.18226104 0.94859641 0.25873880
vn -0.60815495 0.43066480 0.66683985
vn -0.60815495 0.43066480 0.66683985
vn -0.60815495 0.43066480 0.66683985
vn -0.03858761 0.92899688 0.36807035
vn -0.03858761 0.92899688 0.36807035
vn -0.03858761 0.92899688 0.36807035
vn 0.26966919 0.41536721 0.86876269
vn 0.26966919 0.41536721 0.86876269
vn 0.26966919 0.41536721 0.86876269
vn 0.18349438 0.38017293 0.90653095
vn 0.18349438 0.38017293 0.90653095
vn 0.18349438 0.38017293 0.90653095
vn -0.14854050 0.72296678 0.67472569
vn -0.14854050 0.72296678 0.67472569
vn -0.14854050 0.72296678 0.67472569
vn -0.10676972 0.61784455 0.77901754
vn -0.10676972 0.61784455 0.77901754
vn -0.10676972 0.61784455 0.77901754
vn -0.31108202 0.68892402 0.65468441
vn -0.31108202 0.68892402 0.65468441
vn -0.31108202 0.68892402 0.65468441
vn -0.48611704 0.46210669 0.74171937
vn -0.48611704 0.46210669 0.74171937
vn -0.48611704 0.46210669 0.74171937
vn -0.05930963 0.77968348 0.62335867
vn -0.05930963 0.77968348 0.62335867
vn -0.05930963 0.77968348 0.62335867
vn -0.00007681 0.80601420 0.59189619
vn -0.00007681 0.80601420 0.59189619
vn -0.00007681 0.80601420 0.59189619
vn -0.32171822 0.57455289 0.75258645
vn -0.32171822 0.57455289 0.75258645
vn -0.32171822 0.57455289 0.75258645
vn 0.20096430 0.92145875 0.33245620
vn 0.20096430 0.92145875 0.33245620
vn 0.20096430 0.92145875 0.33245620
vn 0.10389707 0.90681106 0.40853287
vn 0.10389707 0.90681106 0.40853287
vn 0.10389707 0.90681106 0.40853287
vn -0.06112696 0.79864036 0.59869614
vn -0.06112696 0.79864036 0.59869614
vn -0.06112696 0.79864036 0.59869614
vn -0.03946302 0.88586213 0.46226720
vn -0.03946302 0.88586213 0.46226720
vn -0.03946302 0.88586213 0.46226720
vn 0.25534508 0.90864962 0.33038577
vn 0.25534508 0.90864962 0.33038577
vn 0.25534508 0.90864962 0.33038577
vn -0.21502555 0.71244494 0.66797172
vn -0.21502555 0.71244494 0.66797172
vn -0.21502555 0.71244494 0.66797172
vn 0.23290119 0.89819685 0.37282631
vn 0.23290119 0.89819685 0.37282631
vn 0.23290119 0.89819685 0.37282631
vn -0.28504856 0.49606206 0.82016447
vn -0.28504856 0.49606206 0.82016447
vn -0.28504856 0.49606206 0.82016447
vn 0.32361399 0.88233123 0.34170981
vn 0.32361399 0.88233123 0.34170981
vn 0.32361399 0.88233123 0.34170981
vn -0.38947473 0.49118512 0.77913196
vn -0.38947473 0.49118512 0.77913196
vn -0.38947473 0.49118512 0.77913196
vn -0.23352965 0.56876265 0.78865262
vn -0.23352965 0.56876265 0.78865262
vn -0.23352965 0.56876265 0.78865262
vn 0.04616293 0.77304212 0.63267279
vn 0.04616293 0.77304212 0.63267279
vn 0.04616293 0.77304212 0.63267279
vn 0.19630376 0.82008281 0.53752118
vn 0.19630376 0.82008281 0.53752118
vn 0.19630376 0.82008281 0.53752118
vn 0.29422751 0.85947061 0.41801968
vn 0.29422751 0.85947061 0.41801968
vn 0.29422751 0.85947061 0.41801968
vn -0.25207760 0.60355636 0.75642356
vn -0.25207760 0.60355636 0.75642356
vn -0.25207760 0.60355636 0.75642356
vn -0.27270673 0.56581795 0.77812665
vn -0.27270673 0.56581795 0.77812665
vn -0.27270673 0.56581795 0.77812665
vn -0.48258662 0.32140997 0.81474277
vn -0.48258662 0.32140997 0.81474277
vn -0.48258662 0.32140997 0.81474277
vn 0.07288268 0.91450456 0.39795668
vn 0.07288268 0.91450456 0.39795668
vn 0.07288268 0.91450456 0.39795668
vn -0.38165265 0.52119267 0.76334753
vn -0.38165265 0.52119267 0.76334753
vn -0.38165265 0.52119267 0.76334753
vn -0.65923230 0.71486975 0.23318237
vn -0.65923230 0.71486975 0.23318237
vn -0.65923230 0.71486975 0.23318237
vn -0.60417936 0.79620217 -0.03208425
vn -0.60417936 0.79620217 -0.03208425
vn -0.60417936 0.79620217 -0.03208425
vn -0.57401961 0.81883788 0.00245473
vn -0.57401961 0.81883788 0.00245473
vn -0.57401961 0.81883788 0.00245473
vn -0.80532965 0.58064936 -0.11954276
vn -0.80532965 0.58064936 -0.11954276
vn -0.80532965 0.58064936 -0.11954276
vn -0.54122699 0.49375240 0.68064816
vn -0.54122699 0.49375240 0.68064816
vn -0.54122699 0.49375240 0.68064816
vn -0.12056743 0.96698461 0.22450891
vn -0.12056743 0.96698461 0.22450891
vn -0.12056743 0.96698461 0.22450891
vn -0.19357539 0.93314845 0.30292333
vn -0.19357539 0.93314845 0.30292333
vn -0.19357539 0.93314845 0.30292333
vn -0.61511878 0.65668876 0.43633560
vn -0.61511878 0.65668876 0.43633560
vn -0.61511878 0.65668876 0.43633560
vn -0.56259838 0.73793101 0.37274774
vn -0.56259838 0.73793101 0.37274774
vn -0.56259838 0.73793101 0.37274774
vn -0.21712510 0.97579882 0.02594911
vn -0.21712510 0.97579882 0.02594911
vn -0.21712510 0.97579882 0.02594911
vn -0.24841819 0.95007403 -0.18880610
vn -0.24841819 0.95007403 -0.18880610
vn -0.24841819 0.95007403 -0.18880610
vn 0.10496753 0.99320553 -0.05024523
vn 0.10496753 0.99320553 -0.05024523
vn 0.10496753 0.99320553 -0.05024523
vn -0.67725951 0.66128644 -0.32252102
vn -0.67725951 0.66128644 -0.32252102
vn -0.67725951 0.66128644 -0.32252102
vn -0.80147426 0.37149082 -0.46865082
vn -0.80147426 0.37149082 -0.46865082
vn -0.80147426 0.37149082 -0.46865082
vn -0.71422105 0.56260771 -0.41636627
vn -0.71422105 0.56260771 -0.41636627
vn -0.71422105 0.56260771 -0.41636627
vn -0.44524082 0.83511832 -0.32301394
vn -0.44524082 0.83511832 -0.32301394
vn -0.44524082 0.83511832 -0.32301394
vn -0.38545666 0.86881814 -0.31077036
vn -0.38545666 0.86881814 -0.31077036
vn -0.38545666 0.86881814 -0.31077036
vn -0.79786159 0.60118206 -0.04468792
vn -0.79786159 0.60118206 -0.04468792
vn -0.79786159 0.60118206 -0.04468792
vn 0.06913993 0.99331563 -0.09243233
vn 0.06913993 0.99331563 -0.09243233
vn 0.06913993 0.99331563 -0.09243233
vn 0.34872560 0.93721850 -0.00345475
vn 0.34872560 0.93721850 -0.00345475
vn 0.34872560 0.93721850 -0.00345475
vn 0.05091629 0.99391850 -0.09763986
vn 0.05091629 0.99391850 -0.09763986
vn 0.05091629 0.99391850 -0.09763986
vn -0.77439471 0.63066116 -0.05078707
vn -0.77439471 0.63066116 -0.05078707
vn -0.77439471 0.63066116 -0.05078707
vn -0.52034128 0.85372497 -0.01996563
vn -0.52034128 0.85372497 -0.01996563
vn -0.52034128 0.85372497 -0.01996563
vn -0.03644802 0.99885184 -0.03108922
vn -0.03644802 0.99885184 -0.03108922
vn -0.03644802 0.99885184 -0.03108922
vn -0.75217009 0.64307387 -0.14386157
vn -0.75217009 0.64307387 -0.14386157
vn -0.75217009 0.64307387 -0.14386157
vn -0.02372425 0.99780251 -0.06186528
vn -0.02372425 0.99780251 -0.06186528
vn -0.02372425 0.99780251 -0.06186528
vn -0.49350539 0.86801318 -0.05482288
vn -0.49350539 0.86801318 -0.05482288
vn -0.49350539 0.86801318 -0.05482288
vn -0.15416816 0.98527229 -0.07396414
vn -0.15416816 0.98527229 -0.07396414
vn -0.15416816 0.98527229 -0.07396414
vn -0.66051124 0.72017485 -0.21230425
vn -0.66051124 0.72017485 -0.21230425
vn -0.66051124 0.72017485 -0.21230425
vn -0.69152599 0.69228479 -0.20623669
vn -0.69152599 0.69228479 -0.20623669
vn -0.69152599 0.69228479 -0.20623669
vn -0.00998884 0.99829073 -0.05758334
vn -0.00998884 0.99829073 -0.05758334
vn -0.00998884 0.99829073 -0.05758334
vn -0.67178398 0.66679293 -0.32263519
vn -0.67178398 0.66679293 -0.32263519
vn -0.67178398 0.66679293 -0.32263519
vn -0.41591825 0.88408876 -0.21307057
vn -0.41591825 0.88408876 -0.21307057
vn -0.41591825 0.88408876 -0.21307057
vn -0.29144937 0.95179041 0.09566756
vn -0.29144937 0.95179041 0.09566756
vn -0.29144937 0.95179041 0.09566756
vn 0.13731800 0.99016471 0.02678820
vn 0.13731800 0.99016471 0.02678820
vn 0.13731800 0.99016471 0.02678820
vn -0.58672928 0.80216104 0.11084410
vn -0.58672928 0.80216104 0.11084410
vn -0.58672928 0.80216104 0.11084410
vn -0.64506716 0.65126750 0.39967363
vn -0.64506716 0.65126750 0.39967363
vn -0.64506716 0.65126750 0.39967363
vn -0.67158218 0.60505784 0.42764750
vn -0.67158218 0.60505784 0.42764750
vn -0.67158218 0.60505784 0.42764750
vn -0.77968524 0.62540557 0.03096449
vn -0.77968524 0.62540557 0.03096449
vn -0.77968524 0.62540557 0.03096449
vn -0.29713956 0.95434302 0.03061828
vn -0.29713956 0.95434302 0.03061828
vn -0.29713956 0.95434302 0.03061828
vn -0.59287076 0.80186809 0.07424171
vn -0.59287076 0.80186809 0.07424171
vn -0.59287076 0.80186809 0.07424171
vn -0.18664544 0.95985112 0.20940224
vn -0.18664544 0.95985112 0.20940224
vn -0.18664544 0.95985112 0.20940224
vn -0.79490494 0.59121742 0.13633816
vn -0.79490494 0.59121742 0.13633816
vn -0.79490494 0.59121742 0.13633816
vn -0.33473537 0.94210868 0.01958222
vn -0.33473537 0.94210868 0.01958222
vn -0.33473537 0.94210868 0.01958222
vn 0.00290193 0.99999579 -0.00006857
vn 0.00290193 0.99999579 -0.00006857
vn 0.00290193 0.99999579 -0.00006857
vn 0.32755908 0.94482960 0.00144298
vn 0.32755908 0.94482960 0.00144298
vn 0.32755908 0.94482960 0.00144298
vn 0.03295829 0.99451944 0.09922117
vn 0.03295829 0.99451944 0.09922117
vn 0.03295829 0.99451944 0.09922117
vn -0.21929446 0.94689189 0.23517160
vn -0.21929446 0.94689189 0.23517160
vn -0.21929446 0.94689189 0.23517160
vn 0.19288557 0.98030257 0.04245021
vn 0.19288557 0.98030257 0.04245021
vn 0.19288557 0.98030257 0.04245021
vn -0.66446394 0.66237945 0.34603632
vn -0.66446394 0.66237945 0.34603632
vn -0.66446394 0.66237945 0.34603632
vn -0.64813577 0.68455246 0.33362846
vn -0.64813577 0.68455246 0.33362846
vn -0.64813577 0.68455246 0.33362846
vn -0.71831796 0.68039246 0.14520817
vn -0.71831796 0.68039246 0.14520817
vn -0.71831796 0.68039246 0.14520817
vn -0.31568892 0.94328928 0.10269291
vn -0.31568892 0.94328928 0.10269291
vn -0.31568892 0.94328928 0.10269291
vn -0.22538061 0.95647956 0.18533870
vn -0.22538061 0.95647956 0.18533870
vn -0.22538061 0.95647956 0.18533870
vn -0.25416481 0.94602001 0.20111289
vn -0.25416481 0.94602001 0.20111289
vn -0.25416481 0.94602001 0.20111289
vn 0.22119059 0.97500595 0.02093125
vn 0.22119059 0.97500595 0.02093125
vn 0.22119059 0.97500595 0.02093125
vn -0.68365018 0.69453464 0.22415189
vn -0.68365018 0.69453464 0.22415189
vn -0.68365018 0.69453464 0.22415189
vn -0.78983269 0.55290567 0.26544235
vn -0.78983269 0.55290567 0.26544235
vn -0.78983269 0.55290567 0.26544235
vn -0.52348633 0.82456042 0.21462102
vn -0.52348633 0.82456042 0.21462102
vn -0.52348633 0.82456042 0.21462102
vn -0.15115048 0.98296808 0.10453368
vn -0.15115048 0.98296808 0.10453368
vn -0.15115048 0.98296808 0.10453368
vn 0.14738064 0.98880294 0.02340280
vn 0.14738064 0.98880294 0.02340280
vn 0.14738064 0.98880294 0.02340280
vn 0.49636804 0.86327588 -0.09150694
vn 0.49636804 0.86327588 -0.09150694
vn 0.49636804 0.86327588 -0.09150694
vn 0.53930948 0.84155561 -0.03048682
vn 0.53900052 0.84179326 -0.02936910
vn 0.53996940 0.84104205 -0.03288330
vn 0.42509725 0.90424990 -0.04030434
vn 0.42509725 0.90424990 -0.04030434
vn 0.42509725 0.90424990 -0.04030434
vn 0.70102414 0.71313702 0.00086832
vn 0.70102414 0.71313702 0.00086832
vn 0.70102414 0.71313702 0.00086832
vn 0.42023969 0.90669489 -0.03609684
vn 0.42023969 0.90669489 -0.03609684
vn 0.42023969 0.90669489 -0.03609684
vn 0.37414463 0.92683794 -0.03142020
vn 0.37414463 0.92683794 -0.03142020
vn 0.37414463 0.92683794 -0.03142020
vn 0.43235985 0.89820482 -0.07932883
vn 0.43235985 0.89820482 -0.07932883
vn 0.43235985 0.89820482 -0.07932883
vn 0.42071222 0.90605417 -0.04546491
vn 0.42071222 0.90605417 -0.04546491
vn 0.42071222 0.90605417 -0.04546491
vn 0.68639025 0.72693499 -0.02083121
vn 0.68639025 0.72693499 -0.02083121
vn 0.68639025 0.72693499 -0.02083121
vn 0.43571525 0.89998798 -0.01318549
vn 0.43571525 0.89998798 -0.01318549
vn 0.43571525 0.89998798 -0.01318549
vn 0.62410969 0.76974441 -0.13409190
vn 0.62410969 0.76974441 -0.13409190
vn 0.62410969 0.76974441 -0.13409190
vn 0.69578774 0.71806289 -0.01628207
vn 0.69578774 0.71806289 -0.01628207
vn 0.69578774 0.71806289 -0.01628207
vn 0.36769154 0.92878370 -0.04651635
vn 0.36769154 0.92878370 -0.04651635
vn 0.36769154 0.92878370 -0.04651635
vn 0.35728437 0.93337527 -0.03403656
vn 0.35765450 0.93326235 -0.03323614
vn 0.35728437 0.93337527 -0.03403656
vn 0.65072707 0.75925728 -0.00909223
vn 0.65072707 0.75925728 -0.00909223
vn 0.65072707 0.75925728 -0.00909223
vn 0.32609030 0.94500885 -0.02496759
vn 0.32609030 0.94500885 -0.02496759
vn 0.32609030 0.94500885 -0.02496759
vn 0.61046357 0.77800536 -0.14846511
vn 0.61046357 0.77800536 -0.14846511
vn 0.61046357 0.77800536 -0.14846511
vn 0.57022027 0.81928945 -0.06011357
vn 0.57022027 0.81928945 -0.06011357
vn 0.57022027 0.81928945 -0.06011357
vn 0.57876810 0.81141977 -0.08139681
vn 0.57876810 0.81141977 -0.08139681
vn 0.57876810 0.81141977 -0.08139681
vn 0.68550521 0.72563905 -0.05941871
vn 0.68550521 0.72563905 -0.05941871
vn 0.68550521 0.72563905 -0.05941871
vn 0.69354102 0.71887287 -0.04714496
vn 0.69354102 0.71887287 -0.04714496
vn 0.69354102 0.71887287 -0.04714496
vn 0.64237573 0.76620583 -0.01679423
vn 0.64237573 0.76620583 -0.01679423
vn 0.64237573 0.76620583 -0.01679423
vn 0.52541751 0.84969107 -0.04428921
vn 0.52541751 0.84969107 -0.04428921
vn 0.52541751 0.84969107 -0.04428921
vn 0.59124890 0.80642705 -0.01000693
vn 0.59181967 0.80600542 -0.01023442
vn 0.59239320 0.80558104 -0.01046313
vn 0.58578994 0.81042502 -0.00783749
vn 0.68471849 0.72706643 -0.05034875
vn 0.68471849 0.72706643 -0.05034875
vn 0.68471849 0.72706643 -0.05034875
vn 0.59985950 0.79985077 -0.02018218
vn 0.59985950 0.79985077 -0.02018218
vn 0.59985950 0.79985077 -0.02018218
vn 0.55896168 0.81789669 -0.13640695
vn 0.55896168 0.81789669 -0.13640695
vn 0.55896168 0.81789669 -0.13640695
vn 0.56067761 0.82803301 -0.00139482
vn 0.56067761 0.82803301 -0.00139482
vn 0.56067761 0.82803301 -0.00139482
vn 0.46777679 0.88305389 -0.03742585
vn 0.46728096 0.88333372 -0.03701407
vn 0.46737653 0.88327983 -0.03709343
vn 0.65435596 0.75431224 -0.05321018
vn 0.65435596 0.75431224 -0.05321018
vn 0.65435596 0.75431224 -0.05321018
vn 0.65285237 0.75555315 -0.05406686
vn 0.65285237 0.75555315 -0.05406686
vn 0.65285237 0.75555315 -0.05406686
vn 0.55927108 0.81248608 -0.16456678
vn 0.55927108 0.81248608 -0.16456678
vn 0.55927108 0.81248608 -0.16456678
vn 0.53308539 0.81840059 -0.21457038
vn 0.53308539 0.81840059 -0.21457038
vn 0.53308539 0.81840059 -0.21457038
vn 0.55221796 0.83367872 -0.00592671
vn 0.55221796 0.83367872 -0.00592671
vn 0.55221796 0.83367872 -0.00592671
vn 0.48454274 0.87475157 -0.00529333
vn 0.48454274 0.87475157 -0.00529333
vn 0.48454274 0.87475157 -0.00529333
vn 0.43909266 0.89792956 -0.03033374
vn 0.43909266 0.89792956 -0.03033374
vn 0.43909266 0.89792956 -0.03033374
vn 0.49028082 0.87041128 -0.04482100
vn 0.49028082 0.87041128 -0.04482100
vn 0.49028082 0.87041128 -0.04482100
vn 0.52772393 0.84924185 -0.01719726
vn 0.52772393 0.84924185 -0.01719726
vn 0.52772393 0.84924185 -0.01719726
vn 0.50801217 0.86129799 -0.00945512
vn 0.50801217 0.86129799 -0.00945512
vn 0.50801217 0.86129799 -0.00945512
vn 0.54504075 0.83118547 -0.10982393
vn 0.54504075 0.83118547 -0.10982393
vn 0.54504075 0.83118547 -0.10982393
vn 0.49647663 0.86802572 -0.00650439
vn 0.49647663 0.86802572 -0.00650439
vn 0.49647663 0.86802572 -0.00650439
vn 0.48963786 0.87192575 0.00050849
vn 0.48963786 0.87192575 0.00050849
vn 0.48963786 0.87192575 0.00050849
vn 0.59086879 0.80582044 -0.03908311
vn 0.59086879 0.80582044 -0.03908311
vn 0.59086879 0.80582044 -0.03908311
vn 0.50498811 0.85699515 -0.10269527
vn 0.50498811 0.85699515 -0.10269527
vn 0.50498811 0.85699515 -0.10269527
vn 0.53793770 0.84259748 -0.02554446
vn 0.36043633 0.93238716 -0.02719984
vn 0.36043633 0.93238716 -0.02719984
vn 0.64366046 0.76026885 -0.08770684
vn 0.64366046 0.76026885 -0.08770684
vn 0.64366046 0.76026885 -0.08770684
vn 0.46786152 0.88300602 -0.03749624
vn 0.59570357 0.80191418 -0.04550713
vn 0.59570357 0.80191418 -0.04550713
vn 0.59570357 0.80191418 -0.04550713
vn 0.61691025 0.78146387 -0.09346632
vn 0.61691025 0.78146387 -0.09346632
vn 0.61691025 0.78146387 -0.09346632
vn -0.18776545 0.33236264 0.92427226
vn -0.18776545 0.33236264 0.92427226
vn -0.18776545 0.33236264 0.92427226
vn 0.17670489 0.47042698 0.86456570
vn 0.17670489 0.47042698 0.86456570
vn 0.17670489 0.47042698 0.86456570
vn 0.60435277 0.38730454 0.69624200
vn 0.60435277 0.38730454 0.69624200
vn 0.60435277 0.38730454 0.69624200
vn 0.50689815 0.34823630 0.78853392
vn 0.50689815 0.34823630 0.78853392
vn 0.50689815 0.34823630 0.78853392
vn 0.47587128 0.74985534 0.45963409
vn 0.47587128 0.74985534 0.45963409
vn 0.47587128 0.74985534 0.45963409
vn 0.46067397 0.20007463 0.86472518
vn 0.46067397 0.20007463 0.86472518
vn 0.46067397 0.20007463 0.86472518
vn 0.44568104 0.49786452 0.74397535
vn 0.44568104 0.49786452 0.74397535
vn 0.44568104 0.49786452 0.74397535
vn 0.26862834 0.75543229 0.59762937
vn 0.26862834 0.75543229 0.59762937
vn 0.26862834 0.75543229 0.59762937
vn -0.01896850 0.25064096 0.96789426
vn -0.01896850 0.25064096 0.96789426
vn -0.01896850 0.25064096 0.96789426
vn -0.01016893 0.28908622 0.95724905
vn -0.01016893 0.28908622 0.95724905
vn -0.01016893 0.28908622 0.95724905
vn -0.30530869 0.59004338 -0.74741916
vn -0.30530869 0.59004338 -0.74741916
vn -0.30530869 0.59004338 -0.74741916
vn 0.26981063 0.91668669 -0.29476727
vn 0.26981063 0.91668669 -0.29476727
vn 0.26981063 0.91668669 -0.29476727
vn -0.25289181 0.57576618 -0.77752108
vn -0.25289181 0.57576618 -0.77752108
vn -0.25289181 0.57576618 -0.77752108
vn -0.11070803 0.66683929 -0.73693222
vn -0.11070803 0.66683929 -0.73693222
vn -0.11070803 0.66683929 -0.73693222
vn 0.05292805 0.79283293 -0.60713637
vn 0.05292805 0.79283293 -0.60713637
vn 0.05292805 0.79283293 -0.60713637
vn -0.46323044 0.34800383 -0.81505269
vn -0.46323044 0.34800383 -0.81505269
vn -0.46323044 0.34800383 -0.81505269
vn -0.21078034 0.65526604 -0.72539511
vn -0.21078034 0.65526604 -0.72539511
vn -0.21078034 0.65526604 -0.72539511
vn 0.06528192 0.84177499 -0.53586672
vn 0.06528192 0.84177499 -0.53586672
vn 0.06528192 0.84177499 -0.53586672
vn 0.07480549 0.84764273 -0.52526750
vn 0.07480549 0.84764273 -0.52526750
vn 0.07480549 0.84764273 -0.52526750
vn 0.19839829 0.89345147 -0.40296724
vn 0.19839829 0.89345147 -0.40296724
vn 0.19839829 0.89345147 -0.40296724
vn -0.40680812 0.40510587 -0.81877737
vn -0.40680812 0.40510587 -0.81877737
vn -0.40680812 0.40510587 -0.81877737
vn -0.34061245 0.60191413 -0.72227595
vn -0.34061245 0.60191413 -0.72227595
vn -0.34061245 0.60191413 -0.72227595
vn -0.30204826 0.62954737 -0.71584702
vn -0.30204826 0.62954737 -0.71584702
vn -0.30204826 0.62954737 -0.71584702
vn -0.01615982 0.86047572 -0.50923511
vn -0.01615982 0.86047572 -0.50923511
vn -0.01615982 0.86047572 -0.50923511
vn 0.12573587 0.92665963 -0.35424909
vn 0.12573587 0.92665963 -0.35424909
vn 0.12573587 0.92665963 -0.35424909
vn 0.17270319 0.94968964 -0.26127228
vn 0.17270319 0.94968964 -0.26127228
vn 0.17270319 0.94968964 -0.26127228
vn 0.42357160 0.86044072 -0.28324700
vn 0.42357160 0.86044072 -0.28324700
vn 0.42357160 0.86044072 -0.28324700
vn 0.43915249 0.86932351 -0.22676357
vn 0.43915249 0.86932351 -0.22676357
vn 0.43915249 0.86932351 -0.22676357
vn 0.33192391 0.85189985 -0.40508415
vn 0.33192391 0.85189985 -0.40508415
vn 0.33192391 0.85189985 -0.40508415
vn -0.02135666 0.56254640 -0.82648983
vn -0.02135666 0.56254640 -0.82648983
vn -0.02135666 0.56254640 -0.82648983
vn -0.18585605 0.35377897 -0.91667768
vn -0.18585605 0.35377897 -0.91667768
vn -0.18585605 0.35377897 -0.91667768
vn 0.16511715 0.61278456 -0.77280749
vn 0.16511715 0.61278456 -0.77280749
vn 0.16511715 0.61278456 -0.77280749
vn 0.45335399 0.59830437 -0.66068301
vn 0.45335399 0.59830437 -0.66068301
vn 0.45335399 0.59830437 -0.66068301
vn 0.30673348 0.52014664 -0.79709601
vn 0.30673348 0.52014664 -0.79709601
vn 0.30673348 0.52014664 -0.79709601
vn -0.09104550 -0.07249717 -0.99320435
vn -0.09104550 -0.07249717 -0.99320435
vn -0.09104550 -0.07249717 -0.99320435
vn 0.20959948 0.25670756 -0.94348783
vn 0.20959948 0.25670756 -0.94348783
vn 0.20959948 0.25670756 -0.94348783
vn 0.58270057 0.50870453 -0.63378210
vn 0.58270057 0.50870453 -0.63378210
vn 0.58270057 0.50870453 -0.63378210
vn 0.49277457 0.01166253 -0.87007885
vn 0.49277457 0.01166253 -0.87007885
vn 0.49277457 0.01166253 -0.87007885
vn 0.42727983 0.90356517 0.03165311
vn 0.42727983 0.90356517 0.03165311
vn 0.42727983 0.90356517 0.03165311
vn 0.34931355 0.93614454 0.04016778
vn 0.34931355 0.93614454 0.04016778
vn 0.34931355 0.93614454 0.04016778
vn 0.54476756 0.83842859 0.01630358
vn 0.54476756 0.83842859 0.01630358
vn 0.54476756 0.83842859 0.01630358
vn 0.39916200 0.91607209 0.03849171
vn 0.39916200 0.91607209 0.03849171
vn 0.39916200 0.91607209 0.03849171
vn 0.52733501 0.84943458 0.01945986
vn 0.52733501 0.84943458 0.01945986
vn 0.52733501 0.84943458 0.01945986
vn 0.69483357 0.71763814 0.04692347
vn 0.69483357 0.71763814 0.04692347
vn 0.69483357 0.71763814 0.04692347
vn 0.52326842 0.85203354 0.01513288
vn 0.52326842 0.85203354 0.01513288
vn 0.52326842 0.85203354 0.01513288
vn 0.50386064 0.86377362 0.00442555
vn 0.50386064 0.86377362 0.00442555
vn 0.50386064 0.86377362 0.00442555
vn 0.34726224 0.93723046 0.03174915
vn 0.34909670 0.93669052 0.02724646
vn 0.34714542 0.93726400 0.03203515
vn 0.49691196 0.86779824 0.00217005
vn 0.49691196 0.86779824 0.00217005
vn 0.49691196 0.86779824 0.00217005
vn 0.42986559 0.90274175 0.01652004
vn 0.42986559 0.90274175 0.01652004
vn 0.42986559 0.90274175 0.01652004
vn 0.63005415 0.77537715 0.04268526
vn 0.63005415 0.77537715 0.04268526
vn 0.63005415 0.77537715 0.04268526
vn 0.47792311 0.87839417 0.00362968
vn 0.47792311 0.87839417 0.00362968
vn 0.47792311 0.87839417 0.00362968
vn 0.44935560 0.89334885 0.00271665
vn 0.44935560 0.89334885 0.00271665
vn 0.44935560 0.89334885 0.00271665
vn 0.54223135 0.83867804 0.05103236
vn 0.54223135 0.83867804 0.05103236
vn 0.54223135 0.83867804 0.05103236
vn 0.55319455 0.81574729 0.16891463
vn 0.55319455 0.81574729 0.16891463
vn 0.55319455 0.81574729 0.16891463
vn 0.69078362 0.72257344 0.02656348
vn 0.68833042 0.72485915 0.02793644
vn 0.68924634 0.72400786 0.02742447
vn 0.69247178 0.72099007 0.02561551
vn 0.53031534 0.83334246 0.15590376
vn 0.53031534 0.83334246 0.15590376
vn 0.53031534 0.83334246 0.15590376
vn 0.60610924 0.79367893 0.05201291
vn 0.60610924 0.79367893 0.05201291
vn 0.60610924 0.79367893 0.05201291
vn 0.57431818 0.80219407 0.16322779
vn 0.57431818 0.80219407 0.16322779
vn 0.57431818 0.80219407 0.16322779
vn 0.59096257 0.79773950 0.11989553
vn 0.59096257 0.79773950 0.11989553
vn 0.59096257 0.79773950 0.11989553
vn 0.47694435 0.87794772 0.04161601
vn 0.47694435 0.87794772 0.04161601
vn 0.47694435 0.87794772 0.04161601
vn 0.59154607 0.79828404 0.11320706
vn 0.59154607 0.79828404 0.11320706
vn 0.59154607 0.79828404 0.11320706
vn 0.51316133 0.85123673 0.10982476
vn 0.51316133 0.85123673 0.10982476
vn 0.51316133 0.85123673 0.10982476
vn 0.48195011 0.86849103 0.11596304
vn 0.48195011 0.86849103 0.11596304
vn 0.48195011 0.86849103 0.11596304
vn 0.59979611 0.79241304 0.11102339
vn 0.59979611 0.79241304 0.11102339
vn 0.59979611 0.79241304 0.11102339
vn 0.44526890 0.89138294 0.08468800
vn 0.44526890 0.89138294 0.08468800
vn 0.44526890 0.89138294 0.08468800
vn 0.65997345 0.74518339 0.09558640
vn 0.65997345 0.74518339 0.09558640
vn 0.65997345 0.74518339 0.09558640
vn 0.61784009 0.78100940 0.09109301
vn 0.61784009 0.78100940 0.09109301
vn 0.61784009 0.78100940 0.09109301
vn 0.34637569 0.93748252 0.03391763
vn 0.64479783 0.76407632 0.02057022
vn 0.64479783 0.76407632 0.02057022
vn 0.64479783 0.76407632 0.02057022
vn 0.64416572 0.75817422 0.10110579
vn 0.64416572 0.75817422 0.10110579
vn 0.64416572 0.75817422 0.10110579
vn 0.64041262 0.76769822 0.02260786
vn 0.64041262 0.76769822 0.02260786
vn 0.64041262 0.76769822 0.02260786
vn 0.51544805 0.85597024 0.04035163
vn 0.51544805 0.85597024 0.04035163
vn 0.51544805 0.85597024 0.04035163
vn 0.57267138 0.81861416 0.04379893
vn 0.57267138 0.81861416 0.04379893
vn 0.57267138 0.81861416 0.04379893
vn 0.52537604 0.84711934 0.07980504
vn 0.52537604 0.84711934 0.07980504
vn 0.52537604 0.84711934 0.07980504
vn 0.47373959 0.87974743 0.04019019
vn 0.47373959 0.87974743 0.04019019
vn 0.47373959 0.87974743 0.04019019
vn 0.68370092 0.72741648 0.05846643
vn 0.68370092 0.72741648 0.05846643
vn 0.68370092 0.72741648 0.05846643
vn 0.41032109 0.91148831 0.02873435
vn 0.41032109 0.91148831 0.02873435
vn 0.41032109 0.91148831 0.02873435
vn 0.66918207 0.74048801 0.06223236
vn 0.66918207 0.74048801 0.06223236
vn 0.66918207 0.74048801 0.06223236
vn 0.53932784 0.83868438 0.07572316
vn 0.53932784 0.83868438 0.07572316
vn 0.53932784 0.83868438 0.07572316
vn 0.44159140 0.89574975 0.05127779
vn 0.44159140 0.89574975 0.05127779
vn 0.44159140 0.89574975 0.05127779
vn 0.38818375 0.91872798 0.07247255
vn 0.38818375 0.91872798 0.07247255
vn 0.38818375 0.91872798 0.07247255
vn 0.43893555 0.89666648 0.05766107
vn 0.43893555 0.89666648 0.05766107
vn 0.43893555 0.89666648 0.05766107
vn 0.57629185 0.81718581 0.00974932
vn 0.57629185 0.81718581 0.00974932
vn 0.57629185 0.81718581 0.00974932
vn 0.59286587 0.80529155 0.00394648
vn 0.59178338 0.80608625 0.00416980
vn 0.59162005 0.80620596 0.00420348
vn 0.56026880 0.82809765 0.01879220
vn 0.56236216 0.82665708 0.01966894
vn 0.56433536 0.82529115 0.02049679
vn 0.55641368 0.83072776 0.01718167
vn 0.47573160 0.87837680 0.04619138
vn 0.47573160 0.87837680 0.04619138
vn 0.47573160 0.87837680 0.04619138
vn 0.58795835 0.80887602 0.00495708
vn 0.89095898 0.15080455 0.42831074
vn 0.89095898 0.15080455 0.42831074
vn 0.89095898 0.15080455 0.42831074
vn 0.76419401 0.22127310 0.60584298
vn 0.76419401 0.22127310 0.60584298
vn 0.76419401 0.22127310 0.60584298
vn 0.77170492 0.28968823 0.56617334
vn 0.77170492 0.28968823 0.56617334
vn 0.77170492 0.28968823 0.56617334
vn 0.72865906 0.53830717 0.42341631
vn 0.72865906 0.53830717 0.42341631
vn 0.72865906 0.53830717 0.42341631
vn 0.78487717 0.28209110 0.55171772
vn 0.78487717 0.28209110 0.55171772
vn 0.78487717 0.28209110 0.55171772
vn 0.73605264 0.59825594 0.31672756
vn 0.73605264 0.59825594 0.31672756
vn 0.73605264 0.59825594 0.31672756
vn 0.78574956 0.43805765 0.43669568
vn 0.78574956 0.43805765 0.43669568
vn 0.78574956 0.43805765 0.43669568
vn 0.69510227 0.62203732 0.36041977
vn 0.69510227 0.62203732 0.36041977
vn 0.69510227 0.62203732 0.36041977
vn 0.72523618 0.56737357 0.39002528
vn 0.72523618 0.56737357 0.39002528
vn 0.72523618 0.56737357 0.39002528
vn 0.79982889 0.45166761 0.39531015
vn 0.79982889 0.45166761 0.39531015
vn 0.79982889 0.45166761 0.39531015
vn 0.79150587 0.51368679 0.33112585
vn 0.79150587 0.51368679 0.33112585
vn 0.79150587 0.51368679 0.33112585
vn 0.80827752 0.41899591 0.41367848
vn 0.80827752 0.41899591 0.41367848
vn 0.80827752 0.41899591 0.41367848
vn 0.74596267 0.58005045 0.32723261
vn 0.74596267 0.58005045 0.32723261
vn 0.74596267 0.58005045 0.32723261
vn 0.78626301 0.28196346 -0.54980641
vn 0.78694911 0.27882270 -0.55042621
vn 0.78783342 0.27908845 -0.54902471
vn 0.76757890 0.16581745 -0.61913424
vn 0.76757890 0.16581745 -0.61913424
vn 0.76757890 0.16581745 -0.61913424
vn 0.78838204 0.27938354 -0.54808631
vn 0.74598804 0.49143241 -0.44943969
vn 0.74598804 0.49143241 -0.44943969
vn 0.74598804 0.49143241 -0.44943969
vn 0.69973173 0.60077414 -0.38658238
vn 0.69973173 0.60077414 -0.38658238
vn 0.69973173 0.60077414 -0.38658238
vn 0.70594718 0.58178821 -0.40393200
vn 0.70594718 0.58178821 -0.40393200
vn 0.70594718 0.58178821 -0.40393200
vn 0.74024543 0.50003625 -0.44944461
vn 0.74024543 0.50003625 -0.44944461
vn 0.74024543 0.50003625 -0.44944461
vn 0.79872124 0.25688195 -0.54411033
vn 0.79872124 0.25688195 -0.54411033
vn 0.79872124 0.25688195 -0.54411033
vn 0.78620833 0.28279408 -0.54945789
vn 0.73663936 0.59132601 -0.32817069
vn 0.73663936 0.59132601 -0.32817069
vn 0.73663936 0.59132601 -0.32817069
vn 0.75871926 0.54001666 -0.36431729
vn 0.75871926 0.54001666 -0.36431729
vn 0.75871926 0.54001666 -0.36431729
vn 0.87335831 0.06289042 -0.48300109
vn 0.87335831 0.06289042 -0.48300109
vn 0.87335831 0.06289042 -0.48300109
vn 0.93020678 0.29785624 -0.21446915
vn 0.93020678 0.29785624 -0.21446915
vn 0.93020678 0.29785624 -0.21446915
vn 0.84482452 0.50416484 -0.17913500
vn 0.84482452 0.50416484 -0.17913500
vn 0.84482452 0.50416484 -0.17913500
vn 0.93279877 0.28697332 -0.21802010
vn 0.93279877 0.28697332 -0.21802010
vn 0.93279877 0.28697332 -0.21802010
vn 0.75256159 0.60409834 -0.26213785
vn 0.75256159 0.60409834 -0.26213785
vn 0.75256159 0.60409834 -0.26213785
vn 0.77151895 0.56768274 -0.28721910
vn 0.77151895 0.56768274 -0.28721910
vn 0.77151895 0.56768274 -0.28721910
vn 0.81512859 0.33179100 -0.47484746
vn 0.81512859 0.33179100 -0.47484746
vn 0.81512859 0.33179100 -0.47484746
vn 0.94596081 0.32415353 0.00909054
vn 0.94596081 0.32415353 0.00909054
vn 0.94596081 0.32415353 0.00909054
vn 0.90867362 0.41745836 -0.00638501
vn 0.90867362 0.41745836 -0.00638501
vn 0.90867362 0.41745836 -0.00638501
vn 0.90954524 0.41131190 -0.05958166
vn 0.90954524 0.41131190 -0.05958166
vn 0.90954524 0.41131190 -0.05958166
vn 0.90173658 0.42951528 -0.04886473
vn 0.90173658 0.42951528 -0.04886473
vn 0.90173658 0.42951528 -0.04886473
vn 0.90879038 0.41386151 -0.05309134
vn 0.90879038 0.41386151 -0.05309134
vn 0.90879038 0.41386151 -0.05309134
vn 0.96834961 0.21049368 -0.13413222
vn 0.96834961 0.21049368 -0.13413222
vn 0.96834961 0.21049368 -0.13413222
vn 0.96510412 0.22176181 -0.13926860
vn 0.96510412 0.22176181 -0.13926860
vn 0.96510412 0.22176181 -0.13926860
vn 0.91706214 0.37374720 -0.13896062
vn 0.91706214 0.37374720 -0.13896062
vn 0.91706214 0.37374720 -0.13896062
vn 0.87062782 0.48160988 0.10029515
vn 0.87062782 0.48160988 0.10029515
vn 0.87062782 0.48160988 0.10029515
vn 0.90357634 0.41612046 0.10194882
vn 0.90357634 0.41612046 0.10194882
vn 0.90357634 0.41612046 0.10194882
vn 0.95079247 0.21843232 0.21972939
vn 0.95079247 0.21843232 0.21972939
vn 0.95079247 0.21843232 0.21972939
vn 0.94493611 0.31709975 0.08089181
vn 0.94493611 0.31709975 0.08089181
vn 0.94493611 0.31709975 0.08089181
vn 0.88239336 0.46794363 0.04909896
vn 0.88239336 0.46794363 0.04909896
vn 0.88239336 0.46794363 0.04909896
vn 0.92787567 0.32545303 0.18200843
vn 0.92787567 0.32545303 0.18200843
vn 0.92787567 0.32545303 0.18200843
vn 0.92889717 0.32809529 0.17176591
vn 0.92889717 0.32809529 0.17176591
vn 0.92889717 0.32809529 0.17176591
vn 0.98449136 0.09065301 0.15019583
vn 0.98449136 0.09065301 0.15019583
vn 0.98449136 0.09065301 0.15019583
vn 0.98487134 0.08413964 0.15148915
vn 0.98487134 0.08413964 0.15148915
vn 0.98487134 0.08413964 0.15148915
vn 0.93905635 0.34196616 0.03510433
vn 0.93905635 0.34196616 0.03510433
vn 0.93905635 0.34196616 0.03510433
vn 0.85689986 0.49324227 0.14978215
vn 0.85689986 0.49324227 0.14978215
vn 0.85689986 0.49324227 0.14978215
vn 0.99041220 0.12071763 0.06716352
vn 0.99041220 0.12071763 0.06716352
vn 0.99041220 0.12071763 0.06716352
vn 0.94556804 0.32541404 -0.00260603
vn 0.94556804 0.32541404 -0.00260603
vn 0.94556804 0.32541404 -0.00260603
vn -0.05794380 0.96359441 -0.26101403
vn -0.05794380 0.96359441 -0.26101403
vn -0.05794380 0.96359441 -0.26101403
vn -0.83044393 0.44026062 -0.34136999
vn -0.83044393 0.44026062 -0.34136999
vn -0.83044393 0.44026062 -0.34136999
vn -0.48798528 0.63905326 -0.59454292
vn -0.48798528 0.63905326 -0.59454292
vn -0.48798528 0.63905326 -0.59454292
vn -0.48792307 0.63402699 -0.59995070
vn -0.48792307 0.63402699 -0.59995070
vn -0.48792307 0.63402699 -0.59995070
vn -0.85396896 0.51490807 -0.07487790
vn -0.85396896 0.51490807 -0.07487790
vn -0.85396896 0.51490807 -0.07487790
vn -0.57537937 0.81532908 -0.06463028
vn -0.57537937 0.81532908 -0.06463028
vn -0.57537937 0.81532908 -0.06463028
vn -0.84442066 0.53141085 -0.06750010
vn -0.84442066 0.53141085 -0.06750010
vn -0.84442066 0.53141085 -0.06750010
vn -0.64092531 0.64840291 -0.41083868
vn -0.64092531 0.64840291 -0.41083868
vn -0.64092531 0.64840291 -0.41083868
vn -0.74364116 0.59664945 0.30167409
vn -0.74364116 0.59664945 0.30167409
vn -0.74364116 0.59664945 0.30167409
vn -0.82614916 0.50581234 0.24825680
vn -0.82614916 0.50581234 0.24825680
vn -0.82614916 0.50581234 0.24825680
vn -0.52084617 0.84855683 0.09311587
vn -0.52084617 0.84855683 0.09311587
vn -0.52084617 0.84855683 0.09311587
vn -0.12897479 0.97610994 -0.17485680
vn -0.12897479 0.97610994 -0.17485680
vn -0.12897479 0.97610994 -0.17485680
vn -0.42959443 0.88702083 -0.16924148
vn -0.42959443 0.88702083 -0.16924148
vn -0.42959443 0.88702083 -0.16924148
vn -0.05363995 0.97889235 -0.19721186
vn -0.05363995 0.97889235 -0.19721186
vn -0.05363995 0.97889235 -0.19721186
vn 0.22410722 0.91528913 -0.33469652
vn 0.22410722 0.91528913 -0.33469652
vn 0.22410722 0.91528913 -0.33469652
vn 0.23900392 0.94866858 -0.20713532
vn 0.23856946 0.94797163 -0.21079467
vn 0.23922715 0.94902357 -0.20524287
vn 0.23837874 0.94766319 -0.21239129
vn 0.14704809 0.97288768 -0.17851170
vn 0.14704809 0.97288768 -0.17851170
vn 0.14704809 0.97288768 -0.17851170
vn 0.17012703 0.97984737 -0.10467060
vn 0.17012703 0.97984737 -0.10467060
vn 0.17012703 0.97984737 -0.10467060
vn 0.21061527 0.97361582 -0.08782624
vn 0.21266976 0.97308209 -0.08878524
vn 0.21127009 0.97344631 -0.08813189
vn 0.20488262 0.90329123 -0.37694572
vn 0.20488262 0.90329123 -0.37694572
vn 0.20488262 0.90329123 -0.37694572
vn 0.16383751 0.98305492 -0.08222099
vn 0.16386318 0.98304757 -0.08225773
vn 0.16377682 0.98307230 -0.08213410
vn 0.02203191 0.95090301 -0.30870384
vn 0.02203191 0.95090301 -0.30870384
vn 0.02203191 0.95090301 -0.30870384
vn 0.04731255 0.95698632 -0.28624939
vn 0.04731255 0.95698632 -0.28624939
vn 0.04731255 0.95698632 -0.28624939
vn 0.22765290 0.95978070 -0.16430205
vn 0.22765290 0.95978070 -0.16430205
vn 0.22765290 0.95978070 -0.16430205
vn 0.17568037 0.91670705 -0.35886569
vn 0.17568037 0.91670705 -0.35886569
vn 0.17568037 0.91670705 -0.35886569
vn 0.10565338 0.97387269 -0.20102076
vn 0.10565338 0.97387269 -0.20102076
vn 0.10565338 0.97387269 -0.20102076
vn 0.16375476 0.98307861 -0.08210253
vn 0.12719199 0.97662129 -0.17330049
vn 0.12719199 0.97662129 -0.17330049
vn 0.12719199 0.97662129 -0.17330049
vn 0.35395777 0.87937639 -0.31845103
vn 0.35395777 0.87937639 -0.31845103
vn 0.35395777 0.87937639 -0.31845103
vn -0.00124717 0.95526352 -0.29575337
vn -0.00124717 0.95526352 -0.29575337
vn -0.00124717 0.95526352 -0.29575337
vn 0.20760940 0.95196596 -0.22507588
vn 0.20760940 0.95196596 -0.22507588
vn 0.20760940 0.95196596 -0.22507588
vn 0.35030195 0.87747290 -0.32761234
vn 0.35030195 0.87747290 -0.32761234
vn 0.35030195 0.87747290 -0.32761234
vn -0.00672372 0.96238585 -0.27160313
vn -0.00672372 0.96238585 -0.27160313
vn -0.00672372 0.96238585 -0.27160313
vn 0.33970710 0.90323874 -0.26221910
vn 0.33970710 0.90323874 -0.26221910
vn 0.33970710 0.90323874 -0.26221910
vn 0.16417269 0.92978169 -0.32947434
vn 0.16417269 0.92978169 -0.32947434
vn 0.16417269 0.92978169 -0.32947434
vn 0.20191882 0.97421353 -0.10068160
vn 0.20191882 0.97421353 -0.10068160
vn 0.20191882 0.97421353 -0.10068160
vn 0.20377944 0.97008457 -0.13194644
vn 0.20377944 0.97008457 -0.13194644
vn 0.20377944 0.97008457 -0.13194644
vn 0.12462884 0.98468098 -0.12194682
vn 0.12462884 0.98468098 -0.12194682
vn 0.12462884 0.98468098 -0.12194682
vn 0.20017805 0.97318336 -0.11332654
vn 0.20017805 0.97318336 -0.11332654
vn 0.20017805 0.97318336 -0.11332654
vn 0.30532548 0.91888497 -0.24985348
vn 0.30532548 0.91888497 -0.24985348
vn 0.30532548 0.91888497 -0.24985348
vn 0.22350320 0.94113808 -0.25358515
vn 0.22350320 0.94113808 -0.25358515
vn 0.22350320 0.94113808 -0.25358515
vn 0.19663306 0.93955323 -0.28031262
vn 0.19663306 0.93955323 -0.28031262
vn 0.19663306 0.93955323 -0.28031262
vn 0.28552811 0.93906640 -0.19138442
vn 0.28552811 0.93906640 -0.19138442
vn 0.28552811 0.93906640 -0.19138442
vn 0.07781963 0.97527474 -0.20684121
vn 0.07781963 0.97527474 -0.20684121
vn 0.07781963 0.97527474 -0.20684121
vn -0.00391944 0.96737634 -0.25331336
vn -0.00391944 0.96737634 -0.25331336
vn -0.00391944 0.96737634 -0.25331336
vn 0.16698141 0.93640968 -0.30863267
vn 0.16698141 0.93640968 -0.30863267
vn 0.16698141 0.93640968 -0.30863267
vn 0.13301051 0.92405792 -0.35836457
vn 0.13301051 0.92405792 -0.35836457
vn 0.13301051 0.92405792 -0.35836457
vn 0.17878700 0.98093765 -0.07613497
vn 0.17878700 0.98093765 -0.07613497
vn 0.17878700 0.98093765 -0.07613497
vn 0.14957026 0.98487345 -0.08748151
vn 0.14957026 0.98487345 -0.08748151
vn 0.14957026 0.98487345 -0.08748151
vn 0.29012866 0.90875933 -0.29996974
vn 0.29012866 0.90875933 -0.29996974
vn 0.29012866 0.90875933 -0.29996974
vn 0.27392176 0.94708644 -0.16731452
vn 0.27392176 0.94708644 -0.16731452
vn 0.27392176 0.94708644 -0.16731452
vn 0.16068575 0.96471082 -0.20859801
vn 0.16068575 0.96471082 -0.20859801
vn 0.16068575 0.96471082 -0.20859801
vn 0.03263547 0.97408776 -0.22380338
vn 0.03263547 0.97408776 -0.22380338
vn 0.03263547 0.97408776 -0.22380338
vn 0.28820647 0.89758161 -0.33359300
vn 0.28820647 0.89758161 -0.33359300
vn 0.28820647 0.89758161 -0.33359300
vn 0.13541092 0.94644750 -0.29308875
vn 0.13541092 0.94644750 -0.29308875
vn 0.13541092 0.94644750 -0.29308875
vn 0.28595338 0.93479956 -0.21066666
vn 0.28595338 0.93479956 -0.21066666
vn 0.28595338 0.93479956 -0.21066666
vn 0.07819087 0.98389453 -0.16074124
vn 0.07819087 0.98389453 -0.16074124
vn 0.07819087 0.98389453 -0.16074124
vn 0.10331458 0.93612985 -0.33613539
vn 0.10331458 0.93612985 -0.33613539
vn 0.10331458 0.93612985 -0.33613539
vn 0.19002554 0.96652549 -0.17239136
vn 0.19002554 0.96652549 -0.17239136
vn 0.19002554 0.96652549 -0.17239136
vn 0.03328173 0.98319965 -0.17947360
vn 0.03328173 0.98319965 -0.17947360
vn 0.03328173 0.98319965 -0.17947360
vn 0.18890120 0.97849265 -0.08287620
vn 0.18890120 0.97849265 -0.08287620
vn 0.18890120 0.97849265 -0.08287620
vn 0.27210830 0.89340627 -0.35746651
vn 0.27210830 0.89340627 -0.35746651
vn 0.27210830 0.89340627 -0.35746651
vn 0.19130243 0.96917285 -0.15526545
vn 0.19130243 0.96917285 -0.15526545
vn 0.19130243 0.96917285 -0.15526545
vn 0.09938147 0.94514282 -0.31117259
vn 0.09938147 0.94514282 -0.31117259
vn 0.09938147 0.94514282 -0.31117259
vn 0.09439880 0.98703206 -0.12983293
vn 0.09439880 0.98703206 -0.12983293
vn 0.09439880 0.98703206 -0.12983293
vn 0.11006567 0.98708386 -0.11640875
vn 0.11006567 0.98708386 -0.11640875
vn 0.11006567 0.98708386 -0.11640875
vn 0.15519466 0.96597463 -0.20690006
vn 0.15519466 0.96597463 -0.20690006
vn 0.15519466 0.96597463 -0.20690006
vn 0.11633154 0.98890671 -0.09236066
vn 0.11633154 0.98890671 -0.09236066
vn 0.11633154 0.98890671 -0.09236066
vn 0.24036188 0.96091549 -0.13735936
vn 0.24036188 0.96091549 -0.13735936
vn 0.24036188 0.96091549 -0.13735936
vn 0.24139561 0.90446260 -0.35167538
vn 0.24139561 0.90446260 -0.35167538
vn 0.24139561 0.90446260 -0.35167538
vn 0.23295899 0.96579588 -0.11387902
vn 0.23295899 0.96579588 -0.11387902
vn 0.23295899 0.96579588 -0.11387902
vn 0.07416796 0.94600298 -0.31555900
vn 0.07416796 0.94600298 -0.31555900
vn 0.07416796 0.94600298 -0.31555900
vn 0.28827067 0.91148039 -0.29343401
vn 0.28827067 0.91148039 -0.29343401
vn 0.28827067 0.91148039 -0.29343401
vn 0.20547846 0.93835901 -0.27795856
vn 0.20547846 0.93835901 -0.27795856
vn 0.20547846 0.93835901 -0.27795856
vn 0.21639885 0.93070769 -0.29488089
vn 0.21639885 0.93070769 -0.29488089
vn 0.21639885 0.93070769 -0.29488089
vn 0.14590861 0.95311271 -0.26511667
vn 0.14590861 0.95311271 -0.26511667
vn 0.14590861 0.95311271 -0.26511667
vn 0.11605844 0.95254598 -0.28140112
vn 0.11605844 0.95254598 -0.28140112
vn 0.11605844 0.95254598 -0.28140112
vn 0.16974480 0.97747198 -0.12544015
vn 0.16974480 0.97747198 -0.12544015
vn 0.16974480 0.97747198 -0.12544015
vn 0.16240391 0.97525167 -0.15003051
vn 0.16240391 0.97525167 -0.15003051
vn 0.16240391 0.97525167 -0.15003051
vn 0.05790423 0.97099439 -0.23198488
vn 0.05790423 0.97099439 -0.23198488
vn 0.05790423 0.97099439 -0.23198488
vn 0.21331079 0.97291442 -0.08908447
vn 0.25605206 0.93130713 -0.25904513
vn 0.25605206 0.93130713 -0.25904513
vn 0.25605206 0.93130713 -0.25904513
vn -0.23646490 0.71670352 0.65606434
vn -0.23646490 0.71670352 0.65606434
vn -0.23646490 0.71670352 0.65606434
vn -0.32492040 0.59410431 0.73584428
vn -0.32492040 0.59410431 0.73584428
vn -0.32492040 0.59410431 0.73584428
vn -0.55047812 0.45556200 0.69959782
vn -0.55047812 0.45556200 0.69959782
vn -0.55047812 0.45556200 0.69959782
vn 0.09530232 0.37442329 0.92234737
vn 0.09530232 0.37442329 0.92234737
vn 0.09530232 0.37442329 0.92234737
vn 0.10842873 0.60500642 0.78880317
vn 0.10842873 0.60500642 0.78880317
vn 0.10842873 0.60500642 0.78880317
vn 0.10465430 0.39622103 0.91217124
vn 0.10465430 0.39622103 0.91217124
vn 0.10465430 0.39622103 0.91217124
vn 0.16725377 0.71803271 0.67561469
vn 0.16725377 0.71803271 0.67561469
vn 0.16725377 0.71803271 0.67561469
vn 0.12921572 0.90033857 0.41556439
vn 0.12921572 0.90033857 0.41556439
vn 0.12921572 0.90033857 0.41556439
vn -0.08580692 0.95319670 0.28991935
vn -0.08580692 0.95319670 0.28991935
vn -0.08580692 0.95319670 0.28991935
vn -0.08639828 0.93567563 0.34212052
vn -0.08639828 0.93567563 0.34212052
vn -0.08639828 0.93567563 0.34212052
vn -0.25616322 0.25457172 0.93250932
vn -0.25616322 0.25457172 0.93250932
vn -0.25616322 0.25457172 0.93250932
vn -0.69919726 0.54662102 0.46079133
vn -0.69919726 0.54662102 0.46079133
vn -0.69919726 0.54662102 0.46079133
vn -0.70474373 0.53715802 0.46346255
vn -0.70474373 0.53715802 0.46346255
vn -0.70474373 0.53715802 0.46346255
vn -0.54449766 0.78863213 0.28562504
vn -0.54449766 0.78863213 0.28562504
vn -0.54449766 0.78863213 0.28562504
vn -0.48114919 0.83570877 0.26473820
vn -0.48114919 0.83570877 0.26473820
vn -0.48114919 0.83570877 0.26473820
vn -0.66770670 0.54286317 0.50937937
vn -0.66770670 0.54286317 0.50937937
vn -0.66770670 0.54286317 0.50937937
vn -0.69415496 0.49900577 0.51878910
vn -0.69415496 0.49900577 0.51878910
vn -0.69415496 0.49900577 0.51878910
vn -0.50171530 0.79859918 0.33244715
vn -0.50171530 0.79859918 0.33244715
vn -0.50171530 0.79859918 0.33244715
vn -0.27613878 0.94479990 0.17635338
vn -0.27613878 0.94479990 0.17635338
vn -0.27613878 0.94479990 0.17635338
vn -0.23763817 0.96264423 0.12978516
vn -0.23763817 0.96264423 0.12978516
vn -0.23763817 0.96264423 0.12978516
vn -0.14016624 0.98913631 -0.04430339
vn -0.14016624 0.98913631 -0.04430339
vn -0.14016624 0.98913631 -0.04430339
vn -0.24024355 0.96770744 0.07632394
vn -0.24024355 0.96770744 0.07632394
vn -0.24024355 0.96770744 0.07632394
vn -0.27514048 0.96119991 0.01981038
vn -0.27514048 0.96119991 0.01981038
vn -0.27514048 0.96119991 0.01981038
vn -0.44055755 0.88031011 0.17596353
vn -0.44055755 0.88031011 0.17596353
vn -0.44055755 0.88031011 0.17596353
vn -0.59182625 0.67427842 -0.44169028
vn -0.59182625 0.67427842 -0.44169028
vn -0.59182625 0.67427842 -0.44169028
vn -0.30396387 0.83254752 -0.46310971
vn -0.30396387 0.83254752 -0.46310971
vn -0.30396387 0.83254752 -0.46310971
vn -0.71499467 0.44191967 -0.54174683
vn -0.71499467 0.44191967 -0.54174683
vn -0.71499467 0.44191967 -0.54174683
vn -0.50987083 0.28644985 -0.81115857
vn -0.50987083 0.28644985 -0.81115857
vn -0.50987083 0.28644985 -0.81115857
vn -0.19377519 0.96390709 -0.18257682
vn -0.19377519 0.96390709 -0.18257682
vn -0.19377519 0.96390709 -0.18257682
vn -0.63616922 0.72659250 0.25952274
vn -0.63616922 0.72659250 0.25952274
vn -0.63616922 0.72659250 0.25952274
vn -0.21076374 0.96327205 -0.16638993
vn -0.21076374 0.96327205 -0.16638993
vn -0.21076374 0.96327205 -0.16638993
vn -0.70046756 0.70505728 0.11063193
vn -0.69960367 0.70621294 0.10871056
vn -0.69897160 0.70705252 0.10731005
vn -0.69825634 0.70799657 0.10573051
vn -0.63692544 0.70339658 -0.31553007
vn -0.63692544 0.70339658 -0.31553007
vn -0.63692544 0.70339658 -0.31553007
vn -0.77369427 0.59908566 -0.20613962
vn -0.77369427 0.59908566 -0.20613962
vn -0.77369427 0.59908566 -0.20613962
vn 0.43018857 0.55688599 -0.71050390
vn 0.43018857 0.55688599 -0.71050390
vn 0.43018857 0.55688599 -0.71050390
vn 0.34395033 0.82234017 -0.45327123
vn 0.34395033 0.82234017 -0.45327123
vn 0.34395033 0.82234017 -0.45327123
vn 0.35793984 0.48684651 -0.79678074
vn 0.35793984 0.48684651 -0.79678074
vn 0.35793984 0.48684651 -0.79678074
vn 0.52048640 0.43729388 -0.73339483
vn 0.52048640 0.43729388 -0.73339483
vn 0.52048640 0.43729388 -0.73339483
vn 0.51862952 0.34940289 -0.78034675
vn 0.51862952 0.34940289 -0.78034675
vn 0.51862952 0.34940289 -0.78034675
vn 0.47298599 0.59044829 -0.65395342
vn 0.47298599 0.59044829 -0.65395342
vn 0.47298599 0.59044829 -0.65395342
vn 0.37373369 0.83384748 -0.40622839
vn 0.37373369 0.83384748 -0.40622839
vn 0.37373369 0.83384748 -0.40622839
vn 0.37503116 0.48898931 -0.78755386
vn 0.37503116 0.48898931 -0.78755386
vn 0.37503116 0.48898931 -0.78755386
vn 0.31644325 0.65392408 -0.68720227
vn 0.31644325 0.65392408 -0.68720227
vn 0.31644325 0.65392408 -0.68720227
vn 0.29389530 0.41015646 -0.86336390
vn 0.29389530 0.41015646 -0.86336390
vn 0.29389530 0.41015646 -0.86336390
vn 0.20661973 0.51163165 -0.83399121
vn 0.20680425 0.51162109 -0.83395195
vn 0.20597431 0.51166845 -0.83412828
vn 0.15389177 0.33287738 -0.93032789
vn 0.15389177 0.33287738 -0.93032789
vn 0.15389177 0.33287738 -0.93032789
vn 0.20736585 0.51158883 -0.83383228
vn 0.16008620 0.33466780 -0.92863872
vn 0.16008620 0.33466780 -0.92863872
vn 0.16008620 0.33466780 -0.92863872
vn 0.19655496 0.76900266 -0.60827712
vn 0.19655496 0.76900266 -0.60827712
vn 0.19655496 0.76900266 -0.60827712
vn 0.10674563 0.61319149 -0.78268868
vn 0.10674563 0.61319149 -0.78268868
vn 0.10674563 0.61319149 -0.78268868
vn 0.13769183 0.62275807 -0.77020345
vn 0.13769183 0.62275807 -0.77020345
vn 0.13769183 0.62275807 -0.77020345
vn -0.02564682 0.21698331 -0.97583835
vn -0.02564682 0.21698331 -0.97583835
vn -0.02564682 0.21698331 -0.97583835
vn -0.00947848 0.40421645 -0.91461425
vn -0.00947848 0.40421645 -0.91461425
vn -0.00947848 0.40421645 -0.91461425
vn 0.05023021 0.66730002 -0.74309327
vn 0.05023021 0.66730002 -0.74309327
vn 0.05023021 0.66730002 -0.74309327
vn 0.08028767 0.72726123 -0.68164873
vn 0.08028767 0.72726123 -0.68164873
vn 0.08028767 0.72726123 -0.68164873
vn -0.05338199 0.70912913 -0.70305493
vn -0.04881620 0.71096130 -0.70153475
vn -0.05026453 0.71038221 -0.70201894
vn -0.15552609 0.50859695 -0.84684165
vn -0.15552609 0.50859695 -0.84684165
vn -0.15552609 0.50859695 -0.84684165
vn -0.05475640 0.70857381 -0.70350898
vn -0.25009328 0.46475418 -0.84938619
vn -0.25009328 0.46475418 -0.84938619
vn -0.25009328 0.46475418 -0.84938619
vn 0.24156755 0.26404262 -0.93377011
vn 0.24156755 0.26404262 -0.93377011
vn 0.24156755 0.26404262 -0.93377011
vn -0.33115773 0.46051432 -0.82356610
vn -0.33115773 0.46051432 -0.82356610
vn -0.33115773 0.46051432 -0.82356610
vn -0.22820404 0.66299846 -0.71299085
vn -0.22820404 0.66299846 -0.71299085
vn -0.22820404 0.66299846 -0.71299085
vn -0.34442965 0.56133031 -0.75251345
vn -0.34442965 0.56133031 -0.75251345
vn -0.34442965 0.56133031 -0.75251345
vn 0.38312668 0.69159405 -0.61230027
vn 0.38312668 0.69159405 -0.61230027
vn 0.38312668 0.69159405 -0.61230027
vn 0.11279474 0.73934060 -0.66381686
vn 0.11279474 0.73934060 -0.66381686
vn 0.11279474 0.73934060 -0.66381686
vn 0.29599410 0.58630530 -0.75407797
vn 0.29599410 0.58630530 -0.75407797
vn 0.29599410 0.58630530 -0.75407797
vn 0.26858053 0.63116438 -0.72766478
vn 0.26858053 0.63116438 -0.72766478
vn 0.26858053 0.63116438 -0.72766478
vn 0.03660388 0.26014881 -0.96487447
vn 0.03660388 0.26014881 -0.96487447
vn 0.03660388 0.26014881 -0.96487447
vn 0.03196017 0.82014708 -0.57125942
vn 0.03196017 0.82014708 -0.57125942
vn 0.03196017 0.82014708 -0.57125942
vn -0.11374524 0.26812799 -0.95664487
vn -0.11374524 0.26812799 -0.95664487
vn -0.11374524 0.26812799 -0.95664487
vn -0.06975205 0.52898094 -0.84576227
vn -0.06975205 0.52898094 -0.84576227
vn -0.06975205 0.52898094 -0.84576227
vn -0.11504938 0.37304014 -0.92065449
vn -0.11504938 0.37304014 -0.92065449
vn -0.11504938 0.37304014 -0.92065449
vn -0.17691653 0.28591088 -0.94178315
vn -0.17691653 0.28591088 -0.94178315
vn -0.17691653 0.28591088 -0.94178315
vn -0.23751457 0.42683008 -0.87258404
vn -0.23751457 0.42683008 -0.87258404
vn -0.23751457 0.42683008 -0.87258404
vn -0.36245917 0.32717971 -0.87268367
vn -0.36245917 0.32717971 -0.87268367
vn -0.36245917 0.32717971 -0.87268367
vn -0.23841249 0.74793607 -0.61947649
vn -0.23841249 0.74793607 -0.61947649
vn -0.23841249 0.74793607 -0.61947649
vn 0.04803537 0.12264539 -0.99128740
vn 0.04803537 0.12264539 -0.99128740
vn 0.04803537 0.12264539 -0.99128740
vn -0.02058414 0.91754060 -0.39710898
vn -0.02058414 0.91754060 -0.39710898
vn -0.02058414 0.91754060 -0.39710898
vn -0.22723153 0.77363807 -0.59148116
vn -0.22723153 0.77363807 -0.59148116
vn -0.22723153 0.77363807 -0.59148116
vn 0.46867020 0.18637589 -0.86348844
vn 0.46867020 0.18637589 -0.86348844
vn 0.46867020 0.18637589 -0.86348844
vn 0.43282824 0.33130102 -0.83839093
vn 0.43282824 0.33130102 -0.83839093
vn 0.43282824 0.33130102 -0.83839093
vn 0.40852566 0.27775274 -0.86945972
vn 0.40852566 0.27775274 -0.86945972
vn 0.40852566 0.27775274 -0.86945972
vn 0.32204154 0.26923490 -0.90763529
vn 0.32204154 0.26923490 -0.90763529
vn 0.32204154 0.26923490 -0.90763529
vn 0.02303238 0.67739698 -0.73525699
vn 0.02303238 0.67739698 -0.73525699
vn 0.02303238 0.67739698 -0.73525699
vn -0.03138287 0.83229480 -0.55344420
vn -0.03138287 0.83229480 -0.55344420
vn -0.03138287 0.83229480 -0.55344420
vn -0.21355384 0.46922494 -0.85686797
vn -0.21355384 0.46922494 -0.85686797
vn -0.21355384 0.46922494 -0.85686797
vn -0.06737962 0.80412244 -0.59063278
vn -0.06737962 0.80412244 -0.59063278
vn -0.06737962 0.80412244 -0.59063278
vn -0.08254359 0.80963387 -0.58110201
vn -0.08254359 0.80963387 -0.58110201
vn -0.08254359 0.80963387 -0.58110201
vn -0.18226014 0.67966203 -0.71052147
vn -0.18226014 0.67966203 -0.71052147
vn -0.18226014 0.67966203 -0.71052147
vn -0.18780468 0.75995777 -0.62224882
vn -0.18780468 0.75995777 -0.62224882
vn -0.18780468 0.75995777 -0.62224882
vn -0.23505159 0.64366283 0.72831924
vn -0.23505159 0.64366283 0.72831924
vn -0.23505159 0.64366283 0.72831924
vn -0.07703862 0.83273159 0.54829112
vn -0.07703862 0.83273159 0.54829112
vn -0.07703862 0.83273159 0.54829112
vn -0.13104944 0.85734192 0.49778597
vn -0.13104944 0.85734192 0.49778597
vn -0.13104944 0.85734192 0.49778597
vn 0.11212567 0.97707923 0.18095306
vn 0.11212567 0.97707923 0.18095306
vn 0.11212567 0.97707923 0.18095306
vn 0.06116237 0.96924845 0.23836234
vn 0.06116237 0.96924845 0.23836234
vn 0.06116237 0.96924845 0.23836234
vn 0.37229470 0.46397170 0.80382020
vn 0.37233493 0.46401011 0.80377939
vn 0.37223864 0.46391816 0.80387707
vn 0.21945542 0.95562223 0.19653364
vn 0.21945542 0.95562223 0.19653364
vn 0.21945542 0.95562223 0.19653364
vn 0.26473592 0.59182231 0.76135487
vn 0.26473592 0.59182231 0.76135487
vn 0.26473592 0.59182231 0.76135487
vn 0.28841505 0.88699859 0.36062482
vn 0.28841505 0.88699859 0.36062482
vn 0.28841505 0.88699859 0.36062482
vn 0.47060040 0.31550347 0.82401021
vn 0.47060040 0.31550347 0.82401021
vn 0.47060040 0.31550347 0.82401021
vn 0.47714968 0.37134541 0.79651162
vn 0.47714968 0.37134541 0.79651162
vn 0.47714968 0.37134541 0.79651162
vn 0.41123022 0.68724221 0.59882206
vn 0.41123022 0.68724221 0.59882206
vn 0.41123022 0.68724221 0.59882206
vn 0.22301205 0.58146843 0.78240660
vn 0.22301205 0.58146843 0.78240660
vn 0.22301205 0.58146843 0.78240660
vn 0.20535574 0.93700130 0.28259083
vn 0.20535574 0.93700130 0.28259083
vn 0.20535574 0.93700130 0.28259083
vn 0.20313149 0.80618097 0.55570661
vn 0.20313149 0.80618097 0.55570661
vn 0.20313149 0.80618097 0.55570661
vn 0.23888258 0.95607345 0.16987843
vn 0.23888258 0.95607345 0.16987843
vn 0.23888258 0.95607345 0.16987843
vn 0.14353958 0.64919738 0.74695325
vn 0.14353958 0.64919738 0.74695325
vn 0.14353958 0.64919738 0.74695325
vn 0.41605558 0.62085102 0.66441084
vn 0.41605558 0.62085102 0.66441084
vn 0.41605558 0.62085102 0.66441084
vn 0.39221528 0.38145509 0.83705387
vn 0.39221528 0.38145509 0.83705387
vn 0.39221528 0.38145509 0.83705387
vn 0.37220089 0.46388212 0.80391534
vn 0.21942054 0.96545032 0.14057133
vn 0.21942054 0.96545032 0.14057133
vn 0.21942054 0.96545032 0.14057133
vn 0.34125794 0.77451346 0.53260860
vn 0.34125794 0.77451346 0.53260860
vn 0.34125794 0.77451346 0.53260860
vn 0.18824400 0.40190460 0.89612326
vn 0.18824400 0.40190460 0.89612326
vn 0.18824400 0.40190460 0.89612326
vn 0.10795854 0.96985658 0.21845634
vn 0.10795854 0.96985658 0.21845634
vn 0.10795854 0.96985658 0.21845634
vn 0.14610654 0.65582533 0.74063893
vn 0.14610654 0.65582533 0.74063893
vn 0.14610654 0.65582533 0.74063893
vn 0.10140269 0.29542760 0.94996843
vn 0.10140269 0.29542760 0.94996843
vn 0.10140269 0.29542760 0.94996843
vn 0.07092526 0.96941316 0.23496326
vn 0.07092526 0.96941316 0.23496326
vn 0.07092526 0.96941316 0.23496326
vn 0.13032881 0.96004627 0.24763999
vn 0.13032881 0.96004627 0.24763999
vn 0.13032881 0.96004627 0.24763999
vn 0.04614900 0.80690839 0.58887105
vn 0.04614900 0.80690839 0.58887105
vn 0.04614900 0.80690839 0.58887105
vn 0.20212667 0.93102619 0.30386682
vn 0.20212667 0.93102619 0.30386682
vn 0.20212667 0.93102619 0.30386682
vn 0.22685829 0.90000791 0.37218421
vn 0.22685829 0.90000791 0.37218421
vn 0.22685829 0.90000791 0.37218421
vn -0.06070709 0.45092487 0.89049504
vn -0.06070709 0.45092487 0.89049504
vn -0.06070709 0.45092487 0.89049504
vn -0.08222075 0.53020620 0.84387270
vn -0.08222075 0.53020620 0.84387270
vn -0.08222075 0.53020620 0.84387270
vn 0.13832069 0.96387521 0.22762244
vn 0.13832069 0.96387521 0.22762244
vn 0.13832069 0.96387521 0.22762244
vn -0.14844513 0.62099523 0.76962911
vn -0.14844513 0.62099523 0.76962911
vn -0.14844513 0.62099523 0.76962911
vn -0.01942607 0.81533239 0.57866719
vn -0.01942607 0.81533239 0.57866719
vn -0.01942607 0.81533239 0.57866719
vn -0.17093599 0.45459791 0.87414051
vn -0.17093599 0.45459791 0.87414051
vn -0.17093599 0.45459791 0.87414051
vn 0.11078264 0.97070975 0.21318956
vn 0.11078264 0.97070975 0.21318956
vn 0.11078264 0.97070975 0.21318956
vn -0.01701345 0.83562179 0.54904168
vn -0.01701345 0.83562179 0.54904168
vn -0.01701345 0.83562179 0.54904168
vn -0.25481372 0.48474686 0.83671408
vn -0.25481372 0.48474686 0.83671408
vn -0.25481372 0.48474686 0.83671408
vn -0.25233579 0.50475421 0.82556032
vn -0.25233579 0.50475421 0.82556032
vn -0.25233579 0.50475421 0.82556032
vn -0.09592267 0.81649495 0.56932840
vn -0.09592267 0.81649495 0.56932840
vn -0.09592267 0.81649495 0.56932840
vn 0.26239656 0.80078991 0.53840836
vn 0.26239656 0.80078991 0.53840836
vn 0.26239656 0.80078991 0.53840836
vn 0.29995279 0.37969111 0.87513598
vn 0.29995279 0.37969111 0.87513598
vn 0.29995279 0.37969111 0.87513598
vn 0.28871811 0.76419661 0.57675419
vn 0.28871811 0.76419661 0.57675419
vn 0.28871811 0.76419661 0.57675419
vn 0.18500153 0.44904951 0.87414471
vn 0.18500153 0.44904951 0.87414471
vn 0.18500153 0.44904951 0.87414471
vn 0.16915672 0.89429358 0.41427646
vn 0.16915672 0.89429358 0.41427646
vn 0.16915672 0.89429358 0.41427646
vn 0.18531267 0.91705761 0.35307869
vn 0.18531267 0.91705761 0.35307869
vn 0.18531267 0.91705761 0.35307869
vn 0.06971497 0.47987054 0.87456508
vn 0.06971497 0.47987054 0.87456508
vn 0.06971497 0.47987054 0.87456508
vn 0.12853000 0.92596146 0.35507098
vn 0.12853000 0.92596146 0.35507098
vn 0.12853000 0.92596146 0.35507098
vn 0.07126296 0.67978439 0.72994162
vn 0.07126296 0.67978439 0.72994162
vn 0.07126296 0.67978439 0.72994162
vn 0.12878105 0.80702748 0.57630035
vn 0.12878105 0.80702748 0.57630035
vn 0.12878105 0.80702748 0.57630035
vn 0.03184871 0.39859248 0.91657498
vn 0.03184871 0.39859248 0.91657498
vn 0.03184871 0.39859248 0.91657498
vn 0.14455437 0.94050671 0.30749172
vn 0.14455437 0.94050671 0.30749172
vn 0.14455437 0.94050671 0.30749172
vn 0.04032544 0.74972029 0.66052505
vn 0.04032544 0.74972029 0.66052505
vn 0.04032544 0.74972029 0.66052505
vn -0.06011263 0.56345037 0.82396005
vn -0.06011263 0.56345037 0.82396005
vn -0.06011263 0.56345037 0.82396005
vn -0.00262833 0.82758130 0.56133972
vn -0.00262833 0.82758130 0.56133972
vn -0.00262833 0.82758130 0.56133972
vn 0.07497287 0.97249524 0.22052680
vn 0.07497287 0.97249524 0.22052680
vn 0.07497287 0.97249524 0.22052680
vn -0.33431675 0.50525875 0.79557897
vn -0.33431675 0.50525875 0.79557897
vn -0.33431675 0.50525875 0.79557897
vn 0.29472634 0.47732929 0.82782433
vn 0.29472634 0.47732929 0.82782433
vn 0.29472634 0.47732929 0.82782433
vn 0.02518964 0.60118011 0.79871644
vn 0.02518964 0.60118011 0.79871644
vn 0.02518964 0.60118011 0.79871644
vn 0.03321591 0.58361743 0.81134913
vn 0.03321591 0.58361743 0.81134913
vn 0.03321591 0.58361743 0.81134913
vn 0.34778045 0.87789922 0.32915304
vn 0.34778045 0.87789922 0.32915304
vn 0.34778045 0.87789922 0.32915304
vn 0.40018157 0.80660240 0.43502561
vn 0.40018157 0.80660240 0.43502561
vn 0.40018157 0.80660240 0.43502561
vn 0.26206124 0.46273198 0.84687840
vn 0.26206124 0.46273198 0.84687840
vn 0.26206124 0.46273198 0.84687840
vn 0.33559403 0.94162197 0.02692064
vn 0.33559403 0.94162197 0.02692064
vn 0.33559403 0.94162197 0.02692064
vn 0.57936642 0.62589094 0.52210640
vn 0.57936642 0.62589094 0.52210640
vn 0.57936642 0.62589094 0.52210640
vn 0.74491632 0.25448126 0.61671627
vn 0.74491632 0.25448126 0.61671627
vn 0.74491632 0.25448126 0.61671627
vn 0.60233857 0.49978148 0.62242005
vn 0.60233857 0.49978148 0.62242005
vn 0.60233857 0.49978148 0.62242005
vn 0.48491488 0.34365536 0.80421300
vn 0.48491488 0.34365536 0.80421300
vn 0.48491488 0.34365536 0.80421300
vn 0.17074228 0.92558822 0.33783652
vn 0.17074228 0.92558822 0.33783652
vn 0.17074228 0.92558822 0.33783652
vn 0.79055179 0.60340733 -0.10453451
vn 0.79055179 0.60340733 -0.10453451
vn 0.79055179 0.60340733 -0.10453451
vn 0.92027755 0.37579987 0.10892060
vn 0.92027755 0.37579987 0.10892060
vn 0.92027755 0.37579987 0.10892060
vn 0.69718969 0.36827654 -0.61506009
vn 0.69718969 0.36827654 -0.61506009
vn 0.69718969 0.36827654 -0.61506009
vn 0.57482027 0.73256371 -0.36459850
vn 0.57482027 0.73256371 -0.36459850
vn 0.57482027 0.73256371 -0.36459850
vn 0.73415576 0.48908821 -0.47096501
vn 0.73415576 0.48908821 -0.47096501
vn 0.73415576 0.48908821 -0.47096501
vn 0.87651340 0.29845362 -0.37768994
vn 0.87651340 0.29845362 -0.37768994
vn 0.87651340 0.29845362 -0.37768994
vn 0.95107570 0.27410098 -0.14256112
vn 0.95107570 0.27410098 -0.14256112
vn 0.95107570 0.27410098 -0.14256112
vn 0.88274637 0.46762869 -0.04563182
vn 0.88274637 0.46762869 -0.04563182
vn 0.88274637 0.46762869 -0.04563182
vn 0.62451199 0.75681699 0.19290624
vn 0.62451199 0.75681699 0.19290624
vn 0.62451199 0.75681699 0.19290624
vn 0.79159536 0.46859339 0.39216965
vn 0.79159536 0.46859339 0.39216965
vn 0.79159536 0.46859339 0.39216965
vn 0.55377782 0.82250295 0.12968818
vn 0.55377782 0.82250295 0.12968818
vn 0.55377782 0.82250295 0.12968818
vn 0.84897729 0.20333683 0.48774142
vn 0.84897729 0.20333683 0.48774142
vn 0.84897729 0.20333683 0.48774142
vn 0.83760282 0.39648301 0.37579615
vn 0.83760282 0.39648301 0.37579615
vn 0.83760282 0.39648301 0.37579615
vn 0.82673160 0.45927837 0.32492805
vn 0.82673160 0.45927837 0.32492805
vn 0.82673160 0.45927837 0.32492805
vn 0.65617652 0.74877637 0.09362860
vn 0.65617652 0.74877637 0.09362860
vn 0.65617652 0.74877637 0.09362860
vn 0.52417253 0.84312181 -0.11995325
vn 0.52417253 0.84312181 -0.11995325
vn 0.52417253 0.84312181 -0.11995325
vn 0.61972896 0.78362596 0.04320146
vn 0.61972896 0.78362596 0.04320146
vn 0.61972896 0.78362596 0.04320146
vn 0.83839647 0.13484772 0.52811689
vn 0.83839647 0.13484772 0.52811689
vn 0.83839647 0.13484772 0.52811689
vn 0.82294646 0.26253428 0.50382028
vn 0.82294646 0.26253428 0.50382028
vn 0.82294646 0.26253428 0.50382028
vn 0.65288156 0.71934436 0.23725381
vn 0.65288156 0.71934436 0.23725381
vn 0.65288156 0.71934436 0.23725381
vn 0.17721303 0.97109746 0.15989144
vn 0.17721303 0.97109746 0.15989144
vn 0.17721303 0.97109746 0.15989144
vn 0.11080930 0.94503582 0.30761762
vn 0.11080930 0.94503582 0.30761762
vn 0.11080930 0.94503582 0.30761762
vn 0.26184084 0.94780564 0.18194460
vn 0.26184084 0.94780564 0.18194460
vn 0.26184084 0.94780564 0.18194460
vn 0.13432938 0.98860776 0.06789932
vn 0.13432938 0.98860776 0.06789932
vn 0.13432938 0.98860776 0.06789932
vn 0.30218546 0.93251812 0.19772178
vn 0.30218546 0.93251812 0.19772178
vn 0.30218546 0.93251812 0.19772178
vn 0.25072568 0.95773523 0.14099598
vn 0.25072568 0.95773523 0.14099598
vn 0.25072568 0.95773523 0.14099598
vn 0.18559959 0.96541218 0.18311777
vn 0.18559959 0.96541218 0.18311777
vn 0.18559959 0.96541218 0.18311777
vn 0.12802173 0.94014405 0.31581576
vn 0.12802173 0.94014405 0.31581576
vn 0.12802173 0.94014405 0.31581576
vn 0.22353610 0.96936609 0.10178896
vn 0.22353610 0.96936609 0.10178896
vn 0.22353610 0.96936609 0.10178896
vn 0.22601325 0.96859247 0.10366597
vn 0.22601325 0.96859247 0.10366597
vn 0.22601325 0.96859247 0.10366597
vn 0.10772362 0.96999484 0.21795785
vn 0.10772362 0.96999484 0.21795785
vn 0.10772362 0.96999484 0.21795785
vn 0.19352795 0.96992015 0.14765443
vn 0.19352795 0.96992015 0.14765443
vn 0.19352795 0.96992015 0.14765443
vn -0.02279867 0.95010311 0.31110175
vn -0.02279867 0.95010311 0.31110175
vn -0.02279867 0.95010311 0.31110175
vn 0.31785309 0.85775272 0.40401694
vn 0.31785309 0.85775272 0.40401694
vn 0.31785309 0.85775272 0.40401694
vn 0.15812224 0.92400847 0.34814609
vn 0.15812224 0.92400847 0.34814609
vn 0.15812224 0.92400847 0.34814609
vn 0.19948018 0.93351561 0.29791991
vn 0.19948018 0.93351561 0.29791991
vn 0.19948018 0.93351561 0.29791991
vn 0.20471455 0.93650272 0.28470091
vn 0.20471455 0.93650272 0.28470091
vn 0.20471455 0.93650272 0.28470091
vn 0.25608657 0.92187188 0.29081248
vn 0.25615207 0.92187085 0.29075806
vn 0.25614773 0.92187092 0.29076167
vn 0.25619115 0.92187023 0.29072558
vn 0.28908917 0.92092027 0.26140640
vn 0.28908917 0.92092027 0.26140640
vn 0.28908917 0.92092027 0.26140640
vn 0.12322453 0.98366901 0.13119072
vn 0.12322453 0.98366901 0.13119072
vn 0.12322453 0.98366901 0.13119072
vn 0.14161938 0.93953239 0.31180576
vn 0.14161938 0.93953239 0.31180576
vn 0.14161938 0.93953239 0.31180576
vn 0.30351610 0.88751767 0.34668483
vn 0.30351610 0.88751767 0.34668483
vn 0.30351610 0.88751767 0.34668483
vn 0.12237676 0.97235603 0.19886599
vn 0.12237676 0.97235603 0.19886599
vn 0.12237676 0.97235603 0.19886599
vn 0.01523690 0.97286991 0.23085054
vn 0.01523690 0.97286991 0.23085054
vn 0.01523690 0.97286991 0.23085054
vn 0.01971439 0.96041223 0.27788430
vn 0.01713150 0.96121094 0.27528175
vn 0.01927424 0.96054930 0.27744106
vn 0.13539176 0.98480397 0.10876678
vn 0.13539176 0.98480397 0.10876678
vn 0.13539176 0.98480397 0.10876678
vn 0.19012239 0.97567797 0.10911448
vn 0.19012239 0.97567797 0.10911448
vn 0.19012239 0.97567797 0.10911448
vn 0.26680095 0.91784784 0.29389215
vn 0.26680095 0.91784784 0.29389215
vn 0.26680095 0.91784784 0.29389215
vn 0.19779522 0.97028935 0.13933995
vn 0.19779522 0.97028935 0.13933995
vn 0.19779522 0.97028935 0.13933995
vn 0.02207436 0.95967056 0.28025906
vn 0.23066714 0.95173408 0.20247199
vn 0.23141594 0.95142651 0.20306220
vn 0.23110364 0.95155492 0.20281604
vn 0.18448801 0.91914385 0.34804994
vn 0.18448801 0.91914385 0.34804994
vn 0.18448801 0.91914385 0.34804994
vn 0.01404765 0.97301851 0.23029903
vn 0.01404765 0.97301851 0.23029903
vn 0.01404765 0.97301851 0.23029903
vn 0.05918668 0.98201238 0.17930038
vn 0.05918668 0.98201238 0.17930038
vn 0.05918668 0.98201238 0.17930038
vn 0.34167247 0.88609315 0.31320737
vn 0.34215294 0.88651357 0.31148844
vn 0.34115178 0.88605952 0.31386939
vn 0.19689381 0.97227973 0.12611483
vn 0.19689381 0.97227973 0.12611483
vn 0.19689381 0.97227973 0.12611483
vn 0.15267938 0.94372497 0.29338061
vn 0.15267938 0.94372497 0.29338061
vn 0.15267938 0.94372497 0.29338061
vn 0.16024940 0.95193526 0.26103522
vn 0.16024940 0.95193526 0.26103522
vn 0.16024940 0.95193526 0.26103522
vn 0.34037427 0.88622450 0.31424751
vn 0.33928145 0.88685092 0.31366152
vn 0.23037276 0.95185471 0.20223995
vn 0.14715281 0.98408839 0.09957956
vn 0.14715281 0.98408839 0.09957956
vn 0.14715281 0.98408839 0.09957956
vn 0.20524607 0.91502500 0.34727986
vn 0.20524607 0.91502500 0.34727986
vn 0.20524607 0.91502500 0.34727986
vn 0.15920953 0.96108767 0.22574944
vn 0.15920953 0.96108767 0.22574944
vn 0.15920953 0.96108767 0.22574944
vn 0.15590774 0.96422248 0.21440101
vn 0.15590774 0.96422248 0.21440101
vn 0.15590774 0.96422248 0.21440101
vn 0.17466778 0.94332201 0.28219629
vn 0.17466778 0.94332201 0.28219629
vn 0.17466778 0.94332201 0.28219629
vn 0.04519106 0.95361435 0.29761962
vn 0.04519106 0.95361435 0.29761962
vn 0.04519106 0.95361435 0.29761962
vn 0.05816682 0.94579738 0.31950576
vn 0.05816682 0.94579738 0.31950576
vn 0.05816682 0.94579738 0.31950576
vn 0.19941495 0.92053693 0.33592475
vn 0.19941495 0.92053693 0.33592475
vn 0.19941495 0.92053693 0.33592475
vn 0.14317757 0.96965334 0.19817309
vn 0.14317757 0.96965334 0.19817309
vn 0.14317757 0.96965334 0.19817309
vn 0.17587840 0.94971182 0.25906419
vn 0.17587840 0.94971182 0.25906419
vn 0.17587840 0.94971182 0.25906419
vn 0.22892770 0.89970267 0.37165469
vn 0.22892770 0.89970267 0.37165469
vn 0.22892770 0.89970267 0.37165469
vn 0.06641260 0.98207773 0.17638795
vn 0.06641260 0.98207773 0.17638795
vn 0.06641260 0.98207773 0.17638795
vn 0.20434809 0.97347930 0.10285868
vn 0.20434809 0.97347930 0.10285868
vn 0.20434809 0.97347930 0.10285868
vn 0.15999951 0.97204525 0.17183766
vn 0.15999951 0.97204525 0.17183766
vn 0.15999951 0.97204525 0.17183766
vn 0.16163192 0.98111419 0.10625477
vn 0.16163192 0.98111419 0.10625477
vn 0.16163192 0.98111419 0.10625477
vn 0.05117759 0.95821475 0.28143443
vn 0.05117759 0.95821475 0.28143443
vn 0.05117759 0.95821475 0.28143443
vn 0.09088152 0.98862110 0.11987025
vn 0.09088152 0.98862110 0.11987025
vn 0.09088152 0.98862110 0.11987025
vn 0.16550472 0.97435769 0.15243126
vn 0.16550472 0.97435769 0.15243126
vn 0.16550472 0.97435769 0.15243126
vn 0.08410971 0.93943247 0.33225321
vn 0.08410971 0.93943247 0.33225321
vn 0.08410971 0.93943247 0.33225321
vn 0.19375360 0.95448316 0.22676298
vn 0.19375360 0.95448316 0.22676298
vn 0.19375360 0.95448316 0.22676298
vn 0.31886055 0.90960162 0.26636974
vn 0.31886055 0.90960162 0.26636974
vn 0.31886055 0.90960162 0.26636974
vn 0.20152576 0.94109138 0.27154076
vn 0.20152576 0.94109138 0.27154076
vn 0.20152576 0.94109138 0.27154076
vn 0.11141397 0.99035855 0.08232178
vn 0.11141397 0.99035855 0.08232178
vn 0.11141397 0.99035855 0.08232178
vn 0.31961962 0.91011533 0.26369183
vn 0.31961962 0.91011533 0.26369183
vn 0.31961962 0.91011533 0.26369183
vn 0.25908398 0.94682756 0.19076967
vn 0.25908398 0.94682756 0.19076967
vn 0.25908398 0.94682756 0.19076967
vn 0.09075304 0.98640112 0.13702819
vn 0.09075304 0.98640112 0.13702819
vn 0.09075304 0.98640112 0.13702819
vn 0.17663484 0.96787041 0.17896092
vn 0.17663484 0.96787041 0.17896092
vn 0.17663484 0.96787041 0.17896092
vn 0.18709602 0.96019187 0.20742866
vn 0.18709602 0.96019187 0.20742866
vn 0.18709602 0.96019187 0.20742866
vn 0.06911693 0.93938515 0.33582493
vn 0.06911693 0.93938515 0.33582493
vn 0.06911693 0.93938515 0.33582493
vn 0.08736256 0.97060599 0.22425834
vn 0.08736256 0.97060599 0.22425834
vn 0.08736256 0.97060599 0.22425834
vn 0.19817475 0.95250137 0.23123128
vn 0.19817475 0.95250137 0.23123128
vn 0.19817475 0.95250137 0.23123128
vn 0.17063396 0.98127600 0.08933906
vn 0.17063396 0.98127600 0.08933906
vn 0.17063396 0.98127600 0.08933906
vn -0.97960244 0.18599678 -0.07605428
vn -0.97960244 0.18599678 -0.07605428
vn -0.97960244 0.18599678 -0.07605428
vn -0.97845830 0.20587654 -0.01530369
vn -0.97845830 0.20587654 -0.01530369
vn -0.97845830 0.20587654 -0.01530369
vn -0.77691029 0.18366645 0.60222674
vn -0.77691029 0.18366645 0.60222674
vn -0.77691029 0.18366645 0.60222674
vn -0.94372621 0.17295333 -0.28190066
vn -0.94372621 0.17295333 -0.28190066
vn -0.94372621 0.17295333 -0.28190066
vn -0.90287077 0.17912201 -0.39081924
vn -0.90287077 0.17912201 -0.39081924
vn -0.90287077 0.17912201 -0.39081924
vn -0.67683620 0.53419793 -0.50648330
vn -0.67683620 0.53419793 -0.50648330
vn -0.67683620 0.53419793 -0.50648330
vn -0.35279130 0.90263166 -0.24656518
vn -0.35279130 0.90263166 -0.24656518
vn -0.35279130 0.90263166 -0.24656518
vn -0.59392969 0.70659348 -0.38467282
vn -0.59392969 0.70659348 -0.38467282
vn -0.59392969 0.70659348 -0.38467282
vn -0.59261362 0.70689654 -0.38614295
vn -0.59261362 0.70689654 -0.38614295
vn -0.59261362 0.70689654 -0.38614295
vn -0.72476233 0.50903562 -0.46432994
vn -0.72476233 0.50903562 -0.46432994
vn -0.72476233 0.50903562 -0.46432994
vn -0.57032913 0.75815113 -0.31611953
vn -0.57032913 0.75815113 -0.31611953
vn -0.57032913 0.75815113 -0.31611953
vn -0.47438447 0.86593691 -0.15846971
vn -0.47438447 0.86593691 -0.15846971
vn -0.47438447 0.86593691 -0.15846971
vn -0.22857157 0.97351785 -0.00424597
vn -0.22857157 0.97351785 -0.00424597
vn -0.22857157 0.97351785 -0.00424597
vn -0.76724365 0.29687806 -0.56850734
vn -0.76724365 0.29687806 -0.56850734
vn -0.76724365 0.29687806 -0.56850734
vn -0.23402696 0.97030861 -0.06109488
vn -0.23402696 0.97030861 -0.06109488
vn -0.23402696 0.97030861 -0.06109488
vn -0.56026693 0.76189815 -0.32498029
vn -0.56026693 0.76189815 -0.32498029
vn -0.56026693 0.76189815 -0.32498029
vn -0.20999917 0.97723186 -0.03030259
vn -0.20999917 0.97723186 -0.03030259
vn -0.20999917 0.97723186 -0.03030259
vn -0.73814411 0.44481275 -0.50723258
vn -0.73814411 0.44481275 -0.50723258
vn -0.73814411 0.44481275 -0.50723258
vn -0.22490770 0.96964810 -0.09591189
vn -0.22490770 0.96964810 -0.09591189
vn -0.22490770 0.96964810 -0.09591189
vn 0.21448408 0.82498852 -0.52286760
vn 0.21448408 0.82498852 -0.52286760
vn 0.21448408 0.82498852 -0.52286760
vn 0.15018084 0.62227753 -0.76825542
vn 0.15018084 0.62227753 -0.76825542
vn 0.15018084 0.62227753 -0.76825542
vn -0.12463741 0.92385890 -0.36187048
vn -0.12463741 0.92385890 -0.36187048
vn -0.12463741 0.92385890 -0.36187048
vn -0.44945507 0.55036818 -0.70362278
vn -0.44945507 0.55036818 -0.70362278
vn -0.44945507 0.55036818 -0.70362278
vn -0.27089378 0.46448359 -0.84313199
vn -0.27089378 0.46448359 -0.84313199
vn -0.27089378 0.46448359 -0.84313199
vn 0.31768198 0.41049650 -0.85473434
vn 0.31768198 0.41049650 -0.85473434
vn 0.31768198 0.41049650 -0.85473434
vn -0.30996349 0.85983882 -0.40570905
vn -0.30996349 0.85983882 -0.40570905
vn -0.30996349 0.85983882 -0.40570905
vn -0.45376874 0.66979619 -0.58776440
vn -0.45376874 0.66979619 -0.58776440
vn -0.45376874 0.66979619 -0.58776440
vn 0.02205507 0.97793401 -0.20774661
vn 0.02205507 0.97793401 -0.20774661
vn 0.02205507 0.97793401 -0.20774661
vn -0.09081524 0.58913535 -0.80291477
vn -0.09081524 0.58913535 -0.80291477
vn -0.09081524 0.58913535 -0.80291477
vn 0.02646341 0.55215213 -0.83332330
vn 0.02646341 0.55215213 -0.83332330
vn 0.02646341 0.55215213 -0.83332330
vn 0.35785140 0.81044500 -0.46381167
vn 0.35785140 0.81044500 -0.46381167
vn 0.35785140 0.81044500 -0.46381167
vn 0.46234898 0.37759795 -0.80228001
vn 0.46234898 0.37759795 -0.80228001
vn 0.46234898 0.37759795 -0.80228001
vn 0.30230519 0.60773520 -0.73434971
vn 0.30230519 0.60773520 -0.73434971
vn 0.30230519 0.60773520 -0.73434971
vn 0.32850742 0.59566510 -0.73298429
vn 0.32850742 0.59566510 -0.73298429
vn 0.32850742 0.59566510 -0.73298429
vn 0.37534474 0.50624164 -0.77642497
vn 0.37534474 0.50624164 -0.77642497
vn 0.37534474 0.50624164 -0.77642497
vn 0.32797330 0.85189347 -0.40830262
vn 0.32797330 0.85189347 -0.40830262
vn 0.32797330 0.85189347 -0.40830262
vn -0.08546887 0.78836382 -0.60924343
vn -0.08546887 0.78836382 -0.60924343
vn -0.08546887 0.78836382 -0.60924343
vn 0.13760061 0.26891980 -0.95328286
vn 0.13760061 0.26891980 -0.95328286
vn 0.13760061 0.26891980 -0.95328286
vn 0.18145392 0.93392384 -0.30799469
vn 0.18145392 0.93392384 -0.30799469
vn 0.18145392 0.93392384 -0.30799469
vn 0.22744412 0.66677779 -0.70970174
vn 0.22744412 0.66677779 -0.70970174
vn 0.22744412 0.66677779 -0.70970174
vn -0.32040880 0.47036622 -0.82224924
vn -0.32040880 0.47036622 -0.82224924
vn -0.32040880 0.47036622 -0.82224924
vn 0.23381088 0.32246366 -0.91725114
vn 0.23381088 0.32246366 -0.91725114
vn 0.23381088 0.32246366 -0.91725114
vn -0.09247526 0.85792540 -0.50538336
vn -0.09247526 0.85792540 -0.50538336
vn -0.09247526 0.85792540 -0.50538336
vn -0.25374197 0.70024921 -0.66728259
vn -0.25374197 0.70024921 -0.66728259
vn -0.25374197 0.70024921 -0.66728259
vn 0.07064598 0.96974777 -0.23366304
vn 0.07064598 0.96974777 -0.23366304
vn 0.07064598 0.96974777 -0.23366304
vn 0.00892283 0.94618372 -0.32350697
vn 0.00892283 0.94618372 -0.32350697
vn 0.00892283 0.94618372 -0.32350697
vn 0.11303093 0.98586516 -0.12366852
vn 0.11303093 0.98586516 -0.12366852
vn 0.11303093 0.98586516 -0.12366852
vn -0.19772996 0.49735560 -0.84471313
vn -0.19635318 0.49964889 -0.84368028
vn -0.19810145 0.49673565 -0.84499083
vn -0.19615143 0.49998436 -0.84352846
vn -0.08170590 0.74404267 -0.66311737
vn -0.08170590 0.74404267 -0.66311737
vn -0.08170590 0.74404267 -0.66311737
vn 0.00263448 0.90510646 -0.42517684
vn 0.00263448 0.90510646 -0.42517684
vn 0.00263448 0.90510646 -0.42517684
vn 0.10007681 0.96633635 -0.23702044
vn 0.10007681 0.96633635 -0.23702044
vn 0.10007681 0.96633635 -0.23702044
vn 0.02821664 0.97566997 -0.21742109
vn 0.02821664 0.97566997 -0.21742109
vn 0.02821664 0.97566997 -0.21742109
vn 0.17574744 0.95092645 -0.25466003
vn 0.17574744 0.95092645 -0.25466003
vn 0.17574744 0.95092645 -0.25466003
vn 0.18675480 0.94249497 -0.27717482
vn 0.18675480 0.94249497 -0.27717482
vn 0.18675480 0.94249497 -0.27717482
vn 0.22494401 0.93521376 -0.27345094
vn 0.22494401 0.93521376 -0.27345094
vn 0.22494401 0.93521376 -0.27345094
vn -0.05957366 0.45358190 -0.88922126
vn -0.05957366 0.45358190 -0.88922126
vn -0.05957366 0.45358190 -0.88922126
vn 0.23517915 0.92512002 -0.29806664
vn 0.23517915 0.92512002 -0.29806664
vn 0.23517915 0.92512002 -0.29806664
vn -0.04808479 0.60038878 -0.79826134
vn -0.04808479 0.60038878 -0.79826134
vn -0.04808479 0.60038878 -0.79826134
vn 0.11930039 0.92256740 -0.36692888
vn 0.11930039 0.92256740 -0.36692888
vn 0.11930039 0.92256740 -0.36692888
vn 0.25350732 0.93466747 -0.24926043
vn 0.25350732 0.93466747 -0.24926043
vn 0.25350732 0.93466747 -0.24926043
vn 0.11875999 0.94458789 -0.30602253
vn 0.11875999 0.94458789 -0.30602253
vn 0.11875999 0.94458789 -0.30602253
vn 0.09683941 0.69077194 -0.71655862
vn 0.09683941 0.69077194 -0.71655862
vn 0.09683941 0.69077194 -0.71655862
vn 0.09898867 0.51729342 -0.85006397
vn 0.09898867 0.51729342 -0.85006397
vn 0.09898867 0.51729342 -0.85006397
vn 0.25637378 0.69132391 -0.67553219
vn 0.25637378 0.69132391 -0.67553219
vn 0.25637378 0.69132391 -0.67553219
vn 0.27515404 0.60879628 -0.74408155
vn 0.27515404 0.60879628 -0.74408155
vn 0.27515404 0.60879628 -0.74408155
vn 0.27009379 0.56424368 -0.78017845
vn 0.27009379 0.56424368 -0.78017845
vn 0.27009379 0.56424368 -0.78017845
vn 0.29366792 0.80053224 -0.52240529
vn 0.29366792 0.80053224 -0.52240529
vn 0.29366792 0.80053224 -0.52240529
vn -0.32452297 0.45872353 -0.82719862
vn -0.32452297 0.45872353 -0.82719862
vn -0.32452297 0.45872353 -0.82719862
vn 0.03435994 0.63279047 -0.77356035
vn 0.03435994 0.63279047 -0.77356035
vn 0.03435994 0.63279047 -0.77356035
vn 0.09245764 0.50368397 -0.85892610
vn 0.09245764 0.50368397 -0.85892610
vn 0.09245764 0.50368397 -0.85892610
vn 0.17182401 0.75719285 -0.63018687
vn 0.17182401 0.75719285 -0.63018687
vn 0.17182401 0.75719285 -0.63018687
vn 0.40098794 0.51157093 -0.75993675
vn 0.40098794 0.51157093 -0.75993675
vn 0.40098794 0.51157093 -0.75993675
vn 0.22958551 0.60004224 -0.76631573
vn 0.22958551 0.60004224 -0.76631573
vn 0.22958551 0.60004224 -0.76631573
vn 0.29922511 0.90259303 -0.30949984
vn 0.29922511 0.90259303 -0.30949984
vn 0.29922511 0.90259303 -0.30949984
vn 0.45851036 0.35391628 -0.81517576
vn 0.45851036 0.35391628 -0.81517576
vn 0.45851036 0.35391628 -0.81517576
vn 0.49471990 0.82136043 -0.28393533
vn 0.49471990 0.82136043 -0.28393533
vn 0.49471990 0.82136043 -0.28393533
vn 0.51796093 0.70400362 -0.48589647
vn 0.51796093 0.70400362 -0.48589647
vn 0.51796093 0.70400362 -0.48589647
vn 0.63513381 0.37754727 -0.67384204
vn 0.63513381 0.37754727 -0.67384204
vn 0.63513381 0.37754727 -0.67384204
vn 0.68287076 0.29958741 -0.66628441
vn 0.68287076 0.29958741 -0.66628441
vn 0.68287076 0.29958741 -0.66628441
vn 0.00056042 0.64654198 -0.76287821
vn 0.00056042 0.64654198 -0.76287821
vn 0.00056042 0.64654198 -0.76287821
vn -0.09577344 0.52638017 -0.84483807
vn -0.09577344 0.52638017 -0.84483807
vn -0.09577344 0.52638017 -0.84483807
vn 0.27577140 0.95411398 -0.11669040
vn 0.27577140 0.95411398 -0.11669040
vn 0.27577140 0.95411398 -0.11669040
vn 0.24643419 0.93854586 -0.24166475
vn 0.24643419 0.93854586 -0.24166475
vn 0.24643419 0.93854586 -0.24166475
vn 0.27153991 0.76956195 -0.57796236
vn 0.27153991 0.76956195 -0.57796236
vn 0.27153991 0.76956195 -0.57796236
vn 0.22171018 0.68622795 -0.69277399
vn 0.22171018 0.68622795 -0.69277399
vn 0.22171018 0.68622795 -0.69277399
vn 0.33294536 0.26364282 -0.90533963
vn 0.33294536 0.26364282 -0.90533963
vn 0.33294536 0.26364282 -0.90533963
vn -0.91576581 0.39831060 0.05216940
vn -0.91576581 0.39831060 0.05216940
vn -0.91576581 0.39831060 0.05216940
vn -0.56157438 0.82575231 -0.05260546
vn -0.56157438 0.82575231 -0.05260546
vn -0.56157438 0.82575231 -0.05260546
vn -0.76076131 0.63861242 -0.11582919
vn -0.76076131 0.63861242 -0.11582919
vn -0.76076131 0.63861242 -0.11582919
vn -0.83506394 0.43345109 -0.33880432
vn -0.83506394 0.43345109 -0.33880432
vn -0.83506394 0.43345109 -0.33880432
vn -0.34156037 0.91759638 0.20335533
vn -0.34156037 0.91759638 0.20335533
vn -0.34156037 0.91759638 0.20335533
vn -0.41506486 0.64752227 0.63909003
vn -0.41506486 0.64752227 0.63909003
vn -0.41506486 0.64752227 0.63909003
vn -0.30032152 0.87213983 0.38623711
vn -0.30032152 0.87213983 0.38623711
vn -0.30032152 0.87213983 0.38623711
vn -0.46183835 0.65742110 0.59540140
vn -0.46183835 0.65742110 0.59540140
vn -0.46183835 0.65742110 0.59540140
vn -0.65614223 0.48473930 0.57836423
vn -0.65614223 0.48473930 0.57836423
vn -0.65614223 0.48473930 0.57836423
vn -0.41874872 0.86279622 0.28325287
vn -0.41874872 0.86279622 0.28325287
vn -0.41874872 0.86279622 0.28325287
vn -0.73609663 0.61022769 0.29288891
vn -0.73609663 0.61022769 0.29288891
vn -0.73609663 0.61022769 0.29288891
vn -0.85205177 0.47738740 0.21473018
vn -0.85205177 0.47738740 0.21473018
vn -0.85205177 0.47738740 0.21473018
vn 0.64695597 0.48650081 0.58716687
vn 0.64695597 0.48650081 0.58716687
vn 0.64695597 0.48650081 0.58716687
vn 0.67718194 0.23424331 0.69753473
vn 0.67718194 0.23424331 0.69753473
vn 0.67718194 0.23424331 0.69753473
vn 0.92231632 0.08990910 0.37583102
vn 0.92231632 0.08990910 0.37583102
vn 0.92231632 0.08990910 0.37583102
vn 0.72450811 0.68628430 0.06404572
vn 0.72450811 0.68628430 0.06404572
vn 0.72450811 0.68628430 0.06404572
vn 0.95723794 0.27123061 -0.10064537
vn 0.95723794 0.27123061 -0.10064537
vn 0.95723794 0.27123061 -0.10064537
vn 0.96042432 0.22514625 -0.16399481
vn 0.96042432 0.22514625 -0.16399481
vn 0.96042432 0.22514625 -0.16399481
vn 0.64261090 0.70821138 0.29238307
vn 0.64261090 0.70821138 0.29238307
vn 0.64261090 0.70821138 0.29238307
vn 0.67052860 0.67671003 0.30406402
vn 0.67052860 0.67671003 0.30406402
vn 0.67052860 0.67671003 0.30406402
vn 0.97723847 0.17702392 0.11690812
vn 0.97723847 0.17702392 0.11690812
vn 0.97723847 0.17702392 0.11690812
vn 0.96106794 0.22131463 0.16543353
vn 0.96106794 0.22131463 0.16543353
vn 0.96106794 0.22131463 0.16543353
vn 0.72931096 0.49491235 0.47240585
vn 0.72931096 0.49491235 0.47240585
vn 0.72931096 0.49491235 0.47240585
vn 0.72635605 0.65490693 -0.20857563
vn 0.72635605 0.65490693 -0.20857563
vn 0.72635605 0.65490693 -0.20857563
vn 0.85442462 0.35347348 -0.38080843
vn 0.85442462 0.35347348 -0.38080843
vn 0.85442462 0.35347348 -0.38080843
vn 0.85399879 0.36203041 -0.37365767
vn 0.85399879 0.36203041 -0.37365767
vn 0.85399879 0.36203041 -0.37365767
vn 0.76043834 0.61863954 -0.19753138
vn 0.76043834 0.61863954 -0.19753138
vn 0.76043834 0.61863954 -0.19753138
vn 0.64524497 0.76394667 -0.00666452
vn 0.64524497 0.76394667 -0.00666452
vn 0.64524497 0.76394667 -0.00666452
vn 0.66397825 0.74744115 -0.02155486
vn 0.66397825 0.74744115 -0.02155486
vn 0.66397825 0.74744115 -0.02155486
vn 0.83668530 0.32829520 -0.43838337
vn 0.83668530 0.32829520 -0.43838337
vn 0.83668530 0.32829520 -0.43838337
vn 0.81605494 0.39225460 -0.42448871
vn 0.81605494 0.39225460 -0.42448871
vn 0.81605494 0.39225460 -0.42448871
vn 0.82310239 0.33908370 -0.45554879
vn 0.82310239 0.33908370 -0.45554879
vn 0.82310239 0.33908370 -0.45554879
vn 0.80003788 0.39342037 -0.45294569
vn 0.80003788 0.39342037 -0.45294569
vn 0.80003788 0.39342037 -0.45294569
vn 0.52157072 0.85314912 0.01002796
vn 0.52157072 0.85314912 0.01002796
vn 0.52157072 0.85314912 0.01002796
vn 0.58514520 0.80679008 -0.08182207
vn 0.58514520 0.80679008 -0.08182207
vn 0.58514520 0.80679008 -0.08182207
vn 0.55968202 0.81961862 -0.12239831
vn 0.55968202 0.81961862 -0.12239831
vn 0.55968202 0.81961862 -0.12239831
vn 0.57615252 0.80265592 -0.15424575
vn 0.57615252 0.80265592 -0.15424575
vn 0.57615252 0.80265592 -0.15424575
vn 0.38425888 0.71555918 0.58336967
vn 0.38425888 0.71555918 0.58336967
vn 0.38425888 0.71555918 0.58336967
vn 0.46268169 0.61285618 0.64057236
vn 0.46268169 0.61285618 0.64057236
vn 0.46268169 0.61285618 0.64057236
vn 0.45185692 0.58125139 0.67673639
vn 0.45185692 0.58125139 0.67673639
vn 0.45185692 0.58125139 0.67673639
vn -0.23298287 0.73123609 0.64110278
vn -0.23298287 0.73123609 0.64110278
vn -0.23298287 0.73123609 0.64110278
vn -0.19325098 0.74795926 0.63498897
vn -0.19325098 0.74795926 0.63498897
vn -0.19325098 0.74795926 0.63498897
vn -0.32129764 0.46392960 0.82555263
vn -0.32129764 0.46392960 0.82555263
vn -0.32129764 0.46392960 0.82555263
vn -0.02153974 0.55610996 0.83082956
vn -0.02153974 0.55610996 0.83082956
vn -0.02153974 0.55610996 0.83082956
vn -0.03099327 0.46484831 0.88484771
vn -0.03099327 0.46484831 0.88484771
vn -0.03099327 0.46484831 0.88484771
vn 0.05262794 0.77501037 0.62975330
vn 0.05262794 0.77501037 0.62975330
vn 0.05262794 0.77501037 0.62975330
vn 0.05470192 0.79292096 0.60686412
vn 0.05470192 0.79292096 0.60686412
vn 0.05470192 0.79292096 0.60686412
vn -0.16509085 0.65599904 0.73648508
vn -0.16509085 0.65599904 0.73648508
vn -0.16509085 0.65599904 0.73648508
vn 0.07929932 0.41135160 0.90802064
vn 0.07929932 0.41135160 0.90802064
vn 0.07929932 0.41135160 0.90802064
vn 0.10538693 0.61241384 0.78348126
vn 0.10538693 0.61241384 0.78348126
vn 0.10538693 0.61241384 0.78348126
vn 0.09134737 0.64757908 0.75650314
vn 0.09134737 0.64757908 0.75650314
vn 0.09134737 0.64757908 0.75650314
vn -0.17173295 0.46046069 0.87090973
vn -0.17173295 0.46046069 0.87090973
vn -0.17173295 0.46046069 0.87090973
vn -0.08601743 0.71964724 0.68899118
vn -0.08601743 0.71964724 0.68899118
vn -0.08601743 0.71964724 0.68899118
vn -0.16588350 0.37224966 0.91318829
vn -0.16588350 0.37224966 0.91318829
vn -0.16588350 0.37224966 0.91318829
vn 0.21098285 0.42999373 0.87783349
vn 0.21098285 0.42999373 0.87783349
vn 0.21098285 0.42999373 0.87783349
vn 0.20303781 0.59609787 0.77681592
vn 0.20303781 0.59609787 0.77681592
vn 0.20303781 0.59609787 0.77681592
vn -0.03921127 0.69287648 0.71998935
vn -0.03921127 0.69287648 0.71998935
vn -0.03921127 0.69287648 0.71998935
vn 0.27478319 0.44431743 0.85268765
vn 0.27478319 0.44431743 0.85268765
vn 0.27478319 0.44431743 0.85268765
vn 0.30288840 0.60071276 0.73986674
vn 0.30288840 0.60071276 0.73986674
vn 0.30288840 0.60071276 0.73986674
vn 0.28796879 0.71006318 0.64256070
vn 0.28796879 0.71006318 0.64256070
vn 0.28796879 0.71006318 0.64256070
vn 0.16369610 0.72601400 0.66791261
vn 0.16369610 0.72601400 0.66791261
vn 0.16369610 0.72601400 0.66791261
vn -0.33085997 0.36490552 0.87027331
vn -0.33085997 0.36490552 0.87027331
vn -0.33085997 0.36490552 0.87027331
vn -0.26122809 0.32249836 0.90981025
vn -0.26122809 0.32249836 0.90981025
vn -0.26122809 0.32249836 0.90981025
vn 0.32956697 0.58359410 0.74216140
vn 0.32956697 0.58359410 0.74216140
vn 0.32956697 0.58359410 0.74216140
vn 0.11942791 0.81753741 0.56335563
vn 0.11942791 0.81753741 0.56335563
vn 0.11942791 0.81753741 0.56335563
vn 0.46008768 0.38172784 0.80162534
vn 0.46008768 0.38172784 0.80162534
vn 0.46008768 0.38172784 0.80162534
vn 0.24508618 0.83058847 0.50005555
vn 0.24508618 0.83058847 0.50005555
vn 0.24508618 0.83058847 0.50005555
vn 0.51433279 0.04136818 0.85659235
vn 0.51433279 0.04136818 0.85659235
vn 0.51433279 0.04136818 0.85659235
vn 0.33413543 0.82195244 0.46124582
vn 0.33413543 0.82195244 0.46124582
vn 0.33413543 0.82195244 0.46124582
vn -0.23094790 0.74481144 0.62603433
vn -0.23094790 0.74481144 0.62603433
vn -0.23094790 0.74481144 0.62603433
vn -0.13277117 0.80655782 0.57605234
vn -0.13277117 0.80655782 0.57605234
vn -0.13277117 0.80655782 0.57605234
vn -0.11951722 0.79961218 0.58850319
vn -0.11951722 0.79961218 0.58850319
vn -0.11951722 0.79961218 0.58850319
vn -0.06596233 0.74922908 0.65901803
vn -0.06606189 0.74903617 0.65922731
vn -0.06680143 0.74760079 0.66078032
vn -0.06791761 0.74542603 0.66311932
vn -0.08559344 0.52334713 0.84780985
vn -0.08559344 0.52334713 0.84780985
vn -0.08559344 0.52334713 0.84780985
vn 0.03221130 0.79588929 0.60458471
vn 0.03221130 0.79588929 0.60458471
vn 0.03221130 0.79588929 0.60458471
vn 0.50481115 0.64378508 0.57507084
vn 0.50481115 0.64378508 0.57507084
vn 0.50481115 0.64378508 0.57507084
vn -0.41885113 0.37255698 0.82810931
vn -0.41885113 0.37255698 0.82810931
vn -0.41885113 0.37255698 0.82810931
vn 0.01283560 0.50030426 0.86575453
vn 0.01283560 0.50030426 0.86575453
vn 0.01283560 0.50030426 0.86575453
vn -0.36957641 0.46107015 0.80673886
vn -0.36957641 0.46107015 0.80673886
vn -0.36957641 0.46107015 0.80673886
vn 0.16824109 0.72033598 0.67291233
vn 0.16824109 0.72033598 0.67291233
vn 0.16824109 0.72033598 0.67291233
vn 0.12249121 0.43422753 0.89243619
vn 0.12249121 0.43422753 0.89243619
vn 0.12249121 0.43422753 0.89243619
vn 0.17599476 0.60826210 0.77397872
vn 0.17599476 0.60826210 0.77397872
vn 0.17599476 0.60826210 0.77397872
vn 0.36312227 0.41729844 0.83306916
vn 0.36312227 0.41729844 0.83306916
vn 0.36312227 0.41729844 0.83306916
vn 0.40845300 0.40198816 0.81949477
vn 0.40845300 0.40198816 0.81949477
vn 0.40845300 0.40198816 0.81949477
vn 0.40483322 0.38618446 0.82883751
vn 0.40483322 0.38618446 0.82883751
vn 0.40483322 0.38618446 0.82883751
vn 0.48123472 0.56077814 0.67375145
vn 0.48123472 0.56077814 0.67375145
vn 0.48123472 0.56077814 0.67375145
vn -0.23585612 0.50662146 0.82928076
vn -0.23585612 0.50662146 0.82928076
vn -0.23585612 0.50662146 0.82928076
f 1//1 2//2 3//3
f 4//4 5//5 6//6
f 7//7 8//8 9//9
f 10//10 7//7 9//9
f 11//11 4//4 6//6
f 12//12 6//6 13//13
f 14//14 15//15 16//16
f 17//17 18//18 19//19
f 20//20 21//21 22//22
f 23//23 24//24 25//25
f 25//25 24//24 26//26
f 27//27 28//28 29//29
f 30//30 31//31 32//32
f 33//33 34//34 35//35
f 36//36 37//37 38//38
f 39//39 40//40 41//41
f 42//42 43//43 44//44
f 45//45 46//46 47//47
f 48//48 49//49 50//50
f 51//51 52//52 53//53
f 54//54 55//55 56//56
f 57//57 58//58 59//59
f 60//60 61//61 62//62
f 63//63 64//64 65//65
f 66//66 67//67 68//68
f 69//69 70//70 71//71
f 72//72 73//73 74//74
f 75//75 76//76 77//77
f 78//78 79//79 80//80
f 66//66 81//81 67//67
f 82//82 83//83 84//84
f 85//85 86//86 87//87
f 88//88 89//89 90//90
f 91//91 92//92 93//93
f 94//94 95//95 96//96
f 97//97 98//98 99//99
f 100//100 101//101 102//102
f 103//103 104//104 105//105
f 106//106 92//92 91//91
f 107//107 108//108 109//109
f 110//110 111//111 112//112
f 113//113 114//114 115//115
f 116//116 117//117 118//118
f 119//119 120//120 121//121
f 122//122 123//123 124//124
f 108//108 107//107 125//125
f 126//126 127//127 128//128
f 129//129 130//130 131//131
f 132//132 133//133 134//134
f 135//135 136//136 137//137
f 138//138 120//120 139//139
f 140//140 141//141 142//142
f 143//143 144//144 145//145
f 146//146 147//147 148//148
f 149//149 150//150 151//151
f 152//152 153//153 154//154
f 155//155 156//156 157//157
f 158//158 159//159 160//160
f 125//125 107//107 161//161
f 149//149 162//162 150//150
f 163//163 127//127 126//126
f 164//164 165//165 166//166
f 167//167 168//168 169//169
f 170//170 171//171 172//172
f 173//173 174//174 175//175
f 176//176 165//165 164//164
f 177//177 178//178 179//179
f 104//104 103//103 180//180
f 181//181 182//182 183//183
f 145//145 144//144 184//184
f 185//185 186//186 187//187
f 188//188 189//189 190//190
f 191//191 192//192 193//193
f 194//194 195//195 196//196
f 197//197 198//198 199//199
f 200//200 201//201 202//202
f 203//203 204//204 205//205
f 206//206 207//207 208//208
f 209//209 210//210 211//211
f 197//197 212//212 198//198
f 213//213 214//214 215//215
f 93//93 92//92 216//216
f 217//217 218//218 219//219
f 220//220 221//221 222//222
f 223//223 224//224 225//225
f 226//226 227//227 228//228
f 229//229 230//230 231//231
f 232//232 233//233 234//234
f 235//235 236//236 237//237
f 238//238 239//239 240//240
f 241//241 242//242 243//243
f 244//244 245//245 246//246
f 247//247 248//248 249//249
f 250//250 251//251 252//252
f 253//253 254//254 255//255
f 256//256 257//257 258//258
f 259//259 260//260 261//261
f 197//197 262//262 263//263
f 264//264 265//265 266//266
f 267//267 268//268 269//269
f 266//266 265//265 270//270
f 271//271 272//272 273//273
f 274//274 257//257 256//256
f 275//275 276//276 277//277
f 278//278 279//279 280//280
f 281//281 282//282 283//283
f 284//284 285//285 286//286
f 287//287 288//288 289//289
f 290//290 291//291 292//292
f 293//293 294//294 295//295
f 296//296 297//297 298//298
f 299//299 300//300 301//301
f 302//302 303//303 304//304
f 305//305 306//306 307//307
f 308//308 309//309 310//310
f 311//311 312//312 313//313
f 314//314 315//315 316//316
f 317//317 318//318 319//319
f 319//319 318//318 320//320
f 321//321 322//322 265//265
f 323//323 324//324 325//325
f 326//326 327//327 328//328
f 287//287 329//329 288//288
f 330//330 331//331 332//332
f 333//333 334//334 335//335
f 336//336 337//337 338//338
f 339//339 340//340 341//341
f 342//342 343//343 344//344
f 345//345 346//346 347//347
f 348//348 349//349 350//350
f 351//351 352//352 353//353
f 354//354 355//355 356//356
f 357//357 358//358 359//359
f 360//360 361//361 362//362
f 346//346 363//363 347//347
f 364//364 365//365 366//366
f 367//367 368//368 369//369
f 370//370 371//371 372//372
f 373//373 374//374 375//375
f 376//376 377//377 378//378
f 336//336 379//379 337//337
f 380//380 381//381 382//382
f 383//383 384//384 385//385
f 370//370 386//386 371//371
f 387//387 388//388 389//389
f 390//390 391//391 392//392
f 381//381 393//393 382//382
f 394//394 395//395 396//396
f 349//349 397//397 398//398
f 399//399 400//400 401//401
f 402//402 403//403 404//404
f 405//405 406//406 407//407
f 408//408 409//409 410//410
f 411//411 412//412 413//413
f 414//414 397//397 349//349
f 415//415 416//416 417//417
f 418//418 419//419 420//420
f 421//421 422//422 423//423
f 424//424 425//425 426//426
f 427//427 428//428 429//429
f 430//430 66//66 431//431
f 432//432 433//433 434//434
f 419//419 435//435 436//436
f 437//437 438//438 439//439
f 440//440 441//441 442//442
f 427//427 443//443 428//428
f 444//444 445//445 446//446
f 447//447 448//448 449//449
f 450//450 451//451 452//452
f 453//453 454//454 433//433
f 455//455 456//456 457//457
f 458//458 459//459 460//460
f 461//461 462//462 463//463
f 464//464 465//465 466//466
f 467//467 468//468 469//469
f 470//470 471//471 472//472
f 473//473 474//474 475//475
f 476//476 477//477 478//478
f 479//479 480//480 481//481
f 482//482 483//483 484//484
f 485//485 486//486 487//487
f 488//488 489//489 490//490
f 491//491 492//492 493//493
f 494//494 495//495 496//496
f 497//497 498//498 499//499
f 500//500 501//501 502//502
f 503//503 504//504 505//505
f 51//51 53//53 506//506
f 507//507 508//508 509//509
f 510//510 511//511 512//512
f 513//513 514//514 515//515
f 516//516 517//517 518//518
f 519//519 520//520 521//521
f 522//522 523//523 524//524
f 525//525 526//526 527//527
f 528//528 529//529 530//530
f 531//531 532//532 533//533
f 534//534 535//535 536//536
f 537//537 538//538 539//539
f 540//540 541//541 542//542
f 543//543 544//544 545//545
f 546//546 547//547 548//548
f 549//549 550//550 551//551
f 552//552 553//553 554//554
f 555//555 556//556 557//557
f 558//558 559//559 560//560
f 561//561 562//562 563//563
f 564//564 565//565 566//566
f 567//567 568//568 569//569
f 570//570 571//571 572//572
f 573//573 574//574 575//575
f 576//576 577//577 578//578
f 579//579 580//580 581//581
f 582//582 583//583 584//584
f 585//585 586//586 587//587
f 588//588 589//589 590//590
f 591//591 592//592 593//593
f 594//594 595//595 596//596
f 597//597 598//598 599//599
f 600//600 601//601 602//602
f 603//603 604//604 605//605
f 606//606 607//607 608//608
f 609//609 610//610 611//611
f 612//612 613//613 614//614
f 615//615 616//616 617//617
f 618//618 619//619 620//620
f 621//621 622//622 623//623
f 624//624 625//625 626//626
f 627//627 628//628 629//629
f 630//630 631//631 632//632
f 633//633 634//634 635//635
f 636//636 637//637 638//638
f 639//639 640//640 641//641
f 642//642 643//643 644//644
f 645//645 646//646 647//647
f 648//648 649//649 650//650
f 651//651 652//652 653//653
f 654//654 655//655 656//656
f 657//657 658//658 659//659
f 660//660 661//661 662//662
f 663//663 664//664 665//665
f 666//666 667//667 668//668
f 669//669 670//670 671//671
f 672//672 673//673 674//674
f 675//675 676//676 677//677
f 678//678 679//679 680//680
f 681//681 682//682 683//683
f 684//684 685//685 686//686
f 687//687 688//688 689//689
f 690//690 691//691 692//692
f 693//693 694//694 695//695
f 696//696 697//697 698//698
f 699//699 700//700 701//701
f 702//702 703//703 704//704
f 705//705 706//706 707//707
f 708//708 709//709 710//710
f 711//711 712//712 713//713
f 714//714 715//715 716//716
f 714//714 717//717 715//715
f 718//718 719//719 720//720
f 721//721 722//722 723//723
f 724//724 725//725 726//726
f 727//727 728//728 729//729
f 730//730 731//731 732//732
f 730//730 732//732 733//733
f 734//734 735//735 736//736
f 737//737 738//738 739//739
f 740//740 741//741 742//742
f 743//743 744//744 745//745
f 746//746 747//747 748//748
f 749//749 750//750 751//751
f 752//752 753//753 754//754
f 755//755 756//756 757//757
f 758//758 759//759 760//760
f 761//761 762//762 763//763
f 764//764 765//765 766//766
f 767//767 768//768 769//769
f 770//770 771//771 772//772
f 773//773 774//774 775//775
f 776//776 777//777 778//778
f 779//779 780//780 781//781
f 782//782 783//783 784//784
f 785//785 786//786 787//787
f 788//788 789//789 790//790
f 791//791 792//792 793//793
f 794//794 795//795 796//796
f 797//797 798//798 799//799
f 800//800 801//801 802//802
f 803//803 804//804 805//805
f 806//806 807//807 808//808
f 809//809 810//810 811//811
f 812//812 813//813 814//814
f 815//815 816//816 817//817
f 818//818 819//819 820//820
f 821//821 822//822 823//823
f 824//824 825//825 826//826
f 827//827 828//828 829//829
f 830//830 831//831 832//832
f 833//833 834//834 835//835
f 836//836 837//837 838//838
f 839//839 840//840 841//841
f 842//842 843//843 844//844
f 845//845 846//846 847//847
f 848//848 849//849 850//850
f 771//771 851//851 772//772
f 852//852 853//853 854//854
f 855//855 856//856 857//857
f 858//858 859//859 860//860
f 861//861 862//862 863//863
f 864//864 865//865 866//866
f 867//867 868//868 869//869
f 870//870 871//871 872//872
f 873//873 874//874 875//875
f 876//876 877//877 878//878
f 879//879 880//880 881//881
f 882//882 883//883 884//884
f 885//885 886//886 887//887
f 888//888 889//889 890//890
f 891//891 892//892 893//893
f 894//894 895//895 896//896
f 897//897 898//898 899//899
f 900//900 901//901 902//902
f 903//903 904//904 905//905
f 906//906 907//907 908//908
f 909//909 910//910 911//911
f 912//912 913//913 914//914
f 915//915 916//916 917//917
f 918//918 919//919 920//920
f 921//921 922//922 923//923
f 924//924 925//925 926//926
f 927//927 928//928 929//929
f 930//930 931//931 932//932
f 933//933 934//934 935//935
f 936//936 937//937 938//938
f 939//939 940//940 941//941
f 942//942 943//943 944//944
f 945//945 946//946 947//947
f 948//948 949//949 950//950
f 951//951 952//952 953//953
f 954//954 955//955 956//956
f 957//957 958//958 959//959
f 960//960 961//961 962//962
f 963//963 964//964 965//965
f 966//966 967//967 968//968
f 969//969 970//970 971//971
f 972//972 973//973 974//974
f 975//975 976//976 977//977
f 978//978 979//979 980//980
f 981//981 982//982 983//983
f 984//984 985//985 986//986
f 987//987 988//988 989//989
f 987//987 990//990 988//988
f 991//991 990//990 987//987
f 992//992 993//993 994//994
f 995//995 996//996 997//997
f 997//997 996//996 998//998
f 999//999 1000//1000 1001//1001
f 1002//1002 1003//1003 1004//1004
f 1005//1005 1006//1006 1007//1007
f 1008//1008 1009//1009 1010//1010
f 1011//1011 1012//1012 1013//1013
f 1014//1014 1015//1015 1016//1016
f 1017//1017 1018//1018 1019//1019
f 1020//1020 1021//1021 1022//1022
f 1023//1023 1024//1024 1025//1025
f 1026//1026 1027//1027 1028//1028
f 1029//1029 1030//1030 1031//1031
f 1032//1032 1033//1033 1034//1034
f 1035//1035 1036//1036 1037//1037
f 1038//1038 1039//1039 1040//1040
f 1041//1041 1042//1042 1043//1043
f 1044//1044 1045//1045 1046//1046
f 1047//1047 1048//1048 1049//1049
f 1050//1050 1051//1051 1052//1052
f 1053//1053 1054//1054 1055//1055
f 1056//1056 1057//1057 1058//1058
f 1059//1059 1060//1060 1061//1061
f 1062//1062 1063//1063 1064//1064
f 1065//1065 1066//1066 1067//1067
f 1068//1068 1069//1069 1070//1070
f 1071//1071 1072//1072 1073//1073
f 1074//1074 1075//1075 1076//1076
f 1077//1077 1078//1078 1079//1079
f 1080//1080 1081//1081 1082//1082
f 1083//1083 1084//1084 1085//1085
f 1086//1086 1087//1087 1088//1088
f 1089//1089 1090//1090 1091//1091
f 1092//1092 1093//1093 1094//1094
f 1095//1095 1096//1096 1097//1097
f 1098//1098 1099//1099 1100//1100
f 1101//1101 1102//1102 1103//1103
f 1104//1104 1105//1105 1106//1106
f 1107//1107 1108//1108 1109//1109
f 1110//1110 1111//1111 1112//1112
f 1113//1113 1114//1114 1115//1115
f 1116//1116 1117//1117 1118//1118
f 1119//1119 1120//1120 1121//1121
f 1122//1122 1123//1123 1124//1124
f 1125//1125 1126//1126 1127//1127
f 1128//1128 1129//1129 1130//1130
f 1131//1131 1132//1132 1133//1133
f 1134//1134 1135//1135 1136//1136
f 1137//1137 1138//1138 1139//1139
f 1140//1140 1136//1136 1135//1135
f 1141//1141 1142//1142 1143//1143
f 1144//1144 1145//1145 1146//1146
f 1147//1147 1148//1148 1149//1149
f 1150//1150 1151//1151 1152//1152
f 1153//1153 1154//1154 1155//1155
f 1156//1156 1157//1157 1158//1158
f 1159//1159 1160//1160 1161//1161
f 1162//1162 1163//1163 1164//1164
f 1165//1165 1166//1166 1167//1167
f 1168//1168 1169//1169 1170//1170
f 1171//1171 1172//1172 1173//1173
f 1174//1174 1175//1175 1176//1176
f 1177//1177 1178//1178 1179//1179
f 1180//1180 1181//1181 1182//1182
f 1183//1183 1184//1184 1185//1185
f 1186//1186 1187//1187 1188//1188
f 1189//1189 1190//1190 1191//1191
f 1192//1192 1193//1193 1194//1194
f 1195//1195 1196//1196 1197//1197
f 1198//1198 1199//1199 1200//1200
f 1201//1201 1202//1202 1203//1203
f 1204//1204 1205//1205 1206//1206
f 1207//1207 1208//1208 1209//1209
f 1210//1210 1211//1211 1212//1212
f 1213//1213 1214//1214 1215//1215
f 1216//1216 1217//1217 1218//1218
f 1219//1219 1220//1220 1221//1221
f 1222//1222 1223//1223 1224//1224
f 1225//1225 1226//1226 1227//1227
f 1228//1228 1229//1229 1230//1230
f 1231//1231 1232//1232 1233//1233
f 1234//1234 1235//1235 1236//1236
f 1237//1237 1238//1238 1239//1239
f 1240//1240 1241//1241 1242//1242
f 1243//1243 1244//1244 1245//1245
f 1246//1246 1247//1247 1248//1248
f 1246//1246 1249//1249 1247//1247
f 1250//1250 1251//1251 1252//1252
f 1253//1253 1254//1254 1255//1255
f 1256//1256 1257//1257 1258//1258
f 1259//1259 1260//1260 1261//1261
f 1262//1262 1263//1263 1264//1264
f 1265//1265 1266//1266 1267//1267
f 1268//1268 1269//1269 1270//1270
f 1271//1271 1272//1272 1273//1273
f 1274//1274 1275//1275 1276//1276
f 1277//1277 1278//1278 1279//1279
f 1280//1280 1281//1281 1282//1282
f 1283//1283 1284//1284 1285//1285
f 1286//1286 1287//1287 1288//1288
f 1289//1289 1290//1290 1291//1291
f 1292//1292 1293//1293 1294//1294
f 1295//1295 1296//1296 1297//1297
f 1298//1298 1296//1296 1295//1295
f 1299//1299 1300//1300 1301//1301
f 1302//1302 1303//1303 1304//1304
f 1305//1305 1306//1306 1307//1307
f 1308//1308 1309//1309 1310//1310
f 1311//1311 1312//1312 1313//1313
f 1314//1314 1315//1315 1316//1316
f 1317//1317 1318//1318 1319//1319
f 1320//1320 1321//1321 1322//1322
f 1288//1288 1323//1323 1286//1286
f 1324//1324 1325//1325 1326//1326
f 1327//1327 1328//1328 1329//1329
f 1330//1330 1331//1331 1332//1332
f 1333//1333 1334//1334 1335//1335
f 1336//1336 1337//1337 1338//1338
f 1339//1339 1340//1340 1341//1341
f 1342//1342 1343//1343 1344//1344
f 1345//1345 1346//1346 1347//1347
f 1348//1348 1349//1349 1350//1350
f 1351//1351 1352//1352 1353//1353
f 1354//1354 1355//1355 1356//1356
f 1357//1357 1358//1358 1359//1359
f 1360//1360 1361//1361 1362//1362
f 1363//1363 1364//1364 1365//1365
f 1366//1366 1367//1367 1368//1368
f 1369//1369 1370//1370 1371//1371
f 1372//1372 1373//1373 1374//1374
f 1375//1375 1376//1376 1377//1377
f 1378//1378 1379//1379 1380//1380
f 1381//1381 1382//1382 1383//1383
f 1384//1384 1385//1385 1386//1386
f 1387//1387 1388//1388 1389//1389
f 1390//1390 1391//1391 1392//1392
f 1393//1393 1394//1394 1395//1395
f 1396//1396 1397//1397 1398//1398
f 1399//1399 1400//1400 1401//1401
f 1402//1402 1403//1403 1404//1404
f 1405//1405 1406//1406 1407//1407
f 1408//1408 1409//1409 1410//1410
f 1411//1411 1412//1412 1413//1413
f 1414//1414 1415//1415 1416//1416
f 1417//1417 1418//1418 1419//1419
f 1420//1420 1421//1421 1422//1422
f 1423//1423 1424//1424 1425//1425
f 1426//1426 1427//1427 1428//1428
f 1429//1429 1430//1430 1431//1431
f 1432//1432 1433//1433 1434//1434
f 1435//1435 1436//1436 1437//1437
f 1438//1438 1439//1439 1440//1440
f 1441//1441 1442//1442 1443//1443
f 1444//1444 1445//1445 1446//1446
f 1447//1447 1448//1448 1449//1449
f 1450//1450 1451//1451 1452//1452
f 1453//1453 1454//1454 1455//1455
f 1456//1456 1457//1457 1458//1458
f 1459//1459 1460//1460 1461//1461
f 1462//1462 1463//1463 1464//1464
f 1465//1465 1466//1466 1467//1467
f 1468//1468 1469//1469 1470//1470
f 1471//1471 1472//1472 1473//1473
f 1474//1474 1475//1475 1476//1476
f 1477//1477 1478//1478 1479//1479
f 1480//1480 1481//1481 1482//1482
f 1483//1483 1484//1484 1485//1485
f 1486//1486 1487//1487 1488//1488
f 1489//1489 1490//1490 1491//1491
f 1492//1492 1493//1493 1494//1494
f 1495//1495 1496//1496 1497//1497
f 1498//1498 1499//1499 1500//1500
f 1501//1501 1502//1502 1503//1503
f 1504//1504 1505//1505 1506//1506
f 1507//1507 1508//1508 1509//1509
f 1510//1510 1511//1511 1512//1512
f 1513//1513 1514//1514 1515//1515
f 1516//1516 1517//1517 1518//1518
f 1519//1519 1520//1520 1521//1521
f 1522//1522 1523//1523 1524//1524
f 1525//1525 1526//1526 1527//1527
f 1528//1528 1529//1529 1530//1530
f 1531//1531 1532//1532 1533//1533
f 1534//1534 1535//1535 1536//1536
f 1537//1537 1538//1538 1539//1539
f 1540//1540 1541//1541 1542//1542
f 1543//1543 1544//1544 1545//1545
f 1546//1546 1547//1547 1548//1548
f 1549//1549 1550//1550 1551//1551
f 1552//1552 1553//1553 1554//1554
f 1543//1543 1545//1545 1555//1555
f 1556//1556 1557//1557 1558//1558
f 1556//1556 1559//1559 1557//1557
f 1560//1560 1561//1561 1562//1562
f 1563//1563 1564//1564 1565//1565
f 1566//1566 1567//1567 1568//1568
f 1569//1569 1570//1570 1571//1571
f 1572//1572 1573//1573 1574//1574
f 1575//1575 1576//1576 1577//1577
f 1578//1578 1579//1579 1580//1580
f 1581//1581 1582//1582 1583//1583
f 1584//1584 1585//1585 1586//1586
f 1587//1587 1588//1588 1589//1589
f 1590//1590 1591//1591 1592//1592
f 1593//1593 1594//1594 1595//1595
f 1596//1596 1597//1597 1598//1598
f 1599//1599 1600//1600 1601//1601
f 1602//1602 1603//1603 1604//1604
f 1605//1605 1606//1606 1607//1607
f 1608//1608 1609//1609 1610//1610
f 1608//1608 1611//1611 1609//1609
f 1612//1612 1613//1613 1614//1614
f 1615//1615 1616//1616 1617//1617
f 1618//1618 1619//1619 1620//1620
f 1621//1621 1599//1599 1601//1601
f 1622//1622 1623//1623 1624//1624
f 1625//1625 1626//1626 1627//1627
f 1628//1628 1629//1629 1630//1630
f 1631//1631 1632//1632 1633//1633
f 1634//1634 1635//1635 1636//1636
f 1637//1637 1638//1638 1639//1639
f 1640//1640 1641//1641 1642//1642
f 1643//1643 1644//1644 1645//1645
f 1646//1646 1647//1647 1648//1648
f 1649//1649 1650//1650 1651//1651
f 1652//1652 1653//1653 1654//1654
f 1655//1655 1656//1656 1657//1657
f 1658//1658 1659//1659 1660//1660
f 1661//1661 1662//1662 1663//1663
f 1664//1664 1665//1665 1666//1666
f 1667//1667 1668//1668 1669//1669
f 1670//1670 1671//1671 1672//1672
f 1673//1673 1674//1674 1675//1675
f 1676//1676 1677//1677 1678//1678
f 1679//1679 1680//1680 1681//1681
f 1682//1682 1683//1683 1684//1684
f 1685//1685 1686//1686 1687//1687
f 1688//1688 1689//1689 1690//1690
f 1691//1691 1692//1692 1693//1693
f 1694//1694 1695//1695 1696//1696
f 1697//1697 1698//1698 1699//1699
f 1700//1700 1701//1701 1702//1702
f 1703//1703 1704//1704 1705//1705
f 1706//1706 1707//1707 1708//1708
f 1709//1709 1710//1710 1711//1711
f 1712//1712 1713//1713 1714//1714
f 1715//1715 1716//1716 1717//1717
f 1718//1718 1719//1719 1720//1720
f 1721//1721 1722//1722 1723//1723
f 1724//1724 1725//1725 1726//1726
f 1727//1727 1728//1728 1729//1729
f 1730//1730 1731//1731 1732//1732
f 1733//1733 1734//1734 1735//1735
f 1736//1736 1737//1737 1738//1738
f 1739//1739 1740//1740 1741//1741
f 1742//1742 1743//1743 1744//1744
f 1745//1745 1746//1746 1747//1747
f 1748//1748 1749//1749 1750//1750
f 1751//1751 1752//1752 1753//1753
f 1754//1754 1755//1755 1756//1756
f 1757//1757 1758//1758 1759//1759
f 1760//1760 1761//1761 1762//1762
f 1763//1763 1764//1764 1765//1765
f 1766//1766 1767//1767 1768//1768
f 1769//1769 1770//1770 1771//1771
f 1772//1772 1773//1773 1774//1774
f 1775//1775 1776//1776 1777//1777
f 1778//1778 1779//1779 1780//1780
f 1781//1781 1782//1782 1783//1783
f 1784//1784 1785//1785 1576//1576
f 1786//1786 1787//1787 1788//1788
f 1789//1789 1790//1790 1791//1791
f 1792//1792 1793//1793 1794//1794
f 1795//1795 1796//1796 1797//1797
f 1798//1798 1799//1799 1800//1800
f 1801//1801 1802//1802 1803//1803
f 1804//1804 1805//1805 1806//1806
f 1807//1807 1808//1808 1809//1809
f 1810//1810 1811//1811 1812//1812
f 1810//1810 1812//1812 1813//1813
f 1814//1814 1815//1815 1816//1816
f 1817//1817 1818//1818 1819//1819
f 1820//1820 1821//1821 1822//1822
f 1823//1823 1824//1824 1825//1825
f 1826//1826 1827//1827 1828//1828
f 1817//1817 1819//1819 1829//1829
f 1830//1830 1806//1806 1805//1805
f 1831//1831 1832//1832 1833//1833
f 1834//1834 1835//1835 1836//1836
f 1837//1837 1838//1838 1839//1839
f 1840//1840 1841//1841 1842//1842
f 1843//1843 1844//1844 1845//1845
f 1846//1846 1847//1847 1848//1848
f 1849//1849 1850//1850 1851//1851
f 1852//1852 1853//1853 1854//1854
f 1855//1855 1856//1856 1857//1857
f 1780//1780 1779//1779 1858//1858
f 1859//1859 1860//1860 1861//1861
f 1862//1862 1863//1863 1864//1864
f 1865//1865 1866//1866 1867//1867
f 1868//1868 1869//1869 1870//1870
f 1871//1871 1872//1872 1873//1873
f 1874//1874 1875//1875 1876//1876
f 1877//1877 1878//1878 1879//1879
f 1880//1880 1881//1881 1882//1882
f 1883//1883 1884//1884 1885//1885
f 1886//1886 1887//1887 1888//1888
f 1889//1889 1890//1890 1891//1891
f 1892//1892 1893//1893 1894//1894
f 1895//1895 1896//1896 1897//1897
f 1898//1898 1899//1899 1900//1900
f 1901//1901 1902//1902 1903//1903
f 1904//1904 1905//1905 1906//1906
f 1907//1907 1908//1908 1909//1909
f 1910//1910 1911//1911 1912//1912
f 1913//1913 1914//1914 1915//1915
f 1916//1916 1917//1917 1918//1918
f 1919//1919 1920//1920 1921//1921
f 1922//1922 1923//1923 1924//1924
f 1925//1925 1926//1926 1927//1927
f 1928//1928 1929//1929 1930//1930
f 1931//1931 1932//1932 1933//1933
f 1934//1934 1935//1935 1936//1936
f 1937//1937 1938//1938 1939//1939
f 1940//1940 1941//1941 1942//1942
f 1943//1943 1944//1944 1945//1945
f 1946//1946 1947//1947 1948//1948
f 1949//1949 1950//1950 1951//1951
f 1952//1952 1953//1953 1954//1954
f 1955//1955 1956//1956 1957//1957
f 1958//1958 1959//1959 1960//1960
f 1961//1961 1962//1962 1963//1963
f 1964//1964 1965//1965 1966//1966
f 1967//1967 1968//1968 1969//1969
f 1970//1970 1971//1971 1972//1972
f 1973//1973 1974//1974 1975//1975
f 1976//1976 1977//1977 1978//1978
f 1979//1979 1980//1980 1981//1981
f 1982//1982 1983//1983 1984//1984
f 1985//1985 1986//1986 1987//1987
f 1988//1988 1989//1989 1990//1990
f 1991//1991 1992//1992 1993//1993
f 1994//1994 1995//1995 1996//1996
f 1997//1997 1998//1998 1999//1999
f 2000//2000 2001//2001 2002//2002
f 2003//2003 2004//2004 2005//2005
f 2006//2006 2007//2007 2008//2008
f 2009//2009 2010//2010 2011//2011
f 2012//2012 2013//2013 2014//2014
f 2015//2015 2016//2016 2017//2017
f 2018//2018 2019//2019 2020//2020
f 2021//2021 2022//2022 2023//2023
f 2024//2024 2025//2025 2026//2026
f 2027//2027 2028//2028 2029//2029
f 2030//2030 2031//2031 2032//2032
f 2033//2033 2034//2034 2035//2035
f 2036//2036 2037//2037 2038//2038
f 2039//2039 2040//2040 2041//2041
f 2042//2042 2043//2043 2044//2044
f 2045//2045 2046//2046 2047//2047
f 2048//2048 2049//2049 2050//2050
f 2051//2051 2052//2052 2053//2053
f 2054//2054 2055//2055 2056//2056
f 2057//2057 2058//2058 2059//2059
f 2060//2060 2061//2061 2062//2062
f 2063//2063 2064//2064 2065//2065
f 2066//2066 2067//2067 2068//2068
f 2069//2069 2070//2070 2071//2071
f 2072//2072 2073//2073 2074//2074
f 2075//2075 2076//2076 2077//2077
f 2078//2078 2079//2079 2080//2080
f 2081//2081 2082//2082 2083//2083
f 2084//2084 2085//2085 2086//2086
f 2087//2087 2088//2088 2089//2089
f 2090//2090 2091//2091 2092//2092
f 2093//2093 2094//2094 2095//2095
f 2096//2096 2097//2097 2098//2098
f 2099//2099 2100//2100 2101//2101
f 2102//2102 2103//2103 2104//2104
f 2105//2105 2106//2106 2107//2107
f 2108//2108 2109//2109 2110//2110
f 2111//2111 2112//2112 2113//2113
f 2114//2114 2115//2115 2116//2116
f 2117//2117 2118//2118 2119//2119
f 2120//2120 2121//2121 2122//2122
f 2123//2123 2124//2124 2125//2125
f 2126//2126 2127//2127 2128//2128
f 2129//2129 2130//2130 2131//2131
f 2132//2132 2133//2133 2134//2134
f 2135//2135 2136//2136 2137//2137
f 2138//2138 2139//2139 2140//2140
f 2141//2141 2142//2142 2143//2143
f 2144//2144 2145//2145 2146//2146
f 2147//2147 2148//2148 2149//2149
f 2150//2150 2151//2151 2152//2152
f 2153//2153 2154//2154 2155//2155
f 2156//2156 2157//2157 2158//2158
f 2159//2159 2160//2160 2161//2161
f 2162//2162 2163//2163 2164//2164
f 2165//2165 2166//2166 2167//2167
f 2168//2168 2169//2169 2170//2170
f 2171//2171 2172//2172 2173//2173
f 2174//2174 2175//2175 2176//2176
f 2177//2177 2178//2178 2179//2179
f 2180//2180 2181//2181 2182//2182
f 2183//2183 2184//2184 2185//2185
f 2186//2186 2187//2187 2188//2188
f 2189//2189 2190//2190 2191//2191
f 2192//2192 2193//2193 2194//2194
f 2195//2195 2196//2196 2197//2197
f 2198//2198 2199//2199 2200//2200
f 2201//2201 2202//2202 2203//2203
f 2204//2204 2205//2205 2206//2206
f 2207//2207 2208//2208 2209//2209
f 2210//2210 2211//2211 2212//2212
f 2213//2213 2214//2214 2215//2215
f 2216//2216 2217//2217 2218//2218
f 2219//2219 2220//2220 2221//2221
f 2222//2222 2223//2223 2224//2224
f 2225//2225 2226//2226 2227//2227
f 2228//2228 2229//2229 2230//2230
f 2231//2231 2232//2232 2233//2233
f 2234//2234 2235//2235 2236//2236
f 2237//2237 2238//2238 2239//2239
f 2240//2240 2241//2241 2242//2242
f 2243//2243 2244//2244 2245//2245
f 2246//2246 2247//2247 2248//2248
f 2249//2249 2250//2250 2251//2251
f 2252//2252 2253//2253 2254//2254
f 2255//2255 2256//2256 2257//2257
f 2258//2258 2259//2259 2260//2260
f 2261//2261 2262//2262 2263//2263
f 2264//2264 2265//2265 2266//2266
f 2267//2267 2268//2268 2269//2269
f 2270//2270 2271//2271 2272//2272
f 2273//2273 2274//2274 2275//2275
f 2273//2273 2276//2276 2274//2274
f 2277//2277 2278//2278 2279//2279
f 2280//2280 2281//2281 2282//2282
f 2283//2283 2284//2284 2285//2285
f 2286//2286 2287//2287 2288//2288
f 2289//2289 2290//2290 2291//2291
f 2292//2292 2293//2293 2294//2294
f 2295//2295 2296//2296 2297//2297
f 2298//2298 2299//2299 2300//2300
f 2301//2301 2302//2302 2303//2303
f 2304//2304 2305//2305 2306//2306
f 2307//2307 2308//2308 2309//2309
f 2310//2310 2311//2311 2312//2312
f 2313//2313 2314//2314 2315//2315
f 2316//2316 2317//2317 2318//2318
f 2319//2319 2320//2320 2321//2321
f 2322//2322 2323//2323 2324//2324
f 2325//2325 2326//2326 2327//2327
f 2328//2328 2329//2329 2330//2330
f 2331//2331 2332//2332 2333//2333
f 2334//2334 2335//2335 2336//2336
f 2207//2207 2337//2337 2208//2208
f 2244//2244 2338//2338 2339//2339
f 2340//2340 2341//2341 2342//2342
f 2289//2289 2291//2291 2343//2343
f 2344//2344 2345//2345 2346//2346
f 2347//2347 2348//2348 2349//2349
f 2350//2350 2351//2351 2352//2352
f 2353//2353 2354//2354 2355//2355
f 2356//2356 2357//2357 2358//2358
f 2359//2359 2360//2360 2361//2361
f 2362//2362 2363//2363 2364//2364
f 2365//2365 2366//2366 2367//2367
f 2368//2368 2369//2369 2370//2370
f 2371//2371 2372//2372 2373//2373
f 2374//2374 2375//2375 2376//2376
f 2377//2377 2378//2378 2379//2379
f 2380//2380 2381//2381 2382//2382
f 2383//2383 2384//2384 2385//2385
f 2386//2386 2387//2387 2388//2388
f 2389//2389 2390//2390 2391//2391
f 2392//2392 2393//2393 2394//2394
f 2395//2395 2396//2396 2397//2397
f 2398//2398 2399//2399 2400//2400
f 2401//2401 2402//2402 2403//2403
f 2404//2404 2405//2405 2406//2406
f 2407//2407 2408//2408 2409//2409
f 2410//2410 2411//2411 2412//2412
f 2413//2413 2414//2414 2415//2415
f 2416//2416 2417//2417 2418//2418
f 2419//2419 2420//2420 2421//2421
f 2422//2422 2423//2423 2424//2424
f 2425//2425 2426//2426 2427//2427
f 2428//2428 2429//2429 2430//2430
f 2431//2431 2432//2432 2433//2433
f 2434//2434 2435//2435 2436//2436
f 2437//2437 2438//2438 2439//2439
f 2440//2440 2441//2441 2442//2442
f 2443//2443 2444//2444 2445//2445
f 2446//2446 2447//2447 2448//2448
f 2449//2449 2450//2450 2451//2451
f 2452//2452 2453//2453 2454//2454
f 2455//2455 2456//2456 2457//2457
f 2458//2458 2459//2459 2460//2460
f 2461//2461 2462//2462 2463//2463
f 2464//2464 2465//2465 2466//2466
f 2467//2467 2468//2468 2469//2469
f 2470//2470 2471//2471 2472//2472
f 2473//2473 2474//2474 2475//2475
f 2476//2476 2477//2477 2478//2478
f 2479//2479 2480//2480 2481//2481
f 2482//2482 2483//2483 2484//2484
f 2485//2485 2486//2486 2487//2487
f 2488//2488 2489//2489 2490//2490
f 2491//2491 2492//2492 2493//2493
f 2494//2494 2495//2495 2496//2496
f 2497//2497 2498//2498 2499//2499
f 2500//2500 2501//2501 2502//2502
f 2503//2503 2504//2504 2505//2505
f 2506//2506 2507//2507 2508//2508
f 2509//2509 2510//2510 2511//2511
f 2512//2512 2513//2513 2514//2514
f 2512//2512 2514//2514 2515//2515
f 2516//2516 2517//2517 2518//2518
f 2519//2519 2520//2520 2521//2521
f 2522//2522 2523//2523 2524//2524
f 2525//2525 2526//2526 2527//2527
f 2528//2528 2529//2529 2530//2530
f 2531//2531 2532//2532 2533//2533
f 2534//2534 2535//2535 2536//2536
f 2537//2537 2538//2538 2539//2539
f 2540//2540 2541//2541 2542//2542
f 2543//2543 2544//2544 2545//2545
f 2546//2546 2547//2547 2548//2548
f 2549//2549 2550//2550 2551//2551
f 2552//2552 2488//2488 2490//2490
f 2553//2553 2554//2554 2555//2555
f 2556//2556 2557//2557 2558//2558
f 2559//2559 2560//2560 2561//2561
f 2562//2562 2563//2563 2564//2564
f 2565//2565 2566//2566 2567//2567
f 2568//2568 2569//2569 2570//2570
f 2571//2571 2572//2572 2573//2573
f 2574//2574 2575//2575 2576//2576
f 2577//2577 2578//2578 2579//2579
f 2580//2580 2581//2581 2582//2582
f 2583//2583 2584//2584 2585//2585
f 2586//2586 2587//2587 2588//2588
f 2589//2589 2590//2590 2591//2591
f 2592//2592 2593//2593 2594//2594
f 2595//2595 2596//2596 2597//2597
f 2598//2598 2599//2599 2600//2600
f 2601//2601 2602//2602 2603//2603
f 2601//2601 2604//2604 2602//2602
f 2605//2605 2606//2606 2607//2607
f 2599//2599 2608//2608 2600//2600
f 2609//2609 2610//2610 2611//2611
f 2612//2612 2613//2613 2614//2614
f 2615//2615 2616//2616 2617//2617
f 2618//2618 2619//2619 2620//2620
f 2621//2621 2622//2622 2623//2623
f 2624//2624 2625//2625 2626//2626
f 2627//2627 2628//2628 2629//2629
f 2630//2630 2631//2631 2632//2632
f 2633//2633 2634//2634 2635//2635
f 2636//2636 2637//2637 2638//2638
f 2639//2639 2640//2640 2641//2641
f 2642//2642 2643//2643 2644//2644
f 2645//2645 2646//2646 2647//2647
f 2648//2648 2649//2649 2650//2650
f 2651//2651 2652//2652 2653//2653
f 2649//2649 2654//2654 2650//2650
f 2655//2655 2656//2656 2657//2657
f 2658//2658 2659//2659 2660//2660
f 2661//2661 2662//2662 2663//2663
f 2664//2664 2665//2665 2666//2666
f 2667//2667 2668//2668 2669//2669
f 2670//2670 2649//2649 2648//2648
f 2671//2671 2672//2672 2673//2673
f 2674//2674 2675//2675 2676//2676
f 2677//2677 2678//2678 2679//2679
f 2680//2680 2681//2681 2682//2682
f 2683//2683 2684//2684 2685//2685
f 2686//2686 2687//2687 2688//2688
f 2689//2689 2690//2690 2691//2691
f 2692//2692 2693//2693 2694//2694
f 2695//2695 2696//2696 2697//2697
f 2698//2698 2699//2699 2700//2700
f 2701//2701 2702//2702 2703//2703
f 2704//2704 2705//2705 2706//2706
f 2707//2707 2708//2708 2709//2709
f 2710//2710 2711//2711 2712//2712
f 2713//2713 2714//2714 2715//2715
f 2716//2716 2717//2717 2718//2718
f 2719//2719 2720//2720 2721//2721
f 2722//2722 2723//2723 2724//2724
f 2725//2725 2726//2726 2727//2727
f 2728//2728 2729//2729 2730//2730
f 2731//2731 2732//2732 2733//2733
f 2734//2734 2735//2735 2736//2736
f 2737//2737 2738//2738 2739//2739
f 2740//2740 2741//2741 2742//2742
f 2743//2743 2744//2744 2745//2745
f 2746//2746 2747//2747 2748//2748
f 2749//2749 2750//2750 2751//2751
f 2752//2752 2753//2753 2754//2754
f 2755//2755 2756//2756 2757//2757
f 2758//2758 2759//2759 2760//2760
f 2761//2761 2762//2762 2763//2763
f 2764//2764 2765//2765 2766//2766
f 2767//2767 2768//2768 2769//2769
f 2770//2770 2771//2771 2772//2772
f 2773//2773 2774//2774 2775//2775
f 2776//2776 2777//2777 2778//2778
f 2779//2779 2780//2780 2781//2781
f 2782//2782 2783//2783 2784//2784
f 2785//2785 2786//2786 2787//2787
f 2788//2788 2789//2789 2790//2790
f 2791//2791 2792//2792 2793//2793
f 2794//2794 2795//2795 2796//2796
f 2797//2797 2798//2798 2799//2799
f 2800//2800 2801//2801 2802//2802
f 2803//2803 2804//2804 2805//2805
f 2806//2806 2807//2807 2808//2808
f 2806//2806 2809//2809 2807//2807
f 2810//2810 2811//2811 2812//2812
f 2813//2813 2814//2814 2815//2815
f 2816//2816 2817//2817 2818//2818
f 2819//2819 2820//2820 2821//2821
f 2822//2822 2823//2823 2824//2824
f 2825//2825 2826//2826 2827//2827
f 2828//2828 2829//2829 2830//2830
f 2831//2831 2832//2832 2833//2833
f 2834//2834 2835//2835 2836//2836
f 2837//2837 2838//2838 2839//2839
f 2840//2840 2822//2822 2824//2824
f 2841//2841 2842//2842 2843//2843
f 2844//2844 2845//2845 2846//2846
f 2847//2847 2848//2848 2849//2849
f 2850//2850 2851//2851 2852//2852
f 2853//2853 2854//2854 2855//2855
f 2856//2856 2857//2857 2858//2858
f 2859//2859 2860//2860 2861//2861
f 2862//2862 2863//2863 2864//2864
f 2865//2865 2866//2866 2867//2867
f 2868//2868 2869//2869 2870//2870
f 2871//2871 2872//2872 2873//2873
f 2874//2874 2875//2875 2876//2876
f 2877//2877 2878//2878 2879//2879
f 2880//2880 2881//2881 2882//2882
f 2883//2883 2884//2884 2885//2885
f 2886//2886 2887//2887 2888//2888
f 2889//2889 2890//2890 2891//2891
f 2892//2892 2893//2893 2894//2894
f 2895//2895 2896//2896 2897//2897
f 2898//2898 2899//2899 2900//2900
f 2901//2901 2902//2902 2903//2903
f 2904//2904 2905//2905 2906//2906
f 2907//2907 2908//2908 2909//2909
f 2910//2910 2911//2911 2912//2912
f 2913//2913 2914//2914 2915//2915
f 2916//2916 2917//2917 2918//2918
f 2919//2919 2920//2920 2921//2921
f 2922//2922 2923//2923 2924//2924
f 2925//2925 2926//2926 2927//2927
f 2928//2928 2929//2929 2930//2930
f 2931//2931 2932//2932 2933//2933
f 2934//2934 2935//2935 2936//2936
f 2937//2937 2938//2938 2939//2939
f 2940//2940 2941//2941 2942//2942
f 2943//2943 2944//2944 2945//2945
f 2946//2946 2947//2947 2948//2948
f 2949//2949 2950//2950 2951//2951
f 2952//2952 2953//2953 2954//2954
f 2955//2955 2956//2956 2957//2957
f 2958//2958 2959//2959 2960//2960
f 2961//2961 2962//2962 2963//2963
f 2964//2964 2965//2965 2966//2966
f 2967//2967 2968//2968 2969//2969
f 2970//2970 2971//2971 2972//2972
f 2973//2973 2974//2974 2975//2975
f 2976//2976 2977//2977 2978//2978
f 2979//2979 2980//2980 2981//2981
f 2982//2982 2983//2983 2984//2984
f 2985//2985 2986//2986 2987//2987
f 2988//2988 2989//2989 2990//2990
f 2991//2991 2992//2992 2993//2993
f 2994//2994 2995//2995 2996//2996
f 2997//2997 2998//2998 2999//2999
f 2817//2817 3000//3000 2818//2818
f 3001//3001 3002//3002 3003//3003
f 3004//3004 3005//3005 3006//3006
f 3007//3007 3008//3008 3009//3009
f 3010//3010 3011//3011 3012//3012
f 3013//3013 3014//3014 3015//3015
f 3016//3016 3017//3017 3018//3018
f 3019//3019 3020//3020 3021//3021
f 3022//3022 3023//3023 3024//3024
f 3025//3025 3026//3026 3027//3027
f 3028//3028 3029//3029 3030//3030
f 3031//3031 3032//3032 3033//3033
f 3034//3034 3035//3035 3036//3036
f 3037//3037 3038//3038 3039//3039
f 3040//3040 3041//3041 3042//3042
f 3043//3043 3044//3044 3045//3045
f 3046//3046 3047//3047 3048//3048
f 3049//3049 3050//3050 3051//3051
f 3052//3052 3053//3053 3054//3054
f 3055//3055 3056//3056 3057//3057
f 3058//3058 3059//3059 3060//3060
f 3061//3061 3062//3062 3063//3063
f 3064//3064 3065//3065 3066//3066
f 3067//3067 3068//3068 3069//3069
f 3070//3070 3071//3071 3072//3072
f 3073//3073 3074//3074 3075//3075
f 3076//3076 3077//3077 3078//3078
f 3079//3079 3080//3080 3081//3081
f 3082//3082 3083//3083 3084//3084
f 3085//3085 3086//3086 3087//3087
f 3088//3088 3089//3089 3090//3090
f 3091//3091 3092//3092 3093//3093
f 3094//3094 3095//3095 3096//3096
f 3097//3097 3098//3098 3099//3099
f 3099//3099 3098//3098 3100//3100
f 3101//3101 3102//3102 3103//3103
f 3104//3104 3105//3105 3106//3106
f 3107//3107 3108//3108 3109//3109
f 3110//3110 3111//3111 3112//3112
f 3113//3113 3114//3114 3115//3115
f 3116//3116 3117//3117 3118//3118
f 3119//3119 3120//3120 3121//3121
f 3122//3122 3123//3123 3124//3124
f 3125//3125 3126//3126 3127//3127
f 3128//3128 3129//3129 3130//3130
f 3131//3131 3132//3132 3133//3133
f 3134//3134 3135//3135 3136//3136
f 3137//3137 3138//3138 3139//3139
f 3140//3140 3141//3141 3142//3142
f 3137//3137 3143//3143 3138//3138
f 3144//3144 3145//3145 3146//3146
f 3147//3147 3148//3148 3149//3149
f 3150//3150 3151//3151 3152//3152
f 3153//3153 3154//3154 3155//3155
f 3156//3156 3157//3157 3158//3158
f 3159//3159 3160//3160 3161//3161
f 3162//3162 3163//3163 3164//3164
f 3165//3165 3166//3166 3167//3167
f 3168//3168 3169//3169 3170//3170
f 3171//3171 3172//3172 3173//3173
f 3170//3170 3174//3174 3168//3168
f 3175//3175 3176//3176 3177//3177
f 3178//3178 3179//3179 3180//3180
f 3181//3181 3182//3182 3183//3183
f 3184//3184 3185//3185 3186//3186
f 3187//3187 3188//3188 3189//3189
f 3190//3190 3191//3191 3192//3192
f 3193//3193 3194//3194 3195//3195
f 3196//3196 3197//3197 3198//3198
f 3199//3199 3200//3200 3201//3201
f 3202//3202 3203//3203 3204//3204
f 3205//3205 3206//3206 3207//3207
f 3208//3208 3209//3209 3210//3210
f 3211//3211 3212//3212 3213//3213
f 3214//3214 3215//3215 3216//3216
f 3217//3217 3218//3218 3219//3219
f 3220//3220 3221//3221 3222//3222
f 3223//3223 3224//3224 3225//3225
f 3226//3226 3227//3227 3228//3228
f 3229//3229 3230//3230 3231//3231
f 3232//3232 3233//3233 3234//3234
f 3235//3235 3236//3236 3237//3237
f 3238//3238 3239//3239 3240//3240
f 3241//3241 3242//3242 3243//3243
f 3244//3244 3245//3245 3246//3246
f 3247//3247 3248//3248 3249//3249
f 3250//3250 3251//3251 3252//3252
f 3253//3253 3254//3254 3255//3255
f 3256//3256 3257//3257 3258//3258
f 3259//3259 3260//3260 3261//3261
f 3262//3262 3263//3263 3264//3264
f 3265//3265 3266//3266 3267//3267
f 3268//3268 3269//3269 3270//3270
f 3271//3271 3272//3272 3273//3273
f 3274//3274 3275//3275 3276//3276
f 3277//3277 3278//3278 3279//3279
f 3280//3280 3281//3281 3282//3282
f 3283//3283 3284//3284 3285//3285
f 3286//3286 3287//3287 3288//3288
f 3289//3289 3290//3290 3291//3291
f 3292//3292 3293//3293 3294//3294
f 3295//3295 3296//3296 3297//3297
f 3298//3298 3299//3299 3300//3300
f 3301//3301 3302//3302 3303//3303
f 3304//3304 3305//3305 3306//3306
f 3307//3307 3308//3308 3309//3309
f 3310//3310 3311//3311 3312//3312
f 3313//3313 3314//3314 3315//3315
f 3316//3316 3317//3317 3318//3318
f 3319//3319 3320//3320 3321//3321
f 3322//3322 3323//3323 3324//3324
f 3325//3325 3326//3326 3327//3327
f 3286//3286 3288//3288 3328//3328
f 3329//3329 3330//3330 3331//3331
f 3332//3332 3333//3333 3334//3334
f 3335//3335 3336//3336 3337//3337
f 3338//3338 3339//3339 3340//3340
f 3341//3341 3342//3342 3343//3343
f 3344//3344 3345//3345 3346//3346
f 3347//3347 3348//3348 3349//3349
f 3350//3350 3351//3351 3352//3352
f 3353//3353 3354//3354 3355//3355
f 3356//3356 3357//3357 3358//3358
f 3359//3359 3360//3360 3361//3361
f 3362//3362 3363//3363 3364//3364
f 3365//3365 3366//3366 3367//3367
f 3368//3368 3369//3369 3370//3370
f 3371//3371 3372//3372 3373//3373
f 3374//3374 3375//3375 3376//3376
f 3377//3377 3378//3378 3379//3379
f 3380//3380 3381//3381 3382//3382
f 3383//3383 3384//3384 3385//3385
f 3386//3386 3387//3387 3388//3388
f 3389//3389 3390//3390 3391//3391
f 3392//3392 3393//3393 3394//3394
f 3395//3395 3396//3396 3397//3397
f 3398//3398 3399//3399 3400//3400
f 3401//3401 3402//3402 3403//3403
f 3404//3404 3405//3405 3406//3406
f 3407//3407 3408//3408 3409//3409
f 3410//3410 3411//3411 3412//3412
f 3413//3413 3414//3414 3415//3415
f 3416//3416 3417//3417 3418//3418
f 3419//3419 3420//3420 3421//3421
f 3422//3422 3423//3423 3424//3424
f 3425//3425 3426//3426 3427//3427
f 3428//3428 3429//3429 3430//3430
f 3431//3431 3432//3432 3433//3433
f 3434//3434 3435//3435 3436//3436
f 3437//3437 3438//3438 3439//3439
f 3440//3440 3441//3441 3442//3442
f 3443//3443 3444//3444 3445//3445
f 3446//3446 3447//3447 3448//3448
f 3449//3449 3450//3450 3451//3451
f 3452//3452 3453//3453 3454//3454
f 3455//3455 3456//3456 3457//3457
f 3458//3458 3459//3459 3460//3460
f 3461//3461 3462//3462 3463//3463
f 3464//3464 3465//3465 3466//3466
f 3467//3467 3468//3468 3469//3469
f 3470//3470 3471//3471 3472//3472
f 3473//3473 3474//3474 3475//3475
f 3476//3476 3477//3477 3478//3478
f 3479//3479 3480//3480 3481//3481
f 3482//3482 3483//3483 3484//3484
f 3485//3485 3486//3486 3487//3487
f 3488//3488 3489//3489 3490//3490
f 3491//3491 3492//3492 3493//3493
f 3494//3494 3495//3495 3496//3496
f 3497//3497 3498//3498 3499//3499
f 3500//3500 3501//3501 3502//3502
f 3503//3503 3504//3504 3505//3505
f 3506//3506 3507//3507 3508//3508
f 3509//3509 3510//3510 3511//3511
f 3512//3512 3513//3513 3514//3514
f 3515//3515 3516//3516 3517//3517
f 3518//3518 3519//3519 3520//3520
f 3521//3521 3522//3522 3523//3523
f 3524//3524 3525//3525 3526//3526
f 3527//3527 3528//3528 3529//3529
f 3530//3530 3531//3531 3532//3532
f 3533//3533 3534//3534 3535//3535
f 3536//3536 3537//3537 3538//3538
f 3539//3539 3540//3540 3541//3541
f 3542//3542 3543//3543 3544//3544
f 3545//3545 3546//3546 3547//3547
f 3548//3548 3549//3549 3550//3550
f 3551//3551 3552//3552 3553//3553
f 3554//3554 3555//3555 3556//3556
f 3557//3557 3558//3558 3559//3559
f 3560//3560 3561//3561 3562//3562
f 3563//3563 3564//3564 3565//3565
f 3566//3566 3567//3567 3568//3568
f 3569//3569 3570//3570 3571//3571
f 3572//3572 3573//3573 3574//3574
f 3575//3575 3576//3576 3577//3577
f 3578//3578 3579//3579 3580//3580
f 3581//3581 3582//3582 3583//3583
f 3584//3584 3585//3585 3586//3586
f 3587//3587 3588//3588 3589//3589
f 3590//3590 3591//3591 3592//3592
f 3593//3593 3594//3594 3595//3595
f 3594//3594 3596//3596 3595//3595
f 3597//3597 3598//3598 3599//3599
f 3600//3600 3601//3601 3602//3602
f 3603//3603 3604//3604 3605//3605
f 3606//3606 3607//3607 3608//3608
f 3609//3609 3610//3610 3611//3611
f 3612//3612 3613//3613 3614//3614
f 3615//3615 3616//3616 3617//3617
f 3618//3618 3619//3619 3620//3620
f 3621//3621 3622//3622 3623//3623
f 3624//3624 3625//3625 3626//3626
f 3627//3627 3628//3628 3629//3629
f 3615//3615 3617//3617 3630//3630
f 3631//3631 3632//3632 3633//3633
f 3634//3634 3635//3635 3636//3636
f 3637//3637 3638//3638 3639//3639
f 3640//3640 3641//3641 3642//3642
f 3643//3643 3644//3644 3645//3645
f 3646//3646 3647//3647 3648//3648
f 3649//3649 3650//3650 3651//3651
f 3652//3652 3653//3653 3654//3654
f 3655//3655 3645//3645 3656//3656
f 3631//3631 3633//3633 3657//3657
f 3655//3655 3643//3643 3645//3645
f 3658//3658 3659//3659 3660//3660
f 3661//3661 3662//3662 3663//3663
f 3664//3664 3665//3665 3666//3666
f 3667//3667 3668//3668 3669//3669
f 3670//3670 3671//3671 3672//3672
f 3673//3673 3674//3674 3675//3675
f 3676//3676 3677//3677 3678//3678
f 3679//3679 3680//3680 3681//3681
f 3682//3682 3683//3683 3684//3684
f 3685//3685 3686//3686 3687//3687
f 3688//3688 3689//3689 3690//3690
f 3691//3691 3692//3692 3693//3693
f 3694//3694 3695//3695 3696//3696
f 3697//3697 3698//3698 3699//3699
f 3700//3700 3701//3701 3702//3702
f 3703//3703 3704//3704 3705//3705
f 3706//3706 3707//3707 3708//3708
f 3709//3709 3710//3710 3711//3711
f 3712//3712 3713//3713 3714//3714
f 3715//3715 3716//3716 3717//3717
f 3718//3718 3719//3719 3720//3720
f 3721//3721 3722//3722 3723//3723
f 3724//3724 3725//3725 3726//3726
f 3727//3727 3728//3728 3729//3729
f 3730//3730 3731//3731 3732//3732
f 3733//3733 3734//3734 3735//3735
f 3736//3736 3737//3737 3738//3738
f 3739//3739 3740//3740 3741//3741
f 3742//3742 3743//3743 3744//3744
f 3745//3745 3746//3746 3747//3747
f 3748//3748 3749//3749 3750//3750
f 3751//3751 3752//3752 3753//3753
f 3754//3754 3755//3755 3756//3756
f 3757//3757 3758//3758 3759//3759
f 3760//3760 3761//3761 3762//3762
f 3763//3763 3764//3764 3765//3765
f 3766//3766 3767//3767 3768//3768
f 3769//3769 3770//3770 3771//3771
f 3772//3772 3773//3773 3774//3774
f 3775//3775 3776//3776 3777//3777
f 3778//3778 3779//3779 3780//3780
f 3781//3781 3782//3782 3783//3783
f 3784//3784 3785//3785 3786//3786
f 3787//3787 3788//3788 3789//3789
f 3790//3790 3791//3791 3792//3792
f 3793//3793 3794//3794 3795//3795
f 3796//3796 3797//3797 3798//3798
f 3799//3799 3800//3800 3801//3801
f 3802//3802 3803//3803 3804//3804
f 3805//3805 3806//3806 3807//3807
f 3808//3808 3809//3809 3810//3810
f 3811//3811 3812//3812 3813//3813
f 3814//3814 3815//3815 3816//3816
f 3817//3817 3818//3818 3819//3819
f 3820//3820 3821//3821 3822//3822
f 3823//3823 3824//3824 3825//3825
f 3826//3826 3827//3827 3828//3828
f 3829//3829 3830//3830 3831//3831
f 3832//3832 3833//3833 3834//3834
f 3835//3835 3836//3836 3837//3837
f 3838//3838 3839//3839 3840//3840
f 3841//3841 3842//3842 3843//3843
f 3844//3844 3845//3845 3846//3846
f 3847//3847 3848//3848 3849//3849
f 3850//3850 3851//3851 3852//3852
f 3853//3853 3854//3854 3855//3855
f 3856//3856 3857//3857 3858//3858
f 3859//3859 3860//3860 3861//3861
f 3862//3862 3863//3863 3864//3864
f 3865//3865 3866//3866 3867//3867
f 3868//3868 3869//3869 3870//3870
f 3871//3871 3872//3872 3873//3873
f 3874//3874 3875//3875 3876//3876
f 3877//3877 3878//3878 3879//3879
f 3880//3880 3881//3881 3882//3882
f 3883//3883 3884//3884 3885//3885
f 3886//3886 3887//3887 3888//3888
f 3889//3889 3890//3890 3891//3891
f 3892//3892 3893//3893 3894//3894
f 3895//3895 3896//3896 3897//3897
f 3898//3898 3896//3896 3895//3895
f 3899//3899 3900//3900 3901//3901
f 3902//3902 3903//3903 3904//3904
f 3905//3905 3906//3906 3907//3907
f 3908//3908 3909//3909 3910//3910
f 3911//3911 3912//3912 3913//3913
f 3914//3914 3915//3915 3916//3916
f 3917//3917 3918//3918 3919//3919
f 3920//3920 3921//3921 3922//3922
f 3923//3923 3924//3924 3925//3925
f 3926//3926 3927//3927 3928//3928
f 3929//3929 3930//3930 3931//3931
f 3932//3932 3933//3933 3934//3934
f 3935//3935 3936//3936 3937//3937
f 3938//3938 3939//3939 3940//3940
f 3941//3941 3942//3942 3943//3943
f 3944//3944 3945//3945 3946//3946
f 3947//3947 3948//3948 3949//3949
f 3950//3950 3951//3951 3952//3952
f 3953//3953 3954//3954 3955//3955
f 3956//3956 3957//3957 3958//3958
f 3959//3959 3960//3960 3961//3961
f 3962//3962 3963//3963 3964//3964
f 3965//3965 3966//3966 3967//3967
f 3968//3968 3969//3969 3970//3970
f 3971//3971 3972//3972 3973//3973
f 3974//3974 3975//3975 3976//3976
f 3977//3977 3978//3978 3979//3979
f 3980//3980 3981//3981 3982//3982
f 3983//3983 3984//3984 3985//3985
f 3986//3986 3987//3987 3988//3988
f 3989//3989 3990//3990 3991//3991
f 3992//3992 3993//3993 3994//3994
f 3995//3995 3996//3996 3997//3997
f 3998//3998 3999//3999 4000//4000
f 4001//4001 4002//4002 4003//4003
f 4004//4004 4005//4005 4006//4006
f 4007//4007 4008//4008 4009//4009
f 4010//4010 4011//4011 4012//4012
f 4013//4013 4014//4014 4015//4015
f 4016//4016 4017//4017 4018//4018
f 4019//4019 4020//4020 4021//4021
f 4022//4022 4023//4023 4024//4024
f 4025//4025 4026//4026 4027//4027
f 4028//4028 4029//4029 4030//4030
f 4031//4031 4032//4032 4033//4033
f 4034//4034 4035//4035 4036//4036
f 4037//4037 4038//4038 4039//4039
f 4040//4040 4041//4041 4042//4042
f 4043//4043 4044//4044 4045//4045
f 4046//4046 4047//4047 4048//4048
f 4049//4049 4050//4050 4051//4051
f 4052//4052 4053//4053 4054//4054
f 4055//4055 4056//4056 4057//4057
f 4058//4058 4059//4059 4060//4060
f 4061//4061 4062//4062 4063//4063
f 4064//4064 4065//4065 4066//4066
f 4067//4067 4068//4068 4069//4069
f 4070//4070 4071//4071 4072//4072
f 4073//4073 4074//4074 4075//4075
f 4076//4076 4077//4077 4078//4078
f 4079//4079 4080//4080 4081//4081
f 4082//4082 4083//4083 4084//4084
f 4085//4085 4086//4086 4087//4087
f 4088//4088 4089//4089 4090//4090
f 4091//4091 4092//4092 4093//4093
f 4094//4094 4095//4095 4096//4096
f 4097//4097 4098//4098 4099//4099
f 4100//4100 4101//4101 4102//4102
f 4103//4103 4104//4104 4105//4105
f 4106//4106 4107//4107 4108//4108
f 4109//4109 4110//4110 4111//4111
f 4112//4112 4113//4113 4114//4114
f 4115//4115 4116//4116 4117//4117
f 4118//4118 4119//4119 4120//4120
f 4121//4121 4122//4122 4123//4123
f 4124//4124 4125//4125 4126//4126
f 4127//4127 4128//4128 4129//4129
f 4130//4130 4131//4131 4132//4132
f 4133//4133 4134//4134 4135//4135
f 4136//4136 4137//4137 4138//4138
f 4139//4139 4140//4140 4141//4141
f 4142//4142 4143//4143 4144//4144
f 4145//4145 4146//4146 4147//4147
f 4148//4148 4149//4149 4150//4150
f 4151//4151 4152//4152 4153//4153
f 4154//4154 4155//4155 4156//4156
f 4157//4157 4158//4158 4159//4159
f 4160//4160 4161//4161 4162//4162
f 4163//4163 4164//4164 4165//4165
f 4166//4166 4167//4167 4168//4168
f 4169//4169 4170//4170 4171//4171
f 4172//4172 4173//4173 4174//4174
f 4175//4175 4176//4176 4177//4177
f 4178//4178 4179//4179 4180//4180
f 4181//4181 4182//4182 4183//4183
f 4184//4184 4185//4185 4186//4186
f 4187//4187 4188//4188 4189//4189
f 4190//4190 4191//4191 4192//4192
f 4193//4193 4194//4194 4195//4195
f 4196//4196 4197//4197 4198//4198
f 4199//4199 4200//4200 4201//4201
f 4202//4202 4203//4203 4204//4204
f 4205//4205 4206//4206 4207//4207
f 4208//4208 4209//4209 4210//4210
f 4211//4211 4212//4212 4213//4213
f 4214//4214 4215//4215 4216//4216
f 4217//4217 4218//4218 4219//4219
f 4220//4220 4221//4221 4222//4222
f 4223//4223 4224//4224 4225//4225
f 4226//4226 4227//4227 4228//4228
f 4229//4229 4230//4230 4231//4231
f 4231//4231 4230//4230 4232//4232
f 4233//4233 4234//4234 4235//4235
f 4236//4236 4237//4237 4238//4238
f 4239//4239 4240//4240 4241//4241
f 4242//4242 4243//4243 4244//4244
f 4245//4245 4246//4246 4247//4247
f 4248//4248 4249//4249 4250//4250
f 4251//4251 4252//4252 4253//4253
f 4254//4254 4255//4255 4256//4256
f 4257//4257 4258//4258 4259//4259
f 4260//4260 4261//4261 4262//4262
f 4263//4263 4264//4264 4265//4265
f 4266//4266 4267//4267 4268//4268
f 4269//4269 4270//4270 4271//4271
f 4272//4272 4273//4273 4274//4274

