# https://github.com/mikedh/trimesh
v -0.06399381 -0.06079077 0.05889981
v -0.06380164 -0.06093287 0.05869990
v -0.06398433 -0.06070584 0.05869990
v -0.06340110 -0.06070953 0.05889981
v -0.06341695 -0.06061100 0.05869990
v -0.06355428 -0.06087929 0.05869990
v -0.06399381 -0.06079077 0.05889981
v -0.06398433 -0.06070584 0.05869990
v -0.06398832 -0.06050270 0.05869990
v -0.06399381 -0.06079077 0.05889981
v -0.06366068 -0.06092751 0.05889981
v -0.06380164 -0.06093287 0.05869990
v -0.06366068 -0.06092751 0.05889981
v -0.06340110 -0.06070953 0.05889981
v -0.06355428 -0.06087929 0.05869990
v -0.06366068 -0.06092751 0.05889981
v -0.06355428 -0.06087929 0.05869990
v -0.06380164 -0.06093287 0.05869990
v -0.06380164 -0.06093287 0.05869990
v -0.06355428 -0.06087929 0.05869990
v -0.06398433 -0.06070584 0.05869990
v -0.06379473 -0.06033813 0.05869990
v -0.06341695 -0.06061100 0.05869990
v -0.06353825 -0.06035727 0.05869990
v -0.06357949 -0.06038767 0.05889981
v -0.06379473 -0.06033813 0.05869990
v -0.06398832 -0.06050270 0.05869990
v -0.06393164 -0.06047672 0.05889981
v -0.06357949 -0.06038767 0.05889981
v -0.06398832 -0.06050270 0.05869990
v -0.06357949 -0.06038767 0.05889981
v -0.06341695 -0.06061100 0.05869990
v -0.06379473 -0.06033813 0.05869990
v -0.06393164 -0.06047672 0.05889981
v -0.06398832 -0.06050270 0.05869990
v -0.06398433 -0.06070584 0.05869990
v -0.06357949 -0.06038767 0.05889981
v -0.06347465 -0.06068593 0.05889981
v -0.06341695 -0.06061100 0.05869990
v -0.06373208 -0.06088835 0.05889981
v -0.06373089 -0.06075382 0.05889981
v -0.06392306 -0.06072711 0.05889981
v -0.06347465 -0.06068593 0.05889981
v -0.06366539 -0.06070756 0.05869990
v -0.06356638 -0.06073838 0.05869990
v -0.06354856 -0.06056398 0.05869990
v -0.06379795 -0.06070309 0.05869990
v -0.06378984 -0.06055819 0.05869990
v -0.06392306 -0.06072711 0.05889981
v -0.06379795 -0.06070309 0.05869990
v -0.06378984 -0.06055819 0.05869990
v -0.06347465 -0.06068593 0.05889981
v -0.06354856 -0.06056398 0.05869990
v -0.06356638 -0.06073838 0.05869990
v -0.06347465 -0.06068593 0.05889981
v -0.06357949 -0.06038767 0.05889981
v -0.06354856 -0.06056398 0.05869990
v -0.06373089 -0.06075382 0.05889981
v -0.06347465 -0.06068593 0.05889981
v -0.06356638 -0.06073838 0.05869990
v -0.06373089 -0.06075382 0.05889981
v -0.06356638 -0.06073838 0.05869990
v -0.06379795 -0.06070309 0.05869990
v -0.06366306 -0.06069254 0.05889981
v -0.06354856 -0.06056398 0.05869990
v -0.06378984 -0.06055819 0.05869990
v -0.06366306 -0.06069254 0.05889981
v -0.06378984 -0.06055819 0.05869990
v -0.06366539 -0.06070756 0.05869990
v -0.06366306 -0.06069254 0.05889981
v -0.06366539 -0.06070756 0.05869990
v -0.06354856 -0.06056398 0.05869990
v -0.06354856 -0.06056398 0.05869990
v -0.06393164 -0.06047672 0.05889981
v -0.06378984 -0.06055819 0.05869990
v -0.06357949 -0.06038767 0.05889981
v -0.06393164 -0.06047672 0.05889981
v -0.06354856 -0.06056398 0.05869990
v -0.06393164 -0.06047672 0.05889981
v -0.06392306 -0.06072711 0.05889981
v -0.06378984 -0.06055819 0.05869990
v -0.06392306 -0.06072711 0.05889981
v -0.06373089 -0.06075382 0.05889981
v -0.06379795 -0.06070309 0.05869990
v -0.06373208 -0.06088835 0.05889981
v -0.06392306 -0.06072711 0.05889981
v -0.06398433 -0.06070584 0.05869990
v -0.06392306 -0.06072711 0.05889981
v -0.06393164 -0.06047672 0.05889981
v -0.06398433 -0.06070584 0.05869990
v -0.06373208 -0.06088835 0.05889981
v -0.06398433 -0.06070584 0.05869990
v -0.06355428 -0.06087929 0.05869990
v -0.06347465 -0.06068593 0.05889981
v -0.06355428 -0.06087929 0.05869990
v -0.06341695 -0.06061100 0.05869990
v -0.06347465 -0.06068593 0.05889981
v -0.06373208 -0.06088835 0.05889981
v -0.06355428 -0.06087929 0.05869990
v -0.06359267 -0.06031239 0.05889981
v -0.06353825 -0.06035727 0.05869990
v -0.06341695 -0.06061100 0.05869990
v -0.06359267 -0.06031239 0.05889981
v -0.06379473 -0.06033813 0.05869990
v -0.06353825 -0.06035727 0.05869990
v -0.06394958 -0.06042397 0.05889981
v -0.06399381 -0.06079077 0.05889981
v -0.06398832 -0.06050270 0.05869990
v -0.06340110 -0.06070953 0.05889981
v -0.06359267 -0.06031239 0.05889981
v -0.06341695 -0.06061100 0.05869990
v -0.06394958 -0.06042397 0.05889981
v -0.06398832 -0.06050270 0.05869990
v -0.06379473 -0.06033813 0.05869990
v -0.06359267 -0.06031239 0.05889981
v -0.06394958 -0.06042397 0.05889981
v -0.06379473 -0.06033813 0.05869990
v -0.06359267 -0.06031239 0.05889981
v -0.06337451 -0.06009924 0.05889981
v -0.06391769 -0.06018906 0.05889981
v -0.06399047 -0.05684727 0.05881410
v -0.06633561 -0.05592370 0.05902791
v -0.06645971 -0.05703055 0.05889981
v -0.06401580 -0.05759835 0.05889981
v -0.06399047 -0.05684727 0.05881410
v -0.06645971 -0.05703055 0.05889981
v -0.06415706 -0.05787605 0.05889981
v -0.06401580 -0.05759835 0.05889981
v -0.06645971 -0.05703055 0.05889981
v -0.06284832 -0.05703210 0.05881088
v -0.06633561 -0.05592370 0.05902791
v -0.06399047 -0.05684727 0.05881410
v -0.06353914 -0.05761027 0.05889981
v -0.06348156 -0.05715554 0.05872201
v -0.06383848 -0.05709797 0.05877995
v -0.06353914 -0.05761027 0.05889981
v -0.06383848 -0.05709797 0.05877995
v -0.06401580 -0.05759835 0.05889981
v -0.06457173 -0.06176966 0.05889981
v -0.06444472 -0.05995810 0.05889981
v -0.06353914 -0.05761027 0.05889981
v -0.06307166 -0.05722194 0.05877995
v -0.06334084 -0.05717837 0.05889981
v -0.06399381 -0.06079077 0.05889981
v -0.06307131 -0.05781537 0.05889981
v -0.06307166 -0.05722194 0.05877995
v -0.06353914 -0.05761027 0.05889981
v -0.06374335 -0.05860871 0.05889981
v -0.06365519 -0.05806994 0.05873996
v -0.06415706 -0.05787605 0.05889981
v -0.06431376 -0.05884355 0.05889981
v -0.06374335 -0.05860871 0.05889981
v -0.06340110 -0.06070953 0.05889981
v -0.06387239 -0.05921876 0.05889981
v -0.06438541 -0.05939692 0.05889981
v -0.06055790 -0.05797511 0.05889981
v -0.06035965 -0.05689162 0.05896204
v -0.06633561 -0.05592370 0.05902791
v -0.06284832 -0.05703210 0.05881088
v -0.06315380 -0.05891823 0.05889981
v -0.06314915 -0.05861937 0.05889981
v -0.06364756 -0.06174737 0.05889981
v -0.06366068 -0.06092751 0.05889981
v -0.06307131 -0.05781537 0.05889981
v -0.06353914 -0.05761027 0.05889981
v -0.06318950 -0.05913859 0.05889981
v -0.06330311 -0.05951488 0.05889981
v -0.06353688 -0.05995947 0.05889981
v -0.06418514 -0.05948299 0.05889976
v -0.06423133 -0.05987823 0.05889981
v -0.06350731 -0.05960500 0.05889981
v -0.06055790 -0.05797511 0.05889981
v -0.06035965 -0.05689162 0.05896204
v -0.06284832 -0.05703210 0.05881088
v -0.06394958 -0.06042397 0.05889981
v -0.06055790 -0.05797511 0.05889981
v -0.06284832 -0.05703210 0.05881088
v -0.06307131 -0.05781537 0.05889981
v -0.06391769 -0.06018906 0.05889981
v -0.06373691 -0.06018912 0.05869990
v -0.06356453 -0.05997437 0.05869990
v -0.06391769 -0.06018906 0.05889981
v -0.06356453 -0.05997437 0.05869990
v -0.06353688 -0.05995947 0.05889981
v -0.06352728 -0.05955046 0.05870002
v -0.06347125 -0.05932068 0.05869990
v -0.06424415 -0.05928629 0.05869990
v -0.06428253 -0.05958133 0.05870002
v -0.06449866 -0.05990064 0.05869990
v -0.06409019 -0.05998492 0.05870008
v -0.06330037 -0.06003350 0.05869990
v -0.06373691 -0.06018912 0.05869990
v -0.06356453 -0.05997437 0.05869990
v -0.06391769 -0.06018906 0.05889981
v -0.06409019 -0.05998492 0.05870008
v -0.06449866 -0.05990064 0.05869990
v -0.06330311 -0.05951488 0.05889981
v -0.06347125 -0.05932068 0.05869990
v -0.06330037 -0.06003350 0.05869990
v -0.06444472 -0.05995810 0.05889981
v -0.06391769 -0.06018906 0.05889981
v -0.06449866 -0.05990064 0.05869990
v -0.06337451 -0.06009924 0.05889981
v -0.06330311 -0.05951488 0.05889981
v -0.06330037 -0.06003350 0.05869990
v -0.06438541 -0.05939692 0.05889981
v -0.06444472 -0.05995810 0.05889981
v -0.06449866 -0.05990064 0.05869990
v -0.06438541 -0.05939692 0.05889981
v -0.06449866 -0.05990064 0.05869990
v -0.06424415 -0.05928629 0.05869990
v -0.06337451 -0.06009924 0.05889981
v -0.06330037 -0.06003350 0.05869990
v -0.06373691 -0.06018912 0.05869990
v -0.06391769 -0.06018906 0.05889981
v -0.06337451 -0.06009924 0.05889981
v -0.06373691 -0.06018912 0.05869990
v -0.06387239 -0.05921876 0.05889981
v -0.06438541 -0.05939692 0.05889981
v -0.06424415 -0.05928629 0.05869990
v -0.06387239 -0.05921876 0.05889981
v -0.06424415 -0.05928629 0.05869990
v -0.06347125 -0.05932068 0.05869990
v -0.06330311 -0.05951488 0.05889981
v -0.06387239 -0.05921876 0.05889981
v -0.06347125 -0.05932068 0.05869990
v -0.06409019 -0.05998492 0.05870008
v -0.06391769 -0.06018906 0.05889981
v -0.06423133 -0.05987823 0.05889981
v -0.06418514 -0.05948299 0.05889976
v -0.06350731 -0.05960500 0.05889981
v -0.06352728 -0.05955046 0.05870002
v -0.06418514 -0.05948299 0.05889976
v -0.06352728 -0.05955046 0.05870002
v -0.06428253 -0.05958133 0.05870002
v -0.06423133 -0.05987823 0.05889981
v -0.06418514 -0.05948299 0.05889976
v -0.06428253 -0.05958133 0.05870002
v -0.06353688 -0.05995947 0.05889981
v -0.06356453 -0.05997437 0.05869990
v -0.06352728 -0.05955046 0.05870002
v -0.06350731 -0.05960500 0.05889981
v -0.06353688 -0.05995947 0.05889981
v -0.06352728 -0.05955046 0.05870002
v -0.06423133 -0.05987823 0.05889981
v -0.06428253 -0.05958133 0.05870002
v -0.06409019 -0.05998492 0.05870008
v -0.06332427 -0.05847197 0.05869990
v -0.06316179 -0.05863434 0.05869990
v -0.06307613 -0.05804920 0.05869990
v -0.06375598 -0.05859154 0.05869990
v -0.06358134 -0.05840373 0.05869990
v -0.06365519 -0.05806994 0.05873996
v -0.06375598 -0.05859154 0.05869990
v -0.06415706 -0.05787605 0.05869990
v -0.06365519 -0.05806994 0.05873996
v -0.06307613 -0.05804920 0.05869990
v -0.06358134 -0.05840373 0.05869990
v -0.06322044 -0.05814075 0.05889981
v -0.06332427 -0.05847197 0.05869990
v -0.06307613 -0.05804920 0.05869990
v -0.06322044 -0.05814075 0.05889981
v -0.06333321 -0.05847716 0.05889981
v -0.06332427 -0.05847197 0.05869990
v -0.06358516 -0.05839502 0.05889981
v -0.06365519 -0.05806994 0.05873996
v -0.06358134 -0.05840373 0.05869990
v -0.06333321 -0.05847716 0.05889981
v -0.06358134 -0.05840373 0.05869990
v -0.06332427 -0.05847197 0.05869990
v -0.06333321 -0.05847716 0.05889981
v -0.06358516 -0.05839502 0.05889981
v -0.06358134 -0.05840373 0.05869990
v -0.06322044 -0.05814075 0.05889981
v -0.06365519 -0.05806994 0.05873996
v -0.06358516 -0.05839502 0.05889981
v -0.06333321 -0.05847716 0.05889981
v -0.06322044 -0.05814075 0.05889981
v -0.06358516 -0.05839502 0.05889981
v -0.06365519 -0.05806994 0.05873996
v -0.06322044 -0.05814075 0.05889981
v -0.06307613 -0.05804920 0.05869990
v -0.06307131 -0.05781537 0.05889981
v -0.06415706 -0.05787605 0.05869990
v -0.06307613 -0.05804920 0.05869990
v -0.06307131 -0.05781537 0.05889981
v -0.06415706 -0.05787605 0.05889981
v -0.06415706 -0.05787605 0.05869990
v -0.06415706 -0.05787605 0.05889981
v -0.06365519 -0.05806994 0.05873996
v -0.06415706 -0.05787605 0.05869990
v -0.06314915 -0.05861937 0.05889981
v -0.06307613 -0.05804920 0.05869990
v -0.06316179 -0.05863434 0.05869990
v -0.06314915 -0.05861937 0.05889981
v -0.06307131 -0.05781537 0.05889981
v -0.06307613 -0.05804920 0.05869990
v -0.06374335 -0.05860871 0.05889981
v -0.06316179 -0.05863434 0.05869990
v -0.06375598 -0.05859154 0.05869990
v -0.06374335 -0.05860871 0.05889981
v -0.06314915 -0.05861937 0.05889981
v -0.06316179 -0.05863434 0.05869990
v -0.06365519 -0.05806994 0.05873996
v -0.06374335 -0.05860871 0.05889981
v -0.06375598 -0.05859154 0.05869990
v -0.06422251 -0.05626595 0.03718334
v -0.06843280 -0.06162852 0.03724759
v -0.06728941 -0.05576926 0.03720623
v -0.05937767 -0.05705070 0.03720623
v -0.06036972 -0.06266427 0.03717219
v -0.06422251 -0.05626595 0.03718334
v -0.06422251 -0.05626595 0.03718334
v -0.06036972 -0.06266427 0.03717219
v -0.06843280 -0.06162852 0.03724759
v -0.07371753 -0.05472815 0.05270445
v -0.07337170 -0.05478399 0.05175137
v -0.07450008 -0.05460143 0.05019581
v -0.06842023 -0.05558604 0.05830723
v -0.06633561 -0.05592370 0.05902791
v -0.06811529 -0.05563551 0.05771625
v -0.05561637 -0.05765986 0.04051363
v -0.05359935 -0.05798637 0.04203677
v -0.05521756 -0.05772429 0.03992515
v -0.05807173 -0.05726224 0.03854876
v -0.07216334 -0.05497986 0.05407476
v -0.05727213 -0.05739170 0.03824836
v -0.05424129 -0.05788242 0.04233634
v -0.07239335 -0.05494242 0.05496811
v -0.07059633 -0.05523347 0.05686897
v -0.07072359 -0.05521309 0.05581766
v -0.06035965 -0.05689162 0.05896204
v -0.06471955 -0.05618548 0.05874747
v -0.06181645 -0.05665570 0.05871433
v -0.05326336 -0.05804079 0.04438138
v -0.05228781 -0.05819880 0.04511255
v -0.05937767 -0.05705070 0.03720623
v -0.06100153 -0.05678761 0.03743684
v -0.05274796 -0.05812448 0.04661542
v -0.06422251 -0.05626595 0.03718334
v -0.05196762 -0.05825084 0.04865103
v -0.05270075 -0.05813211 0.04920876
v -0.05248743 -0.05816668 0.05147272
v -0.05342727 -0.05801445 0.05205643
v -0.06728941 -0.05576926 0.03720623
v -0.06704288 -0.05580914 0.03786110
v -0.05354768 -0.05799496 0.05387485
v -0.06939494 -0.05542808 0.03824836
v -0.06905794 -0.05548286 0.03886032
v -0.05503672 -0.05775380 0.05487221
v -0.05511868 -0.05774039 0.05597066
v -0.07144963 -0.05509549 0.03992521
v -0.07105058 -0.05516010 0.04051357
v -0.05752974 -0.05734992 0.05709326
v -0.05711811 -0.05741643 0.05765134
v -0.07306760 -0.05483341 0.04203677
v -0.07242566 -0.05493736 0.04233610
v -0.07351917 -0.05476009 0.04468137
v -0.05922526 -0.05707538 0.05873727
v -0.05962425 -0.05701071 0.05813848
v -0.07416194 -0.05465596 0.04446893
v -0.07469862 -0.05456924 0.04732304
v -0.07404845 -0.05467450 0.04822605
v -0.07450008 -0.05460143 0.05019581
v -0.07469862 -0.05456924 0.04732304
v -0.07562983 -0.06049644 0.04899466
v -0.07450008 -0.05460143 0.05019581
v -0.07562983 -0.06049644 0.04899466
v -0.07506960 -0.06058716 0.05168890
v -0.07371753 -0.05472815 0.05270445
v -0.07450008 -0.05460143 0.05019581
v -0.07506960 -0.06058716 0.05168890
v -0.07371753 -0.05472815 0.05270445
v -0.07506960 -0.06058716 0.05168890
v -0.07394832 -0.06076896 0.05409288
v -0.07239335 -0.05494242 0.05496811
v -0.07371753 -0.05472815 0.05270445
v -0.07394832 -0.06076896 0.05409288
v -0.07239335 -0.05494242 0.05496811
v -0.07394832 -0.06076896 0.05409288
v -0.07231342 -0.06103354 0.05617201
v -0.07059633 -0.05523347 0.05686897
v -0.07239335 -0.05494242 0.05496811
v -0.07231342 -0.06103354 0.05617201
v -0.07059633 -0.05523347 0.05686897
v -0.07231342 -0.06103354 0.05617201
v -0.07025188 -0.06136763 0.05781608
v -0.06842023 -0.05558604 0.05830723
v -0.07059633 -0.05523347 0.05686897
v -0.07025188 -0.06136763 0.05781608
v -0.06842023 -0.05558604 0.05830723
v -0.07025188 -0.06136763 0.05781608
v -0.06809151 -0.06171751 0.05885440
v -0.06633561 -0.05592370 0.05902791
v -0.06842023 -0.05558604 0.05830723
v -0.06809151 -0.06171751 0.05885440
v -0.06645911 -0.05703985 0.05912142
v -0.06633561 -0.05592370 0.05902791
v -0.06809151 -0.06171751 0.05885440
v -0.06645911 -0.05703985 0.05912142
v -0.06809151 -0.06171751 0.05885440
v -0.06552594 -0.06213313 0.05947315
v -0.06469118 -0.06161695 0.05949383
v -0.06645911 -0.05703985 0.05912142
v -0.06552594 -0.06213313 0.05947315
v -0.06400585 -0.06186825 0.05949938
v -0.06469118 -0.06161695 0.05949383
v -0.06552594 -0.06213313 0.05947315
v -0.06240636 -0.06263840 0.05938547
v -0.06400585 -0.06186825 0.05949938
v -0.06552594 -0.06213313 0.05947315
v -0.06345623 -0.06155705 0.05951488
v -0.06400585 -0.06186825 0.05949938
v -0.06240636 -0.06263840 0.05938547
v -0.06055957 -0.05797427 0.05910497
v -0.06345623 -0.06155705 0.05951488
v -0.06240636 -0.06263840 0.05938547
v -0.05922526 -0.05707538 0.05873727
v -0.06240636 -0.06263840 0.05938547
v -0.05949091 -0.06311053 0.05844694
v -0.05922526 -0.05707538 0.05873727
v -0.06035965 -0.05689162 0.05896204
v -0.06055957 -0.05797427 0.05910497
v -0.06055957 -0.05797427 0.05910497
v -0.05711811 -0.05741643 0.05765134
v -0.05922526 -0.05707538 0.05873727
v -0.05949091 -0.06311053 0.05844694
v -0.05711811 -0.05741643 0.05765134
v -0.05949091 -0.06311053 0.05844694
v -0.05725610 -0.06347250 0.05705446
v -0.05511868 -0.05774039 0.05597066
v -0.05711811 -0.05741643 0.05765134
v -0.05725610 -0.06347250 0.05705446
v -0.05511868 -0.05774039 0.05597066
v -0.05725610 -0.06347250 0.05705446
v -0.05539542 -0.06377387 0.05518031
v -0.05354768 -0.05799496 0.05387485
v -0.05511868 -0.05774039 0.05597066
v -0.05539542 -0.06377387 0.05518031
v -0.05354768 -0.05799496 0.05387485
v -0.05539542 -0.06377387 0.05518031
v -0.05400788 -0.06399857 0.05292361
v -0.05248743 -0.05816668 0.05147272
v -0.05354768 -0.05799496 0.05387485
v -0.05400788 -0.06399857 0.05292361
v -0.05248743 -0.05816668 0.05147272
v -0.05400788 -0.06399857 0.05292361
v -0.05299788 -0.06416219 0.04965996
v -0.05196762 -0.05825084 0.04865103
v -0.05248743 -0.05816668 0.05147272
v -0.05299788 -0.06416219 0.04965996
v -0.05250442 -0.05634027 0.04614287
v -0.05243659 -0.05635148 0.04940402
v -0.05270075 -0.05813211 0.04920876
v -0.05274796 -0.05812448 0.04661542
v -0.05250442 -0.05634027 0.04614287
v -0.05274796 -0.05812448 0.04661542
v -0.05326336 -0.05804079 0.04438138
v -0.05339950 -0.05619531 0.04334503
v -0.05250442 -0.05634027 0.04614287
v -0.05326336 -0.05804079 0.04438138
v -0.05339950 -0.05619531 0.04334503
v -0.05326336 -0.05804079 0.04438138
v -0.05424129 -0.05788242 0.04233634
v -0.05497318 -0.05594044 0.04088640
v -0.05339950 -0.05619531 0.04334503
v -0.05424129 -0.05788242 0.04233634
v -0.05497318 -0.05594044 0.04088640
v -0.05424129 -0.05788242 0.04233634
v -0.05561637 -0.05765986 0.04051363
v -0.05777776 -0.05548638 0.03853774
v -0.05561637 -0.05765986 0.04051363
v -0.05807173 -0.05726224 0.03854876
v -0.05777776 -0.05548638 0.03853774
v -0.05497318 -0.05594044 0.04088640
v -0.05561637 -0.05765986 0.04051363
v -0.05777776 -0.05548638 0.03853774
v -0.05807173 -0.05726224 0.03854876
v -0.06100153 -0.05678761 0.03743684
v -0.06089282 -0.05498164 0.03739792
v -0.05777776 -0.05548638 0.03853774
v -0.06100153 -0.05678761 0.03743684
v -0.06089282 -0.05498164 0.03739792
v -0.06100153 -0.05678761 0.03743684
v -0.06422251 -0.05626595 0.03718334
v -0.06378877 -0.05451261 0.03718715
v -0.06089282 -0.05498164 0.03739792
v -0.06422251 -0.05626595 0.03718334
v -0.06661760 -0.05405443 0.03779858
v -0.06378877 -0.05451261 0.03718715
v -0.06422251 -0.05626595 0.03718334
v -0.06661760 -0.05405443 0.03779858
v -0.06422251 -0.05626595 0.03718334
v -0.06704288 -0.05580914 0.03786110
v -0.06661760 -0.05405443 0.03779858
v -0.06704288 -0.05580914 0.03786110
v -0.06905794 -0.05548286 0.03886032
v -0.06863659 -0.05372744 0.03878933
v -0.07067972 -0.05339670 0.04040563
v -0.06905794 -0.05548286 0.03886032
v -0.07105058 -0.05516010 0.04051357
v -0.07067972 -0.05339670 0.04040563
v -0.06863659 -0.05372744 0.03878933
v -0.06905794 -0.05548286 0.03886032
v -0.07067972 -0.05339670 0.04040563
v -0.07105058 -0.05516010 0.04051357
v -0.07242566 -0.05493736 0.04233610
v -0.07256436 -0.05309128 0.04305011
v -0.07067972 -0.05339670 0.04040563
v -0.07242566 -0.05493736 0.04233610
v -0.07256436 -0.05309128 0.04305011
v -0.07242566 -0.05493736 0.04233610
v -0.07351917 -0.05476009 0.04468137
v -0.07358700 -0.05292582 0.04614311
v -0.07256436 -0.05309128 0.04305011
v -0.07351917 -0.05476009 0.04468137
v -0.07358700 -0.05292582 0.04614311
v -0.07351917 -0.05476009 0.04468137
v -0.07404845 -0.05467450 0.04822605
v -0.07367813 -0.05291110 0.04907160
v -0.07358700 -0.05292582 0.04614311
v -0.07404845 -0.05467450 0.04822605
v -0.07367813 -0.05291110 0.04907160
v -0.07404845 -0.05467450 0.04822605
v -0.07337170 -0.05478399 0.05175137
v -0.07321178 -0.05298662 0.05129462
v -0.07367813 -0.05291110 0.04907160
v -0.07337170 -0.05478399 0.05175137
v -0.07230716 -0.05313313 0.05339789
v -0.07321178 -0.05298662 0.05129462
v -0.07337170 -0.05478399 0.05175137
v -0.07230716 -0.05313313 0.05339789
v -0.07337170 -0.05478399 0.05175137
v -0.07216334 -0.05497986 0.05407476
v -0.07098132 -0.05334770 0.05523103
v -0.07216334 -0.05497986 0.05407476
v -0.07072359 -0.05521309 0.05581766
v -0.07098132 -0.05334770 0.05523103
v -0.07230716 -0.05313313 0.05339789
v -0.07216334 -0.05497986 0.05407476
v -0.06930434 -0.05361944 0.05677264
v -0.07098132 -0.05334770 0.05523103
v -0.07072359 -0.05521309 0.05581766
v -0.06930434 -0.05361944 0.05677264
v -0.07072359 -0.05521309 0.05581766
v -0.06811529 -0.05563551 0.05771625
v -0.06674891 -0.05403316 0.05816870
v -0.06930434 -0.05361944 0.05677264
v -0.06811529 -0.05563551 0.05771625
v -0.06674891 -0.05403316 0.05816870
v -0.06811529 -0.05563551 0.05771625
v -0.06471955 -0.05618548 0.05874747
v -0.06392168 -0.05449128 0.05878764
v -0.06674891 -0.05403316 0.05816870
v -0.06471955 -0.05618548 0.05874747
v -0.06392168 -0.05449128 0.05878764
v -0.06471955 -0.05618548 0.05874747
v -0.06181645 -0.05665570 0.05871433
v -0.06167912 -0.05485451 0.05872339
v -0.06392168 -0.05449128 0.05878764
v -0.06181645 -0.05665570 0.05871433
v -0.05947399 -0.05521166 0.05820137
v -0.06167912 -0.05485451 0.05872339
v -0.06181645 -0.05665570 0.05871433
v -0.05947399 -0.05521166 0.05820137
v -0.06181645 -0.05665570 0.05871433
v -0.05962425 -0.05701071 0.05813848
v -0.05947399 -0.05521166 0.05820137
v -0.05962425 -0.05701071 0.05813848
v -0.05752974 -0.05734992 0.05709326
v -0.05669754 -0.05566132 0.05673944
v -0.05947399 -0.05521166 0.05820137
v -0.05752974 -0.05734992 0.05709326
v -0.05669754 -0.05566132 0.05673944
v -0.05752974 -0.05734992 0.05709326
v -0.05503672 -0.05775380 0.05487221
v -0.05449420 -0.05601817 0.05448943
v -0.05669754 -0.05566132 0.05673944
v -0.05503672 -0.05775380 0.05487221
v -0.05320966 -0.05622625 0.05222743
v -0.05503672 -0.05775380 0.05487221
v -0.05342727 -0.05801445 0.05205643
v -0.05320966 -0.05622625 0.05222743
v -0.05449420 -0.05601817 0.05448943
v -0.05503672 -0.05775380 0.05487221
v -0.05243659 -0.05635148 0.04940402
v -0.05320966 -0.05622625 0.05222743
v -0.05342727 -0.05801445 0.05205643
v -0.05243659 -0.05635148 0.04940402
v -0.05342727 -0.05801445 0.05205643
v -0.05270075 -0.05813211 0.04920876
v -0.06240636 -0.06263840 0.05938547
v -0.06567233 -0.06210935 0.05846434
v -0.06216114 -0.06267803 0.05831563
v -0.06552594 -0.06213313 0.05947315
v -0.05299788 -0.06416219 0.04965996
v -0.05408442 -0.06398618 0.05003207
v -0.05393040 -0.06401115 0.04743367
v -0.07098823 -0.06124836 0.03993332
v -0.07315939 -0.06089675 0.04078054
v -0.07127767 -0.06120151 0.03890419
v -0.07290267 -0.06093811 0.04211026
v -0.07456350 -0.06066930 0.04304563
v -0.06825929 -0.06169039 0.03825676
v -0.06825929 -0.06169039 0.03825676
v -0.07127767 -0.06120151 0.03890419
v -0.06843280 -0.06162852 0.03724759
v -0.05949091 -0.06311053 0.05844694
v -0.05889153 -0.06320762 0.05702883
v -0.05400788 -0.06399857 0.05292361
v -0.05503386 -0.06383246 0.05277299
v -0.07394039 -0.06077027 0.04412668
v -0.06825929 -0.06169039 0.03825676
v -0.06843280 -0.06162852 0.03724759
v -0.06714910 -0.06187003 0.03684508
v -0.07549220 -0.06051892 0.04589802
v -0.05725610 -0.06347250 0.05705446
v -0.05539542 -0.06377387 0.05518031
v -0.07454460 -0.06067240 0.04629486
v -0.05646276 -0.06360101 0.05491662
v -0.06580561 -0.06208777 0.03759950
v -0.06714910 -0.06187003 0.03684508
v -0.06429290 -0.06233263 0.03646641
v -0.06323713 -0.06250381 0.03751516
v -0.07464545 -0.06065607 0.04887950
v -0.07562983 -0.06049644 0.04899466
v -0.06143659 -0.06279546 0.03684508
v -0.07506960 -0.06058716 0.05168890
v -0.07392859 -0.06077218 0.05202198
v -0.06045550 -0.06295430 0.03821974
v -0.05809772 -0.06333619 0.03827112
v -0.07394832 -0.06076896 0.05409288
v -0.05821669 -0.06331694 0.03946340
v -0.07204580 -0.06107693 0.05502778
v -0.07231342 -0.06103354 0.05617201
v -0.05634462 -0.06362015 0.04122269
v -0.05542618 -0.06376886 0.04078060
v -0.06931078 -0.06152004 0.05725306
v -0.07025188 -0.06136763 0.05781608
v -0.05511260 -0.06381970 0.04309797
v -0.05402225 -0.06399631 0.04304558
v -0.06809151 -0.06171751 0.05885440
v -0.05427592 -0.06395518 0.04520797
v -0.05309355 -0.06414669 0.04589802
v -0.05427592 -0.06395518 0.04520797
v -0.05414533 -0.06559717 0.04790240
v -0.05458158 -0.06552654 0.04503130
v -0.05427592 -0.06395518 0.04520797
v -0.05393040 -0.06401115 0.04743367
v -0.05414533 -0.06559717 0.04790240
v -0.05511260 -0.06381970 0.04309797
v -0.05458158 -0.06552654 0.04503130
v -0.05544412 -0.06538683 0.04295516
v -0.05511260 -0.06381970 0.04309797
v -0.05427592 -0.06395518 0.04520797
v -0.05458158 -0.06552654 0.04503130
v -0.05634462 -0.06362015 0.04122269
v -0.05544412 -0.06538683 0.04295516
v -0.05671840 -0.06518042 0.04108297
v -0.05634462 -0.06362015 0.04122269
v -0.05511260 -0.06381970 0.04309797
v -0.05544412 -0.06538683 0.04295516
v -0.05821669 -0.06331694 0.03946340
v -0.05671840 -0.06518042 0.04108297
v -0.05835878 -0.06491476 0.03956180
v -0.05821669 -0.06331694 0.03946340
v -0.05634462 -0.06362015 0.04122269
v -0.05671840 -0.06518042 0.04108297
v -0.05821669 -0.06331694 0.03946340
v -0.05835878 -0.06491476 0.03956180
v -0.06058228 -0.06455463 0.03825676
v -0.06045550 -0.06295430 0.03821974
v -0.05821669 -0.06331694 0.03946340
v -0.06058228 -0.06455463 0.03825676
v -0.06323713 -0.06250381 0.03751516
v -0.06058228 -0.06455463 0.03825676
v -0.06303596 -0.06415724 0.03759950
v -0.06323713 -0.06250381 0.03751516
v -0.06045550 -0.06295430 0.03821974
v -0.06058228 -0.06455463 0.03825676
v -0.06323713 -0.06250381 0.03751516
v -0.06303596 -0.06415724 0.03759950
v -0.06560444 -0.06374120 0.03751516
v -0.06580561 -0.06208777 0.03759950
v -0.06323713 -0.06250381 0.03751516
v -0.06560444 -0.06374120 0.03751516
v -0.06825929 -0.06169039 0.03825676
v -0.06580561 -0.06208777 0.03759950
v -0.06560444 -0.06374120 0.03751516
v -0.06825929 -0.06169039 0.03825676
v -0.06560444 -0.06374120 0.03751516
v -0.06838607 -0.06329071 0.03821974
v -0.06825929 -0.06169039 0.03825676
v -0.06838607 -0.06329071 0.03821974
v -0.07062494 -0.06292808 0.03946346
v -0.07098823 -0.06124836 0.03993332
v -0.06825929 -0.06169039 0.03825676
v -0.07062494 -0.06292808 0.03946346
v -0.07098823 -0.06124836 0.03993332
v -0.07062494 -0.06292808 0.03946346
v -0.07292497 -0.06255555 0.04171848
v -0.07290267 -0.06093811 0.04211026
v -0.07098823 -0.06124836 0.03993332
v -0.07292497 -0.06255555 0.04171848
v -0.07394039 -0.06077027 0.04412668
v -0.07292497 -0.06255555 0.04171848
v -0.07449150 -0.06230181 0.04489803
v -0.07394039 -0.06077027 0.04412668
v -0.07290267 -0.06093811 0.04211026
v -0.07292497 -0.06255555 0.04171848
v -0.07454460 -0.06067240 0.04629486
v -0.07394039 -0.06077027 0.04412668
v -0.07449150 -0.06230181 0.04489803
v -0.07454460 -0.06067240 0.04629486
v -0.07449150 -0.06230181 0.04489803
v -0.07491111 -0.06223380 0.04743373
v -0.07464545 -0.06065607 0.04887950
v -0.07454460 -0.06067240 0.04629486
v -0.07491111 -0.06223380 0.04743373
v -0.07464545 -0.06065607 0.04887950
v -0.07491111 -0.06223380 0.04743373
v -0.07470726 -0.06226670 0.05035704
v -0.07392859 -0.06077218 0.05202198
v -0.07464545 -0.06065607 0.04887950
v -0.07470726 -0.06226670 0.05035704
v -0.07392859 -0.06077218 0.05202198
v -0.07470726 -0.06226670 0.05035704
v -0.07350003 -0.06246227 0.05334138
v -0.07204580 -0.06107693 0.05502778
v -0.07392859 -0.06077218 0.05202198
v -0.07350003 -0.06246227 0.05334138
v -0.07204580 -0.06107693 0.05502778
v -0.07350003 -0.06246227 0.05334138
v -0.07216370 -0.06267887 0.05514186
v -0.07204580 -0.06107693 0.05502778
v -0.07216370 -0.06267887 0.05514186
v -0.06995004 -0.06303739 0.05702877
v -0.06931078 -0.06152004 0.05725306
v -0.07204580 -0.06107693 0.05502778
v -0.06995004 -0.06303739 0.05702877
v -0.06931078 -0.06152004 0.05725306
v -0.06995004 -0.06303739 0.05702877
v -0.06668019 -0.06356698 0.05831563
v -0.06567233 -0.06210935 0.05846434
v -0.06931078 -0.06152004 0.05725306
v -0.06668019 -0.06356698 0.05831563
v -0.06567233 -0.06210935 0.05846434
v -0.06668019 -0.06356698 0.05831563
v -0.06349289 -0.06408321 0.05848479
v -0.06216114 -0.06267803 0.05831563
v -0.06567233 -0.06210935 0.05846434
v -0.06349289 -0.06408321 0.05848479
v -0.06216114 -0.06267803 0.05831563
v -0.06349289 -0.06408321 0.05848479
v -0.06040477 -0.06458336 0.05766695
v -0.05889153 -0.06320762 0.05702883
v -0.06216114 -0.06267803 0.05831563
v -0.06040477 -0.06458336 0.05766695
v -0.05889153 -0.06320762 0.05702883
v -0.06040477 -0.06458336 0.05766695
v -0.05745422 -0.06506127 0.05573374
v -0.05646276 -0.06360101 0.05491662
v -0.05889153 -0.06320762 0.05702883
v -0.05745422 -0.06506127 0.05573374
v -0.05646276 -0.06360101 0.05491662
v -0.05745422 -0.06506127 0.05573374
v -0.05568367 -0.06534802 0.05346494
v -0.05503386 -0.06383246 0.05277299
v -0.05646276 -0.06360101 0.05491662
v -0.05568367 -0.06534802 0.05346494
v -0.05503386 -0.06383246 0.05277299
v -0.05568367 -0.06534802 0.05346494
v -0.05460590 -0.06552261 0.05110198
v -0.05408442 -0.06398618 0.05003207
v -0.05503386 -0.06383246 0.05277299
v -0.05460590 -0.06552261 0.05110198
v -0.05408442 -0.06398618 0.05003207
v -0.05460590 -0.06552261 0.05110198
v -0.05414533 -0.06559717 0.04790240
v -0.05393040 -0.06401115 0.04743367
v -0.05408442 -0.06398618 0.05003207
v -0.05414533 -0.06559717 0.04790240
v -0.06843280 -0.06162852 0.03724759
v -0.06036972 -0.06266427 0.03717219
v -0.06664443 -0.06164801 0.03673511
v -0.06664443 -0.06164801 0.03673511
v -0.06036972 -0.06266427 0.03717219
v -0.06358039 -0.06214416 0.03647541
v -0.07581728 -0.06208693 0.04957610
v -0.07470726 -0.06226670 0.05035704
v -0.07491111 -0.06223380 0.04743373
v -0.07584959 -0.06208187 0.04656022
v -0.06398588 -0.06400334 0.05952405
v -0.06349289 -0.06408321 0.05848479
v -0.06668019 -0.06356698 0.05831563
v -0.06792694 -0.06336504 0.05905956
v -0.05835878 -0.06491476 0.03956180
v -0.05671840 -0.06518042 0.04108297
v -0.05616432 -0.06527018 0.04013288
v -0.07504612 -0.06221199 0.05247724
v -0.05934798 -0.06475454 0.03773438
v -0.05544412 -0.06538683 0.04295516
v -0.05377399 -0.06565731 0.04414045
v -0.06058228 -0.06455463 0.03825676
v -0.06995004 -0.06303739 0.05702877
v -0.07350003 -0.06246227 0.05334138
v -0.05458158 -0.06552654 0.04503130
v -0.06311762 -0.06414401 0.03651392
v -0.07142990 -0.06279772 0.05719453
v -0.07352972 -0.06245762 0.05507242
v -0.07216370 -0.06267887 0.05514186
v -0.06303596 -0.06415724 0.03759950
v -0.05414533 -0.06559717 0.04790240
v -0.05314946 -0.06575846 0.04844009
v -0.06560444 -0.06374120 0.03751516
v -0.06707847 -0.06350249 0.03674978
v -0.05460590 -0.06552261 0.05110198
v -0.05378025 -0.06565630 0.05171459
v -0.06838607 -0.06329071 0.03821974
v -0.06957489 -0.06309819 0.03767472
v -0.05491632 -0.06547230 0.05413013
v -0.05568367 -0.06534802 0.05346494
v -0.07062494 -0.06292808 0.03946346
v -0.07179349 -0.06273883 0.03909665
v -0.05745422 -0.06506127 0.05573374
v -0.05728352 -0.06508892 0.05693662
v -0.07292497 -0.06255555 0.04171848
v -0.07400977 -0.06237965 0.04157561
v -0.06040477 -0.06458336 0.05766695
v -0.06074661 -0.06452798 0.05887651
v -0.07449150 -0.06230181 0.04489803
v -0.07519912 -0.06218719 0.04398375
v -0.05596989 -0.07816720 0.04856836
v -0.05720376 -0.07796728 0.04853874
v -0.05607897 -0.07814949 0.04628783
v -0.06585752 -0.07656574 0.05873769
v -0.06808930 -0.07620429 0.05866456
v -0.06634289 -0.07648712 0.05821621
v -0.06576204 -0.07658118 0.05748963
v -0.07395946 -0.07525348 0.04203742
v -0.07453376 -0.07516050 0.04086107
v -0.07262617 -0.07546949 0.03912532
v -0.06331861 -0.07697695 0.05827051
v -0.06303656 -0.07702261 0.05685782
v -0.07112640 -0.07571238 0.03962719
v -0.07621359 -0.07488840 0.04336041
v -0.05654937 -0.07807332 0.05174267
v -0.05754792 -0.07791155 0.05064785
v -0.06983971 -0.07592076 0.03772938
v -0.07574796 -0.07496380 0.04566448
v -0.06778466 -0.07625359 0.03852826
v -0.05851668 -0.07775467 0.05289924
v -0.06072843 -0.07739645 0.05699712
v -0.07710677 -0.07474374 0.04647016
v -0.06022876 -0.07747739 0.05504328
v -0.06730085 -0.07633197 0.03726226
v -0.05854386 -0.07775032 0.05508059
v -0.07592791 -0.07493472 0.04900950
v -0.07716226 -0.07473474 0.04906678
v -0.06506901 -0.07669347 0.03733503
v -0.06478124 -0.07674008 0.03864753
v -0.07628363 -0.07487708 0.05253779
v -0.07526117 -0.07504266 0.05169320
v -0.06288689 -0.07704687 0.03790813
v -0.06168168 -0.07724201 0.03981620
v -0.06060910 -0.07741582 0.03906571
v -0.07421630 -0.07521194 0.05352067
v -0.07426053 -0.07520473 0.05545163
v -0.07279336 -0.07544237 0.05516690
v -0.05825573 -0.07779699 0.04126960
v -0.05908787 -0.07766216 0.04222136
v -0.07227700 -0.07552599 0.05709707
v -0.07050186 -0.07581353 0.05665552
v -0.05678856 -0.07803457 0.04379189
v -0.05745881 -0.07792603 0.04547685
v -0.07027143 -0.07585084 0.05809164
v -0.06737041 -0.07632070 0.05753660
v -0.06714630 -0.07635700 0.05798733
v -0.06436133 -0.06789338 0.05748260
v -0.06576204 -0.07658118 0.05748963
v -0.06467831 -0.06784206 0.05803865
v -0.06576204 -0.07658118 0.05748963
v -0.06634289 -0.07648712 0.05821621
v -0.06467831 -0.06784206 0.05803865
v -0.06467831 -0.06784206 0.05803865
v -0.06634289 -0.07648712 0.05821621
v -0.06531983 -0.06773817 0.05822122
v -0.06634289 -0.07648712 0.05821621
v -0.06714630 -0.07635700 0.05798733
v -0.06531983 -0.06773817 0.05822122
v -0.06531983 -0.06773817 0.05822122
v -0.06714630 -0.07635700 0.05798733
v -0.06599402 -0.06762897 0.05755949
v -0.06714630 -0.07635700 0.05798733
v -0.06737041 -0.07632070 0.05753660
v -0.06599402 -0.06762897 0.05755949
v -0.06238389 -0.06821370 0.05709552
v -0.06576204 -0.07658118 0.05748963
v -0.06436133 -0.06789338 0.05748260
v -0.06303656 -0.07702261 0.05685782
v -0.06576204 -0.07658118 0.05748963
v -0.06238389 -0.06821370 0.05709552
v -0.05578213 -0.06928288 0.04807972
v -0.05720376 -0.07796728 0.04853874
v -0.05602961 -0.06924277 0.05022138
v -0.05720376 -0.07796728 0.04853874
v -0.05754792 -0.07791155 0.05064785
v -0.05602961 -0.06924277 0.05022138
v -0.05602961 -0.06924277 0.05022138
v -0.05754792 -0.07791155 0.05064785
v -0.05703276 -0.06908035 0.05279636
v -0.05754792 -0.07791155 0.05064785
v -0.05851668 -0.07775467 0.05289924
v -0.05703276 -0.06908035 0.05279636
v -0.05703276 -0.06908035 0.05279636
v -0.06022876 -0.07747739 0.05504328
v -0.05852156 -0.06883919 0.05471581
v -0.05851668 -0.07775467 0.05289924
v -0.06022876 -0.07747739 0.05504328
v -0.05703276 -0.06908035 0.05279636
v -0.05852156 -0.06883919 0.05471581
v -0.06022876 -0.07747739 0.05504328
v -0.06018084 -0.06857049 0.05607110
v -0.06022876 -0.07747739 0.05504328
v -0.06303656 -0.07702261 0.05685782
v -0.06018084 -0.06857049 0.05607110
v -0.06018084 -0.06857049 0.05607110
v -0.06303656 -0.07702261 0.05685782
v -0.06238389 -0.06821370 0.05709552
v -0.07657617 -0.07310754 0.05080401
v -0.07691663 -0.07305240 0.04856842
v -0.07716226 -0.07473474 0.04906678
v -0.07657617 -0.07310754 0.05080401
v -0.07716226 -0.07473474 0.04906678
v -0.07628363 -0.07487708 0.05253779
v -0.07547098 -0.07328653 0.05349731
v -0.07657617 -0.07310754 0.05080401
v -0.07628363 -0.07487708 0.05253779
v -0.07547098 -0.07328653 0.05349731
v -0.07628363 -0.07487708 0.05253779
v -0.07426053 -0.07520473 0.05545163
v -0.07344156 -0.07361525 0.05600994
v -0.07547098 -0.07328653 0.05349731
v -0.07426053 -0.07520473 0.05545163
v -0.07344156 -0.07361525 0.05600994
v -0.07426053 -0.07520473 0.05545163
v -0.07227700 -0.07552599 0.05709707
v -0.07019281 -0.07414144 0.05808699
v -0.07344156 -0.07361525 0.05600994
v -0.07227700 -0.07552599 0.05709707
v -0.07019281 -0.07414144 0.05808699
v -0.07227700 -0.07552599 0.05709707
v -0.07027143 -0.07585084 0.05809164
v -0.07019281 -0.07414144 0.05808699
v -0.07027143 -0.07585084 0.05809164
v -0.06808930 -0.07620429 0.05866456
v -0.06608515 -0.07480674 0.05880421
v -0.07019281 -0.07414144 0.05808699
v -0.06808930 -0.07620429 0.05866456
v -0.06608515 -0.07480674 0.05880421
v -0.06808930 -0.07620429 0.05866456
v -0.06585752 -0.07656574 0.05873769
v -0.06608515 -0.07480674 0.05880421
v -0.06585752 -0.07656574 0.05873769
v -0.06331861 -0.07697695 0.05827051
v -0.06292426 -0.07531869 0.05821412
v -0.06060940 -0.07569360 0.05709707
v -0.06331861 -0.07697695 0.05827051
v -0.06072843 -0.07739645 0.05699712
v -0.06060940 -0.07569360 0.05709707
v -0.06292426 -0.07531869 0.05821412
v -0.06331861 -0.07697695 0.05827051
v -0.05862581 -0.07601481 0.05545163
v -0.06072843 -0.07739645 0.05699712
v -0.05854386 -0.07775032 0.05508059
v -0.05862581 -0.07601481 0.05545163
v -0.06060940 -0.07569360 0.05709707
v -0.06072843 -0.07739645 0.05699712
v -0.05676043 -0.07631701 0.05282133
v -0.05862581 -0.07601481 0.05545163
v -0.05854386 -0.07775032 0.05508059
v -0.05676043 -0.07631701 0.05282133
v -0.05854386 -0.07775032 0.05508059
v -0.05654937 -0.07807332 0.05174267
v -0.05578887 -0.07647436 0.04962164
v -0.05676043 -0.07631701 0.05282133
v -0.05654937 -0.07807332 0.05174267
v -0.05578887 -0.07647436 0.04962164
v -0.05654937 -0.07807332 0.05174267
v -0.05596989 -0.07816720 0.04856836
v -0.05571949 -0.07648557 0.04702532
v -0.05578887 -0.07647436 0.04962164
v -0.05596989 -0.07816720 0.04856836
v -0.07526117 -0.07504266 0.05169320
v -0.07592791 -0.07493472 0.04900950
v -0.07454109 -0.06624460 0.04923588
v -0.06599402 -0.06762897 0.05755949
v -0.07050186 -0.07581353 0.05665552
v -0.06925070 -0.06710147 0.05658119
v -0.06737041 -0.07632070 0.05753660
v -0.07050186 -0.07581353 0.05665552
v -0.06599402 -0.06762897 0.05755949
v -0.06925070 -0.06710147 0.05658119
v -0.07279336 -0.07544237 0.05516690
v -0.07103216 -0.06681299 0.05543315
v -0.07050186 -0.07581353 0.05665552
v -0.07103216 -0.06681299 0.05543315
v -0.07279336 -0.07544237 0.05516690
v -0.07254391 -0.06656807 0.05391108
v -0.07279336 -0.07544237 0.05516690
v -0.07421630 -0.07521194 0.05352067
v -0.07254391 -0.06656807 0.05391108
v -0.07421630 -0.07521194 0.05352067
v -0.07526117 -0.07504266 0.05169320
v -0.07254391 -0.06656807 0.05391108
v -0.07254391 -0.06656807 0.05391108
v -0.07526117 -0.07504266 0.05169320
v -0.07365041 -0.06638890 0.05208969
v -0.07365041 -0.06638890 0.05208969
v -0.07526117 -0.07504266 0.05169320
v -0.07454109 -0.06624460 0.04923588
v -0.05570322 -0.07648819 0.05234724
v -0.05676043 -0.07631701 0.05282133
v -0.05578887 -0.07647436 0.04962164
v -0.07286131 -0.07370924 0.03952533
v -0.07489466 -0.07337987 0.04159879
v -0.07468301 -0.07341414 0.04012376
v -0.06202596 -0.07546412 0.05867630
v -0.06292426 -0.07531869 0.05821412
v -0.06060940 -0.07569360 0.05709707
v -0.05971384 -0.07583862 0.05739045
v -0.07178181 -0.07388406 0.03789848
v -0.07694411 -0.07304793 0.04382193
v -0.05775606 -0.07615572 0.05559957
v -0.05862581 -0.07601481 0.05545163
v -0.07058990 -0.07407712 0.03812187
v -0.07696843 -0.07304400 0.05195093
v -0.07691663 -0.07305240 0.04856842
v -0.07684403 -0.07306414 0.04662185
v -0.05564934 -0.07649695 0.04399877
v -0.05571949 -0.07648557 0.04702532
v -0.07633095 -0.07314723 0.04439836
v -0.06902724 -0.07433021 0.03679537
v -0.06814342 -0.07447338 0.03739935
v -0.06524246 -0.07494318 0.03724730
v -0.06541687 -0.07491493 0.03647929
v -0.06189328 -0.07548564 0.03736335
v -0.06184864 -0.07549285 0.03820240
v -0.07657617 -0.07310754 0.05080401
v -0.07611298 -0.07318258 0.05387008
v -0.07547098 -0.07328653 0.05349731
v -0.05880928 -0.07598513 0.03929114
v -0.05950099 -0.07587313 0.03972625
v -0.07404255 -0.07351791 0.05646926
v -0.07344156 -0.07361525 0.05600994
v -0.05773752 -0.07615870 0.04161190
v -0.05668330 -0.07632946 0.04185628
v -0.07191085 -0.07386314 0.05801564
v -0.07019281 -0.07414144 0.05808699
v -0.05631572 -0.07638901 0.04426574
v -0.06947439 -0.07425779 0.05908322
v -0.06608515 -0.07480674 0.05880421
v -0.06553900 -0.07489520 0.05955070
v -0.06554251 -0.06648641 0.03647565
v -0.06226032 -0.06701803 0.03679537
v -0.06541687 -0.07491493 0.03647929
v -0.07564145 -0.06485074 0.04404902
v -0.07478600 -0.06498932 0.04212987
v -0.07694411 -0.07304793 0.04382193
v -0.05528455 -0.06814783 0.04192292
v -0.05431926 -0.06830424 0.04404902
v -0.05564934 -0.07649695 0.04399877
v -0.05528455 -0.06814783 0.04192292
v -0.05564934 -0.07649695 0.04399877
v -0.05668330 -0.07632946 0.04185628
v -0.06554251 -0.06648641 0.03647565
v -0.06541687 -0.07491493 0.03647929
v -0.06902724 -0.07433021 0.03679537
v -0.06846475 -0.06601315 0.03703016
v -0.06554251 -0.06648641 0.03647565
v -0.06902724 -0.07433021 0.03679537
v -0.05528455 -0.06814783 0.04192292
v -0.05668330 -0.07632946 0.04185628
v -0.05880928 -0.07598513 0.03929114
v -0.05735629 -0.06781226 0.03944712
v -0.05528455 -0.06814783 0.04192292
v -0.05880928 -0.07598513 0.03929114
v -0.06846475 -0.06601315 0.03703016
v -0.06902724 -0.07433021 0.03679537
v -0.07178181 -0.07388406 0.03789848
v -0.07086503 -0.06562441 0.03813803
v -0.06846475 -0.06601315 0.03703016
v -0.07178181 -0.07388406 0.03789848
v -0.05950582 -0.06746417 0.03789848
v -0.05735629 -0.06781226 0.03944712
v -0.05880928 -0.07598513 0.03929114
v -0.07086503 -0.06562441 0.03813803
v -0.07178181 -0.07388406 0.03789848
v -0.07468301 -0.07341414 0.04012376
v -0.05950582 -0.06746417 0.03789848
v -0.05880928 -0.07598513 0.03929114
v -0.06189328 -0.07548564 0.03736335
v -0.07294899 -0.06528687 0.03977596
v -0.07086503 -0.06562441 0.03813803
v -0.07468301 -0.07341414 0.04012376
v -0.06226032 -0.06701803 0.03679537
v -0.05950582 -0.06746417 0.03789848
v -0.06189328 -0.07548564 0.03736335
v -0.07478600 -0.06498932 0.04212987
v -0.07294899 -0.06528687 0.03977596
v -0.07468301 -0.07341414 0.04012376
v -0.06226032 -0.06701803 0.03679537
v -0.06189328 -0.07548564 0.03736335
v -0.06541687 -0.07491493 0.03647929
v -0.07478600 -0.06498932 0.04212987
v -0.07468301 -0.07341414 0.04012376
v -0.07694411 -0.07304793 0.04382193
v -0.07694411 -0.07304793 0.04382193
v -0.07563292 -0.06485217 0.04573166
v -0.07564145 -0.06485074 0.04404902
v -0.07696843 -0.07304400 0.05195093
v -0.07563292 -0.06485217 0.05026829
v -0.07694411 -0.07304793 0.04382193
v -0.07563292 -0.06485217 0.04573166
v -0.07563292 -0.06485217 0.04573166
v -0.07542413 -0.06387293 0.05059742
v -0.07544094 -0.06387019 0.04558175
v -0.07563292 -0.06485217 0.05026829
v -0.07542413 -0.06387293 0.05059742
v -0.07563292 -0.06485217 0.04573166
v -0.07696843 -0.07304400 0.05195093
v -0.07561957 -0.06485432 0.05208849
v -0.07563292 -0.06485217 0.05026829
v -0.05496126 -0.06718719 0.05270159
v -0.05677264 -0.06689381 0.05544281
v -0.05549567 -0.06811368 0.05340510
v -0.06557190 -0.06546866 0.05901271
v -0.06841868 -0.06602060 0.05845940
v -0.06553572 -0.06648755 0.05902463
v -0.06557190 -0.06546866 0.05901271
v -0.06843382 -0.06500512 0.05839872
v -0.06841868 -0.06602060 0.05845940
v -0.07542413 -0.06387293 0.05059742
v -0.07563292 -0.06485217 0.05026829
v -0.07473075 -0.06499826 0.05290544
v -0.05496126 -0.06718719 0.05270159
v -0.05549567 -0.06811368 0.05340510
v -0.05434381 -0.06830018 0.05045086
v -0.07377237 -0.06414049 0.05435061
v -0.07542413 -0.06387293 0.05059742
v -0.07473075 -0.06499826 0.05290544
v -0.05416887 -0.06731551 0.05020016
v -0.05496126 -0.06718719 0.05270159
v -0.05434381 -0.06830018 0.05045086
v -0.06200736 -0.06604593 0.05868357
v -0.06553572 -0.06648755 0.05902463
v -0.06262177 -0.06695950 0.05876213
v -0.06200736 -0.06604593 0.05868357
v -0.06557190 -0.06546866 0.05901271
v -0.06553572 -0.06648755 0.05902463
v -0.07377237 -0.06414049 0.05435061
v -0.07473075 -0.06499826 0.05290544
v -0.07323724 -0.06524014 0.05518090
v -0.06200736 -0.06604593 0.05868357
v -0.06262177 -0.06695950 0.05876213
v -0.06016433 -0.06735754 0.05788564
v -0.05902671 -0.06652873 0.05733186
v -0.06200736 -0.06604593 0.05868357
v -0.06016433 -0.06735754 0.05788564
v -0.07105338 -0.06458085 0.05705463
v -0.07323724 -0.06524014 0.05518090
v -0.07105118 -0.06559425 0.05716717
v -0.07105338 -0.06458085 0.05705463
v -0.07377237 -0.06414049 0.05435061
v -0.07323724 -0.06524014 0.05518090
v -0.05902671 -0.06652873 0.05733186
v -0.06016433 -0.06735754 0.05788564
v -0.05746716 -0.06779438 0.05602037
v -0.05677264 -0.06689381 0.05544281
v -0.05902671 -0.06652873 0.05733186
v -0.05746716 -0.06779438 0.05602037
v -0.06843382 -0.06500512 0.05839872
v -0.07105118 -0.06559425 0.05716717
v -0.06841868 -0.06602060 0.05845940
v -0.06843382 -0.06500512 0.05839872
v -0.07105338 -0.06458085 0.05705463
v -0.07105118 -0.06559425 0.05716717
v -0.05677264 -0.06689381 0.05544281
v -0.05746716 -0.06779438 0.05602037
v -0.05549567 -0.06811368 0.05340510
v -0.07452559 -0.06401848 0.04301249
v -0.07265478 -0.06432145 0.04030108
v -0.07449752 -0.06503605 0.04258626
v -0.06406909 -0.06571203 0.03698724
v -0.06153041 -0.06612324 0.03750360
v -0.06280273 -0.06693017 0.03719878
v -0.06406909 -0.06571203 0.03698724
v -0.06280273 -0.06693017 0.03719878
v -0.06573176 -0.06645578 0.03698724
v -0.05530315 -0.06713181 0.04258626
v -0.05417573 -0.06731444 0.04570311
v -0.05433112 -0.06830227 0.04568272
v -0.05530315 -0.06713181 0.04258626
v -0.05433112 -0.06830227 0.04568272
v -0.05556428 -0.06810259 0.04240787
v -0.07544094 -0.06387019 0.04558175
v -0.07452559 -0.06401848 0.04301249
v -0.07449752 -0.06503605 0.04258626
v -0.07544094 -0.06387019 0.04558175
v -0.07449752 -0.06503605 0.04258626
v -0.07563292 -0.06485217 0.04573166
v -0.06731486 -0.06518638 0.03725409
v -0.06406909 -0.06571203 0.03698724
v -0.06573176 -0.06645578 0.03698724
v -0.06731486 -0.06518638 0.03725409
v -0.06573176 -0.06645578 0.03698724
v -0.06827050 -0.06604462 0.03750360
v -0.05733597 -0.06680256 0.03999716
v -0.05530315 -0.06713181 0.04258626
v -0.05556428 -0.06810259 0.04240787
v -0.05733597 -0.06680256 0.03999716
v -0.05556428 -0.06810259 0.04240787
v -0.05763131 -0.06776779 0.03986918
v -0.07005143 -0.06474310 0.03833276
v -0.06731486 -0.06518638 0.03725409
v -0.06827050 -0.06604462 0.03750360
v -0.07005143 -0.06474310 0.03833276
v -0.06827050 -0.06604462 0.03750360
v -0.07037276 -0.06570410 0.03842443
v -0.05942785 -0.06646376 0.03842443
v -0.05733597 -0.06680256 0.03999716
v -0.05763131 -0.06776779 0.03986918
v -0.05942785 -0.06646376 0.03842443
v -0.05763131 -0.06776779 0.03986918
v -0.06003624 -0.06737828 0.03816241
v -0.07265478 -0.06432145 0.04030108
v -0.07005143 -0.06474310 0.03833276
v -0.07037276 -0.06570410 0.03842443
v -0.07265478 -0.06432145 0.04030108
v -0.07037276 -0.06570410 0.03842443
v -0.07246482 -0.06536525 0.03999710
v -0.06153041 -0.06612324 0.03750360
v -0.05942785 -0.06646376 0.03842443
v -0.06003624 -0.06737828 0.03816241
v -0.07265478 -0.06432145 0.04030108
v -0.07246482 -0.06536525 0.03999710
v -0.07449752 -0.06503605 0.04258626
v -0.06153041 -0.06612324 0.03750360
v -0.06003624 -0.06737828 0.03816241
v -0.06280273 -0.06693017 0.03719878
v -0.05443871 -0.06727182 0.05278915
v -0.05416887 -0.06731551 0.05020016
v -0.05349642 -0.06742447 0.04923909
v -0.05496126 -0.06718719 0.05270159
v -0.05901563 -0.06653052 0.05797249
v -0.06242823 -0.06597781 0.05926609
v -0.06200736 -0.06604593 0.05868357
v -0.07265478 -0.06432145 0.04030108
v -0.07507985 -0.06392872 0.04289937
v -0.07248073 -0.06434965 0.03943681
v -0.05902671 -0.06652873 0.05733186
v -0.07005143 -0.06474310 0.03833276
v -0.07452559 -0.06401848 0.04301249
v -0.06999456 -0.06475234 0.03774976
v -0.05677264 -0.06689381 0.05544281
v -0.05626052 -0.06697672 0.05558961
v -0.06731486 -0.06518638 0.03725409
v -0.06754392 -0.06514924 0.03679633
v -0.07544094 -0.06387019 0.04558175
v -0.07614451 -0.06375628 0.04676043
v -0.06406909 -0.06571203 0.03698724
v -0.06425768 -0.06568151 0.03647553
v -0.07542413 -0.06387293 0.05059742
v -0.07606196 -0.06376963 0.04976385
v -0.06070441 -0.06625699 0.03722208
v -0.06153041 -0.06612324 0.03750360
v -0.07511520 -0.06392300 0.05297797
v -0.05942785 -0.06646376 0.03842443
v -0.07377237 -0.06414049 0.05435061
v -0.05810070 -0.06667870 0.03871572
v -0.07325559 -0.06422418 0.05573171
v -0.05733597 -0.06680256 0.03999716
v -0.05615967 -0.06699311 0.04050624
v -0.07105338 -0.06458085 0.05705463
v -0.07126826 -0.06454604 0.05749362
v -0.05530315 -0.06713181 0.04258626
v -0.05455058 -0.06725370 0.04304385
v -0.06862241 -0.06497460 0.05887651
v -0.06843382 -0.06500512 0.05839872
v -0.05417573 -0.06731444 0.04570311
v -0.05362135 -0.06740421 0.04589694
v -0.06557190 -0.06546866 0.05901271
v -0.06538325 -0.06549918 0.05952405
v -0.06738471 -0.06618809 0.05929625
v -0.06947439 -0.07425779 0.05908322
v -0.06553900 -0.07489520 0.05955070
v -0.05432552 -0.06830322 0.05200833
v -0.05535632 -0.06813627 0.05414336
v -0.05570322 -0.07648819 0.05234724
v -0.06440311 -0.06667101 0.05949741
v -0.06738471 -0.06618809 0.05929625
v -0.06553900 -0.07489520 0.05955070
v -0.07561957 -0.06485432 0.05208849
v -0.07696843 -0.07304400 0.05195093
v -0.07611298 -0.07318258 0.05387008
v -0.07451206 -0.06503367 0.05426871
v -0.07561957 -0.06485432 0.05208849
v -0.07611298 -0.07318258 0.05387008
v -0.06181335 -0.06709045 0.05908322
v -0.06440311 -0.06667101 0.05949741
v -0.06553900 -0.07489520 0.05955070
v -0.06181335 -0.06709045 0.05908322
v -0.06553900 -0.07489520 0.05955070
v -0.06202596 -0.07546412 0.05867630
v -0.07286018 -0.06530123 0.05633109
v -0.07451206 -0.06503367 0.05426871
v -0.07611298 -0.07318258 0.05387008
v -0.07404255 -0.07351791 0.05646926
v -0.05937677 -0.06748503 0.05801564
v -0.06181335 -0.06709045 0.05908322
v -0.06202596 -0.07546412 0.05867630
v -0.05937677 -0.06748503 0.05801564
v -0.06202596 -0.07546412 0.05867630
v -0.05971384 -0.07583862 0.05739045
v -0.07045483 -0.06569081 0.05810123
v -0.07404255 -0.07351791 0.05646926
v -0.07191085 -0.07386314 0.05801564
v -0.07045483 -0.06569081 0.05810123
v -0.07286018 -0.06530123 0.05633109
v -0.07404255 -0.07351791 0.05646926
v -0.05724525 -0.06783032 0.05646926
v -0.05937677 -0.06748503 0.05801564
v -0.05971384 -0.07583862 0.05739045
v -0.05724525 -0.06783032 0.05646926
v -0.05971384 -0.07583862 0.05739045
v -0.05775606 -0.07615572 0.05559957
v -0.07045483 -0.06569081 0.05810123
v -0.07191085 -0.07386314 0.05801564
v -0.06947439 -0.07425779 0.05908322
v -0.06738471 -0.06618809 0.05929625
v -0.07045483 -0.06569081 0.05810123
v -0.06947439 -0.07425779 0.05908322
v -0.05535632 -0.06813627 0.05414336
v -0.05724525 -0.06783032 0.05646926
v -0.05775606 -0.07615572 0.05559957
v -0.05535632 -0.06813627 0.05414336
v -0.05775606 -0.07615572 0.05559957
v -0.05570322 -0.07648819 0.05234724
v -0.07086503 -0.06562441 0.03813803
v -0.07037276 -0.06570410 0.03842443
v -0.06846475 -0.06601315 0.03703016
v -0.06003624 -0.06737828 0.03816241
v -0.05950582 -0.06746417 0.03789848
v -0.06226032 -0.06701803 0.03679537
v -0.05433112 -0.06830227 0.04568272
v -0.05431926 -0.06830424 0.04404902
v -0.05556428 -0.06810259 0.04240787
v -0.06280273 -0.06693017 0.03719878
v -0.07246482 -0.06536525 0.03999710
v -0.07294899 -0.06528687 0.03977596
v -0.05763131 -0.06776779 0.03986918
v -0.05528455 -0.06814783 0.04192292
v -0.05735629 -0.06781226 0.03944712
v -0.07449752 -0.06503605 0.04258626
v -0.07478600 -0.06498932 0.04212987
v -0.06573176 -0.06645578 0.03698724
v -0.06554251 -0.06648641 0.03647565
v -0.07564145 -0.06485074 0.04404902
v -0.07563292 -0.06485217 0.04573166
v -0.06827050 -0.06604462 0.03750360
v -0.05417573 -0.06731444 0.04570311
v -0.05434381 -0.06830018 0.05045086
v -0.05433112 -0.06830227 0.04568272
v -0.05416887 -0.06731551 0.05020016
v -0.05434381 -0.06830018 0.05045086
v -0.05417573 -0.06731444 0.04570311
v -0.05433112 -0.06830227 0.04568272
v -0.05564934 -0.07649695 0.04399877
v -0.05431926 -0.06830424 0.04404902
v -0.05432552 -0.06830322 0.05200833
v -0.05570322 -0.07648819 0.05234724
v -0.05434381 -0.06830018 0.05045086
v -0.05570322 -0.07648819 0.05234724
v -0.05570322 -0.07648819 0.05234724
v -0.05571949 -0.07648557 0.04702532
v -0.05596989 -0.07816720 0.04856836
v -0.05607897 -0.07814949 0.04628783
v -0.05631572 -0.07638901 0.04426574
v -0.05571949 -0.07648557 0.04702532
v -0.05607897 -0.07814949 0.04628783
v -0.05631572 -0.07638901 0.04426574
v -0.05607897 -0.07814949 0.04628783
v -0.05678856 -0.07803457 0.04379189
v -0.05773752 -0.07615870 0.04161190
v -0.05678856 -0.07803457 0.04379189
v -0.05825573 -0.07779699 0.04126960
v -0.05773752 -0.07615870 0.04161190
v -0.05631572 -0.07638901 0.04426574
v -0.05678856 -0.07803457 0.04379189
v -0.05950099 -0.07587313 0.03972625
v -0.05773752 -0.07615870 0.04161190
v -0.05825573 -0.07779699 0.04126960
v -0.05950099 -0.07587313 0.03972625
v -0.05825573 -0.07779699 0.04126960
v -0.06060910 -0.07741582 0.03906571
v -0.06184864 -0.07549285 0.03820240
v -0.05950099 -0.07587313 0.03972625
v -0.06060910 -0.07741582 0.03906571
v -0.06184864 -0.07549285 0.03820240
v -0.06060910 -0.07741582 0.03906571
v -0.06288689 -0.07704687 0.03790813
v -0.06524246 -0.07494318 0.03724730
v -0.06288689 -0.07704687 0.03790813
v -0.06506901 -0.07669347 0.03733503
v -0.06524246 -0.07494318 0.03724730
v -0.06184864 -0.07549285 0.03820240
v -0.06288689 -0.07704687 0.03790813
v -0.06524246 -0.07494318 0.03724730
v -0.06506901 -0.07669347 0.03733503
v -0.06730085 -0.07633197 0.03726226
v -0.06814342 -0.07447338 0.03739935
v -0.06524246 -0.07494318 0.03724730
v -0.06730085 -0.07633197 0.03726226
v -0.06814342 -0.07447338 0.03739935
v -0.06730085 -0.07633197 0.03726226
v -0.06983971 -0.07592076 0.03772938
v -0.07058990 -0.07407712 0.03812187
v -0.06814342 -0.07447338 0.03739935
v -0.06983971 -0.07592076 0.03772938
v -0.07058990 -0.07407712 0.03812187
v -0.06983971 -0.07592076 0.03772938
v -0.07262617 -0.07546949 0.03912532
v -0.07286131 -0.07370924 0.03952533
v -0.07058990 -0.07407712 0.03812187
v -0.07262617 -0.07546949 0.03912532
v -0.07286131 -0.07370924 0.03952533
v -0.07262617 -0.07546949 0.03912532
v -0.07453376 -0.07516050 0.04086107
v -0.07489466 -0.07337987 0.04159879
v -0.07286131 -0.07370924 0.03952533
v -0.07453376 -0.07516050 0.04086107
v -0.07489466 -0.07337987 0.04159879
v -0.07453376 -0.07516050 0.04086107
v -0.07621359 -0.07488840 0.04336041
v -0.07633095 -0.07314723 0.04439836
v -0.07489466 -0.07337987 0.04159879
v -0.07621359 -0.07488840 0.04336041
v -0.07633095 -0.07314723 0.04439836
v -0.07621359 -0.07488840 0.04336041
v -0.07710677 -0.07474374 0.04647016
v -0.07684403 -0.07306414 0.04662185
v -0.07633095 -0.07314723 0.04439836
v -0.07710677 -0.07474374 0.04647016
v -0.07691663 -0.07305240 0.04856842
v -0.07710677 -0.07474374 0.04647016
v -0.07716226 -0.07473474 0.04906678
v -0.07691663 -0.07305240 0.04856842
v -0.07684403 -0.07306414 0.04662185
v -0.07710677 -0.07474374 0.04647016
v -0.05549567 -0.06811368 0.05340510
v -0.05432552 -0.06830322 0.05200833
v -0.05434381 -0.06830018 0.05045086
v -0.06440311 -0.06667101 0.05949741
v -0.06181335 -0.06709045 0.05908322
v -0.06262177 -0.06695950 0.05876213
v -0.07045483 -0.06569081 0.05810123
v -0.06841868 -0.06602060 0.05845940
v -0.07105118 -0.06559425 0.05716717
v -0.06553572 -0.06648755 0.05902463
v -0.05535632 -0.06813627 0.05414336
v -0.06738471 -0.06618809 0.05929625
v -0.07451206 -0.06503367 0.05426871
v -0.07473075 -0.06499826 0.05290544
v -0.07561957 -0.06485432 0.05208849
v -0.05746716 -0.06779438 0.05602037
v -0.05724525 -0.06783032 0.05646926
v -0.07323724 -0.06524014 0.05518090
v -0.07286018 -0.06530123 0.05633109
v -0.05937677 -0.06748503 0.05801564
v -0.06016433 -0.06735754 0.05788564
v -0.07563292 -0.06485217 0.05026829
v -0.07112640 -0.07571238 0.03962719
v -0.06778466 -0.07625359 0.03852826
v -0.06862515 -0.06720280 0.03910690
v -0.07592791 -0.07493472 0.04900950
v -0.07574796 -0.07496380 0.04566448
v -0.07454109 -0.06624460 0.04923588
v -0.07454109 -0.06624460 0.04923588
v -0.07574796 -0.07496380 0.04566448
v -0.07428520 -0.06628608 0.04557901
v -0.05908787 -0.07766216 0.04222136
v -0.05745881 -0.07792603 0.04547685
v -0.05708879 -0.06907129 0.04313707
v -0.06862515 -0.06720280 0.03910690
v -0.06778466 -0.07625359 0.03852826
v -0.06568932 -0.06767827 0.03849053
v -0.05708879 -0.06907129 0.04313707
v -0.05745881 -0.07792603 0.04547685
v -0.05604165 -0.06924086 0.04566931
v -0.06778466 -0.07625359 0.03852826
v -0.06478124 -0.07674008 0.03864753
v -0.06568932 -0.06767827 0.03849053
v -0.06568932 -0.06767827 0.03849053
v -0.06478124 -0.07674008 0.03864753
v -0.06298869 -0.06811571 0.03872156
v -0.05604165 -0.06924086 0.04566931
v -0.05745881 -0.07792603 0.04547685
v -0.05578213 -0.06928288 0.04807972
v -0.07428520 -0.06628608 0.04557901
v -0.07574796 -0.07496380 0.04566448
v -0.07320833 -0.06646049 0.04306489
v -0.05745881 -0.07792603 0.04547685
v -0.05720376 -0.07796728 0.04853874
v -0.05578213 -0.06928288 0.04807972
v -0.07574796 -0.07496380 0.04566448
v -0.07395946 -0.07525348 0.04203742
v -0.07320833 -0.06646049 0.04306489
v -0.06478124 -0.07674008 0.03864753
v -0.06168168 -0.07724201 0.03981620
v -0.06298869 -0.06811571 0.03872156
v -0.07320833 -0.06646049 0.04306489
v -0.07395946 -0.07525348 0.04203742
v -0.07150602 -0.06673622 0.04093486
v -0.06298869 -0.06811571 0.03872156
v -0.06168168 -0.07724201 0.03981620
v -0.06076210 -0.06847631 0.03960180
v -0.06076210 -0.06847631 0.03960180
v -0.06168168 -0.07724201 0.03981620
v -0.05877500 -0.06879818 0.04100096
v -0.07395946 -0.07525348 0.04203742
v -0.07112640 -0.07571238 0.03962719
v -0.07150602 -0.06673622 0.04093486
v -0.07150602 -0.06673622 0.04093486
v -0.07112640 -0.07571238 0.03962719
v -0.06862515 -0.06720280 0.03910690
v -0.06168168 -0.07724201 0.03981620
v -0.05908787 -0.07766216 0.04222136
v -0.05877500 -0.06879818 0.04100096
v -0.05877500 -0.06879818 0.04100096
v -0.05908787 -0.07766216 0.04222136
v -0.05708879 -0.06907129 0.04313707
v -0.05779129 -0.06895750 0.04716140
v -0.05578213 -0.06928288 0.04807972
v -0.05785840 -0.06894659 0.04931086
v -0.06334590 -0.06805783 0.05529302
v -0.06436133 -0.06789338 0.05748260
v -0.06517225 -0.06776213 0.05551207
v -0.07150602 -0.06673622 0.04093486
v -0.06935864 -0.06708401 0.04178524
v -0.07092285 -0.06683063 0.04323858
v -0.06599402 -0.06762897 0.05755949
v -0.07320833 -0.06646049 0.04306489
v -0.06467831 -0.06784206 0.05803865
v -0.06531983 -0.06773817 0.05822122
v -0.06862515 -0.06720280 0.03910690
v -0.05602961 -0.06924277 0.05022138
v -0.07201755 -0.06665337 0.04508072
v -0.07428520 -0.06628608 0.04557901
v -0.06745284 -0.06739270 0.04083979
v -0.06238389 -0.06821370 0.05709552
v -0.05852317 -0.06883895 0.05135309
v -0.06568932 -0.06767827 0.03849053
v -0.05703276 -0.06908035 0.05279636
v -0.07255315 -0.06656658 0.04716140
v -0.06138384 -0.06837564 0.05447173
v -0.06018084 -0.06857049 0.05607110
v -0.06517225 -0.06776207 0.04046702
v -0.07454109 -0.06624460 0.04923588
v -0.05973130 -0.06864327 0.05312150
v -0.05852156 -0.06883919 0.05471581
v -0.06298869 -0.06811571 0.03872156
v -0.07248586 -0.06657749 0.04931080
v -0.06289160 -0.06813144 0.04083979
v -0.06076210 -0.06847631 0.03960180
v -0.07182109 -0.06668519 0.05135303
v -0.07365041 -0.06638890 0.05208969
v -0.06098574 -0.06844013 0.04178524
v -0.05877500 -0.06879818 0.04100096
v -0.07254391 -0.06656807 0.05391108
v -0.07061308 -0.06688082 0.05312150
v -0.05942142 -0.06869345 0.04323858
v -0.07103216 -0.06681299 0.05543315
v -0.06896054 -0.06714850 0.05447173
v -0.05708879 -0.06907129 0.04313707
v -0.06925070 -0.06710147 0.05658119
v -0.05832690 -0.06887078 0.04508072
v -0.06699854 -0.06746625 0.05529302
v -0.05604165 -0.06924086 0.04566931
v -0.07288861 -0.06585383 0.05086672
v -0.07333147 -0.06578207 0.04778945
v -0.07094115 -0.05082178 0.04818546
v -0.06339836 -0.05204325 0.05634671
v -0.06581771 -0.06699901 0.05635732
v -0.06607335 -0.05161023 0.05564045
v -0.06581771 -0.06699901 0.05635732
v -0.06875008 -0.06652408 0.05552482
v -0.06607335 -0.05161023 0.05564045
v -0.06607335 -0.05161023 0.05564045
v -0.06875008 -0.06652408 0.05552482
v -0.06884461 -0.05116117 0.05361694
v -0.06875008 -0.06652408 0.05552482
v -0.07112318 -0.06613975 0.05372017
v -0.06884461 -0.05116117 0.05361694
v -0.07112318 -0.06613975 0.05372017
v -0.07288861 -0.06585383 0.05086672
v -0.06884461 -0.05116117 0.05361694
v -0.06884461 -0.05116117 0.05361694
v -0.07288861 -0.06585383 0.05086672
v -0.07037967 -0.05091255 0.05095463
v -0.07037967 -0.05091255 0.05095463
v -0.07288861 -0.06585383 0.05086672
v -0.07094115 -0.05082178 0.04818546
v -0.06581771 -0.06699901 0.05635732
v -0.06339836 -0.05204325 0.05634671
v -0.06338632 -0.05204540 0.05546414
v -0.06580865 -0.06700050 0.05546236
v -0.06745284 -0.06739270 0.04083979
v -0.06517225 -0.06776207 0.04046702
v -0.06640547 -0.06690382 0.04055953
v -0.06713867 -0.06678509 0.05522590
v -0.06580865 -0.06700050 0.05546236
v -0.06699854 -0.06746625 0.05529302
v -0.07248586 -0.06657749 0.04931080
v -0.07255315 -0.06656658 0.04716140
v -0.07242882 -0.06592828 0.04900801
v -0.06191283 -0.05228406 0.05549049
v -0.06517225 -0.06776213 0.05551207
v -0.06338632 -0.05204540 0.05546414
v -0.07255315 -0.06656658 0.04716140
v -0.07240766 -0.06593167 0.04684484
v -0.07242882 -0.06592828 0.04900801
v -0.06517225 -0.06776213 0.05551207
v -0.06580865 -0.06700050 0.05546236
v -0.06338632 -0.05204540 0.05546414
v -0.06517225 -0.06776213 0.05551207
v -0.06699854 -0.06746625 0.05529302
v -0.06580865 -0.06700050 0.05546236
v -0.07255315 -0.06656658 0.04716140
v -0.07201755 -0.06665337 0.04508072
v -0.07240766 -0.06593167 0.04684484
v -0.07201755 -0.06665337 0.04508072
v -0.07177984 -0.06603336 0.04477715
v -0.07240766 -0.06593167 0.04684484
v -0.06699854 -0.06746625 0.05529302
v -0.06896054 -0.06714850 0.05447173
v -0.06713867 -0.06678509 0.05522590
v -0.06896054 -0.06714850 0.05447173
v -0.06908243 -0.06647026 0.05433064
v -0.06713867 -0.06678509 0.05522590
v -0.07201755 -0.06665337 0.04508072
v -0.07092285 -0.06683063 0.04323858
v -0.07177984 -0.06603336 0.04477715
v -0.07092285 -0.06683063 0.04323858
v -0.07059711 -0.06622493 0.04297584
v -0.07177984 -0.06603336 0.04477715
v -0.06896054 -0.06714850 0.05447173
v -0.07061308 -0.06688082 0.05312150
v -0.06908243 -0.06647026 0.05433064
v -0.07061308 -0.06688082 0.05312150
v -0.07069450 -0.06620919 0.05291229
v -0.06908243 -0.06647026 0.05433064
v -0.07092285 -0.06683063 0.04323858
v -0.06935864 -0.06708401 0.04178524
v -0.07059711 -0.06622493 0.04297584
v -0.06935864 -0.06708401 0.04178524
v -0.06895720 -0.06649053 0.04158961
v -0.07059711 -0.06622493 0.04297584
v -0.07061308 -0.06688082 0.05312150
v -0.07182109 -0.06668519 0.05135303
v -0.07069450 -0.06620919 0.05291229
v -0.07182109 -0.06668519 0.05135303
v -0.07184153 -0.06602340 0.05108755
v -0.07069450 -0.06620919 0.05291229
v -0.06935864 -0.06708401 0.04178524
v -0.06745284 -0.06739270 0.04083979
v -0.06895720 -0.06649053 0.04158961
v -0.06745284 -0.06739270 0.04083979
v -0.06640547 -0.06690382 0.04055953
v -0.06895720 -0.06649053 0.04158961
v -0.07182109 -0.06668519 0.05135303
v -0.07248586 -0.06657749 0.04931080
v -0.07184153 -0.06602340 0.05108755
v -0.07248586 -0.06657749 0.04931080
v -0.07242882 -0.06592828 0.04900801
v -0.07184153 -0.06602340 0.05108755
v -0.06875008 -0.06652408 0.05552482
v -0.06581771 -0.06699901 0.05635732
v -0.06713867 -0.06678509 0.05522590
v -0.06908243 -0.06647026 0.05433064
v -0.07288861 -0.06585383 0.05086672
v -0.07069450 -0.06620919 0.05291229
v -0.07184153 -0.06602340 0.05108755
v -0.07112318 -0.06613975 0.05372017
v -0.06117928 -0.06775027 0.04158967
v -0.05953925 -0.06801587 0.04297590
v -0.05887216 -0.06812399 0.04240846
v -0.06158393 -0.06768476 0.04037076
v -0.05835676 -0.06820744 0.04477721
v -0.05729472 -0.06837946 0.04510968
v -0.06339383 -0.06739163 0.04065471
v -0.05772870 -0.06830912 0.04684484
v -0.06487292 -0.06715208 0.03959614
v -0.05676937 -0.06846457 0.04827380
v -0.06640547 -0.06690382 0.04055953
v -0.05770760 -0.06831258 0.04900801
v -0.06764501 -0.06670308 0.04004347
v -0.05739182 -0.06836372 0.05110383
v -0.05829507 -0.06821745 0.05108761
v -0.06895720 -0.06649053 0.04158961
v -0.06991261 -0.06633579 0.04119694
v -0.05848342 -0.06818693 0.05306065
v -0.05944204 -0.06803166 0.05291223
v -0.07059711 -0.06622493 0.04297584
v -0.06026887 -0.06789773 0.05483418
v -0.07188183 -0.06601685 0.04323297
v -0.06105417 -0.06777060 0.05433064
v -0.07177984 -0.06603336 0.04477715
v -0.06249982 -0.06753641 0.05595839
v -0.06299793 -0.06745576 0.05522590
v -0.07297086 -0.06584048 0.04554390
v -0.07240766 -0.06593167 0.04684484
v -0.06432700 -0.06724047 0.05632555
v -0.06432795 -0.06724035 0.05546236
v -0.07333147 -0.06578207 0.04778945
v -0.07242882 -0.06592828 0.04900801
v -0.06580865 -0.06700050 0.05546236
v -0.05779129 -0.06895750 0.04716140
v -0.05770760 -0.06831258 0.04900801
v -0.05772870 -0.06830912 0.04684484
v -0.05779129 -0.06895750 0.04716140
v -0.05785840 -0.06894659 0.04931086
v -0.05770760 -0.06831258 0.04900801
v -0.06640547 -0.06690382 0.04055953
v -0.06517225 -0.06776207 0.04046702
v -0.06339383 -0.06739163 0.04065471
v -0.06334590 -0.06805783 0.05529302
v -0.06517225 -0.06776213 0.05551207
v -0.06432795 -0.06724035 0.05546236
v -0.06432795 -0.06724035 0.05546236
v -0.06517225 -0.06776213 0.05551207
v -0.06191283 -0.05228406 0.05549049
v -0.06432795 -0.06724035 0.05546236
v -0.06299793 -0.06745576 0.05522590
v -0.06334590 -0.06805783 0.05529302
v -0.06517225 -0.06776207 0.04046702
v -0.06289160 -0.06813144 0.04083979
v -0.06339383 -0.06739163 0.04065471
v -0.05785840 -0.06894659 0.04931086
v -0.05829507 -0.06821745 0.05108761
v -0.05770760 -0.06831258 0.04900801
v -0.05785840 -0.06894659 0.04931086
v -0.05852317 -0.06883895 0.05135309
v -0.05829507 -0.06821745 0.05108761
v -0.06289160 -0.06813144 0.04083979
v -0.06117928 -0.06775027 0.04158967
v -0.06339383 -0.06739163 0.04065471
v -0.06289160 -0.06813144 0.04083979
v -0.06098574 -0.06844013 0.04178524
v -0.06117928 -0.06775027 0.04158967
v -0.05852317 -0.06883895 0.05135309
v -0.05944204 -0.06803166 0.05291223
v -0.05829507 -0.06821745 0.05108761
v -0.05852317 -0.06883895 0.05135309
v -0.05973130 -0.06864327 0.05312150
v -0.05944204 -0.06803166 0.05291223
v -0.06098574 -0.06844013 0.04178524
v -0.05953925 -0.06801587 0.04297590
v -0.06117928 -0.06775027 0.04158967
v -0.06098574 -0.06844013 0.04178524
v -0.05942142 -0.06869345 0.04323858
v -0.05953925 -0.06801587 0.04297590
v -0.05973130 -0.06864327 0.05312150
v -0.06105417 -0.06777060 0.05433064
v -0.05944204 -0.06803166 0.05291223
v -0.05973130 -0.06864327 0.05312150
v -0.06138384 -0.06837564 0.05447173
v -0.06105417 -0.06777060 0.05433064
v -0.05942142 -0.06869345 0.04323858
v -0.05835676 -0.06820744 0.04477721
v -0.05953925 -0.06801587 0.04297590
v -0.06138384 -0.06837564 0.05447173
v -0.06299793 -0.06745576 0.05522590
v -0.06105417 -0.06777060 0.05433064
v -0.05942142 -0.06869345 0.04323858
v -0.05832690 -0.06887078 0.04508072
v -0.05835676 -0.06820744 0.04477721
v -0.06138384 -0.06837564 0.05447173
v -0.06334590 -0.06805783 0.05529302
v -0.06299793 -0.06745576 0.05522590
v -0.05832690 -0.06887078 0.04508072
v -0.05772870 -0.06830912 0.04684484
v -0.05835676 -0.06820744 0.04477721
v -0.05832690 -0.06887078 0.04508072
v -0.05779129 -0.06895750 0.04716140
v -0.05772870 -0.06830912 0.04684484
v -0.05676937 -0.06846457 0.04827380
v -0.05739182 -0.06836372 0.05110383
v -0.05450505 -0.05348384 0.04968756
v -0.05450505 -0.05348384 0.04968756
v -0.05739182 -0.06836372 0.05110383
v -0.05593740 -0.05325186 0.05294466
v -0.05739182 -0.06836372 0.05110383
v -0.05848342 -0.06818693 0.05306065
v -0.05593740 -0.05325186 0.05294466
v -0.05593740 -0.05325186 0.05294466
v -0.06026887 -0.06789773 0.05483418
v -0.05794966 -0.05292594 0.05488991
v -0.05848342 -0.06818693 0.05306065
v -0.06026887 -0.06789773 0.05483418
v -0.05593740 -0.05325186 0.05294466
v -0.05794966 -0.05292594 0.05488991
v -0.06026887 -0.06789773 0.05483418
v -0.05992799 -0.05260545 0.05590724
v -0.06026887 -0.06789773 0.05483418
v -0.06249982 -0.06753641 0.05595839
v -0.05992799 -0.05260545 0.05590724
v -0.05992799 -0.05260545 0.05590724
v -0.06249982 -0.06753641 0.05595839
v -0.06190270 -0.05228567 0.05633080
v -0.06249982 -0.06753641 0.05595839
v -0.06432700 -0.06724047 0.05632555
v -0.06190270 -0.05228567 0.05633080
v -0.06613028 -0.05160099 0.04037076
v -0.06764501 -0.06670308 0.04004347
v -0.06284147 -0.05213356 0.03959614
v -0.06764501 -0.06670308 0.04004347
v -0.06487292 -0.06715208 0.03959614
v -0.06284147 -0.05213356 0.03959614
v -0.05537039 -0.05334371 0.04395776
v -0.05729472 -0.06837946 0.04510968
v -0.05448693 -0.05348676 0.04665720
v -0.07333147 -0.06578207 0.04778945
v -0.07297086 -0.06584048 0.04554390
v -0.07094115 -0.05082178 0.04818546
v -0.07094115 -0.05082178 0.04818546
v -0.07297086 -0.06584048 0.04554390
v -0.07023990 -0.05093520 0.04455924
v -0.05729472 -0.06837946 0.04510968
v -0.05676937 -0.06846457 0.04827380
v -0.05448693 -0.05348676 0.04665720
v -0.05448693 -0.05348676 0.04665720
v -0.05676937 -0.06846457 0.04827380
v -0.05450505 -0.05348384 0.04968756
v -0.06284147 -0.05213356 0.03959614
v -0.06487292 -0.06715208 0.03959614
v -0.05979323 -0.05262738 0.04012525
v -0.06487292 -0.06715208 0.03959614
v -0.06158393 -0.06768476 0.04037076
v -0.05979323 -0.05262738 0.04012525
v -0.07297086 -0.06584048 0.04554390
v -0.07188183 -0.06601685 0.04323297
v -0.07023990 -0.05093520 0.04455924
v -0.07023990 -0.05093520 0.04455924
v -0.07188183 -0.06601685 0.04323297
v -0.06843417 -0.05122762 0.04202175
v -0.05979323 -0.05262738 0.04012525
v -0.06158393 -0.06768476 0.04037076
v -0.05735456 -0.05302232 0.04154753
v -0.07188183 -0.06601685 0.04323297
v -0.06991261 -0.06633579 0.04119694
v -0.06843417 -0.05122762 0.04202175
v -0.06158393 -0.06768476 0.04037076
v -0.05887216 -0.06812399 0.04240846
v -0.05735456 -0.05302232 0.04154753
v -0.06843417 -0.05122762 0.04202175
v -0.06991261 -0.06633579 0.04119694
v -0.06613028 -0.05160099 0.04037076
v -0.05735456 -0.05302232 0.04154753
v -0.05887216 -0.06812399 0.04240846
v -0.05537039 -0.05334371 0.04395776
v -0.06991261 -0.06633579 0.04119694
v -0.06764501 -0.06670308 0.04004347
v -0.06613028 -0.05160099 0.04037076
v -0.05887216 -0.06812399 0.04240846
v -0.05729472 -0.06837946 0.04510968
v -0.05537039 -0.05334371 0.04395776
v -0.07581728 -0.06208693 0.04957610
v -0.07614451 -0.06375628 0.04676043
v -0.07606196 -0.06376963 0.04976385
v -0.07581728 -0.06208693 0.04957610
v -0.07584959 -0.06208187 0.04656022
v -0.07614451 -0.06375628 0.04676043
v -0.07504612 -0.06221199 0.05247724
v -0.07606196 -0.06376963 0.04976385
v -0.07511520 -0.06392300 0.05297797
v -0.07504612 -0.06221199 0.05247724
v -0.07581728 -0.06208693 0.04957610
v -0.07606196 -0.06376963 0.04976385
v -0.07352972 -0.06245762 0.05507242
v -0.07504612 -0.06221199 0.05247724
v -0.07511520 -0.06392300 0.05297797
v -0.07352972 -0.06245762 0.05507242
v -0.07511520 -0.06392300 0.05297797
v -0.07325559 -0.06422418 0.05573171
v -0.07142990 -0.06279772 0.05719453
v -0.07352972 -0.06245762 0.05507242
v -0.07325559 -0.06422418 0.05573171
v -0.07142990 -0.06279772 0.05719453
v -0.07325559 -0.06422418 0.05573171
v -0.07126826 -0.06454604 0.05749362
v -0.06792694 -0.06336504 0.05905956
v -0.07126826 -0.06454604 0.05749362
v -0.06862241 -0.06497460 0.05887651
v -0.06792694 -0.06336504 0.05905956
v -0.07142990 -0.06279772 0.05719453
v -0.07126826 -0.06454604 0.05749362
v -0.06792694 -0.06336504 0.05905956
v -0.06862241 -0.06497460 0.05887651
v -0.06538325 -0.06549918 0.05952405
v -0.06398588 -0.06400334 0.05952405
v -0.06792694 -0.06336504 0.05905956
v -0.06538325 -0.06549918 0.05952405
v -0.06398588 -0.06400334 0.05952405
v -0.06538325 -0.06549918 0.05952405
v -0.06242823 -0.06597781 0.05926609
v -0.06074661 -0.06452798 0.05887651
v -0.06398588 -0.06400334 0.05952405
v -0.06242823 -0.06597781 0.05926609
v -0.06074661 -0.06452798 0.05887651
v -0.06242823 -0.06597781 0.05926609
v -0.05901563 -0.06653052 0.05797249
v -0.05728352 -0.06508892 0.05693662
v -0.06074661 -0.06452798 0.05887651
v -0.05901563 -0.06653052 0.05797249
v -0.05728352 -0.06508892 0.05693662
v -0.05901563 -0.06653052 0.05797249
v -0.05626052 -0.06697672 0.05558961
v -0.05491632 -0.06547230 0.05413013
v -0.05728352 -0.06508892 0.05693662
v -0.05626052 -0.06697672 0.05558961
v -0.05491632 -0.06547230 0.05413013
v -0.05626052 -0.06697672 0.05558961
v -0.05443871 -0.06727182 0.05278915
v -0.05378025 -0.06565630 0.05171459
v -0.05491632 -0.06547230 0.05413013
v -0.05443871 -0.06727182 0.05278915
v -0.05378025 -0.06565630 0.05171459
v -0.05443871 -0.06727182 0.05278915
v -0.05349642 -0.06742447 0.04923909
v -0.05314946 -0.06575846 0.04844009
v -0.05378025 -0.06565630 0.05171459
v -0.05349642 -0.06742447 0.04923909
v -0.06432700 -0.06724047 0.05632555
v -0.06191283 -0.05228406 0.05549049
v -0.06190270 -0.05228567 0.05633080
v -0.06432700 -0.06724047 0.05632555
v -0.06432795 -0.06724035 0.05546236
v -0.06191283 -0.05228406 0.05549049
v -0.05314946 -0.06575846 0.04844009
v -0.05349642 -0.06742447 0.04923909
v -0.05362135 -0.06740421 0.04589694
v -0.05377399 -0.06565731 0.04414045
v -0.05314946 -0.06575846 0.04844009
v -0.05362135 -0.06740421 0.04589694
v -0.05377399 -0.06565731 0.04414045
v -0.05362135 -0.06740421 0.04589694
v -0.05455058 -0.06725370 0.04304385
v -0.05616432 -0.06527018 0.04013288
v -0.05455058 -0.06725370 0.04304385
v -0.05615967 -0.06699311 0.04050624
v -0.05616432 -0.06527018 0.04013288
v -0.05377399 -0.06565731 0.04414045
v -0.05455058 -0.06725370 0.04304385
v -0.05616432 -0.06527018 0.04013288
v -0.05615967 -0.06699311 0.04050624
v -0.05810070 -0.06667870 0.03871572
v -0.05934798 -0.06475454 0.03773438
v -0.05616432 -0.06527018 0.04013288
v -0.05810070 -0.06667870 0.03871572
v -0.05934798 -0.06475454 0.03773438
v -0.05810070 -0.06667870 0.03871572
v -0.06070441 -0.06625699 0.03722208
v -0.06311762 -0.06414401 0.03651392
v -0.05934798 -0.06475454 0.03773438
v -0.06070441 -0.06625699 0.03722208
v -0.06311762 -0.06414401 0.03651392
v -0.06070441 -0.06625699 0.03722208
v -0.06425768 -0.06568151 0.03647553
v -0.06707847 -0.06350249 0.03674978
v -0.06425768 -0.06568151 0.03647553
v -0.06754392 -0.06514924 0.03679633
v -0.06707847 -0.06350249 0.03674978
v -0.06311762 -0.06414401 0.03651392
v -0.06425768 -0.06568151 0.03647553
v -0.06957489 -0.06309819 0.03767472
v -0.06754392 -0.06514924 0.03679633
v -0.06999456 -0.06475234 0.03774976
v -0.06957489 -0.06309819 0.03767472
v -0.06707847 -0.06350249 0.03674978
v -0.06754392 -0.06514924 0.03679633
v -0.07179349 -0.06273883 0.03909665
v -0.06999456 -0.06475234 0.03774976
v -0.07248073 -0.06434965 0.03943681
v -0.07179349 -0.06273883 0.03909665
v -0.06957489 -0.06309819 0.03767472
v -0.06999456 -0.06475234 0.03774976
v -0.07400977 -0.06237965 0.04157561
v -0.07179349 -0.06273883 0.03909665
v -0.07248073 -0.06434965 0.03943681
v -0.07400977 -0.06237965 0.04157561
v -0.07248073 -0.06434965 0.03943681
v -0.07507985 -0.06392872 0.04289937
v -0.07519912 -0.06218719 0.04398375
v -0.07400977 -0.06237965 0.04157561
v -0.07507985 -0.06392872 0.04289937
v -0.07584959 -0.06208187 0.04656022
v -0.07519912 -0.06218719 0.04398375
v -0.07507985 -0.06392872 0.04289937
v -0.07584959 -0.06208187 0.04656022
v -0.07507985 -0.06392872 0.04289937
v -0.07614451 -0.06375628 0.04676043
v -0.06345623 -0.06155705 0.05951488
v -0.06364756 -0.06174737 0.05889981
v -0.06400585 -0.06186825 0.05949938
v -0.06364756 -0.06174737 0.05889981
v -0.06457173 -0.06176966 0.05889981
v -0.06400585 -0.06186825 0.05949938
v -0.06400585 -0.06186825 0.05949938
v -0.06457173 -0.06176966 0.05889981
v -0.06469118 -0.06161695 0.05949383
v -0.06645911 -0.05703985 0.05912142
v -0.06469118 -0.06161695 0.05949383
v -0.06457173 -0.06176966 0.05889981
v -0.06645971 -0.05703055 0.05889981
v -0.06645911 -0.05703985 0.05912142
v -0.06457173 -0.06176966 0.05889981
v -0.06345623 -0.06155705 0.05951488
v -0.06055957 -0.05797427 0.05910497
v -0.06055790 -0.05797511 0.05889981
v -0.06364756 -0.06174737 0.05889981
v -0.06345623 -0.06155705 0.05951488
v -0.06055790 -0.05797511 0.05889981
v -0.06401580 -0.05759835 0.05889981
v -0.06401580 -0.05759835 0.05869990
v -0.06399047 -0.05684727 0.05881410
v -0.06401580 -0.05759835 0.05869990
v -0.06401580 -0.05759835 0.05889981
v -0.06383848 -0.05709797 0.05877995
v -0.06383848 -0.05709797 0.05877995
v -0.06348156 -0.05715554 0.05872201
v -0.06399047 -0.05684727 0.05881410
v -0.06399047 -0.05684727 0.05881410
v -0.06401580 -0.05759835 0.05869990
v -0.06383848 -0.05709797 0.05877995
v -0.06348156 -0.05715554 0.05872201
v -0.06284832 -0.05703210 0.05881088
v -0.06399047 -0.05684727 0.05881410
v -0.06348156 -0.05715554 0.05872201
v -0.06307166 -0.05722194 0.05877995
v -0.06284832 -0.05703210 0.05881088
v -0.06307166 -0.05722194 0.05877995
v -0.06302714 -0.05774003 0.05869990
v -0.06284832 -0.05703210 0.05881088
v -0.06353914 -0.05761027 0.05889981
v -0.06347662 -0.05762022 0.05869990
v -0.06348156 -0.05715554 0.05872201
v -0.06347662 -0.05762022 0.05869990
v -0.06353914 -0.05761027 0.05889981
v -0.06334084 -0.05717837 0.05889981
v -0.06347662 -0.05762022 0.05869990
v -0.06334084 -0.05717837 0.05889981
v -0.06348156 -0.05715554 0.05872201
v -0.06334084 -0.05717837 0.05889981
v -0.06307166 -0.05722194 0.05877995
v -0.06348156 -0.05715554 0.05872201
v -0.06307131 -0.05781537 0.05889981
v -0.06302714 -0.05774003 0.05869990
v -0.06307166 -0.05722194 0.05877995
v -0.06302714 -0.05774003 0.05869990
v -0.06307131 -0.05781537 0.05889981
v -0.06284832 -0.05703210 0.05881088
v -0.06431376 -0.05884355 0.05869990
v -0.06318950 -0.05913859 0.05889981
v -0.06317162 -0.05902838 0.05869990
v -0.06431376 -0.05884355 0.05889981
v -0.06318950 -0.05913859 0.05889981
v -0.06431376 -0.05884355 0.05869990
v -0.06317162 -0.05902838 0.05869990
v -0.06318950 -0.05913859 0.05889981
v -0.06315380 -0.05891823 0.05889981
v -0.06315380 -0.05891823 0.05889981
v -0.06431376 -0.05884355 0.05869990
v -0.06317162 -0.05902838 0.05869990
v -0.06315380 -0.05891823 0.05889981
v -0.06431376 -0.05884355 0.05889981
v -0.06431376 -0.05884355 0.05869990
v -0.05196762 -0.05825084 0.04865103
v -0.05299788 -0.06416219 0.04965996
v -0.05309355 -0.06414669 0.04589802
v -0.05228781 -0.05819880 0.04511255
v -0.05196762 -0.05825084 0.04865103
v -0.05309355 -0.06414669 0.04589802
v -0.05228781 -0.05819880 0.04511255
v -0.05309355 -0.06414669 0.04589802
v -0.05402225 -0.06399631 0.04304558
v -0.05359935 -0.05798637 0.04203677
v -0.05228781 -0.05819880 0.04511255
v -0.05402225 -0.06399631 0.04304558
v -0.05359935 -0.05798637 0.04203677
v -0.05402225 -0.06399631 0.04304558
v -0.05542618 -0.06376886 0.04078060
v -0.05521756 -0.05772429 0.03992515
v -0.05359935 -0.05798637 0.04203677
v -0.05542618 -0.06376886 0.04078060
v -0.05521756 -0.05772429 0.03992515
v -0.05542618 -0.06376886 0.04078060
v -0.05809772 -0.06333619 0.03827112
v -0.05727213 -0.05739170 0.03824836
v -0.05521756 -0.05772429 0.03992515
v -0.05809772 -0.06333619 0.03827112
v -0.06036972 -0.06266427 0.03717219
v -0.05809772 -0.06333619 0.03827112
v -0.06143659 -0.06279546 0.03684508
v -0.05937767 -0.05705070 0.03720623
v -0.05809772 -0.06333619 0.03827112
v -0.06036972 -0.06266427 0.03717219
v -0.05937767 -0.05705070 0.03720623
v -0.05727213 -0.05739170 0.03824836
v -0.05809772 -0.06333619 0.03827112
v -0.06358039 -0.06214416 0.03647541
v -0.06036972 -0.06266427 0.03717219
v -0.06143659 -0.06279546 0.03684508
v -0.06358039 -0.06214416 0.03647541
v -0.06143659 -0.06279546 0.03684508
v -0.06429290 -0.06233263 0.03646641
v -0.06664443 -0.06164801 0.03673511
v -0.06358039 -0.06214416 0.03647541
v -0.06429290 -0.06233263 0.03646641
v -0.06714910 -0.06187003 0.03684508
v -0.06664443 -0.06164801 0.03673511
v -0.06429290 -0.06233263 0.03646641
v -0.06843280 -0.06162852 0.03724759
v -0.06664443 -0.06164801 0.03673511
v -0.06714910 -0.06187003 0.03684508
v -0.06939494 -0.05542808 0.03824836
v -0.06728941 -0.05576926 0.03720623
v -0.06843280 -0.06162852 0.03724759
v -0.06939494 -0.05542808 0.03824836
v -0.06843280 -0.06162852 0.03724759
v -0.07127767 -0.06120151 0.03890419
v -0.07144963 -0.05509549 0.03992521
v -0.06939494 -0.05542808 0.03824836
v -0.07127767 -0.06120151 0.03890419
v -0.07144963 -0.05509549 0.03992521
v -0.07127767 -0.06120151 0.03890419
v -0.07315939 -0.06089675 0.04078054
v -0.07306760 -0.05483341 0.04203677
v -0.07144963 -0.05509549 0.03992521
v -0.07315939 -0.06089675 0.04078054
v -0.07306760 -0.05483341 0.04203677
v -0.07315939 -0.06089675 0.04078054
v -0.07456350 -0.06066930 0.04304563
v -0.07416194 -0.05465596 0.04446893
v -0.07306760 -0.05483341 0.04203677
v -0.07456350 -0.06066930 0.04304563
v -0.07416194 -0.05465596 0.04446893
v -0.07456350 -0.06066930 0.04304563
v -0.07549220 -0.06051892 0.04589802
v -0.07469862 -0.05456924 0.04732304
v -0.07416194 -0.05465596 0.04446893
v -0.07549220 -0.06051892 0.04589802
v -0.07469862 -0.05456924 0.04732304
v -0.07549220 -0.06051892 0.04589802
v -0.07562983 -0.06049644 0.04899466
v -0.06055957 -0.05797427 0.05910497
v -0.06035965 -0.05689162 0.05896204
v -0.06055790 -0.05797511 0.05889981
v -0.06633561 -0.05592370 0.05902791
v -0.06645911 -0.05703985 0.05912142
v -0.06645971 -0.05703055 0.05889981
vn 0.74554696 0.59993146 0.29024468
vn 0.74554696 0.59993146 0.29024468
vn 0.74554696 0.59993146 0.29024468
vn -0.85375482 0.43700715 0.28306794
vn -0.85375482 0.43700715 0.28306794
vn -0.85375482 0.43700715 0.28306794
vn 0.99825474 0.01962459 0.05569868
vn 0.99825474 0.01962459 0.05569868
vn 0.99825474 0.01962459 0.05569868
vn 0.36445054 0.88788278 -0.28078458
vn 0.36445054 0.88788278 -0.28078458
vn 0.36445054 0.88788278 -0.28078458
vn -0.63524446 0.75646571 -0.15564095
vn -0.63524446 0.75646571 -0.15564095
vn -0.63524446 0.75646571 -0.15564095
vn -0.21011669 0.97001657 0.12214266
vn -0.21011669 0.97001657 0.12214266
vn -0.21011669 0.97001657 0.12214266
vn 0.00000000 0.00000000 1.00000000
vn 0.00000000 0.00000000 1.00000000
vn 0.00000000 0.00000000 1.00000000
vn 0.00000000 0.00000000 1.00000000
vn 0.00000000 0.00000000 1.00000000
vn 0.00000000 0.00000000 1.00000000
vn -0.48474695 0.57021436 0.66323146
vn -0.48474695 0.57021436 0.66323146
vn -0.48474695 0.57021436 0.66323146
vn -0.24477020 0.96794001 -0.05638876
vn -0.24477020 0.96794001 -0.05638876
vn -0.24477020 0.96794001 -0.05638876
vn 0.53799972 0.74484698 -0.39466351
vn 0.53799972 0.74484698 -0.39466351
vn 0.53799972 0.74484698 -0.39466351
vn -0.96125370 -0.01889719 0.27501678
vn -0.96125370 -0.01889719 0.27501678
vn -0.96125370 -0.01889719 0.27501678
vn 0.87696259 0.30827267 0.36865239
vn 0.87696259 0.30827267 0.36865239
vn 0.87696259 0.30827267 0.36865239
vn 0.00000000 0.00000000 1.00000000
vn 0.00000000 0.00000000 1.00000000
vn 0.00000000 0.00000000 1.00000000
vn 0.00000000 0.00000000 1.00000000
vn 0.00000000 0.00000000 1.00000000
vn 0.00000000 0.00000000 1.00000000
vn 0.00000000 0.00000000 1.00000000
vn 0.00000000 0.00000000 1.00000000
vn 0.00000000 0.00000000 1.00000000
vn 0.84928155 -0.04755470 0.52579406
vn 0.84928155 -0.04755470 0.52579406
vn 0.84928155 -0.04755470 0.52579406
vn -0.91397176 0.09339829 0.39488274
vn -0.91397176 0.09339829 0.39488274
vn -0.91397176 0.09339829 0.39488274
vn -0.93344644 -0.32812806 0.14494727
vn -0.93344644 -0.32812806 0.14494727
vn -0.93344644 -0.32812806 0.14494727
vn -0.25376906 0.95781666 -0.13486479
vn -0.25376906 0.95781666 -0.13486479
vn -0.25376906 0.95781666 -0.13486479
vn 0.14771830 0.96933018 0.19641362
vn 0.14771830 0.96933018 0.19641362
vn 0.14771830 0.96933018 0.19641362
vn 0.02006302 0.83565391 0.54888980
vn 0.02006302 0.83565391 0.54888980
vn 0.02006302 0.83565391 0.54888980
vn -0.76705072 -0.63905270 0.05696354
vn -0.76705072 -0.63905270 0.05696354
vn -0.76705072 -0.63905270 0.05696354
vn 0.77508409 -0.63069346 0.03834585
vn 0.77508409 -0.63069346 0.03834585
vn 0.77508409 -0.63069346 0.03834585
vn -0.02235854 -0.93126554 0.36365449
vn -0.02235854 -0.93126554 0.36365449
vn -0.02235854 -0.93126554 0.36365449
vn 0.18286398 -0.72313279 0.66606286
vn 0.18286398 -0.72313279 0.66606286
vn 0.18286398 -0.72313279 0.66606286
vn 0.82069398 0.02810822 0.57067620
vn 0.82069398 0.02810822 0.57067620
vn 0.82069398 0.02810822 0.57067620
vn 0.13485912 0.97027091 0.20096612
vn 0.13485912 0.97027091 0.20096612
vn 0.13485912 0.97027091 0.20096612
vn -0.64078112 -0.75896506 0.11563563
vn -0.64078112 -0.75896506 0.11563563
vn -0.64078112 -0.75896506 0.11563563
vn -0.95656529 -0.03276172 0.28967140
vn -0.95656529 -0.03276172 0.28967140
vn -0.95656529 -0.03276172 0.28967140
vn -0.35026601 -0.86844305 -0.35088515
vn -0.35026601 -0.86844305 -0.35088515
vn -0.35026601 -0.86844305 -0.35088515
vn 0.88687902 -0.45396226 0.08581304
vn 0.88687902 -0.45396226 0.08581304
vn 0.88687902 -0.45396226 0.08581304
vn 0.54971399 -0.69910808 0.45723345
vn 0.54971399 -0.69910808 0.45723345
vn 0.54971399 -0.69910808 0.45723345
vn -0.89237733 -0.42662737 -0.14714548
vn -0.89237733 -0.42662737 -0.14714548
vn -0.89237733 -0.42662737 -0.14714548
vn -0.07292491 -0.97717671 0.19951849
vn -0.07292491 -0.97717671 0.19951849
vn -0.07292491 -0.97717671 0.19951849
vn 0.98249593 -0.11848385 -0.14374746
vn 0.98249593 -0.11848385 -0.14374746
vn 0.98249593 -0.11848385 -0.14374746
vn -0.89164965 -0.43010892 -0.14130543
vn -0.89164965 -0.43010892 -0.14130543
vn -0.89164965 -0.43010892 -0.14130543
vn 0.63805364 -0.75055109 0.17193204
vn 0.63805364 -0.75055109 0.17193204
vn 0.63805364 -0.75055109 0.17193204
vn 0.29373561 -0.93955776 -0.17592783
vn 0.29373561 -0.93955776 -0.17592783
vn 0.29373561 -0.93955776 -0.17592783
vn 0.00000000 0.00000000 1.00000000
vn 0.00000000 0.00000000 1.00000000
vn 0.00000000 0.00000000 1.00000000
vn 0.04330907 -0.11965004 0.99187106
vn 0.04330907 -0.11965004 0.99187106
vn 0.04330907 -0.11965004 0.99187106
vn 0.02612998 0.11246844 0.99331167
vn 0.02612998 0.11246844 0.99331167
vn 0.02612998 0.11246844 0.99331167
vn 0.00000000 0.00000000 1.00000000
vn 0.00000000 0.00000000 1.00000000
vn 0.00000000 0.00000000 1.00000000
vn -0.05487373 -0.35535613 0.93311891
vn -0.05487373 -0.35535613 0.93311891
vn -0.05487373 -0.35535613 0.93311891
vn 0.20328988 0.33411011 0.92034975
vn 0.20328988 0.33411011 0.92034975
vn 0.20328988 0.33411011 0.92034975
vn 0.00577727 0.23100413 0.97293562
vn 0.00577727 0.23100413 0.97293562
vn 0.00577727 0.23100413 0.97293562
vn 0.00000000 0.00000000 1.00000000
vn 0.00000000 0.00000000 1.00000000
vn 0.37709856 -0.17313676 0.90984632
vn 0.37709856 -0.17313676 0.90984632
vn 0.37709856 -0.17313676 0.90984632
vn 0.00000000 0.00000000 1.00000000
vn 0.08649078 0.19728431 0.97652355
vn 0.08649078 0.19728431 0.97652355
vn 0.08649078 0.19728431 0.97652355
vn 0.36899011 0.20835619 0.90577812
vn 0.36899011 0.20835619 0.90577812
vn 0.36899011 0.20835619 0.90577812
vn 0.00000000 0.00000000 1.00000000
vn 0.00000000 0.00000000 1.00000000
vn 0.00000000 0.00000000 1.00000000
vn 0.00000000 0.00000000 1.00000000
vn 0.00000000 0.00000000 1.00000000
vn 0.00000000 0.00000000 1.00000000
vn -0.04005298 -0.31188978 0.94927368
vn -0.04005298 -0.31188978 0.94927368
vn -0.04005298 -0.31188978 0.94927368
vn 0.00000000 0.00000000 1.00000000
vn 0.00000000 0.00000000 1.00000000
vn 0.00000000 0.00000000 1.00000000
vn 0.00000000 0.00000000 1.00000000
vn 0.00000000 0.00000000 1.00000000
vn 0.00000000 0.00000000 1.00000000
vn 0.00000000 0.00000000 1.00000000
vn 0.00000000 0.00000000 1.00000000
vn -0.00002936 0.00003120 1.00000000
vn -0.00001139 0.00008614 1.00000000
vn 0.00000994 0.00008495 1.00000000
vn -0.00007039 0.00000587 1.00000000
vn -0.05793657 -0.04667552 0.99722853
vn -0.05793657 -0.04667552 0.99722853
vn -0.05793657 -0.04667552 0.99722853
vn 0.00000000 0.00000000 1.00000000
vn 0.00704381 0.11082965 0.99381446
vn 0.00704381 0.11082965 0.99381446
vn 0.00704381 0.11082965 0.99381446
vn 0.63725267 -0.51150893 0.57642662
vn 0.63725267 -0.51150893 0.57642662
vn 0.63725267 -0.51150893 0.57642662
vn 0.51630803 -0.85636930 -0.00759215
vn 0.51630803 -0.85636930 -0.00759215
vn 0.51630803 -0.85636930 -0.00759215
vn 0.00056176 0.00029738 0.99999980
vn 0.00030118 0.00046157 0.99999985
vn -0.00020946 0.00046252 0.99999987
vn -0.00086535 0.00041763 0.99999954
vn -0.00060887 0.00002713 0.99999981
vn -0.00046182 -0.00007240 0.99999989
vn 0.00009985 -0.00012226 0.99999999
vn 0.00000000 0.00000000 1.00000000
vn -0.00002907 -0.00012987 0.99999999
vn 0.15545310 0.75482236 0.63724213
vn 0.15545310 0.75482236 0.63724213
vn 0.15545310 0.75482236 0.63724213
vn -0.83701471 -0.20065152 0.50906320
vn -0.83701471 -0.20065152 0.50906320
vn -0.83701471 -0.20065152 0.50906320
vn 0.39664577 0.90511088 0.15312225
vn 0.39664577 0.90511088 0.15312225
vn 0.39664577 0.90511088 0.15312225
vn -0.94310887 0.11523192 -0.31187699
vn -0.94310887 0.11523192 -0.31187699
vn -0.94310887 0.11523192 -0.31187699
vn 0.95290043 -0.10071681 -0.28607149
vn 0.95290043 -0.10071681 -0.28607149
vn 0.95290043 -0.10071681 -0.28607149
vn 0.84531313 -0.35019339 0.40349757
vn 0.84531313 -0.35019339 0.40349757
vn 0.84531313 -0.35019339 0.40349757
vn -0.33017364 0.92618393 0.18212273
vn -0.33017364 0.92618393 0.18212273
vn -0.33017364 0.92618393 0.18212273
vn -0.16139184 0.97599526 -0.14623929
vn -0.16139184 0.97599526 -0.14623929
vn -0.16139184 0.97599526 -0.14623929
vn 0.31499334 -0.90704170 -0.27938244
vn 0.31499334 -0.90704170 -0.27938244
vn 0.31499334 -0.90704170 -0.27938244
vn -0.04098316 -0.92102915 0.38733148
vn -0.04098316 -0.92102915 0.38733148
vn -0.04098316 -0.92102915 0.38733148
vn -0.41704781 -0.80175551 -0.42808786
vn -0.41704781 -0.80175551 -0.42808786
vn -0.41704781 -0.80175551 -0.42808786
vn -0.69906822 -0.70538546 -0.11719634
vn -0.69906822 -0.70538546 -0.11719634
vn -0.69906822 -0.70538546 -0.11719634
vn 0.17180420 0.95458538 0.24341338
vn 0.17180420 0.95458538 0.24341338
vn 0.17180420 0.95458538 0.24341338
vn -0.03692973 0.90357056 -0.42684475
vn -0.03692973 0.90357056 -0.42684475
vn -0.03692973 0.90357056 -0.42684475
vn -0.91341228 0.10678623 0.39277818
vn -0.91341228 0.10678623 0.39277818
vn -0.91341228 0.10678623 0.39277818
vn 0.98769239 -0.08676031 -0.13013992
vn 0.98769239 -0.08676031 -0.13013992
vn 0.98769239 -0.08676031 -0.13013992
vn 0.98916905 -0.08251998 -0.12138800
vn 0.98916905 -0.08251998 -0.12138800
vn 0.98916905 -0.08251998 -0.12138800
vn -0.83579829 -0.39836725 -0.37781577
vn -0.83579829 -0.39836725 -0.37781577
vn -0.83579829 -0.39836725 -0.37781577
vn 0.00000000 0.00000000 1.00000000
vn 0.00000000 0.00000000 1.00000000
vn 0.00000000 0.00000000 1.00000000
vn 0.10322271 -0.09598494 0.99001614
vn 0.10322271 -0.09598494 0.99001614
vn 0.10322271 -0.09598494 0.99001614
vn 0.00000000 0.00000000 1.00000000
vn 0.05324099 0.33237388 0.94164378
vn 0.05324099 0.33237388 0.94164378
vn 0.05324099 0.33237388 0.94164378
vn 0.00000000 0.00000000 1.00000000
vn 0.80327761 -0.47147534 0.36394518
vn 0.80327761 -0.47147534 0.36394518
vn 0.80327761 -0.47147534 0.36394518
vn 0.94759184 -0.31765481 0.03413390
vn 0.94759184 -0.31765481 0.03413390
vn 0.94759184 -0.31765481 0.03413390
vn -0.97658090 -0.21494912 -0.00930662
vn -0.97658090 -0.21494912 -0.00930662
vn -0.97658090 -0.21494912 -0.00930662
vn -0.25639795 -0.96588040 -0.03653964
vn -0.25639795 -0.96588040 -0.03653964
vn -0.25639795 -0.96588040 -0.03653964
vn -0.30976308 -0.95015179 0.03547394
vn -0.30976308 -0.95015179 0.03547394
vn -0.30976308 -0.95015179 0.03547394
vn -0.26430806 0.37911971 0.88679732
vn -0.26430806 0.37911971 0.88679732
vn -0.26430806 0.37911971 0.88679732
vn 0.00000000 0.00000000 1.00000000
vn 0.00000000 0.00000000 1.00000000
vn 0.00000000 0.00000000 1.00000000
vn -0.00396337 0.91026308 0.41401137
vn -0.00396337 0.91026308 0.41401137
vn -0.00396337 0.91026308 0.41401137
vn -0.10333728 -0.64511596 0.75706459
vn -0.10333728 -0.64511596 0.75706459
vn -0.10333728 -0.64511596 0.75706459
vn 0.05580167 -0.99844187 0.00000000
vn 0.05580167 -0.99844187 0.00000000
vn 0.05580167 -0.99844187 0.00000000
vn 0.36037573 0.93280723 0.00000000
vn 0.36037573 0.93280723 0.00000000
vn 0.36037573 0.93280723 0.00000000
vn -0.98813279 0.14465329 0.05166243
vn -0.98813279 0.14465329 0.05166243
vn -0.98813279 0.14465329 0.05166243
vn -0.99145310 0.09598383 -0.08836205
vn -0.99145310 0.09598383 -0.08836205
vn -0.99145310 0.09598383 -0.08836205
vn 0.07160904 0.99414965 0.08086169
vn 0.07160904 0.99414965 0.08086169
vn 0.07160904 0.99414965 0.08086169
vn 0.01788215 0.99696292 -0.07579684
vn 0.01788215 0.99696292 -0.07579684
vn 0.01788215 0.99696292 -0.07579684
vn 0.97996628 -0.18339926 -0.07765822
vn 0.97996628 -0.18339926 -0.07765822
vn 0.97996628 -0.18339926 -0.07765822
vn -0.00834214 -0.00543098 -0.99995046
vn -0.00834214 -0.00543098 -0.99995046
vn -0.00834214 -0.00543098 -0.99995046
vn 0.00554743 0.00508299 -0.99997169
vn 0.00554743 0.00508299 -0.99997169
vn 0.00554743 0.00508299 -0.99997169
vn -0.00989202 -0.00421403 -0.99994219
vn -0.00989202 -0.00421403 -0.99994219
vn -0.00989202 -0.00421403 -0.99994219
vn 0.15975298 0.98715702 0.00008779
vn 0.15965763 0.98717244 0.00008122
vn 0.15970777 0.98716434 0.00001048
vn 0.15995594 0.98712415 -0.00009044
vn 0.15989606 0.98713385 -0.00006367
vn 0.15995613 0.98712412 -0.00009981
vn 0.15971814 0.98716265 0.00013908
vn 0.15983184 0.98714426 -0.00000101
vn 0.15971814 0.98716265 0.00014229
vn 0.15983896 0.98714310 0.00003537
vn 0.16000954 0.98711546 -0.00013081
vn 0.15982214 0.98714583 0.00000100
vn 0.15984017 0.98714291 -0.00002161
vn 0.16007410 0.98710499 -0.00016763
vn 0.16005293 0.98710841 -0.00022502
vn 0.16010504 0.98709995 -0.00023382
vn 0.15987407 0.98713742 0.00000565
vn 0.15988530 0.98713559 -0.00010052
vn 0.15988325 0.98713592 -0.00013734
vn 0.15986487 0.98713891 0.00002363
vn 0.15979960 0.98714947 0.00008564
vn 0.15991425 0.98713091 -0.00002948
vn 0.15989877 0.98713339 -0.00022823
vn 0.15971134 0.98716376 0.00006923
vn 0.15987423 0.98713739 -0.00011746
vn 0.15984919 0.98714145 0.00000529
vn 0.15987538 0.98713720 0.00000478
vn 0.15989340 0.98713429 0.00000798
vn 0.15989346 0.98713428 0.00000861
vn 0.15989205 0.98713450 -0.00007999
vn 0.15989463 0.98713409 -0.00004771
vn 0.15987070 0.98713796 -0.00000780
vn 0.15997515 0.98712102 0.00022820
vn 0.15997188 0.98712154 0.00024075
vn 0.15980550 0.98714852 -0.00011096
vn 0.15980176 0.98714912 -0.00013490
vn 0.15987949 0.98713654 -0.00000052
vn 0.15986761 0.98713846 -0.00002630
vn 0.15975855 0.98715611 -0.00014617
vn 0.15974052 0.98715902 -0.00017323
vn 0.15987808 0.98713677 -0.00004781
vn 0.15987186 0.98713777 -0.00004613
vn 0.15990065 0.98713311 0.00000343
vn 0.15988762 0.98713522 0.00004056
vn 0.15990063 0.98713311 0.00005113
vn 0.15991398 0.98713095 0.00000712
vn 0.15979335 0.98715049 0.00002531
vn 0.15977817 0.98715294 0.00001669
vn -0.98226318 0.17401708 0.06983618
vn -0.98226318 0.17401708 0.06983618
vn -0.98226318 0.17401708 0.06983618
vn -0.96794950 0.14350825 0.20610472
vn -0.96794950 0.14350825 0.20610472
vn -0.96794950 0.14350825 0.20610472
vn -0.93923056 0.16452029 0.30129558
vn -0.93923056 0.16452029 0.30129558
vn -0.93923056 0.16452029 0.30129558
vn -0.89442088 0.13235789 0.42719161
vn -0.89442088 0.13235789 0.42719161
vn -0.89442088 0.13235789 0.42719161
vn -0.84722435 0.14953151 0.50975605
vn -0.84722435 0.14953151 0.50975605
vn -0.84722435 0.14953151 0.50975605
vn -0.77401105 0.11298009 0.62301074
vn -0.77401105 0.11298009 0.62301074
vn -0.77401105 0.11298009 0.62301074
vn -0.71094898 0.12736682 0.69161351
vn -0.71094898 0.12736682 0.69161351
vn -0.71094898 0.12736682 0.69161351
vn -0.61249399 0.08691584 0.78568235
vn -0.61249399 0.08691584 0.78568235
vn -0.61249399 0.08691584 0.78568235
vn -0.53744303 0.09912367 0.83745417
vn -0.53744303 0.09912367 0.83745417
vn -0.53744303 0.09912367 0.83745417
vn -0.42483523 0.05784479 0.90342072
vn -0.42483523 0.05784479 0.90342072
vn -0.42483523 0.05784479 0.90342072
vn -0.31621042 0.06749358 0.94628515
vn -0.31621042 0.06749358 0.94628515
vn -0.31621042 0.06749358 0.94628515
vn -0.50466707 0.12737590 0.85386564
vn -0.50466707 0.12737590 0.85386564
vn -0.50466707 0.12737590 0.85386564
vn -0.23055999 0.02493292 0.97273863
vn -0.23055999 0.02493292 0.97273863
vn -0.23055999 0.02493292 0.97273863
vn -0.06039621 0.05775072 0.99650246
vn -0.06039621 0.05775072 0.99650246
vn -0.06039621 0.05775072 0.99650246
vn -0.01430245 -0.01692210 0.99975451
vn -0.01430245 -0.01692210 0.99975451
vn -0.01430245 -0.01692210 0.99975451
vn 0.00619762 -0.13370127 0.99100230
vn 0.00619762 -0.13370127 0.99100230
vn 0.00619762 -0.13370127 0.99100230
vn 0.02540291 -0.09443659 0.99520672
vn 0.02540291 -0.09443659 0.99520672
vn 0.02540291 -0.09443659 0.99520672
vn 0.13042585 0.00798118 0.99142594
vn 0.13042585 0.00798118 0.99142594
vn 0.13042585 0.00798118 0.99142594
vn 0.30083739 -0.06113447 0.95171395
vn 0.29805862 -0.05943110 0.95269565
vn 0.29723806 -0.05892837 0.95298320
vn 0.20761746 0.09025426 0.97403756
vn 0.20761746 0.09025426 0.97403756
vn 0.20761746 0.09025426 0.97403756
vn 0.30465247 -0.06347542 0.95034612
vn 0.44916902 -0.06264607 0.89124781
vn 0.44916902 -0.06264607 0.89124781
vn 0.44916902 -0.06264607 0.89124781
vn 0.51519418 -0.09568312 0.85171574
vn 0.51519418 -0.09568312 0.85171574
vn 0.51519418 -0.09568312 0.85171574
vn 0.63221748 -0.09024808 0.76951696
vn 0.63221748 -0.09024808 0.76951696
vn 0.63221748 -0.09024808 0.76951696
vn 0.69401209 -0.12471771 0.70907877
vn 0.69401209 -0.12471771 0.70907877
vn 0.69401209 -0.12471771 0.70907877
vn 0.78803971 -0.11536006 0.60471933
vn 0.78803971 -0.11536006 0.60471933
vn 0.78803971 -0.11536006 0.60471933
vn 0.83586474 -0.14783481 0.52865395
vn 0.83586474 -0.14783481 0.52865395
vn 0.83586474 -0.14783481 0.52865395
vn 0.90304073 -0.13389165 0.40815496
vn 0.90304073 -0.13389165 0.40815496
vn 0.90304073 -0.13389165 0.40815496
vn 0.93888977 -0.17036946 0.29909908
vn 0.93888977 -0.17036946 0.29909908
vn 0.93888977 -0.17036946 0.29909908
vn 0.97325536 -0.13831862 0.18341745
vn 0.97325536 -0.13831862 0.18341745
vn 0.97325536 -0.13831862 0.18341745
vn 0.98970230 -0.14180653 -0.01950033
vn 0.98928737 -0.14445216 -0.02107312
vn 0.98950873 -0.14304847 -0.02023857
vn 0.98997816 -0.14001227 -0.01843403
vn 0.95495647 -0.19059036 -0.22744990
vn 0.95495647 -0.19059036 -0.22744990
vn 0.95495647 -0.19059036 -0.22744990
vn 0.94580327 -0.10314628 -0.30792372
vn 0.94580327 -0.10314628 -0.30792372
vn 0.94580327 -0.10314628 -0.30792372
vn 0.88200333 -0.17959495 -0.43567852
vn 0.88200333 -0.17959495 -0.43567852
vn 0.88200333 -0.17959495 -0.43567852
vn 0.83439818 -0.09135493 -0.54353837
vn 0.83439818 -0.09135493 -0.54353837
vn 0.83439818 -0.09135493 -0.54353837
vn 0.77858923 -0.15967973 -0.60687823
vn 0.77858923 -0.15967973 -0.60687823
vn 0.77858923 -0.15967973 -0.60687823
vn 0.61077184 -0.10597419 -0.78468289
vn 0.61077184 -0.10597419 -0.78468289
vn 0.61077184 -0.10597419 -0.78468289
vn 0.63376930 -0.07006763 -0.77034213
vn 0.63376930 -0.07006763 -0.77034213
vn 0.63376930 -0.07006763 -0.77034213
vn 0.34519183 -0.06295249 -0.93641849
vn 0.34519183 -0.06295249 -0.93641849
vn 0.34519183 -0.06295249 -0.93641849
vn 0.33753570 -0.04058433 -0.94043743
vn 0.33753570 -0.04058433 -0.94043743
vn 0.33753570 -0.04058433 -0.94043743
vn 0.07425532 -0.02595279 -0.99690150
vn 0.07425532 -0.02595279 -0.99690150
vn 0.07425532 -0.02595279 -0.99690150
vn 0.07013427 -0.01518163 -0.99742203
vn 0.07013427 -0.01518163 -0.99742203
vn 0.07013427 -0.01518163 -0.99742203
vn -0.20287226 0.05231115 -0.97780693
vn -0.20287226 0.05231115 -0.97780693
vn -0.20287226 0.05231115 -0.97780693
vn -0.23036205 0.02116735 -0.97287475
vn -0.23036205 0.02116735 -0.97287475
vn -0.23036205 0.02116735 -0.97287475
vn -0.43235833 0.07046582 -0.89894430
vn -0.43354540 0.07307379 -0.89816402
vn -0.43196862 0.06961132 -0.89919819
vn -0.43077647 0.06700249 -0.89996794
vn -0.62806187 0.08473825 -0.77353585
vn -0.62806187 0.08473825 -0.77353585
vn -0.62806187 0.08473825 -0.77353585
vn -0.60507428 0.11336504 -0.78805677
vn -0.60507428 0.11336504 -0.78805677
vn -0.60507428 0.11336504 -0.78805677
vn -0.78416524 0.12774624 -0.60726088
vn -0.78416524 0.12774624 -0.60726088
vn -0.78416524 0.12774624 -0.60726088
vn -0.79377784 0.16660198 -0.58494489
vn -0.79377784 0.16660198 -0.58494489
vn -0.79377784 0.16660198 -0.58494489
vn -0.89916973 0.09744513 -0.42661251
vn -0.89916973 0.09744513 -0.42661251
vn -0.89916973 0.09744513 -0.42661251
vn -0.92299544 0.21836869 -0.31685097
vn -0.92299544 0.21836869 -0.31685097
vn -0.92299544 0.21836869 -0.31685097
vn -0.98537938 0.08239894 -0.14912375
vn -0.98537938 0.08239894 -0.14912375
vn -0.98537938 0.08239894 -0.14912375
vn -0.97502904 0.21983976 -0.03144594
vn -0.97502904 0.21983976 -0.03144594
vn -0.97502904 0.21983976 -0.03144594
vn -0.97508348 0.11332997 0.19070532
vn -0.97508348 0.11332997 0.19070532
vn -0.97508348 0.11332997 0.19070532
vn -0.96824148 0.13896502 0.20783925
vn -0.96824148 0.13896502 0.20783925
vn -0.96824148 0.13896502 0.20783925
vn -0.89874389 0.18140736 0.39918767
vn -0.89874389 0.18140736 0.39918767
vn -0.89874389 0.18140736 0.39918767
vn -0.87898012 0.10226102 0.46576457
vn -0.87898012 0.10226102 0.46576457
vn -0.87898012 0.10226102 0.46576457
vn -0.76097650 0.09661369 0.64154545
vn -0.76097650 0.09661369 0.64154545
vn -0.76097650 0.09661369 0.64154545
vn -0.79180486 0.15488214 0.59081010
vn -0.79180486 0.15488214 0.59081010
vn -0.79180486 0.15488214 0.59081010
vn -0.65735502 0.14192275 0.74009615
vn -0.65735502 0.14192275 0.74009615
vn -0.65735502 0.14192275 0.74009615
vn -0.58446791 0.03471874 0.81067371
vn -0.58446791 0.03471874 0.81067371
vn -0.58446791 0.03471874 0.81067371
vn -0.45684838 0.14159398 0.87820311
vn -0.45684838 0.14159398 0.87820311
vn -0.45684838 0.14159398 0.87820311
vn -0.29343499 -0.01965853 0.95577688
vn -0.29343499 -0.01965853 0.95577688
vn -0.29343499 -0.01965853 0.95577688
vn -0.20214670 0.07204138 0.97670198
vn -0.20214670 0.07204138 0.97670198
vn -0.20214670 0.07204138 0.97670198
vn 0.00703544 -0.02701425 0.99961029
vn 0.00703544 -0.02701425 0.99961029
vn 0.00703544 -0.02701425 0.99961029
vn 0.02748497 -0.00712347 0.99959683
vn 0.02748497 -0.00712347 0.99959683
vn 0.02748497 -0.00712347 0.99959683
vn 0.22690092 -0.02219719 0.97366486
vn 0.22690092 -0.02219719 0.97366486
vn 0.22690092 -0.02219719 0.97366486
vn 0.24544728 -0.05433504 0.96788601
vn 0.24544728 -0.05433504 0.96788601
vn 0.24544728 -0.05433504 0.96788601
vn 0.43667260 -0.06783057 0.89705967
vn 0.43667260 -0.06783057 0.89705967
vn 0.43667260 -0.06783057 0.89705967
vn 0.46030257 -0.04103460 0.88681323
vn 0.46030257 -0.04103460 0.88681323
vn 0.46030257 -0.04103460 0.88681323
vn 0.64218176 -0.15937991 0.74980040
vn 0.64218176 -0.15937991 0.74980040
vn 0.64218176 -0.15937991 0.74980040
vn 0.70765966 -0.06605658 0.70345883
vn 0.70765966 -0.06605658 0.70345883
vn 0.70765966 -0.06605658 0.70345883
vn 0.85204006 -0.15160085 0.50104383
vn 0.85204006 -0.15160085 0.50104383
vn 0.85204006 -0.15160085 0.50104383
vn 0.85259599 -0.15654712 0.49857104
vn 0.85259599 -0.15654712 0.49857104
vn 0.85259599 -0.15654712 0.49857104
vn 0.95317024 -0.14155224 0.26726290
vn 0.95317024 -0.14155224 0.26726290
vn 0.95317024 -0.14155224 0.26726290
vn 0.95335253 -0.16886902 0.25020432
vn 0.95335253 -0.16886902 0.25020432
vn 0.95335253 -0.16886902 0.25020432
vn -0.15988298 -0.98713597 -0.00007953
vn -0.15989168 -0.98713456 -0.00005660
vn -0.15988328 -0.98713592 -0.00007077
vn -0.15989149 -0.98713459 -0.00006567
vn -0.15989816 -0.98713352 0.00000455
vn -0.15989265 -0.98713441 0.00000398
vn -0.15988563 -0.98713555 0.00000012
vn -0.15985668 -0.98714023 0.00004120
vn -0.15978562 -0.98715173 0.00012567
vn -0.15986844 -0.98713833 0.00002493
vn -0.15975032 -0.98715745 0.00009809
vn -0.15982594 -0.98714521 -0.00002811
vn -0.15989643 -0.98713379 -0.00008147
vn -0.16644720 -0.98553736 -0.03180308
vn -0.16644720 -0.98553736 -0.03180308
vn -0.16644720 -0.98553736 -0.03180308
vn -0.15988555 -0.98713556 -0.00000563
vn -0.15988301 -0.98713597 0.00000619
vn -0.15983366 -0.98714396 0.00000911
vn -0.15983164 -0.98714429 0.00001189
vn -0.15988089 -0.98713631 -0.00003752
vn -0.19298155 -0.98083214 -0.02695250
vn -0.19298155 -0.98083214 -0.02695250
vn -0.19298155 -0.98083214 -0.02695250
vn -0.15990765 -0.98713198 0.00000348
vn -0.15988063 -0.98713636 0.00000712
vn -0.15986791 -0.98713842 0.00001332
vn -0.15988151 -0.98713621 0.00000033
vn -0.15987553 -0.98713718 0.00001064
vn -0.15990059 -0.98713311 -0.00014837
vn -0.15990400 -0.98713256 -0.00014227
vn -0.15990748 -0.98713200 -0.00014209
vn -0.15991818 -0.98713027 -0.00009350
vn -0.16005214 -0.98710856 0.00004396
vn -0.16006900 -0.98710583 0.00004911
vn -0.15989168 -0.98713457 0.00001962
vn -0.16007290 -0.98710519 0.00003508
vn -0.16002640 -0.98711274 0.00002177
vn -0.15988729 -0.98713528 0.00004043
vn -0.15987997 -0.98713646 -0.00000630
vn -0.15984743 -0.98714173 0.00001955
vn -0.15987578 -0.98713714 -0.00001334
vn -0.15986041 -0.98713963 0.00003871
vn -0.15990457 -0.98713248 0.00002277
vn -0.15985108 -0.98714114 -0.00002353
vn -0.15985553 -0.98714042 -0.00002359
vn -0.15988927 -0.98713496 -0.00001870
vn -0.15989610 -0.98713385 -0.00005487
vn -0.15988475 -0.98713569 -0.00000573
vn -0.15989110 -0.98713466 0.00000460
vn -0.15988567 -0.98713554 -0.00000287
vn -0.15989298 -0.98713435 0.00001206
vn -0.15988818 -0.98713513 0.00000292
vn 0.97324375 -0.17221267 -0.15211639
vn 0.97324375 -0.17221267 -0.15211639
vn 0.97324375 -0.17221267 -0.15211639
vn 0.97176949 -0.17759176 -0.15532296
vn 0.97176949 -0.17759176 -0.15532296
vn 0.97176949 -0.17759176 -0.15532296
vn 0.90826929 -0.15679298 -0.38789542
vn 0.90826929 -0.15679298 -0.38789542
vn 0.90826929 -0.15679298 -0.38789542
vn 0.91782947 -0.13663083 -0.37272117
vn 0.91782947 -0.13663083 -0.37272117
vn 0.91782947 -0.13663083 -0.37272117
vn 0.81071475 -0.14338702 -0.56761056
vn 0.81071475 -0.14338702 -0.56761056
vn 0.81071475 -0.14338702 -0.56761056
vn 0.82326179 -0.12367082 -0.55402668
vn 0.82326179 -0.12367082 -0.55402668
vn 0.82326179 -0.12367082 -0.55402668
vn 0.66704795 -0.10474387 -0.73761491
vn 0.66704795 -0.10474387 -0.73761491
vn 0.66704795 -0.10474387 -0.73761491
vn 0.67340159 -0.09567628 -0.73305958
vn 0.67340159 -0.09567628 -0.73305958
vn 0.67340159 -0.09567628 -0.73305958
vn 0.49205898 -0.09703585 -0.86513699
vn 0.49205898 -0.09703585 -0.86513699
vn 0.49205898 -0.09703585 -0.86513699
vn 0.47757599 -0.05811450 -0.87666634
vn 0.47757599 -0.05811450 -0.87666634
vn 0.47757599 -0.05811450 -0.87666634
vn 0.25595761 -0.01815909 -0.96651743
vn 0.25595761 -0.01815909 -0.96651743
vn 0.25595761 -0.01815909 -0.96651743
vn 0.23902985 -0.04137895 -0.97013015
vn 0.23902985 -0.04137895 -0.97013015
vn 0.23902985 -0.04137895 -0.97013015
vn 0.02503169 -0.04788924 -0.99853895
vn 0.02503169 -0.04788924 -0.99853895
vn 0.02503169 -0.04788924 -0.99853895
vn -0.02503180 0.04788945 -0.99853894
vn -0.02503180 0.04788945 -0.99853894
vn -0.02503180 0.04788945 -0.99853894
vn -0.25595675 0.01816040 -0.96651764
vn -0.25595675 0.01816040 -0.96651764
vn -0.25595675 0.01816040 -0.96651764
vn -0.23902979 0.04137933 -0.97013015
vn -0.23902979 0.04137933 -0.97013015
vn -0.23902979 0.04137933 -0.97013015
vn -0.47758428 0.05811559 -0.87666176
vn -0.47758428 0.05811559 -0.87666176
vn -0.47758428 0.05811559 -0.87666176
vn -0.50365651 0.12997382 -0.85407080
vn -0.50365651 0.12997382 -0.85407080
vn -0.50365651 0.12997382 -0.85407080
vn -0.69503283 0.05030136 -0.71721624
vn -0.69503283 0.05030136 -0.71721624
vn -0.69503283 0.05030136 -0.71721624
vn -0.72766935 0.17093778 -0.66428728
vn -0.72766935 0.17093778 -0.66428728
vn -0.72766935 0.17093778 -0.66428728
vn -0.88988541 0.09556087 -0.44606286
vn -0.88988541 0.09556087 -0.44606286
vn -0.88988541 0.09556087 -0.44606286
vn -0.87805333 0.12406158 -0.46220243
vn -0.87805333 0.12406158 -0.46220243
vn -0.87805333 0.12406158 -0.46220243
vn -0.94105023 0.20195959 -0.27136098
vn -0.94105023 0.20195959 -0.27136098
vn -0.94105023 0.20195959 -0.27136098
vn -0.98015924 0.10962400 -0.16513766
vn -0.98015924 0.10962400 -0.16513766
vn -0.98015924 0.10962400 -0.16513766
vn -0.97880181 0.20097209 -0.03946185
vn -0.97880181 0.20097209 -0.03946185
vn -0.97880181 0.20097209 -0.03946185
vn -0.99223116 0.10261044 0.07034502
vn -0.99223116 0.10261044 0.07034502
vn -0.99223116 0.10261044 0.07034502
vn -0.94400221 0.24198138 0.22428740
vn -0.94400221 0.24198138 0.22428740
vn -0.94400221 0.24198138 0.22428740
vn -0.92393396 0.06059380 0.37772270
vn -0.92393396 0.06059380 0.37772270
vn -0.92393396 0.06059380 0.37772270
vn -0.81899400 0.20938701 0.53423394
vn -0.81899400 0.20938701 0.53423394
vn -0.81899400 0.20938701 0.53423394
vn -0.79301352 0.10114467 0.60074896
vn -0.79301352 0.10114467 0.60074896
vn -0.79301352 0.10114467 0.60074896
vn -0.63581766 0.10128414 0.76516497
vn -0.63581766 0.10128414 0.76516497
vn -0.63581766 0.10128414 0.76516497
vn -0.61074659 0.14216520 0.77895934
vn -0.61074659 0.14216520 0.77895934
vn -0.61074659 0.14216520 0.77895934
vn -0.36396881 0.01568222 0.93127911
vn -0.36396881 0.01568222 0.93127911
vn -0.36396881 0.01568222 0.93127911
vn -0.29799404 0.10929850 0.94828972
vn -0.29799404 0.10929850 0.94828972
vn -0.29799404 0.10929850 0.94828972
vn -0.06235787 -0.05853115 0.99633609
vn -0.06235787 -0.05853115 0.99633609
vn -0.06235787 -0.05853115 0.99633609
vn 0.05341423 0.06929723 0.99616505
vn 0.05341423 0.06929723 0.99616505
vn 0.05341423 0.06929723 0.99616505
vn 0.23789815 -0.10928273 0.96512266
vn 0.23789815 -0.10928273 0.96512266
vn 0.23789815 -0.10928273 0.96512266
vn 0.36953186 0.02439276 0.92889784
vn 0.36953186 0.02439276 0.92889784
vn 0.36953186 0.02439276 0.92889784
vn 0.51805466 -0.18219417 0.83571805
vn 0.51805466 -0.18219417 0.83571805
vn 0.51805466 -0.18219417 0.83571805
vn 0.65413209 -0.02104519 0.75608750
vn 0.65413209 -0.02104519 0.75608750
vn 0.65413209 -0.02104519 0.75608750
vn 0.76569033 -0.17325501 0.61943606
vn 0.76569033 -0.17325501 0.61943606
vn 0.76569033 -0.17325501 0.61943606
vn 0.82321316 -0.09761381 0.55927778
vn 0.82321316 -0.09761381 0.55927778
vn 0.82321316 -0.09761381 0.55927778
vn 0.88799770 -0.18942774 0.41901934
vn 0.88799770 -0.18942774 0.41901934
vn 0.88799770 -0.18942774 0.41901934
vn 0.93963211 -0.08880023 0.33046334
vn 0.93963211 -0.08880023 0.33046334
vn 0.93963211 -0.08880023 0.33046334
vn 0.96326741 -0.22670743 0.14394319
vn 0.96326741 -0.22670743 0.14394319
vn 0.96326741 -0.22670743 0.14394319
vn 0.99136663 -0.11664555 0.05988336
vn 0.99136663 -0.11664555 0.05988336
vn 0.99136663 -0.11664555 0.05988336
vn 0.12101630 0.91387255 0.38754614
vn 0.12101630 0.91387255 0.38754614
vn 0.12101630 0.91387255 0.38754614
vn 0.15986263 0.98713924 0.00022296
vn 0.15986263 0.98713924 0.00022296
vn 0.15986263 0.98713924 0.00022296
vn 0.15987377 0.98713747 -0.00001537
vn 0.15983245 0.98714416 0.00004102
vn 0.15985634 0.98714029 -0.00004602
vn 0.15984708 0.98714179 -0.00003009
vn 0.15987895 0.98713663 -0.00002261
vn 0.15987656 0.98713701 -0.00002295
vn 0.15988088 0.98713631 -0.00001601
vn 0.15988148 0.98713622 -0.00001051
vn 0.15987618 0.98713708 0.00000476
vn 0.15989398 0.98713419 -0.00000855
vn 0.15988437 0.98713575 -0.00000657
vn 0.15977077 0.98715414 0.00006820
vn 0.15987751 0.98713686 0.00000532
vn 0.15986635 0.98713867 0.00000684
vn 0.15985817 0.98713999 0.00000626
vn 0.15987663 0.98713700 0.00000256
vn 0.15987286 0.98713761 0.00000062
vn 0.15977876 0.98715285 0.00008383
vn 0.15984972 0.98714136 0.00000172
vn 0.15988403 0.98713580 -0.00000072
vn 0.15987349 0.98713751 0.00000050
vn 0.15985696 0.98714019 0.00006641
vn 0.15988192 0.98713615 0.00002140
vn 0.15988248 0.98713606 0.00000468
vn 0.15987197 0.98713776 0.00000353
vn 0.15986910 0.98713822 0.00000496
vn 0.15987833 0.98713673 -0.00002659
vn 0.15986821 0.98713837 -0.00001717
vn 0.15984854 0.98714155 -0.00000853
vn 0.15984305 0.98714244 -0.00001253
vn 0.15986502 0.98713888 -0.00001887
vn 0.15986892 0.98713825 -0.00002520
vn 0.15987204 0.98713775 -0.00000589
vn 0.15987701 0.98713694 -0.00000682
vn 0.15987609 0.98713709 -0.00002026
vn 0.15989588 0.98713389 -0.00000481
vn 0.15987860 0.98713668 0.00000144
vn 0.15988444 0.98713574 -0.00000011
vn 0.16003112 0.98711197 0.00006410
vn 0.16002670 0.98711268 0.00007259
vn 0.15988314 0.98713595 -0.00001005
vn 0.15987692 0.98713696 -0.00001420
vn 0.15987797 0.98713679 0.00002060
vn 0.15984936 0.98714142 0.00003660
vn -0.15994204 -0.98712641 -0.00001025
vn -0.15992767 -0.98712874 -0.00000495
vn -0.15988225 -0.98713609 0.00000778
vn -0.15988011 -0.98713644 -0.00002475
vn -0.15987965 -0.98713651 -0.00002468
vn -0.15987679 -0.98713698 -0.00002720
vn -0.15988308 -0.98713596 -0.00001940
vn -0.15986784 -0.98713843 0.00002163
vn -0.15986600 -0.98713873 0.00002614
vn -0.15987558 -0.98713717 0.00001550
vn -0.15988317 -0.98713594 -0.00001406
vn -0.15988318 -0.98713594 -0.00000977
vn -0.15987391 -0.98713744 0.00000322
vn -0.15987057 -0.98713798 0.00000804
vn -0.15991020 -0.98713157 -0.00001695
vn -0.15990927 -0.98713172 -0.00001410
vn -0.15987427 -0.98713739 -0.00000106
vn -0.15987119 -0.98713788 -0.00000247
vn -0.15988277 -0.98713601 0.00000898
vn -0.15990300 -0.98713273 -0.00002285
vn -0.15988697 -0.98713533 -0.00000081
vn -0.15988376 -0.98713585 -0.00000970
vn -0.15989732 -0.98713365 -0.00000647
vn -0.15988591 -0.98713550 0.00001362
vn -0.15990156 -0.98713297 -0.00001775
vn -0.15991301 -0.98713111 0.00000022
vn -0.15992840 -0.98712862 0.00000277
vn -0.15988371 -0.98713586 0.00000090
vn -0.15987677 -0.98713698 0.00000275
vn -0.15988007 -0.98713645 -0.00000463
vn -0.15985907 -0.98713985 -0.00000645
vn -0.15987343 -0.98713752 0.00002121
vn -0.15991076 -0.98713147 0.00004358
vn -0.15992451 -0.98712925 0.00005062
vn -0.15989360 -0.98713425 0.00001419
vn -0.15988656 -0.98713540 0.00001805
vn -0.15988540 -0.98713558 0.00001079
vn -0.15991156 -0.98713134 0.00002754
vn -0.15990492 -0.98713242 0.00001986
vn -0.15989270 -0.98713440 0.00000769
vn -0.15988946 -0.98713492 0.00001059
vn -0.15987735 -0.98713689 -0.00000069
vn -0.15986824 -0.98713836 0.00000257
vn -0.15988507 -0.98713564 0.00000553
vn -0.15987503 -0.98713726 -0.00001324
vn -0.15986629 -0.98713868 -0.00001543
vn -0.85499602 0.13744463 -0.50009077
vn -0.85499602 0.13744463 -0.50009077
vn -0.85499602 0.13744463 -0.50009077
vn -0.76543232 0.13445604 -0.62931307
vn -0.76543232 0.13445604 -0.62931307
vn -0.76543232 0.13445604 -0.62931307
vn -0.26879108 0.03198250 -0.96266737
vn -0.26879108 0.03198250 -0.96266737
vn -0.26879108 0.03198250 -0.96266737
vn 0.26921850 -0.03092990 -0.96258233
vn 0.26921850 -0.03092990 -0.96258233
vn 0.26921850 -0.03092990 -0.96258233
vn 0.68450500 -0.12557023 -0.71811212
vn 0.68450500 -0.12557023 -0.71811212
vn 0.68450500 -0.12557023 -0.71811212
vn 0.88229893 -0.13853288 -0.44984134
vn 0.88229893 -0.13853288 -0.44984134
vn 0.88229893 -0.13853288 -0.44984134
vn -0.18742683 0.02942400 -0.98183777
vn -0.18742683 0.02942400 -0.98183777
vn -0.18742683 0.02942400 -0.98183777
vn -0.21907980 0.04253553 -0.97477934
vn -0.21907980 0.04253553 -0.97477934
vn -0.21907980 0.04253553 -0.97477934
vn -0.98113321 0.15446508 -0.11626765
vn -0.98113321 0.15446508 -0.11626765
vn -0.98113321 0.15446508 -0.11626765
vn -0.97315032 0.16242081 -0.16308872
vn -0.97315032 0.16242081 -0.16308872
vn -0.97315032 0.16242081 -0.16308872
vn -0.91913970 0.14292496 -0.36708945
vn -0.91913970 0.14292496 -0.36708945
vn -0.91913970 0.14292496 -0.36708945
vn -0.90434577 0.14996776 -0.39958528
vn -0.90434577 0.14996776 -0.39958528
vn -0.90434577 0.14996776 -0.39958528
vn -0.77551387 0.12984590 -0.61783354
vn -0.77551387 0.12984590 -0.61783354
vn -0.77551387 0.12984590 -0.61783354
vn -0.76754158 0.12384454 -0.62892166
vn -0.76754158 0.12384454 -0.62892166
vn -0.76754158 0.12384454 -0.62892166
vn -0.62074913 0.09317009 -0.77845350
vn -0.62074913 0.09317009 -0.77845350
vn -0.62074913 0.09317009 -0.77845350
vn -0.52855564 0.10011944 -0.84297392
vn -0.52855564 0.10011944 -0.84297392
vn -0.52855564 0.10011944 -0.84297392
vn -0.41364258 0.05516980 -0.90876626
vn -0.41364258 0.05516980 -0.90876626
vn -0.41364258 0.05516980 -0.90876626
vn -0.97049598 0.18684396 0.15240370
vn -0.97049598 0.18684396 0.15240370
vn -0.97049598 0.18684396 0.15240370
vn -0.96524898 0.08316465 0.24774595
vn -0.96524898 0.08316465 0.24774595
vn -0.96524898 0.08316465 0.24774595
vn -0.89564383 0.22680114 0.38260080
vn -0.89564383 0.22680114 0.38260080
vn -0.89564383 0.22680114 0.38260080
vn -0.81566599 0.07033442 0.57423171
vn -0.81566599 0.07033442 0.57423171
vn -0.81566599 0.07033442 0.57423171
vn -0.75614789 0.16739040 0.63263008
vn -0.75614789 0.16739040 0.63263008
vn -0.75614789 0.16739040 0.63263008
vn -0.63229394 0.05433231 0.77282105
vn -0.63229394 0.05433231 0.77282105
vn -0.63229394 0.05433231 0.77282105
vn -0.51161827 0.16763989 0.84270019
vn -0.51161827 0.16763989 0.84270019
vn -0.51161827 0.16763989 0.84270019
vn -0.44120308 0.02273371 0.89711929
vn -0.44120308 0.02273371 0.89711929
vn -0.44120308 0.02273371 0.89711929
vn -0.25176380 0.01421211 0.96768435
vn -0.25176380 0.01421211 0.96768435
vn -0.25176380 0.01421211 0.96768435
vn -0.15190354 0.11979909 0.98110830
vn -0.15190354 0.11979909 0.98110830
vn -0.15190354 0.11979909 0.98110830
vn -0.03965748 -0.04288371 0.99829268
vn -0.03965748 -0.04288371 0.99829268
vn -0.03965748 -0.04288371 0.99829268
vn 0.18000154 -0.01242233 0.98358789
vn 0.17874735 -0.01407193 0.98379437
vn 0.18099282 -0.01111776 0.98342158
vn 0.18196528 -0.00983730 0.98325575
vn 0.42884560 -0.08277759 0.89957730
vn 0.42884560 -0.08277759 0.89957730
vn 0.42884560 -0.08277759 0.89957730
vn 0.42428470 -0.07019920 0.90280373
vn 0.42428470 -0.07019920 0.90280373
vn 0.42428470 -0.07019920 0.90280373
vn 0.64168000 -0.13125620 0.75565772
vn 0.64168000 -0.13125620 0.75565772
vn 0.64168000 -0.13125620 0.75565772
vn 0.62730287 -0.08925814 0.77364339
vn 0.62730287 -0.08925814 0.77364339
vn 0.62730287 -0.08925814 0.77364339
vn 0.80792491 -0.08647294 0.58290631
vn 0.80792491 -0.08647294 0.58290631
vn 0.80792491 -0.08647294 0.58290631
vn 0.82849168 -0.21739660 0.51608164
vn 0.82849168 -0.21739660 0.51608164
vn 0.82849168 -0.21739660 0.51608164
vn 0.95392782 -0.06522812 0.29286006
vn 0.95392782 -0.06522812 0.29286006
vn 0.95392782 -0.06522812 0.29286006
vn 0.95947231 -0.21554583 0.18152928
vn 0.95947231 -0.21554583 0.18152928
vn 0.95947231 -0.21554583 0.18152928
vn 0.99204978 -0.12290670 0.02704035
vn 0.99204978 -0.12290670 0.02704035
vn 0.99204978 -0.12290670 0.02704035
vn 0.95861246 -0.14662332 -0.24405686
vn 0.95861246 -0.14662332 -0.24405686
vn 0.95861246 -0.14662332 -0.24405686
vn 0.28015844 -0.04841345 -0.95873218
vn 0.28015844 -0.04841345 -0.95873218
vn 0.28015844 -0.04841345 -0.95873218
vn 0.26472224 -0.03938277 -0.96352018
vn 0.26472224 -0.03938277 -0.96352018
vn 0.26472224 -0.03938277 -0.96352018
vn 0.53097110 -0.08251951 -0.84336245
vn 0.53283567 -0.08352785 -0.84208625
vn 0.53042263 -0.08222314 -0.84373645
vn 0.53327645 -0.08376641 -0.84178347
vn 0.69467660 -0.11989542 -0.70925983
vn 0.69467660 -0.11989542 -0.70925983
vn 0.69467660 -0.11989542 -0.70925983
vn 0.74364943 -0.11412524 -0.65875713
vn 0.74364943 -0.11412524 -0.65875713
vn 0.74364943 -0.11412524 -0.65875713
vn 0.85351535 -0.14249777 -0.50120449
vn 0.85351535 -0.14249777 -0.50120449
vn 0.85351535 -0.14249777 -0.50120449
vn 0.84126596 -0.13257452 -0.52411410
vn 0.84126596 -0.13257452 -0.52411410
vn 0.84126596 -0.13257452 -0.52411410
vn 0.93977157 -0.16111152 -0.30145063
vn 0.93977157 -0.16111152 -0.30145063
vn 0.93977157 -0.16111152 -0.30145063
vn -0.15982019 -0.98714614 0.00001892
vn -0.15982788 -0.98714490 0.00002709
vn -0.15945223 -0.98720565 0.00000221
vn -0.15991514 -0.98713077 -0.00003217
vn -0.15989004 -0.98713483 -0.00000512
vn -0.15990851 -0.98713184 -0.00001213
vn -0.15985038 -0.98714125 0.00005615
vn -0.15985114 -0.98714113 0.00005171
vn -0.15985690 -0.98714020 0.00003428
vn -0.15986081 -0.98713956 0.00001002
vn -0.15989211 -0.98713450 -0.00001923
vn -0.15987201 -0.98713775 0.00000330
vn -0.15991843 -0.98713023 -0.00001323
vn -0.15991696 -0.98713047 -0.00002413
vn -0.15988919 -0.98713497 -0.00001580
vn -0.15990532 -0.98713236 -0.00000241
vn -0.16012955 -0.98709601 -0.00000214
vn -0.15978927 -0.98715115 -0.00000424
vn -0.15990149 -0.98713298 0.00000248
vn -0.16004751 -0.98710931 0.00000323
vn -0.15986874 -0.98713828 0.00000179
vn -0.15988661 -0.98713539 -0.00002460
vn -0.15987278 -0.98713762 -0.00005042
vn -0.15987988 -0.98713648 0.00000192
vn -0.15987773 -0.98713683 0.00000332
vn -0.15988808 -0.98713515 0.00002031
vn -0.15988878 -0.98713504 0.00001721
vn -0.15989081 -0.98713471 -0.00000002
vn -0.15985102 -0.98714115 -0.00001738
vn -0.15984778 -0.98714167 -0.00001717
vn -0.15986263 -0.98713927 -0.00001525
vn -0.15986090 -0.98713955 -0.00002974
vn -0.15987946 -0.98713654 0.00000112
vn -0.15988407 -0.98713580 0.00000679
vn -0.15989075 -0.98713472 0.00000842
vn -0.15989424 -0.98713415 0.00000155
vn -0.15990157 -0.98713296 0.00003086
vn -0.15989987 -0.98713324 0.00002437
vn -0.15989930 -0.98713333 0.00000285
vn -0.15988809 -0.98713515 0.00001356
vn -0.15988348 -0.98713589 -0.00000221
vn -0.15987878 -0.98713666 0.00000023
vn 0.09711464 0.00101785 -0.99527268
vn 0.09711464 0.00101785 -0.99527268
vn 0.09711464 0.00101785 -0.99527268
vn -0.89826593 0.15414905 -0.41152933
vn -0.89826593 0.15414905 -0.41152933
vn -0.89826593 0.15414905 -0.41152933
vn 0.89717213 -0.14309236 -0.41785973
vn 0.89717213 -0.14309236 -0.41785973
vn 0.89717213 -0.14309236 -0.41785973
vn 0.88612619 -0.14791682 -0.43920495
vn 0.88612619 -0.14791682 -0.43920495
vn 0.88612619 -0.14791682 -0.43920495
vn -0.08749288 -0.00173437 -0.99616364
vn -0.08749288 -0.00173437 -0.99616364
vn -0.08749288 -0.00173437 -0.99616364
vn -0.18003539 0.03992172 -0.98284969
vn -0.18003539 0.03992172 -0.98284969
vn -0.18003539 0.03992172 -0.98284969
vn 0.75575746 -0.12396874 -0.64301042
vn 0.75575746 -0.12396874 -0.64301042
vn 0.75575746 -0.12396874 -0.64301042
vn 0.75305823 -0.12153901 -0.64663094
vn 0.75305823 -0.12153901 -0.64663094
vn 0.75305823 -0.12153901 -0.64663094
vn -0.36416888 0.05088122 -0.92994200
vn -0.36416888 0.05088122 -0.92994200
vn -0.36416888 0.05088122 -0.92994200
vn -0.40839440 0.07172111 -0.90998357
vn -0.40839440 0.07172111 -0.90998357
vn -0.40839440 0.07172111 -0.90998357
vn 0.57312369 -0.08633829 -0.81490793
vn 0.57312369 -0.08633829 -0.81490793
vn 0.57312369 -0.08633829 -0.81490793
vn -0.59701560 0.08938712 -0.79723416
vn -0.59701560 0.08938712 -0.79723416
vn -0.59701560 0.08938712 -0.79723416
vn 0.51623323 -0.09687961 -0.85095099
vn 0.51623323 -0.09687961 -0.85095099
vn 0.51623323 -0.09687961 -0.85095099
vn -0.60553219 0.09538407 -0.79008395
vn -0.60553219 0.09538407 -0.79008395
vn -0.60553219 0.09538407 -0.79008395
vn 0.36486050 -0.04655926 -0.92989733
vn 0.36486050 -0.04655926 -0.92989733
vn 0.36486050 -0.04655926 -0.92989733
vn -0.77222966 0.13822355 -0.62012547
vn -0.77222966 0.13822355 -0.62012547
vn -0.77222966 0.13822355 -0.62012547
vn 0.23460803 -0.05493117 -0.97053678
vn 0.23460803 -0.05493117 -0.97053678
vn 0.23460803 -0.05493117 -0.97053678
vn -0.84239068 0.11505771 -0.52644057
vn -0.84239068 0.11505771 -0.52644057
vn -0.84239068 0.11505771 -0.52644057
vn -0.98761620 0.15680502 0.00514048
vn -0.98761620 0.15680502 0.00514048
vn -0.98761620 0.15680502 0.00514048
vn -0.98706402 0.16029798 -0.00303032
vn -0.98726073 0.15910401 -0.00147233
vn -0.98718801 0.15954816 -0.00205180
vn -0.98744309 0.15797513 0.00000000
vn -0.98131699 0.19236798 0.00339520
vn -0.98131699 0.19236798 0.00339520
vn -0.98131699 0.19236798 0.00339520
vn -0.97801502 0.20853446 0.00000000
vn -0.97801502 0.20853446 0.00000000
vn -0.97801502 0.20853446 0.00000000
vn -0.98669920 0.16238690 0.00742901
vn -0.98669920 0.16238690 0.00742901
vn -0.98669920 0.16238690 0.00742901
vn 0.83007176 -0.05761476 0.55467235
vn 0.83007176 -0.05761476 0.55467235
vn 0.83007176 -0.05761476 0.55467235
vn -0.19166367 0.00467346 0.98144954
vn -0.19166367 0.00467346 0.98144954
vn -0.19166367 0.00467346 0.98144954
vn -0.20084799 0.05545046 0.97805180
vn -0.20084799 0.05545046 0.97805180
vn -0.20084799 0.05545046 0.97805180
vn -0.94071294 0.09072405 0.32684602
vn -0.94071294 0.09072405 0.32684602
vn -0.94071294 0.09072405 0.32684602
vn 0.89901654 -0.24085068 0.36573243
vn 0.89901654 -0.24085068 0.36573243
vn 0.89901654 -0.24085068 0.36573243
vn -0.86780165 0.29116390 0.40267094
vn -0.86780165 0.29116390 0.40267094
vn -0.86780165 0.29116390 0.40267094
vn 0.94802562 -0.09078319 0.30496857
vn 0.94802562 -0.09078319 0.30496857
vn 0.94802562 -0.09078319 0.30496857
vn 0.09336021 0.02280470 0.99537120
vn 0.09336021 0.02280470 0.99537120
vn 0.09336021 0.02280470 0.99537120
vn 0.09434334 0.01499284 0.99542682
vn 0.09434334 0.01499284 0.99542682
vn 0.09434334 0.01499284 0.99542682
vn -0.83558424 0.00812354 0.54930228
vn -0.83558424 0.00812354 0.54930228
vn -0.83558424 0.00812354 0.54930228
vn 0.31424986 -0.13048578 0.94032999
vn 0.31424986 -0.13048578 0.94032999
vn 0.31424986 -0.13048578 0.94032999
vn 0.41732808 0.03395103 0.90812147
vn 0.41732808 0.03395103 0.90812147
vn 0.41732808 0.03395103 0.90812147
vn -0.66301846 0.08120342 0.74418581
vn -0.66301846 0.08120342 0.74418581
vn -0.66301846 0.08120342 0.74418581
vn -0.67235891 0.20897659 0.71011427
vn -0.67235891 0.20897659 0.71011427
vn -0.67235891 0.20897659 0.71011427
vn 0.53766417 -0.18895590 0.82171340
vn 0.53766417 -0.18895590 0.82171340
vn 0.53766417 -0.18895590 0.82171340
vn 0.64199407 -0.00339581 0.76670208
vn 0.64199407 -0.00339581 0.76670208
vn 0.64199407 -0.00339581 0.76670208
vn -0.43397430 0.04729178 0.89968316
vn -0.43397430 0.04729178 0.89968316
vn -0.43397430 0.04729178 0.89968316
vn -0.44169102 0.09807487 0.89179054
vn -0.44169102 0.09807487 0.89179054
vn -0.44169102 0.09807487 0.89179054
vn 0.76930900 -0.20528598 0.60499697
vn 0.76930900 -0.20528598 0.60499697
vn 0.76930900 -0.20528598 0.60499697
vn -0.79192665 0.21719820 -0.57068128
vn -0.79192665 0.21719820 -0.57068128
vn -0.79192665 0.21719820 -0.57068128
vn 0.20602355 0.04442402 -0.97753813
vn 0.20602355 0.04442402 -0.97753813
vn 0.20602355 0.04442402 -0.97753813
vn 0.05258175 -0.11754662 -0.99167432
vn 0.05258175 -0.11754662 -0.99167432
vn 0.05258175 -0.11754662 -0.99167432
vn 0.92861386 -0.13897385 -0.34403862
vn 0.92861386 -0.13897385 -0.34403862
vn 0.92861386 -0.13897385 -0.34403862
vn 0.91667916 -0.18111974 -0.35622319
vn 0.91667916 -0.18111974 -0.35622319
vn 0.91667916 -0.18111974 -0.35622319
vn -0.93345932 0.11636832 -0.33928176
vn -0.93345932 0.11636832 -0.33928176
vn -0.93345932 0.11636832 -0.33928176
vn -0.93024108 0.12944695 -0.34335844
vn -0.93024108 0.12944695 -0.34335844
vn -0.93024108 0.12944695 -0.34335844
vn -0.05971275 0.13348798 -0.98924989
vn -0.05971275 0.13348798 -0.98924989
vn -0.05971275 0.13348798 -0.98924989
vn -0.20729115 -0.05317164 -0.97683323
vn -0.20729115 -0.05317164 -0.97683323
vn -0.20729115 -0.05317164 -0.97683323
vn 0.77711529 -0.09470422 -0.62219204
vn 0.77711529 -0.09470422 -0.62219204
vn 0.77711529 -0.09470422 -0.62219204
vn 0.75738613 -0.14740366 -0.63611195
vn 0.75738613 -0.14740366 -0.63611195
vn 0.75738613 -0.14740366 -0.63611195
vn -0.34776953 0.11678283 -0.93027852
vn -0.34776953 0.11678283 -0.93027852
vn -0.34776953 0.11678283 -0.93027852
vn -0.39476897 0.04446031 -0.91770406
vn -0.39476897 0.04446031 -0.91770406
vn -0.39476897 0.04446031 -0.91770406
vn 0.59152042 -0.07454629 -0.80283650
vn 0.59152042 -0.07454629 -0.80283650
vn 0.59152042 -0.07454629 -0.80283650
vn 0.55843113 -0.13709266 -0.81814441
vn 0.55843113 -0.13709266 -0.81814441
vn 0.55843113 -0.13709266 -0.81814441
vn -0.58636239 0.11963982 -0.80116506
vn -0.58636239 0.11963982 -0.80116506
vn -0.58636239 0.11963982 -0.80116506
vn -0.58266691 0.12770660 -0.80261466
vn -0.58266691 0.12770660 -0.80261466
vn -0.58266691 0.12770660 -0.80261466
vn 0.40062147 -0.00400551 -0.91623490
vn 0.40062147 -0.00400551 -0.91623490
vn 0.40062147 -0.00400551 -0.91623490
vn -0.78364331 0.03796495 -0.62004986
vn -0.78364331 0.03796495 -0.62004986
vn -0.78364331 0.03796495 -0.62004986
vn 0.30753580 -0.12876370 -0.94278398
vn 0.30753580 -0.12876370 -0.94278398
vn 0.30753580 -0.12876370 -0.94278398
vn -0.15987716 -0.98713692 0.00000071
vn -0.15995377 -0.98712451 -0.00000981
vn -0.15993219 -0.98712800 0.00000475
vn -0.15987482 -0.98713730 0.00000065
vn -0.15988302 -0.98713597 0.00000656
vn -0.15988115 -0.98713627 -0.00006786
vn -0.15990288 -0.98713275 -0.00008754
vn -0.15984674 -0.98714184 0.00001935
vn -0.15985455 -0.98714058 0.00001495
vn -0.15986457 -0.98713896 0.00001813
vn -0.15987847 -0.98713671 0.00000961
vn -0.15986465 -0.98713894 0.00004651
vn -0.15985909 -0.98713984 0.00001077
vn -0.15987504 -0.98713726 0.00003965
vn -0.15983167 -0.98714428 0.00004598
vn -0.15982760 -0.98714494 0.00004877
vn -0.15988512 -0.98713563 -0.00008220
vn -0.15989166 -0.98713457 -0.00007897
vn -0.15978682 -0.98715154 0.00002613
vn -0.15982875 -0.98714476 0.00000028
vn -0.15988365 -0.98713587 0.00004224
vn -0.15988280 -0.98713600 0.00005306
vn -0.15985809 -0.98714001 -0.00001296
vn -0.15988022 -0.98713642 0.00000339
vn -0.15986259 -0.98713928 -0.00003726
vn -0.15987241 -0.98713768 -0.00007937
vn -0.15986652 -0.98713864 -0.00001390
vn -0.15986894 -0.98713825 -0.00002060
vn -0.15988564 -0.98713554 0.00000567
vn -0.15987712 -0.98713692 -0.00000330
vn -0.15987880 -0.98713665 0.00000498
vn -0.15991034 -0.98713154 0.00001933
vn -0.15991569 -0.98713068 0.00002646
vn -0.15988549 -0.98713557 0.00000740
vn -0.15988829 -0.98713511 0.00000945
vn -0.15989315 -0.98713433 0.00001348
vn -0.15987872 -0.98713667 -0.00000549
vn -0.15987127 -0.98713787 -0.00002795
vn -0.15986969 -0.98713813 -0.00003613
vn -0.15985281 -0.98714086 -0.00001099
vn -0.15984687 -0.98714182 -0.00001023
vn -0.15988053 -0.98713637 0.00005895
vn -0.15988199 -0.98713613 0.00007143
vn -0.11729419 0.00415739 0.99308851
vn -0.11729419 0.00415739 0.99308851
vn -0.11729419 0.00415739 0.99308851
vn 0.88866742 -0.13139015 0.43932545
vn 0.88866742 -0.13139015 0.43932545
vn 0.88866742 -0.13139015 0.43932545
vn -0.06481938 0.01541789 0.99777790
vn -0.06481938 0.01541789 0.99777790
vn -0.06481938 0.01541789 0.99777790
vn -0.90035889 0.14137869 0.41154092
vn -0.90035889 0.14137869 0.41154092
vn -0.90035889 0.14137869 0.41154092
vn -0.87647062 0.14980691 0.45755562
vn -0.87647062 0.14980691 0.45755562
vn -0.87647062 0.14980691 0.45755562
vn 0.15552641 -0.01508058 0.98771662
vn 0.15552641 -0.01508058 0.98771662
vn 0.15552641 -0.01508058 0.98771662
vn 0.23308439 -0.05310436 0.97100545
vn 0.23308439 -0.05310436 0.97100545
vn 0.23308439 -0.05310436 0.97100545
vn -0.76759091 0.12021399 0.62956556
vn -0.76722534 0.11990567 0.63006976
vn -0.76843218 0.12092448 0.62840215
vn -0.76873438 0.12118003 0.62798316
vn 0.39328803 -0.05458613 0.91779349
vn 0.39328803 -0.05458613 0.91779349
vn 0.39328803 -0.05458613 0.91779349
vn 0.47376576 -0.08471962 0.87656636
vn 0.47376576 -0.08471962 0.87656636
vn 0.47376576 -0.08471962 0.87656636
vn -0.57459457 0.09385761 0.81303864
vn -0.57459457 0.09385761 0.81303864
vn -0.57459457 0.09385761 0.81303864
vn -0.57967867 0.09701994 0.80904868
vn -0.57967867 0.09701994 0.80904868
vn -0.57967867 0.09701994 0.80904868
vn 0.57618268 -0.08409358 0.81298326
vn 0.57618268 -0.08409358 0.81298326
vn 0.57618268 -0.08409358 0.81298326
vn 0.65976607 -0.11800666 0.74214767
vn 0.65976607 -0.11800666 0.74214767
vn 0.65976607 -0.11800666 0.74214767
vn -0.39239232 0.06029822 0.91781937
vn -0.39239232 0.06029822 0.91781937
vn -0.39239232 0.06029822 0.91781937
vn -0.35253294 0.06664844 0.93342301
vn -0.35253294 0.06664844 0.93342301
vn -0.35253294 0.06664844 0.93342301
vn 0.76392085 -0.11323527 0.63529734
vn 0.76392085 -0.11323527 0.63529734
vn 0.76392085 -0.11323527 0.63529734
vn 0.82902926 -0.15027040 0.53863651
vn 0.82902926 -0.15027040 0.53863651
vn 0.82902926 -0.15027040 0.53863651
vn 0.15984163 0.98714267 -0.00006393
vn 0.15984642 0.98714189 -0.00006000
vn 0.15988452 0.98713572 0.00001225
vn 0.15986125 0.98713949 0.00003334
vn 0.15985473 0.98714055 0.00001529
vn 0.15989184 0.98713454 -0.00000767
vn 0.15992248 0.98712958 -0.00003189
vn 0.15991085 0.98713146 -0.00002283
vn 0.15979658 0.98714996 0.00006972
vn 0.15988477 0.98713568 -0.00002660
vn 0.15983056 0.98714446 -0.00005509
vn 0.15983104 0.98714438 -0.00004589
vn 0.15978037 0.98715258 0.00011392
vn 0.15978597 0.98715168 0.00008167
vn 0.15978533 0.98715178 0.00010962
vn 0.15990301 0.98713273 0.00000110
vn 0.15989960 0.98713328 0.00000241
vn 0.15987866 0.98713667 0.00003705
vn 0.15988085 0.98713632 0.00004159
vn 0.15994176 0.98712645 0.00002552
vn 0.15994523 0.98712589 0.00002830
vn 0.15988694 0.98713533 0.00001711
vn 0.98784056 -0.15544698 0.00269672
vn 0.98672563 -0.16237381 0.00269678
vn 0.98739143 -0.15827473 0.00269676
vn 0.98451295 -0.17530508 -0.00154408
vn 0.98451295 -0.17530508 -0.00154408
vn 0.98451295 -0.17530508 -0.00154408
vn 0.98705509 -0.16022702 0.00703950
vn 0.98707076 -0.16014751 0.00664032
vn 0.98704239 -0.16029085 0.00736005
vn 0.98597755 -0.16645304 -0.01190200
vn 0.98597755 -0.16645304 -0.01190200
vn 0.98597755 -0.16645304 -0.01190200
vn 0.98707473 -0.16012721 0.00653838
vn 0.98659359 -0.16317417 0.00269678
vn 0.98051549 -0.19039165 -0.04837766
vn 0.98051549 -0.19039165 -0.04837766
vn 0.98051549 -0.19039165 -0.04837766
vn 0.97013419 -0.11490713 -0.21362584
vn 0.97013419 -0.11490713 -0.21362584
vn 0.97013419 -0.11490713 -0.21362584
vn 0.94182830 -0.19099186 -0.27655299
vn 0.94182830 -0.19099186 -0.27655299
vn 0.94182830 -0.19099186 -0.27655299
vn 0.84633519 -0.16166378 -0.50752493
vn 0.84633519 -0.16166378 -0.50752493
vn 0.84633519 -0.16166378 -0.50752493
vn 0.87168219 -0.11316605 -0.47682660
vn 0.87168219 -0.11316605 -0.47682660
vn 0.87168219 -0.11316605 -0.47682660
vn 0.72133889 -0.08454305 -0.68740285
vn 0.72133889 -0.08454305 -0.68740285
vn 0.72133889 -0.08454305 -0.68740285
vn 0.66068940 -0.16060156 -0.73327802
vn 0.66068940 -0.16060156 -0.73327802
vn 0.66068940 -0.16060156 -0.73327802
vn 0.54095983 -0.02866472 -0.84055981
vn 0.54095983 -0.02866472 -0.84055981
vn 0.54095983 -0.02866472 -0.84055981
vn 0.43408641 -0.12096903 -0.89271243
vn 0.43408641 -0.12096903 -0.89271243
vn 0.43408641 -0.12096903 -0.89271243
vn 0.25035438 -0.02370317 -0.96786406
vn 0.25035438 -0.02370317 -0.96786406
vn 0.25035438 -0.02370317 -0.96786406
vn 0.27107505 0.00116539 -0.96255751
vn 0.27107505 0.00116539 -0.96255751
vn 0.27107505 0.00116539 -0.96255751
vn 0.02485033 -0.04758855 -0.99855786
vn 0.02485033 -0.04758855 -0.99855786
vn 0.02485033 -0.04758855 -0.99855786
vn -0.04357068 0.05383114 -0.99759902
vn -0.04357068 0.05383114 -0.99759902
vn -0.04357068 0.05383114 -0.99759902
vn -0.18254411 -0.01023704 -0.98314437
vn -0.18254411 -0.01023704 -0.98314437
vn -0.18254411 -0.01023704 -0.98314437
vn -0.26774210 0.09516835 -0.95877899
vn -0.26774210 0.09516835 -0.95877899
vn -0.26774210 0.09516835 -0.95877899
vn -0.44677057 0.00865855 -0.89460667
vn -0.44677057 0.00865855 -0.89460667
vn -0.44677057 0.00865855 -0.89460667
vn -0.50657011 0.12615601 -0.85291933
vn -0.50657011 0.12615601 -0.85291933
vn -0.50657011 0.12615601 -0.85291933
vn -0.66368159 0.08034650 -0.74368756
vn -0.66368159 0.08034650 -0.74368756
vn -0.66368159 0.08034650 -0.74368756
vn -0.69365955 0.15118418 -0.70425831
vn -0.69365955 0.15118418 -0.70425831
vn -0.69365955 0.15118418 -0.70425831
vn -0.82486548 0.06545760 -0.56152671
vn -0.82486548 0.06545760 -0.56152671
vn -0.82486548 0.06545760 -0.56152671
vn -0.86131268 0.21606706 -0.45984290
vn -0.86131268 0.21606706 -0.45984290
vn -0.86131268 0.21606706 -0.45984290
vn -0.95486447 0.10195470 -0.27899657
vn -0.95486447 0.10195470 -0.27899657
vn -0.95486447 0.10195470 -0.27899657
vn -0.95870807 0.17052432 -0.22759677
vn -0.95870807 0.17052432 -0.22759677
vn -0.95870807 0.17052432 -0.22759677
vn -0.99017345 0.13816027 -0.02163974
vn -0.99017345 0.13816027 -0.02163974
vn -0.99017345 0.13816027 -0.02163974
vn -0.98675454 0.15776620 -0.03775329
vn -0.98675454 0.15776620 -0.03775329
vn -0.98675454 0.15776620 -0.03775329
vn 0.15991980 0.98713001 0.00002352
vn 0.15995118 0.98712493 0.00004584
vn 0.15995427 0.98712442 0.00004850
vn 0.15988160 0.98713620 0.00002827
vn 0.15988661 0.98713539 0.00000992
vn 0.15988698 0.98713533 0.00003146
vn 0.15989412 0.98713417 -0.00003464
vn 0.15988136 0.98713624 0.00002228
vn 0.15991011 0.98713158 -0.00004438
vn 0.15988015 0.98713643 0.00002996
vn 0.15990536 0.98713235 0.00002070
vn 0.15987980 0.98713649 0.00002859
vn 0.15988191 0.98713615 -0.00000749
vn 0.15987711 0.98713692 -0.00000994
vn 0.15987536 0.98713721 -0.00000912
vn 0.15987811 0.98713676 -0.00001823
vn 0.15988475 0.98713569 -0.00001746
vn 0.15986446 0.98713897 0.00002331
vn 0.15988290 0.98713599 0.00001613
vn 0.15981690 0.98714667 -0.00009615
vn 0.15981890 0.98714635 -0.00009194
vn 0.15987526 0.98713723 -0.00000901
vn 0.30751331 -0.03224295 0.95099735
vn 0.30751331 -0.03224295 0.95099735
vn 0.30751331 -0.03224295 0.95099735
vn 0.98581970 -0.15874055 0.05441474
vn 0.98581970 -0.15874055 0.05441474
vn 0.98581970 -0.15874055 0.05441474
vn 0.98373440 -0.16512644 0.07070989
vn 0.98373440 -0.16512644 0.07070989
vn 0.98373440 -0.16512644 0.07070989
vn -0.87818779 0.15616232 0.45210567
vn -0.87818779 0.15616232 0.45210567
vn -0.87818779 0.15616232 0.45210567
vn 0.19841062 -0.04417281 0.97912307
vn 0.19841062 -0.04417281 0.97912307
vn 0.19841062 -0.04417281 0.97912307
vn -0.91162923 0.14018888 0.38636671
vn -0.91162923 0.14018888 0.38636671
vn -0.91162923 0.14018888 0.38636671
vn -0.03748384 0.01355532 0.99920529
vn -0.03748384 0.01355532 0.99920529
vn -0.03748384 0.01355532 0.99920529
vn -0.08380697 0.00886545 0.99644257
vn -0.08380697 0.00886545 0.99644257
vn -0.08380697 0.00886545 0.99644257
vn -0.98150850 0.15775016 0.10842487
vn -0.98150850 0.15775016 0.10842487
vn -0.98150850 0.15775016 0.10842487
vn 0.90523577 -0.14867011 0.39805201
vn 0.90523577 -0.14867011 0.39805201
vn 0.90523577 -0.14867011 0.39805201
vn -0.98265217 0.16530326 0.08408059
vn -0.98265217 0.16530326 0.08408059
vn -0.98265217 0.16530326 0.08408059
vn 0.88544134 -0.12784907 0.44682014
vn 0.88544134 -0.12784907 0.44682014
vn 0.88544134 -0.12784907 0.44682014
vn -0.34310660 0.06326899 0.93716322
vn -0.34310660 0.06326899 0.93716322
vn -0.34310660 0.06326899 0.93716322
vn 0.76476502 -0.13884826 0.62917059
vn 0.76476502 -0.13884826 0.62917059
vn 0.76476502 -0.13884826 0.62917059
vn -0.35849821 0.06039441 0.93157477
vn -0.35849821 0.06039441 0.93157477
vn -0.35849821 0.06039441 0.93157477
vn -0.56527655 0.07938406 0.82107283
vn -0.56527655 0.07938406 0.82107283
vn -0.56527655 0.07938406 0.82107283
vn 0.63767629 -0.08457274 0.76564770
vn 0.63767629 -0.08457274 0.76564770
vn 0.63767629 -0.08457274 0.76564770
vn 0.52124263 -0.10140146 0.84736289
vn 0.52124263 -0.10140146 0.84736289
vn 0.52124263 -0.10140146 0.84736289
vn -0.66364783 0.12496866 0.73753264
vn -0.66364783 0.12496866 0.73753264
vn -0.66364783 0.12496866 0.73753264
vn -0.77277316 0.11325733 0.62449533
vn -0.77277316 0.11325733 0.62449533
vn -0.77277316 0.11325733 0.62449533
vn -0.15986820 -0.98713837 0.00001059
vn -0.15987258 -0.98713766 0.00001170
vn -0.15987119 -0.98713788 0.00000696
vn -0.15988098 -0.98713630 -0.00000819
vn -0.15986482 -0.98713892 0.00000463
vn -0.15987153 -0.98713783 0.00002064
vn -0.15987566 -0.98713716 0.00001237
vn -0.15988198 -0.98713614 0.00000481
vn -0.15987312 -0.98713757 0.00000747
vn -0.15988303 -0.98713597 0.00000758
vn -0.15987483 -0.98713730 -0.00000102
vn -0.15986456 -0.98713896 -0.00002383
vn -0.15986730 -0.98713851 -0.00001610
vn -0.15988138 -0.98713623 -0.00001022
vn -0.15987158 -0.98713782 -0.00000055
vn -0.15987925 -0.98713658 -0.00000006
vn -0.15988044 -0.98713639 0.00000851
vn -0.15988519 -0.98713562 -0.00001498
vn -0.15989717 -0.98713368 -0.00001725
vn -0.15987606 -0.98713710 -0.00000939
vn -0.15988456 -0.98713572 -0.00002210
vn -0.15987949 -0.98713654 -0.00000572
vn -0.15987822 -0.98713675 0.00000984
vn -0.15988086 -0.98713632 -0.00001131
vn -0.15987054 -0.98713799 -0.00000779
vn -0.15988363 -0.98713587 -0.00001822
vn -0.15988287 -0.98713599 -0.00000472
vn -0.15987766 -0.98713684 -0.00000018
vn -0.15987252 -0.98713767 0.00000229
vn -0.15987640 -0.98713704 -0.00000731
vn -0.15988502 -0.98713565 -0.00001113
vn -0.15987348 -0.98713751 -0.00000666
vn -0.15987564 -0.98713716 -0.00001359
vn -0.15988517 -0.98713562 0.00000445
vn -0.15988431 -0.98713576 0.00000506
vn -0.15987554 -0.98713718 -0.00000767
vn -0.15988174 -0.98713618 0.00000185
vn -0.15989118 -0.98713465 0.00000219
vn -0.15988966 -0.98713489 -0.00000583
vn -0.15988759 -0.98713523 0.00000161
vn -0.15988206 -0.98713612 -0.00000834
vn -0.15987371 -0.98713748 0.00000482
vn -0.15988448 -0.98713573 -0.00000322
vn -0.15987472 -0.98713731 0.00001015
vn -0.15987289 -0.98713761 -0.00000232
vn -0.15989686 -0.98713373 0.00000437
vn -0.15986346 -0.98713914 0.00000571
vn 0.97773343 -0.15240111 -0.14426104
vn 0.97773343 -0.15240111 -0.14426104
vn 0.97773343 -0.15240111 -0.14426104
vn 0.24886036 -0.04094381 -0.96767356
vn 0.24886036 -0.04094381 -0.96767356
vn 0.24886036 -0.04094381 -0.96767356
vn 0.26681986 -0.04042301 -0.96289830
vn 0.26681986 -0.04042301 -0.96289830
vn 0.26681986 -0.04042301 -0.96289830
vn 0.57659206 -0.09719676 -0.81123017
vn 0.57659206 -0.09719676 -0.81123017
vn 0.57659206 -0.09719676 -0.81123017
vn 0.59267611 -0.09567072 -0.79973880
vn 0.59267611 -0.09567072 -0.79973880
vn 0.59267611 -0.09567072 -0.79973880
vn 0.83714104 -0.13100764 -0.53106673
vn 0.83714104 -0.13100764 -0.53106673
vn 0.83714104 -0.13100764 -0.53106673
vn 0.85204792 -0.14010877 -0.50436482
vn 0.85204792 -0.14010877 -0.50436482
vn 0.85204792 -0.14010877 -0.50436482
vn 0.96621938 -0.16106425 -0.20119246
vn 0.96621938 -0.16106425 -0.20119246
vn 0.96621938 -0.16106425 -0.20119246
vn -0.98708269 0.15987420 -0.01039197
vn -0.98707388 0.15966594 -0.01385466
vn -0.98707444 0.15967410 -0.01371961
vn -0.98708280 0.15988218 -0.01025869
vn 0.18449828 0.16059116 0.96962408
vn 0.18449828 0.16059116 0.96962408
vn 0.18449828 0.16059116 0.96962408
vn 0.16477785 -0.06309090 -0.98431082
vn 0.16477785 -0.06309090 -0.98431082
vn 0.16477785 -0.06309090 -0.98431082
vn 0.99426972 -0.10210878 -0.03164689
vn 0.99426972 -0.10210878 -0.03164689
vn 0.99426972 -0.10210878 -0.03164689
vn 0.01707115 -0.00498894 -0.99984183
vn 0.01707115 -0.00498894 -0.99984183
vn 0.01707115 -0.00498894 -0.99984183
vn 0.97575084 -0.21866078 0.00988724
vn 0.97575084 -0.21866078 0.00988724
vn 0.97575084 -0.21866078 0.00988724
vn 0.06540414 -0.01047491 -0.99780388
vn 0.06540414 -0.01047491 -0.99780388
vn 0.06540414 -0.01047491 -0.99780388
vn 0.12539135 0.04007365 -0.99129769
vn 0.12539135 0.04007365 -0.99129769
vn 0.12539135 0.04007365 -0.99129769
vn 0.96307490 -0.09510162 0.25187781
vn 0.96307490 -0.09510162 0.25187781
vn 0.96307490 -0.09510162 0.25187781
vn 0.93181389 -0.21358415 0.29343601
vn 0.93181389 -0.21358415 0.29343601
vn 0.93181389 -0.21358415 0.29343601
vn 0.38447074 -0.01185979 -0.92306099
vn 0.38447074 -0.01185979 -0.92306099
vn 0.38447074 -0.01185979 -0.92306099
vn 0.39972109 -0.11728017 -0.90910308
vn 0.39972109 -0.11728017 -0.90910308
vn 0.39972109 -0.11728017 -0.90910308
vn 0.85401527 -0.07539267 0.51475612
vn 0.85401527 -0.07539267 0.51475612
vn 0.85401527 -0.07539267 0.51475612
vn 0.81003583 -0.19588219 0.55269532
vn 0.81003583 -0.19588219 0.55269532
vn 0.81003583 -0.19588219 0.55269532
vn 0.62718972 -0.04898684 -0.77732448
vn 0.62718972 -0.04898684 -0.77732448
vn 0.62718972 -0.04898684 -0.77732448
vn 0.63780879 -0.15751931 -0.75391486
vn 0.63780879 -0.15751931 -0.75391486
vn 0.63780879 -0.15751931 -0.75391486
vn 0.67610523 -0.04457659 0.73545540
vn 0.67610523 -0.04457659 0.73545540
vn 0.67610523 -0.04457659 0.73545540
vn 0.62054382 -0.16720086 0.76613918
vn 0.62054382 -0.16720086 0.76613918
vn 0.62054382 -0.16720086 0.76613918
vn 0.81922253 -0.07767546 -0.56819097
vn 0.81922253 -0.07767546 -0.56819097
vn 0.81922253 -0.07767546 -0.56819097
vn 0.82242676 -0.18973903 -0.53629593
vn 0.82242676 -0.18973903 -0.53629593
vn 0.82242676 -0.18973903 -0.53629593
vn 0.44378193 -0.00478934 0.89612201
vn 0.44378193 -0.00478934 0.89612201
vn 0.44378193 -0.00478934 0.89612201
vn 0.33894953 -0.19903513 0.91950978
vn 0.33894953 -0.19903513 0.91950978
vn 0.33894953 -0.19903513 0.91950978
vn 0.94497216 -0.09624747 -0.31267242
vn 0.94497216 -0.09624747 -0.31267242
vn 0.94497216 -0.09624747 -0.31267242
vn 0.93823521 -0.21049853 -0.27459980
vn 0.93823521 -0.21049853 -0.27459980
vn 0.93823521 -0.21049853 -0.27459980
vn 0.15988498 0.98713565 -0.00000978
vn 0.15988274 0.98713601 -0.00002687
vn 0.15988586 0.98713551 -0.00002553
vn 0.15987657 0.98713701 -0.00000462
vn 0.15987019 0.98713805 0.00000644
vn 0.15987945 0.98713655 -0.00000778
vn 0.15986476 0.98713893 0.00001243
vn 0.15987825 0.98713674 -0.00000941
vn 0.15990614 0.98713222 -0.00003821
vn 0.15994230 0.98712636 -0.00004827
vn 0.15993388 0.98712773 -0.00004223
vn 0.15988418 0.98713578 -0.00002574
vn 0.15989903 0.98713337 -0.00001725
vn 0.15990389 0.98713259 -0.00001929
vn 0.15987906 0.98713661 -0.00001526
vn 0.15994682 0.98712563 -0.00000634
vn 0.15988722 0.98713529 -0.00002790
vn 0.15992843 0.98712861 0.00000756
vn 0.15988123 0.98713626 -0.00003559
vn 0.15990700 0.98713208 0.00000105
vn 0.15987624 0.98713707 -0.00002392
vn 0.15986151 0.98713945 -0.00000303
vn 0.15985929 0.98713981 -0.00000393
vn 0.15988079 0.98713633 -0.00000824
vn 0.15988074 0.98713634 -0.00000106
vn 0.15988462 0.98713571 -0.00000493
vn 0.15988144 0.98713622 -0.00000762
vn 0.15988164 0.98713619 0.00000222
vn 0.15984090 0.98714279 -0.00003812
vn 0.15987749 0.98713686 -0.00000295
vn 0.15984098 0.98714278 -0.00004571
vn 0.15986336 0.98713915 -0.00000584
vn 0.15987343 0.98713752 -0.00003335
vn 0.15987694 0.98713695 -0.00003081
vn 0.15985514 0.98714048 -0.00000952
vn 0.15985549 0.98714043 -0.00000341
vn 0.15987367 0.98713748 -0.00003564
vn 0.15987102 0.98713791 -0.00003892
vn 0.15986975 0.98713812 0.00000998
vn 0.15987902 0.98713662 0.00000996
vn 0.15988124 0.98713626 -0.00002507
vn -0.99485268 0.10085048 0.00986518
vn -0.99485268 0.10085048 0.00986518
vn -0.99485268 0.10085048 0.00986518
vn -0.97566473 0.21698401 -0.03156363
vn -0.97566473 0.21698401 -0.03156363
vn -0.97566473 0.21698401 -0.03156363
vn -0.06258558 -0.19542535 0.97871956
vn -0.06258558 -0.19542535 0.97871956
vn -0.06258558 -0.19542535 0.97871956
vn -0.10632961 0.07761217 -0.99129731
vn -0.10632961 0.07761217 -0.99129731
vn -0.10632961 0.07761217 -0.99129731
vn -0.06654252 0.01262165 -0.99770376
vn -0.06654252 0.01262165 -0.99770376
vn -0.06654252 0.01262165 -0.99770376
vn -0.17626911 -0.00785430 -0.98431068
vn -0.17626911 -0.00785430 -0.98431068
vn -0.17626911 -0.00785430 -0.98431068
vn -0.13520611 0.15311067 0.97891595
vn -0.13520611 0.15311067 0.97891595
vn -0.13520611 0.15311067 0.97891595
vn -0.95669962 0.09635047 -0.27466783
vn -0.95669962 0.09635047 -0.27466783
vn -0.95669962 0.09635047 -0.27466783
vn -0.92709759 0.20669662 -0.31267645
vn -0.92709759 0.20669662 -0.31267645
vn -0.92709759 0.20669662 -0.31267645
vn -0.39383227 -0.03759613 0.91841313
vn -0.39383227 -0.03759613 0.91841313
vn -0.39383227 -0.03759613 0.91841313
vn -0.42260290 0.13548468 0.89613096
vn -0.42260290 0.13548468 0.89613096
vn -0.42260290 0.13548468 0.89613096
vn -0.84029685 0.07931949 -0.53629247
vn -0.84029685 0.07931949 -0.53629247
vn -0.84029685 0.07931949 -0.53629247
vn -0.80184019 0.18480058 -0.56824383
vn -0.80184019 0.18480058 -0.56824383
vn -0.80184019 0.18480058 -0.56824383
vn -0.64156956 0.03720895 0.76616186
vn -0.64156956 0.03720895 0.76616186
vn -0.64156956 0.03720895 0.76616186
vn -0.65558675 0.17112015 0.73547529
vn -0.65558675 0.17112015 0.73547529
vn -0.65558675 0.17112015 0.73547529
vn -0.65493081 0.05179173 -0.75391196
vn -0.65493081 0.05179173 -0.75391196
vn -0.65493081 0.05179173 -0.75391196
vn -0.61060073 0.15143203 -0.77732560
vn -0.61060073 0.15143203 -0.77732560
vn -0.61060073 0.15143203 -0.77732560
vn -0.83050468 0.06981287 0.55261934
vn -0.83050468 0.06981287 0.55261934
vn -0.83050468 0.06981287 0.55261934
vn -0.41631215 0.01484026 -0.90910063
vn -0.41631215 0.01484026 -0.90910063
vn -0.41631215 0.01484026 -0.90910063
vn -0.83420349 0.19795277 0.51470306
vn -0.83420349 0.19795277 0.51470306
vn -0.83420349 0.19795277 0.51470306
vn -0.36854680 0.11010259 -0.92306591
vn -0.36854680 0.11010259 -0.92306591
vn -0.36854680 0.11010259 -0.92306591
vn -0.95155922 0.09147825 0.29354179
vn -0.95155922 0.09147825 0.29354179
vn -0.95155922 0.09147825 0.29354179
vn -0.94378557 0.21407700 0.25187268
vn -0.94378557 0.21407700 0.25187268
vn -0.94378557 0.21407700 0.25187268
vn -0.96186390 0.16590757 -0.21746841
vn -0.96186390 0.16590757 -0.21746841
vn -0.96186390 0.16590757 -0.21746841
vn -0.90320879 0.13649630 -0.40691846
vn -0.90320879 0.13649630 -0.40691846
vn -0.90320879 0.13649630 -0.40691846
vn -0.85884702 0.14258913 -0.49198591
vn -0.85884702 0.14258913 -0.49198591
vn -0.85884702 0.14258913 -0.49198591
vn -0.68182132 0.10831086 -0.72345591
vn -0.68182132 0.10831086 -0.72345591
vn -0.68182132 0.10831086 -0.72345591
vn -0.69106747 0.11226290 -0.71401877
vn -0.69106747 0.11226290 -0.71401877
vn -0.69106747 0.11226290 -0.71401877
vn -0.44679093 0.07252959 -0.89169351
vn -0.44679093 0.07252959 -0.89169351
vn -0.44679093 0.07252959 -0.89169351
vn -0.43941611 0.07262130 -0.89534330
vn -0.43941611 0.07262130 -0.89534330
vn -0.43941611 0.07262130 -0.89534330
vn -0.20467420 0.03190318 -0.97831010
vn -0.20467420 0.03190318 -0.97831010
vn -0.20467420 0.03190318 -0.97831010
vn -0.19200656 0.03147017 -0.98088894
vn -0.19200656 0.03147017 -0.98088894
vn -0.19200656 0.03147017 -0.98088894
vn 0.22237607 -0.04341239 0.97399397
vn 0.22237607 -0.04341239 0.97399397
vn 0.22237607 -0.04341239 0.97399397
vn 0.15594175 -0.02109317 0.98754101
vn 0.15594175 -0.02109317 0.98754101
vn 0.15594175 -0.02109317 0.98754101
vn -0.93818221 0.14418053 0.31468415
vn -0.93818221 0.14418053 0.31468415
vn -0.93818221 0.14418053 0.31468415
vn 0.97399086 -0.15987223 0.16056987
vn 0.97399086 -0.15987223 0.16056987
vn 0.97399086 -0.15987223 0.16056987
vn 0.96745333 -0.16455827 0.19223588
vn 0.96745333 -0.16455827 0.19223588
vn 0.96745333 -0.16455827 0.19223588
vn -0.97207127 0.16603411 0.16586173
vn -0.97207127 0.16603411 0.16586173
vn -0.97207127 0.16603411 0.16586173
vn -0.98866633 0.15000737 -0.00605623
vn -0.98866633 0.15000737 -0.00605623
vn -0.98866633 0.15000737 -0.00605623
vn -0.16741560 0.02264516 0.98562630
vn -0.16741560 0.02264516 0.98562630
vn -0.16741560 0.02264516 0.98562630
vn -0.22253759 0.04234623 0.97400401
vn -0.22253759 0.04234623 0.97400401
vn -0.22253759 0.04234623 0.97400401
vn 0.89228975 -0.13502705 0.43079775
vn 0.89228975 -0.13502705 0.43079775
vn 0.89228975 -0.13502705 0.43079775
vn 0.79930706 -0.13844323 0.58475781
vn 0.79930706 -0.13844323 0.58475781
vn 0.79930706 -0.13844323 0.58475781
vn -0.49363100 0.07283507 0.86661612
vn -0.49363100 0.07283507 0.86661612
vn -0.49363100 0.07283507 0.86661612
vn 0.70619819 -0.10731312 0.69983427
vn 0.70619819 -0.10731312 0.69983427
vn 0.70619819 -0.10731312 0.69983427
vn -0.58653033 0.10472722 0.80312787
vn -0.58653033 0.10472722 0.80312787
vn -0.58653033 0.10472722 0.80312787
vn 0.56877310 -0.10022696 0.81636494
vn 0.56877310 -0.10022696 0.81636494
vn 0.56877310 -0.10022696 0.81636494
vn -0.75967616 0.11285208 0.64043465
vn -0.75967616 0.11285208 0.64043465
vn -0.75967616 0.11285208 0.64043465
vn 0.44421618 -0.06392136 0.89363641
vn 0.44421618 -0.06392136 0.89363641
vn 0.44421618 -0.06392136 0.89363641
vn -0.84794995 0.14752942 0.50913255
vn -0.84794995 0.14752942 0.50913255
vn -0.84794995 0.14752942 0.50913255
vn -0.98876296 0.14687847 0.02783020
vn -0.98876296 0.14687847 0.02783020
vn -0.98876296 0.14687847 0.02783020
vn -0.98456051 0.17470849 0.01084198
vn -0.98456051 0.17470849 0.01084198
vn -0.98456051 0.17470849 0.01084198
vn -0.95048980 0.12201203 0.28580098
vn -0.95048980 0.12201203 0.28580098
vn -0.95048980 0.12201203 0.28580098
vn -0.95100621 0.16729322 0.26000032
vn -0.95100621 0.16729322 0.26000032
vn -0.95100621 0.16729322 0.26000032
vn -0.84121194 0.18287373 0.50884150
vn -0.84121194 0.18287373 0.50884150
vn -0.84121194 0.18287373 0.50884150
vn -0.82164375 0.08296240 0.56393154
vn -0.82164375 0.08296240 0.56393154
vn -0.82164375 0.08296240 0.56393154
vn -0.68932411 0.15697918 0.70724098
vn -0.68932411 0.15697918 0.70724098
vn -0.68932411 0.15697918 0.70724098
vn -0.65566688 0.06802314 0.75197992
vn -0.65566688 0.06802314 0.75197992
vn -0.65566688 0.06802314 0.75197992
vn -0.44931363 0.09309481 0.88851034
vn -0.44931363 0.09309481 0.88851034
vn -0.44931363 0.09309481 0.88851034
vn -0.45326895 0.10942864 0.88463135
vn -0.45326895 0.10942864 0.88463135
vn -0.45326895 0.10942864 0.88463135
vn -0.19986708 -0.02503590 0.97950312
vn -0.19986708 -0.02503590 0.97950312
vn -0.19986708 -0.02503590 0.97950312
vn -0.10138074 0.09470713 0.99032949
vn -0.10138074 0.09470713 0.99032949
vn -0.10138074 0.09470713 0.99032949
vn 0.07541827 -0.07045370 0.99465992
vn 0.07541827 -0.07045370 0.99465992
vn 0.07541827 -0.07045370 0.99465992
vn 0.20066266 0.03037203 0.97918948
vn 0.20066266 0.03037203 0.97918948
vn 0.20066266 0.03037203 0.97918948
vn 0.33213766 -0.13436942 0.93361097
vn 0.33213766 -0.13436942 0.93361097
vn 0.33213766 -0.13436942 0.93361097
vn 0.49252164 0.03313094 0.86966935
vn 0.49252164 0.03313094 0.86966935
vn 0.49252164 0.03313094 0.86966935
vn 0.62151123 -0.20308138 0.75662524
vn 0.62151123 -0.20308138 0.75662524
vn 0.62151123 -0.20308138 0.75662524
vn 0.76001179 -0.05048089 0.64794580
vn 0.76001179 -0.05048089 0.64794580
vn 0.76001179 -0.05048089 0.64794580
vn 0.81294336 -0.19352737 0.54924517
vn 0.81294336 -0.19352737 0.54924517
vn 0.81294336 -0.19352737 0.54924517
vn 0.89953664 -0.08112381 0.42924675
vn 0.89953664 -0.08112381 0.42924675
vn 0.89953664 -0.08112381 0.42924675
vn 0.94233907 -0.21165843 0.25922537
vn 0.94233907 -0.21165843 0.25922537
vn 0.94233907 -0.21165843 0.25922537
vn 0.97519127 -0.11133044 0.19133094
vn 0.97519127 -0.11133044 0.19133094
vn 0.97519127 -0.11133044 0.19133094
vn 0.98704100 -0.16000344 -0.01220490
vn 0.98704100 -0.16000344 -0.01220490
vn 0.98704100 -0.16000344 -0.01220490
vn 0.98721165 -0.15941120 -0.00110419
vn 0.98721165 -0.15941120 -0.00110419
vn 0.98721165 -0.15941120 -0.00110419
vn 0.97452733 -0.22106571 -0.03776830
vn 0.97452733 -0.22106571 -0.03776830
vn 0.97452733 -0.22106571 -0.03776830
vn 0.98767088 -0.05935188 -0.14485711
vn 0.98767088 -0.05935188 -0.14485711
vn 0.98767088 -0.05935188 -0.14485711
vn 0.92086518 -0.23348675 -0.31223589
vn 0.92086518 -0.23348675 -0.31223589
vn 0.92086518 -0.23348675 -0.31223589
vn 0.83356379 -0.11484545 -0.54035352
vn 0.83356379 -0.11484545 -0.54035352
vn 0.83356379 -0.11484545 -0.54035352
vn 0.85458272 -0.06150568 -0.51566018
vn 0.85458272 -0.06150568 -0.51566018
vn 0.85458272 -0.06150568 -0.51566018
vn 0.65552125 -0.15824494 -0.73841075
vn 0.65552125 -0.15824494 -0.73841075
vn 0.65552125 -0.15824494 -0.73841075
vn 0.59961069 -0.01935659 -0.80005771
vn 0.59961069 -0.01935659 -0.80005771
vn 0.59961069 -0.01935659 -0.80005771
vn 0.47667031 -0.13410439 -0.86879309
vn 0.47667031 -0.13410439 -0.86879309
vn 0.47667031 -0.13410439 -0.86879309
vn 0.31366971 0.04029266 -0.94867688
vn 0.31366971 0.04029266 -0.94867688
vn 0.31366971 0.04029266 -0.94867688
vn 0.18656087 -0.11397042 -0.97581032
vn 0.18656087 -0.11397042 -0.97581032
vn 0.18656087 -0.11397042 -0.97581032
vn -0.09726072 -0.00064429 -0.99525873
vn -0.09726072 -0.00064429 -0.99525873
vn -0.09726072 -0.00064429 -0.99525873
vn -0.04939809 0.06151937 -0.99688274
vn -0.04939809 0.06151937 -0.99688274
vn -0.04939809 0.06151937 -0.99688274
vn -0.35542620 0.04782785 -0.93347990
vn -0.35542620 0.04782785 -0.93347990
vn -0.35542620 0.04782785 -0.93347990
vn -0.33681200 0.06865213 -0.93906579
vn -0.33681200 0.06865213 -0.93906579
vn -0.33681200 0.06865213 -0.93906579
vn -0.55369486 0.06085184 -0.83049326
vn -0.55369486 0.06085184 -0.83049326
vn -0.55369486 0.06085184 -0.83049326
vn -0.52617877 0.09516127 -0.84503268
vn -0.52617877 0.09516127 -0.84503268
vn -0.52617877 0.09516127 -0.84503268
vn -0.72291835 0.16683791 -0.67048801
vn -0.72291835 0.16683791 -0.67048801
vn -0.72291835 0.16683791 -0.67048801
vn -0.79716423 0.03562611 -0.60271052
vn -0.79716423 0.03562611 -0.60271052
vn -0.79716423 0.03562611 -0.60271052
vn -0.86793617 0.21833522 -0.44611269
vn -0.86793617 0.21833522 -0.44611269
vn -0.86793617 0.21833522 -0.44611269
vn -0.96497086 0.08784377 -0.24721389
vn -0.96497086 0.08784377 -0.24721389
vn -0.96497086 0.08784377 -0.24721389
vn -0.95352337 0.13578235 -0.26899133
vn -0.95352337 0.13578235 -0.26899133
vn -0.95352337 0.13578235 -0.26899133
vn -0.48687158 0.86568159 -0.11641067
vn -0.48687158 0.86568159 -0.11641067
vn -0.48687158 0.86568159 -0.11641067
vn -0.02370273 0.98264943 0.18395182
vn -0.02370273 0.98264943 0.18395182
vn -0.02370273 0.98264943 0.18395182
vn 0.34051066 0.92487375 -0.16929570
vn 0.34051066 0.92487375 -0.16929570
vn 0.34051066 0.92487375 -0.16929570
vn 0.92629680 0.36530192 0.09235124
vn 0.92629680 0.36530192 0.09235124
vn 0.92629680 0.36530192 0.09235124
vn 0.92891517 0.37006332 0.01302871
vn 0.92891517 0.37006332 0.01302871
vn 0.92891517 0.37006332 0.01302871
vn -0.77810256 0.62807426 -0.00889559
vn -0.77810256 0.62807426 -0.00889559
vn -0.77810256 0.62807426 -0.00889559
vn -0.77286102 0.63300984 0.04454648
vn -0.77286102 0.63300984 0.04454648
vn -0.77286102 0.63300984 0.04454648
vn 0.99943171 -0.03370832 0.00000000
vn 0.99943171 -0.03370832 0.00000000
vn 0.99943171 -0.03370832 0.00000000
vn -0.94256828 0.33401354 0.00000000
vn -0.94256828 0.33401354 0.00000000
vn -0.94256828 0.33401354 0.00000000
vn 0.15359254 -0.04136910 0.98726791
vn 0.15359254 -0.04136910 0.98726791
vn 0.15359254 -0.04136910 0.98726791
vn -0.02445707 -0.14947239 0.98846338
vn -0.02445707 -0.14947239 0.98846338
vn -0.02445707 -0.14947239 0.98846338
vn -0.05755237 -0.37179367 0.92652965
vn -0.05755237 -0.37179367 0.92652965
vn -0.05755237 -0.37179367 0.92652965
vn -0.13951159 0.00281048 0.99021645
vn -0.13951159 0.00281048 0.99021645
vn -0.13951159 0.00281048 0.99021645
vn -0.00657232 -0.15325205 0.98816528
vn -0.00657232 -0.15325205 0.98816528
vn -0.00657232 -0.15325205 0.98816528
vn 0.95435203 -0.00406739 0.29865643
vn 0.95435203 -0.00406739 0.29865643
vn 0.95435203 -0.00406739 0.29865643
vn -0.86926477 0.39910437 -0.29170954
vn -0.86926477 0.39910437 -0.29170954
vn -0.86926477 0.39910437 -0.29170954
vn -0.78591845 -0.03772496 0.61717827
vn -0.78591845 -0.03772496 0.61717827
vn -0.78591845 -0.03772496 0.61717827
vn 0.15988254 0.98713602 0.00022532
vn 0.15988254 0.98713602 0.00022532
vn 0.15988254 0.98713602 0.00022532
vn 0.97142485 0.04753998 0.23253753
vn 0.97142485 0.04753998 0.23253753
vn 0.97142485 0.04753998 0.23253753
vn -0.95886040 0.26005270 -0.11383902
vn -0.95886040 0.26005270 -0.11383902
vn -0.95886040 0.26005270 -0.11383902
vn 0.13947114 0.86185097 0.48760712
vn 0.13947114 0.86185097 0.48760712
vn 0.13947114 0.86185097 0.48760712
vn 0.25383396 0.96724781 0.00000000
vn 0.25383396 0.96724781 0.00000000
vn 0.25383396 0.96724781 0.00000000
vn -0.98713239 0.15990503 -0.00014172
vn -0.98713239 0.15990503 -0.00014172
vn -0.98713239 0.15990503 -0.00014172
vn -0.13949180 -0.86197861 0.48737554
vn -0.13949180 -0.86197861 0.48737554
vn -0.13949180 -0.86197861 0.48737554
vn -0.06424936 -0.99793388 0.00000000
vn -0.06424936 -0.99793388 0.00000000
vn -0.06424936 -0.99793388 0.00000000
vn 0.98407053 -0.17590369 -0.02575034
vn 0.98407053 -0.17590369 -0.02575034
vn 0.98407053 -0.17590369 -0.02575034
vn 0.98513703 -0.14550762 -0.09128283
vn 0.98513703 -0.14550762 -0.09128283
vn 0.98513703 -0.14550762 -0.09128283
vn 0.93471862 -0.16798139 -0.31318263
vn 0.93471862 -0.16798139 -0.31318263
vn 0.93471862 -0.16798139 -0.31318263
vn 0.90871373 -0.13049775 -0.39649677
vn 0.90871373 -0.13049775 -0.39649677
vn 0.90871373 -0.13049775 -0.39649677
vn 0.83389009 -0.14793347 -0.53173584
vn 0.83389009 -0.14793347 -0.53173584
vn 0.83389009 -0.14793347 -0.53173584
vn 0.78171389 -0.11375833 -0.61317407
vn 0.78171389 -0.11375833 -0.61317407
vn 0.78171389 -0.11375833 -0.61317407
vn 0.66813728 -0.12681790 -0.73315060
vn 0.66813728 -0.12681790 -0.73315060
vn 0.66813728 -0.12681790 -0.73315060
vn 0.62105161 -0.08923529 -0.77867321
vn 0.62105161 -0.08923529 -0.77867321
vn 0.62105161 -0.08923529 -0.77867321
vn 0.31362478 -0.36986068 -0.87455279
vn 0.31362478 -0.36986068 -0.87455279
vn 0.31362478 -0.36986068 -0.87455279
vn 0.41794805 -0.06836825 -0.90589470
vn 0.41794805 -0.06836825 -0.90589470
vn 0.41794805 -0.06836825 -0.90589470
vn 0.43436998 -0.06376703 -0.89847453
vn 0.43436998 -0.06376703 -0.89847453
vn 0.43436998 -0.06376703 -0.89847453
vn 0.24765190 0.29056636 -0.92425090
vn 0.24765190 0.29056636 -0.92425090
vn 0.24765190 0.29056636 -0.92425090
vn 0.08346969 -0.26974744 -0.95930659
vn 0.08346969 -0.26974744 -0.95930659
vn 0.08346969 -0.26974744 -0.95930659
vn -0.04652764 0.22240413 -0.97384371
vn -0.04652764 0.22240413 -0.97384371
vn -0.04652764 0.22240413 -0.97384371
vn -0.15220520 -0.13872430 -0.97856484
vn -0.15220520 -0.13872430 -0.97856484
vn -0.15220520 -0.13872430 -0.97856484
vn -0.27110739 0.14491931 -0.95157721
vn -0.27110739 0.14491931 -0.95157721
vn -0.27110739 0.14491931 -0.95157721
vn -0.43206213 0.07797104 -0.89846693
vn -0.43206213 0.07797104 -0.89846693
vn -0.43206213 0.07797104 -0.89846693
vn -0.49512927 0.06303003 -0.86652999
vn -0.49512927 0.06303003 -0.86652999
vn -0.49512927 0.06303003 -0.86652999
vn -0.61721255 0.11282269 -0.77866534
vn -0.61721255 0.11282269 -0.77866534
vn -0.61721255 0.11282269 -0.77866534
vn -0.69444974 0.09960273 -0.71261410
vn -0.69444974 0.09960273 -0.71261410
vn -0.69444974 0.09960273 -0.71261410
vn -0.77769273 0.13880420 -0.61312919
vn -0.77769273 0.13880420 -0.61312919
vn -0.77769273 0.13880420 -0.61312919
vn -0.83793232 0.12285895 -0.53176603
vn -0.83793232 0.12285895 -0.53176603
vn -0.83793232 0.12285895 -0.53176603
vn -0.89611962 0.15800556 -0.41473350
vn -0.89611962 0.15800556 -0.41473350
vn -0.89611962 0.15800556 -0.41473350
vn -0.93977209 0.13688708 -0.31319377
vn -0.93977209 0.13688708 -0.31319377
vn -0.93977209 0.13688708 -0.31319377
vn -0.96685222 0.17377030 -0.18708467
vn -0.96685222 0.17377030 -0.18708467
vn -0.96685222 0.17377030 -0.18708467
vn -0.98874988 0.14265521 -0.04497972
vn -0.98874988 0.14265521 -0.04497972
vn -0.98874988 0.14265521 -0.04497972
vn -0.98354233 0.18046645 -0.00873807
vn -0.98354233 0.18046645 -0.00873807
vn -0.98354233 0.18046645 -0.00873807
vn 0.99384031 -0.11058012 -0.00731278
vn 0.99384031 -0.11058012 -0.00731278
vn 0.99384031 -0.11058012 -0.00731278
f 1//1 2//2 3//3
f 4//4 5//5 6//6
f 7//7 8//8 9//9
f 10//10 11//11 12//12
f 13//13 14//14 15//15
f 16//16 17//17 18//18
f 19//19 20//20 21//21
f 22//22 23//23 24//24
f 25//25 26//26 27//27
f 28//28 29//29 30//30
f 31//31 32//32 33//33
f 34//34 35//35 36//36
f 37//37 38//38 39//39
f 40//40 41//41 42//42
f 40//40 43//43 41//41
f 44//44 45//45 46//46
f 47//47 45//45 44//44
f 47//47 44//44 48//48
f 49//49 50//50 51//51
f 52//52 53//53 54//54
f 55//55 56//56 57//57
f 58//58 59//59 60//60
f 61//61 62//62 63//63
f 64//64 65//65 66//66
f 67//67 68//68 69//69
f 70//70 71//71 72//72
f 73//73 74//74 75//75
f 76//76 77//77 78//78
f 79//79 80//80 81//81
f 82//82 83//83 84//84
f 85//85 86//86 87//87
f 88//88 89//89 90//90
f 91//91 92//92 93//93
f 94//94 95//95 96//96
f 97//97 98//98 99//99
f 100//100 101//101 102//102
f 103//103 104//104 105//105
f 106//106 107//107 108//108
f 109//109 110//110 111//111
f 112//112 113//113 114//114
f 115//115 116//116 117//117
f 118//118 119//119 120//120
f 121//121 122//122 123//123
f 124//124 125//125 126//126
f 127//127 128//128 129//129
f 130//130 131//131 132//132
f 133//133 134//134 135//135
f 136//136 137//137 138//138
f 139//139 140//140 129//129
f 141//141 142//142 143//143
f 139//139 144//144 140//140
f 145//145 146//146 147//147
f 148//148 149//149 150//150
f 151//151 127//127 129//129
f 151//151 152//152 127//127
f 153//153 119//119 118//118
f 154//154 151//151 155//155
f 155//155 151//151 129//129
f 153//153 156//156 119//119
f 140//140 155//155 129//129
f 157//157 158//158 159//159
f 160//160 161//161 152//152
f 162//162 144//144 139//139
f 162//162 153//153 163//163
f 162//162 156//156 153//153
f 162//162 163//163 144//144
f 127//127 164//164 128//128
f 128//128 164//164 165//165
f 151//151 160//160 152//152
f 166//166 151//151 154//154
f 166//166 154//154 167//167
f 168//168 169//169 170//170
f 168//168 171//171 169//169
f 172//172 173//173 174//174
f 120//120 168//168 170//170
f 118//118 120//120 175//175
f 175//175 120//120 140//140
f 156//156 167//167 119//119
f 156//156 164//164 161//161
f 156//156 161//161 160//160
f 176//176 177//177 178//178
f 156//156 160//160 166//166
f 156//156 166//166 167//167
f 144//144 175//175 140//140
f 179//179 180//180 181//181
f 182//182 183//183 184//184
f 185//185 186//186 187//187
f 188//188 185//185 187//187
f 189//189 190//190 188//188
f 185//185 191//191 186//186
f 192//192 191//191 193//193
f 193//193 191//191 185//185
f 189//189 188//188 187//187
f 194//194 195//195 196//196
f 197//197 198//198 199//199
f 200//200 201//201 202//202
f 203//203 204//204 205//205
f 206//206 207//207 208//208
f 209//209 210//210 211//211
f 212//212 213//213 214//214
f 215//215 216//216 217//217
f 218//218 219//219 220//220
f 221//221 222//222 223//223
f 224//224 225//225 226//226
f 227//227 228//228 229//229
f 230//230 231//231 232//232
f 233//233 234//234 235//235
f 236//236 237//237 238//238
f 239//239 240//240 241//241
f 242//242 243//243 244//244
f 245//245 246//246 247//247
f 248//248 249//249 250//250
f 251//251 252//252 253//253
f 254//254 249//249 248//248
f 255//255 256//256 257//257
f 254//254 248//248 258//258
f 259//259 260//260 261//261
f 262//262 263//263 264//264
f 265//265 266//266 267//267
f 268//268 269//269 270//270
f 271//271 272//272 273//273
f 274//274 275//275 276//276
f 277//277 278//278 279//279
f 280//280 281//281 282//282
f 283//283 284//284 285//285
f 286//286 287//287 288//288
f 289//289 290//290 291//291
f 292//292 293//293 294//294
f 295//295 296//296 297//297
f 298//298 299//299 300//300
f 301//301 302//302 303//303
f 304//304 305//305 306//306
f 307//307 308//308 309//309
f 310//310 311//311 312//312
f 313//313 314//314 315//315
f 316//316 317//317 318//318
f 319//319 320//320 321//321
f 322//322 323//323 324//324
f 325//325 322//322 324//324
f 316//316 326//326 317//317
f 325//325 324//324 327//327
f 328//328 323//323 322//322
f 329//329 326//326 316//316
f 330//330 319//319 321//321
f 330//330 321//321 331//331
f 329//329 331//331 326//326
f 330//330 331//331 329//329
f 320//320 332//332 333//333
f 333//333 332//332 334//334
f 335//335 323//323 328//328
f 335//335 336//336 323//323
f 325//325 327//327 337//337
f 338//338 325//325 337//337
f 339//339 336//336 335//335
f 340//340 338//338 337//337
f 339//339 341//341 336//336
f 342//342 341//341 339//339
f 343//343 341//341 342//342
f 344//344 343//343 342//342
f 345//345 346//346 340//340
f 347//347 343//343 344//344
f 348//348 346//346 345//345
f 349//349 346//346 348//348
f 350//350 347//347 344//344
f 351//351 347//347 350//350
f 352//352 349//349 348//348
f 353//353 349//349 352//352
f 354//354 351//351 350//350
f 355//355 351//351 354//354
f 356//356 353//353 352//352
f 357//357 353//353 356//356
f 358//358 357//357 356//356
f 359//359 355//355 354//354
f 359//359 354//354 360//360
f 361//361 358//358 356//356
f 332//332 359//359 360//360
f 334//334 332//332 360//360
f 362//362 358//358 361//361
f 363//363 358//358 362//362
f 318//318 363//363 362//362
f 318//318 317//317 363//363
f 320//320 333//333 321//321
f 364//364 365//365 366//366
f 367//367 368//368 369//369
f 370//370 371//371 372//372
f 373//373 374//374 375//375
f 376//376 377//377 378//378
f 379//379 380//380 381//381
f 382//382 383//383 384//384
f 385//385 386//386 387//387
f 388//388 389//389 390//390
f 391//391 392//392 393//393
f 394//394 395//395 396//396
f 397//397 398//398 399//399
f 400//400 401//401 402//402
f 403//403 404//404 405//405
f 406//406 407//407 408//408
f 409//409 410//410 411//411
f 412//412 413//413 414//414
f 415//415 416//416 417//417
f 418//418 419//419 420//420
f 421//421 422//422 423//423
f 418//418 424//424 419//419
f 425//425 426//426 427//427
f 428//428 429//429 430//430
f 431//431 432//432 433//433
f 434//434 435//435 436//436
f 437//437 438//438 439//439
f 440//440 441//441 442//442
f 443//443 444//444 445//445
f 446//446 447//447 448//448
f 449//449 450//450 451//451
f 452//452 453//453 454//454
f 452//452 454//454 455//455
f 456//456 457//457 458//458
f 459//459 460//460 461//461
f 462//462 463//463 464//464
f 465//465 466//466 467//467
f 468//468 469//469 470//470
f 471//471 472//472 473//473
f 474//474 475//475 476//476
f 477//477 478//478 479//479
f 480//480 481//481 482//482
f 483//483 484//484 485//485
f 486//486 487//487 488//488
f 489//489 490//490 491//491
f 492//492 493//493 494//494
f 495//495 496//496 497//497
f 498//498 495//495 497//497
f 499//499 500//500 501//501
f 502//502 503//503 504//504
f 505//505 506//506 507//507
f 508//508 509//509 510//510
f 511//511 512//512 513//513
f 514//514 515//515 516//516
f 517//517 518//518 519//519
f 520//520 521//521 522//522
f 523//523 524//524 525//525
f 526//526 527//527 528//528
f 529//529 530//530 531//531
f 532//532 533//533 534//534
f 535//535 536//536 537//537
f 538//538 539//539 540//540
f 541//541 542//542 543//543
f 544//544 545//545 546//546
f 547//547 548//548 549//549
f 550//550 551//551 552//552
f 553//553 554//554 555//555
f 556//556 557//557 558//558
f 559//559 560//560 561//561
f 562//562 563//563 564//564
f 565//565 566//566 567//567
f 568//568 569//569 570//570
f 571//571 572//572 573//573
f 574//574 575//575 576//576
f 577//577 578//578 579//579
f 580//580 581//581 582//582
f 583//583 584//584 585//585
f 586//586 587//587 588//588
f 589//589 590//590 591//591
f 592//592 593//593 594//594
f 592//592 595//595 593//593
f 596//596 597//597 598//598
f 599//599 600//600 601//601
f 602//602 600//600 599//599
f 602//602 603//603 600//600
f 604//604 599//599 601//601
f 605//605 606//606 607//607
f 608//608 594//594 609//609
f 608//608 592//592 594//594
f 610//610 611//611 597//597
f 610//610 597//597 596//596
f 612//612 603//603 602//602
f 613//613 614//614 615//615
f 612//612 616//616 603//603
f 617//617 608//608 609//609
f 618//618 611//611 610//610
f 619//619 616//616 612//612
f 618//618 620//620 611//611
f 621//621 604//604 622//622
f 621//621 622//622 623//623
f 617//617 609//609 620//620
f 618//618 617//617 620//620
f 624//624 621//621 623//623
f 625//625 626//626 616//616
f 625//625 616//616 619//619
f 624//624 623//623 627//627
f 625//625 628//628 626//626
f 629//629 628//628 625//625
f 630//630 624//624 627//627
f 630//630 627//627 631//631
f 632//632 628//628 629//629
f 633//633 630//630 631//631
f 634//634 632//632 629//629
f 635//635 632//632 634//634
f 636//636 633//633 631//631
f 637//637 636//636 631//631
f 638//638 635//635 634//634
f 639//639 635//635 638//638
f 640//640 636//636 637//637
f 641//641 640//640 637//637
f 642//642 639//639 638//638
f 641//641 643//643 640//640
f 642//642 638//638 593//593
f 644//644 643//643 641//641
f 595//595 642//642 593//593
f 644//644 598//598 643//643
f 596//596 598//598 644//644
f 645//645 646//646 647//647
f 648//648 649//649 650//650
f 651//651 652//652 653//653
f 654//654 655//655 656//656
f 657//657 658//658 659//659
f 660//660 661//661 662//662
f 663//663 664//664 665//665
f 666//666 667//667 668//668
f 669//669 670//670 671//671
f 672//672 673//673 674//674
f 675//675 676//676 677//677
f 678//678 679//679 680//680
f 681//681 682//682 683//683
f 684//684 685//685 686//686
f 687//687 688//688 689//689
f 690//690 691//691 692//692
f 693//693 694//694 695//695
f 696//696 697//697 698//698
f 699//699 700//700 701//701
f 702//702 703//703 704//704
f 705//705 706//706 707//707
f 708//708 709//709 710//710
f 711//711 712//712 713//713
f 714//714 715//715 716//716
f 717//717 718//718 719//719
f 720//720 721//721 722//722
f 723//723 724//724 725//725
f 726//726 727//727 728//728
f 729//729 730//730 731//731
f 732//732 733//733 734//734
f 735//735 736//736 737//737
f 738//738 739//739 740//740
f 741//741 742//742 743//743
f 744//744 745//745 746//746
f 747//747 748//748 749//749
f 750//750 751//751 752//752
f 753//753 754//754 755//755
f 756//756 757//757 758//758
f 759//759 760//760 761//761
f 762//762 763//763 764//764
f 765//765 766//766 767//767
f 768//768 769//769 770//770
f 771//771 772//772 773//773
f 774//774 775//775 776//776
f 777//777 778//778 779//779
f 780//780 781//781 782//782
f 783//783 784//784 785//785
f 786//786 787//787 788//788
f 789//789 790//790 791//791
f 789//789 791//791 792//792
f 793//793 794//794 795//795
f 796//796 793//793 795//795
f 797//797 798//798 799//799
f 800//800 790//790 789//789
f 797//797 799//799 801//801
f 802//802 799//799 798//798
f 802//802 803//803 799//799
f 804//804 797//797 801//801
f 796//796 795//795 805//805
f 800//800 806//806 790//790
f 807//807 803//803 802//802
f 804//804 801//801 808//808
f 809//809 796//796 805//805
f 810//810 806//806 800//800
f 810//810 811//811 806//806
f 812//812 804//804 808//808
f 809//809 805//805 811//811
f 809//809 811//811 810//810
f 813//813 814//814 803//803
f 813//813 803//803 807//807
f 815//815 812//812 808//808
f 815//815 808//808 816//816
f 817//817 814//814 813//813
f 817//817 818//818 814//814
f 819//819 815//815 816//816
f 819//819 816//816 820//820
f 821//821 818//818 817//817
f 822//822 821//821 817//817
f 823//823 819//819 820//820
f 824//824 823//823 820//820
f 825//825 821//821 822//822
f 826//826 821//821 825//825
f 827//827 823//823 824//824
f 828//828 827//827 824//824
f 829//829 826//826 825//825
f 830//830 826//826 829//829
f 831//831 827//827 828//828
f 832//832 831//831 828//828
f 830//830 829//829 794//794
f 792//792 831//831 832//832
f 793//793 830//830 794//794
f 792//792 791//791 831//831
f 833//833 834//834 835//835
f 836//836 837//837 838//838
f 836//836 838//838 839//839
f 840//840 841//841 842//842
f 843//843 839//839 844//844
f 845//845 840//840 842//842
f 843//843 836//836 839//839
f 840//840 846//846 841//841
f 847//847 848//848 834//834
f 847//847 834//834 833//833
f 845//845 842//842 849//849
f 850//850 846//846 840//840
f 851//851 845//845 849//849
f 847//847 852//852 848//848
f 853//853 843//843 844//844
f 850//850 854//854 846//846
f 853//853 844//844 855//855
f 851//851 849//849 856//856
f 857//857 852//852 847//847
f 857//857 855//855 852//852
f 857//857 853//853 855//855
f 858//858 859//859 854//854
f 858//858 854//854 850//850
f 851//851 856//856 860//860
f 861//861 851//851 860//860
f 858//858 862//862 859//859
f 863//863 862//862 858//858
f 861//861 860//860 864//864
f 865//865 861//861 864//864
f 865//865 864//864 866//866
f 867//867 862//862 863//863
f 868//868 862//862 867//867
f 869//869 868//868 867//867
f 870//870 865//865 866//866
f 871//871 865//865 870//870
f 872//872 868//868 869//869
f 872//872 869//869 873//873
f 874//874 875//875 871//871
f 874//874 871//871 870//870
f 876//876 872//872 873//873
f 876//876 873//873 877//877
f 835//835 875//875 874//874
f 837//837 876//876 877//877
f 837//837 877//877 878//878
f 837//837 878//878 838//838
f 835//835 834//834 875//875
f 879//879 880//880 881//881
f 882//882 883//883 884//884
f 885//885 886//886 887//887
f 888//888 889//889 890//890
f 891//891 892//892 893//893
f 894//894 895//895 896//896
f 897//897 898//898 899//899
f 900//900 901//901 902//902
f 903//903 904//904 905//905
f 906//906 907//907 908//908
f 909//909 910//910 911//911
f 912//912 913//913 914//914
f 915//915 916//916 917//917
f 918//918 919//919 920//920
f 921//921 922//922 923//923
f 924//924 925//925 926//926
f 927//927 928//928 929//929
f 930//930 931//931 932//932
f 933//933 934//934 935//935
f 936//936 937//937 938//938
f 939//939 940//940 941//941
f 942//942 943//943 944//944
f 945//945 946//946 947//947
f 948//948 949//949 950//950
f 951//951 952//952 953//953
f 954//954 955//955 956//956
f 957//957 958//958 959//959
f 960//960 961//961 962//962
f 963//963 964//964 965//965
f 966//966 963//963 965//965
f 967//967 968//968 969//969
f 970//970 971//971 972//972
f 973//973 974//974 975//975
f 976//976 977//977 978//978
f 979//979 980//980 981//981
f 982//982 983//983 984//984
f 985//985 986//986 987//987
f 988//988 989//989 990//990
f 991//991 992//992 993//993
f 994//994 995//995 996//996
f 997//997 998//998 999//999
f 1000//1000 1001//1001 1002//1002
f 1003//1003 1004//1004 1005//1005
f 1006//1006 1004//1004 1003//1003
f 1007//1007 1008//1008 1009//1009
f 1010//1010 1011//1011 1012//1012
f 1013//1013 1014//1014 1015//1015
f 1016//1016 1017//1017 1018//1018
f 1019//1019 1020//1020 1021//1021
f 1022//1022 1023//1023 1024//1024
f 1025//1025 1026//1026 1027//1027
f 1028//1028 1029//1029 1030//1030
f 1031//1031 1028//1028 1030//1030
f 1025//1025 1027//1027 1032//1032
f 1026//1026 1033//1033 1027//1027
f 1034//1034 1023//1023 1022//1022
f 1034//1034 1035//1035 1023//1023
f 1031//1031 1030//1030 1035//1035
f 1036//1036 1025//1025 1032//1032
f 1034//1034 1031//1031 1035//1035
f 1037//1037 1033//1033 1038//1038
f 1038//1038 1033//1033 1039//1039
f 1040//1040 1022//1022 1041//1041
f 1041//1041 1022//1022 1024//1024
f 1042//1042 1033//1033 1026//1026
f 1036//1036 1032//1032 1043//1043
f 1044//1044 1036//1036 1043//1043
f 1039//1039 1033//1033 1042//1042
f 1045//1045 1043//1043 1046//1046
f 1045//1045 1044//1044 1043//1043
f 1047//1047 1045//1045 1046//1046
f 1048//1048 1045//1045 1047//1047
f 1037//1037 1038//1038 1049//1049
f 1050//1050 1037//1037 1049//1049
f 1051//1051 1050//1050 1049//1049
f 1052//1052 1048//1048 1047//1047
f 1053//1053 1048//1048 1052//1052
f 1054//1054 1050//1050 1051//1051
f 1055//1055 1054//1054 1051//1051
f 1056//1056 1053//1053 1052//1052
f 1057//1057 1056//1056 1052//1052
f 1058//1058 1054//1054 1055//1055
f 1059//1059 1058//1058 1055//1055
f 1060//1060 1056//1056 1057//1057
f 1040//1040 1060//1060 1057//1057
f 1061//1061 1058//1058 1059//1059
f 1041//1041 1060//1060 1040//1040
f 1062//1062 1061//1061 1059//1059
f 1063//1063 1061//1061 1062//1062
f 1063//1063 1062//1062 1029//1029
f 1028//1028 1063//1063 1029//1029
f 1064//1064 1065//1065 1066//1066
f 1067//1067 1068//1068 1069//1069
f 1070//1070 1071//1071 1072//1072
f 1073//1073 1074//1074 1075//1075
f 1076//1076 1077//1077 1078//1078
f 1079//1079 1080//1080 1081//1081
f 1082//1082 1083//1083 1084//1084
f 1085//1085 1086//1086 1087//1087
f 1088//1088 1089//1089 1090//1090
f 1091//1091 1092//1092 1093//1093
f 1094//1094 1095//1095 1096//1096
f 1097//1097 1098//1098 1099//1099
f 1100//1100 1101//1101 1102//1102
f 1103//1103 1104//1104 1105//1105
f 1106//1106 1107//1107 1108//1108
f 1109//1109 1110//1110 1111//1111
f 1112//1112 1113//1113 1114//1114
f 1115//1115 1116//1116 1117//1117
f 1118//1118 1119//1119 1120//1120
f 1121//1121 1122//1122 1123//1123
f 1123//1123 1122//1122 1124//1124
f 1125//1125 1126//1126 1127//1127
f 1128//1128 1129//1129 1130//1130
f 1131//1131 1132//1132 1133//1133
f 1134//1134 1135//1135 1136//1136
f 1137//1137 1138//1138 1139//1139
f 1140//1140 1141//1141 1142//1142
f 1143//1143 1144//1144 1145//1145
f 1146//1146 1147//1147 1148//1148
f 1149//1149 1150//1150 1151//1151
f 1152//1152 1153//1153 1154//1154
f 1155//1155 1156//1156 1157//1157
f 1158//1158 1159//1159 1160//1160
f 1161//1161 1162//1162 1163//1163
f 1164//1164 1165//1165 1166//1166
f 1167//1167 1168//1168 1169//1169
f 1170//1170 1171//1171 1172//1172
f 1173//1173 1174//1174 1175//1175
f 1176//1176 1177//1177 1178//1178
f 1179//1179 1180//1180 1181//1181
f 1182//1182 1183//1183 1184//1184
f 1185//1185 1186//1186 1187//1187
f 1188//1188 1189//1189 1190//1190
f 1191//1191 1192//1192 1193//1193
f 1194//1194 1195//1195 1196//1196
f 1197//1197 1198//1198 1199//1199
f 1200//1200 1201//1201 1202//1202
f 1203//1203 1204//1204 1205//1205
f 1206//1206 1207//1207 1208//1208
f 1209//1209 1210//1210 1211//1211
f 1212//1212 1213//1213 1214//1214
f 1215//1215 1216//1216 1217//1217
f 1218//1218 1219//1219 1220//1220
f 1221//1221 1222//1222 1223//1223
f 1224//1224 1225//1225 1226//1226
f 1227//1227 1228//1228 1229//1229
f 1230//1230 1231//1231 1232//1232
f 1233//1233 1234//1234 1235//1235
f 1236//1236 1237//1237 1238//1238
f 1239//1239 1240//1240 1241//1241
f 1242//1242 1243//1243 1244//1244
f 1245//1245 1246//1246 1247//1247
f 1248//1248 1249//1249 1250//1250
f 1251//1251 1252//1252 1253//1253
f 1251//1251 1254//1254 1252//1252
f 1255//1255 1256//1256 1257//1257
f 1258//1258 1259//1259 1260//1260
f 1255//1255 1257//1257 1261//1261
f 1262//1262 1258//1258 1260//1260
f 1263//1263 1259//1259 1258//1258
f 1262//1262 1260//1260 1264//1264
f 1251//1251 1265//1265 1254//1254
f 1266//1266 1265//1265 1251//1251
f 1255//1255 1261//1261 1265//1265
f 1267//1267 1262//1262 1264//1264
f 1267//1267 1264//1264 1268//1268
f 1266//1266 1255//1255 1265//1265
f 1269//1269 1259//1259 1263//1263
f 1269//1269 1270//1270 1259//1259
f 1271//1271 1268//1268 1272//1272
f 1271//1271 1267//1267 1268//1268
f 1273//1273 1274//1274 1270//1270
f 1273//1273 1270//1270 1269//1269
f 1275//1275 1271//1271 1272//1272
f 1276//1276 1271//1271 1275//1275
f 1277//1277 1274//1274 1273//1273
f 1278//1278 1276//1276 1275//1275
f 1279//1279 1277//1277 1273//1273
f 1280//1280 1278//1278 1275//1275
f 1281//1281 1277//1277 1279//1279
f 1282//1282 1278//1278 1280//1280
f 1283//1283 1282//1282 1280//1280
f 1284//1284 1281//1281 1279//1279
f 1285//1285 1281//1281 1284//1284
f 1286//1286 1282//1282 1283//1283
f 1287//1287 1286//1286 1283//1283
f 1288//1288 1285//1285 1284//1284
f 1289//1289 1288//1288 1284//1284
f 1290//1290 1286//1286 1287//1287
f 1291//1291 1290//1290 1287//1287
f 1292//1292 1288//1288 1289//1289
f 1293//1293 1288//1288 1292//1292
f 1253//1253 1290//1290 1291//1291
f 1256//1256 1293//1293 1292//1292
f 1256//1256 1292//1292 1257//1257
f 1252//1252 1290//1290 1253//1253
f 1294//1294 1295//1295 1296//1296
f 1297//1297 1298//1298 1299//1299
f 1300//1300 1301//1301 1302//1302
f 1303//1303 1304//1304 1305//1305
f 1306//1306 1307//1307 1308//1308
f 1309//1309 1310//1310 1311//1311
f 1312//1312 1313//1313 1314//1314
f 1315//1315 1316//1316 1317//1317
f 1315//1315 1317//1317 1318//1318
f 1319//1319 1320//1320 1321//1321
f 1322//1322 1323//1323 1324//1324
f 1325//1325 1326//1326 1327//1327
f 1328//1328 1329//1329 1330//1330
f 1331//1331 1332//1332 1333//1333
f 1334//1334 1335//1335 1336//1336
f 1337//1337 1338//1338 1339//1339
f 1340//1340 1341//1341 1342//1342
f 1343//1343 1344//1344 1345//1345
f 1346//1346 1347//1347 1348//1348
f 1349//1349 1350//1350 1351//1351
f 1352//1352 1353//1353 1354//1354
f 1355//1355 1356//1356 1357//1357
f 1358//1358 1352//1352 1354//1354
f 1359//1359 1350//1350 1349//1349
f 1360//1360 1359//1359 1349//1349
f 1361//1361 1362//1362 1363//1363
f 1364//1364 1359//1359 1360//1360
f 1357//1357 1362//1362 1361//1361
f 1365//1365 1364//1364 1360//1360
f 1366//1366 1354//1354 1367//1367
f 1366//1366 1358//1358 1354//1354
f 1352//1352 1361//1361 1363//1363
f 1352//1352 1363//1363 1353//1353
f 1368//1368 1364//1364 1365//1365
f 1351//1351 1366//1366 1367//1367
f 1369//1369 1364//1364 1368//1368
f 1370//1370 1366//1366 1351//1351
f 1350//1350 1370//1370 1351//1351
f 1357//1357 1356//1356 1362//1362
f 1371//1371 1372//1372 1373//1373
f 1374//1374 1375//1375 1376//1376
f 1377//1377 1378//1378 1379//1379
f 1380//1380 1381//1381 1382//1382
f 1377//1377 1383//1383 1378//1378
f 1372//1372 1384//1384 1373//1373
f 1385//1385 1386//1386 1387//1387
f 1388//1388 1389//1389 1390//1390
f 1391//1391 1392//1392 1393//1393
f 1394//1394 1395//1395 1396//1396
f 1397//1397 1398//1398 1399//1399
f 1400//1400 1401//1401 1402//1402
f 1403//1403 1404//1404 1405//1405
f 1406//1406 1407//1407 1408//1408
f 1409//1409 1410//1410 1411//1411
f 1412//1412 1413//1413 1414//1414
f 1415//1415 1416//1416 1417//1417
f 1418//1418 1419//1419 1420//1420
f 1421//1421 1422//1422 1423//1423
f 1424//1424 1425//1425 1426//1426
f 1427//1427 1428//1428 1429//1429
f 1430//1430 1431//1431 1432//1432
f 1433//1433 1434//1434 1435//1435
f 1436//1436 1437//1437 1438//1438
f 1439//1439 1440//1440 1441//1441
f 1442//1442 1443//1443 1444//1444
f 1445//1445 1446//1446 1447//1447
f 1448//1448 1449//1449 1450//1450
f 1451//1451 1452//1452 1453//1453
f 1454//1454 1455//1455 1456//1456
f 1457//1457 1458//1458 1459//1459
f 1460//1460 1461//1461 1462//1462
f 1463//1463 1464//1464 1465//1465
f 1466//1466 1467//1467 1468//1468
f 1469//1469 1463//1463 1465//1465
f 1470//1470 1461//1461 1460//1460
f 1471//1471 1463//1463 1469//1469
f 1472//1472 1473//1473 1474//1474
f 1475//1475 1470//1470 1460//1460
f 1476//1476 1470//1470 1475//1475
f 1472//1472 1477//1477 1473//1473
f 1478//1478 1466//1466 1468//1468
f 1478//1478 1477//1477 1472//1472
f 1471//1471 1469//1469 1467//1467
f 1478//1478 1468//1468 1477//1477
f 1479//1479 1476//1476 1475//1475
f 1480//1480 1479//1479 1475//1475
f 1474//1474 1473//1473 1481//1481
f 1464//1464 1479//1479 1480//1480
f 1465//1465 1464//1464 1480//1480
f 1466//1466 1471//1471 1467//1467
f 1482//1482 1483//1483 1484//1484
f 1485//1485 1486//1486 1487//1487
f 1488//1488 1489//1489 1490//1490
f 1491//1491 1492//1492 1493//1493
f 1494//1494 1495//1495 1496//1496
f 1497//1497 1498//1498 1499//1499
f 1500//1500 1501//1501 1502//1502
f 1503//1503 1504//1504 1505//1505
f 1506//1506 1507//1507 1508//1508
f 1509//1509 1510//1510 1511//1511
f 1512//1512 1513//1513 1514//1514
f 1515//1515 1516//1516 1517//1517
f 1518//1518 1519//1519 1520//1520
f 1521//1521 1522//1522 1523//1523
f 1524//1524 1525//1525 1526//1526
f 1527//1527 1528//1528 1529//1529
f 1530//1530 1531//1531 1532//1532
f 1533//1533 1534//1534 1535//1535
f 1536//1536 1537//1537 1538//1538
f 1539//1539 1540//1540 1541//1541
f 1542//1542 1543//1543 1544//1544
f 1545//1545 1546//1546 1547//1547
f 1548//1548 1549//1549 1550//1550
f 1547//1547 1546//1546 1551//1551
f 1548//1548 1550//1550 1552//1552
f 1551//1551 1553//1553 1554//1554
f 1546//1546 1553//1553 1551//1551
f 1555//1555 1549//1549 1548//1548
f 1543//1543 1556//1556 1544//1544
f 1550//1550 1557//1557 1552//1552
f 1552//1552 1557//1557 1558//1558
f 1555//1555 1559//1559 1549//1549
f 1545//1545 1560//1560 1546//1546
f 1544//1544 1556//1556 1561//1561
f 1562//1562 1559//1559 1555//1555
f 1556//1556 1563//1563 1561//1561
f 1557//1557 1564//1564 1558//1558
f 1565//1565 1560//1560 1545//1545
f 1565//1565 1566//1566 1560//1560
f 1562//1562 1567//1567 1559//1559
f 1558//1558 1564//1564 1568//1568
f 1561//1561 1563//1563 1569//1569
f 1569//1569 1566//1566 1565//1565
f 1563//1563 1570//1570 1569//1569
f 1569//1569 1570//1570 1566//1566
f 1571//1571 1567//1567 1562//1562
f 1564//1564 1572//1572 1568//1568
f 1571//1571 1573//1573 1567//1567
f 1574//1574 1573//1573 1571//1571
f 1572//1572 1575//1575 1568//1568
f 1568//1568 1575//1575 1576//1576
f 1574//1574 1577//1577 1573//1573
f 1578//1578 1577//1577 1574//1574
f 1576//1576 1575//1575 1579//1579
f 1575//1575 1580//1580 1579//1579
f 1578//1578 1581//1581 1577//1577
f 1580//1580 1582//1582 1579//1579
f 1583//1583 1582//1582 1580//1580
f 1578//1578 1584//1584 1581//1581
f 1583//1583 1585//1585 1582//1582
f 1581//1581 1584//1584 1586//1586
f 1587//1587 1585//1585 1583//1583
f 1584//1584 1588//1588 1586//1586
f 1587//1587 1551//1551 1585//1585
f 1586//1586 1588//1588 1542//1542
f 1547//1547 1551//1551 1587//1587
f 1588//1588 1543//1543 1542//1542
f 1589//1589 1590//1590 1591//1591
f 1592//1592 1593//1593 1594//1594
f 1595//1595 1596//1596 1597//1597
f 1598//1598 1599//1599 1600//1600
f 1601//1601 1602//1602 1603//1603
f 1604//1604 1605//1605 1606//1606
f 1607//1607 1608//1608 1609//1609
f 1610//1610 1611//1611 1612//1612
f 1613//1613 1614//1614 1615//1615
f 1616//1616 1613//1613 1615//1615
f 1617//1617 1618//1618 1619//1619
f 1620//1620 1621//1621 1622//1622
f 1623//1623 1624//1624 1625//1625
f 1626//1626 1627//1627 1628//1628
f 1629//1629 1630//1630 1631//1631
f 1632//1632 1633//1633 1634//1634
f 1635//1635 1636//1636 1637//1637
f 1638//1638 1639//1639 1640//1640
f 1641//1641 1642//1642 1643//1643
f 1644//1644 1645//1645 1646//1646
f 1647//1647 1648//1648 1649//1649
f 1650//1650 1651//1651 1652//1652
f 1653//1653 1654//1654 1655//1655
f 1656//1656 1657//1657 1658//1658
f 1659//1659 1660//1660 1661//1661
f 1662//1662 1663//1663 1664//1664
f 1665//1665 1666//1666 1667//1667
f 1668//1668 1669//1669 1670//1670
f 1671//1671 1672//1672 1673//1673
f 1674//1674 1675//1675 1676//1676
f 1677//1677 1678//1678 1679//1679
f 1680//1680 1681//1681 1682//1682
f 1683//1683 1684//1684 1685//1685
f 1686//1686 1687//1687 1688//1688
f 1686//1686 1688//1688 1689//1689
f 1690//1690 1691//1691 1692//1692
f 1693//1693 1691//1691 1690//1690
f 1694//1694 1695//1695 1696//1696
f 1694//1694 1696//1696 1697//1697
f 1693//1693 1686//1686 1689//1689
f 1693//1693 1689//1689 1691//1691
f 1698//1698 1696//1696 1695//1695
f 1698//1698 1699//1699 1696//1696
f 1700//1700 1694//1694 1697//1697
f 1701//1701 1699//1699 1698//1698
f 1700//1700 1697//1697 1702//1702
f 1701//1701 1703//1703 1699//1699
f 1704//1704 1700//1700 1702//1702
f 1705//1705 1703//1703 1701//1701
f 1704//1704 1702//1702 1706//1706
f 1705//1705 1707//1707 1703//1703
f 1708//1708 1707//1707 1705//1705
f 1709//1709 1704//1704 1706//1706
f 1710//1710 1709//1709 1706//1706
f 1708//1708 1711//1711 1707//1707
f 1712//1712 1711//1711 1708//1708
f 1713//1713 1709//1709 1710//1710
f 1714//1714 1711//1711 1712//1712
f 1715//1715 1713//1713 1710//1710
f 1716//1716 1714//1714 1712//1712
f 1717//1717 1713//1713 1715//1715
f 1718//1718 1716//1716 1719//1719
f 1718//1718 1714//1714 1716//1716
f 1720//1720 1717//1717 1715//1715
f 1720//1720 1721//1721 1717//1717
f 1722//1722 1718//1718 1719//1719
f 1722//1722 1719//1719 1723//1723
f 1724//1724 1721//1721 1720//1720
f 1724//1724 1725//1725 1721//1721
f 1690//1690 1725//1725 1724//1724
f 1687//1687 1726//1726 1688//1688
f 1690//1690 1692//1692 1725//1725
f 1727//1727 1728//1728 1729//1729
f 1730//1730 1731//1731 1732//1732
f 1733//1733 1734//1734 1735//1735
f 1736//1736 1737//1737 1738//1738
f 1739//1739 1740//1740 1741//1741
f 1742//1742 1743//1743 1744//1744
f 1745//1745 1746//1746 1747//1747
f 1748//1748 1749//1749 1750//1750
f 1751//1751 1752//1752 1753//1753
f 1754//1754 1755//1755 1756//1756
f 1757//1757 1758//1758 1759//1759
f 1760//1760 1761//1761 1762//1762
f 1763//1763 1764//1764 1765//1765
f 1766//1766 1767//1767 1768//1768
f 1769//1769 1770//1770 1771//1771
f 1772//1772 1773//1773 1774//1774
f 1775//1775 1776//1776 1777//1777
f 1778//1778 1779//1779 1780//1780
f 1781//1781 1782//1782 1783//1783
f 1784//1784 1785//1785 1786//1786
f 1787//1787 1788//1788 1789//1789
f 1790//1790 1791//1791 1792//1792
f 1793//1793 1794//1794 1795//1795
f 1796//1796 1797//1797 1798//1798
f 1799//1799 1800//1800 1801//1801
f 1802//1802 1803//1803 1804//1804
f 1805//1805 1806//1806 1807//1807
f 1808//1808 1809//1809 1810//1810
f 1811//1811 1812//1812 1813//1813
f 1814//1814 1815//1815 1816//1816
f 1817//1817 1818//1818 1819//1819
f 1820//1820 1821//1821 1822//1822
f 1823//1823 1824//1824 1825//1825
f 1826//1826 1827//1827 1828//1828
f 1829//1829 1830//1830 1831//1831
f 1832//1832 1833//1833 1834//1834
f 1835//1835 1836//1836 1837//1837
f 1838//1838 1839//1839 1840//1840
f 1841//1841 1842//1842 1843//1843
f 1844//1844 1845//1845 1846//1846
f 1847//1847 1848//1848 1849//1849
f 1850//1850 1851//1851 1852//1852
f 1853//1853 1854//1854 1855//1855
f 1856//1856 1857//1857 1858//1858
f 1859//1859 1860//1860 1861//1861
f 1862//1862 1863//1863 1864//1864
f 1865//1865 1866//1866 1867//1867
f 1868//1868 1869//1869 1870//1870
f 1871//1871 1872//1872 1873//1873
f 1874//1874 1875//1875 1876//1876
f 1877//1877 1878//1878 1879//1879
f 1880//1880 1881//1881 1882//1882
f 1883//1883 1884//1884 1885//1885
f 1886//1886 1887//1887 1888//1888
f 1889//1889 1890//1890 1891//1891
f 1892//1892 1893//1893 1894//1894
f 1895//1895 1896//1896 1897//1897
f 1898//1898 1899//1899 1900//1900
f 1901//1901 1902//1902 1903//1903
f 1904//1904 1905//1905 1906//1906
f 1907//1907 1908//1908 1909//1909
f 1910//1910 1911//1911 1912//1912
f 1913//1913 1914//1914 1915//1915
f 1916//1916 1917//1917 1918//1918
f 1919//1919 1920//1920 1921//1921
f 1922//1922 1923//1923 1924//1924
f 1925//1925 1926//1926 1927//1927
f 1928//1928 1929//1929 1930//1930
f 1931//1931 1932//1932 1933//1933
f 1934//1934 1935//1935 1936//1936
f 1937//1937 1938//1938 1939//1939
f 1940//1940 1941//1941 1942//1942
f 1943//1943 1944//1944 1945//1945
f 1946//1946 1947//1947 1948//1948
f 1949//1949 1950//1950 1951//1951
f 1952//1952 1953//1953 1954//1954
f 1955//1955 1956//1956 1957//1957
f 1958//1958 1959//1959 1960//1960
f 1961//1961 1962//1962 1963//1963
f 1964//1964 1965//1965 1966//1966
f 1967//1967 1968//1968 1969//1969
f 1970//1970 1971//1971 1972//1972
f 1973//1973 1974//1974 1975//1975
f 1976//1976 1977//1977 1978//1978
f 1979//1979 1980//1980 1981//1981
f 1982//1982 1983//1983 1984//1984
f 1985//1985 1986//1986 1987//1987
f 1988//1988 1989//1989 1990//1990
f 1991//1991 1992//1992 1993//1993
f 1994//1994 1995//1995 1996//1996
f 1997//1997 1998//1998 1999//1999
f 2000//2000 2001//2001 2002//2002
f 2003//2003 2004//2004 2005//2005
f 2006//2006 2007//2007 2008//2008
f 2009//2009 2010//2010 2011//2011
f 2012//2012 2013//2013 2014//2014
f 2015//2015 2016//2016 2017//2017
f 2018//2018 2019//2019 2020//2020
f 2021//2021 2022//2022 2023//2023
f 2024//2024 2025//2025 2026//2026
f 2027//2027 2028//2028 2029//2029
f 2030//2030 2031//2031 2032//2032
f 2033//2033 2034//2034 2035//2035
f 2036//2036 2037//2037 2038//2038
f 2039//2039 2040//2040 2041//2041
f 2042//2042 2043//2043 2044//2044
f 2045//2045 2046//2046 2047//2047
f 2048//2048 2049//2049 2050//2050
f 2051//2051 2052//2052 2053//2053
f 2054//2054 2055//2055 2056//2056
f 2057//2057 2058//2058 2059//2059
f 2060//2060 2061//2061 2062//2062
f 2063//2063 2064//2064 2065//2065
f 2066//2066 2067//2067 2068//2068
f 2069//2069 2070//2070 2071//2071
f 2072//2072 2073//2073 2074//2074
f 2075//2075 2076//2076 2077//2077
f 2078//2078 2079//2079 2080//2080
f 2081//2081 2082//2082 2083//2083
f 2084//2084 2085//2085 2086//2086
f 2087//2087 2088//2088 2089//2089
f 2090//2090 2091//2091 2092//2092
f 2093//2093 2094//2094 2095//2095
f 2096//2096 2097//2097 2098//2098
f 2099//2099 2100//2100 2101//2101
f 2102//2102 2103//2103 2104//2104
f 2105//2105 2106//2106 2107//2107
f 2108//2108 2109//2109 2110//2110
f 2111//2111 2112//2112 2113//2113
f 2114//2114 2115//2115 2116//2116
f 2117//2117 2118//2118 2119//2119
f 2120//2120 2121//2121 2122//2122
f 2123//2123 2124//2124 2125//2125
f 2126//2126 2127//2127 2128//2128
f 2129//2129 2130//2130 2131//2131
f 2132//2132 2133//2133 2134//2134
f 2135//2135 2136//2136 2137//2137
f 2138//2138 2139//2139 2140//2140
f 2141//2141 2142//2142 2143//2143
f 2144//2144 2145//2145 2146//2146
f 2147//2147 2148//2148 2149//2149
f 2150//2150 2151//2151 2152//2152
f 2153//2153 2154//2154 2155//2155
f 2156//2156 2157//2157 2158//2158
f 2159//2159 2160//2160 2161//2161
f 2162//2162 2163//2163 2164//2164
f 2165//2165 2166//2166 2167//2167
f 2168//2168 2169//2169 2170//2170

